Data set,Source,Predation or Parasitism,Dim,Field?,Habitat,Fresh or marine (fish only),Predator cellularity,Vert/invert,Major grouping 1,Major grouping 2,Predator scientific name,Predator type,Prey cellularity,Vert/invert,Major grouping 1,Major grouping 2,Prey,Prey scientific name,Prey type,Data type,Prey replaced?,Hours starved,Temp (C ),Interference,Pred per arena,2D Arena size (cm2 for arena bottom),3D arena size (cm3 of arena volume),Predator mass (mg),Predator mass source code,Predator mass regression code,Prey mass (mg),Prey mass source code,Prey mass regression code,Units of a,Data set,Mean R2 of fits,Fitted a (median of BS samples),CI a low,CI a hi,Fittted h (day),CI h low,CI h hi,Number of bootstraps,Notes 1,Notes 2
1,Soluk 1993 ECOLOGY,Pred,2.50,,Aquatic,,Metazoan,Invertebrate,Insect,Perlidae,Agnetina capitata,Larva,Metazoan,Invertebrate,Insect,Baetidae,Mayfly,Baetis tricaudatus,Larva,Mean,N,24,,,1,1900.00,,6.88E+01,Original length,Order,4.96E+00,Alternate species length,Order,m^2.5 per pred per day,1,0.33,3.20E-02,1.63E-02,5.97E-02,2.05E-02,1.07E-02,3.11E-02,200,,
2,Soluk 1993 ECOLOGY,Pred,2.50,,Aquatic,,Metazoan,Invertebrate,Insect,Perlidae,Agnetina capitata,Larva,Metazoan,Invertebrate,Insect,Ephemerellidae,Mayfly,Ephemerella subvaria,Larva,Mean,N,24,,,1,1900.00,,6.88E+01,Original length,Order,6.66E+00,Alternate species length,Order,m^2.5 per pred per day,2,0.26,8.74E-03,3.67E-03,3.61E-02,5.84E-02,5.45E-03,1.22E-01,200,,
3,Hassanpour et al 2010 INS SCI,Pred,2.00,,Terrestrial,,Metazoan,Invertebrate,Insect,Neuroptera,Chrysoperla carnea,1st instar,Metazoan,Invertebrate,Insect,Lepidoptera,Cotton bollworm,Helicoverpa armigera,Egg,Raw data,N,12,26.0,,1,19.63,,4.61E-03,Alternate species length,Family,2.05E-03,Alternate species length,Family,m^2 per pred per day,3,0.96,1.01E-02,8.91E-03,1.13E-02,2.35E-02,1.87E-02,2.72E-02,200,,
4,Hassanpour et al 2010 INS SCI,Pred,2.00,,Terrestrial,,Metazoan,Invertebrate,Insect,Neuroptera,Chrysoperla carnea,2nd instar,Metazoan,Invertebrate,Insect,Lepidoptera,Cotton bollworm,Helicoverpa armigera,Egg,Raw data,N,12,26.0,,1,19.63,,1.70E+01,% adult mass,,2.05E-03,Alternate species length,Family,m^2 per pred per day,4,0.94,9.22E-03,7.49E-03,1.10E-02,5.59E-03,3.96E-03,6.72E-03,200,,
5,Hassanpour et al 2010 INS SCI,Pred,2.00,,Terrestrial,,Metazoan,Invertebrate,Insect,Neuroptera,Chrysoperla carnea,1st instar,Metazoan,Invertebrate,Insect,Lepidoptera,Cotton bollworm,Helicoverpa armigera,1st instar,Raw data,N,12,26.0, ,1,19.63,,4.61E-03,Alternate species length,Family,9.42E-03,% adult mass,,m^2 per pred per day,5,0.86,8.13E-03,5.81E-03,1.10E-02,2.41E-02,1.75E-02,3.15E-02,200,,
6,Hassanpour et al 2010 INS SCI,Pred,2.00,,Terrestrial,,Metazoan,Invertebrate,Insect,Neuroptera,Chrysoperla carnea,2nd instar,Metazoan,Invertebrate,Insect,Lepidoptera,Cotton bollworm,Helicoverpa armigera,1st instar,Raw data,N,12,26.0,,1,19.63,,1.70E+01,% adult mass,,9.42E-03,% adult mass,,m^2 per pred per day,6,0.95,1.21E-02,1.03E-02,1.43E-02,7.52E-03,6.63E-03,8.14E-03,200,,
7,Parajulee 2006 ENVIRON ENTOMOL,Pred,2.00,,Terrestrial,,Metazoan,Invertebrate,Insect,Neuroptera,Chrysopa oculata,2nd and 3rd instar,Metazoan,Invertebrate,Insect,Lepidoptera,Corn earworm/Cotton bollworm,Helicoverpa zea,Egg,Mean,N,,29.0,,1,78.54,,2.05E+01,% adult mass,,2.68E-03,Alternate species length,Family,m^2 per pred per day,7,0.83,2.35E-02,1.84E-02,2.96E-02,9.76E-03,8.09E-03,1.31E-02,200,,
8,Parajulee 2006 ENVIRON ENTOMOL,Pred,2.00,,Terrestrial,,Metazoan,Invertebrate,Insect,Hemiptera,Geocoris punctipes,Adult,Metazoan,Invertebrate,Insect,Lepidoptera,Corn earworm/Cotton bollworm,Helicoverpa zea,Egg,Mean,N,,29.0,,1,78.54,,1.69E+00,Alternate species length,Order,2.68E-03,Alternate species length,Family,m^2 per pred per day,8,0.70,1.80E-02,1.19E-02,2.49E-02,9.80E-03,4.93E-03,1.52E-02,200,,
9,Enkegaard et al 2001 ENTO EXP APPL,Pred,2.00,,Terrestrial,,Metazoan,Invertebrate,Insect,Hemiptera,Macrolophus caliginosus,Adult female,Metazoan,Invertebrate,Insect,Hemiptera,Greenhouse whitefly,Trialeurodes vaporariorum,1st instar,Mean,N,23,22.0,,1,58.15,,2.24E+00,Alternate species length,Family,4.12E-04,Alternate species length,Order,m^2 per pred per day,9,0.60,5.31E-03,4.25E-03,7.28E-03,7.33E-04,4.85E-10,5.64E-03,200,,
10,Sepulveda and Carrillo 2008 REV BIO TROP,Pred,2.00,,Terrestrial,,Metazoan,Invertebrate,Arachnid,Mite,Chileseius camposi,Adult,Metazoan,Invertebrate,Arachnid,Mite,European red mite,Panonychus ulmi,Adult female,Mean,N,24,20.0,,1,3.14,,6.13E-02,Alternate order mass,,2.53E-02,Alternate species length,Class,m^2 per pred per day,10,0.33,2.24E-04,1.38E-04,3.42E-04,1.14E-01,6.23E-02,1.67E-01,200,,
11,Hoque et al 2010 UNIV J ZOOL,Pred,2.00,,Terrestrial,,Metazoan,Invertebrate,Arachnid,Mite,Phytoseiulus persimilis,Adult female,Metazoan,Invertebrate,Arachnid,Mite,Red spider mite,Tetranychus urticae,Egg,Mean,N,,,,1,113.10,,6.66E-02,Alternate species length,Class,2.11E-03,Alternate species length,Class,m^2 per pred per day,11,0.75,7.35E-03,6.22E-03,8.82E-03,3.85E-02,3.25E-02,4.48E-02,200,24 hr trial,
12,Hoque et al 2010 UNIV J ZOOL,Pred,2.00,,Terrestrial,,Metazoan,Invertebrate,Arachnid,Mite,Phytoseiulus persimilis,Adult female,Metazoan,Invertebrate,Arachnid,Mite,Red spider mite,Tetranychus urticae,Larva,Mean,N,,,,1,113.10,,6.66E-02,Alternate species length,Class,,,,m^2 per pred per day,12,0.79,2.54E-03,2.18E-03,3.08E-03,2.50E-02,8.72E-03,4.32E-02,200,24 hr trial,
13,Hoque et al 2010 UNIV J ZOOL,Pred,2.00,,Terrestrial,,Metazoan,Invertebrate,Arachnid,Mite,Phytoseiulus persimilis,Adult female,Metazoan,Invertebrate,Arachnid,Mite,Red spider mite,Tetranychus urticae,Nymph,Mean,N,,,,1,113.10,,6.66E-02,Alternate species length,Class,,,,m^2 per pred per day,13,0.75,2.86E-03,2.33E-03,3.69E-03,4.03E-02,2.07E-02,5.89E-02,200,24 hr trial,
14,Hoque et al 2010 UNIV J ZOOL,Pred,2.00,,Terrestrial,,Metazoan,Invertebrate,Arachnid,Mite,Phytoseiulus persimilis,Adult female,Metazoan,Invertebrate,Arachnid,Mite,Red spider mite,Tetranychus urticae,Adult male,Mean,N,,,,1,113.10,,6.66E-02,Alternate species length,Class,6.66E-02,Alternate species length,Class,m^2 per pred per day,14,0.60,3.35E-03,2.59E-03,4.52E-03,7.61E-02,5.27E-02,9.91E-02,200,24 hr trial,
15,Hoque et al 2010 UNIV J ZOOL,Pred,2.00,,Terrestrial,,Metazoan,Invertebrate,Arachnid,Mite,Phytoseiulus persimilis,Adult female,Metazoan,Invertebrate,Arachnid,Mite,Red spider mite,Tetranychus urticae,Adult female,Mean,N,,,,1,113.10,,6.66E-02,Alternate species length,Class,7.03E-02,Alternate species length,Class,m^2 per pred per day,15,0.35,1.12E-03,7.44E-04,1.92E-03,1.97E-01,7.80E-02,3.25E-01,200,24 hr trial,
16,Hoque et al 2010 UNIV J ZOOL,Pred,2.00,,Terrestrial,,Metazoan,Invertebrate,Arachnid,Mite,Phytoseiulus persimilis,Adult female,Metazoan,Invertebrate,Arachnid,Mite,Red spider mite,Tetranychus urticae,Egg,Mean,N,,,,1,113.10,,6.66E-02,Alternate species length,Class,2.11E-03,Alternate species length,Class,m^2 per pred per day,16,0.71,4.36E-03,3.63E-03,5.35E-03,5.71E-02,4.11E-02,7.06E-02,200,48 hr trial,
17,Hoque et al 2010 UNIV J ZOOL,Pred,2.00,,Terrestrial,,Metazoan,Invertebrate,Arachnid,Mite,Phytoseiulus persimilis,Adult female,Metazoan,Invertebrate,Arachnid,Mite,Red spider mite,Tetranychus urticae,Larva,Mean,N,,,,1,113.10,,6.66E-02,Alternate species length,Class,,,,m^2 per pred per day,17,0.77,2.35E-03,1.92E-03,2.85E-03,2.54E-02,7.23E-12,4.80E-02,200,48 hr trial,
18,Hoque et al 2010 UNIV J ZOOL,Pred,2.00,,Terrestrial,,Metazoan,Invertebrate,Arachnid,Mite,Phytoseiulus persimilis,Adult female,Metazoan,Invertebrate,Arachnid,Mite,Red spider mite,Tetranychus urticae,Nymph,Mean,N,,,,1,113.10,,6.66E-02,Alternate species length,Class,,,,m^2 per pred per day,18,0.72,2.43E-03,1.90E-03,2.89E-03,7.36E-02,4.31E-02,9.95E-02,200,48 hr trial,
19,Hoque et al 2010 UNIV J ZOOL,Pred,2.00,,Terrestrial,,Metazoan,Invertebrate,Arachnid,Mite,Phytoseiulus persimilis,Adult female,Metazoan,Invertebrate,Arachnid,Mite,Red spider mite,Tetranychus urticae,Adult male,Mean,N,,,,1,113.10,,6.66E-02,Alternate species length,Class,6.66E-02,Alternate species length,Class,m^2 per pred per day,19,0.75,1.60E-03,1.31E-03,2.06E-03,8.62E-02,5.48E-02,1.19E-01,200,48 hr trial,
20,Hoque et al 2010 UNIV J ZOOL,Pred,2.00,,Terrestrial,,Metazoan,Invertebrate,Arachnid,Mite,Phytoseiulus persimilis,Adult female,Metazoan,Invertebrate,Arachnid,Mite,Red spider mite,Tetranychus urticae,Adult female,Mean,N,,,,1,113.10,,6.66E-02,Alternate species length,Class,7.03E-02,Alternate species length,Class,m^2 per pred per day,20,0.44,7.03E-04,4.31E-04,1.05E-03,2.81E-01,4.14E-02,4.34E-01,200,48 hr trial,
21,Hoque et al 2010 UNIV J ZOOL,Pred,2.00,,Terrestrial,,Metazoan,Invertebrate,Arachnid,Mite,Phytoseiulus persimilis,Adult female,Metazoan,Invertebrate,Arachnid,Mite,Red spider mite,Tetranychus urticae,Adult female,Mean,N,,20.0,,1,113.10,,6.66E-02,Alternate species length,Class,7.03E-02,Alternate species length,Class,m^2 per pred per day,21,0.41,1.10E-03,7.65E-04,1.75E-03,1.40E-01,3.23E-02,2.64E-01,200,,
22,Hoque et al 2010 UNIV J ZOOL,Pred,2.00,,Terrestrial,,Metazoan,Invertebrate,Arachnid,Mite,Phytoseiulus persimilis,Adult female,Metazoan,Invertebrate,Arachnid,Mite,Red spider mite,Tetranychus urticae,Adult female,Mean,N,,25.0,,1,113.10,,6.66E-02,Alternate species length,Class,7.03E-02,Alternate species length,Class,m^2 per pred per day,22,0.43,1.70E-03,1.03E-03,3.22E-03,1.32E-01,4.04E-02,2.15E-01,200,,
23,Hoque et al 2010 UNIV J ZOOL,Pred,2.00,,Terrestrial,,Metazoan,Invertebrate,Arachnid,Mite,Phytoseiulus persimilis,Adult female,Metazoan,Invertebrate,Arachnid,Mite,Red spider mite,Tetranychus urticae,Adult female,Mean,N,,30.0,,1,113.10,,6.66E-02,Alternate species length,Class,7.03E-02,Alternate species length,Class,m^2 per pred per day,23,0.49,2.46E-03,1.71E-03,3.62E-03,1.28E-01,8.32E-02,1.73E-01,200,,
24,Hoque et al 2010 UNIV J ZOOL,Pred,2.00,,Terrestrial,,Metazoan,Invertebrate,Arachnid,Mite,Phytoseiulus persimilis,Adult female,Metazoan,Invertebrate,Arachnid,Mite,Red spider mite,Tetranychus urticae,Adult female,Mean,N,,35.0,,1,113.10,,6.66E-02,Alternate species length,Class,7.03E-02,Alternate species length,Class,m^2 per pred per day,24,0.47,2.22E-03,1.54E-03,3.55E-03,1.10E-01,5.40E-02,1.65E-01,200,,
25,El-Basha et al 2012 J ENTOMOL,Pred,2.00,,Terrestrial,,Metazoan,Invertebrate,Insect,Hemiptera,Orius albidipennis,4th instar,Metazoan,Invertebrate,Arachnid,Mite,Red spider mite,Tetranychus urticae,Egg,Mean,N,24,26.0,,1,1.77,,2.33E-01,% adult mass,,2.11E-03,Alternate species length,Class,m^2 per pred per day,25,0.24,1.82E-04,1.13E-04,3.48E-04,1.72E-02,8.40E-03,2.55E-02,200,,
26,El-Basha et al 2012 J ENTOMOL,Pred,2.00,,Terrestrial,,Metazoan,Invertebrate,Insect,Hemiptera,Orius albidipennis,5th instar,Metazoan,Invertebrate,Arachnid,Mite,Red spider mite,Tetranychus urticae,Egg,Mean,N,24,26.0,,1,1.77,,,,,2.11E-03,Alternate species length,Class,m^2 per pred per day,26,0.25,2.05E-04,1.34E-04,3.10E-04,1.46E-02,7.42E-03,2.09E-02,200,,
27,El-Basha et al 2012 J ENTOMOL,Pred,2.00,,Terrestrial,,Metazoan,Invertebrate,Insect,Hemiptera,Orius albidipennis,Adult male,Metazoan,Invertebrate,Arachnid,Mite,Red spider mite,Tetranychus urticae,Egg,Mean,N,24,26.0,,1,1.77,,3.66E-01,Average genus mass,,2.11E-03,Alternate species length,Class,m^2 per pred per day,27,0.29,1.48E-04,9.89E-05,2.57E-04,1.55E-02,4.23E-03,2.58E-02,200,,
28,El-Basha et al 2012 J ENTOMOL,Pred,2.00,,Terrestrial,,Metazoan,Invertebrate,Insect,Hemiptera,Orius albidipennis,Adult female,Metazoan,Invertebrate,Arachnid,Mite,Red spider mite,Tetranychus urticae,Egg,Mean,N,24,26.0,,1,1.77,,3.66E-01,Average genus mass,,2.11E-03,Alternate species length,Class,m^2 per pred per day,28,0.25,2.40E-04,1.58E-04,4.26E-04,1.34E-02,7.27E-03,1.97E-02,200,,
29,Rocha and Redaelli 2004 BRAZ J BIOL,Pred,2.50,,Terrestrial,,Metazoan,Invertebrate,Insect,Hemiptera,Cosmoclopius nigroannulatus,Adult female (newly emerged),Metazoan,Invertebrate,Insect,Hemiptera,,Spartocera dentiventris,1st instar,Raw data,N,,27.0,,1,132.73,1194.59,4.01E+02,Alternate family length,Order,2.37E+00,% adult mass,,m^2.5 per pred per day,29,0.44,5.21E-03,3.84E-03,7.85E-03,6.87E-02,5.21E-02,8.86E-02,200,,
30,Rocha and Redaelli 2004 BRAZ J BIOL,Pred,2.50,,Terrestrial,,Metazoan,Invertebrate,Insect,Hemiptera,Cosmoclopius nigroannulatus,Adult male (newly emerged),Metazoan,Invertebrate,Insect,Hemiptera,,Spartocera dentiventris,1st instar,Raw data,N,,27.0,,1,132.73,1194.59,4.01E+02,Alternate family length,Order,2.37E+00,% adult mass,,m^2.5 per pred per day,30,0.39,2.85E-03,1.50E-03,4.89E-03,1.05E-01,3.88E-02,1.48E-01,200,,
31,DeBlois and Leggett 1991 MAR ECOL PROG SER,Pred,3.00,,Aquatic,,Metazoan,Invertebrate,Crustacean,Amphipod,Calliopius laeviusculus,Adult?,Metazoan,Vertebrate,Fish,Osmeridae,Capelin,Mallotus villosus,Egg,Raw data,N,24,14.5,,,,1000.00,1.09E+01,Alternate species length,Order,,,,m^3 per pred per day,31,0.82,1.73E-06,1.20E-06,2.28E-06,2.03E-02,8.89E-03,2.79E-02,200,,
32,DeBlois and Leggett 1991 MAR ECOL PROG SER,Pred,3.00,,Aquatic,,Metazoan,Invertebrate,Crustacean,Amphipod,Calliopius laeviusculus,Adult?,Metazoan,Vertebrate,Fish,Osmeridae,Capelin,Mallotus villosus,Egg,Raw data,N,24,7.5,,,,1000.00,1.09E+01,Alternate species length,Order,,,,m^3 per pred per day,32,0.59,2.42E-06,1.39E-06,3.55E-06,2.99E-02,1.95E-02,4.18E-02,200,,
33,DeBlois and Leggett 1991 MAR ECOL PROG SER,Pred,3.00,,Aquatic,,Metazoan,Invertebrate,Crustacean,Amphipod,Calliopius laeviusculus,Adult?,Metazoan,Vertebrate,Fish,Osmeridae,Capelin,Mallotus villosus,Egg,Raw data,N,24,7.5,,,,1000.00,1.09E+01,Alternate species length,Order,,,,m^3 per pred per day,33,0.84,7.80E-07,5.93E-07,9.92E-07,6.90E-02,5.87E-02,8.08E-02,200,,
34,Thompson 1978 J ANIM ECOL,Pred,3.00,,Aquatic,,Metazoan,Invertebrate,Insect,Odonata,Ischnura elegans,larva,Metazoan,Invertebrate,Crustacean,Cladoceran,,Daphnia,,Mean,N,48,5.0,,1,,75.00,5.47E+01,Average species mass,,4.39E-01,Average genus mass,,m^3 per pred per day,34,0.19,5.05E-05,1.51E-05,2.06E-04,9.63E-02,4.78E-10,2.10E-01,200,,
35,Thompson 1978 J ANIM ECOL,Pred,3.00,,Aquatic,,Metazoan,Invertebrate,Insect,Odonata,Ischnura elegans,larva,Metazoan,Invertebrate,Crustacean,Cladoceran,,Daphnia,,Mean,N,48,8.0,,1,,75.00,5.47E+01,Average species mass,,4.39E-01,Average genus mass,,m^3 per pred per day,35,0.31,6.40E-05,2.52E-05,1.96E-04,5.09E-02,5.00E-03,8.13E-02,200,,
36,Thompson 1978 J ANIM ECOL,Pred,3.00,,Aquatic,,Metazoan,Invertebrate,Insect,Odonata,Ischnura elegans,larva,Metazoan,Invertebrate,Crustacean,Cladoceran,,Daphnia,,Mean,N,48,12.0,,1,,75.00,5.47E+01,Average species mass,,4.39E-01,Average genus mass,,m^3 per pred per day,36,0.28,9.32E-05,3.43E-05,2.41E-04,3.65E-02,3.25E-03,6.03E-02,200,,
37,Thompson 1978 J ANIM ECOL,Pred,3.00,,Aquatic,,Metazoan,Invertebrate,Insect,Odonata,Ischnura elegans,larva,Metazoan,Invertebrate,Crustacean,Cladoceran,,Daphnia,,Mean,N,48,16.0,,1,,75.00,5.47E+01,Average species mass,,4.39E-01,Average genus mass,,m^3 per pred per day,37,0.41,1.26E-04,7.65E-05,1.93E-04,2.19E-02,1.50E-02,3.10E-02,200,,
38,Thompson 1978 J ANIM ECOL,Pred,3.00,,Aquatic,,Metazoan,Invertebrate,Insect,Odonata,Ischnura elegans,larva,Metazoan,Invertebrate,Crustacean,Cladoceran,,Daphnia,,Mean,N,48,20.0,,1,,75.00,5.47E+01,Average species mass,,4.39E-01,Average genus mass,,m^3 per pred per day,38,0.27,1.55E-04,9.34E-05,2.74E-04,2.62E-02,1.79E-02,3.57E-02,200,,
39,Thompson 1978 J ANIM ECOL,Pred,3.00,,Aquatic,,Metazoan,Invertebrate,Insect,Odonata,Ischnura elegans,larva,Metazoan,Invertebrate,Crustacean,Cladoceran,,Daphnia,,Mean,N,48,27.0,,1,,75.00,5.47E+01,Average species mass,,4.39E-01,Average genus mass,,m^3 per pred per day,39,0.33,1.34E-04,7.30E-05,2.72E-04,2.16E-02,1.30E-02,3.00E-02,200,,
40,Zhang et al 2012 EUR J ENTOMOL,Pred,2.00,,Terrestrial,,Metazoan,Invertebrate,Insect,Hemiptera,Orius similis,Adult female,Metazoan,Invertebrate,Arachnid,Mite,Spider mite,Tetranychus cinnabarinus,3rd or 4th instar,Mean,N,24,25.0,,1,63.62,,3.66E-01,Average species mass,,,,,m^2 per pred per day,40,0.50,7.81E-03,5.78E-03,1.07E-02,3.10E-02,2.01E-02,4.11E-02,200,,
41,Zhang et al 2012 EUR J ENTOMOL,Pred,2.00,,Terrestrial,,Metazoan,Invertebrate,Insect,Hemiptera,Orius similis,Adult female,Metazoan,Invertebrate,Arachnid,Mite,Spider mite,Tetranychus cinnabarinus,3rd or 4th instar,Mean,N,24,28.0,,1,63.62,,3.66E-01,Average species mass,,,,,m^2 per pred per day,41,0.69,7.36E-03,5.85E-03,9.05E-03,1.55E-02,9.32E-03,2.14E-02,200,,
42,Zhang et al 2012 EUR J ENTOMOL,Pred,2.00,,Terrestrial,,Metazoan,Invertebrate,Insect,Hemiptera,Orius similis,Adult female,Metazoan,Invertebrate,Arachnid,Mite,Spider mite,Tetranychus cinnabarinus,3rd or 4th instar,Mean,N,24,31.0,,1,63.62,,3.66E-01,Average species mass,,,,,m^2 per pred per day,42,0.62,8.07E-03,6.03E-03,1.15E-02,1.92E-02,1.02E-02,2.79E-02,200,,
43,Tellez et al 2009 EUR J ENTOMOL,Pred,2.00,,Terrestrial,,Metazoan,Invertebrate,Insect,Diptera,Coenosia attenuata,Adult female,Metazoan,Invertebrate,Insect,Diptera,Sciarid fly,Bradysia sp.,Adult,Mean,N,24,25.0,,1,50.30,,1.57E+00,Alternate genus length,Order,1.30E+00,Original length,Order,m^2 per pred per day,43,0.74,3.13E-03,2.59E-03,3.80E-03,4.26E-02,3.42E-02,5.39E-02,200,,
44,Tellez et al 2009 EUR J ENTOMOL,Pred,2.00,,Terrestrial,,Metazoan,Invertebrate,Insect,Diptera,Coenosia attenuata,Adult female,Metazoan,Invertebrate,Insect,Diptera,American serptentine leafminer,Liriomyza trifolii,Adult,Mean,N,24,25.0,,1,50.30,,1.57E+00,Alternate genus length,Order,5.39E-01,Original length,Order,m^2 per pred per day,44,0.75,4.62E-03,3.78E-03,5.42E-03,3.48E-02,2.67E-02,4.16E-02,200,,
45,Tellez et al 2009 EUR J ENTOMOL,Pred,2.00,,Terrestrial,,Metazoan,Invertebrate,Insect,Diptera,Coenosia attenuata,Adult female,Metazoan,Invertebrate,Insect,Hemiptera,Tobacco whitefly,Bemisia tabaci,Adult,Mean,N,24,25.0,,1,50.30,,1.57E+00,Alternate genus length,Order,2.79E-02,Alternate species length,Order,m^2 per pred per day,45,0.72,4.19E-03,3.79E-03,5.07E-03,3.23E-03,3.80E-14,1.38E-02,200,,
46,Sahayaraj et al 2015 EUR J ENTOMOL,Pred,2.00,,Terrestrial,,Metazoan,Invertebrate,Insect,Hemiptera,Rhynocoris kumarii,1st instar,Metazoan,Invertebrate,Insect,Hemiptera,Cotton mealy bug,Phenacoccus solenopsis,3rd instar,Mean,N,12,28.0,,1,16.00,,2.21E+00,% adult mass,,1.37E-01,Alternate species length,Order,m^2 per pred per day,46,0.02,6.94E-03,1.54E-03,9.94E-02,7.96E-01,4.91E-01,1.07E+00,200,,
47,Sahayaraj et al 2015 EUR J ENTOMOL,Pred,2.00,,Terrestrial,,Metazoan,Invertebrate,Insect,Hemiptera,Rhynocoris kumarii,2nd instar,Metazoan,Invertebrate,Insect,Hemiptera,Cotton mealy bug,Phenacoccus solenopsis,3rd instar,Mean,N,12,28.0,,1,16.00,,7.32E+01,% adult mass,,1.37E-01,Alternate species length,Order,m^2 per pred per day,47,0.04,9.96E-03,2.67E-03,1.54E-01,3.90E-01,2.75E-01,5.05E-01,200,,
48,Sahayaraj et al 2015 EUR J ENTOMOL,Pred,2.00,,Terrestrial,,Metazoan,Invertebrate,Insect,Hemiptera,Rhynocoris kumarii,3rd instar,Metazoan,Invertebrate,Insect,Hemiptera,Cotton mealy bug,Phenacoccus solenopsis,3rd instar,Mean,N,12,28.0,,1,16.00,,9.31E+01,% adult mass,,1.37E-01,Alternate species length,Order,m^2 per pred per day,48,0.27,3.49E-03,1.76E-03,7.98E-03,1.43E-01,6.83E-02,2.12E-01,200,,
49,Sahayaraj et al 2015 EUR J ENTOMOL,Pred,2.00,,Terrestrial,,Metazoan,Invertebrate,Insect,Hemiptera,Rhynocoris kumarii,4th instar,Metazoan,Invertebrate,Insect,Hemiptera,Cotton mealy bug,Phenacoccus solenopsis,3rd instar,Mean,N,12,28.0,,1,16.00,,3.28E+02,% adult mass,,1.37E-01,Alternate species length,Order,m^2 per pred per day,49,0.15,5.10E-03,2.57E-03,1.77E-02,2.47E-01,1.75E-01,3.27E-01,200,,
50,Sahayaraj et al 2015 EUR J ENTOMOL,Pred,2.00,,Terrestrial,,Metazoan,Invertebrate,Insect,Hemiptera,Rhynocoris kumarii,5th instar,Metazoan,Invertebrate,Insect,Hemiptera,Cotton mealy bug,Phenacoccus solenopsis,3rd instar,Mean,N,12,28.0,,1,16.00,,,,,1.37E-01,Alternate species length,Order,m^2 per pred per day,50,0.22,2.04E-03,1.04E-03,9.17E-03,1.07E-01,4.47E-10,2.66E-01,200,,
51,Sahayaraj et al 2015 EUR J ENTOMOL,Pred,2.00,,Terrestrial,,Metazoan,Invertebrate,Insect,Hemiptera,Rhynocoris kumarii,Adult male,Metazoan,Invertebrate,Insect,Hemiptera,Cotton mealy bug,Phenacoccus solenopsis,3rd instar,Mean,N,12,28.0,,1,16.00,,4.01E+02,Alternate family length,Order,1.37E-01,Alternate species length,Order,m^2 per pred per day,51,0.24,2.03E-03,8.92E-04,4.35E-03,4.08E-01,2.24E-01,5.32E-01,200,,
52,Sahayaraj et al 2015 EUR J ENTOMOL,Pred,2.00,,Terrestrial,,Metazoan,Invertebrate,Insect,Hemiptera,Rhynocoris kumarii,Adult female,Metazoan,Invertebrate,Insect,Hemiptera,Cotton mealy bug,Phenacoccus solenopsis,3rd instar,Mean,N,12,28.0,,1,16.00,,4.01E+02,Alternate family length,Order,1.37E-01,Alternate species length,Order,m^2 per pred per day,52,0.09,3.41E-03,1.64E-03,8.72E-03,8.08E-01,6.93E-01,9.58E-01,200,,
53,Queiroz et al 2015 ENVIRON ENTOMOL,Pred,2.00,,Terrestrial,,Metazoan,Invertebrate,Insect,Hemiptera,Amphiareus constrictus,Adult (<5d old),Metazoan,Invertebrate,Insect,Lepidoptera,Tomato leafminer,Tuta absoluta,Egg,Mean,N,12,25.0,,1,4.91,,6.25E-01,Alternate genus length,Order,4.05E-04,Alternate species length,Order,m^2 per pred per day,53,0.85,4.61E-04,3.17E-04,6.68E-04,3.14E-02,1.52E-02,4.67E-02,200,,
54,Queiroz et al 2015 ENVIRON ENTOMOL,Pred,2.00,,Terrestrial,,Metazoan,Invertebrate,Insect,Hemiptera,Blaptostethus pallescens,Adult (<5d old),Metazoan,Invertebrate,Insect,Lepidoptera,Tomato leafminer,Tuta absoluta,Egg,Mean,N,12,25.0,,1,4.91,,3.86E-01,Alternate species length,Order,4.05E-04,Alternate species length,Order,m^2 per pred per day,54,0.92,4.90E-04,3.69E-04,6.50E-04,1.81E-02,8.70E-03,2.98E-02,200,,
55,Queiroz et al 2015 ENVIRON ENTOMOL,Pred,2.00,,Terrestrial,,Metazoan,Invertebrate,Insect,Hemiptera,Orius tristicolor,Adult (<5d old),Metazoan,Invertebrate,Insect,Lepidoptera,Tomato leafminer,Tuta absoluta,Egg,Mean,N,12,25.0,,1,4.91,,8.17E-01,Alternate species length,Order,4.05E-04,Alternate species length,Order,m^2 per pred per day,55,0.78,5.33E-04,3.41E-04,8.66E-04,4.45E-02,2.77E-02,6.60E-02,200,,
56,Kishani Farahani and Goldansaz 2013 EUR J ENTOMOL,Par,2.50,,Terrestrial,,Metazoan,Invertebrate,Insect,Hymenoptera,Apanteles myeloenta,"Adult (1d old, mated, naïve)",Metazoan,Invertebrate,Insect,Lepidoptera,Locust bean moth,Ectomyelois ceratoniae,1st instar,Raw data,N,,25.0,,1,38.48,769.69,1.56E+01,Alternate family length,Family,1.18E-02,% adult mass,,m^2.5 per pred per day,56,0.89,4.28E-02,3.76E-02,4.82E-02,1.19E-02,6.94E-03,1.59E-02,200,,
57,Kishani Farahani and Goldansaz 2013 EUR J ENTOMOL,Par,2.50,,Terrestrial,,Metazoan,Invertebrate,Insect,Hymenoptera,Apanteles myeloenta,"Adult (1d old, mated, naïve)",Metazoan,Invertebrate,Insect,Lepidoptera,Locust bean moth,Ectomyelois ceratoniae,2nd instar,Raw data,N,,25.0,,1,38.48,769.69,1.56E+01,Alternate family length,Family,8.53E-01,% adult mass,,m^2.5 per pred per day,57,0.90,3.91E-02,3.33E-02,4.47E-02,9.61E-03,4.68E-03,1.38E-02,200,,
58,Kishani Farahani and Goldansaz 2013 EUR J ENTOMOL,Par,2.50,,Terrestrial,,Metazoan,Invertebrate,Insect,Hymenoptera,Apanteles myeloenta,"Adult (1d old, mated, naïve)",Metazoan,Invertebrate,Insect,Lepidoptera,Locust bean moth,Ectomyelois ceratoniae,3rd instar,Raw data,N,,25.0,,1,38.48,769.69,1.56E+01,Alternate family length,Family,1.69E+00,% adult mass,,m^2.5 per pred per day,58,0.92,4.09E-02,3.59E-02,4.71E-02,1.15E-02,6.79E-03,1.55E-02,200,,
59,Moayeri et al 2013 EUR J ENTOMOL,Par,2.00,,Terrestrial,,Metazoan,Invertebrate,Insect,Hymenoptera,Diaeretiella rapae,"Adult (1d old, mated, naïve)",Metazoan,Invertebrate,Insect,Hemiptera,Cabbage aphid,Brevicoryne brassicae,2nd instar,Mean,N,,17.0,,1,63.62,,1.03E+00,Alternate genus length,Family,1.47E-01,% adult mass,,m^2 per pred per day,59,0.63,5.82E-03,4.66E-03,7.24E-03,6.94E-02,5.77E-02,8.50E-02,200,,
60,Moayeri et al 2013 EUR J ENTOMOL,Par,2.00,,Terrestrial,,Metazoan,Invertebrate,Insect,Hymenoptera,Diaeretiella rapae,"Adult (1d old, mated, naïve)",Metazoan,Invertebrate,Insect,Hemiptera,Cabbage aphid,Brevicoryne brassicae,2nd instar,Mean,N,,25.0,,1,63.62,,1.03E+00,Alternate genus length,Family,1.47E-01,% adult mass,,m^2 per pred per day,60,0.77,5.38E-03,4.55E-03,6.20E-03,4.09E-02,3.03E-02,5.00E-02,200,,
61,Moayeri et al 2013 EUR J ENTOMOL,Par,2.00,,Terrestrial,,Metazoan,Invertebrate,Insect,Hymenoptera,Diaeretiella rapae,"Adult (1d old, mated, naïve)",Metazoan,Invertebrate,Insect,Hemiptera,Cabbage aphid,Brevicoryne brassicae,2nd instar,Mean,N,,30.0,,1,63.62,,1.03E+00,Alternate genus length,Family,1.47E-01,% adult mass,,m^2 per pred per day,61,0.73,5.68E-03,4.75E-03,7.02E-03,5.01E-02,3.89E-02,6.40E-02,200,,
62,Kalsi et al 2014 ENVIRON ENTOMOL,Pred,2.50,,Terrestrial,,Metazoan,Invertebrate,Insect,Hemiptera,Zelus longipes,Male,Metazoan,Invertebrate,Insect,Diptera,Picture-winged fly,Euxesta stigmatias,Adult,Mean,N,24,,,2,103.87,1454.16,1.43E+02,Alternate species length,Order,2.97E+00,Alternate species length,Order,m^2.5 per pred per day,62,0.54,8.62E-03,5.28E-03,1.35E-02,1.18E-01,5.48E-02,1.70E-01,200,2D arena size is SA of arena,
63,Kalsi et al 2014 ENVIRON ENTOMOL,Pred,2.50,,Terrestrial,,Metazoan,Invertebrate,Insect,Hemiptera,Zelus longipes,Male,Metazoan,Invertebrate,Insect,Diptera,Picture-winged fly,Euxesta eluta,Adult,Mean,N,24,,,2,103.87,1454.16,1.43E+02,Alternate species length,Order,2.97E+00,Alternate genus length,Order,m^2.5 per pred per day,63,0.57,8.36E-03,5.11E-03,1.38E-02,1.08E-01,4.44E-02,1.68E-01,200,2D arena size is SA of arena,
64,Kalsi et al 2014 ENVIRON ENTOMOL,Pred,2.50,,Terrestrial,,Metazoan,Invertebrate,Insect,Hemiptera,Zelus longipes,Male,Metazoan,Invertebrate,Insect,Diptera,Picture-winged fly,Euxesta annonae,Adult,Mean,N,24,,,2,103.87,1454.16,1.43E+02,Alternate species length,Order,2.97E+00,Alternate species length,Order,m^2.5 per pred per day,64,0.58,8.03E-03,5.20E-03,1.41E-02,1.02E-01,3.23E-02,1.59E-01,200,2D arena size is SA of arena,
65,Kalsi et al 2014 ENVIRON ENTOMOL,Pred,2.50,,Terrestrial,,Metazoan,Invertebrate,Insect,Hemiptera,Zelus longipes,Female,Metazoan,Invertebrate,Insect,Diptera,Picture-winged fly,Euxesta stigmatias,Adult,Mean,N,24,,,2,103.87,1454.16,2.12E+02,Alternate species length,Order,2.97E+00,Alternate species length,Order,m^2.5 per pred per day,65,0.61,7.91E-03,5.37E-03,1.31E-02,8.55E-02,2.82E-02,1.44E-01,200,2D arena size is SA of arena,
66,Kalsi et al 2014 ENVIRON ENTOMOL,Pred,2.50,,Terrestrial,,Metazoan,Invertebrate,Insect,Hemiptera,Zelus longipes,Female,Metazoan,Invertebrate,Insect,Diptera,Picture-winged fly,Euxesta eluta,Adult,Mean,N,24,,,2,103.87,1454.16,2.12E+02,Alternate species length,Order,2.97E+00,Alternate genus length,Order,m^2.5 per pred per day,66,0.58,8.48E-03,5.10E-03,1.30E-02,9.66E-02,3.45E-02,1.42E-01,200,2D arena size is SA of arena,
67,Kalsi et al 2014 ENVIRON ENTOMOL,Pred,2.50,,Terrestrial,,Metazoan,Invertebrate,Insect,Hemiptera,Zelus longipes,Female,Metazoan,Invertebrate,Insect,Diptera,Picture-winged fly,Euxesta annonae,Adult,Mean,N,24,,,2,103.87,1454.16,2.12E+02,Alternate species length,Order,2.97E+00,Alternate species length,Order,m^2.5 per pred per day,67,0.58,8.16E-03,5.33E-03,1.30E-02,9.46E-02,3.92E-02,1.46E-01,200,2D arena size is SA of arena,
68,Montserrat et al 2000 ENVIRON ENTOMOL,Pred,2.00,,Terrestrial,,Metazoan,Invertebrate,Insect,Hemiptera,Dicyphus tamaninii ,Adult female (13-16d old),Metazoan,Invertebrate,Insect,Homoptera,Greenhouse whitefly,Trialeurodes vaporariorum,Pupa,Mean,N,24,25.0,,1,38.48,,7.56E+00,Alternate family length,Family,1.15E-02,Original length,Order,m^2 per pred per day,68,0.55,1.52E-02,1.03E-02,2.25E-02,1.52E-02,9.43E-03,2.04E-02,200,Prey length includes antennae,
69,Montserrat et al 2000 ENVIRON ENTOMOL,Pred,2.00,,Terrestrial,,Metazoan,Invertebrate,Insect,Hemiptera,Macrolophus caliginosus,Adult female (13-16d old),Metazoan,Invertebrate,Insect,Homoptera,Greenhouse whitefly,Trialeurodes vaporariorum,Pupa,Mean,N,24,25.0,,1,38.48,,2.24E+00,Alternate species length,Family,1.15E-02,Original length,Order,m^2 per pred per day,69,0.24,1.95E-02,1.14E-02,3.17E-02,4.88E-02,3.87E-02,6.22E-02,200,Prey length includes antennae,
70,Montserrat et al 2000 ENVIRON ENTOMOL,Pred,2.00,,Terrestrial,,Metazoan,Invertebrate,Insect,Hemiptera,Orius majusculus,Adult female (13-16d old),Metazoan,Invertebrate,Insect,Homoptera,Greenhouse whitefly,Trialeurodes vaporariorum,Pupa,Mean,N,24,25.0,,1,38.48,,6.61E-01,Alternate species length,Order,1.15E-02,Original length,Order,m^2 per pred per day,70,0.58,2.56E-02,2.01E-02,3.06E-02,2.82E-02,2.34E-02,3.31E-02,200,Prey length includes antennae,
71,Montserrat et al 2000 ENVIRON ENTOMOL,Pred,2.00,,Terrestrial,,Metazoan,Invertebrate,Insect,Hemiptera,Orius laevigatus,Adult female (13-16d old),Metazoan,Invertebrate,Insect,Homoptera,Greenhouse whitefly,Trialeurodes vaporariorum,Pupa,Mean,N,24,25.0,,1,38.48,,2.01E-01,Alternate species length,Order,1.15E-02,Original length,Order,m^2 per pred per day,71,0.30,2.27E-02,1.29E-02,3.85E-02,5.83E-02,4.76E-02,6.88E-02,200,Prey length includes antennae,
72,Montserrat et al 2000 ENVIRON ENTOMOL,Pred,2.00,,Terrestrial,,Metazoan,Invertebrate,Insect,Hemiptera,Dicyphus tamaninii ,Adult female (13-16d old),Metazoan,Invertebrate,Insect,Thysanoptera,Western flower thrip,Frankliniella occidentalis,2nd instar,Mean,N,24,25.0,,1,38.48,,7.56E+00,Alternate family length,Family,4.17E-02,Original length,Order,m^2 per pred per day,72,0.62,1.01E-02,7.06E-03,1.43E-02,8.87E-03,3.65E-03,1.47E-02,200,,
73,Montserrat et al 2000 ENVIRON ENTOMOL,Pred,2.00,,Terrestrial,,Metazoan,Invertebrate,Insect,Hemiptera,Macrolophus caliginosus,Adult female (13-16d old),Metazoan,Invertebrate,Insect,Thysanoptera,Western flower thrip,Frankliniella occidentalis,2nd instar,Mean,N,24,25.0,,1,38.48,,2.24E+00,Alternate species length,Family,4.17E-02,Original length,Order,m^2 per pred per day,73,0.45,1.26E-02,8.43E-03,1.86E-02,1.57E-02,8.31E-03,2.46E-02,200,,
74,Montserrat et al 2000 ENVIRON ENTOMOL,Pred,2.00,,Terrestrial,,Metazoan,Invertebrate,Insect,Hemiptera,Orius majusculus,Adult female (13-16d old),Metazoan,Invertebrate,Insect,Thysanoptera,Western flower thrip,Frankliniella occidentalis,2nd instar,Mean,N,24,25.0,,1,38.48,,6.61E-01,Alternate species length,Order,4.17E-02,Original length,Order,m^2 per pred per day,74,0.79,2.12E-02,1.73E-02,2.91E-02,1.14E-02,9.40E-03,1.43E-02,200,,
75,Montserrat et al 2000 ENVIRON ENTOMOL,Pred,2.00,,Terrestrial,,Metazoan,Invertebrate,Insect,Hemiptera,Orius laevigatus,Adult female (13-16d old),Metazoan,Invertebrate,Insect,Thysanoptera,Western flower thrip,Frankliniella occidentalis,2nd instar,Mean,N,24,25.0,,1,38.48,,2.01E-01,Alternate species length,Order,4.17E-02,Original length,Order,m^2 per pred per day,75,0.82,1.66E-02,1.21E-02,2.13E-02,9.87E-03,4.78E-03,1.29E-02,200,,
76,Heimpel and Gough-Goldstein 1994 ENVIRON ENTOMOL,Pred,2.50,,Terrestrial,,Metazoan,Invertebrate,Insect,Hemiptera,Perillus bioculatus,5th instar,Metazoan,Invertebrate,Insect,Coleoptera,Colorado potato beetle,Leptinotarsa decemlineata,Larva (neonate),Mean,N,,27.5,,1,102.07,3062.11,,,,7.33E+01,Alternate species length,Family,m^2.5 per pred per day,76,0.46,9.07E-02,4.56E-02,1.64E-01,1.40E-02,1.03E-02,1.72E-02,200,,
77,Shipp and Whitfield 1991 ENVIRON ENTOMOL,Pred,2.00,,Terrestrial,,Metazoan,Invertebrate,Arachnid,Mite,Amblyseius cucumeris,Female protonymph,Metazoan,Invertebrate,Insect,Thysanoptera,Western flower thrip,Frankliniella occidentalis,1st instar,Mean,N,,26.0,,1,12.57,,,,,,,,m^2 per pred per day,77,0.24,1.46E-04,7.17E-05,6.34E-04,1.10E+00,2.11E-01,2.36E+00,200,Used cucumber leaf discs,
78,Shipp and Whitfield 1991 ENVIRON ENTOMOL,Pred,2.00,,Terrestrial,,Metazoan,Invertebrate,Arachnid,Mite,Amblyseius cucumeris,Male protonymph,Metazoan,Invertebrate,Insect,Thysanoptera,Western flower thrip,Frankliniella occidentalis,1st instar,Mean,N,,26.0,,1,12.57,,,,,,,,m^2 per pred per day,78,0.14,4.59E-04,2.04E-04,1.43E-03,2.55E+00,1.55E+00,3.60E+00,200,Used cucumber leaf discs,
79,Shipp and Whitfield 1991 ENVIRON ENTOMOL,Pred,2.00,,Terrestrial,,Metazoan,Invertebrate,Arachnid,Mite,Amblyseius cucumeris,Female deutonymph,Metazoan,Invertebrate,Insect,Thysanoptera,Western flower thrip,Frankliniella occidentalis,1st instar,Mean,N,,26.0,,1,12.57,,,,,,,,m^2 per pred per day,79,0.31,1.01E-03,5.52E-04,1.84E-03,1.52E-01,3.34E-02,2.46E-01,200,Used cucumber leaf discs,
80,Shipp and Whitfield 1991 ENVIRON ENTOMOL,Pred,2.00,,Terrestrial,,Metazoan,Invertebrate,Arachnid,Mite,Amblyseius cucumeris,Male deutonymph,Metazoan,Invertebrate,Insect,Thysanoptera,Western flower thrip,Frankliniella occidentalis,1st instar,Mean,N,,26.0,,1,12.57,,,,,,,,m^2 per pred per day,80,0.24,2.66E-04,1.80E-04,4.80E-04,7.17E-01,5.29E-01,1.02E+00,200,Used cucumber leaf discs,
81,Shipp and Whitfield 1991 ENVIRON ENTOMOL,Pred,2.00,,Terrestrial,,Metazoan,Invertebrate,Arachnid,Mite,Amblyseius cucumeris,Adult male,Metazoan,Invertebrate,Insect,Thysanoptera,Western flower thrip,Frankliniella occidentalis,1st instar,Mean,N,,26.0,,1,12.57,,2.82E-02,Original length,Order,,,,m^2 per pred per day,81,0.37,1.25E-04,9.74E-05,3.02E-04,8.19E-02,2.06E-10,1.15E+00,200,Used cucumber leaf discs,
82,Shipp and Whitfield 1991 ENVIRON ENTOMOL,Pred,2.00,,Terrestrial,,Metazoan,Invertebrate,Arachnid,Mite,Amblyseius cucumeris,Adult female (mated),Metazoan,Invertebrate,Insect,Thysanoptera,Western flower thrip,Frankliniella occidentalis,1st instar,Mean,N,,26.0,,1,12.57,,2.82E-02,Original length,Order,,,,m^2 per pred per day,82,0.30,1.86E-03,9.37E-04,4.28E-03,6.76E-02,4.15E-10,1.39E-01,200,Used cucumber leaf discs,
83,Shipp and Whitfield 1991 ENVIRON ENTOMOL,Pred,2.00,,Terrestrial,,Metazoan,Invertebrate,Arachnid,Mite,Amblyseius cucumeris,Adult female (unmated),Metazoan,Invertebrate,Insect,Thysanoptera,Western flower thrip,Frankliniella occidentalis,1st instar,Mean,N,,26.0,,1,12.57,,2.82E-02,Original length,Order,,,,m^2 per pred per day,83,0.34,1.57E-03,7.71E-04,2.84E-03,8.31E-02,4.97E-03,1.43E-01,200,Used cucumber leaf discs,
84,Shipp and Whitfield 1991 ENVIRON ENTOMOL,Pred,2.00,,Terrestrial,,Metazoan,Invertebrate,Arachnid,Mite,Amblyseius cucumeris,Female protonymph,Metazoan,Invertebrate,Insect,Thysanoptera,Western flower thrip,Frankliniella occidentalis,1st instar,Mean,N,,26.0,,1,12.57,,,,,,,,m^2 per pred per day,84,0.54,1.93E-04,1.30E-04,2.95E-04,2.21E-01,1.30E-09,4.88E-01,200,Used sweet pepper leaf discs,
85,Shipp and Whitfield 1991 ENVIRON ENTOMOL,Pred,2.00,,Terrestrial,,Metazoan,Invertebrate,Arachnid,Mite,Amblyseius cucumeris,Male protonymph,Metazoan,Invertebrate,Insect,Thysanoptera,Western flower thrip,Frankliniella occidentalis,1st instar,Mean,N,,26.0,,1,12.57,,,,,,,,m^2 per pred per day,85,0.33,1.31E-04,6.73E-05,3.58E-04,9.65E-01,1.07E-01,1.85E+00,200,Used sweet pepper leaf discs,
86,Shipp and Whitfield 1991 ENVIRON ENTOMOL,Pred,2.00,,Terrestrial,,Metazoan,Invertebrate,Arachnid,Mite,Amblyseius cucumeris,Female deutonymph,Metazoan,Invertebrate,Insect,Thysanoptera,Western flower thrip,Frankliniella occidentalis,1st instar,Mean,N,,26.0,,1,12.57,,,,,,,,m^2 per pred per day,86,0.27,1.55E-03,9.90E-04,2.36E-03,2.62E-01,1.97E-01,3.40E-01,200,Used sweet pepper leaf discs,
87,Shipp and Whitfield 1991 ENVIRON ENTOMOL,Pred,2.00,,Terrestrial,,Metazoan,Invertebrate,Arachnid,Mite,Amblyseius cucumeris,Male deutonymph,Metazoan,Invertebrate,Insect,Thysanoptera,Western flower thrip,Frankliniella occidentalis,1st instar,Mean,N,,26.0,,1,12.57,,,,,,,,m^2 per pred per day,87,0.07,1.29E-03,4.37E-04,5.99E-03,1.26E+00,9.69E-01,1.56E+00,200,Used sweet pepper leaf discs,
88,Shipp and Whitfield 1991 ENVIRON ENTOMOL,Pred,2.00,,Terrestrial,,Metazoan,Invertebrate,Arachnid,Mite,Amblyseius cucumeris,Adult male,Metazoan,Invertebrate,Insect,Thysanoptera,Western flower thrip,Frankliniella occidentalis,1st instar,Mean,N,,26.0,,1,12.57,,2.82E-02,Original length,Order,,,,m^2 per pred per day,88,0.28,1.69E-04,1.31E-04,2.18E-04,2.65E-10,1.97E-10,7.66E-10,200,Used sweet pepper leaf discs,
89,Shipp and Whitfield 1991 ENVIRON ENTOMOL,Pred,2.00,,Terrestrial,,Metazoan,Invertebrate,Arachnid,Mite,Amblyseius cucumeris,Adult female (mated),Metazoan,Invertebrate,Insect,Thysanoptera,Western flower thrip,Frankliniella occidentalis,1st instar,Mean,N,,26.0,,1,12.57,,2.82E-02,Original length,Order,,,,m^2 per pred per day,89,0.41,1.77E-03,1.13E-03,3.00E-03,2.66E-02,2.08E-11,6.60E-02,200,Used sweet pepper leaf discs,
90,Shipp and Whitfield 1991 ENVIRON ENTOMOL,Pred,2.00,,Terrestrial,,Metazoan,Invertebrate,Arachnid,Mite,Amblyseius cucumeris,Adult female (unmated),Metazoan,Invertebrate,Insect,Thysanoptera,Western flower thrip,Frankliniella occidentalis,1st instar,Mean,N,,26.0,,1,12.57,,2.82E-02,Original length,Order,,,,m^2 per pred per day,90,0.35,1.89E-03,1.08E-03,3.44E-03,4.72E-02,1.86E-11,9.92E-02,200,Used sweet pepper leaf discs,
91,Wiedenmann and O'neil 1991 ENVIRON ENTOMOL,Pred,2.00,,Terrestrial,,Metazoan,Invertebrate,Insect,Hemiptera,Podisus maculiventris,Adult female (7-30d old),Metazoan,Invertebrate,Insect,Coleoptera,Mexican bean beetle,Epilachna varivestis,3rd instar,Mean,N,24,23.0,,1,63.62,,7.58E+01,Alternate species length,Family,1.12E+01,Original mass,,m^2 per pred per day,91,0.89,7.34E-03,5.20E-03,9.48E-03,5.57E-02,1.58E-02,8.46E-02,200,,
92,Flinn 1991 ENVIRON ENTOMOL,Par,2.50,,Terrestrial,,Metazoan,Invertebrate,Insect,Hymenoptera,Cephalonomia waterstoni,"Adult female (5d old, experienced)",Metazoan,Invertebrate,Insect,Coleoptera,Rusty grain beetle,Cryptolestes ferrugineus,4th instar,Mean,N,,20.0,,1,38.48,519.54,2.24E-01,Alternate species length,Order,,,,m^2.5 per pred per day,92,0.90,6.88E-03,5.76E-03,1.18E-02,1.50E-09,2.94E-11,6.24E-03,200,,
93,Flinn 1991 ENVIRON ENTOMOL,Par,2.50,,Terrestrial,,Metazoan,Invertebrate,Insect,Hymenoptera,Cephalonomia waterstoni,"Adult female (5d old, experienced)",Metazoan,Invertebrate,Insect,Coleoptera,Rusty grain beetle,Cryptolestes ferrugineus,4th instar,Mean,N,,25.0,,1,38.48,519.54,2.24E-01,Alternate species length,Order,,,,m^2.5 per pred per day,93,0.94,6.34E-03,5.97E-03,1.05E-02,1.37E-10,1.35E-11,4.14E-03,200,,
94,Flinn 1991 ENVIRON ENTOMOL,Par,2.50,,Terrestrial,,Metazoan,Invertebrate,Insect,Hymenoptera,Cephalonomia waterstoni,"Adult female (5d old, experienced)",Metazoan,Invertebrate,Insect,Coleoptera,Rusty grain beetle,Cryptolestes ferrugineus,4th instar,Mean,N,,30.0,,1,38.48,519.54,2.24E-01,Alternate species length,Order,,,,m^2.5 per pred per day,94,0.96,6.23E-03,5.75E-03,6.84E-03,1.02E-10,2.48E-11,9.19E-10,200,,
95,Flinn 1991 ENVIRON ENTOMOL,Par,2.50,,Terrestrial,,Metazoan,Invertebrate,Insect,Hymenoptera,Cephalonomia waterstoni,"Adult female (5d old, experienced)",Metazoan,Invertebrate,Insect,Coleoptera,Rusty grain beetle,Cryptolestes ferrugineus,4th instar,Mean,N,,35.0,,1,38.48,519.54,2.24E-01,Alternate species length,Order,,,,m^2.5 per pred per day,95,0.92,6.44E-03,5.86E-03,1.01E-02,1.87E-10,2.81E-11,4.59E-03,200,,
96,Flinn 1991 ENVIRON ENTOMOL,Par,2.50,,Terrestrial,,Metazoan,Invertebrate,Insect,Hymenoptera,Cephalonomia waterstoni,"Adult female (5d old, experienced)",Metazoan,Invertebrate,Insect,Coleoptera,Rusty grain beetle,Cryptolestes ferrugineus,4th instar,Mean,N,,38.0,,1,38.48,519.54,2.24E-01,Alternate species length,Order,,,,m^2.5 per pred per day,96,0.95,6.27E-03,5.75E-03,8.22E-03,1.12E-10,3.05E-11,3.65E-03,200,,
97,Dor et al 2014 ENVIRON ENTOMOL,Pred,2.50,,Terrestrial,,Metazoan,Vertebrate,Reptile,,Norops serranoi,Adult male (wild caught),Metazoan,Invertebrate,Insect,Diptera,Mexican fruit fly,Anastrepha ludens,Adult (3-18d old),Raw data,N,,26.0,,1,900.00,27000.00,1.68E+04,Alternate species mass,,1.79E+01,Alternate species length,Order,m^2.5 per pred per day,97,0.30,2.32E-01,1.41E-01,4.03E-01,5.64E-03,2.40E-09,1.08E-02,200,,
98,Dor et al 2014 ENVIRON ENTOMOL,Pred,2.50,,Terrestrial,,Metazoan,Vertebrate,Reptile,,Norops serranoi,Adult female (wild caught),Metazoan,Invertebrate,Insect,Diptera,Mexican fruit fly,Anastrepha ludens,Adult (3-18d old),Raw data,N,,26.0,,1,900.00,27000.00,1.68E+04,Alternate species mass,,1.79E+01,Alternate species length,Order,m^2.5 per pred per day,98,0.40,4.99E-01,2.64E-01,2.66E+00,4.27E-03,8.57E-04,7.67E-03,200,,
99,Chow et al 1983 ENVIRON ENTOMOL,Pred,2.00,,Terrestrial,,Metazoan,Invertebrate,Insect,Hemiptera,Geocoris bullatus,Adult female (wild caught),Metazoan,Invertebrate,Insect,Hemiptera,Western tarnished plant bug and Pale legume bug,Lygus hesperus and Lygus elisus,"1st, 2nd, 3rd instar",Mean,Y,24,15.0,,1,530.00,,1.31E+00,Alternate species length,Order,2.05E-01,Average species mass,,m^2 per pred per day,99,0.73,1.92E-01,1.87E-01,1.98E-01,6.45E-02,6.31E-02,6.61E-02,200,,
100,Chow et al 1983 ENVIRON ENTOMOL,Pred,2.00,,Terrestrial,,Metazoan,Invertebrate,Insect,Hemiptera,Geocoris bullatus,Adult female (wild caught),Metazoan,Invertebrate,Insect,Hemiptera,Western tarnished plant bug and Pale legume bug,Lygus hesperus and Lygus elisus,"1st, 2nd, 3rd instar",Mean,Y,24,25.0,,1,530.00,,1.31E+00,Alternate species length,Order,2.05E-01,Average species mass,,m^2 per pred per day,100,0.99,1.83E-01,1.77E-01,1.89E-01,1.55E-02,1.50E-02,1.62E-02,200,,
101,Chow et al 1983 ENVIRON ENTOMOL,Pred,2.00,,Terrestrial,,Metazoan,Invertebrate,Insect,Hemiptera,Geocoris bullatus,Adult female (wild caught),Metazoan,Invertebrate,Insect,Hemiptera,Western tarnished plant bug and Pale legume bug,Lygus hesperus and Lygus elisus,"1st, 2nd, 3rd instar",Mean,Y,24,35.0,,1,530.00,,1.31E+00,Alternate species length,Order,2.05E-01,Average species mass,,m^2 per pred per day,101,0.97,6.18E-01,6.08E-01,6.26E-01,1.06E-02,1.05E-02,1.08E-02,200,,
102,Jones et al 2007 ENVIRON ENTOMOL,Par,2.50,,Terrestrial,,Metazoan,Invertebrate,Insect,Hymenoptera,Lysiphlebus testaceipes,"Adult female (mated, naïve, <24h old)",Metazoan,Invertebrate,Insect,Hemiptera,Greenbug,Schizaphis graminum,"2nd, 3rd instar",Raw data,N,,4.0,,1,19.63,589.05,1.03E+00,Alternate species length,Family,1.03E-01,Average species mass,,m^2.5 per pred per day,102,0.07,1.71E-04,5.54E-05,2.19E-03,2.91E-07,6.32E-09,1.70E+00,200,,
103,Jones et al 2007 ENVIRON ENTOMOL,Par,2.50,,Terrestrial,,Metazoan,Invertebrate,Insect,Hymenoptera,Lysiphlebus testaceipes,"Adult female (mated, naïve, <24h old)",Metazoan,Invertebrate,Insect,Hemiptera,Greenbug,Schizaphis graminum,"2nd, 3rd instar",Raw data,N,,6.0,,1,19.63,589.05,1.03E+00,Alternate species length,Family,1.03E-01,Average species mass,,m^2.5 per pred per day,103,0.12,3.86E-04,1.20E-04,4.87E-03,8.94E-08,4.49E-09,3.55E-01,200,,
104,Jones et al 2007 ENVIRON ENTOMOL,Par,2.50,,Terrestrial,,Metazoan,Invertebrate,Insect,Hymenoptera,Lysiphlebus testaceipes,"Adult female (mated, naïve, <24h old)",Metazoan,Invertebrate,Insect,Hemiptera,Greenbug,Schizaphis graminum,"2nd, 3rd instar",Raw data,N,,8.0,,1,19.63,589.05,1.03E+00,Alternate species length,Family,1.03E-01,Average species mass,,m^2.5 per pred per day,104,0.17,8.01E-04,3.80E-04,1.88E-03,2.37E-08,1.28E-09,1.57E-01,200,,
105,Jones et al 2007 ENVIRON ENTOMOL,Par,2.50,,Terrestrial,,Metazoan,Invertebrate,Insect,Hymenoptera,Lysiphlebus testaceipes,"Adult female (mated, naïve, <24h old)",Metazoan,Invertebrate,Insect,Hemiptera,Greenbug,Schizaphis graminum,"2nd, 3rd instar",Raw data,N,,10.0,,1,19.63,589.05,1.03E+00,Alternate species length,Family,1.03E-01,Average species mass,,m^2.5 per pred per day,105,0.14,8.61E-04,3.89E-04,2.57E-03,4.45E-02,8.23E-09,1.88E-01,200,,
106,Jones et al 2007 ENVIRON ENTOMOL,Par,2.50,,Terrestrial,,Metazoan,Invertebrate,Insect,Hymenoptera,Lysiphlebus testaceipes,"Adult female (mated, naïve, <24h old)",Metazoan,Invertebrate,Insect,Hemiptera,Greenbug,Schizaphis graminum,"2nd, 3rd instar",Raw data,N,,12.0,,1,19.63,589.05,1.03E+00,Alternate species length,Family,1.03E-01,Average species mass,,m^2.5 per pred per day,106,0.12,8.01E-04,3.13E-04,1.61E-03,1.21E-07,2.15E-09,1.24E-01,200,,
107,Jones et al 2007 ENVIRON ENTOMOL,Par,2.50,,Terrestrial,,Metazoan,Invertebrate,Insect,Hymenoptera,Lysiphlebus testaceipes,"Adult female (mated, naïve, <24h old)",Metazoan,Invertebrate,Insect,Hemiptera,Greenbug,Schizaphis graminum,"2nd, 3rd instar",Raw data,N,,14.0,,1,19.63,589.05,1.03E+00,Alternate species length,Family,1.03E-01,Average species mass,,m^2.5 per pred per day,107,0.15,9.60E-04,5.01E-04,4.38E-03,2.33E-08,2.01E-09,1.19E-01,200,,
108,Frewin et al 2010 ENVIRON ENTOMOL,Par,2.50,,Terrestrial,,Metazoan,Invertebrate,Insect,Hymenoptera,Aphelinus certus,"Adult female (mated, naïve, 24-48h old)",Metazoan,Invertebrate,Insect,Hemiptera,Soybean aphid,Aphis glycines,3rd instar,Mean,N,,26.0,,1,78.54,628.32,1.26E+02,Alternate order length,Order,7.67E-02,% adult mass,,m^2.5 per pred per day,108,0.63,3.21E-03,2.38E-03,4.03E-03,3.91E-02,2.89E-02,4.93E-02,200,,
109,Trichilo and Leigh 1986 ENVIRON ENTOMOL,Pred,2.50,,Terrestrial,,Metazoan,Invertebrate,Insect,Thysanoptera,Frankliniella occidentalis,Adult female,Metazoan,Invertebrate,Arachnid,Mite,Spider mite,Tetranychus spp,Egg (webbing removed),Mean,N,,27.0,,1,3.00,,,,,1.70E-03,Average genus mass,,m^2.5 per pred per day,109,0.91,3.29E-05,2.17E-05,4.88E-05,3.97E-02,2.75E-02,5.80E-02,200,,
110,Trichilo and Leigh 1986 ENVIRON ENTOMOL,Pred,2.50,,Terrestrial,,Metazoan,Invertebrate,Insect,Thysanoptera,Frankliniella occidentalis,Larva,Metazoan,Invertebrate,Arachnid,Mite,Spider mite,Tetranychus spp,Egg (webbing removed),Mean,N,,27.0,,1,3.00,,,,,1.70E-03,Average genus mass,,m^2.5 per pred per day,110,0.95,9.29E-06,3.97E-06,1.67E-05,1.71E-02,4.21E-10,3.20E-02,200,,
111,Trichilo and Leigh 1986 ENVIRON ENTOMOL,Pred,2.50,,Terrestrial,,Metazoan,Invertebrate,Insect,Thysanoptera,Frankliniella occidentalis,Larva,Metazoan,Invertebrate,Arachnid,Mite,Spider mite,Tetranychus spp,Egg (webbing intact),Mean,N,,27.0,,1,3.00,,,,,1.70E-03,Average genus mass,,m^2.5 per pred per day,111,0.56,8.33E-06,3.03E-06,3.64E-05,8.71E-02,6.47E-02,1.16E-01,200,,
112,Hardman and Rogers 1991 ENVIRON ENTOMOL,Pred,2.00,,Terrestrial,,Metazoan,Invertebrate,Arachnid,Mite,Typhlodromus pyri,Female protonymph,Metazoan,Invertebrate,Arachnid,Mite,European red mite,Panonychus ulmi,Larva,Mean,N,,18.0,,1,1.77,,6.13E-02,Alternate order mass,,3.58E-03,Alternate species length,Class,m^2 per pred per day,112,0.53,2.63E-04,1.63E-04,4.32E-04,3.23E-01,2.24E-01,4.12E-01,200,,
113,Hardman and Rogers 1991 ENVIRON ENTOMOL,Pred,2.00,,Terrestrial,,Metazoan,Invertebrate,Arachnid,Mite,Typhlodromus pyri,Female protonymph,Metazoan,Invertebrate,Arachnid,Mite,European red mite,Panonychus ulmi,Larva,Mean,N,,22.0,,1,1.77,,6.13E-02,Alternate order mass,,3.58E-03,Alternate species length,Class,m^2 per pred per day,113,0.49,4.35E-04,2.58E-04,6.75E-04,2.69E-01,2.37E-01,3.14E-01,200,,
114,Hardman and Rogers 1991 ENVIRON ENTOMOL,Pred,2.00,,Terrestrial,,Metazoan,Invertebrate,Arachnid,Mite,Typhlodromus pyri,Female protonymph,Metazoan,Invertebrate,Arachnid,Mite,European red mite,Panonychus ulmi,Larva,Mean,N,,26.0,,1,1.77,,6.13E-02,Alternate order mass,,3.58E-03,Alternate species length,Class,m^2 per pred per day,114,0.28,1.35E-04,7.46E-05,5.06E-04,1.85E-01,8.91E-02,2.97E-01,200,,
115,Hardman and Rogers 1991 ENVIRON ENTOMOL,Pred,2.00,,Terrestrial,,Metazoan,Invertebrate,Arachnid,Mite,Typhlodromus pyri,Male protonymph,Metazoan,Invertebrate,Arachnid,Mite,European red mite,Panonychus ulmi,Larva,Mean,N,,18.0,,1,1.77,,6.13E-02,Alternate order mass,,3.58E-03,Alternate species length,Class,m^2 per pred per day,115,0.19,5.24E-04,3.08E-04,1.03E-03,4.39E-01,3.71E-01,5.40E-01,200,,
116,Hardman and Rogers 1991 ENVIRON ENTOMOL,Pred,2.00,,Terrestrial,,Metazoan,Invertebrate,Arachnid,Mite,Typhlodromus pyri,Male protonymph,Metazoan,Invertebrate,Arachnid,Mite,European red mite,Panonychus ulmi,Larva,Mean,N,,22.0,,1,1.77,,6.13E-02,Alternate order mass,,3.58E-03,Alternate species length,Class,m^2 per pred per day,116,0.39,2.89E-04,1.48E-04,4.70E-04,2.84E-01,2.07E-01,3.54E-01,200,,
117,Hardman and Rogers 1991 ENVIRON ENTOMOL,Pred,2.00,,Terrestrial,,Metazoan,Invertebrate,Arachnid,Mite,Typhlodromus pyri,Male protonymph,Metazoan,Invertebrate,Arachnid,Mite,European red mite,Panonychus ulmi,Larva,Mean,N,,26.0,,1,1.77,,6.13E-02,Alternate order mass,,3.58E-03,Alternate species length,Class,m^2 per pred per day,117,0.50,9.81E-05,4.02E-05,2.72E-04,2.86E-01,4.49E-03,4.54E-01,200,,
118,Hardman and Rogers 1991 ENVIRON ENTOMOL,Pred,2.00,,Terrestrial,,Metazoan,Invertebrate,Arachnid,Mite,Typhlodromus pyri,Female deutonymph,Metazoan,Invertebrate,Arachnid,Mite,European red mite,Panonychus ulmi,Larva,Mean,N,,18.0,,1,1.77,,6.13E-02,Alternate order mass,,3.58E-03,Alternate species length,Class,m^2 per pred per day,118,0.36,3.43E-04,1.56E-04,7.87E-04,3.49E-01,2.16E-01,4.77E-01,200,,
119,Hardman and Rogers 1991 ENVIRON ENTOMOL,Pred,2.00,,Terrestrial,,Metazoan,Invertebrate,Arachnid,Mite,Typhlodromus pyri,Female deutonymph,Metazoan,Invertebrate,Arachnid,Mite,European red mite,Panonychus ulmi,Larva,Mean,N,,22.0,,1,1.77,,6.13E-02,Alternate order mass,,3.58E-03,Alternate species length,Class,m^2 per pred per day,119,0.32,4.09E-04,1.68E-04,9.46E-04,2.57E-01,1.69E-01,3.59E-01,200,,
120,Hardman and Rogers 1991 ENVIRON ENTOMOL,Pred,2.00,,Terrestrial,,Metazoan,Invertebrate,Arachnid,Mite,Typhlodromus pyri,Female deutonymph,Metazoan,Invertebrate,Arachnid,Mite,European red mite,Panonychus ulmi,Larva,Mean,N,,26.0,,1,1.77,,6.13E-02,Alternate order mass,,3.58E-03,Alternate species length,Class,m^2 per pred per day,120,0.15,2.51E-04,1.05E-04,1.12E-03,1.91E-01,7.77E-02,2.81E-01,200,,
121,Hardman and Rogers 1991 ENVIRON ENTOMOL,Pred,2.00,,Terrestrial,,Metazoan,Invertebrate,Arachnid,Mite,Typhlodromus pyri,Male deutonymph,Metazoan,Invertebrate,Arachnid,Mite,European red mite,Panonychus ulmi,Larva,Mean,N,,18.0,,1,1.77,,6.13E-02,Alternate order mass,,3.58E-03,Alternate species length,Class,m^2 per pred per day,121,0.30,3.94E-04,2.29E-04,7.46E-04,4.50E-01,3.64E-01,5.33E-01,200,,
122,Hardman and Rogers 1991 ENVIRON ENTOMOL,Pred,2.00,,Terrestrial,,Metazoan,Invertebrate,Arachnid,Mite,Typhlodromus pyri,Male deutonymph,Metazoan,Invertebrate,Arachnid,Mite,European red mite,Panonychus ulmi,Larva,Mean,N,,22.0,,1,1.77,,6.13E-02,Alternate order mass,,3.58E-03,Alternate species length,Class,m^2 per pred per day,122,0.43,2.53E-04,1.23E-04,3.85E-04,2.78E-01,1.67E-01,3.41E-01,200,,
123,Hardman and Rogers 1991 ENVIRON ENTOMOL,Pred,2.00,,Terrestrial,,Metazoan,Invertebrate,Arachnid,Mite,Typhlodromus pyri,Male deutonymph,Metazoan,Invertebrate,Arachnid,Mite,European red mite,Panonychus ulmi,Larva,Mean,N,,26.0,,1,1.77,,6.13E-02,Alternate order mass,,3.58E-03,Alternate species length,Class,m^2 per pred per day,123,0.55,1.95E-04,8.96E-05,3.77E-04,2.60E-01,1.49E-01,3.43E-01,200,,
124,Kharboutli and Mack 1993 ENVIRON ENTOMOL,Pred,2.00,,Terrestrial,,Metazoan,Invertebrate,Insect,Dermaptera,Labidura riparia,Adult female,Metazoan,Invertebrate,Insect,Lepidoptera,Fall armyworm,Spodoptera frugiperda,3rd instar,Mean,N,,30.0,,1,153.94,,2.89E+02,Alternate species length,Order,1.24E+01,% adult mass,,m^2 per pred per day,124,0.43,3.05E-01,2.07E-01,4.63E-01,1.22E-01,1.09E-01,1.40E-01,200,,
125,Kharboutli and Mack 1993 ENVIRON ENTOMOL,Pred,2.00,,Terrestrial,,Metazoan,Invertebrate,Insect,Dermaptera,Labidura riparia,Adult male,Metazoan,Invertebrate,Insect,Lepidoptera,Fall armyworm,Spodoptera frugiperda,3rd instar,Mean,N,,30.0,,1,1120.00,,2.89E+02,Alternate species length,Order,1.24E+01,% adult mass,,m^2 per pred per day,125,0.54,1.66E-02,1.15E-02,2.64E-02,6.06E-02,3.78E-02,8.50E-02,200,"""complex"" arena with obstacles",
126,Kharboutli and Mack 1993 ENVIRON ENTOMOL,Pred,2.00,,Terrestrial,,Metazoan,Invertebrate,Insect,Dermaptera,Labidura riparia,Adult female,Metazoan,Invertebrate,Insect,Lepidoptera,Fall armyworm,Spodoptera frugiperda,3rd instar,Mean,N,,30.0,,1,1120.00,,2.89E+02,Alternate species length,Order,1.24E+01,% adult mass,,m^2 per pred per day,126,0.68,2.54E-02,1.83E-02,3.33E-02,4.82E-02,3.48E-02,5.97E-02,200,"""complex"" arena with obstacles",
127,Bovy et al 2013 BIOL INVASIONS,Pred,3.00,,Aquatic,,Metazoan,Invertebrate,Crustacean,Mysid,Hemimysis anomala,Wild caught in Ireland,Metazoan,Invertebrate,Crustacean,Amphipod,,Gammarus pulex,Juvenile,Mean,N,,12.0,,1,,150.00,1.93E+01,Alternate species mass,,7.89E-02,Original length,Order,m^3 per pred per day,127,0.94,3.29E-04,2.80E-04,3.86E-04,3.67E-03,1.97E-03,5.82E-03,200,,
128,Bovy et al 2013 BIOL INVASIONS,Pred,3.00,,Aquatic,,Metazoan,Invertebrate,Crustacean,Mysid,Mysis salemaai,Wild caught in Ireland,Metazoan,Invertebrate,Crustacean,Amphipod,,Gammarus pulex,Juvenile,Mean,N,,12.0,,1,,150.00,1.98E+01,Alternate species mass,,7.89E-02,Original length,Order,m^3 per pred per day,128,0.34,1.59E-04,9.94E-05,4.09E-04,9.70E-02,5.83E-02,1.58E-01,200,,
129,Bovy et al 2013 BIOL INVASIONS,Pred,3.00,,Aquatic,,Metazoan,Invertebrate,Crustacean,Mysid,Hemimysis anomala,Wild caught in Ireland,Metazoan,Invertebrate,Crustacean,Cladoceran,,Daphnia pulex,,Mean,N,,12.0,,1,,150.00,1.93E+01,Alternate species mass,,3.82E-01,Original length,Class,m^3 per pred per day,129,0.79,4.15E-04,3.48E-04,4.88E-04,1.99E-02,1.74E-02,2.28E-02,200,Ireland,
130,Bovy et al 2013 BIOL INVASIONS,Pred,3.00,,Aquatic,,Metazoan,Invertebrate,Crustacean,Mysid,Mysis salemaai,Wild caught in Ireland,Metazoan,Invertebrate,Crustacean,Cladoceran,,Daphnia pulex,,Mean,N,,12.0,,1,,150.00,1.98E+01,Alternate species mass,,3.82E-01,Original length,Class,m^3 per pred per day,130,0.24,2.06E-04,1.09E-04,3.88E-04,1.07E-01,7.06E-02,1.39E-01,200,Ireland,
131,Bovy et al 2013 BIOL INVASIONS,Pred,3.00,,Aquatic,,Metazoan,Invertebrate,Crustacean,Mysid,Hemimysis anomala,Wild caught in Ireland,Metazoan,Invertebrate,Crustacean,Cladoceran,,Chydorus sphaericus,,Mean,N,,12.0,,1,,150.00,1.93E+01,Alternate species mass,,2.36E-03,Original length,Class,m^3 per pred per day,131,0.99,3.47E-04,3.19E-04,3.79E-04,1.58E-03,1.22E-03,2.00E-03,200,,
132,Bovy et al 2013 BIOL INVASIONS,Pred,3.00,,Aquatic,,Metazoan,Invertebrate,Crustacean,Mysid,Mysis salemaai,Wild caught in Ireland,Metazoan,Invertebrate,Crustacean,Cladoceran,,Chydorus sphaericus,,Mean,N,,12.0,,1,,150.00,1.98E+01,Alternate species mass,,2.36E-03,Original length,Class,m^3 per pred per day,132,0.94,4.19E-04,3.94E-04,4.54E-04,4.11E-03,3.74E-03,4.47E-03,200,,
133,Bovy et al 2013 BIOL INVASIONS,Pred,3.00,,Aquatic,,Metazoan,Invertebrate,Crustacean,Mysid,Hemimysis anomala,Wild caught in Ireland,Metazoan,Invertebrate,Crustacean,Copepod,,Cyclops abyssorum,,Mean,N,,12.0,,1,,150.00,1.93E+01,Alternate species mass,,4.96E-02,Original length,Order,m^3 per pred per day,133,0.79,2.81E-04,2.18E-04,3.34E-04,6.37E-03,3.50E-03,1.00E-02,200,,
134,Bovy et al 2013 BIOL INVASIONS,Pred,3.00,,Aquatic,,Metazoan,Invertebrate,Crustacean,Mysid,Mysis salemaai,Wild caught in Ireland,Metazoan,Invertebrate,Crustacean,Copepod,,Cyclops abyssorum,,Mean,N,,12.0,,1,,150.00,1.98E+01,Alternate species mass,,4.96E-02,Original length,Order,m^3 per pred per day,134,0.59,2.84E-04,2.33E-04,3.50E-04,1.28E-02,9.19E-03,1.73E-02,200,,
135,Bovy et al 2013 BIOL INVASIONS,Pred,3.00,,Aquatic,,Metazoan,Invertebrate,Crustacean,Mysid,Mysis diluviana,Wild caught in Canada,Metazoan,Invertebrate,Crustacean,Cladoceran,,Ceriodaphnia quadrangula,,Mean,N,,12.0,,1,,150.00,1.98E+01,Alternate species mass,,8.71E-03,Original length,Class,m^3 per pred per day,135,0.95,2.48E-04,2.14E-04,2.92E-04,7.76E-04,2.46E-11,2.41E-03,200,,
136,Bovy et al 2013 BIOL INVASIONS,Pred,3.00,,Aquatic,,Metazoan,Invertebrate,Crustacean,Mysid,Hemimysis anomala,Wild caught in Canada,Metazoan,Invertebrate,Crustacean,Cladoceran,,Ceriodaphnia quadrangula,,Mean,N,,12.0,,1,,150.00,1.93E+01,Alternate species mass,,8.71E-03,Original length,Class,m^3 per pred per day,136,0.89,3.36E-04,2.85E-04,4.07E-04,5.65E-03,3.88E-03,7.43E-03,200,,
137,Bovy et al 2013 BIOL INVASIONS,Pred,3.00,,Aquatic,,Metazoan,Invertebrate,Crustacean,Mysid,Hemimysis anomala,Wild caught in Canada,Metazoan,Invertebrate,Crustacean,Cladoceran,,Daphnia pulex,,Mean,N,,12.0,,1,,150.00,1.93E+01,Alternate species mass,,7.89E-02,Original length,Order,m^3 per pred per day,137,0.93,3.92E-04,3.41E-04,4.58E-04,9.37E-03,7.49E-03,1.17E-02,200,Canada,
138,Bovy et al 2013 BIOL INVASIONS,Pred,3.00,,Aquatic,,Metazoan,Invertebrate,Crustacean,Mysid,Mysis diluviana,Wild caught in Canada,Metazoan,Invertebrate,Crustacean,Cladoceran,,Daphnia pulex,,Mean,N,,12.0,,1,,150.00,1.98E+01,Alternate species mass,,7.89E-02,Original length,Order,m^3 per pred per day,138,0.36,5.73E-04,4.58E-04,8.01E-04,3.51E-02,2.94E-02,4.23E-02,200,Canada,
139,Rohlfs and Mack 1984 ENVIRON ENTOMOL,Par,2.50,,Terrestrial,,Metazoan,Invertebrate,Insect,Hymenoptera,Ophion flavidus,"Adult female (mated, 2d old)",Metazoan,Invertebrate,Insect,Lepidoptera,Fall armyworm,Spodoptera frugiperda,4th instar,Mean,N,,25.6,,1,,4932,1.34E+02,Alternate family length,Family,2.07E+02,Alternate species mass,,m^2.5 per pred per day,139,0.00,4.89E-02,4.33E-02,5.46E-02,6.21E-03,4.88E-03,7.74E-03,200,,
140,Crowley and Martin 1989 J N AM BENTHOL SOC,Pred,2.00,,Aquatic,,Metazoan,Invertebrate,Insect,Odonata,Tetragoneuria cynosura,2nd year larva,Metazoan,Invertebrate,Insect,Odonata,Common baskettail,Tetragoneuria cynosura,1st year larva,Mean,Y,24,25.0,Y,1,322.00,,3.65E+00,Original length,Order,1.20E-01,Original mass,,m^2 per pred per day,140,0.90,8.03E-02,6.08E-02,1.09E-01,1.40E-02,1.07E-02,1.71E-02,200,,
141,Crowley and Martin 1989 J N AM BENTHOL SOC,Pred,2.00,,Aquatic,,Metazoan,Invertebrate,Insect,Odonata,Tetragoneuria cynosura,2nd year larva,Metazoan,Invertebrate,Insect,Odonata,Common baskettail,Tetragoneuria cynosura,1st year larva,Mean,Y,24,25.0,Y,2,322.00,,3.65E+00,Original length,Order,1.20E-01,Original mass,,m^2 per pred per day,141,0.83,2.76E-02,2.12E-02,5.03E-02,7.49E-03,4.90E-10,2.16E-02,200,,
142,Crowley and Martin 1989 J N AM BENTHOL SOC,Pred,2.00,,Aquatic,,Metazoan,Invertebrate,Insect,Odonata,Tetragoneuria cynosura,2nd year larva,Metazoan,Invertebrate,Insect,Odonata,Common baskettail,Tetragoneuria cynosura,1st year larva,Mean,Y,24,25.0,Y,3,322.00,,3.65E+00,Original length,Order,1.20E-01,Original mass,,m^2 per pred per day,142,0.75,3.31E-02,2.10E-02,5.45E-02,3.48E-02,2.03E-02,4.84E-02,200,,
143,O'Donoghue et al 1998 ECOLOGY,Pred,2.00,In the field,Terrestrial,,Metazoan,Vertebrate,Mammal,Carnivora,Canis latrans,,Metazoan,Vertebrate,Mammal,,Snowshoe hare,Lepus americanus,,Mean,Y,,37.0,,1,3500000000000.00,,1.33E+07,Alternate species mass,,1.60E+06,Alternate species mass,,m^2 per pred per day,143,0.42,2.12E+04,1.35E+04,3.44E+04,4.10E-01,2.44E-01,5.99E-01,200,,
144,O'Donoghue et al 1998 ECOLOGY,Pred,2.00,In the field,Terrestrial,,Metazoan,Vertebrate,Mammal,Carnivora,Lynx canadensis,,Metazoan,Vertebrate,Mammal,,Snowshoe hare,Lepus americanus,,Mean,Y,,37.0,,1,3500000000000.00,,1.01E+07,Alternate species mass,,1.60E+06,Alternate species mass,,m^2 per pred per day,144,0.49,3.18E+04,1.73E+04,5.71E+04,7.74E-01,5.10E-01,1.02E+00,200,,
145,Katz 1985 ECOLOGY,Pred,2.00,,Aquatic,,Metazoan,Invertebrate,Mollusk,Gastropod,Urosalpinx cinere,Small,Metazoan,Invertebrate,Crustacean,Cirripedian,Barnacle,Balanus balanoides,,Mean,N,,,,1,30.25,,7.34E+02,Original length,Class,,,,m^2 per pred per day,145,0.79,9.92E-04,6.02E-04,1.49E-03,1.36E-01,8.68E-02,1.75E-01,200,,
146,Katz 1985 ECOLOGY,Pred,2.00,,Aquatic,,Metazoan,Invertebrate,Mollusk,Gastropod,Urosalpinx cinere,Medium,Metazoan,Invertebrate,Crustacean,Cirripedian,Barnacle,Balanus balanoides,,Mean,N,,,,1,30.25,,1.32E+03,Original length,Class,,,,m^2 per pred per day,146,0.74,1.28E-03,7.85E-04,2.42E-03,1.22E-01,8.33E-02,1.70E-01,200,,
147,Katz 1985 ECOLOGY,Pred,2.00,,Aquatic,,Metazoan,Invertebrate,Mollusk,Gastropod,Urosalpinx cinere,Large,Metazoan,Invertebrate,Crustacean,Cirripedian,Barnacle,Balanus balanoides,,Mean,N,,,,1,30.25,,2.15E+03,Original length,Class,,,,m^2 per pred per day,147,0.76,1.08E-03,6.21E-04,1.85E-03,1.18E-01,6.49E-02,1.74E-01,200,,
148,Laverty et al 2014 BIOL INVASIONS,Pred,3.00,,Aquatic,,Metazoan,Invertebrate,Crustacean,Amphipod,Gammarus pulex,Adult male,Metazoan,Invertebrate,Insect,Diptera,Blackfly,Simuliidae spp.,Larva,Mean,N,,12.0,,1,,150.00,3.80E+01,Original length,Order,6.00E+00,Original length,Order,m^3 per pred per day,148,0.54,2.07E-04,1.11E-04,3.70E-04,7.21E-02,3.87E-02,1.22E-01,200,Low oxygen,
149,Laverty et al 2014 BIOL INVASIONS,Pred,3.00,,Aquatic,,Metazoan,Invertebrate,Crustacean,Amphipod,Gammarus pulex,Adult male,Metazoan,Invertebrate,Insect,Diptera,Blackfly,Simuliidae spp.,Larva,Mean,N,,12.0,,1,,150.00,3.80E+01,Original length,Order,6.00E+00,Original length,Order,m^3 per pred per day,149,0.88,2.17E-04,1.75E-04,2.65E-04,4.04E-02,3.02E-02,5.88E-02,200,High oxygen,
150,Laverty et al 2014 BIOL INVASIONS,Pred,3.00,,Aquatic,,Metazoan,Invertebrate,Crustacean,Amphipod,Gammarus duebeni,Adult male,Metazoan,Invertebrate,Insect,Diptera,Blackfly,Simuliidae spp.,Larva,Mean,N,,12.0,,1,,150.00,3.80E+01,Original length,Order,6.00E+00,Original length,Order,m^3 per pred per day,150,0.21,2.92E-04,9.09E-05,8.45E-04,1.42E-01,5.53E-02,2.24E-01,200,Low oxygen,
151,Laverty et al 2014 BIOL INVASIONS,Pred,3.00,,Aquatic,,Metazoan,Invertebrate,Crustacean,Amphipod,Gammarus duebeni,Adult male,Metazoan,Invertebrate,Insect,Diptera,Blackfly,Simuliidae spp.,Larva,Mean,N,,12.0,,1,,150.00,3.80E+01,Original length,Order,6.00E+00,Original length,Order,m^3 per pred per day,151,0.82,1.80E-04,1.27E-04,2.51E-04,5.69E-02,3.70E-02,7.93E-02,200,High oxygen,
152,Laverty et al 2014 BIOL INVASIONS,Pred,3.00,,Aquatic,,Metazoan,Invertebrate,Crustacean,Amphipod,Gammarus pulex,Adult male,Metazoan,Invertebrate,Insect,Ephemeroptera,Mayfly,Baetis rhodani,Larva,Mean,N,,12.0,,1,,150.00,3.80E+01,Original length,Order,4.23E+00,Original length,Order,m^3 per pred per day,152,0.85,1.73E-04,1.39E-04,2.12E-04,5.62E-02,3.98E-02,7.98E-02,200,Low oxygen,
153,Laverty et al 2014 BIOL INVASIONS,Pred,3.00,,Aquatic,,Metazoan,Invertebrate,Crustacean,Amphipod,Gammarus pulex,Adult male,Metazoan,Invertebrate,Insect,Ephemeroptera,Mayfly,Baetis rhodani,Larva,Mean,N,,12.0,,1,,150.00,3.80E+01,Original length,Order,4.23E+00,Original length,Order,m^3 per pred per day,153,0.84,1.75E-04,1.33E-04,2.29E-04,4.45E-02,2.73E-02,6.43E-02,200,High oxygen,
154,Laverty et al 2014 BIOL INVASIONS,Pred,3.00,,Aquatic,,Metazoan,Invertebrate,Crustacean,Amphipod,Gammarus duebeni,Adult male,Metazoan,Invertebrate,Insect,Ephemeroptera,Mayfly,Baetis rhodani,Larva,Mean,N,,12.0,,1,,150.00,3.80E+01,Original length,Order,4.23E+00,Original length,Order,m^3 per pred per day,154,0.63,1.48E-04,9.27E-05,2.20E-04,1.56E-01,1.16E-01,2.01E-01,200,Low oxygen,
155,Laverty et al 2014 BIOL INVASIONS,Pred,3.00,,Aquatic,,Metazoan,Invertebrate,Crustacean,Amphipod,Gammarus duebeni,Adult male,Metazoan,Invertebrate,Insect,Ephemeroptera,Mayfly,Baetis rhodani,Larva,Mean,N,,12.0,,1,,150.00,3.80E+01,Original length,Order,4.23E+00,Original length,Order,m^3 per pred per day,155,0.72,2.15E-04,1.64E-04,3.02E-04,7.38E-02,5.44E-02,9.95E-02,200,High oxygen,
156,Dick et al 2015 BIOL INVASIONS,Pred,3.00,,Aquatic,,Metazoan,Invertebrate,Crustacean,Amphipod,Dikerogammarus haemobaphes,,Metazoan,Invertebrate,Insect,Diptera,,Chironomus spp.,,Raw data,N,48,14.0,,1,,100.00,1.71E+01,Alternate species length,Order,1.74E+00,Alternate family length,Family,m^3 per pred per day,156,0.45,1.12E-04,4.89E-05,2.75E-04,6.51E-02,4.97E-10,1.36E-01,200,,
157,Dick et al 2015 BIOL INVASIONS,Pred,3.00,,Aquatic,,Metazoan,Invertebrate,Crustacean,Amphipod,Dikerogammarus haemobaphes,,Metazoan,Invertebrate,Crustacean,Amphipod,,Chelicorophium curvispinum,Tubeless,Raw data,N,48,14.0,,1,,100.00,1.71E+01,Alternate species length,Order,3.25E+00,Alternate species length,Order,m^3 per pred per day,157,0.93,1.40E-04,1.03E-04,1.87E-04,5.43E-02,3.81E-02,6.74E-02,200,,
158,Dick et al 2015 BIOL INVASIONS,Pred,3.00,,Aquatic,,Metazoan,Invertebrate,Crustacean,Amphipod,Dikerogammarus haemobaphes,,Metazoan,Invertebrate,Crustacean,Amphipod,,Chelicorophium curvispinum,In tube,Raw data,N,48,14.0,,1,,100.00,1.71E+01,Alternate species length,Order,3.25E+00,Alternate species length,Order,m^3 per pred per day,158,0.60,8.44E-05,4.37E-05,1.37E-04,6.72E-02,1.03E-02,1.21E-01,200,,
159,Dick et al 2015 BIOL INVASIONS,Pred,3.00,,Aquatic,,Metazoan,Invertebrate,Crustacean,Amphipod,Dikerogammarus villosus,,Metazoan,Invertebrate,Insect,Diptera,,Chironomus spp.,,Raw data,N,48,14.0,,1,,100.00,2.74E+01,Alternate species length,Order,1.74E+00,Alternate family length,Family,m^3 per pred per day,159,0.74,1.62E-04,1.00E-04,3.07E-04,5.27E-02,3.63E-03,6.91E-02,200,,
160,Dick et al 2015 BIOL INVASIONS,Pred,3.00,,Aquatic,,Metazoan,Invertebrate,Crustacean,Amphipod,Dikerogammarus villosus,,Metazoan,Invertebrate,Crustacean,Amphipod,,Chelicorophium curvispinum,Tubeless,Raw data,N,48,14.0,,1,,100.00,2.74E+01,Alternate species length,Order,3.25E+00,Alternate species length,Order,m^3 per pred per day,160,0.96,1.22E-04,9.81E-05,1.53E-04,2.02E-02,6.86E-10,3.14E-02,200,,
161,Dick et al 2015 BIOL INVASIONS,Pred,3.00,,Aquatic,,Metazoan,Invertebrate,Crustacean,Amphipod,Dikerogammarus villosus,,Metazoan,Invertebrate,Crustacean,Amphipod,,Chelicorophium curvispinum,In tube,Raw data,N,48,14.0,,1,,100.00,2.74E+01,Alternate species length,Order,3.25E+00,Alternate species length,Order,m^3 per pred per day,161,0.78,9.45E-05,6.39E-05,1.59E-04,2.91E-02,4.91E-10,7.15E-02,200,,
162,Dick et al 2015 BIOL INVASIONS,Pred,3.00,,Aquatic,,Metazoan,Invertebrate,Crustacean,Amphipod,Gammarus pulex,,Metazoan,Invertebrate,Insect,Diptera,,Chironomus spp.,,Raw data,N,48,14.0,,1,,100.00,3.22E+01,Average species mass,,1.74E+00,Alternate family length,Family,m^3 per pred per day,162,0.80,1.11E-04,6.37E-05,1.62E-04,6.48E-02,2.57E-02,8.52E-02,200,,
163,Dick et al 2015 BIOL INVASIONS,Pred,3.00,,Aquatic,,Metazoan,Invertebrate,Crustacean,Amphipod,Gammarus pulex,,Metazoan,Invertebrate,Crustacean,Amphipod,,Chelicorophium curvispinum,Tubeless,Raw data,N,48,14.0,,1,,100.00,3.22E+01,Average species mass,,3.25E+00,Alternate species length,Order,m^3 per pred per day,163,0.35,2.46E-04,1.41E-04,1.88E-03,1.44E-01,1.04E-01,1.88E-01,200,,
164,Dick et al 2015 BIOL INVASIONS,Pred,3.00,,Aquatic,,Metazoan,Invertebrate,Crustacean,Amphipod,Gammarus pulex,,Metazoan,Invertebrate,Crustacean,Amphipod,,Chelicorophium curvispinum,In tube,Raw data,N,48,14.0,,1,,100.00,3.22E+01,Average species mass,,3.25E+00,Alternate species length,Order,m^3 per pred per day,164,0.28,2.30E-04,1.01E-04,1.57E-03,2.80E-01,1.83E-01,3.51E-01,200,,
165,Anderson 2016 J ZOOL,Pred,3.00,,Aquatic,,Metazoan,Invertebrate,Insect,Odonata,Anax spp.,Large larva,Metazoan,Vertebrate,Amphibian,,Ringed salamander,Ambystoma annulatum,Hatchling,Raw data,N,,22.0,,1,,2000.00,7.62E+02,Original length,Order,,,,m^3 per pred per day,165,0.43,2.37E-02,1.34E-02,6.90E-02,1.73E-02,1.07E-02,2.57E-02,200,cannibal cue present,
166,Anderson 2016 J ZOOL,Pred,3.00,,Aquatic,,Metazoan,Invertebrate,Insect,Odonata,Anax spp.,Small larva,Metazoan,Vertebrate,Amphibian,,Ringed salamander,Ambystoma annulatum,Hatchling,Raw data,N,,22.0,,1,,2000.00,7.41E+02,Original length,Order,,,,m^3 per pred per day,166,0.83,2.15E-02,1.37E-02,4.55E-02,8.10E-03,5.16E-03,1.21E-02,200,cannibal cue absent,
167,Anderson et al 2015 CAN J ZOOL,Pred,3.00,,Terrestrial,,Metazoan,Vertebrate,Amphibian,,Ambystoma annulatum,Larva,Metazoan,Vertebrate,Amphibian,,Spotted salamander,Ambystoma maculatum,Hatchling,Raw data,N,,22.0,,1,,30000.00,,,,,,,m^3 per pred per day,167,0.69,1.24E-02,8.18E-03,2.27E-02,5.87E-02,7.36E-03,1.26E-01,200,small pred,
168,Anderson et al 2015 CAN J ZOOL,Pred,3.00,,Terrestrial,,Metazoan,Vertebrate,Amphibian,,Ambystoma annulatum,Larva,Metazoan,Vertebrate,Amphibian,,Spotted salamander,Ambystoma maculatum,,Raw data,N,,22.0,,1,,30000.00,,,,,,,m^3 per pred per day,168,0.86,1.19E-02,1.03E-02,1.43E-02,4.97E-10,1.45E-11,7.99E-03,200,large pred,
169,Anderson et al 2015 CAN J ZOOL,Pred,3.00,,Terrestrial,,Metazoan,Vertebrate,Amphibian,,Ambystoma opacum,Larva,Metazoan,Vertebrate,Amphibian,,Spotted salamander,Ambystoma maculatum,,Raw data,N,,22.0,,1,,30000.00,,,,,,,m^3 per pred per day,169,0.65,1.09E-02,8.72E-03,1.55E-02,1.77E-02,4.91E-10,6.24E-02,200,small pred,
170,Anderson et al 2015 CAN J ZOOL,Pred,3.00,,Terrestrial,,Metazoan,Vertebrate,Amphibian,,Ambystoma opacum,Larva,Metazoan,Vertebrate,Amphibian,,Spotted salamander,Ambystoma maculatum,,Raw data,N,,22.0,,1,,30000.00,,,,,,,m^3 per pred per day,170,0.92,1.19E-02,9.76E-03,1.54E-02,1.10E-02,1.40E-12,5.42E-02,200,large pred,
171,Anderson et al 2015 CAN J ZOOL,Pred,3.00,,Terrestrial,,Metazoan,Vertebrate,Amphibian,,Ambystoma maculatum,Larva,Metazoan,Vertebrate,Amphibian,,Ringed salamander,Ambystoma annulatum,,Raw data,N,,22.0,,1,,5000.00,,,,,,,m^3 per pred per day,171,0.78,3.21E-03,2.20E-03,4.42E-03,5.80E-02,1.29E-03,8.28E-02,200,,
172,Song 2016 SYS APPL ACAR,Pred,2.00,,Terrestrial,,Metazoan,Invertebrate,Arachnid,Mite,Neoseiulus californicus,Adult female,Metazoan,Invertebrate,Arachnid,Mite,Red spider mite,Tetranychus urticae,Egg,Mean,N,24,25.0,,1,9.62,,6.13E-02,Alternate order mass,Order,2.11E-03,Alternate species length,Class,m^2 per pred per day,172,0.74,1.54E-03,1.29E-03,1.84E-03,7.69E-02,7.01E-02,8.33E-02,200,,
173,Song 2016 SYS APPL ACAR,Pred,2.00,,Terrestrial,,Metazoan,Invertebrate,Arachnid,Mite,Neoseiulus californicus,Adult female,Metazoan,Invertebrate,Arachnid,Mite,Red spider mite,Tetranychus urticae,Larva,Mean,N,24,25.0,,1,9.62,,6.13E-02,Alternate order mass,Order,,,,m^2 per pred per day,173,0.84,1.54E-03,1.35E-03,1.78E-03,2.22E-02,1.94E-02,2.62E-02,200,,
174,Song 2016 SYS APPL ACAR,Pred,2.00,,Terrestrial,,Metazoan,Invertebrate,Arachnid,Mite,Neoseiulus californicus,Adult female,Metazoan,Invertebrate,Arachnid,Mite,Red spider mite,Tetranychus urticae,Protonymph,Mean,N,24,25.0,,1,9.62,,6.13E-02,Alternate order mass,Order,,,,m^2 per pred per day,174,0.85,1.13E-03,9.51E-04,1.34E-03,3.30E-02,2.83E-02,3.76E-02,200,,
175,Song 2016 SYS APPL ACAR,Pred,2.00,,Terrestrial,,Metazoan,Invertebrate,Arachnid,Mite,Neoseiulus californicus,Adult female,Metazoan,Invertebrate,Arachnid,Mite,Kanzawa spider mite,Tetranychus kanzawai,Egg,Mean,N,24,25.0,,1,9.62,,6.13E-02,Alternate order mass,Order,2.11E-03,Alternate genus length,Class,m^2 per pred per day,175,0.71,1.74E-03,1.51E-03,1.95E-03,7.53E-02,6.97E-02,8.15E-02,200,,
176,Song 2016 SYS APPL ACAR,Pred,2.00,,Terrestrial,,Metazoan,Invertebrate,Arachnid,Mite,Neoseiulus californicus,Adult female,Metazoan,Invertebrate,Arachnid,Mite,Kanzawa spider mite,Tetranychus kanzawai,Larva,Mean,N,24,25.0,,1,9.62,,6.13E-02,Alternate order mass,Order,,,,m^2 per pred per day,176,0.89,1.26E-03,1.07E-03,1.44E-03,1.99E-02,1.65E-02,2.30E-02,200,,
177,Song 2016 SYS APPL ACAR,Pred,2.00,,Terrestrial,,Metazoan,Invertebrate,Arachnid,Mite,Neoseiulus californicus,Adult female,Metazoan,Invertebrate,Arachnid,Mite,Kanzawa spider mite,Tetranychus kanzawai,Protonymph,Mean,N,24,25.0,,1,9.62,,6.13E-02,Alternate order mass,Order,,,,m^2 per pred per day,177,0.82,8.73E-04,6.88E-04,1.07E-03,2.32E-02,1.64E-02,2.92E-02,200,,
178,Song 2016 SYS APPL ACAR,Pred,2.00,,Terrestrial,,Metazoan,Invertebrate,Arachnid,Mite,Neoseilulus longispinosus,Adult female,Metazoan,Invertebrate,Arachnid,Mite,Red spider mite,Tetranychus urticae,Egg,Mean,N,24,25.0,,1,9.62,,6.13E-02,Alternate order mass,Order,2.11E-03,Alternate species length,Class,m^2 per pred per day,178,0.69,1.31E-03,1.08E-03,1.60E-03,4.91E-02,4.28E-02,5.73E-02,200,,
179,Song 2016 SYS APPL ACAR,Pred,2.00,,Terrestrial,,Metazoan,Invertebrate,Arachnid,Mite,Neoseilulus longispinosus,Adult female,Metazoan,Invertebrate,Arachnid,Mite,Red spider mite,Tetranychus urticae,Larva,Mean,N,24,25.0,,1,9.62,,6.13E-02,Alternate order mass,Order,,,,m^2 per pred per day,179,0.72,5.53E-04,3.95E-04,7.67E-04,3.40E-02,2.27E-02,4.78E-02,200,,
180,Song 2016 SYS APPL ACAR,Pred,2.00,,Terrestrial,,Metazoan,Invertebrate,Arachnid,Mite,Neoseilulus longispinosus,Adult female,Metazoan,Invertebrate,Arachnid,Mite,Red spider mite,Tetranychus urticae,Protonymph,Mean,N,24,25.0,,1,9.62,,6.13E-02,Alternate order mass,Order,,,,m^2 per pred per day,180,0.68,5.26E-04,3.80E-04,6.93E-04,4.81E-02,3.45E-02,6.40E-02,200,,
181,Song 2016 SYS APPL ACAR,Pred,2.00,,Terrestrial,,Metazoan,Invertebrate,Arachnid,Mite,Neoseilulus longispinosus,Adult female,Metazoan,Invertebrate,Arachnid,Mite,Kanzawa spider mite,Tetranychus kanzawai,Egg,Mean,N,24,25.0,,1,9.62,,6.13E-02,Alternate order mass,Order,2.11E-03,Alternate genus length,Class,m^2 per pred per day,181,0.60,9.27E-04,5.52E-04,1.36E-03,3.25E-02,1.76E-02,4.47E-02,200,,
182,Song 2016 SYS APPL ACAR,Pred,2.00,,Terrestrial,,Metazoan,Invertebrate,Arachnid,Mite,Neoseilulus longispinosus,Adult female,Metazoan,Invertebrate,Arachnid,Mite,Kanzawa spider mite,Tetranychus kanzawai,Larva,Mean,N,24,25.0,,1,9.62,,6.13E-02,Alternate order mass,Order,,,,m^2 per pred per day,182,0.80,5.94E-04,4.67E-04,8.04E-04,3.05E-02,2.36E-02,3.82E-02,200,,
183,Song 2016 SYS APPL ACAR,Pred,2.00,,Terrestrial,,Metazoan,Invertebrate,Arachnid,Mite,Neoseilulus longispinosus,Adult female,Metazoan,Invertebrate,Arachnid,Mite,Kanzawa spider mite,Tetranychus kanzawai,Protonymph,Mean,N,24,25.0,,1,9.62,,6.13E-02,Alternate order mass,Order,,,,m^2 per pred per day,183,0.76,5.82E-04,4.17E-04,7.84E-04,4.01E-02,2.74E-02,5.08E-02,200,,
184,Sharifan et al 2016 ARCH PHYT PLANT PROT,Pred,2.00,,Terrestrial,,Metazoan,Invertebrate,Insect,Hemiptera,Macrolophus pygmaeus,Adult (1d old),Metazoan,Invertebrate,Insect,Lepidoptera,Mediterranean flour moth,Ephestia kuehniella,Egg,Mean,N,24,26.0,,1,78.54,,3.29E+00,Alternate species length,Family,1.16E-03,Alternate species length,Order,m^2 per pred per day,184,0.91,7.93E-03,7.18E-03,8.66E-03,3.98E-02,3.36E-02,4.63E-02,200,,
185,Sharifan et al 2016 ARCH PHYT PLANT PROT,Pred,2.00,,Terrestrial,,Metazoan,Invertebrate,Insect,Hemiptera,Macrolophus pygmaeus,Adult (1d old),Metazoan,Invertebrate,Insect,Lepidoptera,Tomato leaf miner,Tuta absoluta,Egg,Mean,N,24,26.0,,1,78.54,,3.29E+00,Alternate species length,Family,4.05E-04,Alternate species length,Order,m^2 per pred per day,185,0.91,7.63E-03,7.05E-03,8.30E-03,3.78E-02,3.06E-02,4.45E-02,200,,
186,Sharifan et al 2016 ARCH PHYT PLANT PROT,Pred,2.00,,Terrestrial,,Metazoan,Invertebrate,Insect,Hemiptera,Nesidiocoris tenuis,Adult (1d old),Metazoan,Invertebrate,Insect,Lepidoptera,Mediterranean flour moth,Ephestia kuehniella,Egg,Mean,N,24,26.0,,1,78.54,,4.43E+00,Alternate species length,Family,1.16E-03,Alternate species length,Order,m^2 per pred per day,186,0.90,1.11E-02,1.01E-02,1.21E-02,7.09E-02,6.32E-02,7.84E-02,200,,
187,Sharifan et al 2016 ARCH PHYT PLANT PROT,Pred,2.00,,Terrestrial,,Metazoan,Invertebrate,Insect,Hemiptera,Nesidiocoris tenuis,Adult (1d old),Metazoan,Invertebrate,Insect,Lepidoptera,Tomato leaf miner,Tuta absoluta,Egg,Mean,N,24,26.0,,1,78.54,,4.43E+00,Alternate species length,Family,4.05E-04,Alternate species length,Order,m^2 per pred per day,187,0.89,1.10E-02,1.01E-02,1.19E-02,7.02E-02,6.36E-02,7.63E-02,200,,
188,Khan et al 2015 J ECO ENTO,Pred,2.00,,Terrestrial,,Metazoan,Invertebrate,Insect,Diptera,Episyrphus balteatus,2nd instar,Metazoan,Invertebrate,Insect,Hemiptera,Green apple aphid,Aphis pomi,4th instar,Raw data,N,,25.0,,1,63.62,,9.74E+00,% adult mass,,5.23E-01,Alternate species length,Family,m^2 per pred per day,188,0.67,6.48E-03,3.34E-03,9.66E-03,1.81E-02,1.06E-02,3.00E-02,200,,
189,Khan et al 2015 J ECO ENTO,Pred,2.00,,Terrestrial,,Metazoan,Invertebrate,Insect,Diptera,Episyrphus balteatus,3rd instar,Metazoan,Invertebrate,Insect,Hemiptera,Green apple aphid,Aphis pomi,4th instar,Raw data,N,,25.0,,1,63.62,,5.37E+01,% adult mass,,5.23E-01,Alternate species length,Family,m^2 per pred per day,189,0.90,9.96E-03,8.53E-03,1.17E-02,1.26E-02,1.09E-02,1.38E-02,200,,
190,Khan et al 2015 J ECO ENTO,Pred,2.00,,Terrestrial,,Metazoan,Invertebrate,Insect,Diptera,Eristalis tenax,2nd instar,Metazoan,Invertebrate,Insect,Hemiptera,Green apple aphid,Aphis pomi,4th instar,Raw data,N,,25.0,,1,63.62,,1.21E+01,% adult mass,,5.23E-01,Alternate species length,Family,m^2 per pred per day,190,0.94,8.66E-03,7.57E-03,1.00E-02,1.86E-02,1.68E-02,2.02E-02,200,,
191,Khan et al 2015 J ECO ENTO,Pred,2.00,,Terrestrial,,Metazoan,Invertebrate,Insect,Diptera,Eristalis tenax,3rd instar,Metazoan,Invertebrate,Insect,Hemiptera,Green apple aphid,Aphis pomi,4th instar,Raw data,N,,25.0,,1,63.62,,6.66E+01,% adult mass,,5.23E-01,Alternate species length,Family,m^2 per pred per day,191,0.93,8.22E-03,7.12E-03,9.68E-03,1.31E-02,1.11E-02,1.41E-02,200,,
192,Khan et al 2015 J ECO ENTO,Pred,2.00,,Terrestrial,,Metazoan,Invertebrate,Insect,Diptera,Eristalis interruptus,2nd instar,Metazoan,Invertebrate,Insect,Hemiptera,Green apple aphid,Aphis pomi,4th instar,Raw data,N,,25.0,,1,63.62,,9.74E+00,% adult mass,,5.23E-01,Alternate species length,Family,m^2 per pred per day,192,0.88,7.32E-03,6.16E-03,8.93E-03,2.14E-02,1.72E-02,2.38E-02,200,,
193,Khan et al 2015 J ECO ENTO,Pred,2.00,,Terrestrial,,Metazoan,Invertebrate,Insect,Diptera,Eristalis interruptus,3rd instar,Metazoan,Invertebrate,Insect,Hemiptera,Green apple aphid,Aphis pomi,4th instar,Raw data,N,,25.0,,1,63.62,,5.37E+01,% adult mass,,5.23E-01,Alternate species length,Family,m^2 per pred per day,193,0.91,7.50E-03,6.46E-03,8.71E-03,1.55E-02,1.30E-02,1.69E-02,200,,
194,Khan et al 2015 J ECO ENTO,Pred,2.00,,Terrestrial,,Metazoan,Invertebrate,Insect,Diptera,Sphaerophoria scripta,2nd instar,Metazoan,Invertebrate,Insect,Hemiptera,Green apple aphid,Aphis pomi,4th instar,Raw data,N,,25.0,,1,63.62,,3.85E+00,% adult mass,,5.23E-01,Alternate species length,Family,m^2 per pred per day,194,0.90,6.62E-03,5.69E-03,7.96E-03,2.59E-02,2.18E-02,2.88E-02,200,,
195,Khan et al 2015 J ECO ENTO,Pred,2.00,,Terrestrial,,Metazoan,Invertebrate,Insect,Diptera,Sphaerophoria scripta,3rd instar,Metazoan,Invertebrate,Insect,Hemiptera,Green apple aphid,Aphis pomi,4th instar,Raw data,N,,25.0,,1,63.62,,2.12E+01,% adult mass,,5.23E-01,Alternate species length,Family,m^2 per pred per day,195,0.88,7.01E-03,6.00E-03,8.53E-03,2.35E-02,2.11E-02,2.53E-02,200,,
196,Sundell et al 2000 OIKOS,Pred,2.00,In the field,Terrestrial,,Metazoan,Vertebrate,Mammal,Carnivora,Mustela nivalis,Young adult female,Metazoan,Vertebrate,Mammal,,Sibling vole,Microtus rossiaemeridionalis,Adult,Raw data,Y,,37.0,,1,50000000.00,,4.75E+04,Original mass,,2.82E+04,Original mass,,m^2 per pred per day,196,0.56,1.44E+03,8.38E+02,4.09E+03,2.37E-01,7.06E-02,5.03E-01,200,,
197,Dale et al 1994 J ANIM ECOL,Pred,2.00,In the field,Terrestrial,,Metazoan,Vertebrate,Mammal,Carnivora,Canis lupus,Wild,Metazoan,Vertebrate,Mammal,,Caribou,Rangifer tarandus,Wild,Raw data,Y,,37.0,,1,,,2.66E+07,Alternate species mass,,1.01E+08,Alternate species mass,,m^2 per pred per day,197,0.14,6.41E+06,1.67E+06,1.62E+10,1.03E+01,8.96E+00,1.44E+01,200,,
198,Faria et al 2004 J INS BEHAV,Pred,2.00,,Terrestrial,,Metazoan,Invertebrate,Insect,Diptera,Chrysomya albiceps,3rd instar,Metazoan,Invertebrate,Insect,Diptera,Blowfly,Chrysomya albiceps,2nd instar,Mean,N,,25.0,,1,7.07,,3.16E+01,Alternate species length,Order,5.74E+00,Alternate species length,Order,m^2 per pred per day,198,0.47,1.97E-03,1.50E-03,2.48E-03,1.17E-02,5.84E-03,1.67E-02,200,,
199,Angerbj?rn 1989 OECOLOGIA,Pred,2.00,In the field,Terrestrial,,Metazoan,Vertebrate,Mammal,Carnivora,Vulpes vulpes,Wild,Metazoan,Vertebrate,Mammal,,Mountain hare,Lepus timidus,Wild,Raw data,Y,,37.0,,1,,,4.13E+06,Alternate species mass,,4.18E+06,Alternate species mass,,m^2 per pred per day,199,0.73,3.25E+03,1.52E+03,5.46E+03,3.91E+00,1.37E+00,5.31E+00,200,,
200,Korpimäki and Norrdahl 1991 ECOLOGY,Pred,2.00,In the field,Terrestrial,,Metazoan,Vertebrate,Bird,,Falco tinnunculus,Wild,Metazoan,Vertebrate,Mammal,,Vole,Microtus spp.,Wild,Raw data,Y,,37.0,,1,,,1.84E+05,Alternate species mass,,3.89E+04,Average genus mass,,m^2 per pred per day,200,0.93,3.01E+03,1.95E+03,4.94E+03,3.43E-01,2.24E-01,4.89E-01,200,,
201,Korpimäki and Norrdahl 1991 ECOLOGY,Pred,2.00,In the field,Terrestrial,,Metazoan,Vertebrate,Bird,,Asio flammeus,Wild,Metazoan,Vertebrate,Mammal,,Vole,Microtus spp.,Wild,Raw data,Y,,37.0,,1,,,4.06E+05,Alternate species mass,,3.89E+04,Average genus mass,,m^2 per pred per day,201,0.82,3.19E+03,1.69E+03,5.97E+03,2.37E-01,4.23E-02,3.87E-01,200,,
202,Korpimäki and Norrdahl 1991 ECOLOGY,Pred,2.00,In the field,Terrestrial,,Metazoan,Vertebrate,Bird,,Asio otus,Wild,Metazoan,Vertebrate,Mammal,,Vole,Microtus spp.,Wild,Raw data,Y,,37.0,,1,,,2.50E+05,Alternate species mass,,3.89E+04,Average genus mass,,m^2 per pred per day,202,0.89,3.51E+03,2.18E+03,5.63E+03,3.11E-01,1.45E-01,3.99E-01,200,,
203,van Lenteren et al 2016 INSECTS,Pred,2.50,,Terrestrial,,Metazoan,Invertebrate,Insect,Hemiptera,Campyloneuropsis infumatus,Female (2-7d old),Metazoan,Invertebrate,Insect,Lepidoptera,Tomato leaf miner,Tuta absoluta,Egg,Raw data,N,24,25.0,,1,78.54,1570.80,7.56E+00,Alternate family mass,Family,4.05E-04,Alternate species length,Order,m^2.5 per pred per day,203,0.45,8.51E-03,5.97E-03,1.23E-02,9.54E-03,3.86E-03,1.49E-02,200,,
204,van Lenteren et al 2016 INSECTS,Pred,2.50,,Terrestrial,,Metazoan,Invertebrate,Insect,Hemiptera,Engytatus varians,Female (2-7d old),Metazoan,Invertebrate,Insect,Lepidoptera,Tomato leaf miner,Tuta absoluta,Egg,Raw data,N,24,25.0,,1,78.54,1570.80,5.28E+00,Alternate family length,Family,4.05E-04,Alternate species length,Order,m^2.5 per pred per day,204,0.62,8.56E-03,6.68E-03,1.07E-02,5.97E-03,3.28E-03,8.28E-03,200,,
205,van Lenteren et al 2016 INSECTS,Pred,2.50,,Terrestrial,,Metazoan,Invertebrate,Insect,Hemiptera,Macrolophus basicornis,Female (2-7d old),Metazoan,Invertebrate,Insect,Lepidoptera,Tomato leaf miner,Tuta absoluta,Egg,Raw data,N,24,25.0,,1,78.54,1570.80,2.24E+00,Alternate genus length,Family,4.05E-04,Alternate species length,Order,m^2.5 per pred per day,205,0.81,1.18E-02,9.85E-03,1.36E-02,6.26E-03,5.13E-03,7.14E-03,200,,
206,Mohaghegh et al 2001 J APPL ENT,Pred,2.00,,Terrestrial,,Metazoan,Invertebrate,Insect,Hemiptera,Podisus maculiventris,Adult female (2-4w old),Metazoan,Invertebrate,Insect,Lepidoptera,Beet armyworm,Spodoptera exigua,4th instar,Raw data,N,24,18.0,,1,153.94,,7.58E+01,Alternate species length,Family,1.83E+01,Alternate species mass,,m^2 per pred per day,206,0.41,2.10E-02,9.11E-03,4.18E-02,1.16E-01,6.52E-02,1.65E-01,200,,
207,Mohaghegh et al 2001 J APPL ENT,Pred,2.00,,Terrestrial,,Metazoan,Invertebrate,Insect,Hemiptera,Podisus nigrispinus,Adult female (2-4w old),Metazoan,Invertebrate,Insect,Lepidoptera,Beet armyworm,Spodoptera exigua,4th instar,Raw data,N,24,18.0,,1,153.94,,9.25E+01,Alternate species mass,,1.83E+01,Alternate species mass,,m^2 per pred per day,207,0.31,1.46E-02,4.39E-03,3.76E-02,1.49E-01,2.35E-02,2.76E-01,200,,
208,Mohaghegh et al 2001 J APPL ENT,Pred,2.00,,Terrestrial,,Metazoan,Invertebrate,Insect,Hemiptera,Podisus maculiventris,Adult female (2-4w old),Metazoan,Invertebrate,Insect,Lepidoptera,Beet armyworm,Spodoptera exigua,4th instar,Raw data,N,24,23.0,,1,153.94,,7.58E+01,Alternate species length,Family,1.83E+01,Alternate species mass,,m^2 per pred per day,208,0.62,2.44E-02,1.40E-02,3.91E-02,8.16E-02,4.79E-02,1.09E-01,200,,
209,Mohaghegh et al 2001 J APPL ENT,Pred,2.00,,Terrestrial,,Metazoan,Invertebrate,Insect,Hemiptera,Podisus nigrispinus,Adult female (2-4w old),Metazoan,Invertebrate,Insect,Lepidoptera,Beet armyworm,Spodoptera exigua,4th instar,Raw data,N,24,23.0,,1,153.94,,9.25E+01,Alternate species mass,,1.83E+01,Alternate species mass,,m^2 per pred per day,209,0.63,1.45E-02,7.43E-03,2.47E-02,5.31E-02,1.55E-02,7.61E-02,200,,
210,Mohaghegh et al 2001 J APPL ENT,Pred,2.00,,Terrestrial,,Metazoan,Invertebrate,Insect,Hemiptera,Podisus maculiventris,Adult female (2-4w old),Metazoan,Invertebrate,Insect,Lepidoptera,Beet armyworm,Spodoptera exigua,4th instar,Raw data,N,24,27.0,,1,153.94,,7.58E+01,Alternate species length,Family,1.83E+01,Alternate species mass,,m^2 per pred per day,210,0.66,3.59E-02,2.60E-02,5.74E-02,7.85E-02,6.48E-02,9.25E-02,200,,
211,Mohaghegh et al 2001 J APPL ENT,Pred,2.00,,Terrestrial,,Metazoan,Invertebrate,Insect,Hemiptera,Podisus nigrispinus,Adult female (2-4w old),Metazoan,Invertebrate,Insect,Lepidoptera,Beet armyworm,Spodoptera exigua,4th instar,Raw data,N,24,27.0,,1,153.94,,9.25E+01,Alternate species mass,,1.83E+01,Alternate species mass,,m^2 per pred per day,211,0.76,2.17E-02,1.50E-02,3.46E-02,4.91E-02,3.43E-02,6.25E-02,200,,
212,Isenhour and Yeargan 1981 ENVIRON ENTOMOL,Pred,2.00,,Terrestrial,,Metazoan,Invertebrate,Insect,Hemiptera,Orius insidiosus,Adult female (48h old),Metazoan,Invertebrate,Insect,Thysanoptera,Soybean thrips,Sericothrips variabilis,Adult,Mean,N,12,24.0,,1,9.62,,2.35E-01,Alternate species length,Order,7.49E-02,Alternate order length,Order,m^2 per pred per day,212,0.53,1.47E-03,1.14E-03,1.93E-03,1.81E-02,1.42E-02,2.18E-02,200,,
213,Isenhour and Yeargan 1981 ENVIRON ENTOMOL,Pred,2.00,,Terrestrial,,Metazoan,Invertebrate,Insect,Hemiptera,Orius insidiosus,Adult male (48h old),Metazoan,Invertebrate,Insect,Thysanoptera,Soybean thrips,Sericothrips variabilis,Adult,Mean,N,12,24.0,,1,9.62,,2.35E-01,Alternate species length,Order,7.49E-02,Alternate order length,Order,m^2 per pred per day,213,0.46,1.25E-03,9.06E-04,1.69E-03,2.96E-02,2.35E-02,3.51E-02,200,,
214,Isenhour and Yeargan 1981 ENVIRON ENTOMOL,Pred,2.00,,Terrestrial,,Metazoan,Invertebrate,Insect,Hemiptera,Orius insidiosus,Adult female (48h old),Metazoan,Invertebrate,Insect,Thysanoptera,Soybean thrips,Sericothrips variabilis,Adult,Mean,N,12,24.0,,1,65.00,,2.35E-01,Alternate species length,Order,7.49E-02,Alternate order length,Order,m^2 per pred per day,214,0.59,4.63E-03,2.95E-03,7.01E-03,4.04E-02,2.48E-02,5.47E-02,200,,
215,Isenhour and Yeargan 1981 ENVIRON ENTOMOL,Pred,2.00,,Terrestrial,,Metazoan,Invertebrate,Insect,Hemiptera,Orius insidiosus,Adult male (48h old),Metazoan,Invertebrate,Insect,Thysanoptera,Soybean thrips,Sericothrips variabilis,Adult,Mean,N,12,24.0,,1,65.00,,2.35E-01,Alternate species length,Order,7.49E-02,Alternate order length,Order,m^2 per pred per day,215,0.52,2.09E-03,1.15E-03,3.50E-03,6.45E-02,2.15E-02,9.72E-02,200,,
216,Saljoqi et al 2016 PAKISTAN J ZOOL,Pred,2.00,,Terrestrial,,Metazoan,Invertebrate,Insect,Neuroptera,Chrysoperla carnea,1st instar,Metazoan,Invertebrate,Insect,Hemiptera,Cabbage aphid,Brevicoryne brassicae,"2nd instar, 3rd instar",Mean,N,24,28.0,,1,78.54,,4.61E-03,Alternate species length,Family,1.67E-01,% adult mass,,m^2 per pred per day,216,0.22,7.94E-03,5.42E-03,2.16E-02,1.33E-02,4.71E-10,4.83E-02,200,,
217,Saljoqi et al 2016 PAKISTAN J ZOOL,Pred,2.00,,Terrestrial,,Metazoan,Invertebrate,Insect,Neuroptera,Chrysoperla carnea,2nd instar,Metazoan,Invertebrate,Insect,Hemiptera,Cabbage aphid,Brevicoryne brassicae,"2nd instar, 3rd instar",Mean,N,24,28.0,,1,78.54,,2.49E+00,% adult mass,,1.67E-01,% adult mass,,m^2 per pred per day,217,0.21,4.00E-03,2.57E-03,1.22E-02,5.23E-02,4.12E-03,1.23E-01,200,,
218,Saljoqi et al 2016 PAKISTAN J ZOOL,Pred,2.00,,Terrestrial,,Metazoan,Invertebrate,Insect,Neuroptera,Chrysoperla carnea,3rd instar,Metazoan,Invertebrate,Insect,Hemiptera,Cabbage aphid,Brevicoryne brassicae,"2nd instar, 3rd instar",Mean,N,24,28.0,,1,78.54,,4.97E+00,Alternate species length,Family,1.67E-01,% adult mass,,m^2 per pred per day,218,0.18,1.90E-02,9.28E-03,6.14E-02,1.52E-02,6.06E-03,2.35E-02,200,,
219,Ding-Xu et al 2007 BIOCONTROL,Pred,2.00,,Terrestrial,,Metazoan,Invertebrate,Insect,Thysanoptera,Scolothrips takahashii,Adult female,Metazoan,Invertebrate,Arachnid,Mite,Hawthorn spider mite,Tetranychus viennensis,Egg,Raw data,N,12,20.0,,1,7.07,,7.49E-02,Alternate order length,Order,2.55E-03,Alternate species length,Class,m^2 per pred per day,219,0.78,6.35E-04,5.34E-04,7.99E-04,2.27E-02,1.72E-02,2.81E-02,200,,
220,Ding-Xu et al 2007 BIOCONTROL,Pred,2.00,,Terrestrial,,Metazoan,Invertebrate,Insect,Thysanoptera,Scolothrips takahashii,Adult male,Metazoan,Invertebrate,Arachnid,Mite,Hawthorn spider mite,Tetranychus viennensis,Egg,Raw data,N,12,20.0,,1,7.07,,7.49E-02,Alternate order length,Order,2.55E-03,Alternate species length,Class,m^2 per pred per day,220,0.75,4.15E-04,3.04E-04,5.42E-04,3.69E-02,2.34E-02,4.74E-02,200,,
221,Ding-Xu et al 2007 BIOCONTROL,Pred,2.00,,Terrestrial,,Metazoan,Invertebrate,Insect,Thysanoptera,Scolothrips takahashii,Adult female,Metazoan,Invertebrate,Arachnid,Mite,Hawthorn spider mite,Tetranychus viennensis,Egg,Raw data,N,12,25.0,,1,7.07,,7.49E-02,Alternate order length,Order,2.55E-03,Alternate species length,Class,m^2 per pred per day,221,0.67,8.17E-04,6.67E-04,1.06E-03,1.38E-02,8.67E-03,1.91E-02,200,,
222,Ding-Xu et al 2007 BIOCONTROL,Pred,2.00,,Terrestrial,,Metazoan,Invertebrate,Insect,Thysanoptera,Scolothrips takahashii,Adult male,Metazoan,Invertebrate,Arachnid,Mite,Hawthorn spider mite,Tetranychus viennensis,Egg,Raw data,N,12,25.0,,1,7.07,,7.49E-02,Alternate order length,Order,2.55E-03,Alternate species length,Class,m^2 per pred per day,222,0.24,9.98E-04,6.95E-04,1.99E-03,3.69E-02,2.81E-02,4.78E-02,200,,
223,Ding-Xu et al 2007 BIOCONTROL,Pred,2.00,,Terrestrial,,Metazoan,Invertebrate,Insect,Thysanoptera,Scolothrips takahashii,Adult female,Metazoan,Invertebrate,Arachnid,Mite,Hawthorn spider mite,Tetranychus viennensis,Egg,Raw data,N,12,30.0,,1,7.07,,7.49E-02,Alternate order length,Order,2.55E-03,Alternate species length,Class,m^2 per pred per day,223,0.58,9.75E-04,7.72E-04,1.31E-03,1.29E-02,8.46E-03,1.72E-02,200,,
224,Ding-Xu et al 2007 BIOCONTROL,Pred,2.00,,Terrestrial,,Metazoan,Invertebrate,Insect,Thysanoptera,Scolothrips takahashii,Adult male,Metazoan,Invertebrate,Arachnid,Mite,Hawthorn spider mite,Tetranychus viennensis,Egg,Raw data,N,12,30.0,,1,7.07,,7.49E-02,Alternate order length,Order,2.55E-03,Alternate species length,Class,m^2 per pred per day,224,0.63,8.54E-04,6.84E-04,1.08E-03,2.61E-02,2.01E-02,3.19E-02,200,,
225,Ding-Xu et al 2007 BIOCONTROL,Pred,2.00,,Terrestrial,,Metazoan,Invertebrate,Insect,Thysanoptera,Scolothrips takahashii,Adult female,Metazoan,Invertebrate,Arachnid,Mite,Hawthorn spider mite,Tetranychus viennensis,Egg,Raw data,N,12,35.0,,1,7.07,,7.49E-02,Alternate order length,Order,2.55E-03,Alternate species length,Class,m^2 per pred per day,225,0.82,8.90E-04,7.66E-04,1.13E-03,6.83E-03,4.87E-03,9.66E-03,200,,
226,Ding-Xu et al 2007 BIOCONTROL,Pred,2.00,,Terrestrial,,Metazoan,Invertebrate,Insect,Thysanoptera,Scolothrips takahashii,Adult male,Metazoan,Invertebrate,Arachnid,Mite,Hawthorn spider mite,Tetranychus viennensis,Egg,Raw data,N,12,35.0,,1,7.07,,7.49E-02,Alternate order length,Order,2.55E-03,Alternate species length,Class,m^2 per pred per day,226,0.93,8.67E-04,7.87E-04,9.76E-04,1.53E-02,1.28E-02,1.78E-02,200,,
227,Ding-Xu et al 2007 BIOCONTROL,Pred,2.00,,Terrestrial,,Metazoan,Invertebrate,Insect,Thysanoptera,Scolothrips takahashii,Adult female,Metazoan,Invertebrate,Arachnid,Mite,Hawthorn spider mite,Tetranychus viennensis,Egg,Raw data,N,12,25.0,,1,7.07,,7.49E-02,Alternate order length,Order,2.55E-03,Alternate species length,Class,m^2 per pred per day,227,0.72,6.35E-04,4.95E-04,7.70E-04,9.75E-03,3.53E-03,1.51E-02,200,,
228,Ding-Xu et al 2007 BIOCONTROL,Pred,2.00,,Terrestrial,,Metazoan,Invertebrate,Insect,Thysanoptera,Scolothrips takahashii,Adult male,Metazoan,Invertebrate,Arachnid,Mite,Hawthorn spider mite,Tetranychus viennensis,Egg,Raw data,N,12,25.0,,1,7.07,,7.49E-02,Alternate order length,Order,2.55E-03,Alternate species length,Class,m^2 per pred per day,228,0.46,1.13E-03,8.55E-04,1.59E-03,3.60E-02,2.81E-02,4.14E-02,200,,
229,Ding-Xu et al 2007 BIOCONTROL,Pred,2.00,,Terrestrial,,Metazoan,Invertebrate,Insect,Thysanoptera,Scolothrips takahashii,Adult female,Metazoan,Invertebrate,Arachnid,Mite,Hawthorn spider mite,Tetranychus viennensis,Egg,Raw data,N,12,25.0,,1,7.07,,7.49E-02,Alternate order length,Order,2.55E-03,Alternate species length,Class,m^2 per pred per day,229,0.63,6.80E-04,5.49E-04,8.52E-04,9.49E-03,3.55E-03,1.40E-02,200,,
230,Ding-Xu et al 2007 BIOCONTROL,Pred,2.00,,Terrestrial,,Metazoan,Invertebrate,Insect,Thysanoptera,Scolothrips takahashii,Adult male,Metazoan,Invertebrate,Arachnid,Mite,Hawthorn spider mite,Tetranychus viennensis,Egg,Raw data,N,12,25.0,,1,7.07,,7.49E-02,Alternate order length,Order,2.55E-03,Alternate species length,Class,m^2 per pred per day,230,0.37,1.37E-03,1.03E-03,2.08E-03,3.71E-02,3.07E-02,4.30E-02,200,,
231,Ding-Xu et al 2007 BIOCONTROL,Pred,2.00,,Terrestrial,,Metazoan,Invertebrate,Insect,Thysanoptera,Scolothrips takahashii,Adult female,Metazoan,Invertebrate,Arachnid,Mite,Hawthorn spider mite,Tetranychus viennensis,Egg,Raw data,N,12,25.0,,1,7.07,,7.49E-02,Alternate order length,Order,2.55E-03,Alternate species length,Class,m^2 per pred per day,231,0.71,6.58E-04,5.37E-04,7.93E-04,1.30E-02,6.27E-03,1.93E-02,200,,
232,Ding-Xu et al 2007 BIOCONTROL,Pred,2.00,,Terrestrial,,Metazoan,Invertebrate,Insect,Thysanoptera,Scolothrips takahashii,Adult male,Metazoan,Invertebrate,Arachnid,Mite,Hawthorn spider mite,Tetranychus viennensis,Egg,Raw data,N,12,25.0,,1,7.07,,7.49E-02,Alternate order length,Order,2.55E-03,Alternate species length,Class,m^2 per pred per day,232,0.40,1.50E-03,1.13E-03,2.70E-03,4.26E-02,3.61E-02,4.96E-02,200,,
233,Ding-Xu et al 2007 BIOCONTROL,Pred,2.00,,Terrestrial,,Metazoan,Invertebrate,Insect,Thysanoptera,Scolothrips takahashii,Adult female,Metazoan,Invertebrate,Arachnid,Mite,Hawthorn spider mite,Tetranychus viennensis,Egg,Raw data,N,12,25.0,,1,7.07,,7.49E-02,Alternate order length,Order,2.55E-03,Alternate species length,Class,m^2 per pred per day,233,0.74,6.93E-04,5.66E-04,8.71E-04,1.72E-02,1.15E-02,2.32E-02,200,,
234,Ding-Xu et al 2007 BIOCONTROL,Pred,2.00,,Terrestrial,,Metazoan,Invertebrate,Insect,Thysanoptera,Scolothrips takahashii,Adult male,Metazoan,Invertebrate,Arachnid,Mite,Hawthorn spider mite,Tetranychus viennensis,Egg,Raw data,N,12,25.0,,1,7.07,,7.49E-02,Alternate order length,Order,2.55E-03,Alternate species length,Class,m^2 per pred per day,234,0.37,1.22E-03,8.62E-04,2.01E-03,4.28E-02,3.46E-02,5.18E-02,200,,
235,Ding-Xu et al 2007 BIOCONTROL,Pred,2.00,,Terrestrial,,Metazoan,Invertebrate,Insect,Thysanoptera,Scolothrips takahashii,Adult female,Metazoan,Invertebrate,Arachnid,Mite,Hawthorn spider mite,Tetranychus viennensis,Egg,Raw data,N,12,25.0,,1,7.07,,7.49E-02,Alternate order length,Order,2.55E-03,Alternate species length,Class,m^2 per pred per day,235,0.71,8.10E-04,6.28E-04,1.07E-03,2.60E-02,1.99E-02,3.16E-02,200,,
236,Ding-Xu et al 2007 BIOCONTROL,Pred,2.00,,Terrestrial,,Metazoan,Invertebrate,Insect,Thysanoptera,Scolothrips takahashii,Adult male,Metazoan,Invertebrate,Arachnid,Mite,Hawthorn spider mite,Tetranychus viennensis,Egg,Raw data,N,12,25.0,,1,7.07,,7.49E-02,Alternate order length,Order,2.55E-03,Alternate species length,Class,m^2 per pred per day,236,0.24,1.40E-03,9.42E-04,3.23E-03,5.06E-02,4.25E-02,6.13E-02,200,,
237,Ding-Xu et al 2007 BIOCONTROL,Pred,2.00,,Terrestrial,,Metazoan,Invertebrate,Insect,Thysanoptera,Scolothrips takahashii,Adult female,Metazoan,Invertebrate,Arachnid,Mite,Hawthorn spider mite,Tetranychus viennensis,Egg,Raw data,N,12,25.0,,1,7.07,,7.49E-02,Alternate order length,Order,2.55E-03,Alternate species length,Class,m^2 per pred per day,237,0.58,1.03E-03,6.24E-04,1.50E-03,3.15E-02,2.21E-02,3.81E-02,200,,
238,Ding-Xu et al 2007 BIOCONTROL,Pred,2.00,,Terrestrial,,Metazoan,Invertebrate,Insect,Thysanoptera,Scolothrips takahashii,Adult male,Metazoan,Invertebrate,Arachnid,Mite,Hawthorn spider mite,Tetranychus viennensis,Egg,Raw data,N,12,25.0,,1,7.07,,7.49E-02,Alternate order length,Order,2.55E-03,Alternate species length,Class,m^2 per pred per day,238,0.10,7.62E-04,4.31E-04,3.09E-03,3.38E-02,3.40E-03,6.99E-02,200,,
239,Nilsen et al 2009 J ANIM ECOL,Pred,2.00,In the field,Terrestrial,,Metazoan,Vertebrate,Mammal,Carnivora,Lynx lynx,"Wild, adult female w/ kittens, winter",Metazoan,Vertebrate,Mammal,,European roe deer,Capreolus capreolus,Wild,Raw data,Y,,37.0,,1,3.20E+14,,1.45E+07,Alternate species mass,,2.63E+07,Alternate species mass,,m^2 per pred per day,239,0.11,4.83E+09,1.34E+06,9.27E+10,4.98E+00,4.20E+00,6.00E+00,200,,
240,Nilsen et al 2009 J ANIM ECOL,Pred,2.00,In the field,Terrestrial,,Metazoan,Vertebrate,Mammal,Carnivora,Lynx lynx,"Wild, adult female w/ kittens, summer",Metazoan,Vertebrate,Mammal,,European roe deer,Capreolus capreolus,Wild,Raw data,Y,,37.0,,1,3.20E+14,,1.45E+07,Alternate species mass,,2.63E+07,Alternate species mass,,m^2 per pred per day,240,0.14,5.38E+06,3.96E+04,7.06E+08,6.90E+00,2.46E+00,8.09E+00,200,,
241,Nilsen et al 2009 J ANIM ECOL,Pred,2.00,In the field,Terrestrial,,Metazoan,Vertebrate,Mammal,Carnivora,Lynx lynx,"Wild, single adult, winter",Metazoan,Vertebrate,Mammal,,European roe deer,Capreolus capreolus,Wild,Raw data,Y,,37.0,,1,3.20E+14,,2.30E+07,Alternate species mass,,2.63E+07,Alternate species mass,,m^2 per pred per day,241,0.12,9.12E+05,1.81E+04,2.06E+09,8.01E+00,6.96E-01,1.24E+01,200,,
242,Nilsen et al 2009 J ANIM ECOL,Pred,2.00,In the field,Terrestrial,,Metazoan,Vertebrate,Mammal,Carnivora,Lynx lynx,"Wild, single adult, summer",Metazoan,Vertebrate,Mammal,,European roe deer,Capreolus capreolus,Wild,Raw data,Y,,37.0,,1,3.20E+14,,2.30E+07,Alternate species mass,,2.63E+07,Alternate species mass,,m^2 per pred per day,242,0.20,3.71E+05,4.60E+04,5.97E+06,8.74E+00,4.21E+00,1.19E+01,200,,
243,Badii et al 2004 EXP APPL ACAR,Pred,2.00,,Terrestrial,,Metazoan,Invertebrate,Arachnid,Mite,Euseius hibisci,Adult female,Metazoan,Invertebrate,Arachnid,Mite,Red spider mite,Tetranychus urticae,Egg,Mean,Y,24,25.0,,1,4.00,,6.13E-02,Alternate order mass,,2.11E-03,Alternate species length,Class,m^2 per pred per day,243,0.55,4.28E-04,2.89E-04,5.88E-04,1.04E-01,7.42E-02,1.40E-01,200,,
244,Badii et al 2004 EXP APPL ACAR,Pred,2.00,,Terrestrial,,Metazoan,Invertebrate,Arachnid,Mite,Euseius hibisci,Adult female,Metazoan,Invertebrate,Arachnid,Mite,Red spider mite,Tetranychus urticae,Larva,Mean,Y,24,25.0,,1,4.00,,6.13E-02,Alternate order mass,,,,,m^2 per pred per day,244,0.53,2.57E-04,1.68E-04,4.00E-04,1.43E-01,8.85E-02,2.04E-01,200,,
245,Badii et al 2004 EXP APPL ACAR,Pred,2.00,,Terrestrial,,Metazoan,Invertebrate,Arachnid,Mite,Euseius hibisci,Adult female,Metazoan,Invertebrate,Arachnid,Mite,Red spider mite,Tetranychus urticae,Protonymph,Mean,Y,24,25.0,,1,4.00,,6.13E-02,Alternate order mass,,,,,m^2 per pred per day,245,0.50,2.16E-04,1.28E-04,3.32E-04,1.96E-01,1.07E-01,2.91E-01,200,,
246,Wei & Walde 1997 EXP APPL ACAR,Pred,2.00,,Terrestrial,,Metazoan,Invertebrate,Arachnid,Mite,Typhlodromus pyri,Adult female,Metazoan,Invertebrate,Arachnid,Mite,European red mite,Panonychus ulmi,Protonymphs & deutonymphs,Mean,N,,25.0,,1,4.50,,2.53E-02,Alternate species length,Class,5.56E-03,Alternate species length,Class,m^2 per pred per day,246,0.84,6.09E-04,5.11E-04,7.50E-04,7.84E-02,6.62E-02,9.25E-02,200,No pollen in arena,
247,Wei & Walde 1997 EXP APPL ACAR,Pred,2.00,,Terrestrial,,Metazoan,Invertebrate,Arachnid,Mite,Typhlodromus pyri,Adult female,Metazoan,Invertebrate,Arachnid,Mite,European red mite,Panonychus ulmi,Protonymphs & deutonymphs,Mean,N,,25.0,,1,4.50,,2.53E-02,Alternate species length,Class,5.56E-03,Alternate species length,Class,m^2 per pred per day,247,0.83,4.88E-04,3.63E-04,6.44E-04,8.69E-02,6.89E-02,1.06E-01,200,Pollen in arena,
248,Everson 1979 CAN ENT,Pred,2.00,,Terrestrial,,Metazoan,Invertebrate,Arachnid,Mite,Phytoseiulus persimilis,Adult female,Metazoan,Invertebrate,Arachnid,Mite,Red spider mite,Tetranychus urticae,"Adult female, 7-15d old",Mean,Y,,23.0,,1,5.00,,6.66E-02,Alternate species length,Class,7.03E-02,Alternate species length,Class,m^2 per pred per day,248,0.05,3.88E-03,1.75E-03,1.29E-02,1.55E-01,1.23E-01,1.85E-01,200,,
249,LeCato and Arbogast 1979 J ECON ENTOMOL,Pred,2.00,,Terrestrial,,Metazoan,Invertebrate,Insect,Hemiptera,Xylocoris flavipes,Adult,Metazoan,Invertebrate,Insect,Lepidoptera,Angoumois grain moth,Sitotroga cerealella,Egg,Mean,N,24,30.0,,2,12.70,,3.33E-01,Alternate species length,Order,1.48E-04,% adult mass,,m^2 per pred per day,249,0.56,5.32E-04,3.07E-04,1.21E-03,3.01E-01,5.00E-10,6.06E-01,200,24h exposure,
250,LeCato and Arbogast 1979 J ECON ENTOMOL,Pred,2.00,,Terrestrial,,Metazoan,Invertebrate,Insect,Hemiptera,Xylocoris flavipes,Adult,Metazoan,Invertebrate,Insect,Lepidoptera,Angoumois grain moth,Sitotroga cerealella,Egg,Mean,N,24,30.0,,2,12.70,,3.33E-01,Alternate species length,Order,1.48E-04,% adult mass,,m^2 per pred per day,250,0.60,4.04E-04,2.43E-04,8.02E-04,2.77E-01,5.00E-10,6.78E-01,200,48h exposure,
251,LeCato and Arbogast 1979 J ECON ENTOMOL,Pred,2.00,,Terrestrial,,Metazoan,Invertebrate,Insect,Hemiptera,Xylocoris flavipes,Adult,Metazoan,Invertebrate,Insect,Lepidoptera,Angoumois grain moth,Sitotroga cerealella,Egg,Mean,N,24,30.0,,2,12.70,,3.33E-01,Alternate species length,Order,1.48E-04,% adult mass,,m^2 per pred per day,251,0.61,3.39E-04,2.22E-04,7.66E-04,2.31E-01,5.00E-10,7.02E-01,200,72h exposure,
252,LeCato and Arbogast 1979 J ECON ENTOMOL,Pred,2.00,,Terrestrial,,Metazoan,Invertebrate,Insect,Hemiptera,Xylocoris flavipes,Adult,Metazoan,Invertebrate,Insect,Lepidoptera,Angoumois grain moth,Sitotroga cerealella,Larva,Mean,N,24,30.0,,2,12.70,,3.33E-01,Alternate species length,Order,1.82E+00,Alternate species length,Order,m^2 per pred per day,252,0.76,5.54E-04,4.56E-04,6.61E-04,5.00E-10,1.86E-13,6.88E-02,200,24h exposure,
253,LeCato and Arbogast 1979 J ECON ENTOMOL,Pred,2.00,,Terrestrial,,Metazoan,Invertebrate,Insect,Hemiptera,Xylocoris flavipes,Adult,Metazoan,Invertebrate,Insect,Lepidoptera,Angoumois grain moth,Sitotroga cerealella,Larva,Mean,N,24,30.0,,2,12.70,,3.33E-01,Alternate species length,Order,1.82E+00,Alternate species length,Order,m^2 per pred per day,253,0.73,6.27E-04,4.91E-04,1.19E-03,3.42E-02,1.33E-13,2.31E-01,200,48h exposure,
254,LeCato and Arbogast 1979 J ECON ENTOMOL,Pred,2.00,,Terrestrial,,Metazoan,Invertebrate,Insect,Hemiptera,Xylocoris flavipes,Adult,Metazoan,Invertebrate,Insect,Lepidoptera,Angoumois grain moth,Sitotroga cerealella,Larva,Mean,N,24,30.0,,2,12.70,,3.33E-01,Alternate species length,Order,1.82E+00,Alternate species length,Order,m^2 per pred per day,254,0.74,6.32E-04,5.09E-04,9.43E-04,2.07E-02,1.91E-13,1.95E-01,200,72h exposure,
255,Donnelly and Phillips 2001 ENVIRON ENTOMOL,Pred,2.00,,Terrestrial,,Metazoan,Invertebrate,Insect,Hemiptera,Xylocoris flavipes,Adult male,Metazoan,Invertebrate,Insect,Coleoptera,Red flour beetle,Tribolium castaneum,1st/2nd instar,Mean,N,24,30.0,,1,22.90,,2.11E-01,Alternate species length,Order,1.55E-01,Original length,Family,m^2 per pred per day,255,0.25,1.85E-03,1.17E-03,3.30E-03,6.24E-02,3.65E-02,9.47E-02,200,Arena contains 0.1g flour,
256,Donnelly and Phillips 2001 ENVIRON ENTOMOL,Pred,2.00,,Terrestrial,,Metazoan,Invertebrate,Insect,Hemiptera,Xylocoris flavipes,Adult female,Metazoan,Invertebrate,Insect,Coleoptera,Red flour beetle,Tribolium castaneum,1st/2nd instar,Mean,N,24,30.0,,1,22.90,,4.96E-01,Alternate species length,Order,1.55E-01,Original length,Family,m^2 per pred per day,256,0.67,1.18E-03,1.05E-03,1.45E-03,5.00E-10,2.43E-11,1.11E-02,200,Arena contains 0.1g flour,
257,Donnelly and Phillips 2001 ENVIRON ENTOMOL,Pred,2.00,,Terrestrial,,Metazoan,Invertebrate,Insect,Hemiptera,Xylocoris flavipes,Adult male,Metazoan,Invertebrate,Insect,Coleoptera,Red flour beetle,Tribolium castaneum,4th/5th instar,Mean,N,24,30.0,,1,22.90,,2.11E-01,Alternate species length,Order,8.80E-01,Original length,Family,m^2 per pred per day,257,0.16,5.64E-04,1.56E-04,2.06E-03,5.41E-01,3.18E-02,8.37E-01,200,Arena contains 0.1g flour,
258,Donnelly and Phillips 2001 ENVIRON ENTOMOL,Pred,2.00,,Terrestrial,,Metazoan,Invertebrate,Insect,Hemiptera,Xylocoris flavipes,Adult female,Metazoan,Invertebrate,Insect,Coleoptera,Red flour beetle,Tribolium castaneum,4th/5th instar,Mean,N,24,30.0,,1,22.90,,4.96E-01,Alternate species length,Order,8.80E-01,Original length,Family,m^2 per pred per day,258,0.08,1.80E-03,8.44E-04,7.85E-03,5.13E-01,3.94E-01,6.52E-01,200,Arena contains 0.1g flour,
259,Donnelly and Phillips 2001 ENVIRON ENTOMOL,Pred,2.00,,Terrestrial,,Metazoan,Invertebrate,Insect,Hemiptera,Xylocoris flavipes,Adult male,Metazoan,Invertebrate,Insect,Coleoptera,Sawtoothed grain beetle,Oryzaephilus surinamensis,1st/2nd instar,Mean,N,24,30.0,,1,22.90,,2.11E-01,Alternate species length,Order,1.27E+00,Original length,Family,m^2 per pred per day,259,0.86,1.93E-03,1.73E-03,2.18E-03,2.22E-02,1.89E-02,2.55E-02,200,Arena contains 0.1g flour,
260,Donnelly and Phillips 2001 ENVIRON ENTOMOL,Pred,2.00,,Terrestrial,,Metazoan,Invertebrate,Insect,Hemiptera,Xylocoris flavipes,Adult female,Metazoan,Invertebrate,Insect,Coleoptera,Sawtoothed grain beetle,Oryzaephilus surinamensis,1st/2nd instar,Mean,N,24,30.0,,1,22.90,,4.96E-01,Alternate species length,Order,1.27E+00,Original length,Family,m^2 per pred per day,260,0.87,2.50E-03,2.25E-03,2.75E-03,2.38E-02,2.11E-02,2.61E-02,200,Arena contains 0.1g flour,
261,Donnelly and Phillips 2001 ENVIRON ENTOMOL,Pred,2.00,,Terrestrial,,Metazoan,Invertebrate,Insect,Hemiptera,Xylocoris flavipes,Adult male,Metazoan,Invertebrate,Insect,Coleoptera,Sawtoothed grain beetle,Oryzaephilus surinamensis,4th/6th instar,Mean,N,24,30.0,,1,22.90,,2.11E-01,Alternate species length,Order,2.00E+00,Original length,Family,m^2 per pred per day,261,0.66,2.74E-03,2.23E-03,3.43E-03,5.12E-02,4.48E-02,5.68E-02,200,Arena contains 0.1g flour,
262,Donnelly and Phillips 2001 ENVIRON ENTOMOL,Pred,2.00,,Terrestrial,,Metazoan,Invertebrate,Insect,Hemiptera,Xylocoris flavipes,Adult female,Metazoan,Invertebrate,Insect,Coleoptera,Sawtoothed grain beetle,Oryzaephilus surinamensis,4th/6th instar,Mean,N,24,30.0,,1,22.90,,4.96E-01,Alternate species length,Order,2.00E+00,Original length,Family,m^2 per pred per day,262,0.85,2.73E-03,2.35E-03,3.05E-03,4.10E-02,3.79E-02,4.38E-02,200,Arena contains 0.1g flour,
263,Donnelly and Phillips 2001 ENVIRON ENTOMOL,Pred,3.00,,Terrestrial,,Metazoan,Invertebrate,Insect,Hemiptera,Xylocoris flavipes,Adult male,Metazoan,Invertebrate,Insect,Coleoptera,Sawtoothed grain beetle,Oryzaephilus surinamensis,1st/2nd instar,Mean,N,24,30.0,,1,,946.00,2.11E-01,Alternate species length,Order,1.27E+00,Original length,Family,m^3 per pred per day,263,0.77,1.27E-03,1.10E-03,1.48E-03,5.04E-02,4.25E-02,5.78E-02,200,Arena contains 475g wheat,
264,Donnelly and Phillips 2001 ENVIRON ENTOMOL,Pred,3.00,,Terrestrial,,Metazoan,Invertebrate,Insect,Hemiptera,Xylocoris flavipes,Adult female,Metazoan,Invertebrate,Insect,Coleoptera,Sawtoothed grain beetle,Oryzaephilus surinamensis,1st/2nd instar,Mean,N,24,30.0,,1,,946.00,4.96E-01,Alternate species length,Order,1.27E+00,Original length,Family,m^3 per pred per day,264,0.77,1.41E-03,1.23E-03,1.61E-03,4.76E-02,4.08E-02,5.38E-02,200,Arena contains 475g wheat,
265,Donnelly and Phillips 2001 ENVIRON ENTOMOL,Pred,3.00,,Terrestrial,,Metazoan,Invertebrate,Insect,Hemiptera,Xylocoris flavipes,Adult male,Metazoan,Invertebrate,Insect,Coleoptera,Sawtoothed grain beetle,Oryzaephilus surinamensis,4th/6th instar,Mean,N,24,30.0,,1,,946.00,2.11E-01,Alternate species length,Order,2.00E+00,Original length,Family,m^3 per pred per day,265,0.65,1.48E-03,1.20E-03,1.70E-03,5.96E-02,4.92E-02,6.83E-02,200,Arena contains 475g wheat,
266,Donnelly and Phillips 2001 ENVIRON ENTOMOL,Pred,3.00,,Terrestrial,,Metazoan,Invertebrate,Insect,Hemiptera,Xylocoris flavipes,Adult female,Metazoan,Invertebrate,Insect,Coleoptera,Sawtoothed grain beetle,Oryzaephilus surinamensis,4th/6th instar,Mean,N,24,30.0,,1,,946.00,4.96E-01,Alternate species length,Order,2.00E+00,Original length,Family,m^3 per pred per day,266,0.71,1.41E-03,1.18E-03,1.63E-03,5.24E-02,4.45E-02,5.82E-02,200,Arena contains 475g wheat,
267,Donnelly and Phillips 2001 ENVIRON ENTOMOL,Pred,2.00,,Terrestrial,,Metazoan,Invertebrate,Insect,Hemiptera,Xylocoris flavipes,Adult male,Metazoan,Invertebrate,Insect,Lepidoptera,Indian mealmoth,Plodia interpunctella,Egg,Mean,N,24,30.0,,1,22.90,,2.11E-01,Alternate species length,Order,6.01E-04,Alternate species length,Order,m^2 per pred per day,267,0.89,3.17E-03,2.70E-03,3.65E-03,3.56E-02,3.42E-02,3.68E-02,200,Arena contains 0.1g flour,
268,Donnelly and Phillips 2001 ENVIRON ENTOMOL,Pred,2.00,,Terrestrial,,Metazoan,Invertebrate,Insect,Hemiptera,Xylocoris flavipes,Adult female,Metazoan,Invertebrate,Insect,Lepidoptera,Indian mealmoth,Plodia interpunctella,Egg,Mean,N,24,30.0,,1,22.90,,4.96E-01,Alternate species length,Order,6.01E-04,Alternate species length,Order,m^2 per pred per day,268,0.88,2.90E-03,2.58E-03,3.36E-03,3.51E-02,3.37E-02,3.67E-02,200,Arena contains 0.1g flour,
269,Donnelly and Phillips 2001 ENVIRON ENTOMOL,Pred,2.00,,Terrestrial,,Metazoan,Invertebrate,Insect,Hemiptera,Xylocoris flavipes,Adult male,Metazoan,Invertebrate,Insect,Lepidoptera,Indian mealmoth,Plodia interpunctella,1st/2nd instar,Mean,N,24,30.0,,1,22.90,,2.11E-01,Alternate species length,Order,1.36E-01,Original length,Order,m^2 per pred per day,269,0.80,3.68E-03,3.27E-03,4.17E-03,3.17E-02,2.88E-02,3.48E-02,200,Arena contains 0.1g flour,
270,Donnelly and Phillips 2001 ENVIRON ENTOMOL,Pred,2.00,,Terrestrial,,Metazoan,Invertebrate,Insect,Hemiptera,Xylocoris flavipes,Adult female,Metazoan,Invertebrate,Insect,Lepidoptera,Indian mealmoth,Plodia interpunctella,1st/2nd instar,Mean,N,24,30.0,,1,22.90,,4.96E-01,Alternate species length,Order,1.36E-01,Original length,Order,m^2 per pred per day,270,0.80,3.87E-03,3.46E-03,4.38E-03,3.09E-02,2.90E-02,3.33E-02,200,Arena contains 0.1g flour,
271,Donnelly and Phillips 2001 ENVIRON ENTOMOL,Pred,3.00,,Terrestrial,,Metazoan,Invertebrate,Insect,Hemiptera,Xylocoris flavipes,Adult male,Metazoan,Invertebrate,Insect,Lepidoptera,Indian mealmoth,Plodia interpunctella,Egg,Mean,N,24,30.0,,1,,946.00,2.11E-01,Alternate species length,Order,6.01E-04,Alternate species length,Order,m^3 per pred per day,271,0.77,1.02E-03,8.21E-04,1.27E-03,2.36E-02,2.24E-02,2.47E-02,200,Arena contains 475g wheat,
272,Donnelly and Phillips 2001 ENVIRON ENTOMOL,Pred,3.00,,Terrestrial,,Metazoan,Invertebrate,Insect,Hemiptera,Xylocoris flavipes,Adult female,Metazoan,Invertebrate,Insect,Lepidoptera,Indian mealmoth,Plodia interpunctella,Egg,Mean,N,24,30.0,,1,,946.00,4.96E-01,Alternate species length,Order,6.01E-04,Alternate species length,Order,m^3 per pred per day,272,0.01,4.92E-03,2.98E-03,1.16E-02,3.05E-02,2.92E-02,3.19E-02,200,Arena contains 475g wheat,
273,Donnelly and Phillips 2001 ENVIRON ENTOMOL,Pred,3.00,,Terrestrial,,Metazoan,Invertebrate,Insect,Hemiptera,Xylocoris flavipes,Adult male,Metazoan,Invertebrate,Insect,Lepidoptera,Indian mealmoth,Plodia interpunctella,1st/2nd instar,Mean,N,24,30.0,,1,,946.00,2.11E-01,Alternate species length,Order,1.36E-01,Original length,Order,m^3 per pred per day,273,0.70,1.21E-03,1.01E-03,1.41E-03,4.68E-02,3.76E-02,5.51E-02,200,Arena contains 475g wheat,
274,Donnelly and Phillips 2001 ENVIRON ENTOMOL,Pred,3.00,,Terrestrial,,Metazoan,Invertebrate,Insect,Hemiptera,Xylocoris flavipes,Adult female,Metazoan,Invertebrate,Insect,Lepidoptera,Indian mealmoth,Plodia interpunctella,1st/2nd instar,Mean,N,24,30.0,,1,,946.00,4.96E-01,Alternate species length,Order,1.36E-01,Original length,Order,m^3 per pred per day,274,0.68,1.41E-03,1.18E-03,1.63E-03,4.46E-02,3.60E-02,5.25E-02,200,Arena contains 475g wheat,
275,Donnelly and Phillips 2001 ENVIRON ENTOMOL,Pred,2.00,,Terrestrial,,Metazoan,Invertebrate,Insect,Hemiptera,Xylocoris flavipes,Adult male,Metazoan,Invertebrate,Insect,Coleoptera,Lesser grain borer,Rhyzopertha dominica,Egg,Mean,N,24,30.0,,1,22.90,,2.11E-01,Alternate species length,Order,1.62E-02,Alternate species length,Family,m^2 per pred per day,275,0.71,3.15E-03,2.52E-03,3.72E-03,3.92E-02,3.57E-02,4.26E-02,200,Arena contains 0.1g flour,
276,Donnelly and Phillips 2001 ENVIRON ENTOMOL,Pred,2.00,,Terrestrial,,Metazoan,Invertebrate,Insect,Hemiptera,Xylocoris flavipes,Adult female,Metazoan,Invertebrate,Insect,Coleoptera,Lesser grain borer,Rhyzopertha dominica,Egg,Mean,N,24,30.0,,1,22.90,,4.96E-01,Alternate species length,Order,1.62E-02,Alternate species length,Family,m^2 per pred per day,276,0.79,3.41E-03,2.83E-03,3.95E-03,3.40E-02,3.17E-02,3.62E-02,200,Arena contains 0.1g flour,
277,Donnelly and Phillips 2001 ENVIRON ENTOMOL,Pred,2.00,,Terrestrial,,Metazoan,Invertebrate,Insect,Hemiptera,Xylocoris flavipes,Adult male,Metazoan,Invertebrate,Insect,Coleoptera,Lesser grain borer,Rhyzopertha dominica,1st/2nd instar (in wheat kernel),Mean,N,24,30.0,,1,22.90,,2.11E-01,Alternate species length,Order,1.08E-01,Alternate species length,Family,m^2 per pred per day,277,0.77,2.69E-03,2.24E-03,3.18E-03,5.55E-02,4.55E-02,6.49E-02,200,Arena contains 0.1g flour,
278,Donnelly and Phillips 2001 ENVIRON ENTOMOL,Pred,2.00,,Terrestrial,,Metazoan,Invertebrate,Insect,Hemiptera,Xylocoris flavipes,Adult female,Metazoan,Invertebrate,Insect,Coleoptera,Lesser grain borer,Rhyzopertha dominica,1st/2nd instar (in wheat kernel),Mean,N,24,30.0,,1,22.90,,4.96E-01,Alternate species length,Order,1.08E-01,Alternate species length,Family,m^2 per pred per day,278,0.78,2.32E-03,1.92E-03,2.69E-03,2.39E-02,1.37E-02,3.21E-02,200,Arena contains 0.1g flour,
279,Donnelly and Phillips 2001 ENVIRON ENTOMOL,Pred,3.00,,Terrestrial,,Metazoan,Invertebrate,Insect,Hemiptera,Xylocoris flavipes,Adult male,Metazoan,Invertebrate,Insect,Coleoptera,Lesser grain borer,Rhyzopertha dominica,Egg,Mean,N,24,30.0,,1,,946.00,2.11E-01,Alternate species length,Order,1.62E-02,Alternate species length,Family,m^3 per pred per day,279,0.69,1.39E-03,1.14E-03,1.63E-03,4.79E-02,4.56E-02,5.03E-02,200,Arena contains 475g wheat,
280,Donnelly and Phillips 2001 ENVIRON ENTOMOL,Pred,3.00,,Terrestrial,,Metazoan,Invertebrate,Insect,Hemiptera,Xylocoris flavipes,Adult female,Metazoan,Invertebrate,Insect,Coleoptera,Lesser grain borer,Rhyzopertha dominica,Egg,Mean,N,24,30.0,,1,,946.00,4.96E-01,Alternate species length,Order,1.62E-02,Alternate species length,Family,m^3 per pred per day,280,0.70,1.31E-03,1.03E-03,1.61E-03,4.12E-02,3.84E-02,4.37E-02,200,Arena contains 475g wheat,
281,Donnelly and Phillips 2001 ENVIRON ENTOMOL,Pred,3.00,,Terrestrial,,Metazoan,Invertebrate,Insect,Hemiptera,Xylocoris flavipes,Adult male,Metazoan,Invertebrate,Insect,Coleoptera,Lesser grain borer,Rhyzopertha dominica,1st/2nd instar (in wheat kernel),Mean,N,24,30.0,,1,,946.00,2.11E-01,Alternate species length,Order,1.08E-01,Alternate species length,Family,m^3 per pred per day,281,0.60,7.81E-04,6.18E-04,1.02E-03,4.43E-02,2.88E-02,5.88E-02,200,Arena contains 475g wheat,
282,Donnelly and Phillips 2001 ENVIRON ENTOMOL,Pred,3.00,,Terrestrial,,Metazoan,Invertebrate,Insect,Hemiptera,Xylocoris flavipes,Adult female,Metazoan,Invertebrate,Insect,Coleoptera,Lesser grain borer,Rhyzopertha dominica,1st/2nd instar (in wheat kernel),Mean,N,24,30.0,,1,,946.00,4.96E-01,Alternate species length,Order,1.08E-01,Alternate species length,Family,m^3 per pred per day,282,0.68,7.10E-04,5.75E-04,8.77E-04,3.18E-02,1.70E-02,4.58E-02,200,Arena contains 475g wheat,
283,Ahn et al 2010 J APPL ENTOMOL,Pred,2.00,,Terrestrial,,Metazoan,Invertebrate,Arachnid,Mite,Neoseiulus californicus,Adult female,Metazoan,Invertebrate,Arachnid,Mite,Red spider mite,Tetranychus urticae,Egg,Mean,N,6,25.0,,1,7.07,,6.13E-02,Alternate order mass,,2.11E-03,Alternate species length,Class,m^2 per pred per day,283,0.92,6.88E-04,6.02E-04,7.92E-04,5.46E-02,5.15E-02,5.90E-02,200,Maehyang strawberry leaf disc,
284,Ahn et al 2010 J APPL ENTOMOL,Pred,2.00,,Terrestrial,,Metazoan,Invertebrate,Arachnid,Mite,Neoseiulus californicus,Adult female,Metazoan,Invertebrate,Arachnid,Mite,Red spider mite,Tetranychus urticae,Egg,Mean,N,6,25.0,,1,7.07,,6.13E-02,Alternate order mass,,2.11E-03,Alternate species length,Class,m^2 per pred per day,284,0.92,7.19E-04,6.49E-04,8.10E-04,5.49E-02,5.21E-02,5.75E-02,200,Sulhyang strawberry leaf disc,
285,Ahn et al 2010 J APPL ENTOMOL,Pred,2.00,,Terrestrial,,Metazoan,Invertebrate,Arachnid,Mite,Neoseiulus californicus,Adult female,Metazoan,Invertebrate,Arachnid,Mite,Red spider mite,Tetranychus urticae,Larva,Mean,N,6,25.0,,1,7.07,,6.13E-02,Alternate order mass,,,,,m^2 per pred per day,285,0.78,7.48E-04,6.09E-04,9.00E-04,6.19E-02,5.43E-02,6.92E-02,200,Maehyang strawberry leaf disc,
286,Ahn et al 2010 J APPL ENTOMOL,Pred,2.00,,Terrestrial,,Metazoan,Invertebrate,Arachnid,Mite,Neoseiulus californicus,Adult female,Metazoan,Invertebrate,Arachnid,Mite,Red spider mite,Tetranychus urticae,Larva,Mean,N,6,25.0,,1,7.07,,6.13E-02,Alternate order mass,,,,,m^2 per pred per day,286,0.77,7.01E-04,5.45E-04,8.78E-04,6.33E-02,5.69E-02,7.09E-02,200,Sulhyang strawberry leaf disc,
287,Ahn et al 2010 J APPL ENTOMOL,Pred,2.00,,Terrestrial,,Metazoan,Invertebrate,Arachnid,Mite,Neoseiulus californicus,Adult female,Metazoan,Invertebrate,Arachnid,Mite,Red spider mite,Tetranychus urticae,Nymph,Mean,N,6,25.0,,1,7.07,,6.13E-02,Alternate order mass,,,,,m^2 per pred per day,287,0.85,7.60E-04,6.26E-04,9.56E-04,8.24E-02,6.98E-02,9.72E-02,200,Maehyang strawberry leaf disc,
288,Ahn et al 2010 J APPL ENTOMOL,Pred,2.00,,Terrestrial,,Metazoan,Invertebrate,Arachnid,Mite,Neoseiulus californicus,Adult female,Metazoan,Invertebrate,Arachnid,Mite,Red spider mite,Tetranychus urticae,Nymph,Mean,N,6,25.0,,1,7.07,,6.13E-02,Alternate order mass,,,,,m^2 per pred per day,288,0.85,6.53E-04,5.37E-04,7.88E-04,7.30E-02,6.18E-02,8.54E-02,200,Sulhyang strawberry leaf disc,
289,Ahn et al 2010 J APPL ENTOMOL,Pred,2.00,,Terrestrial,,Metazoan,Invertebrate,Arachnid,Mite,Neoseiulus californicus,Adult female,Metazoan,Invertebrate,Arachnid,Mite,Red spider mite,Tetranychus urticae,Egg,Mean,N,6,15.0,,1,7.07,,6.13E-02,Alternate order mass,,2.11E-03,Alternate species length,Class,m^2 per pred per day,289,0.33,6.37E-04,4.14E-04,1.42E-03,1.79E-01,1.59E-01,2.01E-01,200,,
290,Ahn et al 2010 J APPL ENTOMOL,Pred,2.00,,Terrestrial,,Metazoan,Invertebrate,Arachnid,Mite,Neoseiulus californicus,Adult female,Metazoan,Invertebrate,Arachnid,Mite,Red spider mite,Tetranychus urticae,Egg,Mean,N,6,20.0,,1,7.07,,6.13E-02,Alternate order mass,,2.11E-03,Alternate species length,Class,m^2 per pred per day,290,0.76,6.93E-04,5.85E-04,8.02E-04,7.92E-02,7.39E-02,8.54E-02,200,,
291,Ahn et al 2010 J APPL ENTOMOL,Pred,2.00,,Terrestrial,,Metazoan,Invertebrate,Arachnid,Mite,Neoseiulus californicus,Adult female,Metazoan,Invertebrate,Arachnid,Mite,Red spider mite,Tetranychus urticae,Egg,Mean,N,6,25.0,,1,7.07,,6.13E-02,Alternate order mass,,2.11E-03,Alternate species length,Class,m^2 per pred per day,291,0.89,8.26E-04,7.20E-04,9.70E-04,6.71E-02,6.46E-02,7.02E-02,200,,
292,Ahn et al 2010 J APPL ENTOMOL,Pred,2.00,,Terrestrial,,Metazoan,Invertebrate,Arachnid,Mite,Neoseiulus californicus,Adult female,Metazoan,Invertebrate,Arachnid,Mite,Red spider mite,Tetranychus urticae,Egg,Mean,N,6,30.0,,1,7.07,,6.13E-02,Alternate order mass,,2.11E-03,Alternate species length,Class,m^2 per pred per day,292,0.86,7.29E-04,5.94E-04,8.79E-04,5.12E-02,4.80E-02,5.53E-02,200,,
293,Ahn et al 2010 J APPL ENTOMOL,Pred,2.00,,Terrestrial,,Metazoan,Invertebrate,Arachnid,Mite,Neoseiulus californicus,Adult female,Metazoan,Invertebrate,Arachnid,Mite,Red spider mite,Tetranychus urticae,Egg,Mean,N,6,35.0,,1,7.07,,6.13E-02,Alternate order mass,,2.11E-03,Alternate species length,Class,m^2 per pred per day,293,0.90,1.06E-03,9.75E-04,1.16E-03,3.37E-02,3.20E-02,3.56E-02,200,,
294,Heidarian et al 2012 J ASIA-PAC ENTOMOL,Pred,2.50,,Terrestrial,,Metazoan,Invertebrate,Insect,Thysanoptera,Scolothrips longicornis,Adult female (2d old),Metazoan,Invertebrate,Insect,Tetranychidae,,Schizotetranychus smirnovi,Protonymph,Raw data,N,24,25.0,,1,38.48,57.73,4.25E-02,Alternate species length,Order,,,,m^2.5 per pred per day,294,0.93,5.45E-04,4.69E-04,6.36E-04,9.82E-03,7.87E-03,1.20E-02,200,,
295,McCoull et al 1998 AUS J ENTOMOL,Pred,3.00,,Terrestrial,,Metazoan,Invertebrate,Insect,Hemiptera,Naucoris congrex ,,Metazoan,Invertebrate,Insect,Culicidae,Mosquito,Culicidae,4th instar,Raw data,Y,48,5.0,,1,,400.00,1.60E+01,Alternate genus length,Order,1.79E+01,Alternate family length,Order,m^3 per pred per day,295,0.27,1.98E-04,4.48E-05,5.36E-04,1.93E-01,6.18E-02,3.64E-01,200,,
296,McCoull et al 1998 AUS J ENTOMOL,Pred,3.00,,Terrestrial,,Metazoan,Invertebrate,Insect,Hemiptera,Naucoris congrex ,,Metazoan,Invertebrate,Insect,Culicidae,Mosquito,Culicidae,4th instar,Raw data,Y,48,10.0,,1,,400.00,1.60E+01,Alternate genus length,Order,1.79E+01,Alternate family length,Order,m^3 per pred per day,296,0.41,4.47E-04,1.41E-04,1.51E-03,9.99E-02,4.86E-02,1.51E-01,200,,
297,McCoull et al 1998 AUS J ENTOMOL,Pred,3.00,,Terrestrial,,Metazoan,Invertebrate,Insect,Hemiptera,Naucoris congrex ,,Metazoan,Invertebrate,Insect,Culicidae,Mosquito,Culicidae,4th instar,Raw data,Y,48,15.0,,1,,400.00,1.60E+01,Alternate genus length,Order,1.79E+01,Alternate family length,Order,m^3 per pred per day,297,0.53,1.05E-03,6.17E-04,1.91E-03,6.60E-02,5.65E-02,7.75E-02,200,,
298,McCoull et al 1998 AUS J ENTOMOL,Pred,3.00,,Terrestrial,,Metazoan,Invertebrate,Insect,Hemiptera,Naucoris congrex ,,Metazoan,Invertebrate,Insect,Culicidae,Mosquito,Culicidae,4th instar,Raw data,Y,48,20.0,,1,,400.00,1.60E+01,Alternate genus length,Order,1.79E+01,Alternate family length,Order,m^3 per pred per day,298,0.61,6.86E-04,3.91E-04,1.23E-03,3.25E-02,2.23E-02,4.62E-02,200,,
299,Sing & Arbogast 2008 ENT EXP APPL,Pred,2.00,,Terrestrial,,Metazoan,Invertebrate,Insect,Hemiptera,Xylocoris flavipes,Adult female,Metazoan,Invertebrate,Insect,Coleoptera,Bean weevil,Acanthoscelides obtectus,Egg (0-24h old),Mean,N,,29.0,,1,63.62,,4.96E-01,Alternate species length,Order,,,,m^2 per pred per day,299,0.72,8.05E-03,6.31E-03,9.64E-03,2.39E-02,1.91E-02,2.86E-02,200,,
300,Sing & Arbogast 2008 ENT EXP APPL,Pred,2.00,,Terrestrial,,Metazoan,Invertebrate,Insect,Hemiptera,Xylocoris flavipes,Adult male,Metazoan,Invertebrate,Insect,Coleoptera,Bean weevil,Acanthoscelides obtectus,Egg (0-24h old),Mean,N,,29.0,,1,63.62,,2.11E-01,Alternate species length,Order,,,,m^2 per pred per day,300,0.44,8.64E-03,6.02E-03,1.14E-02,6.98E-02,4.92E-02,8.78E-02,200,,
301,Sing & Arbogast 2008 ENT EXP APPL,Pred,2.00,,Terrestrial,,Metazoan,Invertebrate,Insect,Hemiptera,Xylocoris flavipes,Adult female,Metazoan,Invertebrate,Insect,Coleoptera,Bean weevil,Acanthoscelides obtectus,Larva (newly hatched),Mean,N,,29.0,,1,63.62,,4.96E-01,Alternate species length,Order,,,,m^2 per pred per day,301,0.75,7.75E-03,6.38E-03,9.18E-03,9.03E-03,3.20E-03,1.47E-02,200,,
302,Sing & Arbogast 2008 ENT EXP APPL,Pred,2.00,,Terrestrial,,Metazoan,Invertebrate,Insect,Hemiptera,Xylocoris flavipes,Adult male,Metazoan,Invertebrate,Insect,Coleoptera,Bean weevil,Acanthoscelides obtectus,Larva (newly hatched),Mean,N,,29.0,,1,63.62,,2.11E-01,Alternate species length,Order,,,,m^2 per pred per day,302,0.85,8.16E-03,7.05E-03,9.71E-03,1.01E-02,6.14E-03,1.43E-02,200,,
303,Sing & Arbogast 2008 ENT EXP APPL,Pred,2.00,,Terrestrial,,Metazoan,Invertebrate,Insect,Hemiptera,Xylocoris flavipes,Adult female,Metazoan,Invertebrate,Insect,Coleoptera,Bean weevil,Acanthoscelides obtectus,Adult (0-24h old),Mean,N,,29.0,,1,63.62,,4.96E-01,Alternate species length,Order,4.31E+00,Average species mass,,m^2 per pred per day,303,0.04,8.34E-03,2.54E-03,6.39E-02,7.77E-01,4.27E-01,1.06E+00,200,,
304,Sing & Arbogast 2008 ENT EXP APPL,Pred,2.00,,Terrestrial,,Metazoan,Invertebrate,Insect,Hemiptera,Xylocoris flavipes,Adult male,Metazoan,Invertebrate,Insect,Coleoptera,Bean weevil,Acanthoscelides obtectus,Adult (0-24h old),Mean,N,,29.0,,1,63.62,,2.11E-01,Alternate species length,Order,4.31E+00,Average species mass,,m^2 per pred per day,304,0.02,7.87E-03,2.41E-03,1.61E-01,1.54E+00,9.88E-01,2.00E+00,200,,
305,Sing & Arbogast 2008 ENT EXP APPL,Pred,2.00,,Terrestrial,,Metazoan,Invertebrate,Insect,Hemiptera,Xylocoris flavipes,Adult female,Metazoan,Invertebrate,Insect,Coleoptera,Bean weevil,Callosobruchu analis,Adult (0-24h old),Mean,N,,29.0,,1,63.62,,4.96E-01,Alternate species length,Order,2.86E+00,Alternate species length,Family,m^2 per pred per day,305,0.24,5.37E-03,3.28E-03,9.80E-03,2.86E-01,1.23E-01,4.14E-01,200,,
306,Sing & Arbogast 2008 ENT EXP APPL,Pred,2.00,,Terrestrial,,Metazoan,Invertebrate,Insect,Hemiptera,Xylocoris flavipes,Adult male,Metazoan,Invertebrate,Insect,Coleoptera,Bean weevil,Callosobruchu analis,Adult (0-24h old),Mean,N,,29.0,,1,63.62,,2.11E-01,Alternate species length,Order,2.86E+00,Alternate species length,Family,m^2 per pred per day,306,0.06,6.88E-03,2.42E-03,4.93E-02,5.58E-01,1.95E-01,8.24E-01,200,,
307,Sing & Arbogast 2008 ENT EXP APPL,Pred,2.00,,Terrestrial,,Metazoan,Invertebrate,Insect,Hemiptera,Xylocoris flavipes,Adult female,Metazoan,Invertebrate,Insect,Coleoptera,Adzuki bean weevil,Callosobruchus chinensis,Adult (0-24h old),Mean,N,,29.0,,1,63.62,,4.96E-01,Alternate species length,Order,2.86E+00,Alternate species length,Family,m^2 per pred per day,307,0.18,4.48E-03,2.98E-03,8.51E-03,3.39E-01,1.94E-01,5.01E-01,200,,
308,Sing & Arbogast 2008 ENT EXP APPL,Pred,2.00,,Terrestrial,,Metazoan,Invertebrate,Insect,Hemiptera,Xylocoris flavipes,Adult male,Metazoan,Invertebrate,Insect,Coleoptera,Adzuki bean weevil,Callosobruchus chinensis,Adult (0-24h old),Mean,N,,29.0,,1,63.62,,2.11E-01,Alternate species length,Order,2.86E+00,Alternate species length,Family,m^2 per pred per day,308,0.05,4.85E-03,1.95E-03,2.66E-02,8.23E-01,3.55E-01,1.22E+00,200,,
309,Sing & Arbogast 2008 ENT EXP APPL,Pred,2.00,,Terrestrial,,Metazoan,Invertebrate,Insect,Hemiptera,Xylocoris flavipes,Adult female,Metazoan,Invertebrate,Insect,Coleoptera,Cowpea weevil,Callosobruchus maculatus,Adult (0-24h old),Mean,N,,29.0,,1,63.62,,4.96E-01,Alternate species length,Order,2.86E+00,Alternate species length,Family,m^2 per pred per day,309,0.22,2.26E-03,1.56E-03,4.51E-03,1.88E-01,5.00E-10,5.75E-01,200,,
310,Sing & Arbogast 2008 ENT EXP APPL,Pred,2.00,,Terrestrial,,Metazoan,Invertebrate,Insect,Hemiptera,Xylocoris flavipes,Adult male,Metazoan,Invertebrate,Insect,Coleoptera,Cowpea weevil,Callosobruchus maculatus,Adult (0-24h old),Mean,N,,29.0,,1,63.62,,2.11E-01,Alternate species length,Order,2.86E+00,Alternate species length,Family,m^2 per pred per day,310,0.06,4.38E-03,1.32E-03,3.75E-02,7.84E-01,1.38E-01,1.20E+00,200,,
311,Sing & Arbogast 2008 ENT EXP APPL,Pred,2.00,,Terrestrial,,Metazoan,Invertebrate,Insect,Hemiptera,Xylocoris flavipes,Adult female,Metazoan,Invertebrate,Insect,Coleoptera,Mexican bean weevil,Zabrotes subfasciatus,Adult (0-24h old),Mean,N,,29.0,,1,63.62,,4.96E-01,Alternate species length,Order,2.86E+00,Alternate species length,Family,m^2 per pred per day,311,0.18,4.66E-03,2.44E-03,1.09E-02,3.57E-01,1.22E-01,5.40E-01,200,,
312,Sing & Arbogast 2008 ENT EXP APPL,Pred,2.00,,Terrestrial,,Metazoan,Invertebrate,Insect,Hemiptera,Xylocoris flavipes,Adult male,Metazoan,Invertebrate,Insect,Coleoptera,Mexican bean weevil,Zabrotes subfasciatus,Adult (0-24h old),Mean,N,,29.0,,1,63.62,,2.11E-01,Alternate species length,Order,2.86E+00,Alternate species length,Family,m^2 per pred per day,312,0.05,4.74E-03,1.55E-03,2.46E-02,9.47E-01,3.71E-01,1.35E+00,200,,
313,Hohberg & Traunspurger 2005 BIOL FERTIL SOILS,Pred,2.00,,Aquatic,,Metazoan,Invertebrate,Tardigrade,,Macrobiotus richtersi,Adult,Metazoan,Invertebrate,Nematode,,Nematode,Pelodera teres,Small,Raw data,N,72,20.0,,1,0.79,0.08,1.07E-02,Original mass,,2.20E-05,Original mass,,m^2 per pred per day,313,0.54,5.28E-04,3.96E-04,7.40E-04,1.99E-03,1.64E-03,2.29E-03,200,,
314,Hohberg & Traunspurger 2005 BIOL FERTIL SOILS,Pred,2.00,,Aquatic,,Metazoan,Invertebrate,Tardigrade,,Macrobiotus richtersi,Adult,Metazoan,Invertebrate,Nematode,,Nematode,Acrobeloides nanus,Small,Raw data,N,72,20.0,,1,0.79,0.08,1.07E-02,Original mass,,2.80E-05,Original mass,,m^2 per pred per day,314,0.33,6.69E-04,4.33E-04,9.89E-04,2.68E-03,2.27E-03,3.08E-03,200,,
315,Hohberg & Traunspurger 2005 BIOL FERTIL SOILS,Pred,2.00,,Aquatic,,Metazoan,Invertebrate,Tardigrade,,Macrobiotus richtersi,Adult,Metazoan,Invertebrate,Nematode,,Nematode,Pelodera teres,Large,Raw data,N,72,20.0,,1,0.79,0.08,1.07E-02,Original mass,,6.30E-05,Original mass,,m^2 per pred per day,315,0.39,3.85E-04,2.63E-04,5.57E-04,4.62E-03,3.89E-03,5.41E-03,200,,
316,Hohberg & Traunspurger 2005 BIOL FERTIL SOILS,Pred,2.00,,Aquatic,,Metazoan,Invertebrate,Tardigrade,,Macrobiotus richtersi,Adult,Metazoan,Invertebrate,Nematode,,Nematode,Acrobeloides nanus,Large,Raw data,N,72,20.0,,1,0.79,0.08,1.07E-02,Original mass,,8.00E-05,Original mass,,m^2 per pred per day,316,0.43,2.90E-04,1.78E-04,4.78E-04,3.59E-03,2.74E-03,4.29E-03,200,,
317,Hohberg & Traunspurger 2005 BIOL FERTIL SOILS,Pred,2.00,,Aquatic,,Metazoan,Invertebrate,Tardigrade,,Macrobiotus richtersi,Juvenile,Metazoan,Invertebrate,Nematode,,Nematode,Pelodera teres,Small,Raw data,N,72,20.0,,1,0.79,0.08,1.90E-03,Original mass,,2.20E-05,Original mass,,m^2 per pred per day,317,0.27,4.72E-04,3.07E-04,8.12E-04,5.78E-03,4.67E-03,7.52E-03,200,,
318,Gitonga et al 2002 BIO CONTROL,Pred,2.50,,Terrestrial,,Metazoan,Invertebrate,Insect,Hemiptera,Orius albidipennis,Adult (24-48h old),Metazoan,Invertebrate,Insect,Thysanoptera,,Megalurothrips sjostedti,2nd instar,Mean,N,24,15.0,,1,?,30.00,3.66E-01,Average genus mass,,,,,m^2.5 per pred per day,318,0.89,1.61E-04,1.34E-04,1.99E-04,3.02E-02,1.41E-02,4.61E-02,200,,
319,Gitonga et al 2002 BIO CONTROL,Pred,2.50,,Terrestrial,,Metazoan,Invertebrate,Insect,Hemiptera,Orius albidipennis,Adult (24-48h old),Metazoan,Invertebrate,Insect,Thysanoptera,,Megalurothrips sjostedti,2nd instar,Mean,N,24,25.0,,1,?,30.00,3.66E-01,Average genus mass,,,,,m^2.5 per pred per day,319,0.91,2.13E-04,1.75E-04,2.63E-04,1.54E-02,2.33E-03,2.76E-02,200,,
320,Gitonga et al 2002 BIO CONTROL,Pred,2.50,,Terrestrial,,Metazoan,Invertebrate,Insect,Hemiptera,Orius albidipennis,Adult (24-48h old),Metazoan,Invertebrate,Insect,Thysanoptera,,Megalurothrips sjostedti,2nd instar,Mean,N,24,28.0,,1,?,30.00,3.66E-01,Average genus mass,,,,,m^2.5 per pred per day,320,0.95,2.34E-04,2.09E-04,2.66E-04,1.20E-02,6.39E-03,1.70E-02,200,,
321,Gitonga et al 2002 BIO CONTROL,Pred,2.50,,Terrestrial,,Metazoan,Invertebrate,Insect,Hemiptera,Orius albidipennis,Adult (24-48h old),Metazoan,Invertebrate,Insect,Thysanoptera,,Megalurothrips sjostedti,Adult,Mean,N,24,15.0,,1,?,30.00,3.66E-01,Average genus mass,,7.49E-02,Alternate order length,Order,m^2.5 per pred per day,321,0.80,5.74E-05,4.11E-05,9.31E-05,8.48E-02,9.82E-09,1.77E-01,200,,
322,Gitonga et al 2002 BIO CONTROL,Pred,2.50,,Terrestrial,,Metazoan,Invertebrate,Insect,Hemiptera,Orius albidipennis,Adult (24-48h old),Metazoan,Invertebrate,Insect,Thysanoptera,,Megalurothrips sjostedti,Adult,Mean,N,24,25.0,,1,?,30.00,3.66E-01,Average genus mass,,7.49E-02,Alternate order length,Order,m^2.5 per pred per day,322,0.81,1.90E-04,1.50E-04,2.64E-04,1.21E-01,9.90E-02,1.54E-01,200,,
323,Gitonga et al 2002 BIO CONTROL,Pred,2.50,,Terrestrial,,Metazoan,Invertebrate,Insect,Hemiptera,Orius albidipennis,Adult (24-48h old),Metazoan,Invertebrate,Insect,Thysanoptera,,Megalurothrips sjostedti,Adult,Mean,N,24,28.0,,1,?,30.00,3.66E-01,Average genus mass,,7.49E-02,Alternate order length,Order,m^2.5 per pred per day,323,0.78,2.35E-04,1.78E-04,3.45E-04,1.24E-01,1.04E-01,1.48E-01,200,,
324,Poletti et al 2007 BIO CONTROL,Pred,2.00,,Terrestrial,,Metazoan,Invertebrate,Arachnid,Mite,Neoseiulus californicus,Adult female,Metazoan,Invertebrate,Arachnid,Mite,Red spider mite,Tetranychus urticae,Eggs,Mean,N,12,,,1,7.07,,6.13E-02,Alternate order mass,,2.11E-03,Alternate species length,Class,m^2 per pred per day,324,0.02,2.73E-02,1.30E-02,2.27E-01,5.04E-02,3.16E-05,9.41E-02,200,Arena sprayed with distilled water,
325,Poletti et al 2007 BIO CONTROL,Pred,2.00,,Terrestrial,,Metazoan,Invertebrate,Arachnid,Mite,Neoseiulus californicus,Adult female,Metazoan,Invertebrate,Arachnid,Mite,Red spider mite,Tetranychus urticae,Eggs,Mean,N,12,,,1,7.07,,6.13E-02,Alternate order mass,,2.11E-03,Alternate species length,Class,m^2 per pred per day,325,0.02,2.76E-02,1.27E-02,2.41E-01,5.49E-02,8.43E-04,1.00E-01,200,Arena sprayed with Acetamiprid insecticide,
326,Poletti et al 2007 BIO CONTROL,Pred,2.00,,Terrestrial,,Metazoan,Invertebrate,Arachnid,Mite,Neoseiulus californicus,Adult female,Metazoan,Invertebrate,Arachnid,Mite,Red spider mite,Tetranychus urticae,Eggs,Mean,N,12,,,1,7.07,,6.13E-02,Alternate order mass,,2.11E-03,Alternate species length,Class,m^2 per pred per day,326,0.19,4.42E-03,3.70E-03,5.17E-03,4.75E-10,2.10E-11,6.52E-10,200,Arena sprayed with Imidacloprid insecticide,
327,Poletti et al 2007 BIO CONTROL,Pred,2.00,,Terrestrial,,Metazoan,Invertebrate,Arachnid,Mite,Neoseiulus californicus,Adult female,Metazoan,Invertebrate,Arachnid,Mite,Red spider mite,Tetranychus urticae,Eggs,Mean,N,12,,,1,7.07,,6.13E-02,Alternate order mass,,2.11E-03,Alternate species length,Class,m^2 per pred per day,327,0.13,2.53E-03,2.21E-03,2.86E-03,3.81E-10,3.47E-10,4.30E-10,200,Arena sprayed with Thiamethoxam insecticide,
328,Poletti et al 2007 BIO CONTROL,Pred,2.00,,Terrestrial,,Metazoan,Invertebrate,Arachnid,Mite,Phytoseiulus macropilis,Adult female,Metazoan,Invertebrate,Arachnid,Mite,Red spider mite,Tetranychus urticae,Eggs,Mean,N,12,,,1,7.07,,6.13E-02,Alternate order mass,,2.11E-03,Alternate species length,Class,m^2 per pred per day,328,0.13,3.50E-03,3.14E-03,3.85E-03,5.00E-10,4.92E-10,5.12E-10,200,Arena sprayed with distilled water,
329,Poletti et al 2007 BIO CONTROL,Pred,2.00,,Terrestrial,,Metazoan,Invertebrate,Arachnid,Mite,Phytoseiulus macropilis,Adult female,Metazoan,Invertebrate,Arachnid,Mite,Red spider mite,Tetranychus urticae,Eggs,Mean,N,12,,,1,7.07,,6.13E-02,Alternate order mass,,2.11E-03,Alternate species length,Class,m^2 per pred per day,329,0.13,9.53E-04,8.84E-04,1.03E-03,4.42E-10,3.94E-10,5.00E-10,200,Arena sprayed with Acetamiprid insecticide,
330,Poletti et al 2007 BIO CONTROL,Pred,2.00,,Terrestrial,,Metazoan,Invertebrate,Arachnid,Mite,Phytoseiulus macropilis,Adult female,Metazoan,Invertebrate,Arachnid,Mite,Red spider mite,Tetranychus urticae,Eggs,Mean,N,12,,,1,7.07,,6.13E-02,Alternate order mass,,2.11E-03,Alternate species length,Class,m^2 per pred per day,330,0.05,4.20E-04,3.72E-04,4.76E-04,2.15E-08,1.44E-08,3.17E-07,200,Arena sprayed with Imidacloprid insecticide,
331,Poletti et al 2007 BIO CONTROL,Pred,2.00,,Terrestrial,,Metazoan,Invertebrate,Arachnid,Mite,Phytoseiulus macropilis,Adult female,Metazoan,Invertebrate,Arachnid,Mite,Red spider mite,Tetranychus urticae,Eggs,Mean,N,12,,,1,7.07,,6.13E-02,Alternate order mass,,2.11E-03,Alternate species length,Class,m^2 per pred per day,331,0.06,1.37E-03,1.22E-03,1.52E-03,6.25E-09,3.77E-09,6.64E-08,200,Arena sprayed with Thiamethoxam insecticide,
332,Opit et al 1997 CAN ENTOMOL,Pred,2.00,,Terrestrial,,Metazoan,Invertebrate,Insect,Diptera,Feltiella acarisuga,Larva,Metazoan,Invertebrate,Arachnid,Mite,Red spider mite,Tetranychus urticae,Adult male,Mean,Y,24,27.0,,1,2.00,,1.70E-01,Alternate species length,Order,6.66E-02,Alternate species length,Class,m^2 per pred per day,332,0.13,2.14E-03,1.99E-03,2.30E-03,5.00E-10,4.93E-10,5.00E-10,200,,
333,Opit et al 1997 CAN ENTOMOL,Pred,2.00,,Terrestrial,,Metazoan,Invertebrate,Insect,Diptera,Feltiella acarisuga,Larva,Metazoan,Invertebrate,Arachnid,Mite,Red spider mite,Tetranychus urticae,Adult female,Mean,Y,24,27.0,,1,2.00,,1.70E-01,Alternate species length,Order,7.03E-02,Alternate species length,Class,m^2 per pred per day,333,0.07,7.31E-04,6.50E-04,8.27E-04,1.14E-08,5.72E-09,9.37E-08,200,,
334,Koveos & Broufas 2000 EXP APL ACAR,Pred,2.00,,Terrestrial,,Metazoan,Invertebrate,Arachnid,Mite,Euseius finlandicus,Adult female (6d old),Metazoan,Invertebrate,Arachnid,Mite,European red mite,Panonychus ulmi,Adult female,Mean,Y,24,25.0,,1,2.00,,6.13E-02,Alternate order mass,,2.53E-02,Alternate species length,Class,m^2 per pred per day,334,0.06,4.47E-05,3.61E-05,5.31E-05,2.61E-07,5.77E-08,2.54E-05,200,Apple leaf arena,
335,Koveos & Broufas 2000 EXP APL ACAR,Pred,2.00,,Terrestrial,,Metazoan,Invertebrate,Arachnid,Mite,Euseius finlandicus,Adult female (6d old),Metazoan,Invertebrate,Arachnid,Mite,European red mite,Panonychus ulmi,Adult female,Mean,Y,24,25.0,,1,2.00,,6.13E-02,Alternate order mass,,2.53E-02,Alternate species length,Class,m^2 per pred per day,335,0.09,8.21E-05,7.05E-05,9.69E-05,1.68E-07,1.68E-08,4.64E-07,200,Peach leaf arena,
336,Koveos & Broufas 2000 EXP APL ACAR,Pred,2.00,,Terrestrial,,Metazoan,Invertebrate,Arachnid,Mite,Amblyseius andersoni,Adult female (6d old),Metazoan,Invertebrate,Arachnid,Mite,European red mite,Panonychus ulmi,Adult female,Mean,Y,24,25.0,,1,2.00,,6.13E-02,Alternate order mass,,2.53E-02,Alternate species length,Class,m^2 per pred per day,336,0.11,9.64E-05,8.84E-05,1.06E-04,1.28E-10,1.07E-10,1.54E-10,200,Apple leaf arena,
337,Koveos & Broufas 2000 EXP APL ACAR,Pred,2.00,,Terrestrial,,Metazoan,Invertebrate,Arachnid,Mite,Amblyseius andersoni,Adult female (6d old),Metazoan,Invertebrate,Arachnid,Mite,European red mite,Panonychus ulmi,Adult female,Mean,Y,24,25.0,,1,2.00,,6.13E-02,Alternate order mass,,2.53E-02,Alternate species length,Class,m^2 per pred per day,337,0.08,6.57E-05,5.79E-05,7.40E-05,2.54E-07,5.66E-10,4.65E-07,200,Peach leaf arena,
338,Koveos & Broufas 2000 EXP APL ACAR,Pred,2.00,,Terrestrial,,Metazoan,Invertebrate,Arachnid,Mite,Euseius finlandicus,Adult female (6d old),Metazoan,Invertebrate,Arachnid,Mite,European red mite,Panonychus ulmi,Larva (newly hatched),Mean,Y,24,25.0,,1,2.00,,6.13E-02,Alternate order mass,,3.58E-03,Alternate species length,Class,m^2 per pred per day,338,0.05,3.44E-04,2.80E-04,4.12E-04,1.71E-08,6.46E-09,3.94E-07,200,Apple leaf arena,
339,Koveos & Broufas 2000 EXP APL ACAR,Pred,2.00,,Terrestrial,,Metazoan,Invertebrate,Arachnid,Mite,Euseius finlandicus,Adult female (6d old),Metazoan,Invertebrate,Arachnid,Mite,European red mite,Panonychus ulmi,Larva (newly hatched),Mean,Y,24,25.0,,1,2.00,,6.13E-02,Alternate order mass,,3.58E-03,Alternate species length,Class,m^2 per pred per day,339,0.05,3.86E-04,3.30E-04,4.37E-04,1.92E-08,4.88E-09,8.91E-08,200,Peach leaf arena,
340,Koveos & Broufas 2000 EXP APL ACAR,Pred,2.00,,Terrestrial,,Metazoan,Invertebrate,Arachnid,Mite,Amblyseius andersoni,Adult female (6d old),Metazoan,Invertebrate,Arachnid,Mite,European red mite,Panonychus ulmi,Larva (newly hatched),Mean,Y,24,25.0,,1,2.00,,6.13E-02,Alternate order mass,,3.58E-03,Alternate species length,Class,m^2 per pred per day,340,0.04,3.00E-04,2.55E-04,3.53E-04,1.83E-08,7.70E-09,3.59E-07,200,Apple leaf arena,
341,Koveos & Broufas 2000 EXP APL ACAR,Pred,2.00,,Terrestrial,,Metazoan,Invertebrate,Arachnid,Mite,Amblyseius andersoni,Adult female (6d old),Metazoan,Invertebrate,Arachnid,Mite,European red mite,Panonychus ulmi,Larva (newly hatched),Mean,Y,24,25.0,,1,2.00,,6.13E-02,Alternate order mass,,3.58E-03,Alternate species length,Class,m^2 per pred per day,341,0.04,3.38E-04,2.92E-04,3.82E-04,3.67E-08,4.78E-09,1.28E-07,200,Peach leaf arena,
342,Nagai & Yano 2000 APPL ENTOMOL ZOOL,Pred,2.00,,Terrestrial,,Metazoan,Invertebrate,Insect,Hemiptera,Orius sauteri,1st instar,Metazoan,Invertebrate,Insect,Thysanoptera,Melon thrip,Thrips palmi,Adult,Raw data,N,,25.0,,1,25.00,,1.19E+00,% adult mass,,1.81E-02,Alternate species length,Order,m^2 per pred per day,342,0.03,6.98E-04,1.59E-04,6.21E-03,1.17E+00,3.05E-06,3.19E+00,200,,
343,Nagai & Yano 2000 APPL ENTOMOL ZOOL,Pred,2.00,,Terrestrial,,Metazoan,Invertebrate,Insect,Hemiptera,Orius sauteri,3rd instar,Metazoan,Invertebrate,Insect,Thysanoptera,Melon thrip,Thrips palmi,Adult,Raw data,N,,25.0,,1,25.00,,4.98E+01,% adult mass,,1.81E-02,Alternate species length,Order,m^2 per pred per day,343,0.32,1.75E-03,8.80E-04,4.03E-03,6.19E-02,1.31E-02,1.04E-01,200,,
344,Nagai & Yano 2000 APPL ENTOMOL ZOOL,Pred,2.00,,Terrestrial,,Metazoan,Invertebrate,Insect,Hemiptera,Orius sauteri,5th instar (early),Metazoan,Invertebrate,Insect,Thysanoptera,Melon thrip,Thrips palmi,Adult,Raw data,N,,25.0,,1,25.00,,,,,1.81E-02,Alternate species length,Order,m^2 per pred per day,344,0.26,3.25E-03,1.36E-03,7.68E-03,4.02E-02,3.02E-03,6.52E-02,200,,
345,Nagai & Yano 2000 APPL ENTOMOL ZOOL,Pred,2.00,,Terrestrial,,Metazoan,Invertebrate,Insect,Hemiptera,Orius sauteri,Adult female,Metazoan,Invertebrate,Insect,Thysanoptera,Melon thrip,Thrips palmi,Adult,Raw data,N,,25.0,,1,25.00,,2.45E+02,Alternate species mass,,1.81E-02,Alternate species length,Order,m^2 per pred per day,345,0.38,2.44E-03,1.29E-03,7.23E-03,1.92E-02,5.05E-10,4.98E-02,200,,
346,Nagai & Yano 2000 APPL ENTOMOL ZOOL,Pred,2.00,,Terrestrial,,Metazoan,Invertebrate,Insect,Hemiptera,Orius sauteri,1st instar,Metazoan,Invertebrate,Insect,Thysanoptera,Melon thrip,Thrips palmi,2nd instar,Raw data,N,,25.0,,1,25.00,,1.19E+00,% adult mass,,1.07E-02,Alternate species length,Order,m^2 per pred per day,346,0.47,7.82E-04,3.96E-04,1.38E-03,1.06E-01,2.54E-03,2.05E-01,200,,
347,Nagai & Yano 2000 APPL ENTOMOL ZOOL,Pred,2.00,,Terrestrial,,Metazoan,Invertebrate,Insect,Hemiptera,Orius sauteri,3rd instar,Metazoan,Invertebrate,Insect,Thysanoptera,Melon thrip,Thrips palmi,2nd instar,Raw data,N,,25.0,,1,25.00,,4.98E+01,% adult mass,,1.07E-02,Alternate species length,Order,m^2 per pred per day,347,0.15,6.75E-03,4.42E-03,1.66E-02,5.69E-02,4.60E-02,7.14E-02,200,,
348,Nagai & Yano 2000 APPL ENTOMOL ZOOL,Pred,2.00,,Terrestrial,,Metazoan,Invertebrate,Insect,Hemiptera,Orius sauteri,5th instar (early),Metazoan,Invertebrate,Insect,Thysanoptera,Melon thrip,Thrips palmi,2nd instar,Raw data,N,,25.0,,1,25.00,,,,,1.07E-02,Alternate species length,Order,m^2 per pred per day,348,0.40,3.04E-03,2.11E-03,4.51E-03,1.08E-02,7.21E-03,1.39E-02,200,,
349,Nagai & Yano 2000 APPL ENTOMOL ZOOL,Pred,2.00,,Terrestrial,,Metazoan,Invertebrate,Insect,Hemiptera,Orius sauteri,5th instar (late),Metazoan,Invertebrate,Insect,Thysanoptera,Melon thrip,Thrips palmi,2nd instar,Raw data,N,,25.0,,1,25.00,,,,,1.07E-02,Alternate species length,Order,m^2 per pred per day,349,0.12,3.07E-03,8.60E-04,1.62E-02,6.21E-02,3.83E-02,8.29E-02,200,,
350,Nagai & Yano 2000 APPL ENTOMOL ZOOL,Pred,2.00,,Terrestrial,,Metazoan,Invertebrate,Insect,Hemiptera,Orius sauteri,Adult male,Metazoan,Invertebrate,Insect,Thysanoptera,Melon thrip,Thrips palmi,2nd instar,Raw data,N,,25.0,,1,25.00,,1.84E+02,Alternate species mass,,1.07E-02,Alternate species length,Order,m^2 per pred per day,350,0.33,3.28E-03,1.71E-03,6.92E-03,1.63E-02,6.01E-03,2.31E-02,200,,
351,Nagai & Yano 2000 APPL ENTOMOL ZOOL,Pred,2.00,,Terrestrial,,Metazoan,Invertebrate,Insect,Hemiptera,Orius sauteri,Adult female,Metazoan,Invertebrate,Insect,Thysanoptera,Melon thrip,Thrips palmi,2nd instar,Raw data,N,,25.0,,1,25.00,,2.45E+02,Alternate species mass,,1.07E-02,Alternate species length,Order,m^2 per pred per day,351,0.28,2.87E-03,1.28E-03,7.54E-03,4.37E-02,1.79E-02,6.22E-02,200,,
352,Nagai & Yano 2000 APPL ENTOMOL ZOOL,Pred,2.00,,Terrestrial,,Metazoan,Invertebrate,Insect,Hemiptera,Orius sauteri,1st instar,Metazoan,Invertebrate,Insect,Thysanoptera,Melon thrip,Thrips palmi,2nd instar,Raw data,N,,15.0,,1,25.00,,1.19E+00,% adult mass,,1.07E-02,Alternate species length,Order,m^2 per pred per day,352,0.13,1.33E-03,6.99E-04,3.55E-03,3.72E-01,2.66E-01,5.09E-01,200,,
353,Nagai & Yano 2000 APPL ENTOMOL ZOOL,Pred,2.00,,Terrestrial,,Metazoan,Invertebrate,Insect,Hemiptera,Orius sauteri,1st instar,Metazoan,Invertebrate,Insect,Thysanoptera,Melon thrip,Thrips palmi,2nd instar,Raw data,N,,20.0,,1,25.00,,1.19E+00,% adult mass,,1.07E-02,Alternate species length,Order,m^2 per pred per day,353,0.23,1.83E-03,9.22E-04,7.63E-03,1.86E-01,1.19E-01,2.79E-01,200,,
354,Nagai & Yano 2000 APPL ENTOMOL ZOOL,Pred,2.00,,Terrestrial,,Metazoan,Invertebrate,Insect,Hemiptera,Orius sauteri,1st instar,Metazoan,Invertebrate,Insect,Thysanoptera,Melon thrip,Thrips palmi,2nd instar,Raw data,N,,30.0,,1,25.00,,1.19E+00,% adult mass,,1.07E-02,Alternate species length,Order,m^2 per pred per day,354,0.16,2.75E-03,1.53E-03,7.89E-03,2.27E-01,1.76E-01,2.87E-01,200,,
355,Nagai & Yano 2000 APPL ENTOMOL ZOOL,Pred,2.00,,Terrestrial,,Metazoan,Invertebrate,Insect,Hemiptera,Orius sauteri,3rd instar,Metazoan,Invertebrate,Insect,Thysanoptera,Melon thrip,Thrips palmi,2nd instar,Raw data,N,,15.0,,1,25.00,,4.98E+01,% adult mass,,1.07E-02,Alternate species length,Order,m^2 per pred per day,355,0.46,5.06E-04,3.17E-04,1.19E-03,4.77E-02,9.83E-08,1.28E-01,200,,
356,Nagai & Yano 2000 APPL ENTOMOL ZOOL,Pred,2.00,,Terrestrial,,Metazoan,Invertebrate,Insect,Hemiptera,Orius sauteri,3rd instar,Metazoan,Invertebrate,Insect,Thysanoptera,Melon thrip,Thrips palmi,2nd instar,Raw data,N,,20.0,,1,25.00,,4.98E+01,% adult mass,,1.07E-02,Alternate species length,Order,m^2 per pred per day,356,0.16,2.89E-03,1.61E-03,8.40E-03,8.57E-02,5.42E-02,1.19E-01,200,,
357,Nagai & Yano 2000 APPL ENTOMOL ZOOL,Pred,2.00,,Terrestrial,,Metazoan,Invertebrate,Insect,Hemiptera,Orius sauteri,3rd instar,Metazoan,Invertebrate,Insect,Thysanoptera,Melon thrip,Thrips palmi,2nd instar,Raw data,N,,30.0,,1,25.00,,4.98E+01,% adult mass,,1.07E-02,Alternate species length,Order,m^2 per pred per day,357,0.37,1.31E-03,8.39E-04,2.09E-03,1.60E-02,1.83E-09,4.36E-02,200,,
358,Nagai & Yano 2000 APPL ENTOMOL ZOOL,Pred,2.00,,Terrestrial,,Metazoan,Invertebrate,Insect,Hemiptera,Orius sauteri,5th instar (early),Metazoan,Invertebrate,Insect,Thysanoptera,Melon thrip,Thrips palmi,2nd instar,Raw data,N,,15.0,,1,25.00,,,,,1.07E-02,Alternate species length,Order,m^2 per pred per day,358,0.18,2.82E-03,1.44E-03,9.12E-03,6.40E-02,5.02E-02,7.74E-02,200,,
359,Nagai & Yano 2000 APPL ENTOMOL ZOOL,Pred,2.00,,Terrestrial,,Metazoan,Invertebrate,Insect,Hemiptera,Orius sauteri,5th instar (early),Metazoan,Invertebrate,Insect,Thysanoptera,Melon thrip,Thrips palmi,2nd instar,Raw data,N,,20.0,,1,25.00,,,,,1.07E-02,Alternate species length,Order,m^2 per pred per day,359,0.29,1.39E-03,5.84E-04,3.02E-03,2.01E-02,8.11E-09,3.58E-02,200,,
360,Nagai & Yano 2000 APPL ENTOMOL ZOOL,Pred,2.00,,Terrestrial,,Metazoan,Invertebrate,Insect,Hemiptera,Orius sauteri,5th instar (early),Metazoan,Invertebrate,Insect,Thysanoptera,Melon thrip,Thrips palmi,2nd instar,Raw data,N,,30.0,,1,25.00,,,,,1.07E-02,Alternate species length,Order,m^2 per pred per day,360,0.37,1.55E-03,7.55E-04,3.66E-03,1.07E-02,2.62E-09,2.03E-02,200,,
361,Nagai & Yano 2000 APPL ENTOMOL ZOOL,Pred,2.00,,Terrestrial,,Metazoan,Invertebrate,Insect,Hemiptera,Orius sauteri,Adult female,Metazoan,Invertebrate,Insect,Thysanoptera,Melon thrip,Thrips palmi,2nd instar,Raw data,N,,15.0,,1,25.00,,2.45E+02,Alternate species mass,,1.07E-02,Alternate species length,Order,m^2 per pred per day,361,0.17,2.86E-03,1.31E-03,1.01E-02,6.45E-02,5.01E-02,7.87E-02,200,,
362,Nagai & Yano 2000 APPL ENTOMOL ZOOL,Pred,2.00,,Terrestrial,,Metazoan,Invertebrate,Insect,Hemiptera,Orius sauteri,Adult female,Metazoan,Invertebrate,Insect,Thysanoptera,Melon thrip,Thrips palmi,2nd instar,Raw data,N,,20.0,,1,25.00,,2.45E+02,Alternate species mass,,1.07E-02,Alternate species length,Order,m^2 per pred per day,362,0.31,1.23E-03,5.60E-04,2.76E-03,2.10E-02,3.90E-09,3.74E-02,200,,
363,Nagai & Yano 2000 APPL ENTOMOL ZOOL,Pred,2.00,,Terrestrial,,Metazoan,Invertebrate,Insect,Hemiptera,Orius sauteri,Adult female,Metazoan,Invertebrate,Insect,Thysanoptera,Melon thrip,Thrips palmi,2nd instar,Raw data,N,,30.0,,1,25.00,,2.45E+02,Alternate species mass,,1.07E-02,Alternate species length,Order,m^2 per pred per day,363,0.45,1.23E-03,7.81E-04,2.25E-03,8.09E-03,1.98E-09,1.80E-02,200,,
364,Elliott 2003 FRESH BIOL,Pred,2.00,,Terrestrial,,Metazoan,Invertebrate,Insect,Hemiptera,Perlodes microcephalus,Larva,Metazoan,Invertebrate,Insect,Ephemeroptera,Mayfly,Baetis rhodani,Mature larva,Mean,Y,72,6.0,,1,800.00,m,1.04E+02,Original length,Order,9.77E+00,Original length,Order,m^2 per pred per day,364,0.85,2.28E-01,1.78E-01,3.01E-01,1.42E-03,7.57E-04,2.15E-03,200,,
365,Elliott 2003 FRESH BIOL,Pred,2.00,,Terrestrial,,Metazoan,Invertebrate,Insect,Hemiptera,Perlodes microcephalus,Larva,Metazoan,Invertebrate,Insect,Diptera,,Chironomus sp,Larva,Mean,Y,72,6.0,,1,800.00,d,1.04E+02,Original length,Order,1.57E+00,Original length,Order,m^2 per pred per day,365,0.89,1.99E-01,1.62E-01,2.44E-01,6.14E-04,4.99E-10,1.10E-03,200,,
366,Elliott 2003 FRESH BIOL,Pred,2.00,,Terrestrial,,Metazoan,Invertebrate,Insect,Hemiptera,Isoperla grammatica,Larva,Metazoan,Invertebrate,Insect,Ephemeroptera,,Baetis rhodani,Mature larva,Mean,Y,72,6.7,,1,800.00,,4.23E+01,Original length,Order,9.77E+00,Original length,Order,m^2 per pred per day,366,0.84,1.06E-01,8.37E-02,1.38E-01,1.64E-03,5.00E-10,3.07E-03,200,,
367,Elliott 2003 FRESH BIOL,Pred,2.00,,Terrestrial,,Metazoan,Invertebrate,Insect,Hemiptera,Isoperla grammatica,Larva,Metazoan,Invertebrate,Insect,Diptera,,Chironomus sp,Larva,Mean,Y,72,6.7,,1,800.00,,4.23E+01,Original length,Order,1.57E+00,Original length,Order,m^2 per pred per day,367,0.82,1.14E-01,9.87E-02,1.56E-01,5.47E-04,2.46E-11,1.99E-03,200,,
368,Elliott 2003 FRESH BIOL,Pred,2.00,,Terrestrial,,Metazoan,Invertebrate,Insect,Hemiptera,Dinocras cephalotes,Larva,Metazoan,Invertebrate,Insect,Ephemeroptera,,Baetis rhodani,Mature larva,Mean,Y,72,6.0,,1,800.00,,1.10E+02,Original length,Order,9.77E+00,Original length,Order,m^2 per pred per day,368,0.77,1.63E-01,1.16E-01,2.14E-01,1.96E-03,6.23E-04,3.15E-03,200,,
369,Elliott 2003 FRESH BIOL,Pred,2.00,,Terrestrial,,Metazoan,Invertebrate,Insect,Hemiptera,Dinocras cephalotes,Larva,Metazoan,Invertebrate,Insect,Diptera,,Chironomus sp,Larva,Mean,Y,72,6.0,,1,800.00,,1.10E+02,Original length,Order,1.57E+00,Original length,Order,m^2 per pred per day,369,0.87,1.47E-01,1.21E-01,1.77E-01,6.96E-04,6.55E-07,1.44E-03,200,,
370,Elliott 2003 FRESH BIOL,Pred,2.00,,Terrestrial,,Metazoan,Invertebrate,Insect,Hemiptera,Perla bipunctata,Larva,Metazoan,Invertebrate,Insect,Ephemeroptera,,Baetis rhodani,Mature larva,Mean,Y,72,6.0,,1,800.00,,1.10E+02,Original length,Order,9.77E+00,Original length,Order,m^2 per pred per day,370,0.79,1.44E-01,1.00E-01,1.96E-01,1.97E-03,2.60E-04,3.08E-03,200,,
371,Elliott 2003 FRESH BIOL,Pred,2.00,,Terrestrial,,Metazoan,Invertebrate,Insect,Hemiptera,Perla bipunctata,Larva,Metazoan,Invertebrate,Insect,Diptera,,Chironomus sp,Larva,Mean,Y,72,6.0,,1,800.00,,1.10E+02,Original length,Order,1.57E+00,Original length,Order,m^2 per pred per day,371,0.81,1.23E-01,1.04E-01,1.63E-01,6.99E-04,2.47E-11,1.92E-03,200,,
372,Cedola et al 2001 EXP APPL ACAR,Pred,2.00,,Terrestrial,,Metazoan,Invertebrate,Arachnid,Mite,Neoseiulus californicus,Protonymph,Metazoan,Invertebrate,Arachnid,Mite,Red spider mite,Tetranychus urticae,Egg <36h old,Mean,N,24,26.0,,1,6.25,,,,,2.11E-03,Alternate species length,Class,m^2 per pred per day,372,0.78,1.43E-04,9.70E-05,2.07E-04,1.74E-01,1.35E-01,2.15E-01,200,Parador tomato (24+/-4.8 hairs/20mm2,
373,Cedola et al 2001 EXP APPL ACAR,Pred,2.00,,Terrestrial,,Metazoan,Invertebrate,Arachnid,Mite,Neoseiulus californicus,Deutonymph,Metazoan,Invertebrate,Arachnid,Mite,Red spider mite,Tetranychus urticae,Egg,Mean,N,24,26.0,,1,6.25,,,,,2.11E-03,Alternate species length,Class,m^2 per pred per day,373,0.64,3.94E-04,3.08E-04,5.30E-04,2.20E-01,1.98E-01,2.42E-01,200,Parador tomato (24+/-4.8 hairs/20mm2,
374,Cedola et al 2001 EXP APPL ACAR,Pred,2.00,,Terrestrial,,Metazoan,Invertebrate,Arachnid,Mite,Neoseiulus californicus,Adult female,Metazoan,Invertebrate,Arachnid,Mite,Red spider mite,Tetranychus urticae,Adult female (newly molted),Mean,N,24,26.0,,1,6.25,,6.13E-02,Alternate order mass,,7.03E-02,Alternate species length,Class,m^2 per pred per day,374,0.84,1.42E-04,1.19E-04,1.89E-04,1.55E-01,1.34E-01,1.81E-01,200,Parador tomato (24+/-4.8 hairs/20mm2,
375,Cedola et al 2001 EXP APPL ACAR,Pred,2.00,,Terrestrial,,Metazoan,Invertebrate,Arachnid,Mite,Neoseiulus californicus,Protonymph,Metazoan,Invertebrate,Arachnid,Mite,Red spider mite,Tetranychus urticae,Egg,Mean,N,24,26.0,,1,6.25,,,,,2.11E-03,Alternate species length,Class,m^2 per pred per day,375,0.73,1.45E-04,9.42E-05,2.15E-04,1.94E-01,1.37E-01,2.42E-01,200,Fortalez tomato (48+/-8.2 hairs/20mm2,
376,Cedola et al 2001 EXP APPL ACAR,Pred,2.00,,Terrestrial,,Metazoan,Invertebrate,Arachnid,Mite,Neoseiulus californicus,Deutonymph,Metazoan,Invertebrate,Arachnid,Mite,Red spider mite,Tetranychus urticae,Egg,Mean,N,24,26.0,,1,6.25,,,,,2.11E-03,Alternate species length,Class,m^2 per pred per day,376,0.58,4.14E-04,3.12E-04,5.51E-04,2.18E-01,1.93E-01,2.47E-01,200,Fortalez tomato (48+/-8.2 hairs/20mm2,
377,Cedola et al 2001 EXP APPL ACAR,Pred,2.00,,Terrestrial,,Metazoan,Invertebrate,Arachnid,Mite,Neoseiulus californicus,Adult female,Metazoan,Invertebrate,Arachnid,Mite,Red spider mite,Tetranychus urticae,Adult female (newly molted),Mean,N,24,26.0,,1,6.25,,6.13E-02,Alternate order mass,,7.03E-02,Alternate species length,Class,m^2 per pred per day,377,0.79,1.08E-04,7.78E-05,1.59E-04,1.45E-01,1.08E-01,1.82E-01,200,Fortalez tomato (48+/-8.2 hairs/20mm2,
378,Alexander et al 2012 MAR ECOL PROG SER,Pred,3.00,,Aquatic,,Metazoan,Invertebrate,Crustacean,Amphipod,Echinogammarus marinus,Wild caught adult,Metazoan,Invertebrate,Crustacean,Isopod,,Jaera nordmanni,Wild caught adult,Mean,N,24,12.0,,1,,250.00,3.60E+01,Original mass,,5.70E-01,Original mass,,m^3 per pred per day,378,0.51,5.08E-04,3.35E-04,8.11E-04,3.60E-02,1.57E-02,6.25E-02,200,,
379,Alexander et al 2012 MAR ECOL PROG SER,Pred,3.00,,Aquatic,,Metazoan,Invertebrate,Crustacean,Amphipod,Echinogammarus marinus,Wild caught adult,Metazoan,Invertebrate,Crustacean,Isopod,,Jaera nordmanni,Wild caught adult,Mean,Y,24,12.0,,1,,250.00,3.60E+01,Original mass,,5.70E-01,Original mass,,m^3 per pred per day,379,0.14,1.78E-03,5.87E-04,3.33E+00,4.29E-02,1.20E-02,6.80E-02,200,,
380,Alexander et al 2012 MAR ECOL PROG SER,Pred,3.00,,Aquatic,,Metazoan,Invertebrate,Crustacean,Amphipod,Echinogammarus marinus,Wild caught adult,Metazoan,Invertebrate,Crustacean,Isopod,,Jaera nordmanni,Wild caught adult,Mean,N,24,12.0,,1,,250.00,3.60E+01,Original mass,,5.70E-01,Original mass,,m^3 per pred per day,380,0.61,6.40E-04,4.99E-04,8.27E-04,3.22E-02,2.52E-02,4.13E-02,200,Simple habitat,
381,Alexander et al 2012 MAR ECOL PROG SER,Pred,3.00,,Aquatic,,Metazoan,Invertebrate,Crustacean,Amphipod,Echinogammarus marinus,Wild caught adult,Metazoan,Invertebrate,Crustacean,Isopod,,Jaera nordmanni,Wild caught adult,Mean,N,24,12.0,,1,,250.00,3.60E+01,Original mass,,5.70E-01,Original mass,,m^3 per pred per day,381,0.55,2.51E-04,1.76E-04,3.63E-04,2.18E-02,5.13E-03,4.07E-02,200,Complex habitat,
382,Rezac et al 2010 BIOCONTROL,Pred,2.00,,Terrestrial,,Metazoan,Invertebrate,Arachnid,Spider,Philodromus cespitum,Wild caught juvenile,Metazoan,Invertebrate,Insect,Diptera,Fruit fly,Drosophila melanogaster,Wingless,Mean,Y,504,20.0,,1,9.62,,1.01E+01,Alternate order length,Order,1.02E+00,Alternate species mass,,m^2 per pred per day,382,0.66,2.55E-03,1.13E-03,7.17E-03,4.20E-02,5.00E-10,7.98E-02,200,Predator exposed to water (control),
383,Rezac et al 2010 BIOCONTROL,Pred,2.00,,Terrestrial,,Metazoan,Invertebrate,Arachnid,Spider,Philodromus cespitum,Wild caught juvenile,Metazoan,Invertebrate,Insect,Diptera,Fruit fly,Drosophila melanogaster,Wingless,Mean,Y,504,20.0,,1,9.62,,1.01E+01,Alternate order length,Order,1.02E+00,Alternate species mass,,m^2 per pred per day,383,0.54,5.64E-03,1.96E-03,1.20E-02,1.22E-01,8.13E-02,1.53E-01,200,Predator exposed to insecticide dimilin,
384,Rezac et al 2010 BIOCONTROL,Pred,2.00,,Terrestrial,,Metazoan,Invertebrate,Arachnid,Spider,Philodromus cespitum,Wild caught juvenile,Metazoan,Invertebrate,Insect,Diptera,Fruit fly,Drosophila melanogaster,Wingless,Mean,Y,504,20.0,,1,9.62,,1.01E+01,Alternate order length,Order,1.02E+00,Alternate species mass,,m^2 per pred per day,384,0.83,3.46E-03,1.65E-03,6.23E-03,5.09E-02,2.56E-02,6.30E-02,200,Predator exposed to insecticide integro,
385,Rezac et al 2010 BIOCONTROL,Pred,2.00,,Terrestrial,,Metazoan,Invertebrate,Arachnid,Spider,Philodromus cespitum,Wild caught juvenile,Metazoan,Invertebrate,Insect,Diptera,Fruit fly,Drosophila melanogaster,Wingless,Mean,Y,504,20.0,,1,9.62,,1.01E+01,Alternate order length,Order,1.02E+00,Alternate species mass,,m^2 per pred per day,385,0.74,5.86E-03,3.13E-03,1.04E-02,9.59E-02,7.99E-02,1.09E-01,200,Predator exposed to insecticide mospilan,
386,Rezac et al 2010 BIOCONTROL,Pred,2.00,,Terrestrial,,Metazoan,Invertebrate,Arachnid,Spider,Philodromus cespitum,Wild caught juvenile,Metazoan,Invertebrate,Insect,Diptera,Fruit fly,Drosophila melanogaster,Wingless,Mean,Y,504,20.0,,1,9.62,,1.01E+01,Alternate order length,Order,1.02E+00,Alternate species mass,,m^2 per pred per day,386,0.04,5.28E-02,1.54E-02,7.75E-01,1.44E-01,1.20E-01,1.71E-01,200,Predator exposed to insecticide NeemAzal,
387,Rezac et al 2010 BIOCONTROL,Pred,2.00,,Terrestrial,,Metazoan,Invertebrate,Arachnid,Spider,Philodromus cespitum,Wild caught juvenile,Metazoan,Invertebrate,Insect,Diptera,Fruit fly,Drosophila melanogaster,Wingless,Mean,Y,504,20.0,,1,9.62,,1.01E+01,Alternate order length,Order,1.02E+00,Alternate species mass,,m^2 per pred per day,387,0.14,5.32E-03,3.01E-03,1.07E-02,2.95E-01,2.39E-01,3.85E-01,200,Predator exposed to insecticide SpinTor,
388,Castagnoli and Simoni 1999 EXP APPL ACAR,Pred,2.00,,Terrestrial,,Metazoan,Invertebrate,Arachnid,Mite,Neoseiulus californicus,Adult female,Metazoan,Invertebrate,Arachnid,Mite,Red spider mite,Tetranychus urticae,Egg,Mean,N,0,25.0,,1,5.00,,6.13E-02,Alternate order mass,,2.11E-03,Alternate species length,Class,m^2 per pred per day,388,0.82,8.00E-04,7.21E-04,8.84E-04,4.86E-02,4.53E-02,5.34E-02,200,Wild type (Strain W),
389,Castagnoli and Simoni 1999 EXP APPL ACAR,Pred,2.00,,Terrestrial,,Metazoan,Invertebrate,Arachnid,Mite,Neoseiulus californicus,Adult female,Metazoan,Invertebrate,Arachnid,Mite,Red spider mite,Tetranychus urticae,Egg,Mean,N,0,25.0,,1,5.00,,6.13E-02,Alternate order mass,,2.11E-03,Alternate species length,Class,m^2 per pred per day,389,0.88,7.58E-04,6.98E-04,8.27E-04,4.82E-02,4.50E-02,5.17E-02,200,Pred from stock culture raised on Tetranychus urticae for 4 yrs (Strain T) ,
390,Castagnoli and Simoni 1999 EXP APPL ACAR,Pred,2.00,,Terrestrial,,Metazoan,Invertebrate,Arachnid,Mite,Neoseiulus californicus,Adult female,Metazoan,Invertebrate,Arachnid,Mite,Red spider mite,Tetranychus urticae,Egg,Mean,N,0,25.0,,1,5.00,,6.13E-02,Alternate order mass,,2.11E-03,Alternate species length,Class,m^2 per pred per day,390,0.66,1.21E-03,1.07E-03,1.36E-03,6.33E-02,6.05E-02,6.63E-02,200,Pred from stock culture raised on Quercus spp. for 4 yrs (Strain P) ,
391,Castagnoli and Simoni 1999 EXP APPL ACAR,Pred,2.00,,Terrestrial,,Metazoan,Invertebrate,Arachnid,Mite,Neoseiulus californicus,Adult female,Metazoan,Invertebrate,Arachnid,Mite,Red spider mite,Tetranychus urticae,Egg,Mean,N,0,25.0,,1,5.00,,6.13E-02,Alternate order mass,,2.11E-03,Alternate species length,Class,m^2 per pred per day,391,0.58,1.35E-03,1.19E-03,1.55E-03,7.80E-02,7.34E-02,8.28E-02,200,Pred from stock culture raised on Dermatophagoides farinae for 4 yrs (Strain F) ,
392,Castagnoli and Simoni 1999 EXP APPL ACAR,Pred,2.00,,Terrestrial,,Metazoan,Invertebrate,Arachnid,Mite,Neoseiulus californicus,Adult female,Metazoan,Invertebrate,Arachnid,Mite,Red spider mite,Tetranychus urticae,Protonymph,Mean,N,0,25.0,,1,5.00,,6.13E-02,Alternate order mass,,,,,m^2 per pred per day,392,0.71,5.16E-04,4.20E-04,6.06E-04,9.48E-02,8.55E-02,1.06E-01,200,Wild type (Strain W),
393,Castagnoli and Simoni 1999 EXP APPL ACAR,Pred,2.00,,Terrestrial,,Metazoan,Invertebrate,Arachnid,Mite,Neoseiulus californicus,Adult female,Metazoan,Invertebrate,Arachnid,Mite,Red spider mite,Tetranychus urticae,Protonymph,Mean,N,0,25.0,,1,5.00,,6.13E-02,Alternate order mass,,,,,m^2 per pred per day,393,0.67,3.91E-04,3.24E-04,4.90E-04,9.60E-02,8.72E-02,1.07E-01,200,Pred from stock culture raised on Tetranychus urticae for 4 yrs (Strain T) ,
394,Castagnoli and Simoni 1999 EXP APPL ACAR,Pred,2.00,,Terrestrial,,Metazoan,Invertebrate,Arachnid,Mite,Neoseiulus californicus,Adult female,Metazoan,Invertebrate,Arachnid,Mite,Red spider mite,Tetranychus urticae,Protonymph,Mean,N,0,25.0,,1,5.00,,6.13E-02,Alternate order mass,,,,,m^2 per pred per day,394,0.85,5.69E-04,5.05E-04,6.48E-04,8.86E-02,8.23E-02,9.47E-02,200,Pred from stock culture raised on Quercus spp. for 4 yrs (Strain P) ,
395,Castagnoli and Simoni 1999 EXP APPL ACAR,Pred,2.00,,Terrestrial,,Metazoan,Invertebrate,Arachnid,Mite,Neoseiulus californicus,Adult female,Metazoan,Invertebrate,Arachnid,Mite,Red spider mite,Tetranychus urticae,Protonymph,Mean,N,0,25.0,,1,5.00,,6.13E-02,Alternate order mass,,,,,m^2 per pred per day,395,0.53,7.98E-04,6.90E-04,9.21E-04,1.20E-01,1.11E-01,1.29E-01,200,Pred from stock culture raised on Dermatophagoides farinae for 4 yrs (Strain F) ,
396,Wong & Barbeau 2006 AQUA INTL,Pred,2.00,,Aquatic,,Metazoan,Invertebrate,Crustacean,Decapod,Cancer irroratus,Wild caught male,Metazoan,Invertebrate,Mollusk,Bivalve,Scallop,Placopecten magellanicus,Juvenile,Mean,N,96,12.0,,1,,,1.09E+05,Alternate species mass,,,,,m^2 per pred per day,396,0.28,1.54E-01,7.14E-02,3.45E-01,2.53E-01,1.06E-01,3.65E-01,200,Glass bottom,
397,Wong & Barbeau 2006 AQUA INTL,Pred,2.00,,Aquatic,,Metazoan,Invertebrate,Crustacean,Decapod,Cancer irroratus,Wild caught male,Metazoan,Invertebrate,Mollusk,Bivalve,Scallop,Placopecten magellanicus,Juvenile,Mean,N,96,12.0,,1,,,1.09E+05,Alternate species mass,,,,,m^2 per pred per day,397,0.05,6.36E-01,1.93E-01,7.21E+00,4.02E-01,3.11E-01,5.18E-01,200,Granule bottom,
398,Madadi et al 2007 J APPL ENTOMOL,Pred,2.00,,Terrestrial,,Metazoan,Invertebrate,Arachnid,Mite,Neoseiulus cucumeris,Mated adult female,Metazoan,Invertebrate,Insect,Thysanoptera,Onion thrip,Thrips tabaci ,1st instar,Mean,N,24,25.0,,1,12.57,,2.82E-02,Alternate species length,Order,1.14E-02,Alternate species length,Order,m^2 per pred per day,398,0.61,1.46E-03,9.55E-04,2.12E-03,8.11E-02,3.46E-02,1.23E-01,200,Cucumber,
399,Madadi et al 2007 J APPL ENTOMOL,Pred,2.00,,Terrestrial,,Metazoan,Invertebrate,Arachnid,Mite,Neoseiulus cucumeris,Mated adult female,Metazoan,Invertebrate,Insect,Thysanoptera,Onion thrip,Thrips tabaci ,1st instar,Mean,N,24,25.0,,1,12.57,,2.82E-02,Alternate species length,Order,1.14E-02,Alternate species length,Order,m^2 per pred per day,399,0.76,1.52E-03,1.20E-03,1.97E-03,1.06E-01,7.68E-02,1.27E-01,200,Sweet pepper,
400,Madadi et al 2007 J APPL ENTOMOL,Pred,2.00,,Terrestrial,,Metazoan,Invertebrate,Arachnid,Mite,Neoseiulus cucumeris,Mated adult female,Metazoan,Invertebrate,Insect,Thysanoptera,Onion thrip,Thrips tabaci ,1st instar,Mean,N,24,25.0,,1,12.57,,2.82E-02,Alternate species length,Order,1.14E-02,Alternate species length,Order,m^2 per pred per day,400,0.91,1.49E-03,1.34E-03,1.71E-03,4.31E-02,3.49E-02,5.27E-02,200,Eggplant,
401,Haddaway et al 2012 PLOS ONE,Pred,2.50,,Aquatic,,Metazoan,Invertebrate,Crustacean,Decapod,Pacifastacus leniusculus,Wild caught,Metazoan,Invertebrate,Crustacean,Amphipod,Shrimp,Gammarus pulex,Wild caught,Mean,N,24,17.0,,1,400.00,2000.00,4.53E+03,Original length,Species,3.22E+01,Average species mass,,m^2.5 per pred per day,401,0.83,1.13E-02,9.66E-03,1.27E-02,1.16E-02,1.03E-02,1.28E-02,200,,
402,Haddaway et al 2012 PLOS ONE,Pred,2.50,,Aquatic,,Metazoan,Invertebrate,Crustacean,Decapod,Austropotamobius pallipes,Wild caught,Metazoan,Invertebrate,Crustacean,Amphipod,Shrimp,Gammarus pulex,Wild caught,Mean,N,24,17.0,,1,400.00,2000.00,4.53E+03,Original length,Family,3.22E+01,Average species mass,,m^2.5 per pred per day,402,0.85,7.91E-03,6.84E-03,9.03E-03,1.90E-02,1.68E-02,2.09E-02,200,Parasitized by Thelohania contejeani,
403,Haddaway et al 2012 PLOS ONE,Pred,2.50,,Aquatic,,Metazoan,Invertebrate,Crustacean,Decapod,Austropotamobius pallipes,Wild caught,Metazoan,Invertebrate,Crustacean,Amphipod,Shrimp,Gammarus pulex,Wild caught,Mean,N,24,17.0,,1,400.00,2000.00,4.53E+03,Original length,Family,3.22E+01,Average species mass,,m^2.5 per pred per day,403,0.86,1.26E-02,1.16E-02,1.38E-02,1.49E-02,1.34E-02,1.65E-02,200,Healthy,
404,Sandness & McMurtry 1970 CAN ENTOMOL,Pred,2.00,,Terrestrial,,Metazoan,Invertebrate,Arachnid,Mite,Amblyseius largoensis,Adult female,Metazoan,Invertebrate,Arachnid,Mite,Avocado brown mite,Oligonychus punicae,Adult female,Mean,N,,23.0,,1,12.10,,6.13E-02,Alternate order mass,,,,,m^2 per pred per day,404,0.84,5.95E-04,5.34E-04,6.80E-04,6.34E-02,6.14E-02,6.57E-02,200,Persea indica leaf,
405,Sandness & McMurtry 1970 CAN ENTOMOL,Pred,2.00,,Terrestrial,,Metazoan,Invertebrate,Arachnid,Mite,Amblyseius largoensis,Adult female,Metazoan,Invertebrate,Arachnid,Mite,Avocado brown mite,Oligonychus punicae,Adult female,Mean,N,,23.0,,1,12.10,,6.13E-02,Alternate order mass,,,,,m^2 per pred per day,405,0.24,3.69E-03,1.76E-03,6.82E-03,5.02E-02,2.76E-02,7.31E-02,200,Dark green construction paper,
406,Sandness & McMurtry 1970 CAN ENTOMOL,Pred,2.00,,Terrestrial,,Metazoan,Invertebrate,Arachnid,Mite,Amblyseius concordis,Adult female,Metazoan,Invertebrate,Arachnid,Mite,Avocado brown mite,Oligonychus punicae,Adult female,Mean,N,,23.0,,1,12.10,,6.13E-02,Alternate order mass,,,,,m^2 per pred per day,406,0.81,1.92E-04,1.82E-04,2.07E-04,4.71E-02,4.39E-02,5.08E-02,200,Persea indica leaf,
407,Sandness & McMurtry 1970 CAN ENTOMOL,Pred,2.00,,Terrestrial,,Metazoan,Invertebrate,Arachnid,Mite,Amblyseius concordis,Adult female,Metazoan,Invertebrate,Arachnid,Mite,Avocado brown mite,Oligonychus punicae,Adult female,Mean,N,,23.0,,1,12.10,,6.13E-02,Alternate order mass,,,,,m^2 per pred per day,407,0.20,3.78E-03,1.67E-03,8.08E-03,7.19E-02,3.45E-02,1.06E-01,200,Dark green construction paper,
408,Sandness & McMurtry 1970 CAN ENTOMOL,Pred,2.00,,Terrestrial,,Metazoan,Invertebrate,Arachnid,Mite,Typhlodromus floridanus,Adult female,Metazoan,Invertebrate,Arachnid,Mite,Avocado brown mite,Oligonychus punicae,Adult female,Mean,N,,23.0,,1,12.10,,6.13E-02,Alternate order mass,,,,,m^2 per pred per day,408,0.37,1.16E-03,8.46E-04,1.55E-03,4.41E-01,4.18E-01,4.67E-01,200,Persea indica leaf,
409,Sandness & McMurtry 1970 CAN ENTOMOL,Pred,2.00,,Terrestrial,,Metazoan,Invertebrate,Arachnid,Mite,Typhlodromus floridanus,Adult female,Metazoan,Invertebrate,Arachnid,Mite,Avocado brown mite,Oligonychus punicae,Adult female,Mean,N,,23.0,,1,12.10,,6.13E-02,Alternate order mass,,,,,m^2 per pred per day,409,0.24,1.43E-03,7.27E-04,3.18E-03,1.04E-01,5.67E-02,1.59E-01,200,Dark green construction paper,
410,Beier et al 2004 FRESH BIOL,Pred,3.00,,Aquatic,,Metazoan,Invertebrate,Platyhelminth,,Dugesia gonocephala,Wild caught,Metazoan,Invertebrate,Nematode,,Roundworm,Caenorhabditis elegans,Adult,Raw data,N,72,20.0,,1,,40.00,2.52E+01,,Zooplankton,,,,m^3 per pred per day,410,0.67,1.03E-03,7.18E-04,1.40E-03,1.54E-03,9.54E-04,2.11E-03,200,,
411,Beier et al 2004 FRESH BIOL,Pred,3.00,,Aquatic,,Metazoan,Invertebrate,Platyhelminth,,Dugesia gonocephala,Wild caught,Metazoan,Invertebrate,Nematode,,Roundworm,Caenorhabditis elegans,Juvenile,Raw data,N,72,20.0,,1,,40.00,2.52E+01,,Zooplankton,,,,m^3 per pred per day,411,0.73,1.12E-03,7.74E-04,1.50E-03,7.38E-04,4.60E-04,1.06E-03,200,,
412,Titelman & Hansson 2006 MAR BIOL,Pred,3.00,,Aquatic,,Metazoan,Invertebrate,Cnidarian,,Aurelia aurita,Wild caught,Metazoan,Vertebrate,Fish,Gadidae,Atlantic cod,Gadus morhua,Yolk sac larva,Mean,N,,8.0,,1,,27000.00,1.39E+04,Original length,Species,6.94E-01,Original length,Species,m^3 per pred per day,412,0.60,1.15E-01,4.44E-02,2.86E-01,1.23E-04,1.15E-12,7.82E-04,200,,
413,Bailey 1989 AUS J ECOL,Pred,3.00,,Terrestrial,,Metazoan,Invertebrate,Insect,Hemiptera,Ranatra dispar,Adult,Metazoan,Invertebrate,Insect,Heteroptera,Backswimmer,Anisops deanei,,Mean,N,24,15.0,,1,,,3.61E+01,Alternate genus mass,,9.44E+00,Alternate genus length,Order,m^3 per pred per day,413,0.44,1.83E-04,8.10E-05,3.64E-04,8.96E-02,3.54E-02,1.31E-01,200,,
414,Bailey 1989 AUS J ECOL,Pred,3.00,,Terrestrial,,Metazoan,Invertebrate,Insect,Hemiptera,Ranatra dispar,Adult,Metazoan,Invertebrate,Insect,Heteroptera,Backswimmer,Anisops deanei,,Mean,N,24,20.0,,1,,,3.61E+01,Alternate genus mass,,9.44E+00,Alternate genus length,Order,m^3 per pred per day,414,0.59,1.95E-04,1.06E-04,3.44E-04,3.09E-02,9.45E-03,5.12E-02,200,,
415,Bailey 1989 AUS J ECOL,Pred,3.00,,Terrestrial,,Metazoan,Invertebrate,Insect,Hemiptera,Ranatra dispar,Adult,Metazoan,Invertebrate,Insect,Heteroptera,Backswimmer,Anisops deanei,,Mean,N,24,25.0,,1,,,3.61E+01,Alternate genus mass,,9.44E+00,Alternate genus length,Order,m^3 per pred per day,415,0.67,3.06E-04,1.78E-04,5.13E-04,3.16E-02,1.12E-02,4.55E-02,200,,
416,Bailey 1989 AUS J ECOL,Pred,3.00,,Terrestrial,,Metazoan,Invertebrate,Insect,Hemiptera,Ranatra dispar,Adult,Metazoan,Invertebrate,Insect,Heteroptera,Backswimmer,Anisops deanei,,Mean,N,24,30.0,,1,,,3.61E+01,Alternate genus mass,,9.44E+00,Alternate genus length,Order,m^3 per pred per day,416,0.81,2.88E-04,2.13E-04,4.33E-04,2.14E-02,1.19E-02,3.34E-02,200,,
417,Gergs & Ratte 2009 ECO MODEL,Pred,3.00,,Terrestrial,,Metazoan,Invertebrate,Insect,Hemiptera,Notonecta maculata,1st instar,Metazoan,Invertebrate,Crustacean,Cladoceran,,Daphnia magna,Small,Mean,N,0,20.0,,1,,500.00,1.92E-01,% adult mass,,7.64E-02,Original length,Order,m^3 per pred per day,417,0.64,1.46E-03,8.24E-04,2.68E-03,4.22E-03,1.21E-03,7.39E-03,200,,
418,Gergs & Ratte 2009 ECO MODEL,Pred,3.00,,Terrestrial,,Metazoan,Invertebrate,Insect,Hemiptera,Notonecta maculata,1st instar,Metazoan,Invertebrate,Crustacean,Cladoceran,,Daphnia magna,Small medium,Mean,N,0,20.0,,1,,500.00,1.92E-01,% adult mass,,2.47E-01,Original length,Order,m^3 per pred per day,418,0.72,2.48E-03,1.78E-03,4.01E-03,5.33E-03,4.26E-03,6.66E-03,200,,
419,Gergs & Ratte 2009 ECO MODEL,Pred,3.00,,Terrestrial,,Metazoan,Invertebrate,Insect,Hemiptera,Notonecta maculata,1st instar,Metazoan,Invertebrate,Crustacean,Cladoceran,,Daphnia magna,Large medium,Mean,N,0,20.0,,1,,500.00,1.92E-01,% adult mass,,9.21E-01,Original length,Order,m^3 per pred per day,419,0.41,1.26E-03,6.27E-04,3.09E-03,1.26E-02,8.02E-03,1.76E-02,200,,
420,Gergs & Ratte 2009 ECO MODEL,Pred,3.00,,Terrestrial,,Metazoan,Invertebrate,Insect,Hemiptera,Notonecta maculata,1st instar,Metazoan,Invertebrate,Crustacean,Cladoceran,,Daphnia magna,Large,Mean,N,0,20.0,,1,,500.00,1.92E-01,% adult mass,,1.70E+00,Original length,Order,m^3 per pred per day,420,0.32,1.20E-03,4.30E-04,2.88E-03,1.44E-02,4.12E-03,2.25E-02,200,,
421,Gergs & Ratte 2009 ECO MODEL,Pred,3.00,,Terrestrial,,Metazoan,Invertebrate,Insect,Hemiptera,Notonecta maculata,2nd instar,Metazoan,Invertebrate,Crustacean,Cladoceran,,Daphnia magna,Small,Mean,N,0,20.0,,1,,500.00,6.36E+00,% adult mass,,7.64E-02,Original length,Order,m^3 per pred per day,421,0.41,3.17E-03,1.77E-03,5.64E-03,5.58E-03,3.29E-03,8.13E-03,200,,
422,Gergs & Ratte 2009 ECO MODEL,Pred,3.00,,Terrestrial,,Metazoan,Invertebrate,Insect,Hemiptera,Notonecta maculata,2nd instar,Metazoan,Invertebrate,Crustacean,Cladoceran,,Daphnia magna,Small medium,Mean,N,0,20.0,,1,,500.00,6.36E+00,% adult mass,,2.47E-01,Original length,Order,m^3 per pred per day,422,0.76,4.21E-03,3.12E-03,5.26E-03,2.00E-03,1.56E-03,2.51E-03,200,,
423,Gergs & Ratte 2009 ECO MODEL,Pred,3.00,,Terrestrial,,Metazoan,Invertebrate,Insect,Hemiptera,Notonecta maculata,2nd instar,Metazoan,Invertebrate,Crustacean,Cladoceran,,Daphnia magna,Large medium,Mean,N,0,20.0,,1,,500.00,6.36E+00,% adult mass,,9.21E-01,Original length,Order,m^3 per pred per day,423,0.65,2.51E-03,1.59E-03,3.64E-03,4.60E-03,3.08E-03,5.82E-03,200,,
424,Gergs & Ratte 2009 ECO MODEL,Pred,3.00,,Terrestrial,,Metazoan,Invertebrate,Insect,Hemiptera,Notonecta maculata,2nd instar,Metazoan,Invertebrate,Crustacean,Cladoceran,,Daphnia magna,Large,Mean,N,0,20.0,,1,,500.00,6.36E+00,% adult mass,,1.70E+00,Original length,Order,m^3 per pred per day,424,0.47,2.81E-03,1.56E-03,5.94E-03,7.89E-03,5.86E-03,1.04E-02,200,,
425,Gergs & Ratte 2009 ECO MODEL,Pred,3.00,,Terrestrial,,Metazoan,Invertebrate,Insect,Hemiptera,Notonecta maculata,3rd instar,Metazoan,Invertebrate,Crustacean,Cladoceran,,Daphnia magna,Small,Mean,N,0,20.0,,1,,500.00,8.08E+00,% adult mass,,7.64E-02,Original length,Order,m^3 per pred per day,425,0.36,1.13E-03,4.30E-04,2.62E-03,1.07E-02,5.91E-10,1.96E-02,200,,
426,Gergs & Ratte 2009 ECO MODEL,Pred,3.00,,Terrestrial,,Metazoan,Invertebrate,Insect,Hemiptera,Notonecta maculata,3rd instar,Metazoan,Invertebrate,Crustacean,Cladoceran,,Daphnia magna,Small medium,Mean,N,0,20.0,,1,,500.00,8.08E+00,% adult mass,,2.47E-01,Original length,Order,m^3 per pred per day,426,0.50,3.51E-03,1.41E-03,7.00E-03,3.17E-03,1.05E-03,4.43E-03,200,,
427,Gergs & Ratte 2009 ECO MODEL,Pred,3.00,,Terrestrial,,Metazoan,Invertebrate,Insect,Hemiptera,Notonecta maculata,3rd instar,Metazoan,Invertebrate,Crustacean,Cladoceran,,Daphnia magna,Large medium,Mean,N,0,20.0,,1,,500.00,8.08E+00,% adult mass,,9.21E-01,Original length,Order,m^3 per pred per day,427,0.53,6.87E-03,4.41E-03,9.84E-03,3.25E-03,2.74E-03,3.83E-03,200,,
428,Gergs & Ratte 2009 ECO MODEL,Pred,3.00,,Terrestrial,,Metazoan,Invertebrate,Insect,Hemiptera,Notonecta maculata,3rd instar,Metazoan,Invertebrate,Crustacean,Cladoceran,,Daphnia magna,Large,Mean,N,0,20.0,,1,,500.00,8.08E+00,% adult mass,,1.70E+00,Original length,Order,m^3 per pred per day,428,0.64,3.97E-03,2.67E-03,5.89E-03,3.12E-03,2.50E-03,3.83E-03,200,,
429,Gergs & Ratte 2009 ECO MODEL,Pred,3.00,,Terrestrial,,Metazoan,Invertebrate,Insect,Hemiptera,Notonecta maculata,4th instar,Metazoan,Invertebrate,Crustacean,Cladoceran,,Daphnia magna,Small,Mean,N,0,20.0,,1,,500.00,2.22E+01,% adult mass,,7.64E-02,Original length,Order,m^3 per pred per day,429,0.57,1.15E-03,7.11E-04,2.17E-03,3.06E-03,2.46E-11,8.07E-03,200,,
430,Gergs & Ratte 2009 ECO MODEL,Pred,3.00,,Terrestrial,,Metazoan,Invertebrate,Insect,Hemiptera,Notonecta maculata,4th instar,Metazoan,Invertebrate,Crustacean,Cladoceran,,Daphnia magna,Small medium,Mean,N,0,20.0,,1,,500.00,2.22E+01,% adult mass,,2.47E-01,Original length,Order,m^3 per pred per day,430,0.73,2.74E-03,1.58E-03,4.25E-03,1.26E-03,2.07E-04,2.19E-03,200,,
431,Gergs & Ratte 2009 ECO MODEL,Pred,3.00,,Terrestrial,,Metazoan,Invertebrate,Insect,Hemiptera,Notonecta maculata,4th instar,Metazoan,Invertebrate,Crustacean,Cladoceran,,Daphnia magna,Large medium,Mean,N,0,20.0,,1,,500.00,2.22E+01,% adult mass,,9.21E-01,Original length,Order,m^3 per pred per day,431,0.78,5.56E-03,4.40E-03,6.96E-03,1.55E-03,1.28E-03,1.86E-03,200,,
432,Gergs & Ratte 2009 ECO MODEL,Pred,3.00,,Terrestrial,,Metazoan,Invertebrate,Insect,Hemiptera,Notonecta maculata,4th instar,Metazoan,Invertebrate,Crustacean,Cladoceran,,Daphnia magna,Large,Mean,N,0,20.0,,1,,500.00,2.22E+01,% adult mass,,1.70E+00,Original length,Order,m^3 per pred per day,432,0.50,5.23E-03,2.53E-03,8.34E-03,2.29E-03,1.04E-03,3.56E-03,200,,
433,Gergs & Ratte 2009 ECO MODEL,Pred,3.00,,Terrestrial,,Metazoan,Invertebrate,Insect,Hemiptera,Notonecta maculata,5th instar,Metazoan,Invertebrate,Crustacean,Cladoceran,,Daphnia magna,Small,Mean,N,0,20.0,,1,,500.00,,,,7.64E-02,Original length,Order,m^3 per pred per day,433,0.38,1.67E-03,9.69E-04,3.58E-03,1.07E-02,6.60E-03,1.60E-02,200,,
434,Gergs & Ratte 2009 ECO MODEL,Pred,3.00,,Terrestrial,,Metazoan,Invertebrate,Insect,Hemiptera,Notonecta maculata,5th instar,Metazoan,Invertebrate,Crustacean,Cladoceran,,Daphnia magna,Small medium,Mean,N,0,20.0,,1,,500.00,,,,2.47E-01,Original length,Order,m^3 per pred per day,434,0.57,4.73E-03,2.34E-03,6.86E-03,1.30E-03,3.88E-04,1.94E-03,200,,
435,Gergs & Ratte 2009 ECO MODEL,Pred,3.00,,Terrestrial,,Metazoan,Invertebrate,Insect,Hemiptera,Notonecta maculata,5th instar,Metazoan,Invertebrate,Crustacean,Cladoceran,,Daphnia magna,Large medium,Mean,N,0,20.0,,1,,500.00,,,,9.21E-01,Original length,Order,m^3 per pred per day,435,0.72,5.71E-03,4.15E-03,7.20E-03,1.34E-03,8.92E-04,1.69E-03,200,,
436,Gergs & Ratte 2009 ECO MODEL,Pred,3.00,,Terrestrial,,Metazoan,Invertebrate,Insect,Hemiptera,Notonecta maculata,5th instar,Metazoan,Invertebrate,Crustacean,Cladoceran,,Daphnia magna,Large,Mean,N,0,20.0,,1,,500.00,,,,1.70E+00,Original length,Order,m^3 per pred per day,436,0.55,4.94E-03,2.61E-03,8.62E-03,1.73E-03,8.16E-04,2.62E-03,200,,
437,Sentis et al 2016 GLOBAL CHANGE BIOLOGY,Pred,3.00,,Aquatic,,Metazoan,Invertebrate,Insect,Odonata,Sympetrum vulgatum,Larva,Metazoan,Invertebrate,Crustacean,Cladoceran,,Daphnia magna,,Raw data,N,,16.0,,1,,1000.00,5.41E+01,% adult mass,,9.90E-01,Average species mass,,m^3 per pred per day,437,0.38,1.19E-03,6.96E-04,2.16E-03,2.15E-02,1.64E-02,2.92E-02,200,,
438,Sentis et al 2016 GLOBAL CHANGE BIOLOGY,Pred,3.00,,Aquatic,,Metazoan,Invertebrate,Insect,Odonata,Sympetrum vulgatum,Larva,Metazoan,Invertebrate,Crustacean,Cladoceran,,Daphnia magna,,Raw data,N,,20.0,,1,,1000.00,5.41E+01,% adult mass,,9.90E-01,Average species mass,,m^3 per pred per day,438,0.56,8.85E-04,5.64E-04,1.35E-03,1.19E-02,6.78E-03,1.74E-02,200,,
439,Sentis et al 2016 GLOBAL CHANGE BIOLOGY,Pred,3.00,,Aquatic,,Metazoan,Invertebrate,Insect,Odonata,Libellula quadrimaculata,Larva,Metazoan,Invertebrate,Crustacean,Cladoceran,,Daphnia magna,,Raw data,N,,16.0,,1,,1000.00,3.14E+01,Alternate genus length,Order,9.90E-01,Average species mass,,m^3 per pred per day,439,0.46,1.66E-03,1.03E-03,2.65E-03,5.52E-03,2.84E-03,7.46E-03,200,,
440,Sentis et al 2016 GLOBAL CHANGE BIOLOGY,Pred,3.00,,Aquatic,,Metazoan,Invertebrate,Insect,Odonata,Libellula quadrimaculata,Larva,Metazoan,Invertebrate,Crustacean,Cladoceran,,Daphnia magna,,Raw data,N,,20.0,,1,,1000.00,3.14E+01,Alternate genus length,Order,9.90E-01,Average species mass,,m^3 per pred per day,440,0.66,1.47E-03,9.86E-04,2.12E-03,2.03E-03,3.17E-04,3.66E-03,200,,
441,Sentis et al 2016 GLOBAL CHANGE BIOLOGY,Pred,3.00,,Aquatic,,Metazoan,Invertebrate,Insect,Diptera,Chaoborus obscuripes,Larva,Metazoan,Invertebrate,Crustacean,Cladoceran,,Daphnia magna,,Raw data,N,,16.0,,1,,1000.00,1.24E+01,% adult mass,,9.90E-01,Average species mass,,m^3 per pred per day,441,0.71,5.23E-03,3.98E-03,6.45E-03,2.54E-03,2.11E-03,2.97E-03,200,,
442,Sentis et al 2016 GLOBAL CHANGE BIOLOGY,Pred,3.00,,Aquatic,,Metazoan,Invertebrate,Insect,Diptera,Chaoborus obscuripes,Larva,Metazoan,Invertebrate,Crustacean,Cladoceran,,Daphnia magna,,Raw data,N,,20.0,,1,,1000.00,1.24E+01,% adult mass,,9.90E-01,Average species mass,,m^3 per pred per day,442,0.77,4.14E-03,3.25E-03,5.43E-03,1.60E-03,1.01E-03,2.20E-03,200,,
443,Gergs et al 2010 BEHAV PROC,Pred,3.00,,Aquatic,,Metazoan,Invertebrate,Insect,Hemiptera,Notonecta maculata,1st instar,Metazoan,Invertebrate,Crustacean,Cladoceran,,Daphnia magna,Wild caught,Mean,N,,20.0,,1,,500.00,1.92E-01,% adult mass,,9.90E-01,Average species mass,,m^3 per pred per day,443,0.25,1.91E-03,6.69E-04,5.94E-03,7.15E-03,2.48E-11,1.50E-02,200,Experiments performed in the dark with IR light,
444,Gergs et al 2010 BEHAV PROC,Pred,3.00,,Aquatic,,Metazoan,Invertebrate,Insect,Hemiptera,Notonecta maculata,2nd instar,Metazoan,Invertebrate,Crustacean,Cladoceran,,Daphnia magna,Wild caught,Mean,N,,20.0,,1,,500.00,6.36E+00,% adult mass,,9.90E-01,Average species mass,,m^3 per pred per day,444,0.50,2.30E-03,1.21E-03,4.64E-03,3.13E-03,1.58E-03,4.93E-03,200,Experiments performed in the dark with IR light,
445,Gergs et al 2010 BEHAV PROC,Pred,3.00,,Aquatic,,Metazoan,Invertebrate,Insect,Hemiptera,Notonecta maculata,3rd instar,Metazoan,Invertebrate,Crustacean,Cladoceran,,Daphnia magna,Wild caught,Mean,N,,20.0,,1,,500.00,8.08E+00,% adult mass,,9.90E-01,Average species mass,,m^3 per pred per day,445,0.27,4.93E-03,1.67E-03,2.07E-02,3.38E-03,1.09E-03,5.99E-03,200,Experiments performed in the dark with IR light,
446,Gergs et al 2010 BEHAV PROC,Pred,3.00,,Aquatic,,Metazoan,Invertebrate,Insect,Hemiptera,Notonecta maculata,4th instar,Metazoan,Invertebrate,Crustacean,Cladoceran,,Daphnia magna,Wild caught,Mean,N,,20.0,,1,,500.00,2.22E+01,% adult mass,,9.90E-01,Average species mass,,m^3 per pred per day,446,0.47,4.46E-03,1.89E-03,1.42E-02,2.72E-03,1.19E-03,4.46E-03,200,Experiments performed in the dark with IR light,
447,Gergs et al 2010 BEHAV PROC,Pred,3.00,,Aquatic,,Metazoan,Invertebrate,Insect,Hemiptera,Notonecta maculata,5th instar,Metazoan,Invertebrate,Crustacean,Cladoceran,,Daphnia magna,Wild caught,Mean,N,,20.0,,1,,500.00,,,,9.90E-01,Average species mass,,m^3 per pred per day,447,0.37,6.25E-03,2.41E-03,1.24E-02,2.18E-03,7.73E-04,3.67E-03,200,Experiments performed in the dark with IR light,
448,Monteleone & Duguay 1988 J PLANK RES,Pred,3.00,,Aquatic,,Metazoan,Invertebrate,Ctenophore,,Mnemiopsis leidyi,,Metazoan,Vertebrate,Fish,Clupeiformes,Bay anchovy,Anchoa mitchilli,Egg,Raw data,N,0,22.5,,1,,15000.00,7.15E+01,Original length,Zooplankton,8.22E-04,Original length,Species,m^3 per pred per day,448,0.83,1.44E-02,1.25E-02,2.01E-02,1.40E-10,2.44E-11,2.73E-03,200,,
449,Sandberg 1997 MARINE BIOL,Pred,3.00,,Aquatic,,Metazoan,Invertebrate,Crustacean,Isopod,Saduria entomon,Wild caught,Metazoan,Invertebrate,Crustacean,Amphipod,,Bathyporeia pilosa,Wild caught,Mean,N,48,14.0,,1,121.00,363.00,7.38E+02,Original length,Order,5.07E-01,Original length,Order,m^3 per pred per day,449,0.69,6.68E-05,3.81E-05,1.19E-04,3.76E-02,4.91E-10,8.14E-02,200,95% oxygen (normoxia),
450,Sandberg 1997 MARINE BIOL,Pred,3.00,,Aquatic,,Metazoan,Invertebrate,Crustacean,Isopod,Saduria entomon,Wild caught,Metazoan,Invertebrate,Crustacean,Amphipod,,Bathyporeia pilosa,Wild caught,Mean,N,48,14.0,,1,121.00,363.00,7.38E+02,Original length,Order,5.07E-01,Original length,Order,m^3 per pred per day,450,0.54,6.88E-05,4.17E-05,1.76E-04,1.50E-02,4.67E-10,1.31E-01,200,45% oxygen (moderate hypoxia),
451,Sandberg 1997 MARINE BIOL,Pred,3.00,,Aquatic,,Metazoan,Invertebrate,Crustacean,Isopod,Saduria entomon,Wild caught,Metazoan,Invertebrate,Crustacean,Amphipod,,Bathyporeia pilosa,Wild caught,Mean,N,48,14.0,,1,121.00,363.00,7.38E+02,Original length,Order,5.07E-01,Original length,Order,m^3 per pred per day,451,0.19,3.14E-05,5.59E-06,4.30E-04,1.19E+00,4.92E-10,2.17E+00,200,35% oxygen (hypoxia),
452,Iyer & Rao 1996 FRESH BIOL,Pred,3.00,,Aquatic,,Metazoan,Invertebrate,Rotifer,,Asplanchna intermedia,"Campanulate morph, non-ovigerous",Metazoan,Invertebrate,Rotifer,,,Brachionus rubens,,Mean,N,5.5,26.0,,1,,4.00,1.86E-01,Original length,Genus,1.50E-04,Original mass,,m^3 per pred per day,452,0.38,1.25E-04,7.86E-05,1.99E-04,3.05E-03,2.42E-03,3.90E-03,200,,
453,Iyer & Rao 1996 FRESH BIOL,Pred,3.00,,Aquatic,,Metazoan,Invertebrate,Rotifer,,Asplanchna intermedia,"Campanulate morph, non-ovigerous",Metazoan,Invertebrate,Rotifer,,,Brachionus rubens,,Mean,N,5.5,26.0,,1,,4.00,1.86E-01,Original length,Genus,1.50E-04,Original mass,,m^3 per pred per day,453,0.45,7.23E-05,3.54E-05,1.37E-04,5.52E-03,3.89E-03,7.44E-03,200,Hexarthra mira present (1:1 ratio),
454,Iyer & Rao 1996 FRESH BIOL,Pred,3.00,,Aquatic,,Metazoan,Invertebrate,Rotifer,,Asplanchna intermedia,"Campanulate morph, non-ovigerous",Metazoan,Invertebrate,Rotifer,,,Brachionus patulus,,Mean,N,5.5,26.0,,1,,4.00,1.86E-01,Original length,Genus,1.50E-04,Original mass,,m^3 per pred per day,454,0.43,6.74E-05,4.33E-05,1.07E-04,8.05E-03,6.66E-03,9.40E-03,200,,
455,Iyer & Rao 1996 FRESH BIOL,Pred,3.00,,Aquatic,,Metazoan,Invertebrate,Rotifer,,Asplanchna intermedia,"Campanulate morph, non-ovigerous",Metazoan,Invertebrate,Rotifer,,,Brachionus patulus,,Mean,N,5.5,26.0,,1,,4.00,1.86E-01,Original length,Genus,1.50E-04,Original mass,,m^3 per pred per day,455,0.21,2.28E-05,9.14E-06,6.88E-05,1.14E-02,4.74E-10,2.87E-02,200,Hexarthra mira present (1:1 ratio),
456,Iyer & Rao 1996 FRESH BIOL,Pred,3.00,,Aquatic,,Metazoan,Invertebrate,Rotifer,,Asplanchna intermedia,"Campanulate morph, non-ovigerous",Metazoan,Invertebrate,Rotifer,,,Brachionus calyciflorus,,Mean,N,5.5,26.0,,1,,4.00,1.86E-01,Original length,Genus,2.00E-04,Original mass,,m^3 per pred per day,456,0.42,1.26E-04,6.99E-05,2.54E-04,5.59E-03,4.74E-03,6.63E-03,200,,
457,Iyer & Rao 1996 FRESH BIOL,Pred,3.00,,Aquatic,,Metazoan,Invertebrate,Rotifer,,Asplanchna intermedia,"Campanulate morph, non-ovigerous",Metazoan,Invertebrate,Rotifer,,,Brachionus calyciflorus,,Mean,N,5.5,26.0,,1,,4.00,1.86E-01,Original length,Genus,2.00E-04,Original mass,,m^3 per pred per day,457,0.64,9.81E-05,6.68E-05,1.49E-04,3.53E-03,3.06E-03,4.01E-03,200,Hexarthra mira present (1:1 ratio),
458,Iyer & Rao 1996 FRESH BIOL,Pred,3.00,,Aquatic,,Metazoan,Invertebrate,Rotifer,,Asplanchna intermedia,"Campanulate morph, non-ovigerous",Metazoan,Invertebrate,Rotifer,,,Hexarthra mira,,Mean,N,5.5,26.0,,1,,4.00,1.86E-01,Original length,Genus,2.00E-04,Original mass,,m^3 per pred per day,458,0.10,7.37E-05,3.23E-05,2.55E-04,1.71E-02,1.25E-02,2.42E-02,200,,
459,Iyer & Rao 1996 FRESH BIOL,Pred,3.00,,Aquatic,,Metazoan,Invertebrate,Rotifer,,Asplanchna intermedia,"Campanulate morph, non-ovigerous",Metazoan,Invertebrate,Rotifer,,,Hexarthra mira,,Mean,N,5.5,26.0,,1,,4.00,1.86E-01,Original length,Genus,2.00E-04,Original mass,,m^3 per pred per day,459,0.26,2.69E-05,6.01E-06,1.07E-04,6.00E-03,4.86E-10,1.17E-02,200,Brachionus rubens present (1:1 ratio),
460,Iyer & Rao 1996 FRESH BIOL,Pred,3.00,,Aquatic,,Metazoan,Invertebrate,Rotifer,,Asplanchna intermedia,"Campanulate morph, non-ovigerous",Metazoan,Invertebrate,Rotifer,,,Hexarthra mira,,Mean,N,5.5,26.0,,1,,4.00,1.86E-01,Original length,Genus,2.00E-04,Original mass,,m^3 per pred per day,460,0.47,2.45E-05,1.09E-05,4.31E-05,7.58E-03,3.26E-03,1.27E-02,200,Brachionus patulus present (1:1 ratio),
461,Iyer & Rao 1996 FRESH BIOL,Pred,3.00,,Aquatic,,Metazoan,Invertebrate,Rotifer,,Asplanchna intermedia,"Campanulate morph, non-ovigerous",Metazoan,Invertebrate,Rotifer,,,Hexarthra mira,,Mean,N,5.5,26.0,,1,,4.00,1.86E-01,Original length,Genus,2.00E-04,Original mass,,m^3 per pred per day,461,0.23,2.03E-05,8.87E-06,8.94E-05,8.61E-03,4.67E-10,3.20E-02,200,Brachionus calyciflorus present (1:1 ratio),
462,Iyer & Rao 1996 FRESH BIOL,Pred,3.00,,Aquatic,,Metazoan,Invertebrate,Rotifer,,Asplanchna intermedia,"Campanulate morph, non-ovigerous",Metazoan,Invertebrate,Rotifer,,,Filinia longiseta,,Mean,N,5.5,26.0,,1,,4.00,1.86E-01,Original length,Genus,1.50E-04,Original mass,,m^3 per pred per day,462,0.47,3.37E-05,1.40E-05,6.48E-05,4.13E-03,1.47E-03,6.38E-03,200,,
463,Wennhage 2001 J EXP MAR BIO ECOL,Pred,2.50,,Aquatic,,Metazoan,Invertebrate,Crustacean,Decapod,Crangon crangon,Wild caught,Metazoan,Vertebrate,Fish,Pleuronectiformes,European plaice,Pleuronectes platessa,Larva/juvenile,Mean,N,48,14.1,,3,10000.00,370000.00,3.74E+01,Original length,Species,2.57E+01,Original length,Species,m^2.5 per pred per day,463,0.89,8.41E-01,6.23E-01,1.38E+00,1.34E-02,5.65E-03,2.09E-02,200,C. volutator added as alternate prey,
464,Eggleston 1990 J ANIM ECOL,Pred,2.00,,Aquatic,,Metazoan,Invertebrate,Crustacean,Decapod,Callinectes sapidus,"Male, intermolt",Metazoan,Invertebrate,Mollusk,Bivalve,Eastern oyster,Crassosotrea virginica,Wild caught,Mean,N,,13.5,,1,3300.00,,1.14E+06,Original length,Order,,,,m^2 per pred per day,464,0.09,1.89E-01,3.23E-02,1.66E+00,2.84E-01,1.63E-08,4.58E-01,200,"12h:12h L:D, prey length is shell height",
465,Eggleston 1990 J ANIM ECOL,Pred,2.00,,Aquatic,,Metazoan,Invertebrate,Crustacean,Decapod,Callinectes sapidus,"Male, intermolt",Metazoan,Invertebrate,Mollusk,Bivalve,Eastern oyster,Crassosotrea virginica,Wild caught,Mean,N,,19.5,,1,3300.00,,1.14E+06,Original length,Order,,,,m^2 per pred per day,465,0.35,1.52E-01,1.11E-01,4.56E-01,4.86E-10,4.62E-10,7.87E-02,200,"13h:11h L:D, prey length is shell height",
466,Eggleston 1990 J ANIM ECOL,Pred,2.00,,Aquatic,,Metazoan,Invertebrate,Crustacean,Decapod,Callinectes sapidus,"Male, intermolt",Metazoan,Invertebrate,Mollusk,Bivalve,Eastern oyster,Crassosotrea virginica,Wild caught,Mean,N,,26.5,,1,3300.00,,1.14E+06,Original length,Order,,,,m^2 per pred per day,466,0.80,2.16E-01,1.75E-01,3.38E-01,6.11E-03,1.35E-11,2.34E-02,200,"14h:10H L:D, prey length is shell height",
467,Bollache et al 2008 BIOL LTTRS,Pred,2.50,,Aquatic,,Metazoan,Invertebrate,Crustacean,Amphipod,Dikerogammarus villosus,"Male, Wild caught",Metazoan,Invertebrate,Crustacean,Isopod,water hog louse,Asellus aquaticus,Wild caught,Mean,N,24,14.0,,1,44.18,250.00,2.74E+01,Original length,Order,9.69E-01,Original length,Order,m^2.5 per pred per day,467,0.76,3.18E-03,2.67E-03,3.87E-03,3.10E-02,2.30E-02,3.94E-02,200,,
468,Bollache et al 2008 BIOL LTTRS,Pred,2.50,,Aquatic,,Metazoan,Invertebrate,Crustacean,Amphipod,Dikerogammarus villosus,"Male, Wild caught",Metazoan,Invertebrate,Crustacean,Isopod,water hog louse,Asellus aquaticus,Wild caught,Mean,N,24,14.0,,1,44.18,250.00,2.74E+01,Original length,Order,9.69E-01,Original length,Order,m^2.5 per pred per day,468,0.74,1.71E-03,1.40E-03,2.19E-03,2.95E-02,1.78E-02,4.46E-02,200,,
469,Bollache et al 2008 BIOL LTTRS,Pred,2.50,,Aquatic,,Metazoan,Invertebrate,Crustacean,Amphipod,Dikerogammarus villosus,"Male, Wild caught",Metazoan,Invertebrate,Crustacean,Isopod,water hog louse,Asellus aquaticus,Wild caught,Mean,N,24,14.0,,1,44.18,250.00,2.74E+01,Original length,Order,9.69E-01,Original length,Order,m^2.5 per pred per day,469,0.77,1.10E-03,8.69E-04,1.36E-03,2.99E-02,7.73E-03,5.24E-02,200,,
470,Bollache et al 2008 BIOL LTTRS,Pred,2.50,,Aquatic,,Metazoan,Invertebrate,Crustacean,Amphipod,Gammarus duebeni,"Male, Wild caught",Metazoan,Invertebrate,Crustacean,Isopod,water hog louse,Asellus aquaticus,Wild caught,Mean,N,24,14.0,,1,44.18,250.00,2.79E+01,Original length,Order,9.69E-01,Original length,Order,m^2.5 per pred per day,470,0.77,3.06E-03,2.67E-03,3.51E-03,4.62E-02,4.13E-02,5.15E-02,200,,
471,Bollache et al 2008 BIOL LTTRS,Pred,2.50,,Aquatic,,Metazoan,Invertebrate,Crustacean,Amphipod,Gammarus duebeni,"Male, Wild caught",Metazoan,Invertebrate,Crustacean,Isopod,water hog louse,Asellus aquaticus,Wild caught,Mean,N,24,14.0,,1,44.18,250.00,2.79E+01,Original length,Order,9.69E-01,Original length,Order,m^2.5 per pred per day,471,0.66,1.77E-03,1.39E-03,2.32E-03,5.36E-02,3.91E-02,7.01E-02,200,,
472,Bollache et al 2008 BIOL LTTRS,Pred,2.50,,Aquatic,,Metazoan,Invertebrate,Crustacean,Amphipod,Gammarus duebeni,"Male, Wild caught",Metazoan,Invertebrate,Crustacean,Isopod,water hog louse,Asellus aquaticus,Wild caught,Mean,N,24,14.0,,1,44.18,250.00,2.79E+01,Original length,Order,9.69E-01,Original length,Order,m^2.5 per pred per day,472,0.70,1.24E-03,1.03E-03,1.63E-03,5.29E-02,3.50E-02,8.38E-02,200,,
473,Bollache et al 2008 BIOL LTTRS,Pred,2.50,,Aquatic,,Metazoan,Invertebrate,Crustacean,Amphipod,Gammarus roeseli,"Male, Wild caught",Metazoan,Invertebrate,Crustacean,Isopod,water hog louse,Asellus aquaticus,Wild caught,Mean,N,24,14.0,,1,44.18,250.00,2.79E+01,Original length,Order,9.69E-01,Original length,Order,m^2.5 per pred per day,473,0.72,3.99E-03,3.42E-03,4.63E-03,5.46E-02,4.90E-02,5.99E-02,200,,
474,Bollache et al 2008 BIOL LTTRS,Pred,2.50,,Aquatic,,Metazoan,Invertebrate,Crustacean,Amphipod,Gammarus roeseli,"Male, Wild caught",Metazoan,Invertebrate,Crustacean,Isopod,water hog louse,Asellus aquaticus,Wild caught,Mean,N,24,14.0,,1,44.18,250.00,2.79E+01,Original length,Order,9.69E-01,Original length,Order,m^2.5 per pred per day,474,0.67,2.06E-03,1.75E-03,2.46E-03,5.73E-02,4.45E-02,6.86E-02,200,,
475,Bollache et al 2008 BIOL LTTRS,Pred,2.50,,Aquatic,,Metazoan,Invertebrate,Crustacean,Amphipod,Gammarus roeseli,"Male, Wild caught",Metazoan,Invertebrate,Crustacean,Isopod,water hog louse,Asellus aquaticus,Wild caught,Mean,N,24,14.0,,1,44.18,250.00,2.79E+01,Original length,Order,9.69E-01,Original length,Order,m^2.5 per pred per day,475,0.67,1.17E-03,9.69E-04,1.46E-03,5.45E-02,3.79E-02,7.68E-02,200,,
476,Bollache et al 2008 BIOL LTTRS,Pred,2.50,,Aquatic,,Metazoan,Invertebrate,Crustacean,Amphipod,Gammarus pulex,"Dijon, Male, Wild caught",Metazoan,Invertebrate,Crustacean,Isopod,water hog louse,Asellus aquaticus,Wild caught,Mean,N,24,14.0,,1,44.18,250.00,2.79E+01,Original length,Order,9.69E-01,Original length,Order,m^2.5 per pred per day,476,0.43,4.35E-03,3.11E-03,6.49E-03,8.45E-02,7.34E-02,9.63E-02,200,,
477,Bollache et al 2008 BIOL LTTRS,Pred,2.50,,Aquatic,,Metazoan,Invertebrate,Crustacean,Amphipod,Gammarus pulex,"Dijon, Male, Wild caught",Metazoan,Invertebrate,Crustacean,Isopod,water hog louse,Asellus aquaticus,Wild caught,Mean,N,24,14.0,,1,44.18,250.00,2.79E+01,Original length,Order,9.69E-01,Original length,Order,m^2.5 per pred per day,477,0.40,1.74E-03,1.02E-03,3.02E-03,9.80E-02,6.35E-02,1.28E-01,200,,
478,Bollache et al 2008 BIOL LTTRS,Pred,2.50,,Aquatic,,Metazoan,Invertebrate,Crustacean,Amphipod,Gammarus pulex,"Dijon, Male, Wild caught",Metazoan,Invertebrate,Crustacean,Isopod,water hog louse,Asellus aquaticus,Wild caught,Mean,N,24,14.0,,1,44.18,250.00,2.79E+01,Original length,Order,9.69E-01,Original length,Order,m^2.5 per pred per day,478,0.53,1.10E-03,6.78E-04,1.87E-03,8.95E-02,4.19E-02,1.28E-01,200,,
479,Bollache et al 2008 BIOL LTTRS,Pred,2.50,,Aquatic,,Metazoan,Invertebrate,Crustacean,Amphipod,Gammarus pulex,"Belfast, Male, Wild caught",Metazoan,Invertebrate,Crustacean,Isopod,water hog louse,Asellus aquaticus,Wild caught,Mean,N,24,14.0,,1,44.18,250.00,2.79E+01,Original length,Order,9.69E-01,Original length,Order,m^2.5 per pred per day,479,0.52,4.70E-03,3.64E-03,6.03E-03,8.99E-02,8.11E-02,9.79E-02,200,,
480,Bollache et al 2008 BIOL LTTRS,Pred,2.50,,Aquatic,,Metazoan,Invertebrate,Crustacean,Amphipod,Gammarus pulex,"Belfast, Male, Wild caught",Metazoan,Invertebrate,Crustacean,Isopod,water hog louse,Asellus aquaticus,Wild caught,Mean,N,24,14.0,,1,44.18,250.00,2.79E+01,Original length,Order,9.69E-01,Original length,Order,m^2.5 per pred per day,480,0.42,2.24E-03,1.49E-03,3.55E-03,1.15E-01,9.38E-02,1.38E-01,200,,
481,Bollache et al 2008 BIOL LTTRS,Pred,2.50,,Aquatic,,Metazoan,Invertebrate,Crustacean,Amphipod,Gammarus pulex,"Belfast, Male, Wild caught",Metazoan,Invertebrate,Crustacean,Isopod,water hog louse,Asellus aquaticus,Wild caught,Mean,N,24,14.0,,1,44.18,250.00,2.79E+01,Original length,Order,9.69E-01,Original length,Order,m^2.5 per pred per day,481,0.70,1.14E-03,8.55E-04,1.58E-03,9.19E-02,6.97E-02,1.12E-01,200,,
482,De Clercq et al 2000 BIO CONTROL,Pred,2.50,,Terrestrial,,Metazoan,Invertebrate,Insect,Hemiptera,Podisus nigrispinus,Female,Metazoan,Invertebrate,Insect,Lepidoptera,Beet armyworm,Spodoptera exigua,4th instar,Raw data,N,24,22.0,,1,675.00,5674.50,9.25E+01,Alternate species mass,,1.84E+01,Original mass,,m^2.5 per pred per day,482,0.56,1.69E-02,9.03E-03,2.72E-02,8.42E-02,1.00E-02,1.21E-01,200,On eggplant plant,
483,De Clercq et al 2000 BIO CONTROL,Pred,2.50,,Terrestrial,,Metazoan,Invertebrate,Insect,Hemiptera,Podisus nigrispinus,Female,Metazoan,Invertebrate,Insect,Lepidoptera,Beet armyworm,Spodoptera exigua,4th instar,Raw data,N,24,22.0,,1,675.00,5674.50,9.25E+01,Alternate species mass,,1.84E+01,Original mass,,m^2.5 per pred per day,483,0.60,1.50E-02,8.22E-03,2.55E-02,7.88E-02,1.56E-02,1.33E-01,200,On sweet pepper plant,
484,De Clercq et al 2000 BIO CONTROL,Pred,2.50,,Terrestrial,,Metazoan,Invertebrate,Insect,Hemiptera,Podisus nigrispinus,Female,Metazoan,Invertebrate,Insect,Lepidoptera,Beet armyworm,Spodoptera exigua,4th instar,Raw data,N,24,22.0,,1,675.00,5674.50,9.25E+01,Alternate species mass,,1.84E+01,Original mass,,m^2.5 per pred per day,484,0.28,1.77E-02,7.39E-03,5.07E-02,1.93E-01,1.10E-01,2.90E-01,200,On tomato plant,
485,De Clercq et al 1998 J APPL ENT,Pred,2.50,,Terrestrial,,Metazoan,Invertebrate,Insect,Hemiptera,Podisus maculiventris,Adult female,Metazoan,Invertebrate,Insect,Lepidoptera,Tomato looper,Chrysodeixis chalcites,5th instar,Raw data,N,24,22.0,,1,650.00,5674.50,7.58E+01,Alternate species length,Family,5.00E+01,Original mass,,m^2.5 per pred per day,485,0.95,1.95E-02,1.44E-02,2.48E-02,1.66E-01,1.30E-01,2.06E-01,200,,
486,De Clercq et al 1998 J APPL ENT,Pred,2.50,,Terrestrial,,Metazoan,Invertebrate,Insect,Hemiptera,Podisus nigrispinus,Adult female,Metazoan,Invertebrate,Insect,Lepidoptera,Tomato looper,Chrysodeixis chalcites,5th instar,Raw data,N,24,22.0,,1,650.00,5674.50,9.25E+01,Alternate species mass,,5.00E+01,Original mass,,m^2.5 per pred per day,486,0.81,1.51E-02,9.04E-03,5.12E-02,1.42E-01,1.31E-08,2.40E-01,200,,
487,Mahdian et al 2007 J APPL ENT,Pred,2.50,,Terrestrial,,Metazoan,Invertebrate,Insect,Hemiptera,Picromerus bidens,Adult female,Metazoan,Invertebrate,Insect,Lepidoptera,Beet armyworm,Spodoptera exigua,4th instar,Raw data,N,24,23.0,,1,850.00,5674.50,1.12E+02,Alternate species length,Family,1.82E+01,Original mass,,m^2.5 per pred per day,487,0.65,1.55E-02,9.08E-03,2.74E-02,5.42E-02,2.48E-03,1.06E-01,200,On sweet pepper plant,
488,Mahdian et al 2007 J APPL ENT,Pred,2.50,,Terrestrial,,Metazoan,Invertebrate,Insect,Hemiptera,Picromerus bidens,Adult female,Metazoan,Invertebrate,Insect,Lepidoptera,Beet armyworm,Spodoptera exigua,4th instar,Raw data,N,24,23.0,,1,850.00,5674.50,1.12E+02,Alternate species length,Family,1.82E+01,Original mass,,m^2.5 per pred per day,488,0.61,2.19E-02,1.36E-02,3.80E-02,1.05E-01,6.54E-02,1.37E-01,200,On eggplant plant,
489,Mahdian et al 2007 J APPL ENT,Pred,2.50,,Terrestrial,,Metazoan,Invertebrate,Insect,Hemiptera,Picromerus bidens,Adult female,Metazoan,Invertebrate,Insect,Lepidoptera,Beet armyworm,Spodoptera exigua,4th instar,Raw data,N,24,23.0,,1,850.00,5674.50,1.12E+02,Alternate species length,Family,1.82E+01,Original mass,,m^2.5 per pred per day,489,0.32,9.56E-03,3.45E-03,5.68E-02,1.88E-01,2.00E-08,3.97E-01,200,On tomato plant,
490,Rutledge and O'Neil 2005 BIO CONTROL,Pred,2.00,,Terrestrial,,Metazoan,Invertebrate,Insect,Hemiptera,Orius insidiosus,Adult female (>4d old),Metazoan,Invertebrate,Insect,Hemiptera,Soybean aphid,Aphis glycines,,Mean,N,18,24.0,,1,20.00,,2.35E-01,Alternate species length,Order,3.30E-01,Alternate species length,Family,m^2 per pred per day,490,0.75,1.34E-03,7.24E-04,2.94E-03,2.55E-02,5.10E-10,5.78E-02,200,,
491,Carrillo and Peña 2012 EXP AND APPL ACAROLOGY,Pred,2.00,,Terrestrial,,Metazoan,Invertebrate,Arachnid,Mite,Amblyseius largoensis,Mated adult female (3-6 days posteclosion),Metazoan,Invertebrate,Arachnid,Mite,Red Palm Mite,Raoiella indica,Eggs,Mean,N,24,26.0,,1,10.00,,6.13E-02,Alternate order mass,,8.49E-04,Alternate species length,Class,m^2 per pred per day,491,0.87,1.54E-04,1.21E-04,1.96E-04,1.73E-02,1.33E-02,2.09E-02,200,,
492,Rindone and Eggleston 2011 J OF EXP MARINE BIOL AND ECOL,Pred,2.50,,Aquatic,,Metazoan,Invertebrate,Crustacean,Decapod,Menippe spp. (M. mercenaria/M. adina hybrids),Large Adult Male intermolt ,Metazoan,Invertebrate,Mollusk,Bivalve,Eastern oyster,Crassosotrea virginica,Wild caught,Raw data,N,48,,,1,1417.50,60000.00,4.53E+05,Original length,Order,,,,m^2.5 per pred per day,492,0.02,6.53E-01,2.42E-01,3.14E+00,1.19E-02,8.54E-03,1.58E-02,200,Predator length is actually carapace width,
493,Rindone and Eggleston 2011 J OF EXP MARINE BIOL AND ECOL,Pred,2.00,,Aquatic,,Metazoan,Invertebrate,Crustacean,Decapod,Panopeus herbstii,Wild caught Adult Male,Metazoan,Invertebrate,Mollusk,Bivalve,Eastern oyster,Crassosotrea virginica,Wild caught,Raw data,N,48,,,1,3300.00,,1.17E+04,Alternate species length,Order,,,,m^2 per pred per day,493,0.49,3.99E-01,1.91E-01,8.68E-01,4.35E-02,1.42E-02,6.62E-02,200,,
494,Farrokhi et al 2010 J OF INSECT SCI,Par,2.50,,Terrestrial,,Metazoan,Invertebrate,Insect,Hymenoptera,Trichogramma brassicae,Uninfected Emerged adult females,Metazoan,Invertebrate,Insect,Lepidoptera,Angoumois grain moth,Sitotroga cerealella,Eggs,Mean,N,,25.0,,1,3.50,,1.26E+02,Alternate order length,Order,,,,m^2.5 per pred per day,494,0.96,3.03E-05,2.54E-05,3.51E-05,2.23E-02,1.84E-02,2.51E-02,200,,
495,Farrokhi et al 2010 J OF INSECT SCI,Par,2.50,,Terrestrial,,Metazoan,Invertebrate,Insect,Hymenoptera,Trichogramma brassicae,Wolbacchia-infected emerged adult female,Metazoan,Invertebrate,Insect,Lepidoptera,Angoumois grain moth,Sitotroga cerealella,Eggs,Mean,N,,5.0,,1,3.50,,1.26E+02,Alternate order length,Order,,,,m^2.5 per pred per day,495,0.95,3.55E-05,3.07E-05,3.98E-05,3.04E-02,2.77E-02,3.32E-02,200,,
496,Coll and Ridgeway 1995 ECO POP BIOL,Pred,2.00,,Terrestrial,,Metazoan,Invertebrate,Insect,Hemiptera,Orius insidiosus,Female (5d old),Metazoan,Invertebrate,Insect,Thysanoptera,Western flower thrip,Frankliniella occidentalis,2nd instar,Mean,N,24,25.0,,1,34.60,1570.80,2.35E-01,Alternate species length,Order,4.17E-02,Alternate species length,Order,m^2 per pred per day,496,0.74,1.64E-03,1.21E-03,3.32E-03,2.30E-02,7.77E-13,8.20E-02,200,On bean plant,
497,Coll and Ridgeway 1995 ECO POP BIOL,Pred,2.00,,Terrestrial,,Metazoan,Invertebrate,Insect,Hemiptera,Orius insidiosus,Female (5d old),Metazoan,Invertebrate,Insect,Thysanoptera,Western flower thrip,Frankliniella occidentalis,2nd instar,Mean,N,24,25.0,,1,34.60,1570.80,2.35E-01,Alternate species length,Order,4.17E-02,Alternate species length,Order,m^2 per pred per day,497,0.55,2.64E-03,1.15E-03,5.79E-03,1.11E-01,2.75E-02,1.81E-01,200,On pepper plant,
498,Coll and Ridgeway 1995 ECO POP BIOL,Pred,2.00,,Terrestrial,,Metazoan,Invertebrate,Insect,Hemiptera,Orius insidiosus,Female (5d old),Metazoan,Invertebrate,Insect,Thysanoptera,Western flower thrip,Frankliniella occidentalis,2nd instar,Mean,N,24,25.0,,1,34.60,1570.80,2.35E-01,Alternate species length,Order,4.17E-02,Alternate species length,Order,m^2 per pred per day,498,0.43,7.95E-04,4.92E-04,1.82E-03,1.02E-01,4.58E-10,2.80E-01,200,On tomato plant,
499,Redpath and Thirgood 1999 J ANIM ECOL,Pred,2.00,In the field,Terrestrial,,Metazoan,Vertebrate,Bird,,Circus cyaneus,Male,Metazoan,Vertebrate,Bird,,Red grouse,Lagopus lagopus scoticus,Chick,Mean,Y,,37.0,,1,,,3.92E+05,Alternate species mass,,1.47E+04,Alternate species mass,,m^2 per pred per day,499,0.52,6.36E+07,4.63E+07,9.32E+07,1.69E-01,1.13E-01,2.48E-01,200,,
500,Redpath and Thirgood 1999 J ANIM ECOL,Pred,2.00,In the field,Terrestrial,,Metazoan,Vertebrate,Bird,,Circus cyaneus,Female,Metazoan,Vertebrate,Bird,,Red grouse,Lagopus lagopus scoticus,Chick,Mean,Y,,37.0,,1,,,3.92E+05,Alternate species mass,,1.47E+04,Alternate species mass,,m^2 per pred per day,500,0.37,4.00E+07,2.58E+07,5.98E+07,2.51E-01,2.08E-02,3.95E-01,200,,
501,Redpath and Thirgood 1999 J ANIM ECOL,Pred,2.00,In the field,Terrestrial,,Metazoan,Vertebrate,Bird,,Circus cyaneus,Male,Metazoan,Vertebrate,Bird,,Meadow pipit,Anthus pratensis,,Mean,Y,,37.0,,1,,,3.92E+05,Alternate species mass,,1.84E+04,Alternate species mass,,m^2 per pred per day,501,0.79,2.51E+07,2.21E+07,3.26E+07,5.00E-10,4.92E-10,3.08E-02,200,,
502,Redpath and Thirgood 1999 J ANIM ECOL,Pred,2.00,In the field,Terrestrial,,Metazoan,Vertebrate,Bird,,Circus cyaneus,Female,Metazoan,Vertebrate,Bird,,Meadow pipit,Anthus pratensis,,Mean,Y,,37.0,,1,,,3.92E+05,Alternate species mass,,1.84E+04,Alternate species mass,,m^2 per pred per day,502,0.92,2.55E+07,2.16E+07,3.21E+07,4.88E-10,2.99E-10,7.47E-02,200,,
503,Gilg et al 2006 OIKOS,Pred,2.00,In the field,Terrestrial,,Metazoan,Vertebrate,Bird,,Nyctea scandiaca,Wild,Metazoan,Vertebrate,Mammal,,Collared lemming,Dicrostonyx groenlandicus,,Mean,Y,,37.0,,1,,,2.04E+06,Alternate species mass,,6.60E+04,Alternate species mass,,m^2 per pred per day,503,0.22,6.35E+04,2.85E+04,2.04E+06,2.11E-01,1.68E-01,2.57E-01,200,,
504,Gilg et al 2006 OIKOS,Pred,2.00,In the field,Aquatic,,Metazoan,Vertebrate,Bird,,Stercorarius longicaudus,Wild,Metazoan,Vertebrate,Mammal,,Collared lemming,Dicrostonyx groenlandicus,,Mean,Y,,37.0,,1,,,2.98E+05,Alternate species mass,,6.60E+04,Alternate species mass,,m^2 per pred per day,504,0.68,5.70E+05,2.77E+05,1.21E+06,2.16E-01,1.64E-01,2.83E-01,200,Prey density excludes prey >=45g,
505,Gilg et al 2006 OIKOS,Pred,2.00,In the field,Terrestrial,,Metazoan,Vertebrate,Mammal,Carnivora,Alopex lagopus,Wild,Metazoan,Vertebrate,Mammal,,Collared lemming,Dicrostonyx groenlandicus,,Mean,Y,,37.0,,1,,,5.20E+06,Alternate species mass,,6.60E+04,Alternate species mass,,m^2 per pred per day,505,0.84,2.04E+05,1.33E+05,3.10E+05,2.50E-01,2.13E-01,2.97E-01,200,,
506,Gilg et al 2006 OIKOS,Pred,2.00,In the field,Terrestrial,,Metazoan,Vertebrate,Mammal,Carnivora,Mustela erminea,Wild,Metazoan,Vertebrate,Mammal,,Collared lemming,Dicrostonyx groenlandicus,,Mean,Y,,37.0,,1,,,1.10E+05,Alternate species mass,,6.60E+04,Alternate species mass,,m^2 per pred per day,506,0.59,1.68E+05,1.01E+05,3.17E+05,4.34E-01,3.16E-01,5.85E-01,200,Summer/Spring,
507,Gilg et al 2006 OIKOS,Pred,2.00,In the field,Terrestrial,,Metazoan,Vertebrate,Mammal,Carnivora,Mustela erminea,Wild,Metazoan,Vertebrate,Mammal,,Collared lemming,Dicrostonyx groenlandicus,,Mean,Y,,37.0,,1,,,1.10E+05,Alternate species mass,,6.60E+04,Alternate species mass,,m^2 per pred per day,507,0.07,1.44E+06,4.15E+05,3.58E+07,4.96E-01,4.29E-01,5.73E-01,200,Winter,
508,Skirvin and Fenlon 2001 BULL ENTOMOL RES,Pred,2.50,,Terrestrial,,Metazoan,Invertebrate,Arachnid,Mite,Phytoseiulus persimilis,Adult female,Metazoan,Invertebrate,Arachnid,Mite,Red spider mite,Tetranychus urticae,Egg,Mean,N,,23.2,,1,,,6.66E-02,Alternate species length,Class,2.11E-03,Alternate species length,Class,Arenas per pred per day,508,0.71,1.42E-03,1.01E-03,2.15E-03,1.47E-02,9.76E-03,2.08E-02,200,On Choisya ternata,
509,Skirvin and Fenlon 2001 BULL ENTOMOL RES,Pred,2.50,,Terrestrial,,Metazoan,Invertebrate,Arachnid,Mite,Phytoseiulus persimilis,Adult female,Metazoan,Invertebrate,Arachnid,Mite,Red spider mite,Tetranychus urticae,Egg,Mean,N,,23.2,,1,,,6.66E-02,Alternate species length,Class,2.11E-03,Alternate species length,Class,Arenas per pred per day,509,0.35,3.27E-03,1.33E-03,8.82E-03,2.40E-02,4.96E-03,4.25E-02,200,On Ceanothus thyrsiflorus var. 'Autumnal Blue',
510,Skirvin and Fenlon 2001 BULL ENTOMOL RES,Pred,2.50,,Terrestrial,,Metazoan,Invertebrate,Arachnid,Mite,Phytoseiulus persimilis,Adult female,Metazoan,Invertebrate,Arachnid,Mite,Red spider mite,Tetranychus urticae,Egg,Mean,N,,23.2,,1,,,6.66E-02,Alternate species length,Class,2.11E-03,Alternate species length,Class,Arenas per pred per day,510,0.48,1.45E-03,6.75E-04,2.55E-03,2.52E-02,4.13E-09,4.90E-02,200,On Euonymus japonicus,
511,Gilioli et al 2005 J ECON ENTOMOL,Pred,2.50,,Terrestrial,,Metazoan,Invertebrate,Insect,Diptera,Coenosia attenuata,Female,Metazoan,Invertebrate,Insect,Diptera,Fruit fly,Drosophila melanogaster,,Mean,Y,,12.0,,1,625.00,15625.00,1.57E+00,Alternate genus length,Order,1.02E+00,Alternate species mass,,m^2.5 per pred per day,511,0.00,3.65E-03,1.71E-03,5.82E-03,1.18E-01,7.45E-02,2.35E-01,200,,
512,Gilioli et al 2005 J ECON ENTOMOL,Pred,2.50,,Terrestrial,,Metazoan,Invertebrate,Insect,Diptera,Coenosia attenuata,Female,Metazoan,Invertebrate,Insect,Diptera,Fruit fly,Drosophila melanogaster,,Mean,Y,,18.0,,1,625.00,15625.00,1.57E+00,Alternate genus length,Order,1.02E+00,Alternate species mass,,m^2.5 per pred per day,512,0.29,2.60E-02,1.31E-02,5.10E-02,3.28E-01,2.46E-01,3.94E-01,200,,
513,Gilioli et al 2005 J ECON ENTOMOL,Pred,2.50,,Terrestrial,,Metazoan,Invertebrate,Insect,Diptera,Coenosia attenuata,Female,Metazoan,Invertebrate,Insect,Diptera,Fruit fly,Drosophila melanogaster,,Mean,Y,,24.0,,1,625.00,15625.00,1.57E+00,Alternate genus length,Order,1.02E+00,Alternate species mass,,m^2.5 per pred per day,513,0.55,4.63E-02,3.11E-02,7.95E-02,9.98E-02,7.99E-02,1.21E-01,200,,
514,Gilioli et al 2005 J ECON ENTOMOL,Pred,2.50,,Terrestrial,,Metazoan,Invertebrate,Insect,Diptera,Coenosia attenuata,Female,Metazoan,Invertebrate,Insect,Diptera,Fruit fly,Drosophila melanogaster,,Mean,Y,,30.0,,1,625.00,15625.00,1.57E+00,Alternate genus length,Order,1.02E+00,Alternate species mass,,m^2.5 per pred per day,514,0.34,8.47E-02,4.87E-02,1.75E-01,8.46E-02,6.71E-02,9.88E-02,200,,
515,Gilioli et al 2005 J ECON ENTOMOL,Pred,2.50,,Terrestrial,,Metazoan,Invertebrate,Insect,Diptera,Coenosia attenuata,Female,Metazoan,Invertebrate,Insect,Diptera,Fruit fly,Drosophila melanogaster,,Mean,Y,,36.0,,1,625.00,15625.00,1.57E+00,Alternate genus length,Order,1.02E+00,Alternate species mass,,m^2.5 per pred per day,515,0.36,1.67E-01,1.07E-01,2.64E-01,7.34E-02,6.60E-02,8.03E-02,200,,
516,Mansour and Heimbach 1993 ENTOMOPHAGA,Pred,2.50,,Terrestrial,,Metazoan,Invertebrate,Arachnid,Spider,Pardosa agrestis,"Adult (50% male, 50% female)",Metazoan,Invertebrate,Insect,Hemiptera,Bird cherry-oat aphid,Rhopalosiphum padi,,Mean,N,72,20.0,,1,201.06,4624.42,1.28E+01,Alternate species length,Order,8.46E-03,Original length,,m^2.5 per pred per day,516,0.87,1.90E-02,1.52E-02,2.61E-02,8.50E-03,4.76E-03,1.22E-02,200,,
517,Mansour and Heimbach 1993 ENTOMOPHAGA,Pred,2.50,,Terrestrial,,Metazoan,Invertebrate,Arachnid,Spider,Pardosa agrestis,Juvenile (20d old),Metazoan,Invertebrate,Insect,Hemiptera,Bird cherry-oat aphid,Rhopalosiphum padi,,Mean,N,72,20.0,,1,201.06,4624.42,1.01E+01,Alternate order length,Order,8.46E-03,Original length,Family,m^2.5 per pred per day,517,0.30,6.88E-03,3.73E-03,1.36E-02,2.49E-01,9.19E-02,3.79E-01,200,,
518,Mansour and Heimbach 1993 ENTOMOPHAGA,Pred,2.50,,Terrestrial,,Metazoan,Invertebrate,Arachnid,Spider,Erigone atra,Male,Metazoan,Invertebrate,Insect,Hemiptera,Bird cherry-oat aphid,Rhopalosiphum padi,,Mean,N,72,20.0,,1,201.06,4624.42,2.05E+00,Alternate species length,Order,8.46E-03,Original length,Family,m^2.5 per pred per day,518,0.15,2.64E-02,8.68E-03,5.73E-01,2.10E-01,1.31E-01,2.60E-01,200,,
519,Mansour and Heimbach 1993 ENTOMOPHAGA,Pred,2.50,,Terrestrial,,Metazoan,Invertebrate,Arachnid,Spider,Erigone atra,Female,Metazoan,Invertebrate,Insect,Hemiptera,Bird cherry-oat aphid,Rhopalosiphum padi,,Mean,N,72,20.0,,1,201.06,4624.42,2.05E+00,Alternate species length,Order,8.46E-03,Original length,Family,m^2.5 per pred per day,519,0.45,1.91E-02,1.15E-02,4.19E-02,5.94E-02,2.24E-02,9.42E-02,200,,
520,Mansour and Heimbach 1993 ENTOMOPHAGA,Pred,2.50,,Terrestrial,,Metazoan,Invertebrate,Arachnid,Spider,Lepthyphantes tenuis,"Adult (50% male, 50% female)",Metazoan,Invertebrate,Insect,Hemiptera,Bird cherry-oat aphid,Rhopalosiphum padi,,Mean,N,72,20.0,,1,201.06,4624.42,1.01E+01,Alternate order length,Order,8.46E-03,Original length,Family,m^2.5 per pred per day,520,0.52,1.74E-02,8.96E-03,7.00E-02,1.07E-01,5.74E-02,1.62E-01,200,,
521,Walker and Rypstra 2001 AM MIDL NAT,Pred,2.00,,Terrestrial,,Metazoan,Invertebrate,Arachnid,Spider,Rabidosa rabida,Female,Metazoan,Invertebrate,Insect,Orthoptera,House cricket,Acheta domesticus,,Mean,N,336,25.0,,1,56.75,,7.50E+01,Original mass,,4.30E+01,Average species mass,,m^2 per pred per day,521,0.44,9.00E-03,5.29E-03,1.84E-02,3.33E-02,2.44E-11,1.74E-01,200,,
522,Walker and Rypstra 2001 AM MIDL NAT,Pred,2.00,,Terrestrial,,Metazoan,Invertebrate,Arachnid,Spider,Rabidosa rabida,Male,Metazoan,Invertebrate,Insect,Orthoptera,House cricket,Acheta domesticus,,Mean,N,336,25.0,,1,56.75,,7.50E+01,Original mass,,4.30E+01,Average species mass,,m^2 per pred per day,522,0.13,5.89E-02,2.31E-02,8.11E-01,4.97E-02,3.41E-12,1.26E-01,200,,
523,Toscano et al 2014 OECOLOGIA,Pred,2.00,,Aquatic,,Metazoan,Invertebrate,Crustacean,Decapod,Eurypanopeus depressus,Wild caught,Metazoan,Invertebrate,Mollusk,Bivalve,Scorched mussel,Brachidontes exustus,,Mean,N,24,27.0,,1,7389.81,,1.62E+02,Original length,Order,2.76E+01,Original length,Order,m^2 per pred per day,523,0.27,1.60E+00,1.07E+00,2.16E+00,2.45E-02,3.56E-03,4.43E-02,200,Water temperature from https://www.nodc.noaa.gov/dsdt/cwtg/all_meanT.html,
524,Toscano et al 2014 OECOLOGIA,Pred,2.00,,Aquatic,,Metazoan,Invertebrate,Crustacean,Decapod,Eurypanopeus depressus,Wild caught (parasitized by Loxothylaccus panopei),Metazoan,Invertebrate,Mollusk,Bivalve,Scorched mussel,Brachidontes exustus,,Mean,N,24,27.0,,1,7389.81,,1.62E+02,Original length,Order,2.76E+01,Original length,Order,m^2 per pred per day,524,0.18,7.98E-01,4.08E-01,1.53E+00,1.87E-01,8.30E-02,2.69E-01,200,Water temperature from https://www.nodc.noaa.gov/dsdt/cwtg/all_meanT.html,
525,Witz 1996 J HERP,Pred,2.00,,Terrestrial,,Metazoan,Vertebrate,Reptile,,Aspidoscelis sexlinata (Cnemidophorus sexlineatus),"Adult, wild caught",Metazoan,Invertebrate,Insect,Orthoptera,House cricket,Acheta domesticus,,Mean,Y,72,38.0,,1,10000 and 40000,,1.73E+05,Original length,Family,4.30E+01,Average species mass,,m^2 per pred per day,525,0.16,3.01E+02,2.01E+02,5.00E+02,7.25E-03,4.10E-03,9.94E-03,200,,
526,Hossie and Murray 2010 OECOLOGIA,Pred,3.00,,Aquatic,,Metazoan,Invertebrate,Insect,Odonata,Anax junius,Nymph,Metazoan,Vertebrate,Amphibian,,Northern leopard frog,Rana pipiens,Tadpole,Raw data,N,,,,1,,10000.00,2.25E+03,Alternate species length,Order,6.00E+01,Alternate species mass,,m^3 per pred per day,526,0.52,8.60E-03,5.81E-03,1.41E-02,3.61E-02,1.68E-02,5.68E-02,200,,
527,Hossie and Murray 2010 OECOLOGIA,Pred,3.00,,Aquatic,,Metazoan,Invertebrate,Insect,Odonata,Anax junius,Nymph,Metazoan,Vertebrate,Amphibian,,Northern leopard frog,Rana pipiens,Tadpole,Raw data,N,,,,1,,10000.00,2.25E+03,Alternate species length,Order,6.00E+01,Alternate species mass,,m^3 per pred per day,527,0.46,8.03E-03,4.74E-03,1.64E-02,2.39E-02,3.68E-03,5.76E-02,200,Low leaf litter,
528,Hossie and Murray 2010 OECOLOGIA,Pred,3.00,,Aquatic,,Metazoan,Invertebrate,Insect,Odonata,Anax junius,Nymph,Metazoan,Vertebrate,Amphibian,,Northern leopard frog,Rana pipiens,Tadpole,Raw data,N,,,,1,,10000.00,2.25E+03,Alternate species length,Order,6.00E+01,Alternate species mass,,m^3 per pred per day,528,0.51,9.33E-03,5.45E-03,1.51E-02,2.47E-02,4.30E-03,4.76E-02,200,High leaf litter,
529,Ranta and Nuutinen 1985 J ANIM ECOL,Pred,3.00,,Mixed,,Metazoan,Vertebrate,Amphibian,,Lissotriton vulgaris (Triturus vulgaris),Tadpole,Metazoan,Invertebrate,Crustacean,Cladoceran,Water flea,Daphnia longispina,Wild caught,Mean,Y,10,22.0,,1,,800.00,,,,2.96E-01,Original length,Order,m^3 per pred per day,529,0.68,5.47E-01,3.83E-01,7.78E-01,4.68E-04,4.38E-04,5.10E-04,200,,
530,Ranta and Nuutinen 1985 J ANIM ECOL,Pred,3.00,,Mixed,,Metazoan,Vertebrate,Amphibian,,Lissotriton vulgaris (Triturus vulgaris),Tadpole,Metazoan,Invertebrate,Crustacean,Cladoceran,Water flea,Daphnia magna,Wild caught,Mean,Y,10,22.0,,1,,800.00,,,,9.21E-01,Original length,Order,m^3 per pred per day,530,0.36,1.77E-01,7.86E-02,3.81E-01,1.41E-03,1.14E-03,1.74E-03,200,,
531,Ranta and Nuutinen 1985 J ANIM ECOL,Pred,3.00,,Mixed,,Metazoan,Vertebrate,Amphibian,,Lissotriton vulgaris (Triturus vulgaris),Tadpole,Metazoan,Invertebrate,Crustacean,Cladoceran,Water flea,Daphnia longispina,Wild caught,Mean,Y,10,22.0,,1,,800.00,,,,2.96E-01,Original length,Order,m^3 per pred per day,531,0.73,7.13E-01,5.17E-01,9.73E-01,2.57E-04,2.39E-04,2.75E-04,200,,
532,Ranta and Nuutinen 1985 J ANIM ECOL,Pred,3.00,,Mixed,,Metazoan,Vertebrate,Amphibian,,Lissotriton vulgaris (Triturus vulgaris),Tadpole,Metazoan,Invertebrate,Crustacean,Cladoceran,Water flea,Daphnia magna,Wild caught,Mean,Y,10,22.0,,1,,800.00,,,,9.21E-01,Original length,Order,m^3 per pred per day,532,0.54,1.31E-01,7.06E-02,2.32E-01,9.91E-04,7.77E-04,1.22E-03,200,,
533,Ranta and Nuutinen 1985 J ANIM ECOL,Pred,3.00,,Mixed,,Metazoan,Vertebrate,Amphibian,,Lissotriton vulgaris (Triturus vulgaris),Tadpole,Metazoan,Invertebrate,Crustacean,Cladoceran,Water flea,Daphnia longispina,Wild caught,Mean,Y,10,22.0,,1,,800.00,,,,2.96E-01,Original length,Order,m^3 per pred per day,533,0.76,8.72E-01,7.41E-01,1.03E+00,2.32E-04,2.17E-04,2.51E-04,200,,
534,Ranta and Nuutinen 1985 J ANIM ECOL,Pred,3.00,,Mixed,,Metazoan,Vertebrate,Amphibian,,Lissotriton vulgaris (Triturus vulgaris),Tadpole,Metazoan,Invertebrate,Crustacean,Cladoceran,Water flea,Daphnia magna,Wild caught,Mean,Y,10,22.0,,1,,800.00,,,,9.21E-01,Original length,Order,m^3 per pred per day,534,0.49,4.46E-01,1.62E-01,1.34E+00,8.15E-04,6.97E-04,9.65E-04,200,,
535,Ranta and Nuutinen 1985 J ANIM ECOL,Pred,3.00,,Mixed,,Metazoan,Vertebrate,Amphibian,,Lissotriton vulgaris (Triturus vulgaris),Adult female,Metazoan,Invertebrate,Crustacean,Cladoceran,Water flea,Daphnia longispina,Wild caught,Mean,Y,10,22.0,,1,,20000.00,2.90E+03,Alternate species mass,,2.96E-01,Original length,Order,m^3 per pred per day,535,0.91,5.27E+00,4.21E+00,6.98E+00,3.05E-04,2.80E-04,3.27E-04,200,,
536,Ranta and Nuutinen 1985 J ANIM ECOL,Pred,3.00,,Mixed,,Metazoan,Vertebrate,Amphibian,,Lissotriton vulgaris (Triturus vulgaris),Adult female,Metazoan,Invertebrate,Crustacean,Cladoceran,Water flea,Daphnia magna,Wild caught,Mean,Y,10,22.0,,1,,20000.00,2.90E+03,Alternate species mass,,9.21E-01,Original length,Order,m^3 per pred per day,536,0.86,9.38E+00,7.76E+00,1.23E+01,2.70E-04,2.51E-04,2.89E-04,200,,
537,Michalko and Pekar 2017 AM NAT,Pred,2.00,,Terrestrial,,Metazoan,Invertebrate,Arachnid,Spider,Philodromus buchari,"Wild caught, subadult",Metazoan,Invertebrate,Insect,Hemiptera,Jumping plant louse,Cacopsylla pyri,,Raw data,Y,72,22.0,,1,19.63,,1.11E+00,Original length,Order,5.91E-01,Original length,Order,m^2 per pred per day,537,0.58,1.50E-02,3.44E-03,3.62E-02,2.69E-02,4.99E-10,4.03E-02,200,Choosy predator,
538,Michalko and Pekar 2017 AM NAT,Pred,2.00,,Terrestrial,,Metazoan,Invertebrate,Arachnid,Spider,Philodromus buchari,"Wild caught, subadult",Metazoan,Invertebrate,Insect,Hemiptera,Jumping plant louse,Cacopsylla pyri,,Raw data,Y,72,22.0,,1,19.63,,1.11E+00,Original length,Order,5.91E-01,Original length,Order,m^2 per pred per day,538,0.79,3.34E-02,1.77E-02,6.61E-02,1.38E-02,9.02E-03,1.76E-02,200,Nonchoosy predator,
539,Michalko and Pekar 2017 AM NAT,Pred,2.00,,Terrestrial,,Metazoan,Invertebrate,Arachnid,Spider,Philodromus buchari,"Wild caught, subadult",Metazoan,Invertebrate,Arachnid,Spider,Spider,Dictyna spp.,,Raw data,Y,72,22.0,,1,19.63,,1.11E+00,Original length,Order,1.27E+00,Original length,Order,m^2 per pred per day,539,0.31,1.53E-02,2.58E-03,2.60E+02,1.09E-01,5.36E-02,1.65E-01,200,Choosy predator,
540,Michalko and Pekar 2017 AM NAT,Pred,2.00,,Terrestrial,,Metazoan,Invertebrate,Arachnid,Spider,Philodromus buchari,"Wild caught, subadult",Metazoan,Invertebrate,Arachnid,Spider,Spider,Dictyna spp.,,Raw data,Y,72,22.0,,1,19.63,,1.11E+00,Original length,Order,1.27E+00,Original length,Order,m^2 per pred per day,540,0.24,1.04E-02,2.15E-03,1.20E+02,6.40E-02,4.81E-10,1.17E-01,200,Nonchoosy predator,
541,Michalko and Pekar 2017 AM NAT,Pred,2.00,,Terrestrial,,Metazoan,Invertebrate,Arachnid,Spider,Dictyna spp.,"Wild caught, subadult",Metazoan,Invertebrate,Insect,Hemiptera,Jumping plant louse,Cacopsylla pyri,,Raw data,Y,72,22.0,,1,19.63,,1.27E+00,Original length,,5.91E-01,Original length,Order,m^2 per pred per day,541,0.43,2.03E-02,6.91E-03,6.41E-02,2.45E-02,4.95E-10,4.66E-02,200,,
542,Chant 1961 CAN J ZOOL,Pred,2.00,,Terrestrial,,Metazoan,Invertebrate,Arachnid,Mite,Typhlodromus occidentalis,Adult female,Metazoan,Invertebrate,Arachnid,Mite,,Tetranychus telarius,Protonymphs,Mean,N,,23.0,,1,4.00,,3.86E-01,Alternate species length,Order,,,,m^2 per pred per day,542,0.77,2.15E-03,1.68E-03,2.75E-03,4.36E-02,2.32E-02,6.53E-02,200,,
543,Seiedy et al 2012 J INS BEHAV,Pred,2.00,,Terrestrial,,Metazoan,Invertebrate,Arachnid,Mite,Phytoseiulus persimilis,Adult female,Metazoan,Invertebrate,Arachnid,Mite,Red spider mite,Tetranychus urticae,Adult,Raw data,N,24,25.0,,1,7.07,,6.66E-02,Alternate species length,Class,6.85E-02,Alternate species length,Class,m^2 per pred per day,543,0.64,9.65E-04,6.28E-04,1.42E-03,1.39E-01,1.22E-01,1.59E-01,200,,
544,Seiedy et al 2012 J INS BEHAV,Pred,2.00,,Terrestrial,,Metazoan,Invertebrate,Arachnid,Mite,Phytoseiulus persimilis,Adult female,Metazoan,Invertebrate,Arachnid,Mite,Red spider mite,Tetranychus urticae,Adult,Raw data,N,24,25.0,,1,7.07,,6.66E-02,Alternate species length,Class,6.85E-02,Alternate species length,Class,m^2 per pred per day,544,0.57,1.14E-03,7.45E-04,1.98E-03,1.46E-01,1.26E-01,1.65E-01,200,0 h after prey infection by Beauveria bassiana,
545,Seiedy et al 2012 J INS BEHAV,Pred,2.00,,Terrestrial,,Metazoan,Invertebrate,Arachnid,Mite,Phytoseiulus persimilis,Adult female,Metazoan,Invertebrate,Arachnid,Mite,Red spider mite,Tetranychus urticae,Adult,Raw data,N,24,25.0,,1,7.07,,6.66E-02,Alternate species length,Class,6.85E-02,Alternate species length,Class,m^2 per pred per day,545,0.60,9.74E-04,6.19E-04,1.70E-03,1.52E-01,1.27E-01,1.75E-01,200,24 h after prey infection by Beauveria bassiana,
546,Seiedy et al 2012 J INS BEHAV,Pred,2.00,,Terrestrial,,Metazoan,Invertebrate,Arachnid,Mite,Phytoseiulus persimilis,Adult female,Metazoan,Invertebrate,Arachnid,Mite,Red spider mite,Tetranychus urticae,Adult,Raw data,N,24,25.0,,1,7.07,,6.66E-02,Alternate species length,Class,6.85E-02,Alternate species length,Class,m^2 per pred per day,546,0.25,1.43E-03,7.45E-04,4.71E-03,3.06E-01,2.46E-01,3.75E-01,200,48 h after prey infection by Beauveria bassiana,
547,Seiedy et al 2012 J INS BEHAV,Pred,2.00,,Terrestrial,,Metazoan,Invertebrate,Arachnid,Mite,Phytoseiulus persimilis,Adult female,Metazoan,Invertebrate,Arachnid,Mite,Red spider mite,Tetranychus urticae,Adult,Raw data,N,24,25.0,,1,7.07,,6.66E-02,Alternate species length,Class,6.85E-02,Alternate species length,Class,m^2 per pred per day,547,0.17,9.84E-04,3.67E-04,6.30E-03,4.37E-01,3.45E-01,5.86E-01,200,72 h after prey infection by Beauveria bassiana,
548,Kasap and Atlihan 2011 EXP APPL ACAROL,Pred,2.00,,Terrestrial,,Metazoan,Invertebrate,Arachnid,Mite,Kampimodromus aberrans,Adult female,Metazoan,Invertebrate,Arachnid,Mite,Red spider mite,Tetranychus urticae,Egg,Mean,N,24,25.0,,1,7.07,,6.13E-02,Alternate order mass,,2.11E-03,Alternate species length,Class,m^2 per pred per day,548,0.88,5.16E-04,3.50E-04,7.18E-04,4.15E-02,6.43E-03,7.23E-02,200,,
549,Kasap and Atlihan 2011 EXP APPL ACAROL,Pred,2.00,,Terrestrial,,Metazoan,Invertebrate,Arachnid,Mite,Kampimodromus aberrans,Adult female,Metazoan,Invertebrate,Arachnid,Mite,Red spider mite,Tetranychus urticae,Larva,Mean,N,24,25.0,,1,7.07,,6.13E-02,Alternate order mass,,,,,m^2 per pred per day,549,0.96,4.23E-04,3.53E-04,5.26E-04,1.17E-02,2.84E-12,2.79E-02,200,,
550,Kasap and Atlihan 2011 EXP APPL ACAROL,Pred,2.00,,Terrestrial,,Metazoan,Invertebrate,Arachnid,Mite,Kampimodromus aberrans,Adult female,Metazoan,Invertebrate,Arachnid,Mite,Red spider mite,Tetranychus urticae,Protonymph,Mean,N,24,25.0,,1,7.07,,6.13E-02,Alternate order mass,,,,,m^2 per pred per day,550,0.84,6.50E-04,4.83E-04,9.22E-04,9.27E-02,6.07E-02,1.36E-01,200,,
551,Kasap and Atlihan 2011 EXP APPL ACAROL,Pred,2.00,,Terrestrial,,Metazoan,Invertebrate,Arachnid,Mite,Kampimodromus aberrans,Adult female,Metazoan,Invertebrate,Arachnid,Mite,Red spider mite,Tetranychus urticae,Deutonymph,Mean,N,24,25.0,,1,7.07,,6.13E-02,Alternate order mass,,,,,m^2 per pred per day,551,0.61,7.91E-04,4.32E-04,1.57E-03,1.74E-01,1.09E-01,2.42E-01,200,,
552,McCaffrey and Horsburgh 1986 ENVIRON ENTOMOL,Pred,2.50,,Terrestrial,,Metazoan,Invertebrate,Insect,Hemiptera,Orius insidiosus,Adult female,Metazoan,Invertebrate,Arachnid,Mite,European red mite,Panonychus ulmi,Adult female,Mean,N,,18.3,,1,12.00,33.30,2.35E-01,Alternate species length,Order,2.53E-02,Alternate species length,Class,m^2.5 per pred per day,552,0.59,9.75E-04,8.20E-04,1.16E-03,1.30E-02,1.05E-02,1.57E-02,200,,
553,McCaffrey and Horsburgh 1986 ENVIRON ENTOMOL,Pred,2.50,,Terrestrial,,Metazoan,Invertebrate,Insect,Hemiptera,Orius insidiosus,Adult female,Metazoan,Invertebrate,Arachnid,Mite,European red mite,Panonychus ulmi,Adult female,Mean,N,,23.9,,1,12.00,33.30,2.35E-01,Alternate species length,Order,2.53E-02,Alternate species length,Class,m^2.5 per pred per day,553,0.82,1.71E-03,1.26E-03,2.22E-03,1.01E-02,7.93E-03,1.21E-02,200,,
554,McCaffrey and Horsburgh 1986 ENVIRON ENTOMOL,Pred,2.50,,Terrestrial,,Metazoan,Invertebrate,Insect,Hemiptera,Orius insidiosus,Adult female,Metazoan,Invertebrate,Arachnid,Mite,European red mite,Panonychus ulmi,Adult female,Mean,N,,29.4,,1,12.00,33.30,2.35E-01,Alternate species length,Alternate family length,2.53E-02,Alternate species length,Class,m^2.5 per pred per day,554,0.93,1.36E-03,1.16E-03,1.73E-03,7.23E-04,9.42E-11,2.14E-03,200,,
555,McCaffrey and Horsburgh 1986 ENVIRON ENTOMOL,Pred,2.50,,Terrestrial,,Metazoan,Invertebrate,Insect,Hemiptera,Orius insidiosus,Adult female,Metazoan,Invertebrate,Arachnid,Mite,European red mite,Panonychus ulmi,Adult female,Mean,N,,35.0,,1,12.00,33.30,2.35E-01,Alternate species length,Order,2.53E-02,Alternate species length,Class,m^2.5 per pred per day,555,0.86,3.02E-03,2.52E-03,3.57E-03,2.63E-03,2.11E-03,3.23E-03,200,,
556,Ferla et al 2011 ZOOLOGIA,Pred,2.00,,Terrestrial,,Metazoan,Invertebrate,Arachnid,Mite,Phytoseiulus macropilis,Adult female,Metazoan,Invertebrate,Arachnid,Mite,Red spider mite,Tetranychus urticae,Adult female,Mean,N,,25.0,,1,4.91,,6.13E-02,Alternate order mass,,7.03E-02,Alternate species length,Class,m^2 per pred per day,556,0.51,3.01E-04,1.64E-04,4.99E-04,4.85E-01,4.01E-01,5.74E-01,200,,
557,Chigbu and Sibley 1994 FRESH BIOL,Pred,3.00,,Aquatic,,Metazoan,Invertebrate,Crustacean,Mysid,Neomysis mercedis,Wild caught,Metazoan,Invertebrate,Crustacean,Cladoceran,Water flea,Daphnia magna,S,Mean,N,16,10.0,,1,,2000.00,4.81E+00,Original length,Zooplankton,9.84E-02,Original length,Order,m^3 per pred per day,557,0.95,4.37E-02,4.28E-02,4.49E-02,4.06E-04,3.82E-04,4.24E-04,200,,
558,Chigbu and Sibley 1994 FRESH BIOL,Pred,3.00,,Aquatic,,Metazoan,Invertebrate,Crustacean,Mysid,Neomysis mercedis,Wild caught,Metazoan,Invertebrate,Crustacean,Cladoceran,Water flea,Daphnia magna,SM,Mean,N,16,10.0,,1,,2000.00,4.81E+00,Original length,Zooplankton,4.07E-01,Original length,Order,m^3 per pred per day,558,0.94,5.04E-02,4.67E-02,5.41E-02,6.89E-03,6.75E-03,7.00E-03,200,,
559,Foglar et al 1990 ENTOMOPHAGA,Pred,2.50,,Terrestrial,,Metazoan,Invertebrate,Insect,Hemiptera,Macrolophus caliginosus,Female,Metazoan,Invertebrate,Insect,Hemiptera,Green peach aphid,Myzus persicae,4th instar,Mean,Y,24,22.0,,1,200.00,31096.00,2.24E+00,Alternate species length,Family,3.01E-01,Original length,Family,m^2.5 per pred per day,559,0.65,8.08E-03,4.57E-03,1.46E-02,7.63E-02,5.27E-02,1.03E-01,200,,
560,Foglar et al 1990 ENTOMOPHAGA,Pred,2.50,,Terrestrial,,Metazoan,Invertebrate,Insect,Hemiptera,Macrolophus caliginosus,Female,Metazoan,Invertebrate,Arachnid,Mite,Red spider mite,Tetranychus urticae,Adult female,Mean,Y,24,22.0,,1,200.00,31096.00,2.24E+00,Alternate species length,Family,7.03E-02,Original length,Class,m^2.5 per pred per day,560,0.45,5.29E-03,3.58E-03,8.15E-03,3.32E-02,2.46E-02,4.40E-02,200,,
561,Fantinou et al 2012 EXP APPL ACAROL,Pred,2.00,,Terrestrial,,Metazoan,Invertebrate,Arachnid,Mite,Iphiseius degenerans,Adult female,Metazoan,Invertebrate,Arachnid,Mite,Red spider mite,Tetranychus urticae,Adult,Mean,N,4,25.0,,1,50.27,,6.13E-02,Alternate order mass,,6.85E-02,Alternate species length,Class,m^2 per pred per day,561,0.93,2.08E-03,1.55E-03,2.70E-03,1.46E-01,1.11E-01,1.75E-01,200,,
562,Fantinou et al 2012 EXP APPL ACAROL,Pred,2.00,,Terrestrial,,Metazoan,Invertebrate,Arachnid,Mite,Iphiseius degenerans,Adult female,Metazoan,Invertebrate,Arachnid,Mite,Citrus brown mite,Eutetranychus orientalis,Adult,Mean,N,4,25.0,,1,50.27,,6.13E-02,Alternate order mass,,3.89E-02,Alternate species length,Class,m^2 per pred per day,562,0.96,4.94E-03,4.38E-03,5.44E-03,5.69E-02,5.28E-02,6.07E-02,200,,
563,Sahayaraj and Ambrose 1994 J OF BIOLOGICAL CONTROL,Pred,2.00,,Terrestrial,,Metazoan,Invertebrate,Insect,Hemiptera,Acanthaspis pedestris,Adult male,Metazoan,Invertebrate,Insect,Lepidoptera,Pink bollworm,Pectinophora gossypiella,larvae,Mean,N,,31.0,,1,56.00,,4.01E+02,Alternate family length,Order,2.96E+02,Original length,Class,m^2 per pred per day,563,0.34,9.72E-03,6.17E-03,1.50E-02,1.67E-01,1.06E-01,2.39E-01,200,,
564,Sahayaraj and Ambrose 1994 J OF BIOLOGICAL CONTROL,Pred,2.00,,Terrestrial,,Metazoan,Invertebrate,Insect,Hemiptera,Acanthaspis pedestris,Adult female,Metazoan,Invertebrate,Insect,Lepidoptera,Pink bollworm,Pectinophora gossypiella,larvae,Mean,N,,31.0,,1,56.00,,4.01E+02,Alternate family length,Order,2.96E+02,Original length,Class,m^2 per pred per day,564,0.38,9.09E-03,6.34E-03,1.44E-02,1.36E-01,6.94E-02,2.04E-01,200,,
565,Twardochleb et al 2012 ECOLOGICAL APPLICATIONS,Pred,2.50,,Aquatic,,Metazoan,Invertebrate,Crustacean,Decapod,Pacifastacus leniusculus,"Mature, wild caught",Metazoan,Invertebrate,Mollusk,Gastropod,New Zealand mud snail,Potamopyrgus antipodarum,,Raw data,Y,28,17.5,,1,852.00,6000.00,5.85E+00,Original length,Suborder,2.44E+00,Original length,Class,m^2.5 per pred per day,565,0.42,4.41E-01,1.74E-01,1.05E+00,3.87E-04,1.82E-04,5.28E-04,200,"30 min trials, n=3 per density",
566,Jafari et al 2012 J ENTOMOL SOC IRAN,Pred,2.00,,Terrestrial,,Metazoan,Invertebrate,Arachnid,Mite,Neoseiulus barkeri,Adult female,Metazoan,Invertebrate,Arachnid,Mite,Red spider mite,Tetranychus urticae,Nymph,Mean,N,24,20.0,,1,9.00,,6.13E-02,Alternate order mass,,,,,m^2 per pred per day,566,0.81,5.40E-04,4.15E-04,6.81E-04,3.88E-02,2.46E-02,5.03E-02,200,,
567,Jafari et al 2012 J ENTOMOL SOC IRAN,Pred,2.00,,Terrestrial,,Metazoan,Invertebrate,Arachnid,Mite,Neoseiulus barkeri,Adult female,Metazoan,Invertebrate,Arachnid,Mite,Red spider mite,Tetranychus urticae,Nymph,Mean,N,24,25.0,,1,9.00,,6.13E-02,Alternate order mass,,,,,m^2 per pred per day,567,0.82,7.75E-04,6.06E-04,9.80E-04,3.45E-02,2.53E-02,4.33E-02,200,,
568,Jafari et al 2012 J ENTOMOL SOC IRAN,Pred,2.00,,Terrestrial,,Metazoan,Invertebrate,Arachnid,Mite,Neoseiulus barkeri,Adult female,Metazoan,Invertebrate,Arachnid,Mite,Red spider mite,Tetranychus urticae,Nymph,Mean,N,24,30.0,,1,9.00,,6.13E-02,Alternate order mass,,,,,m^2 per pred per day,568,0.88,7.77E-04,6.48E-04,9.07E-04,2.38E-02,1.87E-02,2.95E-02,200,,
569,Jafari et al 2012 J ENTOMOL SOC IRAN,Pred,2.00,,Terrestrial,,Metazoan,Invertebrate,Arachnid,Mite,Neoseiulus barkeri,Adult female,Metazoan,Invertebrate,Arachnid,Mite,Red spider mite,Tetranychus urticae,Nymph,Mean,N,24,35.0,,1,9.00,,6.13E-02,Alternate order mass,,,,,m^2 per pred per day,569,0.86,7.30E-04,5.83E-04,8.95E-04,2.25E-02,1.59E-02,2.86E-02,200,,
570,Fritz 2001 OIKOS,Pred,2.00,,Aquatic,,Metazoan,Vertebrate,Bird,,Anas platyrhynchos,3rd generation from wild caught,Non living prey,Non living prey,Non living prey,,Poultry pellets,,small 1x2mm,Mean,N,,40.2,,1,5000.00,,1.05E+06,Alternate species mass,,,,,m^2 per pred per day,570,0.89,2.95E+02,2.95E+02,2.95E+02,3.22E-07,3.22E-07,3.22E-07,200,,
571,Fritz 2001 OIKOS,Pred,2.00,,Aquatic,,Metazoan,Vertebrate,Bird,,Anas platyrhynchos,3rd generation from wild caught,Non living prey,Non living prey,Non living prey,,Poultry pellets,,medium 3x4mm,Mean,N,,40.2,,1,5000.00,,1.05E+06,Alternate species mass,,,,,m^2 per pred per day,571,0.80,3.56E+02,3.56E+02,3.56E+02,1.89E-06,1.89E-06,1.89E-06,200,,
572,Fritz 2001 OIKOS,Pred,2.00,,Aquatic,,Metazoan,Vertebrate,Bird,,Anas platyrhynchos,3rd generation from wild caught,Non living prey,Non living prey,Non living prey,,Poultry pellets,,large 4x7mm,Mean,N,,40.2,,1,5000.00,,1.05E+06,Alternate species mass,,,,,m^2 per pred per day,572,0.87,1.06E+03,1.06E+03,1.06E+03,4.87E-06,4.87E-06,4.87E-06,200,,
573,Holling 1965 MEM ENT SOC CANADA,Pred,2.00,,Terrestrial,,Metazoan,Invertebrate,Insect,Mantidae,Hierodula crassa,"Female, Adult",Metazoan,Invertebrate,Insect,Diptera,Houseflies,Musca domestica,"Female, Adult",Mean,Y,36,,,1,6902.00,,3.35E+02,Alternate order length,Order,8.69E+00,Alternate species length,Order,m^2 per pred per day,573,0.96,4.73E+00,4.38E+00,5.11E+00,1.24E-02,1.21E-02,1.27E-02,200,,
574,Holling 1965 MEM ENT SOC CANADA,Pred,2.00,,Terrestrial,,Metazoan,Vertebrate,Mammal,,Peromyscus leucopus,Male,Metazoan,Invertebrate,Insect,Hymenoptera,Sawflies,Neodiprion sertifer,"Female, Prepupae with cocoons",Raw data,N,,,,1,37408.00,,2.30E+04,Alternate species mass,,2.13E+01,Alternate species length,Order,m^2 per pred per day,574,0.91,1.91E+00,1.67E+00,2.16E+00,1.00E-03,4.06E-04,1.31E-03,200,dog biscuits present,
575,Holling 1965 MEM ENT SOC CANADA,Pred,2.00,,Terrestrial,,Metazoan,Vertebrate,Mammal,,Peromyscus leucopus,Male,Metazoan,Invertebrate,Insect,Hymenoptera,Sawflies,Neodiprion sertifer,"Male and Female, prepupae within cocoons",Raw data,N,,,,1,37408.00,,2.30E+04,Alternate species mass,,1.65E+01,Alternate species length,Order,m^2 per pred per day,575,0.89,4.80E+00,3.73E+00,6.85E+00,1.14E-03,8.87E-04,1.33E-03,200,dog biscuits present,
576,Holling 1965 MEM ENT SOC CANADA,Pred,2.00,,Terrestrial,,Metazoan,Vertebrate,Mammal,,Peromyscus leucopus,Male,Metazoan,Invertebrate,Insect,Hymenoptera,Sawflies,Neodiprion sertifer,"Male and Female, prepupae within cocoons",Raw data,N,,,,1,37408.00,,2.30E+04,Alternate species mass,,1.65E+01,Alternate species length,Order,m^2 per pred per day,576,0.81,1.30E+00,1.04E+00,1.78E+00,4.26E-04,2.47E-11,1.06E-03,200,sunflower seeds present,
577,Holling 1959 THE CANADIAN ENTOMOLOGIST,Pred,2.00,In the field,Terrestrial,,Metazoan,Vertebrate,Mammal,,Sorex cinereus cinereus,In the Wild,Metazoan,Invertebrate,Insect,Hymenoptera,Sawflies,Neodiprion sertifer,"Male and Female, prepupae within cocoons",Raw data,N,,,,1,,,5.20E+03,Alternate species mass,,1.65E+01,Alternate species length,Order,m^2 per pred per day,577,0.92,6.96E-01,5.01E-01,7.69E-01,2.44E-11,2.34E-11,5.01E-10,200,Conducted through population surveys of a wild population,
578,Holling 1959 THE CANADIAN ENTOMOLOGIST,Pred,2.00,In the field,Terrestrial,,Metazoan,Vertebrate,Mammal,,Blarina brevicauda talpoides,In the Wild,Metazoan,Invertebrate,Insect,Hymenoptera,Sawflies,Neodiprion sertifer,"Male and Female, prepupae within cocoons",Raw data,N,,,,1,,,2.16E+04,Alternate species mass,,1.65E+01,Alternate species length,Order,m^2 per pred per day,578,0.65,8.91E+00,4.78E+00,2.06E+01,2.37E-03,1.20E-03,4.91E-03,200,Conducted through population surveys of a wild population,
579,Holling 1959 THE CANADIAN ENTOMOLOGIST,Pred,2.00,In the field,Terrestrial,,Metazoan,Vertebrate,Mammal,,Peromyscus maniculatus bairdii,In the Wild,Metazoan,Invertebrate,Insect,Hymenoptera,Sawflies,Neodiprion sertifer,"Male and Female, prepupae within cocoons",Raw data,N,,,,1,,,2.05E+04,Alternate species mass,,1.65E+01,Alternate species length,Order,m^2 per pred per day,579,0.89,9.27E-01,5.43E-01,1.38E+00,2.45E-11,2.22E-11,1.15E-03,200,Conducted through population surveys of a wild population,
580,Holling 1959 THE CANADIAN ENTOMOLOGIST,Pred,2.00,,Terrestrial,,Metazoan,Vertebrate,Mammal,,Peromyscus maniculatus bairdii,"Mature, non-breeding males",Metazoan,Invertebrate,Insect,Hymenoptera,Sawflies,Neodiprion sertifer,"Male and Female, prepupae within cocoons",Mean,N,,20.0,,1,37161.22,566336.93,2.05E+04,Alternate species mass,,1.65E+01,Alternate species length,Order,m^2 per pred per day,580,0.85,1.65E+00,1.31E+00,2.48E+00,3.34E-03,2.87E-03,3.87E-03,200,Subject A/13-17 g dry weight of dog biscuits present,
581,Holling 1959 THE CANADIAN ENTOMOLOGIST,Pred,2.00,,Terrestrial,,Metazoan,Vertebrate,Mammal,,Peromyscus maniculatus bairdii,"Mature, non-breeding males",Metazoan,Invertebrate,Insect,Hymenoptera,Sawflies,Neodiprion sertifer,"Male and Female, prepupae within cocoons",Mean,N,,20.0,,1,37161.22,566336.93,2.05E+04,Alternate species mass,,1.65E+01,Alternate species length,Order,m^2 per pred per day,581,0.78,1.27E+00,7.12E-01,3.36E+00,8.63E-03,6.66E-03,1.08E-02,200,Subject B/13-17 g dry weight of dog biscuits present,
582,Holling 1959 THE CANADIAN ENTOMOLOGIST,Pred,2.00,,Terrestrial,,Metazoan,Vertebrate,Mammal,,Peromyscus maniculatus bairdii,"Mature, non-breeding males",Metazoan,Invertebrate,Insect,Hymenoptera,Sawflies,Neodiprion sertifer,"Male and Female, prepupae within cocoons",Mean,N,,20.0,,1,37161.22,566336.93,2.05E+04,Alternate species mass,,1.65E+01,Alternate species length,Order,m^2 per pred per day,582,0.34,1.89E+00,4.84E-01,1.67E+01,1.55E-02,9.79E-03,2.23E-02,200,Subject C/13-17 g dry weight of dog biscuits present,
583,Stewart et al 2002 ENVIRON ENTOMOL,Pred,2.50,,Terrestrial,,Metazoan,Invertebrate,Insect,Hemiptera,Rhinocapsus vanduzeei,5th instar,Metazoan,Invertebrate,Insect,Heteroptera,Azalea lace bug,Stephanitis pyrioides,4th instar,Mean,N,24,21.0,,1,,215.98,,,,9.92E-01,% adult mass,,m^2.5 per pred per day,583,0.48,1.12E-04,8.78E-05,1.40E-04,7.54E-02,4.44E-02,1.07E-01,200,Plant size varied See pg 1187 of paper,
584,Stewart et al 2002 ENVIRON ENTOMOL,Pred,2.50,,Terrestrial,,Metazoan,Invertebrate,Insect,Hemiptera,Rhinocapsus vanduzeei,5th instar,Metazoan,Invertebrate,Insect,Heteroptera,Azalea lace bug,Stephanitis pyrioides,5th instar,Mean,N,24,21.0,,1,,215.98,,,,,,,m^2.5 per pred per day,584,0.43,9.01E-05,6.39E-05,1.35E-04,8.07E-02,2.95E-02,1.33E-01,200,Plant size varied See pg 1187 of paper,
585,Stewart et al 2002 ENVIRON ENTOMOL,Pred,2.50,,Terrestrial,,Metazoan,Invertebrate,Insect,Neuroptera,Chrysoperla rufilabris,1st/2nd instar,Metazoan,Invertebrate,Insect,Heteroptera,Azalea lace bug,Stephanitis pyrioides,4th instar,Mean,N,24,21.0,,1,,215.98,8.49E+00,% adult mass,,9.92E-01,% adult mass,,m^2.5 per pred per day,585,0.53,1.35E-04,1.01E-04,1.73E-04,7.43E-02,5.47E-02,9.70E-02,200,Plant size varied See pg 1187 of paper,
586,Stewart et al 2002 ENVIRON ENTOMOL,Pred,2.50,,Terrestrial,,Metazoan,Invertebrate,Insect,Neuroptera,Chrysoperla rufilabris,1st/2nd instar,Metazoan,Invertebrate,Insect,Heteroptera,Azalea lace bug,Stephanitis pyrioides,5th instar,Mean,N,24,21.0,,1,,215.98,8.49E+00,% adult mass,,,,,m^2.5 per pred per day,586,0.52,9.90E-05,6.69E-05,1.45E-04,8.78E-02,4.36E-02,1.25E-01,200,Plant size varied See pg 1187 of paper,
587,Nwilene and Nachman 1996 EXP APPL ACAR,Pred,2.00,,Terrestrial,,Metazoan,Invertebrate,Arachnid,Mite,Iphiseius degenerans,Adult female,Metazoan,Invertebrate,Arachnid,Mite,Cassava green mite,Mononychellus tanajoa,Egg,Mean,Y,,26.0,,1,6.00,,6.13E-02,Alternate order mass,,,,,m^2 per pred per day,587,0.70,3.70E-04,2.96E-04,4.67E-04,5.41E-03,1.87E-03,8.51E-03,200,Prey replaced at low densities only,
588,Nwilene and Nachman 1996 EXP APPL ACAR,Pred,2.00,,Terrestrial,,Metazoan,Invertebrate,Arachnid,Mite,Iphiseius degenerans,Adult female,Metazoan,Invertebrate,Arachnid,Mite,Cassava green mite,Mononychellus tanajoa,Protonymph,Mean,Y,,26.0,,1,6.00,,6.13E-02,Alternate order mass,,,,,m^2 per pred per day,588,0.68,3.04E-04,2.37E-04,3.98E-04,2.15E-02,1.60E-02,2.75E-02,200,Prey replaced at low densities only,
589,Nwilene and Nachman 1996 EXP APPL ACAR,Pred,2.00,,Terrestrial,,Metazoan,Invertebrate,Arachnid,Mite,Iphiseius degenerans,Adult female,Metazoan,Invertebrate,Arachnid,Mite,Cassava green mite,Mononychellus tanajoa,Adult female,Mean,Y,,26.0,,1,6.00,,6.13E-02,Alternate order mass,,4.29E-02,Alternate species length,Class,m^2 per pred per day,589,0.25,4.10E-04,2.18E-04,7.75E-04,8.66E-02,6.42E-02,1.02E-01,200,Prey replaced at low densities only,
590,Nwilene and Nachman 1996 EXP APPL ACAR,Pred,2.00,,Terrestrial,,Metazoan,Invertebrate,Arachnid,Mite,Neoseiulus teke,Adult female,Metazoan,Invertebrate,Arachnid,Mite,Cassava green mite,Mononychellus tanajoa,Egg,Mean,Y,,26.0,,1,6.00,,6.13E-02,Alternate order mass,,,,,m^2 per pred per day,590,0.80,2.24E-04,1.74E-04,2.90E-04,1.08E-02,3.66E-03,1.69E-02,200,Prey replaced at low densities only,
591,Nwilene and Nachman 1996 EXP APPL ACAR,Pred,2.00,,Terrestrial,,Metazoan,Invertebrate,Arachnid,Mite,Neoseiulus teke,Adult female,Metazoan,Invertebrate,Arachnid,Mite,Cassava green mite,Mononychellus tanajoa,Protonymph,Mean,Y,,26.0,,1,6.00,,6.13E-02,Alternate order mass,,,,,m^2 per pred per day,591,0.28,3.91E-04,2.11E-04,7.67E-04,5.14E-02,3.09E-02,6.63E-02,200,Prey replaced at low densities only,
592,Nwilene and Nachman 1996 EXP APPL ACAR,Pred,2.00,,Terrestrial,,Metazoan,Invertebrate,Arachnid,Mite,Neoseiulus teke,Adult female,Metazoan,Invertebrate,Arachnid,Mite,Cassava green mite,Mononychellus tanajoa,Adult female,Mean,Y,,26.0,,1,6.00,,6.13E-02,Alternate order mass,,4.29E-02,Alternate species length,Class,m^2 per pred per day,592,0.29,9.37E-05,5.42E-05,1.73E-04,8.61E-02,4.98E-10,1.60E-01,200,Prey replaced at low densities only,
593,Nwilene and Nachman 1996 EXP APPL ACAR,Pred,2.00,,Terrestrial,,Metazoan,Invertebrate,Arachnid,Mite,Iphiseius degenerans,Protonymph,Metazoan,Invertebrate,Arachnid,Mite,Cassava green mite,Mononychellus tanajoa,Egg,Mean,Y,,26.0,,1,6.00,,,,,,,,m^2 per pred per day,593,0.51,4.06E-04,2.79E-04,6.50E-04,3.02E-02,2.23E-02,4.05E-02,200,Prey replaced at low densities only,
594,Nwilene and Nachman 1996 EXP APPL ACAR,Pred,2.00,,Terrestrial,,Metazoan,Invertebrate,Arachnid,Mite,Iphiseius degenerans,Protonymph,Metazoan,Invertebrate,Arachnid,Mite,Cassava green mite,Mononychellus tanajoa,Protonymph,Mean,Y,,26.0,,1,6.00,,,,,,,,m^2 per pred per day,594,0.42,3.16E-04,2.03E-04,5.65E-04,7.95E-02,6.51E-02,9.25E-02,200,Prey replaced at low densities only,
595,Nwilene and Nachman 1996 EXP APPL ACAR,Pred,2.00,,Terrestrial,,Metazoan,Invertebrate,Arachnid,Mite,Iphiseius degenerans,Protonymph,Metazoan,Invertebrate,Arachnid,Mite,Cassava green mite,Mononychellus tanajoa,Adult female,Mean,Y,,26.0,,1,6.00,,,,,4.29E-02,Alternate species length,Class,m^2 per pred per day,595,0.15,2.34E-04,1.21E-04,5.33E-04,2.39E-01,1.88E-01,2.82E-01,200,Prey replaced at low densities only,
596,Nwilene and Nachman 1996 EXP APPL ACAR,Pred,2.00,,Terrestrial,,Metazoan,Invertebrate,Arachnid,Mite,Neoseiulus teke,Protonymph,Metazoan,Invertebrate,Arachnid,Mite,Cassava green mite,Mononychellus tanajoa,Egg,Mean,Y,,26.0,,1,6.00,,,,,,,,m^2 per pred per day,596,0.44,2.05E-04,1.32E-04,3.21E-04,5.72E-02,3.43E-02,7.65E-02,200,Prey replaced at low densities only,
597,Nwilene and Nachman 1996 EXP APPL ACAR,Pred,2.00,,Terrestrial,,Metazoan,Invertebrate,Arachnid,Mite,Neoseiulus teke,Protonymph,Metazoan,Invertebrate,Arachnid,Mite,Cassava green mite,Mononychellus tanajoa,Protonymph,Mean,Y,,26.0,,1,6.00,,,,,,,,m^2 per pred per day,597,0.37,1.12E-04,6.99E-05,2.10E-04,1.31E-01,7.70E-02,1.78E-01,200,Prey replaced at low densities only,
598,Nwilene and Nachman 1996 EXP APPL ACAR,Pred,2.00,,Terrestrial,,Metazoan,Invertebrate,Arachnid,Mite,Neoseiulus teke,Protonymph,Metazoan,Invertebrate,Arachnid,Mite,Cassava green mite,Mononychellus tanajoa,Adult female,Mean,Y,,26.0,,1,6.00,,,,,4.29E-02,Alternate species length,Class,m^2 per pred per day,598,0.21,9.78E-05,5.82E-05,1.82E-04,3.35E-01,2.62E-01,4.15E-01,200,Prey replaced at low densities only,
599,Båmstedt 1998 SARSIA,Pred,3.00,,Aquatic,,Metazoan,Invertebrate,Ctenophore,,Pleurobrachia pileus,"Small, Wild-caught",Metazoan,Invertebrate,Crustacean,Copepod,Marine copepods,"Temora longicornis, Acartia clausi, Paracalanus parvus, and Pseudocalanus spp.",Mixed Species,Raw data,N,24,12.0,,3,,2000.00,1.16E+01,Original length,Zooplankton,1.19E-01,Alternate species length,Order,m^3 per pred per day,599,0.94,6.74E-05,4.06E-05,1.31E-04,2.75E-03,8.31E-04,7.13E-03,200,,
600,Pollack et al 2008 J OF SHELLFISH RESEARCH,Pred,2.50,,Aquatic,,Metazoan,Invertebrate,Crustacean,Decapod,Litopenaeus setiferus,juvenile,Metazoan,Invertebrate,Mollusk,Bivalve,Northern quahog,Mercenaria mercenaria,spat,Mean,N,,,,1,490.87,3000.00,1.19E+03,Original length,Genus,2.51E-02,Original length,Order,m^2.5 per pred per day,600,0.89,4.43E-02,4.40E-02,4.45E-02,4.14E-05,4.09E-05,4.19E-05,200,,
601,Liznarova and Pekar 2013 ANIM BEHAV,Pred,2.00,,Terrestrial,,Metazoan,Invertebrate,Arachnid,Spider,Zodarion rubidum,"Juvenile and subadult (males and females), adult females",Metazoan,Invertebrate,Insect,Hymenoptera,Pavement ant,Tetramorium caespitum,"Worker, wild caught",Mean,Y,24,23.0,,1,15.90,,3.38E+00,Original length,Order,5.65E-01,Original length,Family,m^2 per pred per day,601,0.04,7.00E-01,4.20E-01,1.63E+00,1.06E-02,9.95E-03,1.12E-02,200,,
602,Liznarova and Pekar 2013 ANIM BEHAV,Pred,2.00,,Terrestrial,,Metazoan,Invertebrate,Arachnid,Spider,Zodarion rubidum,"Juvenile and subadult (males and females), adult females",Metazoan,Invertebrate,Insect,Hymenoptera,Black garden ant,Lasius niger,"Worker, wild caught",Mean,Y,24,23.0,,1,15.90,,3.38E+00,Original length,Order,9.21E-01,Original length,Family,m^2 per pred per day,602,0.05,3.42E-01,1.48E-01,5.05E+00,3.09E-02,2.85E-02,3.38E-02,200,,
603,Liznarova and Pekar 2013 ANIM BEHAV,Pred,2.00,,Terrestrial,,Metazoan,Invertebrate,Arachnid,Spider,Zodarion rubidum,"Juvenile and subadult (males and females), adult females",Metazoan,Invertebrate,Insect,Hymenoptera,Red-barbed ant,Formica rufibarbis,"Worker, wild caught",Mean,Y,24,23.0,,1,15.90,,3.38E+00,Original length,Order,7.78E+00,Original length,Family,m^2 per pred per day,603,0.19,3.35E-02,2.31E-02,5.52E-02,7.95E-02,7.09E-02,8.96E-02,200,,
604,Liznarova and Pekar 2013 ANIM BEHAV,Pred,2.00,,Terrestrial,,Metazoan,Invertebrate,Arachnid,Spider,Xysticus cristatus,"Juvenile, subadult",Metazoan,Invertebrate,Insect,Hymenoptera,Pavement ant,Tetramorium caespitum,"Worker, wild caught",Mean,Y,24,23.0,,1,15.90,,5.16E+00,Original length,Order,5.65E-01,Original length,Family,m^2 per pred per day,604,0.02,3.08E-01,8.03E-02,7.61E+00,6.37E-02,5.72E-02,6.90E-02,200,,
605,Liznarova and Pekar 2013 ANIM BEHAV,Pred,2.00,,Terrestrial,,Metazoan,Invertebrate,Arachnid,Spider,Xysticus cristatus,"Juvenile, subadult",Metazoan,Invertebrate,Insect,Hymenoptera,Black garden ant,Lasius niger,"Worker, wild caught",Mean,Y,24,23.0,,1,15.90,,5.16E+00,Original length,Order,9.21E-01,Original length,Family,m^2 per pred per day,605,0.19,3.51E-02,2.20E-02,6.83E-02,8.42E-02,7.55E-02,9.89E-02,200,,
606,MacNeil et al 2013 NEOBIOTA,Pred,2.50,,Aquatic,,Metazoan,Invertebrate,Crustacean,Amphipod,Gammarus pulex,Wild caught,Metazoan,Invertebrate,Crustacean,Amphipod,Northern river crangonyctid,Crangonyx pseudogracilis,Wild caught,Mean,N,24,11.5,,1,50.27,300.00,2.76E+01,Original length,Order,1.70E+00,Alternate species length,Order,m^2.5 per pred per day,606,0.77,2.95E-03,2.52E-03,3.39E-03,5.78E-02,4.47E-02,7.02E-02,200,"Simple habitat, nothing in circular arena",
607,MacNeil et al 2013 NEOBIOTA,Pred,2.50,,Aquatic,,Metazoan,Invertebrate,Crustacean,Amphipod,Gammarus pulex,Wild caught,Metazoan,Invertebrate,Crustacean,Amphipod,Northern river crangonyctid,Crangonyx pseudogracilis,Wild caught,Mean,N,24,11.5,,1,50.27,300.00,2.76E+01,Original length,Order,1.70E+00,Alternate species length,Order,m^2.5 per pred per day,607,0.91,2.22E-03,1.92E-03,2.54E-03,5.32E-02,4.47E-02,6.26E-02,200,"Complex habitat, fine gravel, 4 glass pebbles, 5cm strand of Elodea candensis in arena",
608,MacNeil et al 2013 NEOBIOTA,Pred,2.50,,Aquatic,,Metazoan,Invertebrate,Crustacean,Amphipod,Gammarus duebeni,Wild caught,Metazoan,Invertebrate,Crustacean,Amphipod,Northern river crangonyctid,Crangonyx pseudogracilis,Wild caught,Mean,N,24,11.5,,1,50.27,300.00,2.77E+01,Original length,Order,1.70E+00,Alternate species length,Order,m^2.5 per pred per day,608,0.89,2.37E-03,1.98E-03,2.97E-03,6.74E-02,5.40E-02,8.12E-02,200,"Simple habitat, nothing in circular arena",
609,MacNeil et al 2013 NEOBIOTA,Pred,2.50,,Aquatic,,Metazoan,Invertebrate,Crustacean,Amphipod,Gammarus duebeni,Wild caught,Metazoan,Invertebrate,Crustacean,Amphipod,Northern river crangonyctid,Crangonyx pseudogracilis,Wild caught,Mean,N,24,11.5,,1,50.27,300.00,2.77E+01,Original length,Order,1.70E+00,Alternate species length,Order,m^2.5 per pred per day,609,0.87,1.91E-03,1.66E-03,2.27E-03,6.74E-02,5.60E-02,8.06E-02,200,"Complex habitat, fine gravel, 4 glass pebbles, 5cm strand of Elodea candensis in arena",
610,Jaspers et al 2011 LIMNOLOGY AND OCEANOGRAPHY,Pred,3.00,,Aquatic,,Metazoan,Invertebrate,Ctenophore,,Mnemiopsis leidyi,,Metazoan,Vertebrate,Fish,Gadidae,Baltic cod,Gadus morhua,eggs 1.7±0.6 days old,Mean,N,24,7.0,,1,,13500.00,1.66E+01,Original length,Zooplankton,2.42E-02,Original length,Species,m^3 per pred per day,610,0.79,2.70E-02,2.46E-02,3.04E-02,6.67E-02,4.59E-02,9.33E-02,200,,
611,Jaspers et al 2011 LIMNOLOGY AND OCEANOGRAPHY,Pred,3.00,,Aquatic,,Metazoan,Invertebrate,Ctenophore,,Mnemiopsis leidyi,,Metazoan,Vertebrate,Fish,Gadidae,Baltic cod,Gadus morhua,larvae 4.3 days old,Mean,N,24,7.0,,1,,13500.00,1.66E+01,Original length,Zooplankton,5.28E-01,Original length,Species,m^3 per pred per day,611,0.91,5.17E-02,4.98E-02,5.37E-02,3.92E-02,3.83E-02,4.03E-02,200,,
612,Alexander et al 2013 J OF EXP MARINE BIOL AND ECOL,Pred,2.50,,Aquatic,,Metazoan,Invertebrate,Crustacean,Amphipod,Echinogammarus marinus,"juvenile, wild caught",Metazoan,Invertebrate,Crustacean,Isopod,Isopod,Jaera nordmanni,small ,Mean,N,24,12.0,,1,2.99,26.88,3.35E-01,Original length,Order,1.07E-02,Original length,Order,m^2.5 per pred per day,612,0.87,1.70E-03,1.61E-03,1.80E-03,9.39E-03,8.94E-03,9.84E-03,200,,
613,Alexander et al 2013 J OF EXP MARINE BIOL AND ECOL,Pred,2.50,,Aquatic,,Metazoan,Invertebrate,Crustacean,Amphipod,Echinogammarus marinus,"Subadult, wild caught",Metazoan,Invertebrate,Crustacean,Isopod,Isopod,Jaera nordmanni,medium,Mean,N,24,12.0,,1,26.88,725.71,6.38E+00,Original length,Order,2.44E-01,Original length,Order,m^2.5 per pred per day,613,0.84,5.04E-02,4.89E-02,5.19E-02,4.09E-03,3.97E-03,4.20E-03,200,,
614,Alexander et al 2013 J OF EXP MARINE BIOL AND ECOL,Pred,2.50,,Aquatic,,Metazoan,Invertebrate,Crustacean,Amphipod,Echinogammarus marinus,"Adult, wild caught",Metazoan,Invertebrate,Crustacean,Isopod,Isopod,Jaera nordmanni,large,Mean,N,24,12.0,,1,74.66,3359.79,2.51E+01,Original length,Order,1.04E+00,Original length,Order,m^2.5 per pred per day,614,0.91,1.09E-01,1.06E-01,1.12E-01,2.04E-03,1.82E-03,2.23E-03,200,,
615,Alexander et al 2013 J OF EXP MARINE BIOL AND ECOL,Pred,2.50,,Aquatic,,Metazoan,Invertebrate,Crustacean,Amphipod,Echinogammarus marinus,"Adult, wild caught",Metazoan,Invertebrate,Crustacean,Isopod,Isopod,Jaera nordmanni,small,Mean,N,24,12.0,,1,74.66,3359.79,2.51E+01,Original length,Order,1.07E-02,Original length,Order,m^2.5 per pred per day,615,0.88,2.46E-01,2.42E-01,2.51E-01,1.83E-03,1.76E-03,1.90E-03,200,"Simple habitat, nothing in arena",
616,Alexander et al 2013 J OF EXP MARINE BIOL AND ECOL,Pred,2.50,,Aquatic,,Metazoan,Invertebrate,Crustacean,Amphipod,Echinogammarus marinus,"Adult, wild caught",Metazoan,Invertebrate,Crustacean,Isopod,Isopod,Jaera nordmanni,small,Mean,N,24,12.0,,1,74.66,3359.79,2.51E+01,Original length,Order,1.07E-02,Original length,Order,m^2.5 per pred per day,616,0.91,2.65E-02,2.51E-02,2.83E-02,2.18E-03,1.01E-03,3.47E-03,200,"Complex habitat, 10 stones with a length of 10mm each",
617,Long et al 2012 J EXP MAR BIOL & ECOL,Pred,2.00,,Aquatic,,Metazoan,Invertebrate,Crustacean,Decapod,Paralithodes camtschaticus,Year 1 Small,Metazoan,Invertebrate,Crustacean,Decapod,Red king crab,Paralithodes camtschaticus,Year 0 Small,Mean,N,48,,,1,620.00,,1.40E+03,Original length,Order,9.27E-01,Original length,Order,m^2 per pred per day,617,0.87,5.89E-01,4.53E-01,8.95E-01,3.23E-03,1.54E-03,5.22E-03,200,"On sand, prey carapace width is given",
618,Long et al 2012 J EXP MAR BIOL & ECOL,Pred,2.00,,Aquatic,,Metazoan,Invertebrate,Crustacean,Decapod,Paralithodes camtschaticus,Year 1 Small,Metazoan,Invertebrate,Crustacean,Decapod,Red king crab,Paralithodes camtschaticus,Year 0 Small,Mean,N,48,,,1,620.00,,1.40E+03,Original length,Order,9.27E-01,Original length,Order,m^2 per pred per day,618,0.72,6.43E-01,4.11E-01,1.03E+00,3.23E-03,4.03E-04,5.95E-03,200,"On shell hash, prey carapace width is given",
619,Long et al 2012 J EXP MAR BIOL & ECOL,Pred,2.00,,Aquatic,,Metazoan,Invertebrate,Crustacean,Decapod,Paralithodes camtschaticus,Year 1 Small,Metazoan,Invertebrate,Crustacean,Decapod,Red king crab,Paralithodes camtschaticus,Year 0 Small,Mean,N,48,,,1,620.00,,1.40E+03,Original length,Order,9.27E-01,Original length,Order,m^2 per pred per day,619,0.29,6.04E-01,2.34E-01,2.48E+00,1.09E-02,1.42E-11,3.09E-02,200,"On whole shells, prey carapace width is given",
620,Long et al 2012 J EXP MAR BIOL & ECOL,Pred,2.00,,Aquatic,,Metazoan,Invertebrate,Crustacean,Decapod,Paralithodes camtschaticus,Year 1 Large,Metazoan,Invertebrate,Crustacean,Decapod,Red king crab,Paralithodes camtschaticus,Year 0 Large,Mean,N,24,,,1,620.00,,2.17E+03,Original length,Order,2.85E+00,Original length,Order,m^2 per pred per day,620,0.49,9.46E-01,5.60E-01,1.67E+00,8.87E-03,6.14E-03,1.26E-02,200,"On sand, prey carapace width is given",
621,Long et al 2012 J EXP MAR BIOL & ECOL,Pred,2.00,,Aquatic,,Metazoan,Invertebrate,Crustacean,Decapod,Paralithodes camtschaticus,Year 1 Large,Metazoan,Invertebrate,Crustacean,Decapod,Red king crab,Paralithodes camtschaticus,Year 0 Large,Mean,N,24,,,2,620.00,,2.17E+03,Original length,Order,2.85E+00,Original length,Order,m^2 per pred per day,621,0.87,3.77E-01,3.09E-01,4.65E-01,6.05E-03,4.02E-03,8.42E-03,200,"On sand, prey carapace width is given",
622,Veer and Bergman 1987 MARINE ECOL PRO SER,Pred,2.50,,Aquatic,,Metazoan,Invertebrate,Crustacean,Decapod,Crangon crangon,,Metazoan,Vertebrate,Fish,Pleuronectidae,Plaice,Pleuronectes platessa,0-group,Mean,N,,16.5,,10,25000.00,125000.00,7.04E+01,Original length,Species,1.82E+01,Original length,Species,m^2.5 per pred per day,622,0.68,1.55E-03,9.85E-04,2.37E-03,1.46E-05,8.07E-08,7.08E+00,200,,
623,Veer and Bergman 1987 MARINE ECOL PRO SER,Pred,2.50,,Aquatic,,Metazoan,Invertebrate,Crustacean,Decapod,Crangon crangon,,Metazoan,Vertebrate,Fish,Pleuronectidae,Plaice,Pleuronectes platessa,0-group,Mean,N,,16.5,,10,2500.00,12500.00,7.04E+01,Original length,Species,1.82E+01,Original length,Species,m^2.5 per pred per day,623,0.17,2.54E-03,1.13E-03,5.76E-03,1.91E+00,8.89E-01,2.91E+00,200,,
624,Márquez et al 2007 MARINE BIO RESRCH,Pred,2.50,,Aquatic,,Metazoan,Invertebrate,Mollusk,Cephalopod,Sepia officinalis,1 and 7 day-old juveniles,Metazoan,Invertebrate,Crustacean,Mysid,Mysid,Mesopodopsis slabberi,,Mean,N,3,19.0,,0.5,112.00,400.00,8.19E+01,Original mass,,3.20E+00,Original mass,,m^2.5 per pred per day,624,0.52,8.39E-04,8.14E-04,8.61E-04,2.37E-02,2.10E-02,2.65E-02,200,"First predator weight is for 7 day old juveniles and the second is for 1 day old juveniles, the masses are wet weights",
625,Moksnes et al 1997 J EXP MAR BIOL & ECOL,Pred,2.00,,Aquatic,,Metazoan,Invertebrate,Crustacean,Decapod,Callinectes sapidus,3rd instar,Metazoan,Invertebrate,Crustacean,Decapod,Blue crab,Callinectes sapidus,Megalopae,Mean,N,20,26.0,,8,3848.45,,1.04E+01,Original length,Order,,,,m^2 per pred per day,625,0.94,8.60E-02,6.71E-02,1.11E-01,1.88E-01,1.29E-01,2.43E-01,200,"On sand, pred length is carapace width",
626,Moksnes et al 1997 J EXP MAR BIOL & ECOL,Pred,2.00,,Aquatic,,Metazoan,Invertebrate,Crustacean,Decapod,Callinectes sapidus,3rd instar,Metazoan,Invertebrate,Crustacean,Decapod,Blue crab,Callinectes sapidus,Megalopae,Mean,N,20,26.0,Y,8,3848.45,,1.04E+01,Original length,Order,,,,m^2 per pred per day,626,0.83,6.09E-02,4.24E-02,1.03E-01,2.81E-01,1.84E-01,3.78E-01,200,On eelgrass pred length is carapace width,
627,Moksnes et al 1997 J EXP MAR BIOL & ECOL,Pred,2.00,,Aquatic,,Metazoan,Invertebrate,Crustacean,Decapod,Callinectes sapidus,3rd instar,Metazoan,Invertebrate,Crustacean,Decapod,Blue crab,Callinectes sapidus,Megalopae,Mean,N,20,26.0,Y,16,3848.45,,1.04E+01,Original length,Order,,,,m^2 per pred per day,627,0.94,2.58E-02,1.91E-02,4.79E-02,1.69E-01,1.35E-07,3.17E-01,200,"On sand, pred length is carapace width",
628,Taylor and Collie 2003 MARINE ECO PRO SERIES,Pred,2.50,,Aquatic,,Metazoan,Invertebrate,Crustacean,Decapod,Crangon septemspinosa,Adult,Metazoan,Vertebrate,Fish,Pleuronectidae,Winter flounder,Pseudopleuronectes americanus,Juvenile,Mean,N,24,10.0,,3,2231.23,111561.49,1.50E+02,Original length,Genus,2.95E+01,Original length,Family,m^2.5 per pred per day,628,0.56,1.89E-01,9.93E-02,4.42E-01,1.38E-01,3.42E-02,2.51E-01,200,,
629,Taylor and Collie 2003 MARINE ECO PRO SERIES,Pred,2.50,,Aquatic,,Metazoan,Invertebrate,Crustacean,Decapod,Crangon septemspinosa,Adult,Metazoan,Vertebrate,Fish,Pleuronectidae,Winter flounder,Pseudopleuronectes americanus,Juvenile,Mean,N,24,16.0,,3,2231.23,111561.49,1.50E+02,Original length,Genus,2.95E+01,Original length,Family,m^2.5 per pred per day,629,0.77,1.38E-01,8.90E-02,2.35E-01,1.26E-01,4.87E-02,2.14E-01,200,,
630,Andresen and Van der Meer 2010 J OF EXP BIO AND ECO,Pred,2.50,,Aquatic,,Metazoan,Invertebrate,Crustacean,Decapod,Crangon crangon,,Metazoan,Invertebrate,Mollusk,Bivalve,Baltic macoma,Limecola balthica,"Juvenile, small",Raw data,N,96,15.0,,1,314.00,4000.00,3.90E+01,Average species mass,,,,,m^2.5 per pred per day,630,0.58,7.51E-01,3.98E-01,1.16E+00,1.87E-04,1.38E-05,3.42E-04,200,,
631,Andresen and Van der Meer 2010 J OF EXP BIO AND ECO,Pred,2.50,,Aquatic,,Metazoan,Invertebrate,Crustacean,Decapod,Crangon crangon,,Metazoan,Invertebrate,Mollusk,Bivalve,Baltic macoma,Limecola balthica,"Juvenile, medium",Raw data,N,96,15.0,,1,314.00,4000.00,3.90E+01,Average species mass,,,,,m^2.5 per pred per day,631,0.64,2.94E-01,2.20E-01,4.55E-01,3.91E-11,2.23E-12,2.27E-04,200,,
632,Andresen and Van der Meer 2010 J OF EXP BIO AND ECO,Pred,2.50,,Aquatic,,Metazoan,Invertebrate,Crustacean,Decapod,Crangon crangon,,Metazoan,Invertebrate,Mollusk,Bivalve,Baltic macoma,Limecola balthica,"Juvenile, large",Raw data,N,96,15.0,,1,314.00,4000.00,3.90E+01,Average species mass,,,,,m^2.5 per pred per day,632,0.58,4.52E-01,2.96E-01,6.27E-01,3.36E-04,1.55E-04,5.13E-04,200,,
633,Alexander et al 2013 OIKOS,Pred,2.50,,Aquatic,,Metazoan,Invertebrate,Crustacean,Amphipod,Echinogammarus marinus,Wild caught,Metazoan,Invertebrate,Crustacean,Isopod,Isopod,Jaera nordmanni,Wild caught,Mean,N,24,12.0,,1,44.18,250.00,3.06E+01,Average species mass,,2.74E-01,Original length,Order,m^2.5 per pred per day,633,0.59,2.22E-03,1.55E-03,3.51E-03,5.78E-02,3.72E-02,7.86E-02,200,"Simple habitat, nothing in tub, NO predator cue water",
634,Alexander et al 2013 OIKOS,Pred,2.50,,Aquatic,,Metazoan,Invertebrate,Crustacean,Amphipod,Echinogammarus marinus,Wild caught,Metazoan,Invertebrate,Crustacean,Isopod,Isopod,Jaera nordmanni,Wild caught,Mean,N,24,12.0,,1,44.18,250.00,3.06E+01,Average species mass,,2.74E-01,Original length,Order,m^2.5 per pred per day,634,0.31,3.50E-03,2.41E-03,5.31E-03,1.05E-01,8.10E-02,1.35E-01,200,"Simple habitat, nothing in tub, with water exchange with a tank containing a Lipophrys pholis fed on live E. marinus acting as a predator cue",
635,Alexander et al 2013 OIKOS,Pred,2.50,,Aquatic,,Metazoan,Invertebrate,Crustacean,Amphipod,Echinogammarus marinus,Wild caught,Metazoan,Invertebrate,Crustacean,Isopod,Isopod,Jaera nordmanni,Wild caught,Mean,N,24,12.0,,1,44.18,250.00,3.06E+01,Average species mass,,2.74E-01,Original length,Order,m^2.5 per pred per day,635,0.25,5.26E-04,2.41E-04,1.24E-03,4.08E-01,2.69E-01,6.00E-01,200,"Complex habitat, 60 stones 10 mm long each",
636,Alexander et al 2013 OIKOS,Pred,2.50,,Aquatic,,Metazoan,Invertebrate,Crustacean,Amphipod,Echinogammarus marinus,Wild caught,Metazoan,Invertebrate,Crustacean,Isopod,Isopod,Jaera nordmanni,Wild caught,Mean,N,24,12.0,,1,44.18,250.00,3.06E+01,Average species mass,,2.74E-01,Original length,Order,m^2.5 per pred per day,636,0.37,6.30E-04,2.93E-04,1.29E-03,1.61E-01,2.52E-02,2.90E-01,200,"Complex habitat, 60 stones 10 mm long each, with water exchange with a tank containing a Lipophrys pholis fed on live E. marinus acting as a predator cue ",
637,Elliott 2005 FRESH BIOL,Pred,2.50,,Terrestrial,,Metazoan,Invertebrate,Insect,Trichoptera,Rhyacophila dorsalis,"Larvae, Instar 5",Metazoan,Invertebrate,Insect,Diptera,Midge,Chironomus sp.,Large larvae,Mean,Y,72,11.3,,1,800.00,9600.00,5.81E+00,Original length,Order,7.78E-01,Original length,Order,m^2.5 per pred per day,637,1.00,8.97E-02,8.88E-02,9.04E-02,1.14E-03,1.11E-03,1.17E-03,200,,
638,Elliott 2005 FRESH BIOL,Pred,2.50,,Terrestrial,,Metazoan,Invertebrate,Insect,Trichoptera,Rhyacophila dorsalis,"Larvae, Instar 4",Metazoan,Invertebrate,Insect,Diptera,Midge,Chironomus sp.,Large larvae,Mean,Y,72,11.3,,1,800.00,9600.00,1.56E+00,Original length,Order,7.78E-01,Original length,Order,m^2.5 per pred per day,638,1.00,4.39E-02,4.35E-02,4.44E-02,6.90E-04,6.08E-04,7.74E-04,200,,
639,Elliott 2005 FRESH BIOL,Pred,2.50,,Terrestrial,,Metazoan,Invertebrate,Insect,Trichoptera,Rhyacophila dorsalis,"Larvae, Instar 3",Metazoan,Invertebrate,Insect,Diptera,Midge,Chironomus sp.,Small larvae,Mean,Y,72,11.3,,1,800.00,9600.00,5.41E-01,Original length,Order,1.15E-01,Original length,Order,m^2.5 per pred per day,639,1.00,2.21E-02,2.20E-02,2.21E-02,5.36E-11,3.26E-12,7.07E-11,200,,
640,Elliott 2005 FRESH BIOL,Pred,2.50,,Terrestrial,,Metazoan,Invertebrate,Insect,Trichoptera,Rhyacophila dorsalis,"Larvae, Instar 2",Metazoan,Invertebrate,Insect,Diptera,Midge,Chironomus sp.,Small larvae,Mean,Y,72,12.2,,1,800.00,9600.00,1.77E-01,Original length,Order,1.15E-01,Original length,Order,m^2.5 per pred per day,640,0.99,1.18E-02,1.17E-02,1.18E-02,3.90E-11,2.94E-11,6.83E-11,200,,
641,Long and Smith 2013 J EXP MAR BIOL & ECOL,Pred,2.00,,Aquatic,,Metazoan,Invertebrate,Crustacean,Decapod,Paralithodes camtschaticus,Year 1,Metazoan,Invertebrate,Crustacean,Decapod,Red king crab,Paralithodes camtschaticus,Year 0,Mean,N,24,,,1,620.00,,1.53E+03,Original length,Order,2.76E+00,Original length,Order,m^2 per pred per day,641,0.78,9.11E-01,5.18E-01,1.83E+00,2.88E-03,1.61E-03,4.07E-03,200,,
642,Long and Smith 2013 J EXP MAR BIOL & ECOL,Pred,2.00,,Aquatic,,Metazoan,Invertebrate,Crustacean,Decapod,Paralithodes camtschaticus,Year 2,Metazoan,Invertebrate,Crustacean,Decapod,Red king crab,Paralithodes camtschaticus,Year 0,Mean,N,24,,,1,620.00,,1.17E+04,Original length,Order,2.76E+00,Original length,Order,m^2 per pred per day,642,0.83,7.69E-01,5.83E-01,1.47E+00,3.90E-04,2.43E-11,1.72E-03,200,,
643,Long and Smith 2013 J EXP MAR BIOL & ECOL,Pred,2.00,,Aquatic,,Metazoan,Invertebrate,Crustacean,Decapod,Paralithodes camtschaticus,Year 1,Metazoan,Invertebrate,Crustacean,Decapod,Red king crab,Paralithodes camtschaticus,Year 0,Mean,N,24,,,1,620.00,,1.53E+03,Original length,Order,2.76E+00,Original length,Order,m^2 per pred per day,643,0.82,2.82E-01,1.89E-01,5.18E-01,1.45E-03,2.44E-11,3.61E-03,200,Arena contained macroalgae mimic,
644,Long and Smith 2013 J EXP MAR BIOL & ECOL,Pred,2.00,,Aquatic,,Metazoan,Invertebrate,Crustacean,Decapod,Paralithodes camtschaticus,Year 2,Metazoan,Invertebrate,Crustacean,Decapod,Red king crab,Paralithodes camtschaticus,Year 0,Mean,N,24,,,1,620.00,,1.17E+04,Original length,Order,2.76E+00,Original length,Order,m^2 per pred per day,644,0.80,3.58E-01,2.86E-01,5.36E-01,2.42E-11,2.31E-11,3.60E-04,200,Arena contained macroalgae mimic,
645,Daly and Long 2014 PLOS ONE,Pred,2.00,,Aquatic,,Metazoan,Invertebrate,Crustacean,Decapod,Paralithodes platypus,Year 1,Metazoan,Invertebrate,Crustacean,Decapod,Blue king crab,Paralithodes platypus,Year 0,Mean,N,24,5.5,,1,620.00,,8.33E+02,Original length,Order,1.58E+00,Original length,Order,m^2 per pred per day,645,0.41,3.42E-01,1.78E-01,5.94E-01,2.28E-02,9.90E-03,3.37E-02,200,"On sand, prey length is carapace width",
646,Daly and Long 2014 PLOS ONE,Pred,2.00,,Aquatic,,Metazoan,Invertebrate,Crustacean,Decapod,Paralithodes platypus,Year 1,Metazoan,Invertebrate,Crustacean,Decapod,Blue king crab,Paralithodes platypus,Year 0,Mean,N,24,5.5,,1,620.00,,8.33E+02,Original length,Order,1.58E+00,Original length,Order,m^2 per pred per day,646,0.21,1.56E-01,7.73E-02,3.56E-01,1.03E-01,7.66E-02,1.56E-01,200,"On shells, prey length is carapace width",
647,Aljetlawi et al 2004 J ANIM ECOL,Pred,2.50,,Aquatic,,Metazoan,Invertebrate,Crustacean,Isopod,Saduria entomon,Small,Metazoan,Invertebrate,Crustacean,Amphipod,,Monoporeia affinis,Year 0,Mean,N,0,5.7,,5,2000.00,60000.00,8.00E+01,Original mass,,1.60E-01,Original mass,,m^2.5 per pred per day,647,0.34,1.45E-03,5.73E-04,2.83E-03,1.11E-01,6.43E-03,1.78E-01,200,,
648,Aljetlawi et al 2004 J ANIM ECOL,Pred,2.50,,Aquatic,,Metazoan,Invertebrate,Crustacean,Isopod,Saduria entomon,Medium small,Metazoan,Invertebrate,Crustacean,Amphipod,,Monoporeia affinis,Year 0,Mean,N,0,5.7,,5,2000.00,60000.00,5.15E+02,Original mass,,1.60E-01,Original mass,,m^2.5 per pred per day,648,0.44,1.61E-03,7.10E-04,3.41E-03,6.69E-02,3.58E-09,1.21E-01,200,,
649,Aljetlawi et al 2004 J ANIM ECOL,Pred,2.50,,Aquatic,,Metazoan,Invertebrate,Crustacean,Isopod,Saduria entomon,Medium large,Metazoan,Invertebrate,Crustacean,Amphipod,,Monoporeia affinis,Year 0,Mean,N,0,5.7,,5,2000.00,60000.00,1.61E+03,Original mass,,1.60E-01,Original mass,,m^2.5 per pred per day,649,0.37,2.29E-03,1.08E-03,4.57E-03,4.55E-02,5.20E-09,8.31E-02,200,,
650,Aljetlawi et al 2004 J ANIM ECOL,Pred,2.50,,Aquatic,,Metazoan,Invertebrate,Crustacean,Isopod,Saduria entomon,Large ,Metazoan,Invertebrate,Crustacean,Amphipod,,Monoporeia affinis,Year 0,Mean,N,0,5.7,,5,2000.00,60000.00,2.50E+03,Original mass,,1.60E-01,Original mass,,m^2.5 per pred per day,650,0.69,1.29E-03,7.33E-04,2.34E-03,5.57E-02,1.35E-02,8.36E-02,200,,
651,Aljetlawi et al 2004 J ANIM ECOL,Pred,2.50,,Aquatic,,Metazoan,Invertebrate,Crustacean,Isopod,Saduria entomon,Small,Metazoan,Invertebrate,Crustacean,Amphipod,,Monoporeia affinis,Year 1,Mean,N,0,5.7,,5,2000.00,60000.00,8.00E+01,Original mass,,7.55E-01,Original mass,,m^2.5 per pred per day,651,0.18,1.84E-03,4.08E-04,1.23E-02,1.91E-01,6.30E-08,3.23E-01,200,,
652,Aljetlawi et al 2004 J ANIM ECOL,Pred,2.50,,Aquatic,,Metazoan,Invertebrate,Crustacean,Isopod,Saduria entomon,Medium small,Metazoan,Invertebrate,Crustacean,Amphipod,,Monoporeia affinis,Year 1,Mean,N,0,5.7,,5,2000.00,60000.00,5.15E+02,Original mass,,7.55E-01,Original mass,,m^2.5 per pred per day,652,0.25,3.61E-03,1.11E-03,1.49E-02,6.10E-02,4.60E-09,1.06E-01,200,,
653,Aljetlawi et al 2004 J ANIM ECOL,Pred,2.50,,Aquatic,,Metazoan,Invertebrate,Crustacean,Isopod,Saduria entomon,Medium large,Metazoan,Invertebrate,Crustacean,Amphipod,,Monoporeia affinis,Year 1,Mean,N,0,5.7,,5,2000.00,60000.00,1.61E+03,Original mass,,7.55E-01,Original mass,,m^2.5 per pred per day,653,0.42,3.70E-03,1.56E-03,1.05E-02,3.33E-02,1.91E-03,6.00E-02,200,,
654,Aljetlawi et al 2004 J ANIM ECOL,Pred,2.50,,Aquatic,,Metazoan,Invertebrate,Crustacean,Isopod,Saduria entomon,Large ,Metazoan,Invertebrate,Crustacean,Amphipod,,Monoporeia affinis,Year 1,Mean,N,0,5.7,,5,2000.00,60000.00,2.50E+03,Original mass,,7.55E-01,Original mass,,m^2.5 per pred per day,654,0.43,1.94E-03,1.29E-03,3.78E-03,1.21E-02,7.97E-10,5.07E-02,200,,
655,Aljetlawi et al 2004 J ANIM ECOL,Pred,2.50,,Aquatic,,Metazoan,Invertebrate,Crustacean,Isopod,Saduria entomon,Small,Metazoan,Invertebrate,Crustacean,Amphipod,,Monoporeia affinis,Year 2,Mean,N,0,5.7,,5,2000.00,60000.00,8.00E+01,Original mass,,2.33E+00,Original mass,,m^2.5 per pred per day,655,0.08,2.63E-03,2.86E-04,3.13E-02,5.21E-01,1.48E-01,8.04E-01,200,,
656,Aljetlawi et al 2004 J ANIM ECOL,Pred,2.50,,Aquatic,,Metazoan,Invertebrate,Crustacean,Isopod,Saduria entomon,Medium small,Metazoan,Invertebrate,Crustacean,Amphipod,,Monoporeia affinis,Year 2,Mean,N,0,5.7,,5,2000.00,60000.00,5.15E+02,Original mass,,2.33E+00,Original mass,,m^2.5 per pred per day,656,0.35,2.65E-03,1.24E-03,6.40E-03,9.41E-02,5.14E-02,1.36E-01,200,,
657,Aljetlawi et al 2004 J ANIM ECOL,Pred,2.50,,Aquatic,,Metazoan,Invertebrate,Crustacean,Isopod,Saduria entomon,Medium large,Metazoan,Invertebrate,Crustacean,Amphipod,,Monoporeia affinis,Year 2,Mean,N,0,5.7,,5,2000.00,60000.00,1.61E+03,Original mass,,2.33E+00,Original mass,,m^2.5 per pred per day,657,0.17,5.20E-03,1.91E-03,1.90E-02,1.15E-01,6.60E-02,1.60E-01,200,,
658,Aljetlawi et al 2004 J ANIM ECOL,Pred,2.50,,Aquatic,,Metazoan,Invertebrate,Crustacean,Isopod,Saduria entomon,Large ,Metazoan,Invertebrate,Crustacean,Amphipod,,Monoporeia affinis,Year 2,Mean,N,0,5.7,,5,2000.00,60000.00,2.50E+03,Original mass,,2.33E+00,Original mass,,m^2.5 per pred per day,658,0.38,3.55E-03,1.40E-03,9.06E-03,3.93E-02,2.72E-03,6.73E-02,200,,
659,Dumont et al 1994 INT REVIEW HYDROBIOL,Pred,3.00,,Aquatic,,Metazoan,Invertebrate,Crustacean,Branchiopod,Streptocephalus proboscideus,Post-meta-nauplii,Metazoan,Invertebrate,Rotifer,,Rotifer,Anuraeopsis fissa,Adult?,Mean,N,2,26.0,,2,,100.00,1.98E-01,Original mass,,6.41E-04,Original length,Zooplankton,m^3 per pred per day,659,0.43,9.07E-02,9.07E-02,9.07E-02,1.20E-05,1.20E-05,1.20E-05,200,,
660,Dumont et al 1994 INT REVIEW HYDROBIOL,Pred,3.00,,Aquatic,,Metazoan,Invertebrate,Crustacean,Branchiopod,Streptocephalus proboscideus,Virgin juveniles male,Metazoan,Invertebrate,Rotifer,,Rotifer,Anuraeopsis fissa,Adult?,Mean,N,2,26.0,,2,,100.00,4.82E-01,Original mass,,6.41E-04,Original length,Zooplankton,m^3 per pred per day,660,0.93,2.26E-01,2.25E-01,2.26E-01,7.58E-06,7.58E-06,7.58E-06,200,,
661,Dumont et al 1994 INT REVIEW HYDROBIOL,Pred,3.00,,Aquatic,,Metazoan,Invertebrate,Crustacean,Branchiopod,Streptocephalus proboscideus,Virgin juveniles female,Metazoan,Invertebrate,Rotifer,,Rotifer,Anuraeopsis fissa,Adult?,Mean,N,2,26.0,,2,,100.00,4.82E-01,Original mass,,6.41E-04,Original length,Zooplankton,m^3 per pred per day,661,0.78,2.25E-01,2.25E-01,2.25E-01,5.00E-06,5.00E-06,5.00E-06,200,,
662,Dumont et al 1994 INT REVIEW HYDROBIOL,Pred,3.00,,Aquatic,,Metazoan,Invertebrate,Crustacean,Branchiopod,Streptocephalus proboscideus,Small male adults,Metazoan,Invertebrate,Rotifer,,Rotifer,Anuraeopsis fissa,Adult?,Mean,N,2,26.0,,2,,100.00,1.50E+00,Original mass,,6.41E-04,Original length,Zooplankton,m^3 per pred per day,662,0.83,1.21E-01,1.21E-01,1.21E-01,4.09E-06,4.09E-06,4.09E-06,200,,
663,Dumont et al 1994 INT REVIEW HYDROBIOL,Pred,3.00,,Aquatic,,Metazoan,Invertebrate,Crustacean,Branchiopod,Streptocephalus proboscideus,Small female adults,Metazoan,Invertebrate,Rotifer,,Rotifer,Anuraeopsis fissa,Adult?,Mean,N,2,26.0,,2,,100.00,1.50E+00,Original mass,,6.41E-04,Original length,Zooplankton,m^3 per pred per day,663,0.86,1.61E-01,1.61E-01,1.61E-01,1.62E-06,1.62E-06,1.62E-06,200,,
664,Dumont et al 1994 INT REVIEW HYDROBIOL,Pred,3.00,,Aquatic,,Metazoan,Invertebrate,Crustacean,Branchiopod,Streptocephalus proboscideus,Large male adults,Metazoan,Invertebrate,Rotifer,,Rotifer,Anuraeopsis fissa,Adult?,Mean,N,2,26.0,,2,,100.00,9.17E+00,Original mass,,6.41E-04,Original length,Zooplankton,m^3 per pred per day,664,0.53,3.52E-01,3.51E-01,3.52E-01,2.80E-06,2.80E-06,2.80E-06,200,,
665,Dumont et al 1994 INT REVIEW HYDROBIOL,Pred,3.00,,Aquatic,,Metazoan,Invertebrate,Crustacean,Branchiopod,Streptocephalus proboscideus,Large female adults,Metazoan,Invertebrate,Rotifer,,Rotifer,Anuraeopsis fissa,Adult?,Mean,N,2,26.0,,2,,100.00,9.17E+00,Original mass,,6.41E-04,Original length,Zooplankton,m^3 per pred per day,665,0.97,2.68E-01,2.68E-01,2.68E-01,1.30E-06,1.30E-06,1.30E-06,200,,
666,Yen 1987 J OF EXP MAR BIOL & ECOL,Pred,3.00,,Aquatic,,Metazoan,Invertebrate,Crustacean,Copepod,Euchaeta norvegica,"Adult female, wild caught",Metazoan,Vertebrate,Fish,Gadidae,Atlantic cod,Gadus morhua,2-4 day old larvae,Raw data,N,,8.0,,1-2,,4000.00,6.00E+00,Original mass,,6.94E-01,Alternate species length,Species,m^3 per pred per day,666,0.32,1.59E-02,9.72E-03,3.10E-02,1.45E-01,1.04E-01,1.90E-01,200,,
667,Fitzsimons et al 2006 J OF GREAT LAKES RSRCH,Pred,2.50,,Aquatic,,Metazoan,Invertebrate,Crustacean,Decapod,Orconectes propinquus,,Metazoan,Vertebrate,Fish,Salmonidae,Lake trout,Salvelinus namaycush,Eggs between the epibody and eye-up stages,Raw data,N,24,11.0,,1,800.00,16000.00,2.83E+03,Original length,Species,4.93E-01,Original length,Species,m^2.5 per pred per day,667,0.22,2.37E-03,6.85E-04,8.42E-03,8.06E-01,2.23E-01,1.87E+00,200,,
668,Barrios-O'Neill et al 2014 J OF ANIMAL ECOL,Pred,3.00,,Aquatic,,Metazoan,Invertebrate,Crustacean,Mysid,Hemimysis anomala,,Metazoan,Invertebrate,Crustacean,Cladoceran,Water flea,Daphnia magna,,Mean,N,24,12.0,,1,,4000.00,1.93E+01,Original mass,,2.90E+00,Original mass,,m^3 per pred per day,668,0.68,1.81E-02,1.16E-02,2.99E-02,1.66E-02,1.03E-02,2.40E-02,200,,
669,Barrios-O'Neill et al 2014 J OF ANIMAL ECOL,Pred,3.00,,Aquatic,,Metazoan,Invertebrate,Crustacean,Mysid,Mysis salemaai,,Metazoan,Invertebrate,Crustacean,Cladoceran,Water flea,Daphnia magna,,Mean,N,24,12.0,,1,,4000.00,1.98E+01,Original mass,,2.90E+00,Original mass,,m^3 per pred per day,669,0.75,6.50E-03,3.89E-03,1.09E-02,1.60E-02,4.04E-03,3.31E-02,200,,
670,Barrios-O'Neill et al 2014 J OF ANIMAL ECOL,Pred,3.00,,Aquatic,,Metazoan,Invertebrate,Crustacean,Mysid,Hemimysis anomala,,Metazoan,Invertebrate,Crustacean,Cladoceran,Water flea,Daphnia magna,,Mean,N,24,12.0,,3,,4000.00,1.93E+01,Original mass,,2.90E+00,Original mass,,m^3 per pred per day,670,0.66,1.08E-02,5.82E-03,1.78E-02,1.09E-02,1.03E-03,2.37E-02,200,,
671,Barrios-O'Neill et al 2014 J OF ANIMAL ECOL,Pred,3.00,,Aquatic,,Metazoan,Invertebrate,Crustacean,Mysid,Mysis salemaai,,Metazoan,Invertebrate,Crustacean,Cladoceran,Water flea,Daphnia magna,,Mean,N,24,12.0,,3,,4000.00,1.98E+01,Original mass,,2.90E+00,Original mass,,m^3 per pred per day,671,0.58,8.12E-03,4.04E-03,1.36E-02,9.10E-03,2.42E-11,3.19E-02,200,,
672,Wasserman et al 2016 ECOSPHERE,Pred,3.00,,Aquatic,,Metazoan,Invertebrate,Insect,Hemiptera,Enithares sobria,Wild caught,Metazoan,Invertebrate,Crustacean,Cladoceran,Water flea,Daphnia longispina,Wild caught,Raw data,N,48,14.0,,1,34.21,250.00,1.20E-01,Original length,Order,5.55E-01,Original length,Order,m^3 per pred per day,672,0.80,4.80E-04,3.45E-04,6.22E-04,1.61E-02,1.08E-02,2.12E-02,200,No habitat complexity,
673,Wasserman et al 2016 ECOSPHERE,Pred,3.00,,Aquatic,,Metazoan,Invertebrate,Insect,Hemiptera,Enithares sobria,Wild caught,Metazoan,Invertebrate,Crustacean,Cladoceran,Water flea,Daphnia longispina,Wild caught,Raw data,N,48,22.0,,1,34.21,250.00,1.20E-01,Original length,Order,5.55E-01,Original length,Order,m^3 per pred per day,673,0.98,3.64E-04,3.23E-04,4.14E-04,4.59E-03,3.10E-03,5.64E-03,200,No habitat complexity,
674,Wasserman et al 2016 ECOSPHERE,Pred,3.00,,Aquatic,,Metazoan,Invertebrate,Insect,Hemiptera,Enithares sobria,Wild caught,Metazoan,Invertebrate,Crustacean,Cladoceran,Water flea,Daphnia longispina,Wild caught,Raw data,N,48,30.0,,1,34.21,250.00,1.20E-01,Original length,Order,5.55E-01,Original length,Order,m^3 per pred per day,674,0.89,1.97E-04,1.57E-04,2.52E-04,5.39E-03,3.33E-05,9.73E-03,200,No habitat complexity,
675,Wasserman et al 2016 ECOSPHERE,Pred,3.00,,Aquatic,,Metazoan,Invertebrate,Insect,Hemiptera,Enithares sobria,Wild caught,Metazoan,Invertebrate,Crustacean,Cladoceran,Water flea,Daphnia longispina,Wild caught,Raw data,N,48,14.0,,1,34.21,250.00,1.20E-01,Original length,Order,5.55E-01,Original length,Order,m^3 per pred per day,675,0.87,3.15E-04,2.51E-04,4.06E-04,1.09E-02,7.60E-03,1.44E-02,200,"Low habitat complexity, 2 stalks of Cyperus eragrostis in arena, 10cm long, 0.4cm diameter",
676,Wasserman et al 2016 ECOSPHERE,Pred,3.00,,Aquatic,,Metazoan,Invertebrate,Insect,Hemiptera,Enithares sobria,Wild caught,Metazoan,Invertebrate,Crustacean,Cladoceran,Water flea,Daphnia longispina,Wild caught,Raw data,N,48,22.0,,1,34.21,250.00,1.20E-01,Original length,Order,5.55E-01,Original length,Order,m^3 per pred per day,676,0.96,3.82E-04,3.15E-04,4.30E-04,4.42E-03,2.15E-03,5.65E-03,200,"Low habitat complexity, 2 stalks of Cyperus eragrostis in arena, 10cm long, 0.4cm diameter",
677,Wasserman et al 2016 ECOSPHERE,Pred,3.00,,Aquatic,,Metazoan,Invertebrate,Insect,Hemiptera,Enithares sobria,Wild caught,Metazoan,Invertebrate,Crustacean,Cladoceran,Water flea,Daphnia longispina,Wild caught,Raw data,N,48,30.0,,1,34.21,250.00,1.20E-01,Original length,Order,5.55E-01,Original length,Order,m^3 per pred per day,677,0.94,3.26E-04,2.82E-04,3.82E-04,8.15E-03,6.21E-03,9.74E-03,200,"Low habitat complexity, 2 stalks of Cyperus eragrostis in arena, 10cm long, 0.4cm diameter",
678,Wasserman et al 2016 ECOSPHERE,Pred,3.00,,Aquatic,,Metazoan,Invertebrate,Insect,Hemiptera,Enithares sobria,Wild caught,Metazoan,Invertebrate,Crustacean,Cladoceran,Water flea,Daphnia longispina,Wild caught,Raw data,N,48,14.0,,1,34.21,250.00,1.20E-01,Original length,Order,5.55E-01,Original length,Order,m^3 per pred per day,678,0.87,4.33E-04,3.25E-04,5.65E-04,7.50E-03,4.32E-03,9.96E-03,200,"High habitat complexity, 4 stalks of Cyperus eragrostis in arena, 10cm long, 0.4cm diameter",
679,Wasserman et al 2016 ECOSPHERE,Pred,3.00,,Aquatic,,Metazoan,Invertebrate,Insect,Hemiptera,Enithares sobria,Wild caught,Metazoan,Invertebrate,Crustacean,Cladoceran,Water flea,Daphnia longispina,Wild caught,Raw data,N,48,22.0,,1,34.21,250.00,1.20E-01,Original length,Order,5.55E-01,Original length,Order,m^3 per pred per day,679,0.97,3.89E-04,3.44E-04,4.47E-04,3.07E-03,1.71E-03,4.60E-03,200,"High habitat complexity, 4 stalks of Cyperus eragrostis in arena, 10cm long, 0.4cm diameter",
680,Wasserman et al 2016 ECOSPHERE,Pred,3.00,,Aquatic,,Metazoan,Invertebrate,Insect,Hemiptera,Enithares sobria,Wild caught,Metazoan,Invertebrate,Crustacean,Cladoceran,Water flea,Daphnia longispina,Wild caught,Raw data,N,48,30.0,,1,34.21,250.00,1.20E-01,Original length,Order,5.55E-01,Original length,Order,m^3 per pred per day,680,0.95,3.57E-04,3.03E-04,4.15E-04,6.23E-03,4.06E-03,8.24E-03,200,"High habitat complexity, 4 stalks of Cyperus eragrostis in arena, 10cm long, 0.4cm diameter",
681,Båmstedt et al 1994 ICES J OF MARINE SCI,Pred,3.00,,Aquatic,,Metazoan,Invertebrate,Cnidarian,,Aurelia aurita,Ephyra larvae,Metazoan,Invertebrate,Crustacean,Branchiopod,,Artemia sp.,1-4 day-old nauplii,Raw data,N,,12.0,,2-6,,4500.00,8.51E+01,Original mass,Density,3.50E-01,Original mass,,m^3 per pred per day,681,0.56,2.17E-03,1.63E-03,8.57E-03,4.99E-10,2.30E-11,4.97E-03,200,,
682,Båmstedt et al 1994 ICES J OF MARINE SCI,Pred,3.00,,Aquatic,,Metazoan,Invertebrate,Cnidarian,,Cyanea capillata,Small medusae,Metazoan,Invertebrate,Crustacean,Copepod,Mixed zooplankton 55% Pseudocalanus spp.,Pseudocalanus spp.,Wild caught,Raw data,N,,10.0,,2,,90000.00,2.45E+04,Original length,Density,3.73E-01,Original length,Order,m^3 per pred per day,682,0.85,1.23E-01,8.03E-02,2.68E-01,1.49E-04,1.19E-12,2.00E-04,200,,
683,Båmstedt et al 1994 ICES J OF MARINE SCI,Pred,3.00,,Aquatic,,Metazoan,Invertebrate,Cnidarian,,Cyanea capillata,Small medium medusae,Metazoan,Invertebrate,Crustacean,Copepod,Mixed zooplankton 55% Pseudocalanus spp.,Pseudocalanus spp.,Wild caught,Raw data,N,,10.0,,2,,90000.00,3.37E+04,Original length,Density,3.73E-01,Original length,Order,m^3 per pred per day,683,0.84,1.78E-01,9.81E-02,3.56E-01,1.21E-04,1.21E-12,1.66E-04,200,,
684,Båmstedt et al 1994 ICES J OF MARINE SCI,Pred,3.00,,Aquatic,,Metazoan,Invertebrate,Cnidarian,,Cyanea capillata,Medium medusae,Metazoan,Invertebrate,Crustacean,Copepod,Mixed zooplankton 55% Pseudocalanus spp.,Pseudocalanus spp.,Wild caught,Raw data,N,,10.0,,2,,90000.00,5.82E+04,Original length,Density,3.73E-01,Original length,Order,m^3 per pred per day,684,0.86,1.48E-01,9.26E-02,3.13E-01,7.05E-05,1.24E-12,1.58E-04,200,,
685,Båmstedt et al 1994 ICES J OF MARINE SCI,Pred,3.00,,Aquatic,,Metazoan,Invertebrate,Cnidarian,,Cyanea capillata,Medium large medusae,Metazoan,Invertebrate,Crustacean,Copepod,Mixed zooplankton 55% Pseudocalanus spp.,Pseudocalanus spp.,Wild caught,Raw data,N,,10.0,,2,,90000.00,9.24E+04,Original length,Density,3.73E-01,Original length,Order,m^3 per pred per day,685,0.90,1.39E-01,9.19E-02,2.47E-01,6.57E-05,1.20E-12,1.14E-04,200,,
686,Båmstedt et al 1994 ICES J OF MARINE SCI,Pred,3.00,,Aquatic,,Metazoan,Invertebrate,Cnidarian,,Cyanea capillata,Large medusae,Metazoan,Invertebrate,Crustacean,Copepod,Mixed zooplankton 55% Pseudocalanus spp.,Pseudocalanus spp.,Wild caught,Raw data,N,,10.0,,2,,90000.00,1.38E+05,Original length,Density,3.73E-01,Original length,Order,m^3 per pred per day,686,0.95,2.70E-01,1.64E-01,3.88E-01,8.77E-05,1.23E-12,1.04E-04,200,,
687,Båmstedt et al 1994 ICES J OF MARINE SCI,Pred,3.00,,Aquatic,,Metazoan,Invertebrate,Cnidarian,,Cyanea capillata,Extra large medusae,Metazoan,Invertebrate,Crustacean,Copepod,Mixed zooplankton 55% Pseudocalanus spp.,Pseudocalanus spp.,Wild caught,Raw data,N,,10.0,,2,,90000.00,1.65E+05,Original length,Density,3.73E-01,Original length,Order,m^3 per pred per day,687,0.79,4.23E-01,1.81E-01,1.57E+00,8.41E-05,1.17E-12,1.09E-04,200,,
688,Márquez et al 2007 J OF MOLLUSCAN STUDIES,Pred,2.50,,Aquatic,,Metazoan,Invertebrate,Mollusk,Cephalopoda,Octopus vulgaris,"Paralarvae, 0-1 day old",Metazoan,Invertebrate,Crustacean,Branchiopod,,Artemia sp.,"Metanauplii, 0-2 days old",Mean,N,,20.0,,1,9.62,9.20,1.49E+03,Original length,Order,1.40E-02,Original length,Zooplankton,m^2.5 per pred per day,688,0.29,3.73E-05,2.37E-05,9.43E-05,4.36E-02,1.84E-02,7.45E-02,200,Light (7.5W*m^-2) with White background,
689,Márquez et al 2007 J OF MOLLUSCAN STUDIES,Pred,2.50,,Aquatic,,Metazoan,Invertebrate,Mollusk,Cephalopoda,Octopus vulgaris,"Paralarvae, 0-1 day old",Metazoan,Invertebrate,Crustacean,Branchiopod,,Artemia sp.,"Metanauplii, 0-2 days old",Mean,N,,20.0,,1,9.62,9.20,1.49E+03,Original length,Order,1.40E-02,Original length,Zooplankton,m^2.5 per pred per day,689,0.32,2.86E-05,1.71E-05,7.55E-05,2.85E-02,1.04E-09,7.87E-02,200,Light (7.5W*m^-2) with Blue background,
690,Márquez et al 2007 J OF MOLLUSCAN STUDIES,Pred,2.50,,Aquatic,,Metazoan,Invertebrate,Mollusk,Cephalopoda,Octopus vulgaris,"Paralarvae, 0-1 day old",Metazoan,Invertebrate,Crustacean,Branchiopod,,Artemia sp.,"Metanauplii, 0-2 days old",Mean,N,,20.0,,1,9.62,9.20,1.49E+03,Original length,Order,1.40E-02,Original length,Zooplankton,m^2.5 per pred per day,690,0.25,1.84E-05,1.06E-05,4.54E-05,2.92E-08,7.63E-10,1.76E-01,200,Darkness,
691,Sueldo et al 2010 J INS SCI,Pred,2.50,,Terrestrial,,Metazoan,Invertebrate,Insect,Dermaptera,Doru lineara,Female,Metazoan,Invertebrate,Insect,Lepidoptera,Fall armyworm,Spodoptera frugiperda,1st instar,Raw data,N,48,26.0,,1,254.47,8906.42,7.03E+01,Alternate order length,Order,8.65E-02,% mass,,m^2.5 per pred per day,691,0.72,1.65E-01,1.27E-01,2.11E-01,1.85E-03,1.39E-03,2.24E-03,200,,
692,Rossi et al 2006 ECOL RES,Pred,3.00,,Terrestrial,,Metazoan,Invertebrate,Arachnid,Spider,Nesticodes rufipes,Adult female,Metazoan,Invertebrate,Insect,Diptera,House fly,Musca domestica,Adult,Raw data,Y,120,25.0,,1,86.59,909.20,3.45E+01,Alternate species length,Order,8.69E+00,Alternate species length,Order,m^3 per pred per day,692,0.45,1.91E-04,1.34E-04,2.55E-04,5.14E-01,3.31E-01,7.32E-01,200,,
693,Rossi et al 2006 ECOL RES,Pred,3.00,,Terrestrial,,Metazoan,Invertebrate,Arachnid,Spider,Nesticodes rufipes,Adult female,Metazoan,Invertebrate,Insect,Diptera,House fly,Musca domestica,Adult,Raw data,Y,480,25.0,,1,86.59,909.20,3.45E+01,Alternate species length,Order,8.69E+00,Alternate species length,Order,m^3 per pred per day,693,0.66,1.78E-04,1.39E-04,2.28E-04,4.01E-01,2.51E-01,5.90E-01,200,,
694,Sokolow et al 2014 ACTA TROPICA,Pred,3.00,,Aquatic,,Metazoan,Invertebrate,Crustacean,Decapod,Macrobrachium rosenbergii and vollenhovenii,Small juvenile,Metazoan,Invertebrate,Mollusk,Gastropod,Snails,"Biomphalaria globrata, Bulinus truncatus truncatus",Small,Mean,Y,24,,,1,,6000.00,2.00E+03,Original mass,,1.04E+02,Original length,,m^3 per pred per day,694,0.06,6.11E-03,5.54E-03,1.23E-01,1.39E-08,7.20E-10,3.07E-02,200,,
695,Sokolow et al 2014 ACTA TROPICA,Pred,3.00,,Aquatic,,Metazoan,Invertebrate,Crustacean,Decapod,Macrobrachium rosenbergii and vollenhovenii,Medium juvenile,Metazoan,Invertebrate,Mollusk,Gastropod,Snails,"Biomphalaria globrata, Bulinus truncatus truncatus",Small,Mean,Y,24,,,1,,6000.00,6.50E+03,Original mass,,1.04E+02,Original length,,m^3 per pred per day,695,0.10,6.22E-03,5.63E-03,1.07E-01,1.01E-08,3.51E-10,2.49E-02,200,,
696,Sokolow et al 2014 ACTA TROPICA,Pred,3.00,,Aquatic,,Metazoan,Invertebrate,Crustacean,Decapod,Macrobrachium rosenbergii and vollenhovenii,Large juvenile,Metazoan,Invertebrate,Mollusk,Gastropod,Snails,"Biomphalaria globrata, Bulinus truncatus truncatus",Small,Mean,Y,24,,,1,,6000.00,3.00E+04,Original mass,,1.04E+02,Original length,,m^3 per pred per day,696,0.30,6.42E-03,5.60E-03,4.62E-01,7.09E-04,4.96E-10,2.19E-02,200,,
697,Sokolow et al 2014 ACTA TROPICA,Pred,3.00,,Aquatic,,Metazoan,Invertebrate,Crustacean,Decapod,Macrobrachium rosenbergii and vollenhovenii,Small juvenile,Metazoan,Invertebrate,Mollusk,Gastropod,Snails,"Biomphalaria globrata, Bulinus truncatus truncatus",Large,Mean,Y,24,,,1,,6000.00,2.00E+03,Original mass,,3.12E+02,Original length,,m^3 per pred per day,697,0.72,6.68E-03,5.38E-03,1.12E-02,9.49E-03,7.74E-13,6.95E-01,200,,
698,Sokolow et al 2014 ACTA TROPICA,Pred,3.00,,Aquatic,,Metazoan,Invertebrate,Crustacean,Decapod,Macrobrachium rosenbergii and vollenhovenii,Medium juvenile,Metazoan,Invertebrate,Mollusk,Gastropod,Snails,"Biomphalaria globrata, Bulinus truncatus truncatus",Large,Mean,Y,24,,,1,,6000.00,6.50E+03,Original mass,,3.12E+02,Original length,,m^3 per pred per day,698,0.31,6.54E-03,5.23E-03,8.17E-02,1.15E-02,3.05E-11,3.30E-01,200,,
699,Sokolow et al 2014 ACTA TROPICA,Pred,3.00,,Aquatic,,Metazoan,Invertebrate,Crustacean,Decapod,Macrobrachium rosenbergii and vollenhovenii,Large juvenile,Metazoan,Invertebrate,Mollusk,Gastropod,Snails,"Biomphalaria globrata, Bulinus truncatus truncatus",Large,Mean,Y,24,,,1,,6000.00,3.00E+04,Original mass,,3.12E+02,Original length,,m^3 per pred per day,699,0.16,6.47E-03,5.48E-03,2.69E+02,5.00E-10,4.97E-10,1.08E-01,200,,
700,Tully et al 2005 OIKOS,Pred,2.00,,Aquatic,,Metazoan,Invertebrate,Cnidarian,,Pergamasus crassipes,"Adult, wild caught",Metazoan,Invertebrate,Hexapod,,Springtail,Folsomia candida,,Mean,Y,12,20.0,,1,varies,,6.13E-02,Alternate order mass,,1.13E-01,Average species mass,,m^2 per pred per day,700,0.95,3.96E-01,3.91E-01,4.01E-01,5.18E-03,5.09E-03,5.28E-03,200,,
701,De Lafontaine and Leggett 1987 CJFAS,Pred,3.00,,Aquatic,,Metazoan,Invertebrate,Cnidarian,,Aurelia aurita,Wild caught,Metazoan,Vertebrate,Fish,Osmeridae,Capelin,Mallotus villosus,Yolk-sac larvae,Mean,N,,12.4,,2,,270000.00,6.08E+03,Original length,Species,3.69E-01,Original length,Species,m^3 per pred per day,701,0.59,2.08E-01,1.84E-01,2.39E-01,2.24E-03,1.50E-03,3.13E-03,200,,
702,De Lafontaine and Leggett 1987 CJFAS,Pred,3.00,,Aquatic,,Metazoan,Invertebrate,Cnidarian,,Aurelia aurita,Wild caught,Metazoan,Vertebrate,Fish,Osmeridae,Capelin,Mallotus villosus,Yolk-sac larvae,Mean,N,,12.4,,2.5,,890000.00,6.08E+03,Original length,Species,3.69E-01,Original length,Species,m^3 per pred per day,702,0.39,2.90E-01,2.10E-01,3.92E-01,4.48E-03,2.21E-03,6.69E-03,200,,
703,De Lafontaine and Leggett 1987 CJFAS,Pred,3.00,,Aquatic,,Metazoan,Invertebrate,Cnidarian,,Aurelia aurita,Wild caught,Metazoan,Vertebrate,Fish,Osmeridae,Capelin,Mallotus villosus,Yolk-sac larvae,Mean,N,,12.4,,2.5,,3210000.00,6.08E+03,Original length,Species,3.69E-01,Original length,Species,m^3 per pred per day,703,0.52,4.73E-01,3.91E-01,5.74E-01,1.73E-03,1.90E-08,3.42E-03,200,,
704,De Lafontaine and Leggett 1987 CJFAS,Pred,3.00,,Aquatic,,Metazoan,Invertebrate,Cnidarian,,Aurelia aurita,Wild caught,Metazoan,Vertebrate,Fish,Osmeridae,Capelin,Mallotus villosus,Yolk-sac larvae,Mean,N,,12.4,,2.5,,6350000.00,6.08E+03,Original length,Species,3.69E-01,Original length,Species,m^3 per pred per day,704,0.66,5.63E-01,4.91E-01,7.19E-01,6.88E-04,4.93E-10,2.50E-03,200,,
705,Von Westernhagen and Rosenthal 1976 FISHERY BULLETIN,Pred,3.00,,Aquatic,,Metazoan,Invertebrate,Crustacean,Amphipod,Hyperoche medusarum,"Immature, wild caught",Metazoan,Vertebrate,Fish,Clupeidae,Pacific herring,Clupea harengus,Yolk-sac larvae,Mean,N,,9.0,Y,1,,500.00,6.63E-02,Original length,Order,3.91E+00,Original length,Species,m^3 per pred per day,705,0.62,3.65E-04,2.38E-04,6.63E-04,6.46E-02,3.96E-02,1.01E-01,200,,
706,Von Westernhagen and Rosenthal 1976 FISHERY BULLETIN,Pred,3.00,,Aquatic,,Metazoan,Invertebrate,Crustacean,Amphipod,Hyperoche medusarum,"Immature, wild caught",Metazoan,Vertebrate,Fish,Clupeidae,Pacific herring,Clupea harengus,Yolk-sac larvae,Mean,N,,9.0,Y,2,,500.00,6.63E-02,Original length,Order,3.91E+00,Original length,Species,m^3 per pred per day,706,0.55,2.77E-04,1.72E-04,4.77E-04,1.26E-01,8.14E-02,1.85E-01,200,,
707,Von Westernhagen and Rosenthal 1976 FISHERY BULLETIN,Pred,3.00,,Aquatic,,Metazoan,Invertebrate,Crustacean,Amphipod,Hyperoche medusarum,"Immature, wild caught",Metazoan,Vertebrate,Fish,Clupeidae,Pacific herring,Clupea harengus,Yolk-sac larvae,Mean,N,,9.0,Y,4,,500.00,6.63E-02,Original length,Order,3.91E+00,Original length,Species,m^3 per pred per day,707,0.52,2.21E-04,1.26E-04,3.71E-04,2.30E-01,1.55E-01,3.41E-01,200,,
708,Von Westernhagen and Rosenthal 1976 FISHERY BULLETIN,Pred,3.00,,Aquatic,,Metazoan,Invertebrate,Crustacean,Amphipod,Hyperoche medusarum,"Immature, wild caught",Metazoan,Vertebrate,Fish,Clupeidae,Pacific herring,Clupea harengus,Yolk-sac larvae,Mean,N,,9.0,Y,8,,500.00,6.63E-02,Original length,Order,3.91E+00,Original length,Species,m^3 per pred per day,708,0.52,1.26E-04,7.44E-05,2.42E-04,2.19E-01,1.24E-01,3.56E-01,200,,
709,Von Westernhagen and Rosenthal 1976 FISHERY BULLETIN,Pred,3.00,,Aquatic,,Metazoan,Invertebrate,Crustacean,Amphipod,Hyperoche medusarum,"Immature, wild caught",Metazoan,Vertebrate,Fish,Clupeidae,Pacific herring,Clupea harengus,Yolk-sac larvae,Mean,N,,9.0,Y,16,,500.00,6.63E-02,Original length,Order,3.91E+00,Original length,Species,m^3 per pred per day,709,0.53,1.07E-04,5.96E-05,1.92E-04,2.04E-01,1.04E-01,3.21E-01,200,,
710,Titelman et al 2007 MARINE BIOLOGY,Pred,3.00,,Aquatic,,Metazoan,Invertebrate,Cnidarian,,Cyanea capillata,Wild caught,Metazoan,Invertebrate,Cnidarian,,Moon jellyfish,Aurelia aurita,Wild caught,Mean,Y,6,,,1,,2600000.00,1.10E+06,Original length,Density,1.39E+04,Original length,Species,m^3 per pred per day,710,0.80,6.87E+01,6.77E+01,6.97E+01,6.01E-03,5.94E-03,6.07E-03,200,,
711,Sell et al 2001 LIMNOLOGY AND OCEANOGRAPHY,Pred,3.00,,Aquatic,,Metazoan,Invertebrate,Crustacean,Copepod,Centropages typicus,"Adult female, wild caught",Metazoan,Invertebrate,Crustacean,Copepod,copepod,Calanus finmarchicus,eggs <12hrs old,Mean,N,0,6.0,,10,,2350.00,8.57E-02,Original length,Order,,,,m^3 per pred per day,711,0.64,1.33E-04,8.81E-05,3.05E-04,1.66E-02,4.74E-10,6.95E-02,200,"Higher prey densities were carried out in a smaller container size, 1150 cm3, and fewer predators, 5",
712,Sell et al 2001 LIMNOLOGY AND OCEANOGRAPHY,Pred,3.00,,Aquatic,,Metazoan,Invertebrate,Crustacean,Copepod,Metridia lucens,"Adult female, wild caught",Metazoan,Invertebrate,Crustacean,Copepod,copepod,Calanus finmarchicus,eggs <12hrs old,Mean,N,0,6.0,,10,,2350.00,2.12E-01,Original length,Order,,,,m^3 per pred per day,712,0.66,1.94E-04,1.08E-04,3.23E-04,8.36E-03,4.58E-10,3.36E-02,200,"Higher prey densities were carried out in a smaller container size, 1150 cm3, and fewer predators, 5",
713,Sell et al 2001 LIMNOLOGY AND OCEANOGRAPHY,Pred,3.00,,Aquatic,,Metazoan,Invertebrate,Crustacean,Copepod,Centropages typicus,"Adult female, wild caught",Metazoan,Invertebrate,Crustacean,Copepod,copepod,Calanus finmarchicus,"Nauplii, stages N1-N3",Mean,N,0,6.0,,10,,2350.00,8.57E-02,Original length,Order,1.13E-01,Original length,Order,m^3 per pred per day,713,0.69,2.00E-04,1.64E-04,4.76E-04,2.01E-02,4.92E-10,1.16E-01,200,"Higher prey densities were carried out in a smaller container size, 1150 cm3, and fewer predators, 5",
714,Sell et al 2001 LIMNOLOGY AND OCEANOGRAPHY,Pred,3.00,,Aquatic,,Metazoan,Invertebrate,Crustacean,Copepod,Metridia lucens,"Adult female, wild caught",Metazoan,Invertebrate,Crustacean,Copepod,copepod,Calanus finmarchicus,"Nauplii, stages N1-N3",Mean,N,0,6.0,,10,,2350.00,2.12E-01,Original length,Order,1.13E-01,Original length,Order,m^3 per pred per day,714,0.69,1.98E-04,1.72E-04,4.11E-04,5.00E-10,4.75E-10,6.56E-02,200,"Higher prey densities were carried out in a smaller container size, 1150 cm3, and fewer predators, 5",
715,Sell et al 2001 LIMNOLOGY AND OCEANOGRAPHY,Pred,3.00,,Aquatic,,Metazoan,Invertebrate,Crustacean,Copepod,Metridia lucens,"Adult female, wild caught",Metazoan,Invertebrate,Crustacean,Copepod,copepod,Calanus finmarchicus,"Nauplii, 3% N2, 97% N3",Mean,N,0,9.1,,10,,2350.00,2.12E-01,Original length,Order,1.98E-03,Original length,Order,m^3 per pred per day,715,0.28,2.88E-04,1.60E-04,4.86E-03,8.20E-02,4.96E-10,2.03E-01,200,"Higher prey densities were carried out in a smaller container size, 1150 cm3, and fewer predators, 5",
716,Sell et al 2001 LIMNOLOGY AND OCEANOGRAPHY,Pred,3.00,,Aquatic,,Metazoan,Invertebrate,Crustacean,Copepod,Metridia lucens,"Adult female, wild caught",Metazoan,Invertebrate,Crustacean,Copepod,copepod,Pseudocalanus spp.,"Nauplii, 3% N1, 49% N2, 39% N3, 9% N4",Mean,N,0,9.8,,10,,2350.00,2.12E-01,Original length,Order,1.38E-03,Original length,Order,m^3 per pred per day,716,0.29,1.05E-04,4.68E-05,1.23E-03,2.07E-01,4.44E-10,7.56E-01,200,"Higher prey densities were carried out in a smaller container size, 1150 cm3, and fewer predators, 5",
717,Sell et al 2001 LIMNOLOGY AND OCEANOGRAPHY,Pred,3.00,,Aquatic,,Metazoan,Invertebrate,Crustacean,Copepod,Centropages typicus,"Adult female, wild caught",Metazoan,Invertebrate,Crustacean,Copepod,copepod,Calanus finmarchicus,eggs <12hrs old,Mean,N,0,6.0,,10,,2350.00,8.57E-02,Original length,Order,,,,m^3 per pred per day,717,0.41,1.72E-04,1.11E-04,4.14E-04,6.73E-02,5.00E-10,1.68E-01,200,"Higher prey densities were carried out in a smaller container size, 1150 cm3, and fewer predators, 5",
718,Sell et al 2001 LIMNOLOGY AND OCEANOGRAPHY,Pred,3.00,,Aquatic,,Metazoan,Invertebrate,Crustacean,Copepod,Centropages typicus,"Adult female, wild caught",Metazoan,Invertebrate,Crustacean,Copepod,copepod,Calanus finmarchicus,eggs <12hrs old,Mean,N,0,11.0,,10,,2350.00,8.57E-02,Original length,Order,,,,m^3 per pred per day,718,0.86,1.87E-04,1.71E-04,2.23E-04,4.95E-10,2.46E-11,1.55E-02,200,"Higher prey densities were carried out in a smaller container size, 1150 cm3, and fewer predators, 5",
719,Sell et al 2001 LIMNOLOGY AND OCEANOGRAPHY,Pred,3.00,,Aquatic,,Metazoan,Invertebrate,Crustacean,Copepod,Centropages typicus,"Adult female, wild caught",Metazoan,Invertebrate,Crustacean,Copepod,copepod,Calanus finmarchicus,"Nauplii, N3",Mean,N,0,6.0,,10,,2350.00,8.57E-02,Original length,Order,1.98E-03,Original length,Order,m^3 per pred per day,719,0.74,2.06E-04,1.68E-04,3.91E-04,2.69E-02,4.94E-10,1.10E-01,200,"Higher prey densities were carried out in a smaller container size, 1150 cm3, and fewer predators, 5",
720,Sell et al 2001 LIMNOLOGY AND OCEANOGRAPHY,Pred,3.00,,Aquatic,,Metazoan,Invertebrate,Crustacean,Copepod,Centropages typicus,"Adult female, wild caught",Metazoan,Invertebrate,Crustacean,Copepod,copepod,Calanus finmarchicus,"Nauplii, N3",Mean,N,0,11.0,,10,,2350.00,8.57E-02,Original length,Order,1.98E-03,Original length,Order,m^3 per pred per day,720,0.61,1.75E-04,1.40E-04,4.59E-04,1.06E-02,4.78E-10,1.09E-01,200,"Higher prey densities were carried out in a smaller container size, 1150 cm3, and fewer predators, 5",
721,Sell et al 2001 LIMNOLOGY AND OCEANOGRAPHY,Pred,3.00,,Aquatic,,Metazoan,Invertebrate,Crustacean,Copepod,Metridia lucens,"Adult female, wild caught",Metazoan,Invertebrate,Crustacean,Copepod,copepod,Calanus finmarchicus,"Nauplii, N3",Mean,N,0,6.0,,10,,2350.00,2.12E-01,Original length,Order,1.98E-03,Original length,Order,m^3 per pred per day,721,0.71,2.00E-04,1.72E-04,3.69E-04,5.00E-10,4.75E-10,6.04E-02,200,"Higher prey densities were carried out in a smaller container size, 1150 cm3, and fewer predators, 5",
722,Sell et al 2001 LIMNOLOGY AND OCEANOGRAPHY,Pred,3.00,,Aquatic,,Metazoan,Invertebrate,Crustacean,Copepod,Metridia lucens,"Adult female, wild caught",Metazoan,Invertebrate,Crustacean,Copepod,copepod,Calanus finmarchicus,"Nauplii, N3",Mean,N,0,9.0,,10,,2350.00,2.12E-01,Original length,Order,1.98E-03,Original length,Order,m^3 per pred per day,722,0.30,2.57E-04,1.67E-04,6.72E-03,5.78E-02,4.91E-10,2.12E-01,200,"Higher prey densities were carried out in a smaller container size, 1150 cm3, and fewer predators, 5",
723,Sell et al 2001 LIMNOLOGY AND OCEANOGRAPHY,Pred,3.00,,Aquatic,,Metazoan,Invertebrate,Crustacean,Copepod,Metridia lucens,"Adult female, wild caught",Metazoan,Invertebrate,Crustacean,Copepod,copepod,Calanus finmarchicus,"Nauplii, N3",Mean,N,0,13.0,,10,,2350.00,2.12E-01,Original length,Order,1.98E-03,Original length,Order,m^3 per pred per day,723,0.31,1.42E-04,8.18E-05,1.20E-03,1.19E-01,4.88E-10,3.58E-01,200,"Higher prey densities were carried out in a smaller container size, 1150 cm3, and fewer predators, 5",
724,Gonçalves et al 2016 ITALIAN J OF ZOOLOGY,Pred,2.50,,Aquatic,,Metazoan,Invertebrate,Crustacean,Decapod,Procambarus clarkii,"Wild caught, intermolt",Metazoan,Invertebrate,Mollusk,Bivalve,Zebra mussels,Dreissena polymorpha,Juvenile,Raw data,N,168,25.0,,1,754.77,2000.00,1.26E+04,Original length,Family,1.17E+02,Original length,Species,m^2.5 per pred per day,724,0.26,1.07E-02,6.04E-03,2.05E-02,6.34E-03,3.86E-05,1.27E-02,200,"only first day was starved for a week Length of pred is carapace width minus rostrum, length of prey is shell length",
725,Hunt and Swift 2010 J OF FRESH BIOL,Pred,3.00,,Aquatic,,Metazoan,Invertebrate,Insect,Odonata,Enallagma hageni,"Wild caught, late instars",Metazoan,Invertebrate,Crustacean,Cladoceran,Cladoceran,Polyphemus pediculus,,Mean,N,24,,,1,,70.00,1.12E+02,Alternate family length,Family,1.04E-02,Original length,Order,m^3 per pred per day,725,0.95,1.27E-05,1.25E-05,1.29E-05,1.15E-03,1.13E-03,1.18E-03,200,,
726,Hunt and Swift 2010 J OF FRESH BIOL,Pred,3.00,,Aquatic,,Metazoan,Invertebrate,Insect,Odonata,Ischnura verticalis,"Wild caught, late instars",Metazoan,Invertebrate,Crustacean,Cladoceran,Cladoceran,Polyphemus pediculus,,Mean,N,24,,,1,,70.00,1.31E+02,Alternate species length,Order,1.04E-02,Original length,Order,m^3 per pred per day,726,0.90,9.86E-06,9.59E-06,1.01E-05,8.87E-04,8.69E-04,9.05E-04,200,,
727,Kushner and Hovel 2006 JEMBE,Pred,2.00,,Aquatic,,Metazoan,Invertebrate,Mollusk,Gastropoda,Pteropurpura festiva,Wild caught,Metazoan,Invertebrate,Mollusk,Bivalve,Asian mussel,Musculista senhousia,,Raw data,N,48,19.0,,2,490.87,,1.53E+04,Alternate species length,Class,6.24E+02,Original length,Order,m^2 per pred per day,727,0.34,1.50E-02,3.47E-03,1.23E-01,8.39E-01,3.51E-01,1.31E+00,200,"300 shoots of Zostera marina, eelgrass, per m2/prey length is shell height",
728,Kushner and Hovel 2006 JEMBE,Pred,2.00,,Aquatic,,Metazoan,Invertebrate,Mollusk,Gastropoda,Pteropurpura festiva,Wild caught,Metazoan,Invertebrate,Mollusk,Bivalve,Asian mussel,Musculista senhousia,,Raw data,N,48,19.0,,2,490.87,,1.53E+04,Alternate species length,Class,6.24E+02,Original length,Order,m^2 per pred per day,728,0.32,1.66E-02,6.65E-03,4.91E-02,9.58E-01,6.89E-01,1.26E+00,200,"1800 shoots of Zostera marina, eelgrass, per m2/prey length is shell length",
729,Kratina et al 2007 ECOLOGY,Pred,3.00,,Aquatic,,Metazoan,Invertebrate,Platyhelminth,,Stenostomum sp.,,Unicell,Protozoan,Ciliate,,Paramecium,Paramecium sp.,,Mean,N,,,,16,,0.90,3.08E-02,Original length,Zooplankton,4.18E-03,Alternate genus length,Zooplankton,m^3 per pred per day,729,0.66,1.02E-07,9.66E-08,1.06E-07,9.66E-09,1.21E-09,5.34E-04,200,Without 60 Euplotes aodiculatus presnt,
730,Kratina et al 2007 ECOLOGY,Pred,3.00,,Aquatic,,Metazoan,Invertebrate,Platyhelminth,,Stenostomum sp.,,Unicell,Protozoan,Ciliate,,Paramecium,Paramecium sp.,,Mean,N,,,,16,,0.90,3.08E-02,Original length,Zooplankton,4.18E-03,Alternate genus length,Zooplankton,m^3 per pred per day,730,0.54,5.89E-08,5.68E-08,6.14E-08,5.09E-09,1.25E-09,4.21E-08,200,With 60 Euplotes aodiculatus present,
731,Folsom and Collins 1984 OIKOS,Pred,2.50,,Aquatic,,Metazoan,Invertebrate,Insect,Odonata,Anax junius,Final instar to F-2,Metazoan,Invertebrate,Crustacean,Amphipod,amphipod,Hyalella azteca,,Mean,N,24,,,1,211.24,1056.20,2.25E+03,Alternate species length,Order,1.00E+00,Average species mass,,m^2.5 per pred per day,731,0.62,6.37E-01,6.34E-01,6.40E-01,1.11E-03,1.11E-03,1.12E-03,200,Bare container,
732,Folsom and Collins 1984 OIKOS,Pred,2.50,,Aquatic,,Metazoan,Invertebrate,Insect,Odonata,Anax junius,Final instar to F-2,Metazoan,Invertebrate,Crustacean,Amphipod,amphipod,Hyalella azteca,,Mean,N,24,,,1,211.24,1056.20,2.25E+03,Alternate species length,Order,1.00E+00,Average species mass,,m^2.5 per pred per day,732,0.66,1.43E-01,1.43E-01,1.44E-01,6.52E-04,6.44E-04,6.62E-04,200,Container with 90cm of Elodea,
733,Stillman and Simmons 2006 FUNCTIONAL ECOLOGY,Pred,2.00,,Terrestrial,,Metazoan,Vertebrate,Bird,,Corvus frugilegus,,Non living prey,Non living prey,Non living prey,,Spam cubes,,,Raw data,N,,,,1,160000.00,,4.54E+05,Alternate species mass,,,,,m^2 per pred per day,733,0.78,5.57E+04,3.98E+04,7.71E+04,1.41E-05,7.68E-06,2.04E-05,200,"Cut grass arena, sward height 5.28±0.74m",
734,Stillman and Simmons 2006 FUNCTIONAL ECOLOGY,Pred,2.00,,Terrestrial,,Metazoan,Vertebrate,Bird,,Corvus frugilegus,,Non living prey,Non living prey,Non living prey,,Spam cubes,,,Raw data,N,,,,1,160000.00,,4.54E+05,Alternate species mass,,,,,m^2 per pred per day,734,0.69,3.67E+04,2.37E+04,5.78E+04,1.21E-05,1.24E-12,2.25E-05,200,"Uncut grass arena, sward height 7.02±1.14m",
735,De Lafontaine and Leggett 1988 CJFAS,Pred,3.00,,Aquatic,,Metazoan,Invertebrate,Cnidarian,,Aurelia aurita,"Wild caught, small",Metazoan,Vertebrate,Fish,Osmeridae,Capelin,Mallotus villosus,Yolk-sac larvae,Raw data,N,,8.2,,3,,3200000.00,1.04E+03,Original length,Species,3.69E-01,Alternate species length,Species,m^3 per pred per day,735,0.66,6.53E-02,3.28E-02,1.30E-01,1.11E-01,1.51E-13,1.91E-01,200,,
736,De Lafontaine and Leggett 1988 CJFAS,Pred,3.00,,Aquatic,,Metazoan,Invertebrate,Cnidarian,,Aurelia aurita,"Wild caught, small medium",Metazoan,Vertebrate,Fish,Osmeridae,Capelin,Mallotus villosus,Yolk-sac larvae,Raw data,N,,7.4,,4,,3200000.00,1.78E+03,Original length,Species,3.69E-01,Alternate species length,Species,m^3 per pred per day,736,0.91,6.42E-02,5.01E-02,1.02E-01,1.55E-02,2.68E-13,5.68E-02,200,,
737,De Lafontaine and Leggett 1988 CJFAS,Pred,3.00,,Aquatic,,Metazoan,Invertebrate,Cnidarian,,Aurelia aurita,"Wild caught, medium",Metazoan,Vertebrate,Fish,Osmeridae,Capelin,Mallotus villosus,Yolk-sac larvae,Raw data,N,,8.7,,4,,3200000.00,2.80E+03,Original length,Species,3.69E-01,Alternate species length,Species,m^3 per pred per day,737,0.99,9.53E-02,7.86E-02,1.18E-01,1.21E-02,2.47E-11,2.01E-02,200,,
738,De Lafontaine and Leggett 1988 CJFAS,Pred,3.00,,Aquatic,,Metazoan,Invertebrate,Cnidarian,,Aurelia aurita,"Wild caught, large",Metazoan,Vertebrate,Fish,Osmeridae,Capelin,Mallotus villosus,Yolk-sac larvae,Raw data,N,,8.5,,2,,3200000.00,1.54E+04,Original length,Species,3.69E-01,Alternate species length,Species,m^3 per pred per day,738,0.42,7.78E-02,2.21E-02,3.15E-01,3.39E-02,2.50E-11,9.04E-02,200,,
739,De Lafontaine and Leggett 1988 CJFAS,Pred,3.00,,Aquatic,,Metazoan,Invertebrate,Cnidarian,,Cyanea capillata,Wild caught,Metazoan,Vertebrate,Fish,Osmeridae,Capelin,Mallotus villosus,Yolk-sac larvae,Raw data,N,,7.9,,1,,3200000.00,3.21E+05,Original length,Density,3.69E-01,Alternate species length,Species,m^3 per pred per day,739,0.68,5.10E-01,4.10E-01,1.79E+00,2.42E-11,2.28E-11,1.06E-02,200,,
740,De Lafontaine and Leggett 1988 CJFAS,Pred,3.00,,Aquatic,,Metazoan,Invertebrate,Cnidarian,,Staurostoma mertensii,"Wild caught, Large",Metazoan,Vertebrate,Fish,Osmeridae,Capelin,Mallotus villosus,Yolk-sac larvae,Raw data,N,,10.1,,4,,3200000.00,5.90E+05,Original length,Density,3.69E-01,Alternate species length,Species,m^3 per pred per day,740,0.90,1.64E-01,1.03E-01,2.77E-01,5.31E-03,2.50E-11,1.44E-02,200,,
741,De Lafontaine and Leggett 1988 CJFAS,Pred,3.00,,Aquatic,,Metazoan,Invertebrate,Cnidarian,,Staurostoma mertensii,"Wild caught, Small",Metazoan,Vertebrate,Fish,Osmeridae,Capelin,Mallotus villosus,Yolk-sac larvae,Raw data,N,,8.3,,4,,3200000.00,6.21E+04,Original length,Density,3.69E-01,Alternate species length,Species,m^3 per pred per day,741,0.84,1.48E-01,9.70E-02,3.65E-01,2.01E-02,9.72E-03,5.73E-02,200,,
742,De Lafontaine and Leggett 1988 CJFAS,Pred,3.00,,Aquatic,,Metazoan,Invertebrate,Cnidarian,,Catablema vesicarium,Wild caught,Metazoan,Vertebrate,Fish,Osmeridae,Capelin,Mallotus villosus,Yolk-sac larvae,Raw data,N,,5.8,,5,,3200000.00,1.32E+03,Original length,Density,3.69E-01,Alternate species length,Species,m^3 per pred per day,742,0.84,5.85E-02,4.12E-02,1.10E-01,1.30E-02,2.41E-11,3.20E-02,200,,
743,De Lafontaine and Leggett 1988 CJFAS,Pred,3.00,,Aquatic,,Metazoan,Invertebrate,Cnidarian,,Staurostoma mertensii,"Wild caught, Medium",Metazoan,Vertebrate,Fish,Osmeridae,Capelin,Mallotus villosus,Yolk-sac larvae,Raw data,N,,7.0,,4,,3200000.00,8.55E+04,Original length,Density,3.69E-01,Alternate species length,Species,m^3 per pred per day,743,0.71,8.58E-02,3.80E-02,1.47E-01,7.45E-03,2.23E-11,2.78E-02,200,"Fixed density of alternative, mixed zooplankton prey available",
744,De Lafontaine and Leggett 1988 CJFAS,Pred,3.00,,Aquatic,,Metazoan,Invertebrate,Cnidarian,,Staurostoma mertensii,"Wild caught, Small medium",Metazoan,Vertebrate,Fish,Osmeridae,Capelin,Mallotus villosus,Yolk-sac larvae,Raw data,N,,10.0,,4,,3200000.00,6.80E+04,Original length,Density,3.69E-01,Alternate species length,Species,m^3 per pred per day,744,0.38,1.05E+00,3.42E-01,3.79E+00,1.63E-02,2.50E-11,3.64E-02,200,"Fixed density of alternative, mixed zooplankton prey available",
745,De Lafontaine and Leggett 1988 CJFAS,Pred,3.00,,Aquatic,,Metazoan,Invertebrate,Cnidarian,,Staurostoma mertensii,"Wild caught, Large medium",Metazoan,Vertebrate,Fish,Osmeridae,Capelin,Mallotus villosus,Yolk-sac larvae,Raw data,N,,8.5,,4,,3200000.00,2.22E+05,Original length,Density,3.69E-01,Alternate species length,Species,m^3 per pred per day,745,0.96,1.17E-01,1.10E-01,1.76E-01,4.44E-09,1.97E-11,6.79E-03,200,"Fixed density of alternative, mixed zooplankton prey available",
746,De Lafontaine and Leggett 1988 CJFAS,Pred,3.00,,Aquatic,,Metazoan,Invertebrate,Cnidarian,,Aurelia aurita,"Wild caught, S",Metazoan,Vertebrate,Fish,Osmeridae,Capelin,Mallotus villosus,Yolk-sac larvae,Raw data,N,,1.2,,2,,3200000.00,7.25E+04,Original length,Species,3.69E-01,Alternate species length,Species,m^3 per pred per day,746,0.98,5.75E-02,4.96E-02,7.16E-02,2.48E-03,4.05E-13,2.39E-02,200,"Fixed density of alternative, mixed zooplankton prey available",
747,De Lafontaine and Leggett 1988 CJFAS,Pred,3.00,,Aquatic,,Metazoan,Invertebrate,Cnidarian,,Aurelia aurita,"Wild caught, L",Metazoan,Vertebrate,Fish,Osmeridae,Capelin,Mallotus villosus,Yolk-sac larvae,Raw data,N,,5.5,,2,,3200000.00,9.94E+04,Original length,Species,3.69E-01,Alternate species length,Species,m^3 per pred per day,747,0.92,1.60E-01,1.33E-01,2.58E-01,2.47E-11,2.30E-11,3.87E-02,200,"Fixed density of alternative, mixed zooplankton prey available",
748,Akre and Johnson 1979 J OF ANIMAL ECOLOGY,Pred,3.00,,Aquatic,,Metazoan,Invertebrate,Insect,Odonata,Ischnura hastata (Anomalagrion hastatum),3rd day in final instar,Metazoan,Invertebrate,Crustacean,Cladoceran,Cladoceran,Simocephalus vetulus,,Mean,N,24,25.0,,1,varied,,8.81E+00,Alternate genus length,Family,2.81E+00,Alternate genus length,Order,m^3 per pred per day,748,0.53,9.42E-04,7.56E-04,1.56E-03,1.87E-03,4.85E-10,1.05E-02,200,Single prey,
749,Akre and Johnson 1979 J OF ANIMAL ECOLOGY,Pred,3.00,,Aquatic,,Metazoan,Invertebrate,Insect,Odonata,Ischnura hastata (Anomalagrion hastatum),3rd day in final instar,Metazoan,Invertebrate,Crustacean,Cladoceran,Water flea,Daphnia magna,,Mean,N,24,25.0,,1,varied,,8.81E+00,Alternate genus length,Family,9.90E-01,Average species mass,,m^3 per pred per day,749,0.56,1.37E-02,8.31E-03,1.99E-02,1.28E-02,1.15E-02,1.40E-02,200,Single prey,
750,Akre and Johnson 1979 J OF ANIMAL ECOLOGY,Pred,3.00,,Aquatic,,Metazoan,Invertebrate,Insect,Odonata,Ischnura hastata (Anomalagrion hastatum),3rd day in final instar,Metazoan,Invertebrate,Crustacean,Cladoceran,Cladoceran,Simocephalus vetulus,,Mean,N,0,25.0,,1,varied,,8.81E+00,Alternate genus length,Family,2.81E+00,Alternate genus length,Order,m^3 per pred per day,750,0.61,1.10E-03,5.64E-04,2.35E-03,2.05E-02,3.16E-03,3.12E-02,200,Single prey,
751,Akre and Johnson 1979 J OF ANIMAL ECOLOGY,Pred,3.00,,Aquatic,,Metazoan,Invertebrate,Insect,Odonata,Ischnura hastata (Anomalagrion hastatum),3rd day in final instar,Metazoan,Invertebrate,Crustacean,Cladoceran,Water flea,Daphnia magna,,Mean,N,0,25.0,,1,varied,,8.81E+00,Alternate genus length,Family,9.90E-01,Average species mass,,m^3 per pred per day,751,0.74,1.09E-03,9.09E-04,1.85E-03,2.03E-03,2.41E-11,1.10E-02,200,Single prey,
752,Akre and Johnson 1979 J OF ANIMAL ECOLOGY,Pred,3.00,,Aquatic,,Metazoan,Invertebrate,Insect,Odonata,Ischnura hastata (Anomalagrion hastatum),3rd day in final instar,Metazoan,Invertebrate,Crustacean,Cladoceran,Cladoceran,Simocephalus vetulus,,Mean,N,24,25.0,,1,varied,,8.81E+00,Alternate genus length,Family,2.81E+00,Alternate genus length,Order,m^3 per pred per day,752,0.03,1.67E-02,3.83E-03,1.15E-01,8.23E-02,6.43E-02,1.01E-01,200,"Equal densities of both prey types, S. vetulus and D. magna",
753,Akre and Johnson 1979 J OF ANIMAL ECOLOGY,Pred,3.00,,Aquatic,,Metazoan,Invertebrate,Insect,Odonata,Ischnura hastata (Anomalagrion hastatum),3rd day in final instar,Metazoan,Invertebrate,Crustacean,Cladoceran,Water flea,Daphnia magna,,Mean,N,24,25.0,,1,varied,,8.81E+00,Alternate genus length,Family,9.90E-01,Average species mass,,m^3 per pred per day,753,0.76,3.39E-03,2.18E-03,6.37E-03,6.40E-03,2.67E-03,1.05E-02,200,"Equal densities of both prey types, S. vetulus and D. magna",
754,Akre and Johnson 1979 J OF ANIMAL ECOLOGY,Pred,3.00,,Aquatic,,Metazoan,Invertebrate,Insect,Odonata,Ischnura hastata (Anomalagrion hastatum),3rd day in final instar,Metazoan,Invertebrate,Crustacean,Cladoceran,Cladoceran,Simocephalus vetulus,,Mean,N,0,25.0,,1,varied,,8.81E+00,Alternate genus length,Family,2.81E+00,Alternate genus length,Order,m^3 per pred per day,754,0.08,4.99E-03,1.35E-03,2.08E-02,6.41E-02,4.23E-02,8.86E-02,200,"Equal densities of both prey types, S. vetulus and D. magna",
755,Akre and Johnson 1979 J OF ANIMAL ECOLOGY,Pred,3.00,,Aquatic,,Metazoan,Invertebrate,Insect,Odonata,Ischnura hastata (Anomalagrion hastatum),3rd day in final instar,Metazoan,Invertebrate,Crustacean,Cladoceran,Water flea,Daphnia magna,,Mean,N,0,25.0,,1,varied,,8.81E+00,Alternate genus length,Family,9.90E-01,Average species mass,,m^3 per pred per day,755,0.49,4.10E-03,1.80E-03,7.69E-03,1.92E-02,1.20E-02,2.33E-02,200,"Equal densities of both prey types, S. vetulus and D. magna",
756,Akre and Johnson 1979 J OF ANIMAL ECOLOGY,Pred,3.00,,Aquatic,,Metazoan,Invertebrate,Insect,Odonata,Ischnura hastata (Anomalagrion hastatum),3rd day in final instar,Metazoan,Invertebrate,Crustacean,Cladoceran,Cladoceran,Simocephalus vetulus,,Mean,N,24,25.0,,1,varied,,8.81E+00,Alternate genus length,Family,2.81E+00,Alternate genus length,Order,m^3 per pred per day,756,0.68,5.60E-04,4.45E-04,7.28E-04,4.85E-10,2.36E-11,5.00E-10,200,"Complementary densities of both prey types, adding up  to 66 prey per L",
757,Akre and Johnson 1979 J OF ANIMAL ECOLOGY,Pred,3.00,,Aquatic,,Metazoan,Invertebrate,Insect,Odonata,Ischnura hastata (Anomalagrion hastatum),3rd day in final instar,Metazoan,Invertebrate,Crustacean,Cladoceran,Water flea,Daphnia magna,,Mean,N,24,25.0,,1,varied,,8.81E+00,Alternate genus length,Family,9.90E-01,Average species mass,,m^3 per pred per day,757,0.71,3.81E-03,2.84E-03,6.33E-03,6.31E-03,3.89E-03,8.81E-03,200,"Complementary densities of both prey types, adding up  to 66 prey per L",
758,Akre and Johnson 1979 J OF ANIMAL ECOLOGY,Pred,3.00,,Aquatic,,Metazoan,Invertebrate,Insect,Odonata,Ischnura hastata (Anomalagrion hastatum),3rd day in final instar,Metazoan,Invertebrate,Crustacean,Cladoceran,Cladoceran,Simocephalus vetulus,,Mean,N,0,25.0,,1,varied,,8.81E+00,Alternate genus length,Family,2.81E+00,Alternate genus length,Order,m^3 per pred per day,758,0.45,8.98E-04,4.64E-04,2.33E-03,2.90E-02,1.15E-02,5.44E-02,200,"Complementary densities of both prey types, adding up  to 66 prey per L",
759,Akre and Johnson 1979 J OF ANIMAL ECOLOGY,Pred,3.00,,Aquatic,,Metazoan,Invertebrate,Insect,Odonata,Ischnura hastata (Anomalagrion hastatum),3rd day in final instar,Metazoan,Invertebrate,Crustacean,Cladoceran,Water flea,Daphnia magna,,Mean,N,0,25.0,,1,varied,,8.81E+00,Alternate genus length,Family,9.90E-01,Average species mass,,m^3 per pred per day,759,0.78,1.44E-03,1.04E-03,2.38E-03,2.66E-03,2.44E-11,8.97E-03,200,"Complementary densities of both prey types, adding up  to 66 prey per L",
760,Claver et al 2003 J APPL ENT,Pred,2.00,,Terrestrial,,Metazoan,Invertebrate,Insect,Hemiptera,Acanthaspis pedestris,Adult,Metazoan,Invertebrate,Insect,Lepidoptera,Rice moth,Corcyra cephalonica ,Larva,Mean,N,,32.5,,1,Claver et al 2003 J APPL ENT,,4.01E+02,Alternate family length,Order,7.62E+00,% adult mass,,m^2 per pred per day,760,0.41,9.56E-03,5.34E-03,1.51E-02,7.22E-01,4.20E-01,1.01E+00,200,,
761,Claver et al 2003 J APPL ENT,Pred,2.00,,Terrestrial,,Metazoan,Invertebrate,Insect,Hemiptera,Acanthaspis pedestris,Adult,Metazoan,Invertebrate,Insect,Lepidoptera,Rice moth,Corcyra cephalonica ,Larva,Mean,N,,32.5,,1,308.00,,4.01E+02,Alternate family length,Order,7.62E+00,% adult mass,,m^2 per pred per day,761,0.20,4.79E-03,3.13E-03,7.76E-03,3.42E+00,2.51E+00,4.68E+00,200,Predator exposed to cypermethrin pesticide,
762,Saiz and Kiørboe 1995 MARINE ECOLOGY PROGRESS SERIES,Pred,3.00,,Aquatic,,Metazoan,Invertebrate,Crustacean,Copepod,Acartia tonsa,Adult females,Unicell,Protozoan,Ciliate,,Ciliate,Strombidium sulcatum,,Raw data,N,,18.0,,15.5,,2300.00,3.00E-02,Alternate species mass,,1.16E-05,Alternate species length,Density,m^3 per pred per day,762,0.88,5.87E-04,4.87E-04,1.17E-03,8.38E-07,6.10E-14,1.13E-05,200,,
763,Fox and Murdoch 1978 J OF ANIMAL ECOLOGY,Pred,3.00,,Terrestrial,,Metazoan,Invertebrate,Insect,Hemiptera,Notonecta hoffmanni,"4th instar, Large",Metazoan,Invertebrate,Insect,Culicidae,Southern house mosquito,Culex quinquefasciatus,5-day-old Larvae,Mean,Y,24,25.0,,1,,10000.00,2.10E+01,Original mass,,5.84E+00,% adult mass,,m^3 per pred per day,763,0.92,1.44E-01,1.39E-01,1.49E-01,7.94E-03,7.84E-03,8.03E-03,200,,
764,Fox and Murdoch 1978 J OF ANIMAL ECOLOGY,Pred,3.00,,Terrestrial,,Metazoan,Invertebrate,Insect,Hemiptera,Notonecta hoffmanni,"4th instar, Small",Metazoan,Invertebrate,Insect,Culicidae,Southern house mosquito,Culex quinquefasciatus,5-day-old Larvae,Mean,Y,24,25.0,,1,,10000.00,1.70E+01,Original mass,,5.84E+00,% adult mass,,m^3 per pred per day,764,0.92,2.11E-01,2.01E-01,2.22E-01,1.17E-02,1.15E-02,1.19E-02,200,,
765,Hassell et al 1977 J OF ANIMAL ECOLOGY,Pred,3.00,,Terrestrial,,Metazoan,Invertebrate,Insect,Hemiptera,Notonecta glauca,Adult females,Metazoan,Invertebrate,Crustacean,Copepod,Waterlouse,Asellus aquaticus,Small,Mean,N,,8.0,,1,,4050.00,1.04E+02,Alternate species length,Order,1.04E+00,Original length,Order,m^3 per pred per day,765,0.75,6.85E-04,4.90E-04,9.02E-04,1.07E-01,6.06E-02,1.49E-01,200,,
766,Hassell et al 1977 J OF ANIMAL ECOLOGY,Pred,3.00,,Terrestrial,,Metazoan,Invertebrate,Insect,Hemiptera,Plea atomaria,,Metazoan,Invertebrate,Insect,Culicidae,Yellow Fever Mosquito,Aedes aegypti,Small larva,Mean,N,,18.0,,1,,2500.00,1.64E-01,Alternate species length,Order,8.75E-02,Alternate species mass,,m^3 per pred per day,766,0.73,2.58E-03,2.00E-03,3.38E-03,1.99E-02,1.30E-02,2.74E-02,200,,
767,Hassell et al 1977 J OF ANIMAL ECOLOGY,Pred,2.00,,Terrestrial,,Metazoan,Invertebrate,Insect,Diptera,Calliphora vomitoria,Adult,Non living prey,Non living prey,Non living prey,,Sugar droplets,,,Mean,N,,,,,2000.00,,3.38E+01,Alternate species length,Order,,,,m^2 per pred per day,767,0.80,2.51E-01,1.60E-01,4.21E-01,5.70E-03,3.55E-03,8.50E-03,200,,
768,Hassell et al 1977 J OF ANIMAL ECOLOGY,Pred,3.00,,Terrestrial,,Metazoan,Invertebrate,Insect,Hemiptera,Notonecta glauca,Adult females,Metazoan,Invertebrate,Crustacean,Copepod,Waterlouse,Asellus aquaticus,Large,Mean,N,,8.0,,,,4050.00,1.04E+02,Alternate species length,Order,7.48E+00,Original length,Order,m^3 per pred per day,768,0.69,3.23E-03,2.31E-03,4.69E-03,1.46E-01,8.77E-02,2.13E-01,200,Preferred prey size,
769,Confer 1971 LIMNOLOGY AND OCEANOGRAPHY,Pred,3.00,,Aquatic,,Metazoan,Invertebrate,Crustacean,Copepod,Mesocyclops edax,,Metazoan,Invertebrate,Crustacean,Copepod,copepodites,Diaptomus floridanus,"5th instar, 6th instar",Raw data,N,0,,,1,,75.00,6.30E-02,Alternate species length,Order,,,,m^3 per pred per day,769,0.65,2.56E-05,1.39E-05,4.57E-05,6.76E-01,4.85E-10,1.20E+00,200,,
770,Lampitt 1978 LIMNOLOGY AND OCEANOGRAPHY,Pred,3.00,,Aquatic,,Metazoan,Invertebrate,Crustacean,Copepod,Oithona nana,Adult males,Metazoan,Invertebrate,Crustacean,Copepod,Marine copepods,Acartia clausi,<24hr old nauplii,Mean,N,,10.0,,15,,100.00,1.85E-03,Original mass,,3.25E-04,Original mass,,m^3 per pred per day,770,0.09,1.80E-05,1.17E-05,3.40E-05,8.73E-01,7.37E-01,1.07E+00,200,,
771,Lampitt 1978 LIMNOLOGY AND OCEANOGRAPHY,Pred,3.00,,Aquatic,,Metazoan,Invertebrate,Crustacean,Copepod,Oithona nana,Adult females,Metazoan,Invertebrate,Crustacean,Copepod,Marine copepods,Acartia clausi,<24hr old nauplii,Mean,N,,10.0,,15,,100.00,1.85E-03,Original mass,,3.25E-04,Original mass,,m^3 per pred per day,771,0.44,1.42E-05,1.19E-05,1.64E-05,2.06E-01,1.63E-01,2.36E-01,200,,
772,Olsen et al 2000 J OF PLANKTON RESEARCH,Pred,3.00,,Aquatic,,Metazoan,Invertebrate,Crustacean,Copepod,Paraeuchaeta norvegica,,Metazoan,Invertebrate,Crustacean,Copepod,copepod,Pseudocalanus spp.,Adult female,Raw data,N,,,Y,1,,"1000, 4000, or 10000",3.84E+00,Alternate species length,Order,5.90E-02,Original mass,,m^3 per pred per day,772,0.38,2.99E-04,2.04E-04,2.26E-03,4.77E-10,4.18E-10,2.16E-01,200,,
773,Olsen et al 2000 J OF PLANKTON RESEARCH,Pred,3.00,,Aquatic,,Metazoan,Invertebrate,Crustacean,Copepod,Paraeuchaeta norvegica,,Metazoan,Invertebrate,Crustacean,Copepod,Marine copepods,Acartia clausi,Adult,Raw data,N,,,Y,1,,"1000, 4000, or 10000",3.84E+00,Alternate species length,Order,5.70E-03,Original mass,,m^3 per pred per day,773,0.25,2.80E-04,1.67E-04,1.08E-03,3.10E-02,4.86E-10,2.07E-01,200,,
774,Olsen et al 2000 J OF PLANKTON RESEARCH,Pred,3.00,,Aquatic,,Metazoan,Invertebrate,Crustacean,Copepod,Paraeuchaeta norvegica,,Metazoan,Invertebrate,Crustacean,Copepod,copepod,Calanus spp.,Stage 5 copepodites,Raw data,N,,,Y,2,,"1000, 4000, or 10000",3.84E+00,Alternate species length,Order,4.34E-01,Original mass,,m^3 per pred per day,774,0.24,2.65E-04,6.13E-05,9.43E-04,7.70E-01,3.97E-01,1.40E+00,200,,
775,Olsen et al 2000 J OF PLANKTON RESEARCH,Pred,3.00,,Aquatic,,Metazoan,Invertebrate,Crustacean,Copepod,Chiridius armatus,,Metazoan,Invertebrate,Crustacean,Copepod,Marine copepods,Acartia clausi,Adult,Raw data,N,,,Y,3,,"1000, 4000, or 10000",7.50E-01,Alternate species length,Order,5.70E-03,Original mass,,m^3 per pred per day,775,0.73,5.46E-04,3.81E-04,7.50E-04,5.38E-02,3.38E-02,6.42E-02,200,,
776,Gergström and Englund 2004 J OF ANIMAL ECOLOGY,Pred,3.00,,Aquatic,,Metazoan,Invertebrate,Crustacean,Mysid,Neomysis integer,,Metazoan,Invertebrate,Crustacean,Cladoceran,Cladoceran,Polyphemus pediculus,,Mean,N,12,17.0,,1,,1100.00,4.52E+00,Original length,Zooplankton,3.92E-02,Original length,Order,m^3 per pred per day,776,0.72,1.29E-02,1.07E-02,1.70E-02,1.94E-03,1.66E-03,2.22E-03,200,,
777,Gergström and Englund 2004 J OF ANIMAL ECOLOGY,Pred,3.00,,Aquatic,,Metazoan,Invertebrate,Crustacean,Mysid,Neomysis integer,,Metazoan,Invertebrate,Crustacean,Cladoceran,Cladoceran,Polyphemus pediculus,,Mean,N,12,17.0,,1,,4900.00,4.52E+00,Original length,Zooplankton,3.92E-02,Original length,Order,m^3 per pred per day,777,0.79,1.72E-02,1.44E-02,2.08E-02,1.84E-03,1.65E-03,2.05E-03,200,,
778,Eggleston 1990 J OF EXPERIMENTAL MARINE BIOLOGY,Pred,2.00,,Aquatic,,Metazoan,Invertebrate,Crustacean,Decapod,Callinectes sapidus,"Male, Wild caught",Metazoan,Invertebrate,Mollusk,Bivalve,American oyster,Crassostrea virginica,Large juvenile,Mean,N,,26.5,,1,3300.00,82500.00,2.28E+06,Original length,Order,,,,m^2 per pred per day,778,0.28,2.05E-01,1.28E-01,3.19E-01,9.88E-02,6.03E-02,1.43E-01,200,,
779,Eggleston 1990 J OF EXPERIMENTAL MARINE BIOLOGY,Pred,2.00,,Aquatic,,Metazoan,Invertebrate,Crustacean,Decapod,Callinectes sapidus,"Female, Wild caught",Metazoan,Invertebrate,Mollusk,Bivalve,American oyster,Crassostrea virginica,Large juvenile,Mean,N,,26.5,,1,3300.00,82500.00,2.28E+06,Original length,Order,,,,m^2 per pred per day,779,0.32,1.29E-01,9.29E-02,2.51E-01,3.67E-03,4.60E-12,7.69E-02,200,,
780,Eggleston 1990 J OF EXPERIMENTAL MARINE BIOLOGY,Pred,2.00,,Aquatic,,Metazoan,Invertebrate,Crustacean,Decapod,Callinectes sapidus,"Male, Wild caught",Metazoan,Invertebrate,Mollusk,Bivalve,American oyster,Crassostrea virginica,Small juvenile,Mean,N,,26.5,,1,3300.00,82500.00,2.28E+06,Original length,Order,,,,m^2 per pred per day,780,0.75,2.43E-01,1.97E-01,3.40E-01,6.91E-03,2.27E-11,2.04E-02,200,,
781,Eggleston 1990 J OF EXPERIMENTAL MARINE BIOLOGY,Pred,2.00,,Aquatic,,Metazoan,Invertebrate,Crustacean,Decapod,Callinectes sapidus,"Female, Wild caught",Metazoan,Invertebrate,Mollusk,Bivalve,American oyster,Crassostrea virginica,Small juvenile,Mean,N,,26.5,,1,3300.00,82500.00,2.28E+06,Original length,Order,,,,m^2 per pred per day,781,0.54,2.22E-01,1.69E-01,3.23E-01,6.65E-03,4.47E-10,3.06E-02,200,,
782,Iribarne et al 1995 JEMBE,Pred,2.00,,Aquatic,,Metazoan,Invertebrate,Crustacean,Decapod,Cancer magister,3rd juvenile instar,Metazoan,Invertebrate,Mollusk,Bivalve,Baltic macoma,Limecola balthica,,Mean,N,,,,1,1000.00,10000.00,4.21E+02,Original length,Order,,,,m^2 per pred per day,782,0.41,2.67E-02,8.48E-03,6.36E-02,8.22E-02,5.30E-10,1.23E-01,200,,
783,Iribarne et al 1995 JEMBE,Pred,2.00,,Aquatic,,Metazoan,Invertebrate,Crustacean,Decapod,Cancer magister,5th juvenile instar,Metazoan,Invertebrate,Mollusk,Bivalve,Baltic macoma,Limecola balthica,,Mean,N,,,,1,1000.00,10000.00,3.20E+03,Original length,Order,,,,m^2 per pred per day,783,0.66,5.51E-02,3.35E-02,8.62E-02,3.01E-02,1.51E-02,4.16E-02,200,,
784,Hansen and Nielsen 1997 MEPS,Pred,3.00,,Aquatic,,Unicell,Protozoan,Dinoflagellate,,Fragilidium subglobosum,,Unicell,Protozoan,Dinoflagellate,,Dinoflagellate,Ceratium tripos,,Mean,N,,15.0,,,,250-750,3.45E-05,Alternate species length,Density,8.76E-05,Alternate species length,Density,m^3 per pred per day,784,0.76,1.36E-07,9.43E-08,2.06E-07,1.49E+00,1.31E+00,1.67E+00,200,,
785,Frost 1972 LIMNOLOGY AND OCEANOGRAPHY,Pred,3.00,,Aquatic,,Metazoan,Invertebrate,Crustacean,Copepod,Calanus pacificus,Adult female,Unicell,Algae,Diatom,,Diatom,Thalassiosira fluviutilis,,Raw data,N,0,12.5,,20,,3500.00,4.98E-01,Alternate species length,Order,7.17E-07,Alternate species length,Density,m^3 per pred per day,785,0.70,2.02E-04,1.68E-04,2.62E-04,2.72E-06,2.45E-06,2.99E-06,200,unstarved; 10-30 predators,
786,Frost 1972 LIMNOLOGY AND OCEANOGRAPHY,Pred,3.00,,Aquatic,,Metazoan,Invertebrate,Crustacean,Copepod,Calanus pacificus,Adult female,Unicell,Algae,Diatom,,Diatom,Thalassiosira fluviutilis,,Raw data,N,,12.5,,20,,3500.00,4.98E-01,Alternate species length,Order,7.17E-07,Alternate species length,Density,m^3 per pred per day,786,0.90,1.49E-04,1.12E-04,2.02E-04,1.00E-06,7.45E-07,1.25E-06,200,starved; 10-30 predators,
787,Frost 1972 LIMNOLOGY AND OCEANOGRAPHY,Pred,3.00,,Aquatic,,Metazoan,Invertebrate,Crustacean,Copepod,Calanus pacificus,Adult female,Unicell,Algae,Diatom,,Diatom,Coscinodiscus angstii,,Raw data,N,,12.5,,20,,3500.00,4.98E-01,Alternate species length,Order,2.31E-05,Original length,Density,m^3 per pred per day,787,0.82,2.62E-04,2.12E-04,3.19E-04,2.13E-05,1.60E-05,2.47E-05,200,10-30 predators per dish,
788,Frost 1972 LIMNOLOGY AND OCEANOGRAPHY,Pred,3.00,,Aquatic,,Metazoan,Invertebrate,Crustacean,Copepod,Calanus pacificus,Adult female,Unicell,Algae,Diatom,,Diatom,Coscinodiscus excentricus,,Raw data,N,,12.5,,20,,3500.00,4.98E-01,Alternate species length,Order,2.27E-04,Original length,Density,m^3 per pred per day,788,0.68,3.96E-04,3.17E-04,5.40E-04,5.68E-05,4.27E-05,6.67E-05,200,10-30 predators per dish,
789,Frost 1972 LIMNOLOGY AND OCEANOGRAPHY,Pred,3.00,,Aquatic,,Metazoan,Invertebrate,Crustacean,Copepod,Calanus pacificus,Adult female,Unicell,Algae,Diatom,,Diatom,Coscinodiscus angstii,Centric,Raw data,N,,12.5,,20,,3500.00,4.98E-01,Alternate species length,Order,2.31E-05,Original length,Density,m^3 per pred per day,789,0.72,5.70E-04,4.27E-04,7.74E-04,1.06E-04,9.30E-05,1.19E-04,200,10-30 predators per dish,
790,Zhang 1992 EXP APPL ACAR,Pred,2.00,,Terrestrial,,Metazoan,Invertebrate,Arachnid,Mite,Allothrombium pulvinum,Deutonymph,Metazoan,Invertebrate,Arachnid,Mite,Red spider mite,Tetranychus urticae,Egg,Mean,N,,25.0,,1,10.18,,,,,2.11E-03,Alternate species length,Class,m^2 per pred per day,790,0.50,1.82E-04,9.13E-05,3.07E-04,1.47E-02,4.97E-10,2.82E-02,200,Hours starved not listed because deutonymphs unfed since emergence,
791,Zhang 1992 EXP APPL ACAR,Pred,2.00,,Terrestrial,,Metazoan,Invertebrate,Arachnid,Mite,Allothrombium pulvinum,Deutonymph,Metazoan,Invertebrate,Arachnid,Mite,Red spider mite,Tetranychus urticae,Adult female,Mean,N,,25.0,,1,10.18,,,,,7.03E-02,Alternate species length,Class,m^2 per pred per day,791,0.33,1.72E-04,1.03E-04,4.46E-04,2.42E-01,1.84E-01,3.29E-01,200,Hours starved not listed because deutonymphs unfed since emergence,
792,Fan and Petitt 1994 EXP APPL ACAR,Pred,2.00,,Terrestrial,,Metazoan,Invertebrate,Arachnid,Mite,Neoseiulus barkeri,Adult female,Metazoan,Invertebrate,Arachnid,Mite,Red spider mite,Tetranychus urticae,Egg,Mean,N,24,25.0,,1,4.91,,6.13E-02,Alternate order mass,,2.11E-03,Alternate species length,Class,m^2 per pred per day,792,0.76,5.36E-04,4.95E-04,5.75E-04,4.59E-10,2.29E-11,4.79E-10,200,,
793,Fan and Petitt 1994 EXP APPL ACAR,Pred,2.00,,Terrestrial,,Metazoan,Invertebrate,Arachnid,Mite,Neoseiulus barkeri,Adult female,Metazoan,Invertebrate,Arachnid,Mite,Red spider mite,Tetranychus urticae,Larva (newly hatched),Mean,N,24,25.0,,1,4.91,,6.13E-02,Alternate order mass,,,,,m^2 per pred per day,793,0.76,6.87E-04,5.84E-04,7.99E-04,1.48E-02,9.18E-03,1.86E-02,200,,
794,Fan and Petitt 1994 EXP APPL ACAR,Pred,2.00,,Terrestrial,,Metazoan,Invertebrate,Arachnid,Mite,Neoseiulus barkeri,Adult female,Metazoan,Invertebrate,Arachnid,Mite,Red spider mite,Tetranychus urticae,Adult female,Mean,N,24,25.0,,1,4.91,,6.13E-02,Alternate order mass,,7.03E-02,Alternate species length,Class,m^2 per pred per day,794,0.34,6.93E-04,4.99E-04,9.71E-04,3.58E-01,2.54E-01,4.52E-01,200,,
795,Cothran and Thorp 1985 OIKOS,Pred,3.00,,Aquatic,,Metazoan,Invertebrate,Insect,Odonata,Celithemis fasciata,Larva (penultimate instar),Metazoan,Invertebrate,Crustacean,Cladoceran,,Daphnia magna,,Mean,N,24,15.0,,1,,500.00,3.62E+01,Original length,Order,1.43E-01,Original length,Order,m^3 per pred per day,795,0.22,1.42E-03,4.40E-04,4.22E-03,2.00E-02,1.22E-02,2.87E-02,200,,
796,Wood and Hand 1985 CANADIAN J OF ZOOLOGY,Pred,3.00,,Aquatic,,Metazoan,Vertebrate,Bird,,Mergus merganser,,Metazoan,Vertebrate,Fish,Salmonidae,Coho salmon,Oncorhynchus kisutch,"Smolt, 16 months old",Mean,Y,,37.0,,,,130000000.00,1.45E+06,Alternate species mass,,4.29E+04,Original mass,,m^3 per pred per day,796,0.61,1.68E+04,1.60E+04,1.76E+04,2.19E-11,1.08E-12,2.24E-11,200,"Minimal bank cover, smolt have no previous exposure to mergansers",
797,Wood and Hand 1985 CANADIAN J OF ZOOLOGY,Pred,3.00,,Aquatic,,Metazoan,Vertebrate,Bird,,Mergus merganser,,Metazoan,Vertebrate,Fish,Salmonidae,Coho salmon,Oncorhynchus kisutch,"Smolt, 16 months old",Mean,Y,,37.0,,,,130000000.00,1.45E+06,Alternate species mass,,4.29E+04,Original mass,,m^3 per pred per day,797,0.47,8.43E+03,8.43E+03,8.44E+03,2.40E-11,2.40E-11,2.40E-11,200,"Minimal bank cover, smolt have previous exposure to mergansers",
798,Wood and Hand 1985 CANADIAN J OF ZOOLOGY,Pred,3.00,,Aquatic,,Metazoan,Vertebrate,Bird,,Mergus merganser,,Metazoan,Vertebrate,Fish,Salmonidae,Coho salmon,Oncorhynchus kisutch,"Smolt, 16 months old",Mean,Y,,37.0,,,,140000000.00,1.45E+06,Alternate species mass,,4.29E+04,Original mass,,m^3 per pred per day,798,0.50,9.92E+03,9.04E+03,1.10E+04,4.36E-04,3.39E-04,5.41E-04,200,"Good bank cover, smolt have no previous exposure to mergansers",
799,Wood and Hand 1985 CANADIAN J OF ZOOLOGY,Pred,3.00,,Aquatic,,Metazoan,Vertebrate,Bird,,Mergus merganser,,Metazoan,Vertebrate,Fish,Salmonidae,Coho salmon,Oncorhynchus kisutch,"Smolt, 16 months old",Mean,Y,,37.0,,,,140000000.00,1.45E+06,Alternate species mass,,4.29E+04,Original mass,,m^3 per pred per day,799,0.52,1.92E+03,1.92E+03,1.92E+03,3.20E-04,3.18E-04,3.21E-04,200,"Good bank cover, smolt have previous exposure to mergansers",
800,Wood and Hand 1985 CANADIAN J OF ZOOLOGY,Pred,3.00,,Aquatic,,Metazoan,Vertebrate,Bird,,Mergus merganser,,Metazoan,Vertebrate,Fish,Salmonidae,Coho salmon,Oncorhynchus kisutch,"Smolt, 16 months old",Mean,Y,,37.0,,,,130000000.00,1.45E+06,Alternate species mass,,4.29E+04,Original mass,,m^3 per pred per day,800,0.63,1.77E+04,1.68E+04,1.85E+04,2.22E-11,1.09E-12,2.26E-11,200,"Most vulnerable smolt, minimal bank cover, no previous exposure to mergansers, fed on by Hungry mergansers",
801,Wood and Hand 1985 CANADIAN J OF ZOOLOGY,Pred,3.00,,Aquatic,,Metazoan,Vertebrate,Bird,,Mergus merganser,,Metazoan,Vertebrate,Fish,Salmonidae,Coho salmon,Oncorhynchus kisutch,"Smolt, 16 months old",Mean,Y,,37.0,,,,130000000.00,1.45E+06,Alternate species mass,,4.29E+04,Original mass,,m^3 per pred per day,801,0.63,2.09E+03,1.71E+03,2.48E+03,9.38E-04,4.15E-04,1.52E-03,200,"Most vulnerable smolt, minimal bank cover, no previous exposure to mergansers, fed on by Satiated mergansers",
802,Wood and Hand 1985 CANADIAN J OF ZOOLOGY,Pred,3.00,,Aquatic,,Metazoan,Vertebrate,Bird,,Mergus merganser,,Metazoan,Vertebrate,Fish,Salmonidae,Coho salmon,Oncorhynchus kisutch,"Smolt, 16 months old",Mean,Y,,37.0,,,,140000000.00,1.45E+06,Alternate species mass,,4.29E+04,Original mass,,m^3 per pred per day,802,0.32,3.86E+03,2.96E+03,5.06E+03,8.31E-04,4.82E-04,1.23E-03,200,"Least vulnerable smolt, good bank cover, previous exposure to mergansers, fed on by Hungry mergansers",
803,Wood and Hand 1985 CANADIAN J OF ZOOLOGY,Pred,3.00,,Aquatic,,Metazoan,Vertebrate,Bird,,Mergus merganser,,Metazoan,Vertebrate,Fish,Salmonidae,Coho salmon,Oncorhynchus kisutch,"Smolt, 16 months old",Mean,Y,,37.0,,,,140000000.00,1.45E+06,Alternate species mass,,4.29E+04,Original mass,,m^3 per pred per day,803,0.10,7.83E+03,6.29E+03,1.01E+04,1.83E-03,1.25E-03,2.41E-03,200,"Least vulnerable smolt, good bank cover, previous exposure to mergansers, fed on by Satiatied mergansers",
804,Wood and Hand 1985 CANADIAN J OF ZOOLOGY,Pred,3.00,,Aquatic,,Metazoan,Vertebrate,Bird,,Mergus merganser,,Metazoan,Vertebrate,Fish,Salmonidae,Coho salmon,Oncorhynchus kisutch,"Fry, 4 months old",Mean,Y,,37.0,,,,130000000.00,1.45E+06,Alternate species mass,,2.27E+03,Original mass,,m^3 per pred per day,804,0.43,8.33E+03,8.33E+03,8.33E+03,2.02E-04,2.02E-04,2.02E-04,200,"Minimal bank cover, fed on by hungry mergansers",
805,Wood and Hand 1985 CANADIAN J OF ZOOLOGY,Pred,3.00,,Aquatic,,Metazoan,Vertebrate,Bird,,Mergus merganser,,Metazoan,Vertebrate,Fish,Salmonidae,Coho salmon,Oncorhynchus kisutch,"Smolt, 16 months old",Mean,Y,,37.0,,1.5,,140000000.00,1.45E+06,Alternate species mass,,4.29E+04,Original mass,,m^3 per pred per day,805,0.63,1.68E+03,1.67E+03,1.68E+03,1.56E-03,1.56E-03,1.56E-03,200,"Good bank cover, smolt have previous exposure to mergansers, fed on by Hungry mergansers, 1-2 birds foraging",
806,Sørnes and Aksnes 2004 LIMNOLOGY AND OCEANOGRAPHY,Pred,3.00,,Aquatic,,Metazoan,Invertebrate,Ctenophore,,Bolinopsis infundibulum,,Metazoan,Invertebrate,Crustacean,Branchiopod,Brine shrimp,Artemia sp.,Nauplii,Mean,N,,12.0,,1,,5000000000.00,2.49E+01,Original length,Zooplankton,8.45E-02,Original length,Zooplankton,m^3 per pred per day,806,0.81,5.88E-03,3.65E-03,1.35E-02,2.28E-04,2.47E-11,4.45E-04,200,check densities and units,
807,Båmstedt 1990 J OF PLANKTON RESEARCH,Pred,3.00,,Aquatic,,Metazoan,Invertebrate,Cnidarian,,Aurelia aurita,Adult,Unicell,Protozoan,Ciliate,,Ciliate,Strombidium sulcatum,,Raw data,N,,6.9,,3.5,,750.00,2.38E+04,Average species mass,,1.16E-05,Alternate species length,Density,m^3 per pred per day,807,0.71,2.17E-06,1.55E-06,3.36E-06,8.73E-04,4.59E-10,7.58E-03,200,,
808,Båmstedt 1990 J OF PLANKTON RESEARCH,Pred,3.00,,Aquatic,,Metazoan,Invertebrate,Cnidarian,,Aurelia aurita,Ephyra larvae,Metazoan,Invertebrate,Rotifer,,Rotifers,Synchaeta sp.,,Raw data,N,,6.5,,5,,200.00,8.51E+01,Alternate species length,Species,,,,m^3 per pred per day,808,0.87,2.70E-05,2.13E-05,3.66E-05,1.54E-02,4.96E-10,4.92E-02,200,,
809,Båmstedt 1990 J OF PLANKTON RESEARCH,Pred,3.00,,Aquatic,,Metazoan,Invertebrate,Cnidarian,,Aurelia aurita,Small,Metazoan,Invertebrate,,,Mixed zooplankton,,,Raw data,N,,15.0,,5,,30000.00,1.04E+03,Alternate species length,Species,2.75E-02,Alternate zooplankton length,Zooplankton,m^3 per pred per day,809,0.73,1.74E-02,9.59E-03,5.78E-02,5.12E-05,1.19E-12,5.95E-04,200,,
810,Båmstedt 1990 J OF PLANKTON RESEARCH,Pred,3.00,,Aquatic,,Metazoan,Invertebrate,Cnidarian,,Aurelia aurita,Small medium,Metazoan,Invertebrate,,,Mixed zooplankton,,,Raw data,N,,15.0,,5,,30000.00,1.78E+03,Alternate species length,Species,2.75E-02,Alternate zooplankton length,Zooplankton,m^3 per pred per day,810,0.94,2.60E-02,2.09E-02,4.30E-02,2.49E-11,1.01E-13,2.96E-04,200,,
811,Båmstedt 1990 J OF PLANKTON RESEARCH,Pred,3.00,,Aquatic,,Metazoan,Invertebrate,Cnidarian,,Aurelia aurita,Medium,Metazoan,Invertebrate,,,Mixed zooplankton,,,Raw data,N,,15.0,,5,,30000.00,2.80E+03,Alternate species length,Species,2.75E-02,Alternate zooplankton length,Zooplankton,m^3 per pred per day,811,0.99,2.69E-02,2.52E-02,3.82E-02,1.57E-12,8.80E-14,2.52E-04,200,,
812,Båmstedt 1990 J OF PLANKTON RESEARCH,Pred,3.00,,Aquatic,,Metazoan,Invertebrate,Cnidarian,,Aurelia aurita,Medium Large,Metazoan,Invertebrate,,,Mixed zooplankton,,,Raw data,N,,15.0,,5,,30000.00,2.80E+03,Alternate species length,Species,2.75E-02,Alternate zooplankton length,Zooplankton,m^3 per pred per day,812,0.99,2.73E-02,2.37E-02,3.41E-02,4.55E-05,7.74E-13,1.19E-04,200,,
813,Båmstedt 1990 J OF PLANKTON RESEARCH,Pred,3.00,,Aquatic,,Metazoan,Invertebrate,Cnidarian,,Aurelia aurita,Large,Metazoan,Invertebrate,,,Mixed zooplankton,,,Raw data,N,,15.0,,5,,30000.00,9.94E+04,Alternate species length,Species,2.75E-02,Alternate zooplankton length,Zooplankton,m^3 per pred per day,813,0.98,2.71E-02,2.52E-02,4.63E-02,5.91E-06,1.23E-12,3.53E-04,200,,
814,Eggleston et al 1992 MARINE ECOLOGY PROGRESS SERIES,Pred,2.50,,Aquatic,,Metazoan,Invertebrate,Crustacean,Decapod,Callinectes sapidus,"Adult, male, intermold",Metazoan,Invertebrate,Mollusk,Bivalve,Baltic macoma,Limecola balthica,Adult,Mean,N,,26.0,,1,2341.40,56193.54,2.28E+06,Original length,Order,,,,m^2.5 per pred per day,814,0.83,1.00E-01,6.13E-02,1.88E-01,1.13E-01,7.79E-02,1.51E-01,200,"In sand: 94.2% sand, 1.9% silt, 3.7% clay",
815,Eggleston et al 1992 MARINE ECOLOGY PROGRESS SERIES,Pred,2.50,,Aquatic,,Metazoan,Invertebrate,Crustacean,Decapod,Callinectes sapidus,"Adult, male, intermold",Metazoan,Invertebrate,Mollusk,Bivalve,Baltic macoma,Limecola balthica,Adult,Mean,N,,26.0,,1,2341.40,56193.54,2.28E+06,Original length,Order,,,,m^2.5 per pred per day,815,0.78,1.22E-01,5.79E-02,2.24E-01,1.23E-01,9.23E-02,1.61E-01,200,"In mud: 20% sand, 33.9% siit, 46% clay",
816,Greene et al 1986 ECOLOGY,Pred,3.00,,Aquatic,,Metazoan,Invertebrate,Ctenophore,,Pleurobrachia bachei,,Metazoan,Invertebrate,Crustacean,Copepod,,Acartia clausi,Adult female,Mean,N,,12.0,,1,,3785.00,7.44E+00,Alternate species length,Zooplankton,1.00E-02,Original mass,,m^3 per pred per day,816,0.86,5.70E-03,4.91E-03,6.48E-03,4.14E-04,1.48E-10,7.57E-04,200,,
817,Greene et al 1986 ECOLOGY,Pred,3.00,,Aquatic,,Metazoan,Invertebrate,Ctenophore,,Pleurobrachia bachei,,Metazoan,Invertebrate,Crustacean,Copepod,,Pseudocalanus sp.,Adult female,Mean,N,,12.0,,1,,3785.00,7.44E+00,Alternate species length,Zooplankton,6.25E-02,Original mass,,m^3 per pred per day,817,0.85,8.26E-03,7.02E-03,9.63E-03,7.63E-04,4.68E-04,1.06E-03,200,,
818,Chesson 1989 ECOLOGY,Pred,3.00,,Aquatic,,Metazoan,Invertebrate,Insect,Hemiptera,Notonecta hoffmanni,Adult,Metazoan,Invertebrate,Insect,Diptera,Northern house mosquito,Culex pipiens,larvae,Mean,N,20,25.0,,1,,700.00,3.48E+01,Alternate genus length,Order,6.93E+00,% adult mass,,m^3 per pred per day,818,0.34,2.85E-02,2.78E-02,2.95E-02,3.79E-03,3.70E-03,3.92E-03,200,No Alternative prey,
819,Chesson 1989 ECOLOGY,Pred,3.00,,Aquatic,,Metazoan,Invertebrate,Insect,Hemiptera,Notonecta hoffmanni,Adult,Metazoan,Invertebrate,Insect,Diptera,Northern house mosquito,Culex pipiens,larvae,Mean,N,20,25.0,,1,,700.00,3.48E+01,Alternate genus length,Order,6.93E+00,% adult mass,,m^3 per pred per day,819,0.78,3.22E-02,3.13E-02,3.30E-02,3.83E-03,3.76E-03,3.89E-03,200,"5 Daphnia pulex as alternative prey, 2±0.2mm, 7143 prey per m3",
820,Chesson 1989 ECOLOGY,Pred,3.00,,Aquatic,,Metazoan,Invertebrate,Insect,Hemiptera,Notonecta hoffmanni,Adult,Metazoan,Invertebrate,Insect,Diptera,Northern house mosquito,Culex pipiens,larvae,Mean,N,20,25.0,,1,,700.00,3.48E+01,Alternate genus length,Order,6.93E+00,% adult mass,,m^3 per pred per day,820,0.52,4.06E-02,3.89E-02,4.26E-02,4.31E-03,4.18E-03,4.43E-03,200,"10 Daphnia pulex as alternative prey, 2±0.2mm, 14286 prey per m3",
821,Chesson 1989 ECOLOGY,Pred,3.00,,Aquatic,,Metazoan,Invertebrate,Insect,Hemiptera,Notonecta hoffmanni,Adult,Metazoan,Invertebrate,Insect,Diptera,Northern house mosquito,Culex pipiens,larvae,Mean,N,20,25.0,,1,,700.00,3.48E+01,Alternate genus length,Order,6.93E+00,% adult mass,,m^3 per pred per day,821,0.91,1.52E-02,1.50E-02,1.55E-02,2.94E-03,2.86E-03,3.00E-03,200,"20 Daphnia pulex as alternative prey, 2±0.2mm, 28571 prey per m3",
822,Chesson 1989 ECOLOGY,Pred,3.00,,Aquatic,,Metazoan,Invertebrate,Insect,Hemiptera,Notonecta hoffmanni,Adult,Metazoan,Invertebrate,Insect,Diptera,Northern house mosquito,Culex pipiens,larvae,Mean,N,20,25.0,,1,,700.00,3.48E+01,Alternate genus length,Order,6.93E+00,% adult mass,,m^3 per pred per day,822,0.53,3.00E-02,2.93E-02,3.10E-02,3.25E-03,3.16E-03,3.35E-03,200,No Alternative prey,
823,Chesson 1989 ECOLOGY,Pred,3.00,,Aquatic,,Metazoan,Invertebrate,Insect,Hemiptera,Notonecta hoffmanni,Adult,Metazoan,Invertebrate,Insect,Diptera,Northern house mosquito,Culex pipiens,larvae,Mean,N,20,25.0,,1,,700.00,3.48E+01,Alternate genus length,Order,6.93E+00,% adult mass,,m^3 per pred per day,823,0.68,1.00E-02,9.80E-03,1.03E-02,1.49E-03,1.38E-03,1.62E-03,200,"5 Drosophila sp. as alternative prey,  2±0.2mm, vestigal wings, 7143 prey per m3",
824,Chesson 1989 ECOLOGY,Pred,3.00,,Aquatic,,Metazoan,Invertebrate,Insect,Hemiptera,Notonecta hoffmanni,Adult,Metazoan,Invertebrate,Insect,Diptera,Northern house mosquito,Culex pipiens,larvae,Mean,N,20,25.0,,1,,700.00,3.48E+01,Alternate genus length,Order,6.93E+00,% adult mass,,m^3 per pred per day,824,0.70,7.13E-03,6.81E-03,7.36E-03,8.61E-03,8.13E-03,9.02E-03,200,"10 Drosophila sp. as alternative prey,  2±0.2mm, vestigal wings, 14286 prey per m3",
825,Vinyard and Menger 1980 OECOLOGIA,Pred,3.00,,Aquatic,,Metazoan,Invertebrate,Insect,Diptera,Chaoborus americanus,"Larvae, 4th instar",Metazoan,Invertebrate,Crustacean,Cladoceran,Water flea,Daphnia pulex,Small,Mean,N,24,14.0,,1,,200.00,1.04E+01,% adult mass,,1.01E-01,Original length,Order,m^3 per pred per day,825,0.81,3.46E-04,2.16E-04,6.55E-04,3.57E-02,2.01E-02,5.64E-02,200,,
826,Vinyard and Menger 1980 OECOLOGIA,Pred,3.00,,Aquatic,,Metazoan,Invertebrate,Insect,Diptera,Chaoborus americanus,"Larvae, 4th instar",Metazoan,Invertebrate,Crustacean,Cladoceran,Water flea,Daphnia pulex,Medium,Mean,N,24,14.0,,1,,200.00,1.04E+01,% adult mass,,2.96E-01,Original length,Order,m^3 per pred per day,826,0.64,1.01E-04,6.31E-05,3.31E-04,4.69E-02,4.89E-10,1.38E-01,200,,
827,Vinyard and Menger 1980 OECOLOGIA,Pred,3.00,,Aquatic,,Metazoan,Invertebrate,Insect,Diptera,Chaoborus americanus,"Larvae, 4th instar",Metazoan,Invertebrate,Crustacean,Cladoceran,Water flea,Daphnia pulex,Large,Mean,N,24,14.0,,1,,200.00,1.04E+01,% adult mass,,6.36E-01,Original length,Order,m^3 per pred per day,827,0.35,2.86E-04,1.31E-04,5.46E-04,2.04E-01,1.57E-01,2.68E-01,200,,
828,Vinyard and Menger 1980 OECOLOGIA,Pred,3.00,,Aquatic,,Metazoan,Invertebrate,Insect,Diptera,Chaoborus americanus,"Larvae, 4th instar",Metazoan,Invertebrate,Crustacean,Cladoceran,Water flea,Daphnia rosea,Small,Mean,N,24,14.0,,1,,200.00,1.04E+01,% adult mass,,1.01E-01,Original length,Order,m^3 per pred per day,828,0.91,2.60E-04,1.80E-04,3.42E-04,3.05E-02,4.38E-03,5.02E-02,200,,
829,Vinyard and Menger 1980 OECOLOGIA,Pred,3.00,,Aquatic,,Metazoan,Invertebrate,Insect,Diptera,Chaoborus americanus,"Larvae, 4th instar",Metazoan,Invertebrate,Crustacean,Cladoceran,Water flea,Daphnia rosea,Medium,Mean,N,24,14.0,,1,,200.00,1.04E+01,% adult mass,,2.96E-01,Original length,Order,m^3 per pred per day,829,0.89,2.72E-04,2.00E-04,3.38E-04,4.69E-02,2.62E-02,6.36E-02,200,,
830,Vinyard and Menger 1980 OECOLOGIA,Pred,3.00,,Aquatic,,Metazoan,Invertebrate,Insect,Diptera,Chaoborus americanus,"Larvae, 4th instar",Metazoan,Invertebrate,Crustacean,Cladoceran,Water flea,Daphnia rosea,Large,Mean,N,24,14.0,,1,,200.00,1.04E+01,% adult mass,,6.36E-01,Original length,Order,m^3 per pred per day,830,0.76,2.54E-04,1.57E-04,4.41E-04,9.40E-02,5.66E-02,1.24E-01,200,,
831,Vinyard and Menger 1980 OECOLOGIA,Pred,3.00,,Aquatic,,Metazoan,Invertebrate,Insect,Diptera,Chaoborus americanus,"Larvae, 4th instar",Metazoan,Invertebrate,Crustacean,Cladoceran,,Moina hutchinsoni,,Mean,N,24,14.0,,1,,200.00,1.04E+01,% adult mass,,1.01E-01,Original length,Order,m^3 per pred per day,831,0.69,4.25E-04,3.04E-04,6.65E-04,5.84E-02,3.72E-02,8.10E-02,200,,
832,Vinyard and Menger 1980 OECOLOGIA,Pred,3.00,,Aquatic,,Metazoan,Invertebrate,Insect,Diptera,Chaoborus americanus,"Larvae, 4th instar",Metazoan,Invertebrate,Crustacean,Cladoceran,,Holopedium gibberum,Small,Mean,N,24,14.0,,1,,200.00,1.04E+01,% adult mass,,1.01E-01,Original length,Order,m^3 per pred per day,832,0.49,1.23E-04,5.97E-05,2.80E-04,1.45E-01,8.04E-02,2.20E-01,200,,
833,Vinyard and Menger 1980 OECOLOGIA,Pred,3.00,,Aquatic,,Metazoan,Invertebrate,Insect,Diptera,Chaoborus americanus,"Larvae, 4th instar",Metazoan,Invertebrate,Crustacean,Cladoceran,,Holopedium gibberum,Large,Mean,N,24,14.0,,1,,200.00,1.04E+01,% adult mass,,6.36E-01,Original length,Order,m^3 per pred per day,833,0.54,5.42E-05,2.52E-05,1.71E-04,2.03E-01,4.81E-10,4.28E-01,200,,
834,Vinyard and Menger 1980 OECOLOGIA,Pred,3.00,,Aquatic,,Metazoan,Invertebrate,Insect,Diptera,Chaoborus americanus,"Larvae, 4th instar",Metazoan,Invertebrate,Crustacean,Copepod,,Diaptomus birgei,,Mean,N,24,14.0,,1,,200.00,1.04E+01,% adult mass,,3.85E-02,Original length,Order,m^3 per pred per day,834,0.89,2.67E-04,1.59E-04,5.92E-04,3.67E-02,1.19E-02,5.79E-02,200,,
835,Vinyard and Menger 1980 OECOLOGIA,Pred,3.00,,Aquatic,,Metazoan,Invertebrate,Insect,Diptera,Chaoborus americanus,"Larvae, 4th instar",Metazoan,Invertebrate,Crustacean,Copepod,,Diaptomus leptopus,,Mean,N,24,14.0,,1,,200.00,1.04E+01,% adult mass,,1.94E-01,Original length,Order,m^3 per pred per day,835,0.93,1.51E-04,1.16E-04,2.33E-04,2.76E-02,1.15E-02,4.84E-02,200,,
836,Vinyard and Menger 1980 OECOLOGIA,Pred,3.00,,Aquatic,,Metazoan,Invertebrate,Insect,Diptera,Chaoborus americanus,"Larvae, 4th instar",Metazoan,Invertebrate,Crustacean,Copepod,copepod,Cyclops vernalis,,Mean,N,24,14.0,,1,,200.00,1.04E+01,% adult mass,,2.58E-01,Original length,Order,m^3 per pred per day,836,0.83,1.75E-04,1.32E-04,2.94E-04,1.37E-01,1.06E-01,1.68E-01,200,,
837,Bailey and Batty 1983 MARINE BIOLOGY,Pred,3.00,,Aquatic,,Metazoan,Invertebrate,Cnidarian,,Aurelia aurita,,Metazoan,Vertebrate,Fish,Clupeidae,Atlantic herring,Clupea harengus,"Larvae, 10-15 days past yolk-sac stage",Raw data,N,,11.5,,1,,5000.00,1.61E+02,Original length,Species,7.92E+00,Original length,Species,m^3 per pred per day,837,0.68,3.55E-02,1.75E-02,8.62E-02,4.05E-03,1.01E-04,8.41E-03,200,,
838,Hildrew and Townsend 1977 OECOLOGIA,Pred,3.00,,Aquatic,,Metazoan,Invertebrate,Insect,Trichoptera,Plectrocnemia conspersa,Larvae,Metazoan,Invertebrate,Insect,Leuctridae,,Leuctra nigra,Larvae,Mean,N,24,15.0,,1,,567.00,1.59E+01,Alternate genus length,Order,,,,m^3 per pred per day,838,0.78,8.09E-04,7.19E-04,9.09E-04,2.05E-02,1.67E-02,2.49E-02,200,Sand,
839,Hildrew and Townsend 1977 OECOLOGIA,Pred,3.00,,Aquatic,,Metazoan,Invertebrate,Insect,Trichoptera,Plectrocnemia conspersa,Larvae,Metazoan,Invertebrate,Insect,Leuctridae,,Leuctra nigra,Larvae,Mean,N,24,15.0,,1,,567.00,1.59E+01,Alternate genus length,Order,,,,m^3 per pred per day,839,0.82,2.38E-03,2.24E-03,2.54E-03,2.83E-02,2.77E-02,2.90E-02,200,Glass,
840,Hildrew and Townsend 1977 OECOLOGIA,Pred,3.00,,Aquatic,,Metazoan,Invertebrate,Insect,Trichoptera,Plectrocnemia conspersa,Larvae,Metazoan,Invertebrate,Insect,Leuctridae,,Leuctra nigra,Larvae,Mean,N,24,15.0,,1,,567.00,1.59E+01,Alternate genus length,Order,,,,m^3 per pred per day,840,0.85,1.26E-04,1.15E-04,1.61E-04,4.76E-10,4.58E-10,8.12E-04,200,"Stones, 0.75-1.5cm",
841,Hildrew and Townsend 1977 OECOLOGIA,Pred,3.00,,Aquatic,,Metazoan,Invertebrate,Insect,Trichoptera,Plectrocnemia conspersa,Larvae,Metazoan,Invertebrate,Insect,Leuctridae,,Leuctra nigra,Larvae,Mean,N,24,15.0,,1,,567.00,1.59E+01,Alternate genus length,Order,,,,m^3 per pred per day,841,0.91,2.51E-04,2.44E-04,2.57E-04,4.80E-10,4.76E-10,4.84E-10,200,"Stones, 0.5-0.9cm",
842,Hildrew and Townsend 1977 OECOLOGIA,Pred,3.00,,Aquatic,,Metazoan,Invertebrate,Insect,Trichoptera,Plectrocnemia conspersa,Larvae,Metazoan,Invertebrate,Insect,Leuctridae,,Leuctra nigra,Larvae,Mean,N,24,15.0,,1,,567.00,1.59E+01,Alternate genus length,Order,,,,m^3 per pred per day,842,0.64,1.18E-03,1.04E-03,1.35E-03,2.37E-02,1.92E-02,2.80E-02,200,Leaves,
843,Hildrew and Townsend 1977 OECOLOGIA,Pred,3.00,,Aquatic,,Metazoan,Invertebrate,Insect,Trichoptera,Plectrocnemia conspersa,Larvae,Metazoan,Invertebrate,Insect,Nemouridae,,Nemurella picteti,Larvae,Mean,N,24,15.0,,1,,567.00,1.59E+01,Alternate genus length,Order,,,,m^3 per pred per day,843,0.97,8.49E-04,8.18E-04,8.78E-04,2.50E-11,2.47E-11,2.51E-04,200,Sand,
844,Hildrew and Townsend 1977 OECOLOGIA,Pred,3.00,,Aquatic,,Metazoan,Invertebrate,Insect,Trichoptera,Plectrocnemia conspersa,Larvae,Metazoan,Invertebrate,Insect,Nemouridae,,Nemurella picteti,Larvae,Mean,N,24,15.0,,1,,567.00,1.59E+01,Alternate genus length,Order,,,,m^3 per pred per day,844,0.79,2.07E-04,1.94E-04,2.50E-04,1.61E-09,5.05E-10,2.25E-02,200,Leaves,
845,Hildrew and Townsend 1977 OECOLOGIA,Pred,3.00,,Aquatic,,Metazoan,Invertebrate,Insect,Trichoptera,Plectrocnemia conspersa,Larvae,Metazoan,Invertebrate,Insect,Nemouridae,,Nemurella picteti,Larvae,Mean,N,24,15.0,,1,,567.00,1.59E+01,Alternate genus length,Order,,,,m^3 per pred per day,845,0.66,8.56E-04,8.09E-04,9.28E-04,1.64E-11,1.61E-11,1.68E-11,200,Stones,
846,Fernando and Hassell 1980 RES POPUL ECOL,Pred,2.00,,Terrestrial,,Metazoan,Invertebrate,Arachnid,Mite,Phytoseiulus persimilis,Protonymph,Metazoan,Invertebrate,Arachnid,Mite,Red spider mite,Tetranychus urticae,Egg,Mean,N,,20.0,,1,15.90,,,,,2.11E-03,Alternate species length,Class,m^2 per pred per day,846,0.64,2.68E-03,1.91E-03,4.13E-03,1.93E-01,1.78E-01,2.08E-01,200,,
847,Fernando and Hassell 1980 RES POPUL ECOL,Pred,2.00,,Terrestrial,,Metazoan,Invertebrate,Arachnid,Mite,Phytoseiulus persimilis,Protonymph,Metazoan,Invertebrate,Arachnid,Mite,Red spider mite,Tetranychus urticae,Larva,Mean,N,,20.0,,1,15.90,,,,,,,,m^2 per pred per day,847,0.80,2.02E-03,1.58E-03,2.64E-03,1.33E-01,1.23E-01,1.48E-01,200,,
848,Fernando and Hassell 1980 RES POPUL ECOL,Pred,2.00,,Terrestrial,,Metazoan,Invertebrate,Arachnid,Mite,Phytoseiulus persimilis,Protonymph,Metazoan,Invertebrate,Arachnid,Mite,Red spider mite,Tetranychus urticae,Protonymph,Mean,N,,20.0,,1,15.90,,,,,,,,m^2 per pred per day,848,0.69,2.47E-03,1.99E-03,3.08E-03,1.87E-01,1.65E-01,2.14E-01,200,,
849,Fernando and Hassell 1980 RES POPUL ECOL,Pred,2.00,,Terrestrial,,Metazoan,Invertebrate,Arachnid,Mite,Phytoseiulus persimilis,Protonymph,Metazoan,Invertebrate,Arachnid,Mite,Red spider mite,Tetranychus urticae,Deutonymph,Mean,N,,20.0,,1,15.90,,,,,,,,m^2 per pred per day,849,0.44,2.57E-03,1.81E-03,3.73E-03,3.25E-01,2.79E-01,3.93E-01,200,,
850,Fernando and Hassell 1980 RES POPUL ECOL,Pred,2.00,,Terrestrial,,Metazoan,Invertebrate,Arachnid,Mite,Phytoseiulus persimilis,Deutonymph,Metazoan,Invertebrate,Arachnid,Mite,Red spider mite,Tetranychus urticae,Egg,Mean,N,,20.0,,1,15.90,,,,,2.11E-03,Alternate species length,Class,m^2 per pred per day,850,0.85,2.22E-03,1.87E-03,2.75E-03,1.25E-01,1.17E-01,1.35E-01,200,,
851,Fernando and Hassell 1980 RES POPUL ECOL,Pred,2.00,,Terrestrial,,Metazoan,Invertebrate,Arachnid,Mite,Phytoseiulus persimilis,Deutonymph,Metazoan,Invertebrate,Arachnid,Mite,Red spider mite,Tetranychus urticae,Larva,Mean,N,,20.0,,1,15.90,,,,,,,,m^2 per pred per day,851,0.89,2.33E-03,1.94E-03,2.75E-03,8.00E-02,6.93E-02,8.93E-02,200,,
852,Fernando and Hassell 1980 RES POPUL ECOL,Pred,2.00,,Terrestrial,,Metazoan,Invertebrate,Arachnid,Mite,Phytoseiulus persimilis,Deutonymph,Metazoan,Invertebrate,Arachnid,Mite,Red spider mite,Tetranychus urticae,Protonymph,Mean,N,,20.0,,1,15.90,,,,,,,,m^2 per pred per day,852,0.76,2.29E-03,1.85E-03,2.88E-03,1.13E-01,9.58E-02,1.36E-01,200,,
853,Fernando and Hassell 1980 RES POPUL ECOL,Pred,2.00,,Terrestrial,,Metazoan,Invertebrate,Arachnid,Mite,Phytoseiulus persimilis,Deutonymph,Metazoan,Invertebrate,Arachnid,Mite,Red spider mite,Tetranychus urticae,Deutonymph,Mean,N,,20.0,,1,15.90,,,,,,,,m^2 per pred per day,853,0.67,2.54E-03,1.88E-03,3.28E-03,2.20E-01,1.97E-01,2.42E-01,200,,
854,Fernando and Hassell 1980 RES POPUL ECOL,Pred,2.00,,Terrestrial,,Metazoan,Invertebrate,Arachnid,Mite,Phytoseiulus persimilis,Adult female,Metazoan,Invertebrate,Arachnid,Mite,Red spider mite,Tetranychus urticae,Egg,Mean,N,0,20.0,,1,15.90,,6.66E-02,Alternate species length,Class,2.11E-03,Alternate species length,Class,m^2 per pred per day,854,0.95,1.97E-03,1.70E-03,2.35E-03,3.17E-02,2.92E-02,3.41E-02,200,,
855,Morand et al 1987 J OF PLANKTON RESEARCH,Pred,3.00,,Aquatic,,Metazoan,Invertebrate,Cnidarian,,Pelagia noctiluca,Small,Metazoan,Invertebrate,Crustacean,Branchiopod,Brine shrimp,Artemia sp.,Nauplii,Raw data,N,,21.0,,1,,5000.00,9.09E+02,Original length,Density,2.17E-01,Average species mass,,m^3 per pred per day,855,0.69,2.15E-02,1.55E-02,2.91E-02,3.36E-03,2.23E-03,4.27E-03,200,,
856,Morand et al 1987 J OF PLANKTON RESEARCH,Pred,3.00,,Aquatic,,Metazoan,Invertebrate,Cnidarian,,Pelagia noctiluca,Large,Metazoan,Invertebrate,Crustacean,Branchiopod,Brine shrimp,Artemia sp.,Nauplii,Raw data,N,,21.0,,1,,5000.00,2.16E+03,Original length,Density,2.17E-01,Average species mass,,m^3 per pred per day,856,0.53,3.41E-02,2.29E-02,5.15E-02,1.64E-03,6.26E-04,2.57E-03,200,,
857,Reeve et al 1978 LIMNOLOGY AND OCEANOGRAPHY,Pred,3.00,,Aquatic,,Metazoan,Invertebrate,Ctenophore,,Mnemiopsis mccradyi,Lobate,Metazoan,Invertebrate,Crustacean,Copepod,copepod,Acartia tonsa,,Mean,Y,0,26.0,,10,,30000.00,5.53E+02,Original length,Zooplankton,3.00E-02,Original mass,,m^3 per pred per day,857,0.94,3.47E-02,3.06E-02,3.97E-02,8.39E-05,6.36E-05,1.06E-04,200,,
858,Reeve et al 1978 LIMNOLOGY AND OCEANOGRAPHY,Pred,3.00,,Aquatic,,Metazoan,Invertebrate,Ctenophore,,Mnemiopsis mccradyi,Lobate,Metazoan,Invertebrate,Crustacean,Copepod,copepod,Acartia tonsa,,Mean,Y,24,26.0,,10,,30000.00,1.03E+02,Original length,Zooplankton,3.00E-02,Original mass,,m^3 per pred per day,858,0.96,2.03E-02,1.90E-02,2.25E-02,2.94E-11,1.24E-12,8.94E-06,200,,
859,Reeve et al 1978 LIMNOLOGY AND OCEANOGRAPHY,Pred,3.00,,Aquatic,,Metazoan,Invertebrate,Ctenophore,,Mnemiopsis mccradyi,Lobate,Metazoan,Invertebrate,Crustacean,Copepod,copepod,Acartia tonsa,,Mean,Y,0,26.0,,10,,30000.00,1.03E+02,Original length,Zooplankton,3.00E-02,Original mass,,m^3 per pred per day,859,0.97,1.49E-02,1.42E-02,1.56E-02,6.13E-14,6.08E-14,1.24E-12,200,,
860,Reeve et al 1978 LIMNOLOGY AND OCEANOGRAPHY,Pred,3.00,,Aquatic,,Metazoan,Invertebrate,Ctenophore,,Mnemiopsis mccradyi,Tentaculate,Metazoan,Invertebrate,Crustacean,Copepod,copepod,Acartia tonsa,,Mean,N,0,26.0,,6.5,,3000.00,1.16E+01,Original length,Zooplankton,3.00E-02,Original mass,,m^3 per pred per day,860,0.92,1.75E-03,1.52E-03,2.01E-03,6.57E-04,4.26E-04,8.67E-04,200,,
861,Reeve et al 1978 LIMNOLOGY AND OCEANOGRAPHY,Pred,3.00,,Aquatic,,Metazoan,Invertebrate,Ctenophore,,Mnemiopsis mccradyi,Tentaculate,Metazoan,Invertebrate,Crustacean,Copepod,copepod,Acartia tonsa,,Mean,N,0,26.0,,6.5,,3000.00,7.44E+00,Original length,Zooplankton,3.00E-02,Original mass,,m^3 per pred per day,861,0.72,1.26E-03,1.11E-03,1.43E-03,3.76E-03,3.34E-03,4.16E-03,200,,
862,Reeve et al 1978 LIMNOLOGY AND OCEANOGRAPHY,Pred,3.00,,Aquatic,,Metazoan,Invertebrate,Ctenophore,,Mnemiopsis mccradyi,Tentaculate,Metazoan,Invertebrate,Crustacean,Copepod,copepod,Acartia tonsa,,Mean,N,0,26.0,,6.5,,3000.00,2.92E+00,Original length,Zooplankton,3.00E-02,Original mass,,m^3 per pred per day,862,0.94,2.62E-03,2.24E-03,3.00E-03,1.80E-03,1.63E-03,1.94E-03,200,,
863,Reeve et al 1978 LIMNOLOGY AND OCEANOGRAPHY,Pred,3.00,,Aquatic,,Metazoan,Invertebrate,Ctenophore,,Pleurobrachia bachei,Tentaculate,Metazoan,Invertebrate,Crustacean,Copepod,copepod,Pseudocalanus minutus,,Mean,N,0,13.0,,6.5,,3000.00,4.20E+00,Original length,Zooplankton,3.00E-02,Original mass,,m^3 per pred per day,863,0.95,4.27E-04,3.44E-04,5.12E-04,6.42E-03,5.10E-03,7.84E-03,200,,
864,Kremer et al 1986 J OF PLANKTON RESEARCH,Pred,3.00,,Aquatic,,Metazoan,Invertebrate,Ctenophore,,Bolinopsis vitrea,Small,Metazoan,Invertebrate,Crustacean,Copepod,copepod,,,Raw data,N,,,,,,35000.00,5.70E+00,Original length,Zooplankton,1.46E-03,Original length,Order,m^3 per pred per day,864,0.97,1.16E-03,9.86E-04,3.14E-03,7.45E-11,2.36E-11,3.42E-02,200,,
865,Kremer et al 1986 J OF PLANKTON RESEARCH,Pred,3.00,,Aquatic,,Metazoan,Invertebrate,Ctenophore,,Bolinopsis vitrea,Small,Metazoan,Invertebrate,Crustacean,Copepod,copepod,,,Raw data,N,,,,,,35000.00,5.70E+00,Original length,Zooplankton,1.46E-03,Original length,Order,m^3 per pred per day,865,0.83,3.67E-03,1.29E-03,1.16E-02,1.37E-02,3.11E-11,3.51E-02,200,,
866,Kremer et al 1986 J OF PLANKTON RESEARCH,Pred,3.00,,Aquatic,,Metazoan,Invertebrate,Ctenophore,,Bolinopsis vitrea,Small,Metazoan,Invertebrate,Crustacean,Copepod,copepod,,,Raw data,N,,,,,,35000.00,5.70E+00,Original length,Zooplankton,1.46E-03,Original length,Order,m^3 per pred per day,866,0.76,1.63E-02,2.72E-03,4.07E-02,2.85E-02,1.00E-08,4.05E-02,200,,
867,Kremer et al 1986 J OF PLANKTON RESEARCH,Pred,3.00,,Aquatic,,Metazoan,Invertebrate,Ctenophore,,Bolinopsis vitrea,Large,Metazoan,Invertebrate,Crustacean,Copepod,copepod,,,Raw data,N,,,,,,35000.00,1.52E+02,Original length,Zooplankton,1.46E-03,Original length,Order,m^3 per pred per day,867,0.98,2.96E-02,1.61E-02,4.05E-02,8.72E-04,5.52E-04,1.30E-03,200,,
868,Kremer et al 1986 J OF PLANKTON RESEARCH,Pred,3.00,,Aquatic,,Metazoan,Invertebrate,Ctenophore,,Bolinopsis vitrea,Large,Metazoan,Invertebrate,Crustacean,Copepod,copepod,,,Raw data,N,,,,,,35000.00,1.52E+02,Original length,Zooplankton,1.46E-03,Original length,Order,m^3 per pred per day,868,0.92,3.24E-02,9.41E-03,1.19E-01,7.82E-04,1.30E-11,2.18E-03,200,,
869,Kremer et al 1986 J OF PLANKTON RESEARCH,Pred,3.00,,Aquatic,,Metazoan,Invertebrate,Ctenophore,,Bolinopsis vitrea,Large,Metazoan,Invertebrate,Crustacean,Copepod,copepod,,,Raw data,N,,,,,,35000.00,1.52E+02,Original length,Zooplankton,1.46E-03,Original length,Order,m^3 per pred per day,869,1.00,3.22E-02,2.79E-02,4.67E-02,1.38E-03,1.30E-03,2.02E-03,200,,
870,Kremer et al 1986 J OF PLANKTON RESEARCH,Pred,3.00,,Aquatic,,Metazoan,Invertebrate,Ctenophore,,Bolinopsis vitrea,Large,Metazoan,Invertebrate,Crustacean,Copepod,copepod,,,Raw data,N,,,,,,35000.00,1.52E+02,Original length,Zooplankton,1.46E-03,Original length,Order,m^3 per pred per day,870,0.94,1.58E-02,1.36E-02,8.75E-02,3.20E-11,1.18E-12,2.92E-03,200,,
871,Buecher and Gasser 1998 J OF PLANKTON RESEARCH,Pred,3.00,,Aquatic,,Metazoan,Invertebrate,Ctenophore,,Pleurobrachia rhodopis,Small,Metazoan,Invertebrate,Crustacean,Copepod,copepod,Acartia clausi,Adult,Mean,N,,15.0,,1,,1000.00,4.73E-01,Original length,Zooplankton,7.85E-03,Average species mass,,m^3 per pred per day,871,0.12,5.01E-04,4.36E-04,6.09E-04,4.93E-10,2.86E-10,3.40E-03,200,,
872,Buecher and Gasser 1998 J OF PLANKTON RESEARCH,Pred,3.00,,Aquatic,,Metazoan,Invertebrate,Ctenophore,,Pleurobrachia rhodopis,Medium,Metazoan,Invertebrate,Crustacean,Copepod,copepod,Acartia clausi,Adult,Mean,N,,15.0,,1,,1000.00,1.02E+00,Original length,Zooplankton,7.85E-03,Average species mass,,m^3 per pred per day,872,0.39,1.31E-03,1.24E-03,1.45E-03,6.72E-11,1.50E-11,8.14E-04,200,,
873,Buecher and Gasser 1998 J OF PLANKTON RESEARCH,Pred,3.00,,Aquatic,,Metazoan,Invertebrate,Ctenophore,,Pleurobrachia rhodopis,Large,Metazoan,Invertebrate,Crustacean,Copepod,copepod,Acartia clausi,Adult,Mean,N,,15.0,,1,,1000.00,1.88E+00,Original length,Zooplankton,7.85E-03,Average species mass,,m^3 per pred per day,873,0.28,2.11E-03,1.40E-03,4.54E-03,2.79E-03,1.50E-03,4.21E-03,200,,
874,Buecher and Gasser 1998 J OF PLANKTON RESEARCH,Pred,3.00,,Aquatic,,Metazoan,Invertebrate,Ctenophore,,Pleurobrachia rhodopis,Small,Metazoan,Invertebrate,Crustacean,Copepod,copepod,Acartia clausi,Adult,Mean,N,,15.0,,5,,5000.00,4.73E-01,Original length,Zooplankton,7.85E-03,Average species mass,,m^3 per pred per day,874,0.66,1.32E-03,1.14E-03,1.59E-03,6.27E-03,2.33E-03,1.07E-02,200,,
875,Buecher and Gasser 1998 J OF PLANKTON RESEARCH,Pred,3.00,,Aquatic,,Metazoan,Invertebrate,Ctenophore,,Pleurobrachia rhodopis,Medium,Metazoan,Invertebrate,Crustacean,Copepod,copepod,Acartia clausi,Adult,Mean,N,,15.0,,5,,5000.00,1.02E+00,Original length,Zooplankton,7.85E-03,Average species mass,,m^3 per pred per day,875,0.71,2.78E-03,2.51E-03,3.12E-03,4.40E-03,3.82E-03,5.07E-03,200,,
876,Messier 1994 ECOLOGY,Pred,2.00,In the field,Terrestrial,,Metazoan,Vertebrate,Mammal,Carnivora,Canis lupus,,Metazoan,Vertebrate,Mammal,,Moose,Alces alces,,Raw data,Y,,,,1,,,2.66E+07,Alternate species mass,,3.86E+08,Alternate species mass,,m^2 per pred per day,876,0.51,7.54E+01,2.94E+01,2.72E+02,3.07E+01,1.43E+01,4.47E+01,200,,
877,Thompson 1975 J ANIM ECOL,Pred,3.00,,Aquatic,,Metazoan,Invertebrate,Insect,Odonata,Ischnura elegans,12th instar,Metazoan,Invertebrate,Crustacean,Cladoceran,,Daphnia magna,XS,Mean,N,48,8.0,,1,,75.00,1.12E+02,Original length,Family,1.30E-01,Original length,Order,m^3 per pred per day,877,0.17,1.60E-04,8.69E-05,3.40E-04,1.69E-01,1.50E-01,1.90E-01,200,,
878,Thompson 1975 J ANIM ECOL,Pred,3.00,,Aquatic,,Metazoan,Invertebrate,Insect,Odonata,Ischnura elegans,12th instar,Metazoan,Invertebrate,Crustacean,Cladoceran,,Daphnia magna,S,Mean,N,48,8.0,,1,,75.00,1.12E+02,Original length,Family,2.66E-01,Original length,Order,m^3 per pred per day,878,0.61,8.92E-05,6.70E-05,1.15E-04,5.92E-02,5.18E-02,6.85E-02,200,,
879,Thompson 1975 J ANIM ECOL,Pred,3.00,,Aquatic,,Metazoan,Invertebrate,Insect,Odonata,Ischnura elegans,12th instar,Metazoan,Invertebrate,Crustacean,Cladoceran,,Daphnia magna,M,Mean,N,48,8.0,,1,,75.00,1.12E+02,Original length,Family,4.13E-01,Original length,Order,m^3 per pred per day,879,0.58,1.10E-04,8.32E-05,1.43E-04,3.34E-02,2.80E-02,3.81E-02,200,,
880,Thompson 1975 J ANIM ECOL,Pred,3.00,,Aquatic,,Metazoan,Invertebrate,Insect,Odonata,Ischnura elegans,12th instar,Metazoan,Invertebrate,Crustacean,Cladoceran,,Daphnia magna,L,Mean,N,48,8.0,,1,,75.00,1.12E+02,Original length,Family,9.21E-01,Original length,Order,m^3 per pred per day,880,0.62,1.01E-04,7.83E-05,1.39E-04,2.29E-02,1.90E-02,2.73E-02,200,,
881,Thompson 1975 J ANIM ECOL,Pred,3.00,,Aquatic,,Metazoan,Invertebrate,Insect,Odonata,Ischnura elegans,12th instar,Metazoan,Invertebrate,Crustacean,Cladoceran,,Daphnia magna,XL,Mean,N,48,8.0,,1,,75.00,1.12E+02,Original length,Family,1.75E+00,Original length,Order,m^3 per pred per day,881,0.82,1.00E-04,8.55E-05,1.20E-04,1.50E-02,1.26E-02,1.68E-02,200,,
882,Thompson 1975 J ANIM ECOL,Pred,3.00,,Aquatic,,Metazoan,Invertebrate,Insect,Odonata,Ischnura elegans,11th instar,Metazoan,Invertebrate,Crustacean,Cladoceran,,Daphnia magna,XS,Mean,N,48,8.0,,1,,75.00,7.25E+01,Original length,Family,1.30E-01,Original length,Order,m^3 per pred per day,882,0.13,9.50E-05,4.30E-05,3.58E-04,2.97E-01,2.52E-01,3.34E-01,200,,
883,Thompson 1975 J ANIM ECOL,Pred,3.00,,Aquatic,,Metazoan,Invertebrate,Insect,Odonata,Ischnura elegans,11th instar,Metazoan,Invertebrate,Crustacean,Cladoceran,,Daphnia magna,S,Mean,N,48,8.0,,1,,75.00,7.25E+01,Original length,Family,2.66E-01,Original length,Order,m^3 per pred per day,883,0.53,5.75E-05,4.05E-05,7.75E-05,1.07E-01,9.07E-02,1.24E-01,200,,
884,Thompson 1975 J ANIM ECOL,Pred,3.00,,Aquatic,,Metazoan,Invertebrate,Insect,Odonata,Ischnura elegans,11th instar,Metazoan,Invertebrate,Crustacean,Cladoceran,,Daphnia magna,M,Mean,N,48,8.0,,1,,75.00,7.25E+01,Original length,Family,4.13E-01,Original length,Order,m^3 per pred per day,884,0.62,6.37E-05,4.46E-05,8.32E-05,6.24E-02,4.96E-02,7.42E-02,200,,
885,Thompson 1975 J ANIM ECOL,Pred,3.00,,Aquatic,,Metazoan,Invertebrate,Insect,Odonata,Ischnura elegans,11th instar,Metazoan,Invertebrate,Crustacean,Cladoceran,,Daphnia magna,L,Mean,N,48,8.0,,1,,75.00,7.25E+01,Original length,Family,9.21E-01,Original length,Order,m^3 per pred per day,885,0.69,8.94E-05,6.59E-05,1.17E-04,4.46E-02,3.67E-02,5.12E-02,200,,
886,Thompson 1975 J ANIM ECOL,Pred,3.00,,Aquatic,,Metazoan,Invertebrate,Insect,Odonata,Ischnura elegans,11th instar,Metazoan,Invertebrate,Crustacean,Cladoceran,,Daphnia magna,XL,Mean,N,48,8.0,,1,,75.00,7.25E+01,Original length,Family,1.75E+00,Original length,Order,m^3 per pred per day,886,0.72,9.44E-05,7.50E-05,1.18E-04,3.08E-02,2.60E-02,3.64E-02,200,,
887,Thompson 1975 J ANIM ECOL,Pred,3.00,,Aquatic,,Metazoan,Invertebrate,Insect,Odonata,Ischnura elegans,10th instar,Metazoan,Invertebrate,Crustacean,Cladoceran,,Daphnia magna,XS,Mean,N,48,8.0,,1,,75.00,4.66E+01,Original length,Family,1.30E-01,Original length,Order,m^3 per pred per day,887,0.33,9.17E-06,5.47E-06,1.55E-05,4.91E-01,3.65E-01,6.50E-01,200,,
888,Thompson 1975 J ANIM ECOL,Pred,3.00,,Aquatic,,Metazoan,Invertebrate,Insect,Odonata,Ischnura elegans,10th instar,Metazoan,Invertebrate,Crustacean,Cladoceran,,Daphnia magna,S,Mean,N,48,8.0,,1,,75.00,4.66E+01,Original length,Family,2.66E-01,Original length,Order,m^3 per pred per day,888,0.33,4.95E-05,3.27E-05,8.02E-05,2.02E-01,1.75E-01,2.36E-01,200,,
889,Thompson 1975 J ANIM ECOL,Pred,3.00,,Aquatic,,Metazoan,Invertebrate,Insect,Odonata,Ischnura elegans,10th instar,Metazoan,Invertebrate,Crustacean,Cladoceran,,Daphnia magna,M,Mean,N,48,8.0,,1,,75.00,4.66E+01,Original length,Family,4.13E-01,Original length,Order,m^3 per pred per day,889,0.46,6.24E-05,4.27E-05,9.84E-05,1.22E-01,1.05E-01,1.43E-01,200,,
890,Thompson 1975 J ANIM ECOL,Pred,3.00,,Aquatic,,Metazoan,Invertebrate,Insect,Odonata,Ischnura elegans,10th instar,Metazoan,Invertebrate,Crustacean,Cladoceran,,Daphnia magna,L,Mean,N,48,8.0,,1,,75.00,4.66E+01,Original length,Family,9.21E-01,Original length,Order,m^3 per pred per day,890,0.51,8.41E-05,5.65E-05,1.29E-04,8.46E-02,7.26E-02,9.90E-02,200,,
891,Thompson 1975 J ANIM ECOL,Pred,3.00,,Aquatic,,Metazoan,Invertebrate,Insect,Odonata,Ischnura elegans,10th instar,Metazoan,Invertebrate,Crustacean,Cladoceran,,Daphnia magna,XL,Mean,N,48,8.0,,1,,75.00,4.66E+01,Original length,Family,1.75E+00,Original length,Order,m^3 per pred per day,891,0.59,8.90E-05,6.25E-05,1.20E-04,5.47E-02,4.44E-02,6.62E-02,200,,
892,Thompson 1975 J ANIM ECOL,Pred,3.00,,Aquatic,,Metazoan,Invertebrate,Insect,Odonata,Ischnura elegans,9th instar,Metazoan,Invertebrate,Crustacean,Cladoceran,,Daphnia magna,XS,Mean,N,48,8.0,,1,,75.00,2.66E+01,Original length,Family,1.30E-01,Original length,Order,m^3 per pred per day,892,0.14,1.23E-05,7.42E-06,1.99E-05,1.08E+00,9.35E-01,1.26E+00,200,,
893,Thompson 1975 J ANIM ECOL,Pred,3.00,,Aquatic,,Metazoan,Invertebrate,Insect,Odonata,Ischnura elegans,9th instar,Metazoan,Invertebrate,Crustacean,Cladoceran,,Daphnia magna,S,Mean,N,48,8.0,,1,,75.00,2.66E+01,Original length,Family,2.66E-01,Original length,Order,m^3 per pred per day,893,0.62,1.02E-05,6.91E-06,1.57E-05,1.65E-01,9.96E-02,2.39E-01,200,,
894,Thompson 1975 J ANIM ECOL,Pred,3.00,,Aquatic,,Metazoan,Invertebrate,Insect,Odonata,Ischnura elegans,9th instar,Metazoan,Invertebrate,Crustacean,Cladoceran,,Daphnia magna,M,Mean,N,48,8.0,,1,,75.00,2.66E+01,Original length,Family,4.13E-01,Original length,Order,m^3 per pred per day,894,0.58,3.05E-05,2.13E-05,4.12E-05,1.47E-01,1.18E-01,1.78E-01,200,,
895,Thompson 1975 J ANIM ECOL,Pred,3.00,,Aquatic,,Metazoan,Invertebrate,Insect,Odonata,Ischnura elegans,9th instar,Metazoan,Invertebrate,Crustacean,Cladoceran,,Daphnia magna,L,Mean,N,48,8.0,,1,,75.00,2.66E+01,Original length,Family,9.21E-01,Original length,Order,m^3 per pred per day,895,0.57,4.29E-05,2.84E-05,6.25E-05,1.03E-01,7.79E-02,1.24E-01,200,,
896,Thompson 1975 J ANIM ECOL,Pred,3.00,,Aquatic,,Metazoan,Invertebrate,Insect,Odonata,Ischnura elegans,9th instar,Metazoan,Invertebrate,Crustacean,Cladoceran,,Daphnia magna,XL,Mean,N,48,8.0,,1,,75.00,2.66E+01,Original length,Family,1.75E+00,Original length,Order,m^3 per pred per day,896,0.73,6.91E-05,5.37E-05,8.61E-05,6.74E-02,5.79E-02,7.59E-02,200,,
897,Thompson 1975 J ANIM ECOL,Pred,3.00,,Aquatic,,Metazoan,Invertebrate,Insect,Odonata,Ischnura elegans,8th instar,Metazoan,Invertebrate,Crustacean,Cladoceran,,Daphnia magna,XS,Mean,N,48,8.0,,1,,75.00,1.59E+01,Original length,Family,1.30E-01,Original length,Order,m^3 per pred per day,897,0.03,1.16E-05,1.82E-06,1.28E-04,4.09E+00,2.59E+00,5.01E+00,200,,
898,Thompson 1975 J ANIM ECOL,Pred,3.00,,Aquatic,,Metazoan,Invertebrate,Insect,Odonata,Ischnura elegans,8th instar,Metazoan,Invertebrate,Crustacean,Cladoceran,,Daphnia magna,S,Mean,N,48,8.0,,1,,75.00,1.59E+01,Original length,Family,2.66E-01,Original length,Order,m^3 per pred per day,898,0.46,9.59E-06,5.89E-06,1.36E-05,4.39E-01,3.29E-01,5.44E-01,200,,
899,Thompson 1975 J ANIM ECOL,Pred,3.00,,Aquatic,,Metazoan,Invertebrate,Insect,Odonata,Ischnura elegans,8th instar,Metazoan,Invertebrate,Crustacean,Cladoceran,,Daphnia magna,M,Mean,N,48,8.0,,1,,75.00,1.59E+01,Original length,Family,4.13E-01,Original length,Order,m^3 per pred per day,899,0.40,2.72E-05,1.70E-05,4.43E-05,2.88E-01,2.37E-01,3.46E-01,200,,
900,Thompson 1975 J ANIM ECOL,Pred,3.00,,Aquatic,,Metazoan,Invertebrate,Insect,Odonata,Ischnura elegans,8th instar,Metazoan,Invertebrate,Crustacean,Cladoceran,,Daphnia magna,L,Mean,N,48,8.0,,1,,75.00,1.59E+01,Original length,Family,9.21E-01,Original length,Order,m^3 per pred per day,900,0.38,5.15E-05,3.40E-05,8.11E-05,1.96E-01,1.70E-01,2.27E-01,200,,
901,Thompson 1975 J ANIM ECOL,Pred,3.00,,Aquatic,,Metazoan,Invertebrate,Insect,Odonata,Ischnura elegans,8th instar,Metazoan,Invertebrate,Crustacean,Cladoceran,,Daphnia magna,XL,Mean,N,48,8.0,,1,,75.00,1.59E+01,Original length,Family,1.75E+00,Original length,Order,m^3 per pred per day,901,0.32,6.54E-05,3.92E-05,1.08E-04,1.46E-01,1.21E-01,1.73E-01,200,,
902,Mondal et al 2014 INDIAN J MED RES,Pred,3.00,,Aquatic,,Metazoan,Invertebrate,Insect,Hemiptera,Anisops sardea,Adult,Metazoan,Invertebrate,Insect,Diptera,Southern house mosquito,Culex quinquefasciatus,3rd instar,Mean,N,24,34.0,,1,,500.00,5.29E+00,Original length,Order,4.41E+00,% adult mass,,m^3 per pred per day,902,0.54,4.36E-04,3.64E-04,5.09E-04,4.48E-02,3.95E-02,4.93E-02,200,,
903,Prokopenko 2017 CAN J ZOOL,Pred,3.00,,Aquatic,,Metazoan,Invertebrate,Crustacean,Ostracoda,Heterocypris incongruens,,Metazoan,Invertebrate,Rotifer,,Rotifer,Brachionus calyciflorus,,Raw data,N,24,20.0,Y,1,,2.75,3.76E-02,Alternate species length,Zooplankton,2.00E-04,Alternate species mass,,m^3 per pred per day,903,0.23,1.79E-04,1.02E-04,3.08E-04,3.37E-04,2.22E-05,6.27E-04,200,,
904,Prokopenko 2017 CAN J ZOOL,Pred,3.00,,Aquatic,,Metazoan,Invertebrate,Crustacean,Ostracoda,Heterocypris incongruens,,Metazoan,Invertebrate,Rotifer,,Rotifer,Brachionus calyciflorus,,Raw data,N,24,20.0,Y,2,,2.75,3.76E-02,Alternate species length,Zooplankton,2.00E-04,Alternate species mass,,m^3 per pred per day,904,0.20,9.38E-05,6.93E-05,2.15E-04,1.32E-04,2.35E-11,8.41E-04,200,,
905,Prokopenko 2017 CAN J ZOOL,Pred,3.00,,Aquatic,,Metazoan,Invertebrate,Crustacean,Ostracoda,Heterocypris incongruens,,Metazoan,Invertebrate,Rotifer,,Rotifer,Brachionus calyciflorus,,Raw data,N,24,20.0,Y,3,,2.75,3.76E-02,Alternate species length,Zooplankton,2.00E-04,Alternate species mass,,m^3 per pred per day,905,0.30,6.46E-05,5.56E-05,9.63E-05,4.95E-10,2.37E-11,5.95E-04,200,,
906,Prokopenko 2017 CAN J ZOOL,Pred,3.00,,Aquatic,,Metazoan,Invertebrate,Crustacean,Ostracoda,Heterocypris incongruens,,Metazoan,Invertebrate,Rotifer,,Rotifer,Brachionus calyciflorus,,Raw data,N,24,20.0,Y,4,,2.75,3.76E-02,Alternate species length,Zooplankton,2.00E-04,Alternate species mass,,m^3 per pred per day,906,0.22,5.25E-05,4.11E-05,1.98E-04,4.83E-10,2.28E-11,1.65E-03,200,,
907,Helenius and Saiz 2017 PLOS,Pred,3.00,,Aquatic,,Metazoan,Invertebrate,Crustacean,Copepod,Paracartia grani,naupli,Unicell,Algae,Haptophyte,,Algae,Isochrysis galbana,,Raw data,N,0,18.0,,,,72.00,,,,8.96E-08,Alternate species length,Density,m^3 per pred per day,907,0.97,2.86E-07,2.34E-07,3.39E-07,7.34E-05,5.92E-05,8.06E-05,200,,
908,Helenius and Saiz 2017 PLOS,Pred,3.00,,Aquatic,,Metazoan,Invertebrate,Crustacean,Copepod,Paracartia grani,naupli,Unicell,Algae,Cryptophyte,,Algae,Rhodomonas salina,,Raw data,N,0,18.0,,,,72.00,,,,2.30E-08,Alternate species mass,,m^3 per pred per day,908,0.95,4.35E-07,3.49E-07,5.17E-07,5.74E-04,3.99E-04,6.55E-04,200,,
909,Helenius and Saiz 2017 PLOS,Pred,3.00,,Aquatic,,Metazoan,Invertebrate,Crustacean,Copepod,Paracartia grani,naupli,Unicell,Protozoan,Dinoflagellate,,Algae,Heterocapsa sp.,,Raw data,N,0,18.0,,,,72.00,,,,1.36E-06,Alternate species length,Density,m^3 per pred per day,909,0.77,4.32E-07,2.83E-07,6.52E-07,8.75E-04,6.21E-04,1.40E-03,200,,
910,Helenius and Saiz 2017 PLOS,Pred,3.00,,Aquatic,,Metazoan,Invertebrate,Crustacean,Copepod,Paracartia grani,naupli,Unicell,Algae,Diatom,,Algae,Thalassiosira weissflogii,,Raw data,N,0,18.0,,,,72.00,,,,3.14E-06,Alternate species length,Density,m^3 per pred per day,910,0.82,6.53E-07,4.62E-07,9.29E-07,2.44E-03,2.07E-03,2.91E-03,200,,
911,Helenius and Saiz 2017 PLOS,Pred,3.00,,Aquatic,,Metazoan,Invertebrate,Crustacean,Copepod,Paracartia grani,naupli,Unicell,Protozoan,Dinoflagellate,,Algae,Gymnodinium litoralis,,Raw data,N,0,18.0,,,,72.00,,,,8.76E-05,Alternate species length,Density,m^3 per pred per day,911,0.38,1.39E-06,6.54E-07,2.10E-05,6.95E-03,5.13E-03,9.68E-03,200,,
912,Eggleston 1990 BULL MAR SCI,Pred,2.00,,Aquatic,,Metazoan,Invertebrate,Crustacean,Decapod,Callinectes sapidus,Male intermolt,Metazoan,Invertebrate,Mollusk,Bivalve,Eastern oyster,Crassostrea virginica,Large juvenile,Mean,N,24,26.5,,1,3300.00,,2.28E+06,Alternate species length,Order,,,,m^2 per pred per day,912,0.35,1.83E-01,1.14E-01,3.14E-01,1.12E-01,6.35E-02,1.64E-01,200,,
913,Eggleston 1990 BULL MAR SCI,Pred,2.00,,Aquatic,,Metazoan,Invertebrate,Crustacean,Decapod,Callinectes sapidus,Male intermolt,Metazoan,Invertebrate,Mollusk,Bivalve,Eastern oyster,Crassostrea virginica,Medium juvenile,Mean,N,24,26.5,,1,3300.00,,2.28E+06,Alternate species length,Order,,,,m^2 per pred per day,913,0.33,1.52E-01,1.21E-01,4.16E-01,4.71E-10,4.40E-10,7.03E-02,200,,
914,Eggleston 1990 BULL MAR SCI,Pred,2.00,,Aquatic,,Metazoan,Invertebrate,Crustacean,Decapod,Callinectes sapidus,Male intermolt,Metazoan,Invertebrate,Mollusk,Bivalve,Eastern oyster,Crassostrea virginica,Small juvenile,Mean,N,24,26.5,,1,3300.00,,2.28E+06,Alternate species length,Order,,,,m^2 per pred per day,914,0.91,3.39E-01,2.95E-01,4.37E-01,3.93E-03,3.02E-03,4.99E-03,200,,
915,Hauzy et al 2010 OEC,Pred,2.00,,Terrestrial,,Metazoan,Invertebrate,Arachnid,Mite,Pergamasus crassipes,"Wild caught, Female",Metazoan,Invertebrate,Hexapod,,Springtail,Folsomia candida,Young adult female,Mean,Y,,18.0,,4.5,280.80,,6.13E-02,Alternate order mass,,4.34E-02,Original length,Class,m^2 per pred per day,915,0.47,4.09E-01,3.28E-01,5.45E-01,1.94E-02,1.78E-02,2.18E-02,200,1 obstacle per arena; 1-8 predators,
916,Hauzy et al 2010 OEC,Pred,2.00,,Terrestrial,,Metazoan,Invertebrate,Arachnid,Mite,Pergamasus crassipes,"Wild caught, Female",Metazoan,Invertebrate,Hexapod,,Springtail,Folsomia candida,Young adult female,Mean,Y,,18.0,,4.5,280.80,,6.13E-02,Alternate order mass,,4.34E-02,Original length,Class,m^2 per pred per day,916,0.41,3.00E-01,2.23E-01,4.00E-01,2.03E-02,1.75E-02,2.39E-02,200,23 obstacles per arena; 1-8 predators,
917,Hauzy et al 2010 OEC,Pred,2.00,,Terrestrial,,Metazoan,Invertebrate,Arachnid,Mite,Pergamasus crassipes,"Wild caught, Female",Metazoan,Invertebrate,Hexapod,,Springtail,Folsomia candida,Young adult female,Mean,Y,,18.0,,4.5,280.80,,6.13E-02,Alternate order mass,,4.34E-02,Original length,Class,m^2 per pred per day,917,0.36,3.61E-01,2.75E-01,5.00E-01,2.27E-02,1.89E-02,2.69E-02,200,52 obstacles per arena; 1-8 predators,
918,Uiterwaal et al 2017 OEC,Pred,3.00,,Aquatic,,Metazoan,Invertebrate,Insect,Odonata,Coenagrionidae spp.,"Wild caught, nymph",Metazoan,Invertebrate,Crustacean,Cladoceran,,Daphnia spp.,Wild caught,Raw data,N,18,23.0,,1,,14.14,2.00E+01,Original mass,,1.52E-02,Original species length,Order,m^3 per pred per day,918,0.39,7.31E-05,5.92E-05,1.25E-04,4.97E-10,4.82E-10,3.46E-02,200,,
919,Uiterwaal et al 2017 OEC,Pred,3.00,,Aquatic,,Metazoan,Invertebrate,Insect,Odonata,Coenagrionidae spp.,"Wild caught, nymph",Metazoan,Invertebrate,Crustacean,Cladoceran,,Daphnia spp.,Wild caught,Raw data,N,18,23.0,,1,,39.27,2.00E+01,Original mass,,1.52E-02,Original species length,Order,m^3 per pred per day,919,0.55,2.27E-04,1.86E-04,3.90E-04,1.76E-03,4.77E-10,1.13E-02,200,,
920,Uiterwaal et al 2017 OEC,Pred,3.00,,Aquatic,,Metazoan,Invertebrate,Insect,Odonata,Coenagrionidae spp.,"Wild caught, nymph",Metazoan,Invertebrate,Crustacean,Cladoceran,,Daphnia spp.,Wild caught,Raw data,N,18,23.0,,1,,100.53,2.00E+01,Original mass,,1.52E-02,Original species length,Order,m^3 per pred per day,920,0.68,3.84E-04,3.24E-04,5.49E-04,4.99E-10,2.42E-11,4.75E-03,200,,
921,Uiterwaal et al 2017 OEC,Pred,3.00,,Aquatic,,Metazoan,Invertebrate,Insect,Odonata,Coenagrionidae spp.,"Wild caught, nymph",Metazoan,Invertebrate,Crustacean,Cladoceran,copepod,Copepoda,Wild caught,Raw data,N,18,23.0,,1,,14.14,2.00E+01,Original mass,,1.77E-02,Alternate order mass,,m^3 per pred per day,921,0.20,1.02E-04,4.87E-05,5.84E-04,3.61E-02,4.88E-10,9.41E-02,200,,
922,Uiterwaal et al 2017 OEC,Pred,3.00,,Aquatic,,Metazoan,Invertebrate,Insect,Odonata,Coenagrionidae spp.,"Wild caught, nymph",Metazoan,Invertebrate,Crustacean,Cladoceran,copepod,Copepoda,Wild caught,Raw data,N,18,23.0,,1,,39.27,2.00E+01,Original mass,,1.77E-02,Alternate order mass,,m^3 per pred per day,922,0.66,1.90E-04,1.52E-04,2.97E-04,2.31E-03,4.79E-10,1.25E-02,200,,
923,Uiterwaal et al 2017 OEC,Pred,3.00,,Aquatic,,Metazoan,Invertebrate,Insect,Odonata,Coenagrionidae spp.,"Wild caught, nymph",Metazoan,Invertebrate,Crustacean,Cladoceran,copepod,Copepoda,Wild caught,Raw data,N,18,23.0,,1,,100.53,2.00E+01,Original mass,,1.77E-02,Alternate order mass,,m^3 per pred per day,923,0.80,4.67E-04,4.13E-04,5.31E-04,2.46E-11,2.41E-11,2.25E-03,200,,
924,Uiterwaal et al 2017 OEC,Pred,3.00,,Aquatic,,Metazoan,Invertebrate,Insect,Odonata,Coenagrionidae spp.,"Wild caught, nymph",Metazoan,Invertebrate,Crustacean,Cladoceran,,Chydorus spp.,Wild caught,Raw data,N,18,23.0,,1,,14.14,2.00E+01,Original mass,,2.91E-04,Original species length,Order,m^3 per pred per day,924,0.42,7.98E-05,6.56E-05,1.45E-04,4.73E-09,6.88E-10,1.61E-02,200,,
925,Uiterwaal et al 2017 OEC,Pred,3.00,,Aquatic,,Metazoan,Invertebrate,Insect,Odonata,Coenagrionidae spp.,"Wild caught, nymph",Metazoan,Invertebrate,Crustacean,Cladoceran,,Chydorus spp.,Wild caught,Raw data,N,18,23.0,,1,,39.27,2.00E+01,Original mass,,2.91E-04,Original species length,Order,m^3 per pred per day,925,0.77,2.19E-04,1.75E-04,3.38E-04,3.02E-03,4.89E-10,9.58E-03,200,,
926,Uiterwaal et al 2017 OEC,Pred,3.00,,Aquatic,,Metazoan,Invertebrate,Insect,Odonata,Coenagrionidae spp.,"Wild caught, nymph",Metazoan,Invertebrate,Crustacean,Cladoceran,,Chydorus spp.,Wild caught,Raw data,N,18,23.0,,1,,100.53,2.00E+01,Original mass,,2.91E-04,Original species length,Order,m^3 per pred per day,926,0.69,6.97E-04,4.79E-04,1.07E-03,6.08E-03,3.08E-03,9.93E-03,200,,
927,Nordlund & Morrison 1990 ENT EXP APPL,Pred,2.50,,Terrestrial,,Metazoan,Invertebrate,Insect,Neuroptera,Chrysoperla rufilabris,2nd instar,Metazoan,Invertebrate,Insect,Hemiptera,Cotton aphid,Aphis gossypi,,Mean,N,4,,,1,176.71,2915.79,1.70E+01,% adult mass,,3.04E-01,Average species mass,,m^2.5 per pred per day,927,0.49,1.98E-01,1.67E-01,2.32E-01,5.61E-10,4.01E-11,1.06E-03,200,,
928,Nordlund & Morrison 1990 ENT EXP APPL,Pred,2.50,,Terrestrial,,Metazoan,Invertebrate,Insect,Neuroptera,Chrysoperla rufilabris,2nd instar,Metazoan,Invertebrate,Insect,Lepidoptera,Tobacco budworm,Heliothis virescens,Egg,Mean,N,4,,,1,176.71,2915.79,1.70E+01,% adult mass,,2.68E-03,Alternate species length,Family,m^2.5 per pred per day,928,0.31,2.00E-01,1.52E-01,3.34E-01,8.39E-04,1.73E-10,5.06E-03,200,,
929,Nordlund & Morrison 1990 ENT EXP APPL,Pred,2.50,,Terrestrial,,Metazoan,Invertebrate,Insect,Neuroptera,Chrysoperla rufilabris,2nd instar,Metazoan,Invertebrate,Insect,Lepidoptera,Tobacco budworm,Heliothis virescens,1st instar,Mean,N,4,,,1,176.71,2915.79,1.70E+01,% adult mass,,2.11E-01,Alternate species length,Family,m^2.5 per pred per day,929,0.31,1.53E-01,1.21E-01,2.30E-01,4.45E-05,1.17E-10,4.66E-03,200,,
930,Nordlund & Morrison 1990 ENT EXP APPL,Pred,2.50,,Terrestrial,,Metazoan,Invertebrate,Insect,Neuroptera,Chrysoperla rufilabris,3rd instar,Metazoan,Invertebrate,Insect,Hemiptera,Cotton aphid,Aphis gossypi,,Mean,N,4,,,1,176.71,2915.79,3.40E+01,% adult mass,,3.04E-01,Average species mass,,m^2.5 per pred per day,930,0.79,2.33E-01,2.20E-01,2.55E-01,1.17E-10,2.24E-11,6.11E-04,200,,
931,Nordlund & Morrison 1990 ENT EXP APPL,Pred,2.50,,Terrestrial,,Metazoan,Invertebrate,Insect,Neuroptera,Chrysoperla rufilabris,3rd instar,Metazoan,Invertebrate,Insect,Lepidoptera,Tobacco budworm,Heliothis virescens,Egg,Mean,N,4,,,1,176.71,2915.79,3.40E+01,% adult mass,,2.68E-03,Alternate species length,Family,m^2.5 per pred per day,931,0.62,2.45E-01,2.18E-01,2.97E-01,3.76E-09,5.94E-11,1.88E-03,200,,
932,Nordlund & Morrison 1990 ENT EXP APPL,Pred,2.50,,Terrestrial,,Metazoan,Invertebrate,Insect,Neuroptera,Chrysoperla rufilabris,3rd instar,Metazoan,Invertebrate,Insect,Lepidoptera,Tobacco budworm,Heliothis virescens,1st instar,Mean,N,4,,,1,176.71,2915.79,3.40E+01,% adult mass,,2.11E-01,Alternate species length,Family,m^2.5 per pred per day,932,0.83,2.33E-01,2.21E-01,2.43E-01,4.12E-11,1.42E-11,3.82E-10,200,,
933,Stavrinides & Skirvin 2003 BULL ENTO RES,Pred,2.50,,Terrestrial,,Metazoan,Invertebrate,Arachnid,Mite,Phytoseiulus persimilis,Adult female,Metazoan,Invertebrate,Arachnid,Mite,Red spider mite,Tetranychus urticae,Egg,Mean,N,,25.0,,1,108.00,,6.66E-02,Alternate species length,Class,2.11E-03,Alternate species length,Class,m^2.5 per pred per day,933,0.39,6.31E-03,3.84E-03,8.80E-03,3.64E-02,2.04E-02,5.09E-02,200,Low density of trichomes,
934,Stavrinides & Skirvin 2003 BULL ENTO RES,Pred,2.50,,Terrestrial,,Metazoan,Invertebrate,Arachnid,Mite,Phytoseiulus persimilis,Adult female,Metazoan,Invertebrate,Arachnid,Mite,Red spider mite,Tetranychus urticae,Egg,Mean,N,,25.0,,1,108.00,,6.66E-02,Alternate species length,Class,2.11E-03,Alternate species length,Class,m^2.5 per pred per day,934,0.49,4.51E-03,2.71E-03,7.74E-03,2.76E-02,1.71E-02,4.11E-02,200,Medium density of trichomes,
935,Stavrinides & Skirvin 2003 BULL ENTO RES,Pred,2.50,,Terrestrial,,Metazoan,Invertebrate,Arachnid,Mite,Phytoseiulus persimilis,Adult female,Metazoan,Invertebrate,Arachnid,Mite,Red spider mite,Tetranychus urticae,Egg,Mean,N,,25.0,,1,108.00,,6.66E-02,Alternate species length,Class,2.11E-03,Alternate species length,Class,m^2.5 per pred per day,935,0.33,4.57E-03,2.39E-03,8.84E-03,3.53E-02,2.46E-08,7.18E-02,200,High density of trichomes,
936,Laing & Osborn 1974 ENTOMOPHAGA,Pred,2.00,,Terrestrial,,Metazoan,Invertebrate,Arachnid,Mite,Phytoseiulus persimilis,Adult female,Metazoan,Invertebrate,Arachnid,Mite,Red spider mite,Tetranychus urticae,Adult male,Mean,N,0,22.0,,1,6.45,,6.66E-02,Alternate species length,Class,6.66E-02,Alternate species length,Class,m^2 per pred per day,936,0.50,3.56E-04,3.24E-04,4.00E-04,3.18E-02,2.91E-02,3.39E-02,200,,
937,Laing & Osborn 1974 ENTOMOPHAGA,Pred,2.00,,Terrestrial,,Metazoan,Invertebrate,Arachnid,Mite,Metaseiulus occidentalis,Adult female,Metazoan,Invertebrate,Arachnid,Mite,Red spider mite,Tetranychus urticae,Adult male,Mean,N,0,22.0,,1,6.45,,6.13E-02,Alternate order mass,,6.66E-02,Alternate species length,Class,m^2 per pred per day,937,0.17,5.24E-04,4.10E-04,6.84E-04,7.71E-02,7.12E-02,8.46E-02,200,,
938,Laing & Osborn 1974 ENTOMOPHAGA,Pred,2.00,,Terrestrial,,Metazoan,Invertebrate,Arachnid,Mite,Amblyseius chilenensis,Adult female,Metazoan,Invertebrate,Arachnid,Mite,Red spider mite,Tetranychus urticae,Adult male,Mean,N,0,22.0,,1,6.45,,6.13E-02,Alternate order mass,,6.66E-02,Alternate species length,Class,m^2 per pred per day,938,0.22,4.03E-04,3.21E-04,5.02E-04,6.97E-02,6.32E-02,7.44E-02,200,,
939,Kustutan & Cakmak 2009 TURK J AGRIC FOR,Pred,2.00,,Terrestrial,,Metazoan,Invertebrate,Arachnid,Mite,Neoseiulus californicus,Adult female,Metazoan,Invertebrate,Arachnid,Mite,Carmine spider mite,Tetranychus cinnabarinus,Egg,Mean,N,16,25.0,,1,4.15,,6.13E-02,Alternate order mass,,8.49E-04,Alternate species length,Class,m^2 per pred per day,939,0.80,6.94E-04,6.42E-04,7.48E-04,4.11E-02,3.86E-02,4.32E-02,200,,
940,Kustutan & Cakmak 2009 TURK J AGRIC FOR,Pred,2.00,,Terrestrial,,Metazoan,Invertebrate,Arachnid,Mite,Neoseiulus californicus,Adult female,Metazoan,Invertebrate,Arachnid,Mite,Carmine spider mite,Tetranychus cinnabarinus,Larva,Mean,N,16,25.0,,1,4.15,,6.13E-02,Alternate order mass,,4.17E-02,Alternate species length,Class,m^2 per pred per day,940,0.60,7.04E-04,6.98E-04,7.09E-04,4.15E-10,4.14E-10,4.16E-10,200,,
941,Kustutan & Cakmak 2009 TURK J AGRIC FOR,Pred,2.00,,Terrestrial,,Metazoan,Invertebrate,Arachnid,Mite,Neoseiulus californicus,Adult female,Metazoan,Invertebrate,Arachnid,Mite,Carmine spider mite,Tetranychus cinnabarinus,Nymph,Mean,N,16,25.0,,1,4.15,,6.13E-02,Alternate order mass,,,,,m^2 per pred per day,941,0.64,4.21E-04,3.52E-04,5.03E-04,7.17E-02,6.48E-02,7.86E-02,200,,
942,Kustutan & Cakmak 2009 TURK J AGRIC FOR,Pred,2.00,,Terrestrial,,Metazoan,Invertebrate,Arachnid,Mite,Neoseiulus californicus,Adult female,Metazoan,Invertebrate,Arachnid,Mite,Carmine spider mite,Tetranychus cinnabarinus,Adult male,Mean,N,16,25.0,,1,4.15,,6.13E-02,Alternate order mass,,,,,m^2 per pred per day,942,0.62,4.00E-04,3.44E-04,4.73E-04,8.41E-02,7.70E-02,9.13E-02,200,,
943,Parajulee et al 1994 BIO CONTROL,Pred,2.50,,Terrestrial,,Metazoan,Invertebrate,Insect,Hemiptera,Lyctocoris campestris,Adult female,Metazoan,Invertebrate,Insect,Lepidoptera,Indian mealmoth,Plodia interpunctella,Mature larva,Mean,N,48,29.0,,1,34.21,188.17,2.14E+00,Alternate species length,Order,1.77E+01,Original species mass,,m^2.5 per pred per day,943,0.47,3.81E-04,2.65E-04,6.62E-04,6.55E-02,1.30E-08,1.62E-01,200,Corn in arena,
944,Parajulee et al 1994 BIO CONTROL,Pred,2.50,,Terrestrial,,Metazoan,Invertebrate,Insect,Hemiptera,Lyctocoris campestris,Adult female,Metazoan,Invertebrate,Insect,Lepidoptera,Indian mealmoth,Plodia interpunctella,Mature larva,Mean,N,48,29.0,,1,34.21,188.17,2.14E+00,Alternate species length,Order,1.77E+01,Original species mass,,m^2.5 per pred per day,944,0.49,8.91E-04,5.95E-04,1.31E-03,4.02E-02,1.42E-02,7.40E-02,200,No corn in arena,
945,Parajulee et al 1994 BIO CONTROL,Pred,2.50,,Terrestrial,,Metazoan,Invertebrate,Insect,Hemiptera,Lyctocoris campestris,Adult female,Metazoan,Invertebrate,Insect,Coleoptera,Sawtoothed grain beetle,Oryzaephilus surinamensis,Mature larva,Mean,N,48,29.0,,1,34.21,188.17,2.14E+00,Alternate species length,Order,6.00E-01,Original species mass,,m^2.5 per pred per day,945,0.44,4.74E-04,2.90E-04,8.10E-04,1.56E-01,6.45E-02,2.20E-01,200,Corn in arena,
946,Parajulee et al 1994 BIO CONTROL,Pred,2.50,,Terrestrial,,Metazoan,Invertebrate,Insect,Hemiptera,Lyctocoris campestris,Adult female,Metazoan,Invertebrate,Insect,Coleoptera,Sawtoothed grain beetle,Oryzaephilus surinamensis,Mature larva,Mean,N,48,29.0,,1,34.21,188.17,2.14E+00,Alternate species length,Order,6.00E-01,Original species mass,,m^2.5 per pred per day,946,0.28,6.95E-04,3.10E-04,1.33E-03,1.32E-01,1.95E-02,2.34E-01,200,No corn in arena,
947,Parajulee et al 1994 BIO CONTROL,Pred,2.50,,Terrestrial,,Metazoan,Invertebrate,Insect,Hemiptera,Lyctocoris campestris,Adult female,Metazoan,Invertebrate,Insect,Coleoptera,Red flour beetle,Tribolium castaneum,Mature larva,Mean,N,48,29.0,,1,34.21,188.17,2.14E+00,Alternate species length,Order,2.48E+00,Original species mass,,m^2.5 per pred per day,947,0.20,1.25E-03,6.45E-04,2.38E-03,2.36E-01,1.66E-01,3.02E-01,200,Corn in arena,
948,Parajulee et al 1994 BIO CONTROL,Pred,2.50,,Terrestrial,,Metazoan,Invertebrate,Insect,Hemiptera,Lyctocoris campestris,Adult female,Metazoan,Invertebrate,Insect,Coleoptera,Red flour beetle,Tribolium castaneum,Mature larva,Mean,N,48,29.0,,1,34.21,188.17,2.14E+00,Alternate species length,Order,2.48E+00,Original species mass,,m^2.5 per pred per day,948,0.34,5.87E-04,3.44E-04,1.41E-03,5.53E-02,5.30E-09,1.40E-01,200,No corn in arena,
949,Parajulee et al 1994 BIO CONTROL,Pred,2.50,,Terrestrial,,Metazoan,Invertebrate,Insect,Hemiptera,Lyctocoris campestris,Adult male,Metazoan,Invertebrate,Insect,Lepidoptera,Indian mealmoth,Plodia interpunctella,Mature larva,Mean,N,48,29.0,,1,34.21,188.17,2.14E+00,Alternate species length,Order,1.77E+01,Original species mass,,m^2.5 per pred per day,949,0.43,3.81E-04,2.85E-04,6.05E-04,1.83E-02,3.88E-09,1.00E-01,200,Corn in arena,
950,Parajulee et al 1994 BIO CONTROL,Pred,2.50,,Terrestrial,,Metazoan,Invertebrate,Insect,Hemiptera,Lyctocoris campestris,Adult male,Metazoan,Invertebrate,Insect,Lepidoptera,Indian mealmoth,Plodia interpunctella,Mature larva,Mean,N,48,29.0,,1,34.21,188.17,2.14E+00,Alternate species length,Order,1.77E+01,Original species mass,,m^2.5 per pred per day,950,0.44,8.20E-04,4.67E-04,1.32E-03,5.49E-02,2.42E-08,1.02E-01,200,No corn in arena,
951,Parajulee et al 1994 BIO CONTROL,Pred,2.50,,Terrestrial,,Metazoan,Invertebrate,Insect,Hemiptera,Lyctocoris campestris,Adult male,Metazoan,Invertebrate,Insect,Coleoptera,Sawtoothed grain beetle,Oryzaephilus surinamensis,Mature larva,Mean,N,48,29.0,,1,34.21,188.17,2.14E+00,Alternate species length,Order,6.00E-01,Original species mass,,m^2.5 per pred per day,951,0.37,2.73E-04,2.09E-04,7.46E-04,3.42E-02,3.56E-09,2.32E-01,200,Corn in arena,
952,Parajulee et al 1994 BIO CONTROL,Pred,2.50,,Terrestrial,,Metazoan,Invertebrate,Insect,Hemiptera,Lyctocoris campestris,Adult male,Metazoan,Invertebrate,Insect,Coleoptera,Sawtoothed grain beetle,Oryzaephilus surinamensis,Mature larva,Mean,N,48,29.0,,1,34.21,188.17,2.14E+00,Alternate species length,Order,6.00E-01,Original species mass,,m^2.5 per pred per day,952,0.27,9.80E-04,6.14E-04,1.82E-03,1.05E-01,6.04E-02,1.63E-01,200,No corn in arena,
953,Parajulee et al 1994 BIO CONTROL,Pred,2.50,,Terrestrial,,Metazoan,Invertebrate,Insect,Hemiptera,Lyctocoris campestris,Adult male,Metazoan,Invertebrate,Insect,Coleoptera,Red flour beetle,Tribolium castaneum,Mature larva,Mean,N,48,29.0,,1,34.21,188.17,2.14E+00,Alternate species length,Order,2.48E+00,Original species mass,,m^2.5 per pred per day,953,0.04,1.54E-03,4.05E-04,1.12E-02,4.63E-01,2.35E-01,5.97E-01,200,Corn in arena,
954,Parajulee et al 1994 BIO CONTROL,Pred,2.50,,Terrestrial,,Metazoan,Invertebrate,Insect,Hemiptera,Lyctocoris campestris,Adult male,Metazoan,Invertebrate,Insect,Coleoptera,Red flour beetle,Tribolium castaneum,Mature larva,Mean,N,48,29.0,,1,34.21,188.17,2.14E+00,Alternate species length,Order,2.48E+00,Original species mass,,m^2.5 per pred per day,954,0.28,9.08E-04,4.41E-04,1.53E-03,1.44E-01,5.63E-02,2.04E-01,200,No corn in arena,
955,Nielsen 1999 J ANIM ECOL,Pred,2.00,In the field,Terrestrial,,Metazoan,Vertebrate,Bird,,Falco rusticolus,Wild,Metazoan,Vertebrate,Bird,,Rock ptarmigan (Snow chicken),Lagopus mutus,Wild,Raw data,Y,,40.0,,,,,1.41E+06,Alternate species mass,,5.36E+05,Alternate species mass,,m^2 per pred per day,955,0.41,1.37E+05,8.49E+04,2.73E+05,3.02E+00,2.35E+00,3.49E+00,200,,
956,Gresens et al 1982 OEC,Pred,2.50,,Aquatic,,Metazoan,Invertebrate,Insect,Odonata,Celithemis fasciata,"Wild caught, ultimate instar",Metazoan,Invertebrate,Insect,Diptera,Midge,Chironomus tentans,3rd instar,Mean,N,24,10.0,,1,61.00,500.00,4.48E+01,Original species length,Order,2.17E+00,Original species length,Family,m^2.5 per pred per day,956,0.17,2.00E-03,1.17E-03,1.24E-02,2.11E-02,1.79E-09,7.52E-02,200,,
957,Gresens et al 1982 OEC,Pred,2.50,,Aquatic,,Metazoan,Invertebrate,Insect,Odonata,Celithemis fasciata,"Wild caught, ultimate instar",Metazoan,Invertebrate,Insect,Diptera,Midge,Chironomus tentans,3rd instar,Mean,N,24,15.0,,1,61.00,500.00,4.48E+01,Original species length,Order,2.17E+00,Original species length,Family,m^2.5 per pred per day,957,0.25,3.57E-03,2.42E-03,9.25E-03,1.12E-02,1.33E-09,3.25E-02,200,,
958,Gresens et al 1982 OEC,Pred,2.50,,Aquatic,,Metazoan,Invertebrate,Insect,Odonata,Celithemis fasciata,"Wild caught, ultimate instar",Metazoan,Invertebrate,Insect,Diptera,Midge,Chironomus tentans,3rd instar,Mean,N,24,20.0,,1,61.00,500.00,4.48E+01,Original species length,Order,2.17E+00,Original species length,Family,m^2.5 per pred per day,958,0.25,3.95E-03,2.79E-03,9.00E-03,4.38E-03,4.83E-10,2.64E-02,200,,
959,Gresens et al 1982 OEC,Pred,2.50,,Aquatic,,Metazoan,Invertebrate,Insect,Odonata,Celithemis fasciata,"Wild caught, ultimate instar",Metazoan,Invertebrate,Insect,Diptera,Midge,Chironomus tentans,3rd instar,Mean,N,24,25.0,,1,61.00,500.00,4.48E+01,Original species length,Order,2.17E+00,Original species length,Family,m^2.5 per pred per day,959,0.25,4.80E-03,3.47E-03,2.51E-02,4.60E-03,3.50E-10,2.64E-02,200,,
960,Hammill et al 2010 AM NAT,Pred,3.00,,Aquatic,,Metazoan,Invertebrate,Platyhelminth,,Stenostomum virginianum,,Unicell,Protozoan,Ciliate,,,Paramecium aurelia,,Raw data,N,,20.0,,1,,0.50,3.08E-02,Alternate species length,Zooplankton,1.92E-03,Alternate species length,Zooplankton,m^3 per pred per day,960,0.31,7.11E-07,3.08E-07,1.56E-06,6.99E-02,3.74E-02,1.16E-01,200,Prey not pre-exposed to predators (undefended prey),
961,Hammill et al 2010 AM NAT,Pred,3.00,,Aquatic,,Metazoan,Invertebrate,Platyhelminth,,Stenostomum virginianum,,Unicell,Protozoan,Ciliate,,,Paramecium aurelia,,Raw data,N,,20.0,,1,,0.50,3.08E-02,Alternate species length,Zooplankton,1.92E-03,Alternate species length,Zooplankton,m^3 per pred per day,961,0.81,1.37E-06,9.89E-07,1.87E-06,1.35E-02,7.58E-03,1.76E-02,200,Prey pre-exposed to predators (defended),
962,Krishnaraj & Pritchard 1995 CAN J ZOOL,Pred,3.00,,Aquatic,,Metazoan,Invertebrate,Insect,Odonata,Coenagrion resolutum,Small larva,Metazoan,Invertebrate,Crustacean,Cladoceran,Daphnia,Daphnia magna,Small,Mean,Y,48,23.0,,1,75.43,250.00,1.38E+00,Original species length,Family,1.29E-01,Original species length,Order,m^3 per pred per day,962,0.24,2.35E-02,1.08E-02,5.17E-02,3.41E-03,2.39E-03,4.16E-03,200,,
963,Krishnaraj & Pritchard 1995 CAN J ZOOL,Pred,3.00,,Aquatic,,Metazoan,Invertebrate,Insect,Odonata,Coenagrion resolutum,Medium larva,Metazoan,Invertebrate,Crustacean,Cladoceran,Daphnia,Daphnia magna,Medium,Mean,Y,48,23.0,,1,75.43,250.00,3.67E+00,Original species length,Family,6.97E-01,Original species length,Order,m^3 per pred per day,963,0.30,2.53E-02,1.50E-02,4.55E-02,3.02E-03,2.36E-03,3.60E-03,200,,
964,Krishnaraj & Pritchard 1995 CAN J ZOOL,Pred,3.00,,Aquatic,,Metazoan,Invertebrate,Insect,Odonata,Coenagrion resolutum,Large larva,Metazoan,Invertebrate,Crustacean,Cladoceran,Daphnia,Daphnia magna,Large,Mean,Y,48,23.0,,1,75.43,250.00,7.36E+00,Original species length,Family,1.70E+00,Original species length,Order,m^3 per pred per day,964,0.48,3.59E-02,2.05E-02,8.77E-02,1.78E-03,1.09E-03,2.44E-03,200,,
965,Krishnaraj & Pritchard 1995 CAN J ZOOL,Pred,3.00,,Aquatic,,Metazoan,Invertebrate,Insect,Odonata,Lestes disjunctus,Small larva,Metazoan,Invertebrate,Crustacean,Cladoceran,Daphnia,Daphnia magna,Small,Mean,Y,48,23.0,,1,75.43,250.00,1.43E+00,Original species length,,1.29E-01,Original species length,Order,m^3 per pred per day,965,0.30,4.90E-02,3.13E-02,8.79E-02,2.59E-03,2.29E-03,2.84E-03,200,,
966,Krishnaraj & Pritchard 1995 CAN J ZOOL,Pred,3.00,,Aquatic,,Metazoan,Invertebrate,Insect,Odonata,Lestes disjunctus,Medium larva,Metazoan,Invertebrate,Crustacean,Cladoceran,Daphnia,Daphnia magna,Medium,Mean,Y,48,23.0,,1,75.43,250.00,3.87E+00,Original species length,,6.97E-01,Original species length,Order,m^3 per pred per day,966,0.36,4.24E-02,2.82E-02,6.13E-02,2.11E-03,1.81E-03,2.49E-03,200,,
967,Krishnaraj & Pritchard 1995 CAN J ZOOL,Pred,3.00,,Aquatic,,Metazoan,Invertebrate,Insect,Odonata,Lestes disjunctus,Large larva,Metazoan,Invertebrate,Crustacean,Cladoceran,Daphnia,Daphnia magna,Large,Mean,Y,48,23.0,,1,75.43,250.00,6.12E+00,Original species length,,1.70E+00,Original species length,Order,m^3 per pred per day,967,0.39,4.08E-02,2.83E-02,6.78E-02,1.79E-03,1.54E-03,2.05E-03,200,,
968,Englund & Harms 2001 OIKOS,Pred,3.00,,Aquatic,,Metazoan,Angiosperm,,,Utricularia vulgaris,,Metazoan,Invertebrate,Crustacean,Cladoceran,Water flea,Polyphemus pediculus,,Mean,Y,24 to 168,22.0,,15,28.27,125.00,,,,2.48E-02,Average species mass,Order,m^3 per pred per day,968,0.17,3.16E-05,2.03E-05,6.30E-05,4.27E-01,3.65E-01,5.11E-01,200,Experiment done in 1995; predators are individual trapbladders,
969,Englund & Harms 2001 OIKOS,Pred,3.00,,Aquatic,,Metazoan,Angiosperm,,,Utricularia vulgaris,,Metazoan,Invertebrate,Crustacean,Cladoceran,Water flea,Polyphemus pediculus,,Mean,Y,24 to 168,22.0,,15,28.27,125.00,,,,2.48E-02,Average species mass,Order,m^3 per pred per day,969,0.20,2.78E-05,1.61E-05,4.57E-05,4.19E-01,3.66E-01,4.99E-01,200,Experiment done in 1999; predators are individual trapbladders,
970,Midthassel et al 2014 BIOCONTROL SCI TECH,Pred,2.00,,Terrestrial,,Metazoan,Invertebrate,Arachnid,Mite,Typhlodromips swirskii,Adult female,Metazoan,Invertebrate,Arachnid,Mite,Mite,Suidasia medanensis,Adult (starved for 24h),Mean,N,0,25.0,,1,2.54,,5.33E-02,Alternate species length,Order,,,,m^2 per pred per day,970,0.68,2.96E-04,2.38E-04,3.75E-04,2.11E-01,1.86E-01,2.39E-01,200,,
971,Midthassel et al 2014 BIOCONTROL SCI TECH,Pred,2.00,,Terrestrial,,Metazoan,Invertebrate,Arachnid,Mite,Typhlodromips swirskii,Adult female,Metazoan,Invertebrate,Arachnid,Mite,Mite,Suidasia medanensis,Protonymph,Mean,N,0,25.0,,1,2.54,,5.33E-02,Alternate species length,Order,,,,m^2 per pred per day,971,0.87,3.54E-04,3.26E-04,3.82E-04,2.97E-02,2.73E-02,3.21E-02,200,,
972,Midthassel et al 2014 BIOCONTROL SCI TECH,Pred,2.00,,Terrestrial,,Metazoan,Invertebrate,Arachnid,Mite,Typhlodromips swirskii,Adult female,Metazoan,Invertebrate,Arachnid,Mite,Mite,Suidasia medanensis,Egg,Mean,N,0,25.0,,1,2.54,,5.33E-02,Alternate species length,Order,,,,m^2 per pred per day,972,0.79,4.03E-04,3.59E-04,4.52E-04,2.37E-02,2.22E-02,2.55E-02,200,,
973,Maselou et al 2015 BULL INSECTOLOGY,Pred,2.00,,Terrestrial,,Metazoan,Invertebrate,Insect,Hemiptera,Macrolophus pygmaeus,Adult female,Metazoan,Invertebrate,Insect,Hemiptera,Green peach aphid,Myzus persicae,2nd instar,Mean,N,24,,,1,63.62,,3.29E+00,Alternate species length,Family,8.63E-02,% adult mass,,m^2 per pred per day,973,0.92,6.43E-03,5.64E-03,7.42E-03,1.39E-02,7.43E-03,2.02E-02,200,"Arena size is area of petri dish, not leaf disk. Starved on leaf. (1st day) Text on pg 212 interpretted as: consumed prey recorded after 1st 24 hrs, replaced. After another 24 hrs, consumed prey counted. (So only starved before first 24 hrs). Each 24 hr prey eaten count is separate (See Fig 1a where less prey were eaten on day 2 at density 16 indicating that 48 hr count is not cumulative)",
974,Maselou et al 2015 BULL INSECTOLOGY,Pred,2.00,,Terrestrial,,Metazoan,Invertebrate,Insect,Hemiptera,Macrolophus pygmaeus,Adult female,Metazoan,Invertebrate,Insect,Hemiptera,Green peach aphid,Myzus persicae,2nd instar,Mean,N,0,,,1,63.62,,3.29E+00,Alternate species length,Family,8.63E-02,% adult mass,,m^2 per pred per day,974,0.85,6.19E-03,5.15E-03,7.55E-03,1.29E-02,3.19E-03,2.11E-02,200,"Arena size is area of petri dish, not leaf disk.Previously starved on leaf. (2nd day) Text on pg 212 interpretted as: consumed prey recorded after 1st 24 hrs, replaced. After another 24 hrs, consumed prey counted. (So only starved before first 24 hrs). Each 24 hr prey eaten count is separate (See Fig 1a where less prey were eaten on day 2 at density 16 indicating that 48 hr count is not cumulative)",
975,Maselou et al 2015 BULL INSECTOLOGY,Pred,2.00,,Terrestrial,,Metazoan,Invertebrate,Insect,Hemiptera,Macrolophus pygmaeus,Adult female,Metazoan,Invertebrate,Insect,Hemiptera,Green peach aphid,Myzus persicae,2nd instar,Mean,N,48,,,1,63.62,,3.29E+00,Alternate species length,Family,8.63E-02,% adult mass,,m^2 per pred per day,975,0.90,5.75E-03,5.08E-03,6.69E-03,9.92E-03,3.66E-03,1.62E-02,200,"Arena size is area of petri dish, not leaf disk.Starved on leaf. (1st day) Text on pg 212 interpretted as: consumed prey recorded after 1st 24 hrs, replaced. After another 24 hrs, consumed prey counted. (So only starved before first 24 hrs). Each 24 hr prey eaten count is separate (See Fig 1a where less prey were eaten on day 2 at density 16 indicating that 48 hr count is not cumulative)",
976,Maselou et al 2015 BULL INSECTOLOGY,Pred,2.00,,Terrestrial,,Metazoan,Invertebrate,Insect,Hemiptera,Macrolophus pygmaeus,Adult female,Metazoan,Invertebrate,Insect,Hemiptera,Green peach aphid,Myzus persicae,2nd instar,Mean,N,0,,,1,63.62,,3.29E+00,Alternate species length,Family,8.63E-02,% adult mass,,m^2 per pred per day,976,0.93,5.84E-03,5.28E-03,6.47E-03,8.05E-03,2.95E-03,1.26E-02,200,"Arena size is area of petri dish, not leaf disk.Previously starved on leaf. (2nd day) Text on pg 212 interpretted as: consumed prey recorded after 1st 24 hrs, replaced. After another 24 hrs, consumed prey counted. (So only starved before first 24 hrs). Each 24 hr prey eaten count is separate (See Fig 1a where less prey were eaten on day 2 at density 16 indicating that 48 hr count is not cumulative)",
977,Maselou et al 2015 BULL INSECTOLOGY,Pred,2.00,,Terrestrial,,Metazoan,Invertebrate,Insect,Hemiptera,Macrolophus pygmaeus,Adult female,Metazoan,Invertebrate,Insect,Hemiptera,Green peach aphid,Myzus persicae,2nd instar,Mean,N,48,,,1,63.62,,3.29E+00,Alternate species length,Family,8.63E-02,% adult mass,,m^2 per pred per day,977,0.83,7.09E-03,6.10E-03,8.16E-03,1.90E-02,1.19E-02,2.49E-02,200,"Arena size is area of petri dish, not leaf disk.Starved on cotton. (1st day) Text on pg 212 interpretted as: consumed prey recorded after 1st 24 hrs, replaced. After another 24 hrs, consumed prey counted. (So only starved before first 24 hrs). Each 24 hr prey eaten count is separate (See Fig 1a where less prey were eaten on day 2 at density 16 indicating that 48 hr count is not cumulative)",
978,Maselou et al 2015 BULL INSECTOLOGY,Pred,2.00,,Terrestrial,,Metazoan,Invertebrate,Insect,Hemiptera,Macrolophus pygmaeus,Adult female,Metazoan,Invertebrate,Insect,Hemiptera,Green peach aphid,Myzus persicae,2nd instar,Mean,N,0,,,1,63.62,,3.29E+00,Alternate species length,Family,8.63E-02,% adult mass,,m^2 per pred per day,978,0.86,7.32E-03,6.06E-03,8.89E-03,1.61E-02,8.51E-03,2.31E-02,200,"Arena size is area of petri dish, not leaf disk.Previously starved on cotton. (2nd day) Text on pg 212 interpretted as: consumed prey recorded after 1st 24 hrs, replaced. After another 24 hrs, consumed prey counted. (So only starved before first 24 hrs). Each 24 hr prey eaten count is separate (See Fig 1a where less prey were eaten on day 2 at density 16 indicating that 48 hr count is not cumulative)",
979,Farazmand et al 2012 INT J ACAR,Pred,2.00,,Terrestrial,,Metazoan,Invertebrate,Arachnid,Mite,Neoseiulus californicus,Adult female,Metazoan,Invertebrate,Arachnid,Mite,Red spider mite,Tetranychus urticae,Egg,Mean,N,6,25.0,,1,7.07,,6.13E-02,Alternate order mass,,2.11E-03,Alternate species length,Class,m^2 per pred per day,979,0.87,8.70E-04,7.42E-04,1.02E-03,6.37E-02,5.63E-02,7.01E-02,200,,
980,Farazmand et al 2012 INT J ACAR,Pred,2.00,,Terrestrial,,Metazoan,Invertebrate,Arachnid,Mite,Neoseiulus californicus,Adult female,Metazoan,Invertebrate,Arachnid,Mite,Red spider mite,Tetranychus urticae,Nymph,Mean,N,6,25.0,,1,7.07,,6.13E-02,Alternate order mass,,,,,m^2 per pred per day,980,0.89,7.41E-04,6.28E-04,8.60E-04,6.86E-02,6.31E-02,7.36E-02,200,,
981,Farazmand et al 2012 INT J ACAR,Pred,2.00,,Terrestrial,,Metazoan,Invertebrate,Arachnid,Mite,Typhlodromus bagdasarjani,Adult female,Metazoan,Invertebrate,Arachnid,Mite,Red spider mite,Tetranychus urticae,Egg,Mean,N,6,25.0,,1,7.07,,6.13E-02,Alternate order mass,,2.11E-03,Alternate species length,Class,m^2 per pred per day,981,0.79,8.54E-04,6.65E-04,1.05E-03,7.04E-02,5.99E-02,7.95E-02,200,,
982,Farazmand et al 2012 INT J ACAR,Pred,2.00,,Terrestrial,,Metazoan,Invertebrate,Arachnid,Mite,Typhlodromus bagdasarjani,Adult female,Metazoan,Invertebrate,Arachnid,Mite,Red spider mite,Tetranychus urticae,Nymph,Mean,N,6,25.0,,1,7.07,,6.13E-02,Alternate order mass,,,,,m^2 per pred per day,982,0.75,6.00E-04,4.76E-04,7.18E-04,9.63E-02,8.88E-02,1.06E-01,200,,
983,Xiao & Fadamiro 2010 BIO CONTROL,Pred,2.00,,Terrestrial,,Metazoan,Invertebrate,Arachnid,Mite,Phytoseiulus persimilis,Adult female,Metazoan,Invertebrate,Arachnid,Mite,Citrus red mite,Panonychus citri,Nymph,Mean,N,8,25.0,,1,50.27,,6.66E-02,Alternate species length,Class,,,,m^2 per pred per day,983,0.75,1.81E-03,1.50E-03,2.22E-03,5.39E-02,4.46E-02,6.54E-02,200,,
984,Xiao & Fadamiro 2010 BIO CONTROL,Pred,2.00,,Terrestrial,,Metazoan,Invertebrate,Arachnid,Mite,Galendromus occidentalis,Adult female,Metazoan,Invertebrate,Arachnid,Mite,Citrus red mite,Panonychus citri,Nymph,Mean,N,8,25.0,,1,50.27,,6.13E-02,Alternate order mass,,,,,m^2 per pred per day,984,0.73,1.56E-03,1.20E-03,2.02E-03,6.57E-02,4.89E-02,8.68E-02,200,,
985,Xiao & Fadamiro 2010 BIO CONTROL,Pred,2.00,,Terrestrial,,Metazoan,Invertebrate,Arachnid,Mite,Neoseiulus californicus,Adult female,Metazoan,Invertebrate,Arachnid,Mite,Citrus red mite,Panonychus citri,Nymph,Mean,N,8,25.0,,1,50.27,,6.13E-02,Alternate order mass,,,,,m^2 per pred per day,985,0.81,1.18E-03,9.03E-04,1.54E-03,7.50E-02,5.60E-02,9.60E-02,200,,
986,Samu and Biro 1993 EUR J ENTOMOL,Pred,2.00,,Terrestrial,,Metazoan,Invertebrate,Arachnid,Spider,Pardosa hortensis,Subadult female,Metazoan,Invertebrate,Insect,Diptera,House fly,Drosophila melanogaster,Vestigial winged,Mean,Y,72,,,1,63.62,,1.01E+01,Alternate order length,Order,1.02E+00,Alternate species mass,,m^2 per pred per day,986,0.53,2.11E-02,1.46E-02,3.18E-02,6.00E-02,4.36E-02,7.75E-02,200,,
987,Samu and Biro 1993 EUR J ENTOMOL,Pred,2.00,,Terrestrial,,Metazoan,Invertebrate,Arachnid,Spider,Pardosa hortensis,Adult female,Metazoan,Invertebrate,Insect,Diptera,House fly,Drosophila melanogaster,Vestigial winged,Mean,Y,72,,,1,63.62,,1.78E+01,Alternate species length,Order,1.02E+00,Alternate species mass,,m^2 per pred per day,987,0.20,1.26E-01,7.95E-02,1.87E-01,3.22E-02,2.79E-02,3.76E-02,200,,
988,Smith thesis 1973,Pred,2.50,,Terrestrial,,Metazoan,Invertebrate,Arachnid,Spider,Araneus diadematus,spiderling,Metazoan,Invertebrate,Insect,Hemiptera,Potato aphid,Macrosiphum euphorbiae ,,Mean,N,varied,,,1,400.00,4000.00,1.01E+01,Alternate order length,Order,1.32E+00,Alternate species length,Family,m^2.5 per pred per day,988,0.25,3.94E-03,1.84E-03,8.88E-03,1.51E+00,9.91E-01,2.08E+00,200,,
989,Smith thesis 1973,Pred,2.50,,Terrestrial,,Metazoan,Invertebrate,Arachnid,Spider,Araneus diadematus,spiderling,Metazoan,Invertebrate,Insect,Hemiptera,Aphid parasitoid,Aphidius nigripes,,Mean,N,varied,,,1,400.00,4000.00,1.01E+01,Alternate order length,Order,1.56E+01,Alternate order length,Order,m^2.5 per pred per day,989,0.27,7.64E-03,3.68E-03,2.10E-02,1.21E-01,1.60E-02,2.23E-01,200,,
990,Hardman and Turnbull 1980 Res Pop Ecol,Pred,2.00,,Terrestrial,,Metazoan,Invertebrate,Arachnid,Spider,Pardosa vancouveri,Subadult female,Metazoan,Invertebrate,Insect,Diptera,Fruit fly,Drosophila melanogaster,"Adult, Vestigial winged",Mean,Y,,23.0,,1,,,7.44E+00,Original species length,Order,1.02E+00,Alternate species mass,,m^2 per pred per day,990,0.22,1.31E-01,8.60E-02,2.22E-01,1.12E-01,9.31E-02,1.33E-01,200,,
991,Bressendorff and Toft 2011 BIOL LETT,Pred,2.00,,Terrestrial,,Metazoan,Invertebrate,Arachnid,Spider,Pardosa amentata,Adult female,Metazoan,Invertebrate,Insect,Diptera,Fruit fly,Drosophila melanogaster,,Mean,Y,24,21.0,,1,153.94,,3.12E+01,Alternate species length,Order,1.02E+00,Alternate species mass,,m^2 per pred per day,991,0.48,2.15E-02,1.30E-02,3.40E-02,1.10E-01,6.18E-02,1.51E-01,200,,
992,Bressendorff and Toft 2011 BIOL LETT,Pred,2.00,,Terrestrial,,Metazoan,Invertebrate,Arachnid,Spider,Pardosa amentata,Adult female,Metazoan,Invertebrate,Insect,Diptera,Fruit fly,Drosophila melanogaster,Nutritionally imbalanced,Mean,Y,24,21.0,,1,153.94,,3.12E+01,Alternate species length,Order,1.02E+00,Alternate species mass,,m^2 per pred per day,992,0.46,2.81E-02,1.89E-02,4.02E-02,1.42E-01,1.15E-01,1.68E-01,200,,
993,Bressendorff and Toft 2011 BIOL LETT,Pred,2.00,,Terrestrial,,Metazoan,Invertebrate,Arachnid,Spider,Pardosa amentata,Subadult,Metazoan,Invertebrate,Insect,Diptera,Fruit fly,Drosophila melanogaster,,Mean,Y,24,21.0,,1,153.94,,1.01E+01,Alternate order length,Order,1.02E+00,Alternate species mass,,m^2 per pred per day,993,0.20,2.11E-02,1.13E-02,3.81E-02,5.58E-01,3.53E-01,7.06E-01,200,,
994,Bressendorff and Toft 2011 BIOL LETT,Pred,2.00,,Terrestrial,,Metazoan,Invertebrate,Arachnid,Spider,Pardosa amentata,Subadult,Metazoan,Invertebrate,Insect,Diptera,Fruit fly,Drosophila melanogaster,Nutritionally imbalanced,Mean,Y,24,21.0,,1,153.94,,1.01E+01,Alternate order length,Order,1.02E+00,Alternate species mass,,m^2 per pred per day,994,0.28,2.12E-02,1.28E-02,3.56E-02,4.76E-01,3.53E-01,6.25E-01,200,,
995,Denno et al 2004 ECOL ENTO,Pred,2.50,,Terrestrial,,Metazoan,Invertebrate,Arachnid,Spider,Grammonota trivittata,,Metazoan,Invertebrate,Insect,Hemiptera,Planthopper,Prokelisia spp.,2nd instar,Mean,N,168,,,1,44.18,1325.36,3.38E+00,Original species length,Order,9.70E-02,Original species length,Order,m^2.5 per pred per day,995,0.76,3.92E-04,3.48E-04,5.21E-04,1.04E-07,2.50E-09,8.83E-02,200,,
996,Denno et al 2004 ECOL ENTO,Pred,2.50,,Terrestrial,,Metazoan,Invertebrate,Arachnid,Spider,Pardosa littoralis,,Metazoan,Invertebrate,Arachnid,Spider,,Grammonota trivittata,,Mean,N,168,,,1,44.18,1325.36,3.25E+01,Alternate species mass,,3.38E+00,Original species length,Order,m^2.5 per pred per day,996,0.46,5.28E-04,3.85E-04,7.39E-04,9.81E-08,3.85E-09,2.83E-01,200,,
997,Pekar et al 2015 J APPL ECOL,Pred,2.00,,Terrestrial,,Metazoan,Invertebrate,Arachnid,Spider,Anyphaena accentuata,Juvenile & Subadult,Metazoan,Invertebrate,Insect,Hemiptera,Jumping plant louse,Cacopsylla pyri,Adult,Raw data,Y,240,-2.0,,1,28.27,,1.19E+01,Original species mass,,1.10E+00,Original species mass,,m^2 per pred per day,997,0.21,3.46E-03,2.20E-04,4.43E-02,8.26E-01,3.83E-12,1.37E+00,200,,
998,Pekar et al 2015 J APPL ECOL,Pred,2.00,,Terrestrial,,Metazoan,Invertebrate,Arachnid,Spider,Anyphaena accentuata,Juvenile & Subadult,Metazoan,Invertebrate,Insect,Hemiptera,Jumping plant louse,Cacopsylla pyri,Adult,Raw data,Y,240,0.0,,1,28.27,,1.19E+01,Original species mass,,1.10E+00,Original species mass,,m^2 per pred per day,998,0.17,4.33E-03,1.02E-03,1.20E-01,5.16E-01,3.34E-01,6.66E-01,200,,
999,Pekar et al 2015 J APPL ECOL,Pred,2.00,,Terrestrial,,Metazoan,Invertebrate,Arachnid,Spider,Anyphaena accentuata,Juvenile & Subadult,Metazoan,Invertebrate,Insect,Hemiptera,Jumping plant louse,Cacopsylla pyri,Adult,Raw data,Y,240,5.0,,1,28.27,,1.19E+01,Original species mass,,1.10E+00,Original species mass,,m^2 per pred per day,999,0.16,8.15E-03,2.14E-03,3.61E-02,3.14E-01,2.01E-01,4.99E-01,200,,
1000,Pekar et al 2015 J APPL ECOL,Pred,2.00,,Terrestrial,,Metazoan,Invertebrate,Arachnid,Spider,Anyphaena accentuata,Juvenile & Subadult,Metazoan,Invertebrate,Insect,Hemiptera,Jumping plant louse,Cacopsylla pyri,Adult,Raw data,Y,240,10.0,,1,28.27,,1.19E+01,Original species mass,,1.10E+00,Original species mass,,m^2 per pred per day,1000,0.25,9.98E-03,4.58E-03,2.90E-02,1.63E-01,1.08E-01,2.50E-01,200,,
1001,Pekar et al 2015 J APPL ECOL,Pred,2.00,,Terrestrial,,Metazoan,Invertebrate,Arachnid,Spider,Anyphaena accentuata,Juvenile & Subadult,Metazoan,Invertebrate,Insect,Hemiptera,Jumping plant louse,Cacopsylla pyri,Adult,Raw data,Y,240,15.0,,1,28.27,,1.19E+01,Original species mass,,1.10E+00,Original species mass,,m^2 per pred per day,1001,0.41,4.41E-03,1.57E-03,9.90E-03,1.42E-01,5.30E-02,2.02E-01,200,,
1002,Pekar et al 2015 J APPL ECOL,Pred,2.00,,Terrestrial,,Metazoan,Invertebrate,Arachnid,Spider,Philodromus spp.,Juvenile & Subadult,Metazoan,Invertebrate,Insect,Hemiptera,Jumping plant louse,Cacopsylla pyri,Adult,Raw data,Y,240,-2.0,,1,28.27,,3.10E+00,Original species mass,,1.10E+00,Original species mass,,m^2 per pred per day,1002,0.18,1.89E-04,3.98E-05,3.86E+01,2.26E+00,1.23E-13,8.25E+00,200,,
1003,Pekar et al 2015 J APPL ECOL,Pred,2.00,,Terrestrial,,Metazoan,Invertebrate,Arachnid,Spider,Philodromus spp.,Juvenile & Subadult,Metazoan,Invertebrate,Insect,Hemiptera,Jumping plant louse,Cacopsylla pyri,Adult,Raw data,Y,240,0.0,,1,28.27,,3.10E+00,Original species mass,,1.10E+00,Original species mass,,m^2 per pred per day,1003,0.15,1.60E-03,6.24E-04,2.66E-01,8.61E-01,4.67E-01,1.46E+00,200,,
1004,Pekar et al 2015 J APPL ECOL,Pred,2.00,,Terrestrial,,Metazoan,Invertebrate,Arachnid,Spider,Philodromus spp.,Juvenile & Subadult,Metazoan,Invertebrate,Insect,Hemiptera,Jumping plant louse,Cacopsylla pyri,Adult,Raw data,Y,240,5.0,,1,28.27,,3.10E+00,Original species mass,,1.10E+00,Original species mass,,m^2 per pred per day,1004,0.35,2.31E-03,8.97E-04,5.68E-03,3.94E-01,2.17E-01,5.76E-01,200,,
1005,Pekar et al 2015 J APPL ECOL,Pred,2.00,,Terrestrial,,Metazoan,Invertebrate,Arachnid,Spider,Philodromus spp.,Juvenile & Subadult,Metazoan,Invertebrate,Insect,Hemiptera,Jumping plant louse,Cacopsylla pyri,Adult,Raw data,Y,240,10.0,,1,28.27,,3.10E+00,Original species mass,,1.10E+00,Original species mass,,m^2 per pred per day,1005,0.59,2.97E-03,1.55E-03,4.71E-03,1.32E-01,6.91E-02,1.97E-01,200,,
1006,Pekar et al 2015 J APPL ECOL,Pred,2.00,,Terrestrial,,Metazoan,Invertebrate,Arachnid,Spider,Philodromus spp.,Juvenile & Subadult,Metazoan,Invertebrate,Insect,Hemiptera,Jumping plant louse,Cacopsylla pyri,Adult,Raw data,Y,240,15.0,,1,28.27,,3.10E+00,Original species mass,,1.10E+00,Original species mass,,m^2 per pred per day,1006,0.26,6.91E-03,2.80E-03,2.25E-02,2.35E-01,1.62E-01,3.20E-01,200,,
1007,Pekar et al 2015 J APPL ECOL,Pred,2.00,,Terrestrial,,Metazoan,Invertebrate,Arachnid,Spider,Anyphaena accentuata,Subadult,Metazoan,Invertebrate,Arachnid,Spider,Crab spider,Philodromus spp.,Immature,Raw data,Y,168,0.0,,1,28.27,,1.19E+01,Original species mass,,2.00E+00,Original species mass,,m^2 per pred per day,1007,0.12,3.17E-03,6.80E-04,1.70E+02,3.76E-01,1.93E-11,8.48E-01,200,,
1008,Pekar et al 2015 J APPL ECOL,Pred,2.00,,Terrestrial,,Metazoan,Invertebrate,Arachnid,Spider,Anyphaena accentuata,Subadult,Metazoan,Invertebrate,Arachnid,Spider,Crab spider,Philodromus spp.,Immature,Raw data,Y,168,10.0,,1,28.27,,1.19E+01,Original species mass,,2.00E+00,Original species mass,,m^2 per pred per day,1008,0.17,4.78E-03,1.05E-03,1.39E+01,2.20E-01,9.21E-11,4.10E-01,200,,
1009,Heong et al 1991 RES POPUL ECOL,Pred,2.50,,Terrestrial,,Metazoan,Invertebrate,Arachnid,Spider,Pardosa pseudoannulata,Adult female,Metazoan,Invertebrate,Insect,Hemiptera,Rice brown planthopper,Nilaparvata lugens,Brachypterous adult female,Mean,N,36,27.0,,1,132.73,6636.61,1.01E+01,Alternate order length,Order,1.98E+00,Alternate species length,Order,m^2.5 per pred per day,1009,0.12,3.40E-02,1.03E-02,1.69E-01,9.35E-02,2.47E-02,1.55E-01,200,,
1010,Heong et al 1991 RES POPUL ECOL,Pred,2.50,,Terrestrial,,Metazoan,Invertebrate,Arachnid,Spider,Pardosa pseudoannulata,Adult female,Metazoan,Invertebrate,Insect,Hemiptera,Mirid bug,Cyrtorhinus lividipennis,Adult female,Mean,N,36,27.0,,1,132.73,6636.61,1.01E+01,Alternate order length,Order,5.28E+00,Alternate genus length,Genus,m^2.5 per pred per day,1010,0.52,2.89E-02,1.63E-02,5.23E-02,2.59E-02,5.83E-03,4.24E-02,200,,
1011,Nachappa et al 2006 J ECON ENTOMOL,Pred,2.50,,Terrestrial,,Metazoan,Invertebrate,Insect,Coleoptera,Tetracha carolina,Adult,Metazoan,Invertebrate,Insect,Hemiptera,Two-lined spittlebugs,Prosapia bicincta,Adult,Mean,N,96,24.0,,1,,1671.00,1.67E+02,Alternate species length,Family,3.30E+01,Original species mass,,m^2.5 per pred per day,1011,0.64,7.92E-03,6.37E-03,1.06E-02,1.16E-01,8.30E-02,1.53E-01,200,,
1012,Nachappa et al 2006 J ECON ENTOMOL,Pred,2.50,,Terrestrial,,Metazoan,Invertebrate,Insect,Coleoptera,Tetracha carolina,Adult,Metazoan,Invertebrate,Insect,Lepidoptera,Fall armyworm,Spodoptera frugiperda,4th instar larvae,Mean,N,96,24.0,,1,,1671.00,1.67E+02,Alternate species length,Family,2.07E+02,Original species mass,,m^2.5 per pred per day,1012,0.66,6.10E-03,4.96E-03,7.43E-03,3.31E-02,9.78E-03,5.82E-02,200,,
1013,Dinis et al 2016 BULL ENTOMOL RES,Pred,2.00,,Terrestrial,,Metazoan,Invertebrate,Insect,Coleoptera,Calathus granatensis,Adult,Metazoan,Invertebrate,Insect,Diptera,Olive fruit fly,Bactrocera oleae,Pupa,Raw data,N,168,21.0,,1,89.92,,4.75E+01,Original species mass,,2.26E+00,% adult mass,,m^2 per pred per day,1013,0.41,2.44E-02,1.97E-02,3.17E-02,1.10E-01,9.04E-02,1.31E-01,200,,
1014,Dinis et al 2016 BULL ENTOMOL RES,Pred,2.00,,Terrestrial,,Metazoan,Invertebrate,Insect,Coleoptera,Pterostichus globosus,Adult,Metazoan,Invertebrate,Insect,Diptera,Olive fruit fly,Bactrocera oleae,Pupa,Raw data,N,168,21.0,,1,89.92,,2.49E+02,Original species mass,,2.26E+00,% adult mass,,m^2 per pred per day,1014,0.61,1.04E-02,5.85E-03,1.38E-02,3.31E-02,1.77E-02,4.30E-02,200,,
1015,Gupta et al 2012 INT J TROP INS SCI,Pred,2.00,,Terrestrial,,Metazoan,Invertebrate,Insect,Coleoptera,Coccinella septempunctata,1st instar,Metazoan,Invertebrate,Insect,Hemiptera,Mustard aphid,Lipaphis erysimi,3rd instar,Mean,N,,20.0,,1,28.27,,,,,1.40E-01,% adult mass,,m^2 per pred per day,1015,0.58,1.76E-03,1.30E-03,2.36E-03,1.57E-02,8.80E-03,2.16E-02,200,,
1016,Gupta et al 2012 INT J TROP INS SCI,Pred,2.00,,Terrestrial,,Metazoan,Invertebrate,Insect,Coleoptera,Coccinella septempunctata,2nd instar,Metazoan,Invertebrate,Insect,Hemiptera,Mustard aphid,Lipaphis erysimi,3rd instar,Mean,N,,20.0,,1,28.27,,2.69E+00,% adult mass,,1.40E-01,% adult mass,,m^2 per pred per day,1016,0.76,1.83E-03,1.54E-03,2.22E-03,2.24E-03,2.46E-11,5.45E-03,200,"Used avg of adult male (21mg, Kumar er al) and female (19.39, Sabo et al) weights to calc instar mass",
1017,Gupta et al 2012 INT J TROP INS SCI,Pred,2.00,,Terrestrial,,Metazoan,Invertebrate,Insect,Coleoptera,Coccinella septempunctata,3rd instar,Metazoan,Invertebrate,Insect,Hemiptera,Mustard aphid,Lipaphis erysimi,3rd instar,Mean,N,,20.0,,1,28.27,,8.32E+00,% adult mass,,1.40E-01,% adult mass,,m^2 per pred per day,1017,0.75,2.45E-03,1.99E-03,2.99E-03,6.23E-03,4.73E-03,8.01E-03,200,"Used avg of adult male (21mg, Kumar er al) and female (19.39, Sabo et al) weights to calc instar mass",
1018,Gupta et al 2012 INT J TROP INS SCI,Pred,2.00,,Terrestrial,,Metazoan,Invertebrate,Insect,Coleoptera,Coccinella septempunctata,4th instar,Metazoan,Invertebrate,Insect,Hemiptera,Mustard aphid,Lipaphis erysimi,3rd instar,Mean,N,,20.0,,1,28.27,,2.21E+01,% adult mass,,1.40E-01,% adult mass,,m^2 per pred per day,1018,0.77,3.16E-03,2.55E-03,3.76E-03,4.32E-03,3.14E-03,5.39E-03,200,"Used avg of adult male (21mg, Kumar er al) and female (19.39, Sabo et al) weights to calc instar mass",
1019,Gupta et al 2012 INT J TROP INS SCI,Pred,2.00,,Terrestrial,,Metazoan,Invertebrate,Insect,Coleoptera,Coccinella septempunctata,Adult male,Metazoan,Invertebrate,Insect,Hemiptera,Mustard aphid,Lipaphis erysimi,3rd instar,Mean,N,,20.0,,1,28.27,,1.94E+01,Alternate species length,Family,1.40E-01,% adult mass,,m^2 per pred per day,1019,0.62,4.35E-03,3.17E-03,5.90E-03,5.22E-03,4.28E-03,6.40E-03,200,,
1020,Gupta et al 2012 INT J TROP INS SCI,Pred,2.00,,Terrestrial,,Metazoan,Invertebrate,Insect,Coleoptera,Coccinella septempunctata,Adult female,Metazoan,Invertebrate,Insect,Hemiptera,Mustard aphid,Lipaphis erysimi,3rd instar,Mean,N,,20.0,,1,28.27,,2.10E+01,Alternate species mass,,1.40E-01,% adult mass,,m^2 per pred per day,1020,0.75,3.92E-03,3.09E-03,4.84E-03,3.22E-03,2.44E-03,3.96E-03,200,,
1021,Gupta et al 2012 INT J TROP INS SCI,Pred,2.00,,Terrestrial,,Metazoan,Invertebrate,Insect,Coleoptera,Coccinella septempunctata,1st instar,Metazoan,Invertebrate,Insect,Hemiptera,Cabbage aphid,Brevicoryne brassicae,3rd instar,Mean,N,,20.0,,1,28.27,,,,,1.87E-01,% adult mass,,m^2 per pred per day,1021,0.60,1.69E-03,1.29E-03,2.11E-03,1.51E-02,9.47E-03,1.95E-02,200,,
1022,Gupta et al 2012 INT J TROP INS SCI,Pred,2.00,,Terrestrial,,Metazoan,Invertebrate,Insect,Coleoptera,Coccinella septempunctata,2nd instar,Metazoan,Invertebrate,Insect,Hemiptera,Cabbage aphid,Brevicoryne brassicae,3rd instar,Mean,N,,20.0,,1,28.27,,2.69E+00,% adult mass,,1.87E-01,% adult mass,,m^2 per pred per day,1022,0.74,1.84E-03,1.53E-03,2.24E-03,3.19E-03,4.86E-05,6.47E-03,200,"Used avg of adult male (21mg, Kumar er al) and female (19.39, Sabo et al) predator weights to calc instar mass",
1023,Gupta et al 2012 INT J TROP INS SCI,Pred,2.00,,Terrestrial,,Metazoan,Invertebrate,Insect,Coleoptera,Coccinella septempunctata,3rd instar,Metazoan,Invertebrate,Insect,Hemiptera,Cabbage aphid,Brevicoryne brassicae,3rd instar,Mean,N,,20.0,,1,28.27,,8.32E+00,% adult mass,,1.87E-01,% adult mass,,m^2 per pred per day,1023,0.74,2.56E-03,2.13E-03,3.18E-03,6.65E-03,5.07E-03,8.05E-03,200,"Used avg of adult male (21mg, Kumar er al) and female (19.39, Sabo et al) predator weights to calc instar mass",
1024,Gupta et al 2012 INT J TROP INS SCI,Pred,2.00,,Terrestrial,,Metazoan,Invertebrate,Insect,Coleoptera,Coccinella septempunctata,4th instar,Metazoan,Invertebrate,Insect,Hemiptera,Cabbage aphid,Brevicoryne brassicae,3rd instar,Mean,N,,20.0,,1,28.27,,2.21E+01,% adult mass,,1.87E-01,% adult mass,,m^2 per pred per day,1024,0.77,3.12E-03,2.50E-03,3.77E-03,4.95E-03,3.72E-03,6.19E-03,200,"Used avg of adult male (21mg, Kumar er al) and female (19.39, Sabo et al) predator weights to calc instar mass",
1025,Gupta et al 2012 INT J TROP INS SCI,Pred,2.00,,Terrestrial,,Metazoan,Invertebrate,Insect,Coleoptera,Coccinella septempunctata,Adult male,Metazoan,Invertebrate,Insect,Hemiptera,Cabbage aphid,Brevicoryne brassicae,3rd instar,Mean,N,,20.0,,1,28.27,,1.94E+01,Alternate species length,Family,1.87E-01,% adult mass,,m^2 per pred per day,1025,0.73,2.63E-03,2.08E-03,3.28E-03,4.59E-03,3.64E-03,5.50E-03,200,,
1026,Gupta et al 2012 INT J TROP INS SCI,Pred,2.00,,Terrestrial,,Metazoan,Invertebrate,Insect,Coleoptera,Coccinella septempunctata,Adult female,Metazoan,Invertebrate,Insect,Hemiptera,Cabbage aphid,Brevicoryne brassicae,3rd instar,Mean,N,,20.0,,1,28.27,,2.10E+01,Alternate species mass,,1.87E-01,% adult mass,,m^2 per pred per day,1026,0.72,2.82E-03,2.27E-03,3.46E-03,4.48E-03,3.62E-03,5.55E-03,200,,
1027,Parajulee 2006 ENVIRON ENTOMOL,Pred,2.00,,Terrestrial,,Metazoan,Invertebrate,Insect,Coleoptera,Hippodamia convergens,Adult,Metazoan,Invertebrate,Insect,Lepidoptera,Corn earworm/Cotton bollworm,Helicoverpa zea,Egg,Mean,N,24,29.0,,1,78.54,,2.37E+01,Alternate species mass,,2.68E-03,Alternate species length,Family,m^2 per pred per day,1027,0.79,3.14E-02,2.65E-02,3.60E-02,4.40E-03,3.66E-03,5.13E-03,200,,
1028,Parajulee 2006 ENVIRON ENTOMOL,Pred,2.00,,Terrestrial,,Metazoan,Invertebrate,Insect,Coleoptera,Hippodamia convergens,3rd instar,Metazoan,Invertebrate,Insect,Lepidoptera,Corn earworm/Cotton bollworm,Helicoverpa zea,Egg,Mean,N,24,29.0,,1,78.54,,6.00E+00,% adult mass,,2.68E-03,Alternate species length,Family,m^2 per pred per day,1028,0.63,9.99E-03,6.35E-03,1.65E-02,1.26E-02,7.64E-03,1.81E-02,200,Pred mass is avg of 2nd and 3rd instar masses given in Santos et al 2013,
1029,Parajulee 2006 ENVIRON ENTOMOL,Pred,2.00,,Terrestrial,,Metazoan,Invertebrate,Insect,Coleoptera,Collops quadrimaculatus,Adult,Metazoan,Invertebrate,Insect,Lepidoptera,Corn earworm/Cotton bollworm,Helicoverpa zea,Egg,Mean,N,24,29.0,,1,78.54,,1.76E+01,Alternate species length,Family,2.68E-03,Alternate species length,Family,m^2 per pred per day,1029,0.81,1.92E-02,1.49E-02,2.54E-02,7.87E-03,6.09E-03,9.44E-03,200,,
1030,Xue et al 2009 ENTOMO SOC AMER,Pred,2.50,,Terrestrial,,Metazoan,Invertebrate,Insect,Coleoptera,Harmonia axyridis,3rd instar,Metazoan,Invertebrate,Insect,Hemiptera,Soybean aphid,Aphis glycines,Adult,Mean,N,24,26.0,,1,,,1.05E+01,% adult mass,,3.30E-01,Alternate species length,Family,m^2.5 per pred per day,1030,0.65,6.10E-02,4.61E-02,8.19E-02,5.70E-03,4.18E-03,7.36E-03,200,,
1031,Xue et al 2009 ENTOMO SOC AMER,Pred,2.50,,Terrestrial,,Metazoan,Invertebrate,Insect,Coleoptera,Harmonia axyridis,Adult female,Metazoan,Invertebrate,Insect,Hemiptera,Soybean aphid,Aphis glycines,Adult,Mean,N,24,26.0,,1,,,3.70E+01,Alternate species mass,,3.30E-01,Alternate species length,Family,m^2.5 per pred per day,1031,0.56,7.20E-02,5.32E-02,9.81E-02,8.03E-03,6.34E-03,9.74E-03,200,soybean leaf surface area: ~30 cm2 *5 leaves=150cm2 *2(top and bottom)=300cm2,
1032,Xue et al 2009 ENTOMO SOC AMER,Pred,2.50,,Terrestrial,,Metazoan,Invertebrate,Insect,Coleoptera,Harmonia axyridis,Adult male,Metazoan,Invertebrate,Insect,Hemiptera,Soybean aphid,Aphis glycines,Adult,Mean,N,24,26.0,,1,,,3.10E+01,Alternate species mass,,3.30E-01,Alternate species length,Family,m^2.5 per pred per day,1032,0.40,7.80E-02,5.35E-02,1.18E-01,1.52E-02,1.27E-02,1.79E-02,200,,
1033,Xue et al 2009 ENTOMO SOC AMER,Pred,2.50,,Terrestrial,,Metazoan,Invertebrate,Insect,Coleoptera,Coccinella septempunctata,3rd instar,Metazoan,Invertebrate,Insect,Hemiptera,Soybean aphid,Aphis glycines,Adult,Mean,N,24,26.0,,1,,,8.32E+00,% adult mass,,3.30E-01,Alternate species length,Family,m^2.5 per pred per day,1033,0.63,5.95E-02,4.37E-02,7.90E-02,6.64E-03,4.69E-03,8.27E-03,200,"Used avg of adult male (21mg, Kumar er al) and female (19.39, Sabo et al) weights to calc pred instar mass",
1034,Xue et al 2009 ENTOMO SOC AMER,Pred,2.50,,Terrestrial,,Metazoan,Invertebrate,Insect,Coleoptera,Coccinella septempunctata,Adult female,Metazoan,Invertebrate,Insect,Hemiptera,Soybean aphid,Aphis glycines,Adult,Mean,N,24,26.0,,1,,,2.10E+01,Alternate species mass,,3.30E-01,Alternate species length,Family,m^2.5 per pred per day,1034,0.68,5.33E-02,3.94E-02,7.09E-02,5.33E-03,3.22E-03,7.12E-03,200,,
1035,Xue et al 2009 ENTOMO SOC AMER,Pred,2.50,,Terrestrial,,Metazoan,Invertebrate,Insect,Coleoptera,Coccinella septempunctata,Adult male,Metazoan,Invertebrate,Insect,Hemiptera,Soybean aphid,Aphis glycines,Adult,Mean,N,24,26.0,,1,,,1.94E+01,Alternate species length,Family,3.30E-01,Alternate species length,Family,m^2.5 per pred per day,1035,0.60,4.00E-02,2.73E-02,5.74E-02,8.53E-03,5.21E-03,1.16E-02,200,,
1036,Chang et al 1993 CHINESE J ENTOMOL,Pred,2.00,,Terrestrial,,Metazoan,Invertebrate,Insect,Coleoptera,Aiolocaria hexaspilota,1st instar,Metazoan,Invertebrate,Insect,Coleoptera,Walnut leaf beetle,Gastrolina depressa,1st instar,Mean,Y,,25.0,,1,78.54,,3.00E-02,Original species mass,,2.34E-01,Alternate species length,Family,m^2 per pred per day,1036,0.49,8.73E-03,5.43E-03,1.78E-02,1.04E-01,6.27E-02,1.54E-01,200,10cm diameter petri dish?,
1037,Chang et al 1993 CHINESE J ENTOMOL,Pred,2.00,,Terrestrial,,Metazoan,Invertebrate,Insect,Coleoptera,Aiolocaria hexaspilota,1st instar,Metazoan,Invertebrate,Insect,Coleoptera,Walnut leaf beetle,Gastrolina depressa,2nd instar,Mean,Y,,25.0,,1,78.54,,3.00E-02,Original species mass,,7.10E-01,Alternate species length,Family,m^2 per pred per day,1037,0.15,1.21E-02,4.98E-03,8.47E+02,2.46E-01,1.78E-01,3.14E-01,200,10cm diameter petri dish?,
1038,Chang et al 1993 CHINESE J ENTOMOL,Pred,2.00,,Terrestrial,,Metazoan,Invertebrate,Insect,Coleoptera,Aiolocaria hexaspilota,2nd instar,Metazoan,Invertebrate,Insect,Coleoptera,Walnut leaf beetle,Gastrolina depressa,2nd instar,Mean,Y,,25.0,,1,78.54,,8.00E-02,Original species mass,,7.10E-01,Alternate species length,Family,m^2 per pred per day,1038,0.71,1.02E-02,6.25E-03,1.82E-02,6.09E-02,3.69E-02,8.93E-02,200,10cm diameter petri dish?,
1039,Chang et al 1993 CHINESE J ENTOMOL,Pred,2.00,,Terrestrial,,Metazoan,Invertebrate,Insect,Coleoptera,Aiolocaria hexaspilota,2nd instar,Metazoan,Invertebrate,Insect,Coleoptera,Walnut leaf beetle,Gastrolina depressa,3rd instar,Mean,Y,,25.0,,1,78.54,,8.00E-02,Original species mass,,1.60E+00,Alternate species length,Family,m^2 per pred per day,1039,0.57,2.47E-03,1.61E-03,4.43E-03,7.32E-02,2.14E-10,1.78E-01,200,10cm diameter petri dish?,
1040,Chang et al 1993 CHINESE J ENTOMOL,Pred,2.00,,Terrestrial,,Metazoan,Invertebrate,Insect,Coleoptera,Aiolocaria hexaspilota,3rd instar,Metazoan,Invertebrate,Insect,Coleoptera,Walnut leaf beetle,Gastrolina depressa,2nd instar,Mean,Y,,25.0,,1,78.54,,2.70E-01,Original species mass,,7.10E-01,Alternate species length,Family,m^2 per pred per day,1040,0.86,1.01E-02,7.32E-03,1.35E-02,2.08E-02,5.82E-03,3.46E-02,200,10cm diameter petri dish?,
1041,Chang et al 1993 CHINESE J ENTOMOL,Pred,2.00,,Terrestrial,,Metazoan,Invertebrate,Insect,Coleoptera,Aiolocaria hexaspilota,3rd instar,Metazoan,Invertebrate,Insect,Coleoptera,Walnut leaf beetle,Gastrolina depressa,3rd instar,Mean,Y,,25.0,,1,78.54,,2.70E-01,Original species mass,,1.60E+00,Alternate species length,Family,m^2 per pred per day,1041,0.33,8.88E-03,5.54E-03,1.58E-02,1.40E-01,1.02E-01,1.86E-01,200,10cm diameter petri dish?,
1042,Chang et al 1993 CHINESE J ENTOMOL,Pred,2.00,,Terrestrial,,Metazoan,Invertebrate,Insect,Coleoptera,Aiolocaria hexaspilota,4th instar,Metazoan,Invertebrate,Insect,Coleoptera,Walnut leaf beetle,Gastrolina depressa,3rd instar,Mean,Y,,25.0,,1,78.54,,4.80E-01,Original species mass,,1.60E+00,Alternate species length,Family,m^2 per pred per day,1042,0.82,8.21E-03,5.82E-03,1.13E-02,1.04E-02,4.16E-04,1.93E-02,200,10cm diameter petri dish?,
1043,Lee and Kang 2004 BIO CONTROL,Pred,2.00,,Terrestrial,,Metazoan,Invertebrate,Insect,Coleoptera,Harmonia axyridis,1st instar,Metazoan,Invertebrate,Insect,Hemiptera,Cotton aphid,Aphis gossypii,Adult,Raw data,N,21,25.0,,1,28.27,,3.23E+00,Alternate species length,Family,3.04E-01,Average species mass,,m^2 per pred per day,1043,0.54,1.46E-03,7.98E-04,2.62E-03,1.48E-01,8.70E-02,1.93E-01,200,,
1044,Lee and Kang 2004 BIO CONTROL,Pred,2.00,,Terrestrial,,Metazoan,Invertebrate,Insect,Coleoptera,Harmonia axyridis,2nd instar,Metazoan,Invertebrate,Insect,Hemiptera,Cotton aphid,Aphis gossypii,Adult,Raw data,N,21,25.0,,1,28.27,,2.94E+00,% adult mass,,3.04E-01,Average species mass,,m^2 per pred per day,1044,0.55,2.30E-03,1.51E-03,3.53E-03,8.91E-02,5.56E-02,1.27E-01,200,,
1045,Lee and Kang 2004 BIO CONTROL,Pred,2.00,,Terrestrial,,Metazoan,Invertebrate,Insect,Coleoptera,Harmonia axyridis,3rd instar,Metazoan,Invertebrate,Insect,Hemiptera,Cotton aphid,Aphis gossypii,Adult,Raw data,N,21,25.0,,1,28.27,,1.05E+01,% adult mass,,3.04E-01,Average species mass,,m^2 per pred per day,1045,0.86,4.03E-03,3.33E-03,4.92E-03,1.91E-02,1.35E-02,2.47E-02,200,,
1046,Lee and Kang 2004 BIO CONTROL,Pred,2.00,,Terrestrial,,Metazoan,Invertebrate,Insect,Coleoptera,Harmonia axyridis,4th instar,Metazoan,Invertebrate,Insect,Hemiptera,Cotton aphid,Aphis gossypii,Adult,Raw data,N,21,25.0,,1,28.27,,2.76E+01,% adult mass,,3.04E-01,Average species mass,,m^2 per pred per day,1046,0.97,3.35E-03,3.00E-03,3.64E-03,3.78E-03,2.38E-03,4.60E-03,200,,
1047,Lee and Kang 2004 BIO CONTROL,Pred,2.00,,Terrestrial,,Metazoan,Invertebrate,Insect,Coleoptera,Harmonia axyridis,Adult female,Metazoan,Invertebrate,Insect,Hemiptera,Cotton aphid,Aphis gossypii,Adult,Raw data,N,21,25.0,,1,28.27,,3.70E+01,Alternate species mass,,3.04E-01,Average species mass,,m^2 per pred per day,1047,0.90,3.09E-03,2.60E-03,3.55E-03,4.15E-03,1.50E-03,6.57E-03,200,,
1048,Seko and Miura 2008 APPL ENTOMOL ZOOL,Pred,2.00,,Terrestrial,,Metazoan,Invertebrate,Insect,Coleoptera,Harmonia axyridis,1st instar,Metazoan,Invertebrate,Insect,Hemiptera,Green peach aphid,Myzus persicae,Adult,Raw data,N,21,25.0,,1,,,3.23E+00,Alternate species length,Family,4.73E-01,Alternate species length,Family,m^2 per pred per day,1048,0.71,3.94E-04,2.76E-04,9.36E-04,5.40E-10,5.05E-10,1.19E-01,200,,
1049,Seko and Miura 2008 APPL ENTOMOL ZOOL,Pred,2.00,,Terrestrial,,Metazoan,Invertebrate,Insect,Coleoptera,Harmonia axyridis,2nd instar,Metazoan,Invertebrate,Insect,Hemiptera,Green peach aphid,Myzus persicae,Adult,Raw data,N,21,25.0,,1,,,2.94E+00,% adult mass,,4.73E-01,Alternate species length,Family,m^2 per pred per day,1049,0.87,4.57E-03,1.68E-03,7.98E-03,3.50E-02,6.78E-03,5.64E-02,200,,
1050,Seko and Miura 2008 APPL ENTOMOL ZOOL,Pred,2.00,,Terrestrial,,Metazoan,Invertebrate,Insect,Coleoptera,Harmonia axyridis,3rd instar,Metazoan,Invertebrate,Insect,Hemiptera,Green peach aphid,Myzus persicae,Adult,Raw data,N,21,25.0,,1,,,1.05E+01,% adult mass,,4.73E-01,Alternate species length,Family,m^2 per pred per day,1050,0.84,6.84E-03,4.82E-03,9.25E-03,1.95E-02,1.26E-02,2.76E-02,200,,
1051,Seko and Miura 2008 APPL ENTOMOL ZOOL,Pred,2.00,,Terrestrial,,Metazoan,Invertebrate,Insect,Coleoptera,Harmonia axyridis,4th instar,Metazoan,Invertebrate,Insect,Hemiptera,Green peach aphid,Myzus persicae,Adult,Raw data,N,21,25.0,,1,,,2.76E+01,% adult mass,,4.73E-01,Alternate species length,Family,m^2 per pred per day,1051,0.98,6.84E-03,6.26E-03,7.51E-03,3.55E-03,2.02E-03,5.51E-03,200,,
1052,Seko and Miura 2008 APPL ENTOMOL ZOOL,Pred,2.00,,Terrestrial,,Metazoan,Invertebrate,Insect,Coleoptera,Harmonia axyridis,Adult male,Metazoan,Invertebrate,Insect,Hemiptera,Green peach aphid,Myzus persicae,Adult,Raw data,N,21,25.0,,1,,,3.10E+01,Alternate species mass,,4.73E-01,Alternate species length,Family,m^2 per pred per day,1052,0.97,7.02E-03,6.04E-03,8.04E-03,5.85E-03,3.06E-03,8.08E-03,200,,
1053,Seko and Miura 2008 APPL ENTOMOL ZOOL,Pred,2.00,,Terrestrial,,Metazoan,Invertebrate,Insect,Coleoptera,Harmonia axyridis,Adult female,Metazoan,Invertebrate,Insect,Hemiptera,Green peach aphid,Myzus persicae,Adult,Raw data,N,21,25.0,,1,,,3.70E+01,Alternate species mass,,4.73E-01,Alternate species length,Family,m^2 per pred per day,1053,0.98,6.98E-03,6.21E-03,7.86E-03,4.84E-03,3.06E-03,6.75E-03,200,,
1054,Farhadi et al 2010 ENVIRON ENTOMOL,Pred,2.00,,Terrestrial,,Metazoan,Invertebrate,Insect,Coleoptera,Hippodamia variegata,1st instar,Metazoan,Invertebrate,Insect,Hemiptera,Black bean aphid,Aphis fabae,4-5d old (adult?),Raw data,N,,23.0,,1,63.62,,,,,6.03E-01,Alternate species length,Family,m^2 per pred per day,1054,0.36,4.58E-03,2.25E-03,1.68E-02,1.99E-01,5.82E-02,3.60E-01,200,,
1055,Farhadi et al 2010 ENVIRON ENTOMOL,Pred,2.00,,Terrestrial,,Metazoan,Invertebrate,Insect,Coleoptera,Hippodamia variegata,2nd instar,Metazoan,Invertebrate,Insect,Hemiptera,Black bean aphid,Aphis fabae,4-5d old (adult?),Raw data,N,,23.0,,1,63.62,,1.57E+00,% adult mass,,6.03E-01,Alternate species length,Family,m^2 per pred per day,1055,0.40,5.34E-03,2.61E-03,1.04E-02,1.27E-01,6.39E-02,1.74E-01,200,,
1056,Farhadi et al 2010 ENVIRON ENTOMOL,Pred,2.00,,Terrestrial,,Metazoan,Invertebrate,Insect,Coleoptera,Hippodamia variegata,3rd instar,Metazoan,Invertebrate,Insect,Hemiptera,Black bean aphid,Aphis fabae,4-5d old (adult?),Raw data,N,,23.0,,1,63.62,,4.86E+00,% adult mass,,6.03E-01,Alternate species length,Family,m^2 per pred per day,1056,0.42,6.42E-03,3.52E-03,1.04E-02,6.39E-02,4.30E-02,8.40E-02,200,,
1057,Farhadi et al 2010 ENVIRON ENTOMOL,Pred,2.00,,Terrestrial,,Metazoan,Invertebrate,Insect,Coleoptera,Hippodamia variegata,4th instar,Metazoan,Invertebrate,Insect,Hemiptera,Black bean aphid,Aphis fabae,4-5d old (adult?),Raw data,N,,23.0,,1,63.62,,1.29E+01,% adult mass,,6.03E-01,Alternate species length,Family,m^2 per pred per day,1057,0.70,6.70E-03,4.89E-03,9.07E-03,1.47E-02,1.04E-02,1.84E-02,200,,
1058,Farhadi et al 2010 ENVIRON ENTOMOL,Pred,2.00,,Terrestrial,,Metazoan,Invertebrate,Insect,Coleoptera,Hippodamia variegata,Adult female,Metazoan,Invertebrate,Insect,Hemiptera,Black bean aphid,Aphis fabae,4-5d old (adult?),Raw data,N,,23.0,,1,63.62,,1.18E+01,Alternate species mass,,6.03E-01,Alternate species length,Family,m^2 per pred per day,1058,0.80,6.07E-03,4.10E-03,8.56E-03,1.25E-02,4.44E-03,1.88E-02,200,,
1059,Farhadi et al 2010 ENVIRON ENTOMOL,Pred,2.00,,Terrestrial,,Metazoan,Invertebrate,Insect,Coleoptera,Hippodamia variegata,Adult male,Metazoan,Invertebrate,Insect,Hemiptera,Black bean aphid,Aphis fabae,4-5d old (adult?),Raw data,N,,23.0,,1,63.62,,1.18E+01,Alternate species mass,,6.03E-01,Alternate species length,Family,m^2 per pred per day,1059,0.80,7.82E-03,6.08E-03,9.64E-03,3.75E-02,2.80E-02,4.82E-02,200,,
1060,Wang and Tsai 2001 AGR FOREST ENTOMOL,Pred,2.00,,Terrestrial,,Metazoan,Invertebrate,Insect,Coleoptera,Coelophora inaequalis,4th instar,Metazoan,Invertebrate,Insect,Hemiptera,Brown citrus aphid,Toxoptera citricida,Adult,Mean,N,24,25.0,,1,78.54,,1.18E+01,% adult mass,,7.46E-01,Alternate species length,Family,m^2 per pred per day,1060,0.81,9.88E-03,8.15E-03,1.21E-02,1.58E-02,1.06E-02,2.20E-02,200,,
1061,Wang and Tsai 2001 AGR FOREST ENTOMOL,Pred,2.00,,Terrestrial,,Metazoan,Invertebrate,Insect,Coleoptera,Coelophora inaequalis,Adult female,Metazoan,Invertebrate,Insect,Hemiptera,Brown citrus aphid,Toxoptera citricida,Adult,Mean,N,24,25.0,,1,78.54,,1.07E+01,Alternate species length,Family,7.46E-01,Alternate species length,Family,m^2 per pred per day,1061,0.92,7.78E-03,6.75E-03,9.86E-03,2.62E-03,2.93E-11,6.79E-03,200,,
1062,Wells and McPherson 1999 ENVIRON ENTOMOL,Pred,2.00,,Terrestrial,,Metazoan,Invertebrate,Insect,Coleoptera,Hippodamia convergens,4th instar,Metazoan,Invertebrate,Insect,Hemiptera,Tobacco aphid,Myzus nicotianae,Adult,Mean,N,24,27.0,,1,78.54,,2.80E+01,% adult mass,,4.73E-01,Alternate species length,Family,m^2 per pred per day,1062,0.74,9.73E-03,7.93E-03,1.30E-02,1.68E-02,9.91E-03,2.45E-02,200,,
1063,Wells and McPherson 1999 ENVIRON ENTOMOL,Pred,2.00,,Terrestrial,,Metazoan,Invertebrate,Insect,Coleoptera,Hippodamia convergens,Adult female,Metazoan,Invertebrate,Insect,Hemiptera,Tobacco aphid,Myzus nicotianae,Adult,Mean,N,24,27.0,,1,78.54,,2.37E+01,Alternate species mass,,4.73E-01,Alternate species length,Family,m^2 per pred per day,1063,0.87,6.62E-03,5.94E-03,8.65E-03,5.00E-10,2.45E-11,6.07E-03,200,,
1064,Pervez 2005 J INS SCI,Pred,2.50,,Terrestrial,,Metazoan,Invertebrate,Insect,Coleoptera,Cheilomenes sexmaculata,Adult female,Metazoan,Invertebrate,Insect,Hemiptera,Cowpea aphid,Aphis craccivora,Adult?,Mean,N,12,27.0,,1,50.27,552.92,2.00E+01,Alternate species mass,,4.24E-01,Alternate species length,Family,m^2.5 per pred per day,1064,0.78,4.26E-02,3.48E-02,5.00E-02,3.05E-03,2.28E-03,3.51E-03,200,,
1065,Pervez 2005 J INS SCI,Pred,2.50,,Terrestrial,,Metazoan,Invertebrate,Insect,Coleoptera,Propylea dissecta,Adult female,Metazoan,Invertebrate,Insect,Hemiptera,Cowpea aphid,Aphis craccivora,Adult?,Mean,N,12,27.0,,1,50.27,552.92,1.09E+01,Alternate species length,Family,4.24E-01,Alternate species length,Family,m^2.5 per pred per day,1065,0.68,3.69E-02,2.93E-02,4.43E-02,6.54E-03,5.58E-03,7.48E-03,200,,
1066,Pervez 2005 J INS SCI,Pred,2.50,,Terrestrial,,Metazoan,Invertebrate,Insect,Coleoptera,Coccinella transversalis,Adult female,Metazoan,Invertebrate,Insect,Hemiptera,Cowpea aphid,Aphis craccivora,Adult?,Mean,N,12,27.0,,1,50.27,552.92,1.94E+01,Alternate species mass,,4.24E-01,Alternate species length,Family,m^2.5 per pred per day,1066,0.77,4.26E-02,3.49E-02,5.00E-02,2.98E-03,2.27E-03,3.52E-03,200,,
1067,Pervez 2005 J INS SCI,Pred,2.50,,Terrestrial,,Metazoan,Invertebrate,Insect,Coleoptera,Cheilomenes sexmaculata,Adult female,Metazoan,Invertebrate,Insect,Hemiptera,Green peach aphid,Myzus persicae,Adult?,Mean,N,12,27.0,,1,50.27,552.92,2.00E+01,Alternate species mass,,4.73E-01,Alternate species length,Family,m^2.5 per pred per day,1067,0.76,3.63E-02,2.95E-02,4.45E-02,3.63E-03,2.91E-03,4.35E-03,200,,
1068,Pervez 2005 J INS SCI,Pred,2.50,,Terrestrial,,Metazoan,Invertebrate,Insect,Coleoptera,Propylea dissecta,Adult female,Metazoan,Invertebrate,Insect,Hemiptera,Green peach aphid,Myzus persicae,Adult?,Mean,N,12,27.0,,1,50.27,552.92,1.09E+01,Alternate species length,Family,4.73E-01,Alternate species length,Family,m^2.5 per pred per day,1068,0.65,2.77E-02,2.20E-02,3.34E-02,8.96E-03,7.48E-03,1.02E-02,200,,
1069,Pervez 2005 J INS SCI,Pred,2.50,,Terrestrial,,Metazoan,Invertebrate,Insect,Coleoptera,Coccinella transversalis,Adult female,Metazoan,Invertebrate,Insect,Hemiptera,Green peach aphid,Myzus persicae,Adult?,Mean,N,12,27.0,,1,50.27,552.92,1.94E+01,Alternate species mass,,4.73E-01,Alternate species length,Family,m^2.5 per pred per day,1069,0.72,3.69E-02,3.01E-02,4.39E-02,4.89E-03,4.03E-03,5.64E-03,200,,
1070,Atlihan et al 2010 PHYTOPARASITICA,Pred,2.00,,Terrestrial,,Metazoan,Invertebrate,Insect,Coleoptera,Adalia fasciatopunctata revelierei,3rd instar,Metazoan,Invertebrate,Insect,Hemiptera,Walnut aphid,Callaphis juglandis,3rd & 4th instar nymphs,Mean,N,24,25.0,,1,153.94,,1.92E+01,% adult mass,,5.76E-01,Average species mass,,m^2 per pred per day,1070,0.79,1.91E-02,1.61E-02,2.15E-02,2.51E-02,2.15E-02,2.84E-02,200,,
1071,Atlihan et al 2010 PHYTOPARASITICA,Pred,2.00,,Terrestrial,,Metazoan,Invertebrate,Insect,Coleoptera,Adalia fasciatopunctata revelierei,4th instar,Metazoan,Invertebrate,Insect,Hemiptera,Walnut aphid,Callaphis juglandis,3rd & 4th instar nymphs,Mean,N,24,25.0,,1,153.94,,5.11E+01,% adult mass,,5.76E-01,Average species mass,,m^2 per pred per day,1071,0.91,2.19E-02,2.03E-02,2.34E-02,1.77E-02,1.66E-02,1.91E-02,200,,
1072,Atlihan et al 2010 PHYTOPARASITICA,Pred,2.00,,Terrestrial,,Metazoan,Invertebrate,Insect,Coleoptera,Adalia fasciatopunctata revelierei,Adult male,Metazoan,Invertebrate,Insect,Hemiptera,Walnut aphid,Callaphis juglandis,3rd & 4th instar nymphs,Mean,N,24,25.0,,1,153.94,,4.67E+01,Alternate family length,Family,5.76E-01,Average species mass,,m^2 per pred per day,1072,0.83,2.14E-02,1.83E-02,2.47E-02,2.00E-02,1.80E-02,2.22E-02,200,,
1073,Atlihan et al 2010 PHYTOPARASITICA,Pred,2.00,,Terrestrial,,Metazoan,Invertebrate,Insect,Coleoptera,Adalia fasciatopunctata revelierei,Adult female,Metazoan,Invertebrate,Insect,Hemiptera,Walnut aphid,Callaphis juglandis,3rd & 4th instar nymphs,Mean,N,24,25.0,,1,153.94,,4.67E+01,Alternate family length,Family,5.76E-01,Average species mass,,m^2 per pred per day,1073,0.83,2.10E-02,1.86E-02,2.34E-02,1.48E-02,1.31E-02,1.68E-02,200,,
1074,Sabaghi et al 2011 J PLANT PROT RES,Pred,2.50,,Terrestrial,,Metazoan,Invertebrate,Insect,Coleoptera,Scymnus syriacus,Adult male,Metazoan,Invertebrate,Insect,Hemiptera,Black bean aphid,Aphis fabae,3rd instar nymph,Raw data,N,24,25.0,,1,176.71,approx.,5.94E+00,Alternate species length,Family,1.40E-01,% adult mass,,m^2.5 per pred per day,1074,0.92,4.89E-02,3.96E-02,6.08E-02,2.16E-02,1.90E-02,2.35E-02,200,,
1075,Sabaghi et al 2011 J PLANT PROT RES,Pred,2.50,,Terrestrial,,Metazoan,Invertebrate,Insect,Coleoptera,Scymnus syriacus,Adult female,Metazoan,Invertebrate,Insect,Hemiptera,Black bean aphid,Aphis fabae,3rd instar nymph,Raw data,N,24,25.0,,1,176.71,approx.,5.94E+00,Alternate species length,Family,1.40E-01,% adult mass,,m^2.5 per pred per day,1075,0.99,3.99E-02,3.63E-02,4.37E-02,1.77E-02,1.66E-02,1.87E-02,200,,
1076,Ya?ar and Ozger 2005 TÜRK ENTOMOL DERG,Pred,2.00,,Terrestrial,,Metazoan,Invertebrate,Insect,Coleoptera,Oenopia conglobata,1st instar,Metazoan,Invertebrate,Insect,Hemiptera,Mealy plum aphid,Hyalopterus pruni,Adult?,Mean,N,,25.0,,,,,,,,9.67E-01,Alternate species length,Family,m^2 per pred per day,1076,0.28,3.19E-02,2.40E-02,4.48E-02,2.84E-02,2.60E-02,3.10E-02,200,,
1077,Ya?ar and Ozger 2005 TÜRK ENTOMOL DERG,Pred,2.00,,Terrestrial,,Metazoan,Invertebrate,Insect,Coleoptera,Oenopia conglobata,2nd instar,Metazoan,Invertebrate,Insect,Hemiptera,Mealy plum aphid,Hyalopterus pruni,Adult?,Mean,N,,25.0,,,,,9.02E-01,% adult mass,,9.67E-01,Alternate species length,Family,m^2 per pred per day,1077,0.40,2.91E-02,2.40E-02,3.64E-02,1.96E-02,1.82E-02,2.14E-02,200,,
1078,Ya?ar and Ozger 2005 TÜRK ENTOMOL DERG,Pred,2.00,,Terrestrial,,Metazoan,Invertebrate,Insect,Coleoptera,Oenopia conglobata,3rd instar,Metazoan,Invertebrate,Insect,Hemiptera,Mealy plum aphid,Hyalopterus pruni,Adult?,Mean,N,,25.0,,,,,2.80E+00,% adult mass,,9.67E-01,Alternate species length,Family,m^2 per pred per day,1078,0.47,2.93E-02,2.41E-02,3.54E-02,1.49E-02,1.35E-02,1.64E-02,200,,
1079,Ya?ar and Ozger 2005 TÜRK ENTOMOL DERG,Pred,2.00,,Terrestrial,,Metazoan,Invertebrate,Insect,Coleoptera,Oenopia conglobata,4th instar,Metazoan,Invertebrate,Insect,Hemiptera,Mealy plum aphid,Hyalopterus pruni,Adult?,Mean,N,,25.0,,,,,7.43E+00,% adult mass,,9.67E-01,Alternate species length,Family,m^2 per pred per day,1079,0.46,3.02E-02,2.48E-02,3.87E-02,1.42E-02,1.30E-02,1.55E-02,200,,
1080,Ya?ar and Ozger 2005 TÜRK ENTOMOL DERG,Pred,2.00,,Terrestrial,,Metazoan,Invertebrate,Insect,Coleoptera,Oenopia conglobata,Adult,Metazoan,Invertebrate,Insect,Hemiptera,Mealy plum aphid,Hyalopterus pruni,Adult?,Mean,N,,25.0,,,,,6.79E+00,Alternate species mass,,9.67E-01,Alternate species length,Family,m^2 per pred per day,1080,0.64,2.13E-02,1.85E-02,2.41E-02,4.06E-03,3.43E-03,4.67E-03,200,,
1081,Zarghami et al 2016 PSYCHE J ENTOMOL,Pred,2.00,,Terrestrial,,Metazoan,Invertebrate,Insect,Coleoptera,Nephus arcuatus,1st instar,Metazoan,Invertebrate,Insect,Hemiptera,Spherical mealybug,Nipaecoccus viridis,Egg,Raw data,N,12,30.0,,1,63.00,,,,,5.86E-01,% adult mass,,m^2 per pred per day,1081,0.39,9.49E-03,5.32E-03,2.37E-02,1.88E-01,1.35E-01,2.36E-01,200,,
1082,Zarghami et al 2016 PSYCHE J ENTOMOL,Pred,2.00,,Terrestrial,,Metazoan,Invertebrate,Insect,Coleoptera,Nephus arcuatus,2nd instar,Metazoan,Invertebrate,Insect,Hemiptera,Spherical mealybug,Nipaecoccus viridis,Egg,Raw data,N,12,30.0,,1,63.00,,2.13E-01,% adult mass,,5.86E-01,% adult mass,,m^2 per pred per day,1082,0.90,9.59E-03,8.62E-03,1.07E-02,3.57E-02,3.16E-02,3.93E-02,200,,
1083,Zarghami et al 2016 PSYCHE J ENTOMOL,Pred,2.00,,Terrestrial,,Metazoan,Invertebrate,Insect,Coleoptera,Nephus arcuatus,Adult male,Metazoan,Invertebrate,Insect,Hemiptera,Spherical mealybug,Nipaecoccus viridis,Egg,Raw data,N,12,30.0,,1,63.00,,1.60E+00,Alternate species length,Family,5.86E-01,% adult mass,,m^2 per pred per day,1083,0.92,1.01E-02,9.28E-03,1.12E-02,2.36E-02,2.09E-02,2.65E-02,200,,
1084,Ball et al 2015 BASIC APPL ECOL,Pred,2.00,,Terrestrial,,Metazoan,Invertebrate,Insect,Coleoptera,Anchomenus dorsalis,Adult,Metazoan,Invertebrate,Insect,Lepidoptera,Cabbage moth,Mamestra brassicae,"Caterpillar (dead, 8d old, 3rd instar)",Raw data,N,,16.0,,1,,,1.87E+01,Original species mass,,3.91E+00,% adult mass,,m^2 per pred per day,1084,0.13,2.49E-03,2.75E-04,4.20E-02,2.74E-01,2.13E-09,4.58E-01,200,,
1085,Ball et al 2015 BASIC APPL ECOL,Pred,2.00,,Terrestrial,,Metazoan,Invertebrate,Insect,Coleoptera,Calathus fuscipes,Adult,Metazoan,Invertebrate,Insect,Lepidoptera,Cabbage moth,Mamestra brassicae,"Caterpillar (dead, 8d old, 3rd instar)",Raw data,N,,16.0,,1,,,1.11E+02,Original species mass,,3.91E+00,% adult mass,,m^2 per pred per day,1085,0.07,1.86E-02,5.79E-03,9.41E-02,1.90E-01,1.45E-01,2.40E-01,200,,
1086,Ball et al 2015 BASIC APPL ECOL,Pred,2.00,,Terrestrial,,Metazoan,Invertebrate,Insect,Coleoptera,Pterostichus melanarius,Adult,Metazoan,Invertebrate,Insect,Lepidoptera,Cabbage moth,Mamestra brassicae,"Caterpillar (dead, 8d old, 3rd instar)",Raw data,N,,16.0,,1,,,1.59E+02,Original species mass,,3.91E+00,% adult mass,,m^2 per pred per day,1086,0.17,1.23E-02,4.97E-03,3.50E-02,1.00E-01,7.79E-02,1.26E-01,200,,
1087,Ball et al 2015 BASIC APPL ECOL,Pred,2.00,,Terrestrial,,Metazoan,Invertebrate,Insect,Coleoptera,Pterostichus madidus,Adult,Metazoan,Invertebrate,Insect,Lepidoptera,Cabbage moth,Mamestra brassicae,"Caterpillar (dead, 8d old, 3rd instar)",Raw data,N,,16.0,,1,,,1.44E+02,Original species mass,,3.91E+00,% adult mass,,m^2 per pred per day,1087,0.13,6.49E-03,2.21E-03,2.63E-02,1.12E-01,7.24E-02,1.73E-01,200,,
1088,Ball et al 2015 BASIC APPL ECOL,Pred,2.00,,Terrestrial,,Metazoan,Invertebrate,Insect,Coleoptera,Pterostichus niger,Adult,Metazoan,Invertebrate,Insect,Lepidoptera,Cabbage moth,Mamestra brassicae,"Caterpillar (dead, 8d old, 3rd instar)",Raw data,N,,16.0,,1,,,2.50E+02,Original species mass,,3.91E+00,% adult mass,,m^2 per pred per day,1088,0.38,8.45E-03,2.81E-03,1.46E-02,5.95E-02,3.23E-02,8.28E-02,200,,
1089,Saleh et al 2010 JORDAN J BIO SCI,Pred,2.00,,Terrestrial,,Metazoan,Invertebrate,Insect,Coleoptera,Hippodamia variegata,Adult female,Metazoan,Invertebrate,Insect,Hemiptera,Plum leaf-curl aphid,Brachycaudus helichrysi,Adult,Mean,N,12,25.0,,1,63.62,,1.18E+01,Alternate species mass,,4.24E-01,Alternate species length,Family,m^2 per pred per day,1089,0.54,9.49E-03,7.59E-03,1.19E-02,1.22E-02,9.68E-03,1.47E-02,200,,
1090,Barbosa et al 2014 FL ENTOMOL,Pred,2.00,,Terrestrial,,Metazoan,Invertebrate,Insect,Coleoptera,Tenuisvalvae notata,Adult female,Metazoan,Invertebrate,Insect,Hemiptera,Striped mealybug,Ferrisia virgata,Adult female,Mean,N,24,25.0,,1,19.63,,4.67E+01,Alternate family length,Family,3.93E+00,Alternate species length,Order,m^2 per pred per day,1090,0.25,2.29E-03,1.49E-03,3.88E-03,3.25E-01,1.65E-01,5.11E-01,200,,
1091,Barbosa et al 2014 FL ENTOMOL,Pred,2.00,,Terrestrial,,Metazoan,Invertebrate,Insect,Coleoptera,Tenuisvalvae notata,Adult female,Metazoan,Invertebrate,Insect,Hemiptera,Striped mealybug,Ferrisia virgata,3rd instar,Mean,N,24,25.0,,1,19.63,,4.67E+01,Alternate family length,Family,9.13E-01,% adult mass,,m^2 per pred per day,1091,0.35,3.22E-03,2.54E-03,4.69E-03,1.95E-01,1.50E-01,2.48E-01,200,,
1092,Barbosa et al 2014 FL ENTOMOL,Pred,2.00,,Terrestrial,,Metazoan,Invertebrate,Insect,Coleoptera,Tenuisvalvae notata,Adult female,Metazoan,Invertebrate,Insect,Hemiptera,Striped mealybug,Ferrisia virgata,Nymphs (newly hatched),Mean,N,24,25.0,,1,19.63,,4.67E+01,Alternate family length,Family,2.17E-02,% adult mass,,m^2 per pred per day,1092,0.67,1.27E-03,1.16E-03,1.36E-03,2.45E-11,2.42E-11,2.50E-11,200,,
1093,Messina & Hanks 1998 POP ECOL,Pred,2.00,,Terrestrial,,Metazoan,Invertebrate,Insect,Coleoptera,Propylea quatuordecimpunctata,Adult female,Metazoan,Invertebrate,Insect,Hemiptera,Russian wheat aphid,Diuraphis noxia,Adult,Mean,N,16,23.0,,1,78.54,,1.17E+01,Alternate species mass,,6.58E-01,Alternate species length,Family,m^2 per pred per day,1093,0.52,1.95E-01,1.37E-01,2.74E-01,1.79E-03,1.26E-03,2.37E-03,200,,
1094,Messina & Hanks 1998 POP ECOL,Pred,2.00,,Terrestrial,,Metazoan,Invertebrate,Insect,Coleoptera,Propylea quatuordecimpunctata,4th instar,Metazoan,Invertebrate,Insect,Hemiptera,Russian wheat aphid,Diuraphis noxia,Adult,Mean,N,16,23.0,,1,78.54,,1.28E+01,% adult mass,,6.58E-01,Alternate species length,Family,m^2 per pred per day,1094,0.99,2.17E-01,2.15E-01,2.19E-01,2.41E-03,2.39E-03,2.42E-03,200,,
1095,Munyaneza & Obrycki 1997 BIO CONTROL,Pred,2.00,,Terrestrial,,Metazoan,Invertebrate,Insect,Coleoptera,Coleomegilla maculata,4th instar,Metazoan,Invertebrate,Insect,Coleoptera,Colorado potato beetle,Leptinotarsa decemlineata,Egg,Mean,N,24,26.0,,1,63.62,,3.30E+01,Alternate species length,Family,9.92E-01,Alternate species length,Family,m^2 per pred per day,1095,0.93,4.97E-02,4.95E-02,4.99E-02,1.09E-03,1.08E-03,1.11E-03,200,,
1096,Jalali et al 2010 BIO CONTROL,Pred,2.00,,Terrestrial,,Metazoan,Invertebrate,Insect,Coleoptera,Adalia bipunctata,Adult female,Metazoan,Invertebrate,Insect,Hemiptera,Green peach aphid,Myzus persicae,3rd/4th instar,Raw data,N,24,19.0,,1,22.50,,1.28E+01,Original species mass,,1.70E-01,Alternate species mass,,m^2 per pred per day,1096,0.93,2.90E-03,2.59E-03,3.25E-03,1.32E-02,1.15E-02,1.47E-02,200,,
1097,Jalali et al 2010 BIO CONTROL,Pred,2.00,,Terrestrial,,Metazoan,Invertebrate,Insect,Coleoptera,Adalia bipunctata,Adult female,Metazoan,Invertebrate,Insect,Hemiptera,Green peach aphid,Myzus persicae,3rd/4th instar,Raw data,N,24,23.0,,1,22.50,,1.28E+01,Original species mass,,1.70E-01,Alternate species mass,,m^2 per pred per day,1097,0.93,3.09E-03,2.74E-03,3.49E-03,1.02E-02,8.96E-03,1.15E-02,200,,
1098,Jalali et al 2010 BIO CONTROL,Pred,2.00,,Terrestrial,,Metazoan,Invertebrate,Insect,Coleoptera,Adalia bipunctata,Adult female,Metazoan,Invertebrate,Insect,Hemiptera,Green peach aphid,Myzus persicae,3rd/4th instar,Raw data,N,24,27.0,,1,22.50,,1.28E+01,Original species mass,,1.70E-01,Alternate species mass,,m^2 per pred per day,1098,0.79,1.64E-03,1.49E-03,2.03E-03,8.22E-09,4.84E-10,2.78E-03,200,,
1099,Koch et al 2003 BIO CONTROL,Pred,2.00,,Terrestrial,,Metazoan,Invertebrate,Insect,Coleoptera,Harmonia axyridis,3rd instar,Metazoan,Invertebrate,Insect,Lepidoptera,Monarch,Danaus plexippus,Egg (24-48h old),Mean,N,24,22.0,,1,78.54,,1.05E+01,% adult mass,,1.67E-02,% adult mass,,m^2 per pred per day,1099,0.84,1.47E-02,1.21E-02,1.93E-02,2.43E-02,1.79E-02,3.12E-02,200,,
1100,Koch et al 2003 BIO CONTROL,Pred,2.00,,Terrestrial,,Metazoan,Invertebrate,Insect,Coleoptera,Harmonia axyridis,3rd instar,Metazoan,Invertebrate,Insect,Lepidoptera,Monarch,Danaus plexippus,1st instar (12-24h old),Mean,N,24,22.0,,1,78.54,,1.05E+01,% adult mass,,2.87E-01,% adult mass,,m^2 per pred per day,1100,0.67,8.38E-03,5.94E-03,1.28E-02,4.26E-02,2.70E-02,6.18E-02,200,,
1101,Koch et al 2003 BIO CONTROL,Pred,2.00,,Terrestrial,,Metazoan,Invertebrate,Insect,Coleoptera,Harmonia axyridis,Adult female,Metazoan,Invertebrate,Insect,Lepidoptera,Monarch,Danaus plexippus,Egg (36-48h old),Mean,N,24,22.0,,1,78.54,,3.70E+01,Alternate species mass,,1.67E-02,% adult mass,,m^2 per pred per day,1101,0.67,8.19E-03,5.28E-03,1.27E-02,1.11E-02,5.00E-10,2.32E-02,200,,
1102,Gotoh et al 2004 APPL ENTOMOL ZOOL,Pred,2.00,,Terrestrial,,Metazoan,Invertebrate,Insect,Coleoptera,Stethorus japonicus,Adult female,Metazoan,Invertebrate,Arachnid,Mite,Two-spotted spider mite,Tetranychus urticae,Egg,Mean,N,,18.0,,1,16.00,,1.16E-01,Alternate species length,Family,2.11E-03,Alternate species length,Class,m^2 per pred per day,1102,0.88,2.15E-03,1.91E-03,2.39E-03,5.09E-03,4.58E-03,5.61E-03,200,,
1103,Gotoh et al 2004 APPL ENTOMOL ZOOL,Pred,2.00,,Terrestrial,,Metazoan,Invertebrate,Insect,Coleoptera,Stethorus japonicus,Adult female,Metazoan,Invertebrate,Arachnid,Mite,Two-spotted spider mite,Tetranychus urticae,Egg,Mean,N,,25.0,,1,16.00,,1.16E-01,Alternate species length,Family,2.11E-03,Alternate species length,Class,m^2 per pred per day,1103,0.90,2.24E-03,2.08E-03,2.41E-03,1.83E-03,1.67E-03,1.97E-03,200,,
1104,Gotoh et al 2004 APPL ENTOMOL ZOOL,Pred,2.00,,Terrestrial,,Metazoan,Invertebrate,Insect,Coleoptera,Stethorus japonicus,Adult female,Metazoan,Invertebrate,Arachnid,Mite,Two-spotted spider mite,Tetranychus urticae,Egg,Mean,N,,30.0,,1,16.00,,1.16E-01,Alternate species length,Family,2.11E-03,Alternate species length,Class,m^2 per pred per day,1104,0.93,2.03E-03,1.92E-03,2.13E-03,1.19E-03,1.11E-03,1.27E-03,200,,
1105,Cabral et al 2009 BIO CONTROL,Pred,2.00,,Terrestrial,,Metazoan,Invertebrate,Insect,Coleoptera,Coccinella undecimpunctata,4th instar,Metazoan,Invertebrate,Insect,Hemiptera,Green peach aphid,Myzus persicae,4th instar & apterous Adult females,Mean,N,,25.0,,1,78.54,,1.20E+01,% adult mass,,3.87E-01,% adult mass,,m^2 per pred per day,1105,0.94,6.14E-03,5.78E-03,6.50E-03,1.23E-02,1.14E-02,1.34E-02,200,,
1106,Cabral et al 2009 BIO CONTROL,Pred,2.00,,Terrestrial,,Metazoan,Invertebrate,Insect,Coleoptera,Coccinella undecimpunctata,Adult female,Metazoan,Invertebrate,Insect,Hemiptera,Green peach aphid,Myzus persicae,5th instar & apterous Adult females,Mean,N,,25.0,,1,78.54,,1.09E+01,Alternate species length,Family,3.87E-01,% adult mass,,m^2 per pred per day,1106,0.90,6.67E-03,6.15E-03,7.23E-03,1.49E-02,1.36E-02,1.65E-02,200,,
1107,Cabral et al 2009 BIO CONTROL,Pred,2.00,,Terrestrial,,Metazoan,Invertebrate,Insect,Coleoptera,Coccinella undecimpunctata,Adult male,Metazoan,Invertebrate,Insect,Hemiptera,Green peach aphid,Myzus persicae,6th instar & apterous Adult females,Mean,N,,25.0,,1,78.54,,1.09E+01,Alternate species length,Family,3.87E-01,% adult mass,,m^2 per pred per day,1107,0.86,7.27E-03,6.54E-03,8.14E-03,1.80E-02,1.56E-02,2.04E-02,200,,
1108,Asante 1995 J AUST ENT SOC,Pred,2.00,,Terrestrial,,Metazoan,Invertebrate,Insect,Coleoptera,Parapriasus australasiae,Adult,Metazoan,Invertebrate,Insect,Hemiptera,Wooly apple aphid,Eriosoma lanigerum,1st-4th instar,Mean,N,24,22.0,,1,63.62,,1.38E+01,Alternate species length,Family,1.91E-01,% adult mass,,m^2 per pred per day,1108,0.40,1.02E-02,6.95E-03,1.50E-02,4.74E-02,2.88E-02,6.88E-02,200,,
1109,Asante 1995 J AUST ENT SOC,Pred,2.00,,Terrestrial,,Metazoan,Invertebrate,Insect,Coleoptera,Parapriasus australasiae,Adult,Metazoan,Invertebrate,Insect,Hemiptera,Wooly apple aphid,Eriosoma lanigerum,3rd-4th instar,Mean,N,24,22.0,,1,63.62,,1.38E+01,Alternate species length,Family,3.21E-01,% adult mass,,m^2 per pred per day,1109,0.25,7.81E-03,5.46E-03,1.17E-02,1.87E-01,1.44E-01,2.39E-01,200,,
1110,Asante 1995 J AUST ENT SOC,Pred,2.00,,Terrestrial,,Metazoan,Invertebrate,Insect,Coleoptera,Harmonia confirmis,Adult,Metazoan,Invertebrate,Insect,Hemiptera,Wooly apple aphid,Eriosoma lanigerum,1st-4th instar,Mean,N,24,22.0,,1,63.62,,2.59E+01,Alternate species length,Family,1.91E-01,% adult mass,,m^2 per pred per day,1110,0.70,8.20E-03,6.58E-03,9.85E-03,8.69E-03,3.75E-03,1.36E-02,200,,
1111,Asante 1995 J AUST ENT SOC,Pred,2.00,,Terrestrial,,Metazoan,Invertebrate,Insect,Coleoptera,Harmonia confirmis,4th instar,Metazoan,Invertebrate,Insect,Hemiptera,Wooly apple aphid,Eriosoma lanigerum,1st-4th instar,Mean,N,24,22.0,,1,63.62,,,,,1.91E-01,% adult mass,,m^2 per pred per day,1111,0.51,1.01E-02,7.97E-03,1.23E-02,1.57E-02,1.09E-02,2.03E-02,200,,
1112,Chenaux et al 2011 AUST J ENT,Pred,2.00,,Terrestrial,,Metazoan,Invertebrate,Insect,Coleoptera,Dicranolaius bellulus,Adult female,Metazoan,Invertebrate,Insect,Hemiptera,Cotton aphid,Aphis gossypii,"3rd-4th instar, adult",Mean,N,24,,,1,113.10,,2.31E+01,Alternate species length,Order,1.70E-01,Average species mass,,m^2 per pred per day,1112,0.47,5.38E-03,2.84E-03,8.59E-03,8.42E-03,2.50E-11,2.62E-02,200,,
1113,Chenaux et al 2011 AUST J ENT,Pred,2.50,,Terrestrial,,Metazoan,Invertebrate,Insect,Coleoptera,Micraspis frenata,Adult female,Metazoan,Invertebrate,Insect,Hemiptera,Cotton aphid,Aphis gossypii,"3rd-4th instar, adult",Mean,N,24,,,1,113.10,,1.06E+01,Alternate species length,Family,1.70E-01,Average species mass,,m^2.5 per pred per day,1113,0.71,8.30E-03,4.90E-03,1.30E-02,1.22E-02,9.05E-03,1.54E-02,200,,
1114,Timms et al 2008 BIO CONTROL,Pred,2.00,,Terrestrial,,Metazoan,Invertebrate,Insect,Coleoptera,Aphidecta obliterata,1st instar,Metazoan,Invertebrate,Insect,Hemiptera,Green spruce aphid,Elatobium abietinum,3rd instar,Mean,N,6,15.0,,1,63.62,,,,,4.01E-01,Alternate species length,Family,m^2 per pred per day,1114,0.74,5.68E-03,3.79E-03,7.87E-03,6.82E-02,5.17E-02,9.38E-02,200,,
1115,Timms et al 2008 BIO CONTROL,Pred,2.00,,Terrestrial,,Metazoan,Invertebrate,Insect,Coleoptera,Aphidecta obliterata,3rd instar,Metazoan,Invertebrate,Insect,Hemiptera,Green spruce aphid,Elatobium abietinum,3rd instar,Mean,N,6,15.0,,1,63.62,,3.52E+00,% adult mass,,4.01E-01,Alternate species length,Family,m^2 per pred per day,1115,0.92,7.98E-03,5.67E-03,1.00E-02,2.62E-02,2.11E-02,3.17E-02,200,,
1116,Timms et al 2008 BIO CONTROL,Pred,2.00,,Terrestrial,,Metazoan,Invertebrate,Insect,Coleoptera,Aphidecta obliterata,4th instar,Metazoan,Invertebrate,Insect,Hemiptera,Green spruce aphid,Elatobium abietinum,3rd instar,Mean,N,6,15.0,,1,63.62,,9.36E+00,% adult mass,,4.01E-01,Alternate species length,Family,m^2 per pred per day,1116,0.87,7.68E-03,5.43E-03,1.05E-02,1.69E-02,1.08E-02,2.37E-02,200,,
1117,Timms et al 2008 BIO CONTROL,Pred,2.00,,Terrestrial,,Metazoan,Invertebrate,Insect,Coleoptera,Aphidecta obliterata,Adult,Metazoan,Invertebrate,Insect,Hemiptera,Green spruce aphid,Elatobium abietinum,3rd instar,Mean,N,6,15.0,,1,63.62,,8.55E+00,Original species mass,,4.01E-01,Alternate species length,Family,m^2 per pred per day,1117,0.91,3.58E-03,2.29E-03,4.74E-03,1.00E-02,2.16E-03,1.58E-02,200,,
1118,Timms et al 2008 BIO CONTROL,Pred,2.00,,Terrestrial,,Metazoan,Invertebrate,Insect,Coleoptera,Adalia bipunctata,1st instar,Metazoan,Invertebrate,Insect,Hemiptera,Green spruce aphid,Elatobium abietinum,3rd instar,Mean,N,6,15.0,,1,63.62,,,,,4.01E-01,Alternate species length,Family,m^2 per pred per day,1118,0.84,1.50E-03,1.06E-03,2.19E-03,3.83E-02,1.47E-02,6.44E-02,200,,
1119,Timms et al 2008 BIO CONTROL,Pred,2.00,,Terrestrial,,Metazoan,Invertebrate,Insect,Coleoptera,Adalia bipunctata,3rd instar,Metazoan,Invertebrate,Insect,Hemiptera,Green spruce aphid,Elatobium abietinum,3rd instar,Mean,N,6,15.0,,1,63.62,,3.52E+00,% adult mass,,4.01E-01,Alternate species length,Family,m^2 per pred per day,1119,0.88,7.06E-03,4.88E-03,9.42E-03,2.64E-02,2.00E-02,3.30E-02,200,,
1120,Timms et al 2008 BIO CONTROL,Pred,2.00,,Terrestrial,,Metazoan,Invertebrate,Insect,Coleoptera,Adalia bipunctata,4th instar,Metazoan,Invertebrate,Insect,Hemiptera,Green spruce aphid,Elatobium abietinum,3rd instar,Mean,N,6,15.0,,1,63.62,,9.36E+00,% adult mass,,4.01E-01,Alternate species length,Family,m^2 per pred per day,1120,0.98,7.49E-03,6.66E-03,8.41E-03,6.73E-03,4.33E-03,9.12E-03,200,,
1121,Timms et al 2008 BIO CONTROL,Pred,2.00,,Terrestrial,,Metazoan,Invertebrate,Insect,Coleoptera,Adalia bipunctata,Adult,Metazoan,Invertebrate,Insect,Hemiptera,Green spruce aphid,Elatobium abietinum,3rd instar,Mean,N,6,15.0,,1,63.62,,8.55E+00,Original species mass,,4.01E-01,Alternate species length,Family,m^2 per pred per day,1121,0.86,7.62E-03,4.92E-03,1.02E-02,8.99E-03,3.49E-03,1.52E-02,200,,
1122,Isikber 2005 TURK J AGRIC FOR,Pred,2.00,,Terrestrial,,Metazoan,Invertebrate,Insect,Coleoptera,Scymnus levaillanti,Adult female,Metazoan,Invertebrate,Insect,Hemiptera,Cotton aphid,Aphis gossypii,Adult (medium size),Mean,N,24,20.0,,1,64.00,,1.03E+00,Original species mass,,3.04E-01,Average species mass,,m^2 per pred per day,1122,0.69,5.51E-03,4.00E-03,7.04E-03,7.32E-02,6.59E-02,8.16E-02,200,,
1123,Isikber 2005 TURK J AGRIC FOR,Pred,2.00,,Terrestrial,,Metazoan,Invertebrate,Insect,Coleoptera,Scymnus levaillanti,Adult female,Metazoan,Invertebrate,Insect,Hemiptera,Cotton aphid,Aphis gossypii,Adult (medium size),Mean,N,24,25.0,,1,64.00,,1.03E+00,Original species mass,,3.04E-01,Average species mass,,m^2 per pred per day,1123,0.86,8.76E-03,7.87E-03,9.74E-03,2.57E-02,2.32E-02,2.84E-02,200,,
1124,Isikber 2005 TURK J AGRIC FOR,Pred,2.00,,Terrestrial,,Metazoan,Invertebrate,Insect,Coleoptera,Scymnus levaillanti,Adult female,Metazoan,Invertebrate,Insect,Hemiptera,Cotton aphid,Aphis gossypii,Adult (medium size),Mean,N,24,30.0,,1,64.00,,1.03E+00,Original species mass,,3.04E-01,Average species mass,,m^2 per pred per day,1124,0.89,9.71E-03,8.56E-03,1.09E-02,2.50E-02,2.32E-02,2.73E-02,200,,
1125,Isikber 2005 TURK J AGRIC FOR,Pred,2.00,,Terrestrial,,Metazoan,Invertebrate,Insect,Coleoptera,Cycloneda sanguinea,Adult female,Metazoan,Invertebrate,Insect,Hemiptera,Cotton aphid,Aphis gossypii,Adult (medium size),Mean,N,24,20.0,,1,64.00,,1.82E+01,Original species mass,,3.04E-01,Average species mass,,m^2 per pred per day,1125,0.79,1.08E-02,8.78E-03,1.26E-02,4.96E-03,4.48E-03,5.60E-03,200,,
1126,Isikber 2005 TURK J AGRIC FOR,Pred,2.00,,Terrestrial,,Metazoan,Invertebrate,Insect,Coleoptera,Cycloneda sanguinea,Adult female,Metazoan,Invertebrate,Insect,Hemiptera,Cotton aphid,Aphis gossypii,Adult (medium size),Mean,N,24,25.0,,1,64.00,,1.82E+01,Original species mass,,3.04E-01,Average species mass,,m^2 per pred per day,1126,0.90,8.88E-03,7.42E-03,1.02E-02,1.62E-03,1.43E-03,1.81E-03,200,,
1127,Isikber 2005 TURK J AGRIC FOR,Pred,2.00,,Terrestrial,,Metazoan,Invertebrate,Insect,Coleoptera,Cycloneda sanguinea,Adult female,Metazoan,Invertebrate,Insect,Hemiptera,Cotton aphid,Aphis gossypii,Adult (medium size),Mean,N,24,30.0,,1,64.00,,1.82E+01,Original species mass,,3.04E-01,Average species mass,,m^2 per pred per day,1127,0.97,8.99E-03,8.37E-03,9.68E-03,1.05E-03,9.19E-04,1.18E-03,200,,
1128,Papanikolaou et al 2011 EUR J ENTOMOL,Pred,2.50,,Terrestrial,,Metazoan,Invertebrate,Insect,Coleoptera,Propylea quatuordecimpunctata,1st instar,Metazoan,Invertebrate,Insect,Hemiptera,Black bean aphid,Aphis fabae,Immature (3-3.5d old),Raw data,N,12,20.0,,1,38.48,230.91,,,,1.10E-01,% adult mass,,m^2.5 per pred per day,1128,0.15,1.34E-02,3.84E-03,8.47E-02,2.50E-01,1.13E-01,4.18E-01,200,,
1129,Papanikolaou et al 2011 EUR J ENTOMOL,Pred,2.50,,Terrestrial,,Metazoan,Invertebrate,Insect,Coleoptera,Propylea quatuordecimpunctata,2nd instar,Metazoan,Invertebrate,Insect,Hemiptera,Black bean aphid,Aphis fabae,Immature (3-3.5d old),Raw data,N,12,20.0,,1,38.48,230.91,1.55E+00,% adult mass,,1.10E-01,% adult mass,,m^2.5 per pred per day,1129,0.44,1.25E-02,8.03E-03,2.12E-02,8.28E-02,6.05E-02,1.15E-01,200,,
1130,Papanikolaou et al 2011 EUR J ENTOMOL,Pred,2.50,,Terrestrial,,Metazoan,Invertebrate,Insect,Coleoptera,Propylea quatuordecimpunctata,3rd instar,Metazoan,Invertebrate,Insect,Hemiptera,Black bean aphid,Aphis fabae,Immature (3-3.5d old),Raw data,N,12,20.0,,1,38.48,230.91,4.81E+00,% adult mass,,1.10E-01,% adult mass,,m^2.5 per pred per day,1130,0.66,2.29E-02,1.66E-02,3.10E-02,4.06E-02,3.63E-02,4.60E-02,200,,
1131,Papanikolaou et al 2011 EUR J ENTOMOL,Pred,2.50,,Terrestrial,,Metazoan,Invertebrate,Insect,Coleoptera,Propylea quatuordecimpunctata,4th instar,Metazoan,Invertebrate,Insect,Hemiptera,Black bean aphid,Aphis fabae,Immature (3-3.5d old),Raw data,N,12,20.0,,1,38.48,230.91,1.28E+01,% adult mass,,1.10E-01,% adult mass,,m^2.5 per pred per day,1131,0.67,2.40E-02,1.78E-02,3.50E-02,1.68E-02,1.16E-02,2.10E-02,200,,
1132,Kumar et al 2014 EUR J ENTOMOL,Pred,2.00,,Terrestrial,,Metazoan,Invertebrate,Insect,Coleoptera,Coccinella septempunctata,Adult female,Metazoan,Invertebrate,Insect,Hemiptera,Pea aphid,Acyrthosiphon pisum,,Raw data,N,12,27.0,,2,165.13,,2.10E+01,Original species mass,,,,Family,m^2 per pred per day,1132,0.94,9.12E-03,7.92E-03,1.05E-02,1.09E-02,4.87E-03,1.61E-02,200,2 pred per arena,
1133,Kumar et al 2014 EUR J ENTOMOL,Pred,2.00,,Terrestrial,,Metazoan,Invertebrate,Insect,Coleoptera,Coccinella transversalis,Adult female,Metazoan,Invertebrate,Insect,Hemiptera,Pea aphid,Acyrthosiphon pisum,,Raw data,N,12,27.0,,2,165.13,,1.94E+01,Original species mass,,,,Family,m^2 per pred per day,1133,0.92,5.71E-03,5.38E-03,6.61E-03,1.64E-04,8.18E-13,6.61E-03,200,2 pred per arena,
1134,Morales and Burandt 1984 ENVIRON ENTOMOL,Pred,2.50,,Terrestrial,,Metazoan,Invertebrate,Insect,Coleoptera,Cycloneda sanguinea,Adult female,Metazoan,Invertebrate,Insect,Hemiptera,Brown citrus aphid,Toxoptera citricida,4th instar,Mean,Y,12,25.0,,1,,456.00,1.82E+01,Alternate species mass,,4.75E-01,% adult mass,,m^2.5 per pred per day,1134,0.82,4.09E-04,3.78E-04,4.40E-04,7.36E-03,5.76E-03,8.99E-03,200,,
1135,Morales and Burandt 1984 ENVIRON ENTOMOL,Pred,2.50,,Terrestrial,,Metazoan,Invertebrate,Insect,Coleoptera,Cycloneda sanguinea,Adult male,Metazoan,Invertebrate,Insect,Hemiptera,Brown citrus aphid,Toxoptera citricida,4th instar,Mean,Y,12,25.0,,1,,456.00,1.82E+01,Alternate species mass,,4.75E-01,% adult mass,,m^2.5 per pred per day,1135,0.82,3.34E-04,3.07E-04,3.62E-04,1.24E-02,1.04E-02,1.43E-02,200,,
1136,Morales and Burandt 1984 ENVIRON ENTOMOL,Pred,2.50,,Terrestrial,,Metazoan,Invertebrate,Insect,Coleoptera,Cycloneda sanguinea,1st instar,Metazoan,Invertebrate,Insect,Hemiptera,Brown citrus aphid,Toxoptera citricida,4th instar,Mean,Y,12,25.0,,1,,456.00,,,,4.75E-01,% adult mass,,m^2.5 per pred per day,1136,0.44,1.09E-04,9.96E-05,1.33E-04,1.28E-08,1.30E-09,1.64E-02,200,,
1137,Hazzard and Ferro 1991 ENVIRON ENTOMOL,Pred,2.50,,Terrestrial,,Metazoan,Invertebrate,Insect,Coleoptera,Coleomegilla maculata,Adult female,Metazoan,Invertebrate,Insect,Coleoptera,Colorado potato beetle,Leptinotarsa decemlineata,Egg (<36h old),Mean,N,24,25.0,,1,,,1.47E+01,Alternate species length,Family,9.92E-01,Alternate species length,Family,Arenas per pred per day,1137,0.36,3.13E-04,2.47E-04,4.10E-04,2.41E-02,1.78E-02,3.12E-02,200,,
1138,LeCato 1978 ENVIRON ENTOMOL,Pred,3.00,,Terrestrial,,Metazoan,Invertebrate,Insect,Coleoptera,Tribolium castaneum,Adult,Metazoan,Invertebrate,Insect,Coleoptera,Cigarette beetle,Lasioderma serricorne,Egg,Mean,N,24,28.0,,4,,1.89,2.12E+00,Alternate species mass,,,,,m^3 per pred per day,1138,0.30,1.55E-07,9.70E-08,3.04E-07,9.92E-01,9.51E-09,2.53E+00,200,"24h, 4 pred per arena. Volume of 1 gram of flour = 1.89 cm3",
1139,LeCato 1978 ENVIRON ENTOMOL,Pred,3.00,,Terrestrial,,Metazoan,Invertebrate,Insect,Coleoptera,Tribolium castaneum,Adult,Metazoan,Invertebrate,Insect,Coleoptera,Cigarette beetle,Lasioderma serricorne,1st-3rd instar,Mean,N,24,28.0,,4,,1.89,2.12E+00,Alternate species mass,,,,,m^3 per pred per day,1139,0.37,1.13E-07,8.28E-08,2.18E-07,5.97E-01,5.00E-10,2.28E+00,200,"24h, 4 pred per arena. Volume of 1 gram of flour = 1.89 cm3",
1140,LeCato 1978 ENVIRON ENTOMOL,Pred,3.00,,Terrestrial,,Metazoan,Invertebrate,Insect,Coleoptera,Tribolium castaneum,Adult,Metazoan,Invertebrate,Insect,Coleoptera,Cigarette beetle,Lasioderma serricorne,Pupa,Mean,N,24,28.0,,4,,1.89,2.12E+00,Alternate species mass,,,,,m^3 per pred per day,1140,0.10,6.28E-07,1.77E-07,4.15E-06,1.33E+00,2.93E-07,2.10E+00,200,"24h, 4 pred per arena. Volume of 1 gram of flour = 1.89 cm3",
1141,LeCato 1978 ENVIRON ENTOMOL,Pred,3.00,,Terrestrial,,Metazoan,Invertebrate,Insect,Coleoptera,Tribolium castaneum,4th-6th instar,Metazoan,Invertebrate,Insect,Coleoptera,Cigarette beetle,Lasioderma serricorne,Egg,Mean,N,24,28.0,,4,,1.89,8.80E-01,Alternate species length,Family,,,,m^3 per pred per day,1141,0.44,3.58E-07,2.85E-07,6.13E-07,7.08E-02,5.00E-10,4.42E-01,200,"24h, 4 pred per arena. Volume of 1 gram of flour = 1.89 cm3",
1142,LeCato 1978 ENVIRON ENTOMOL,Pred,3.00,,Terrestrial,,Metazoan,Invertebrate,Insect,Coleoptera,Tribolium castaneum,4th-6th instar,Metazoan,Invertebrate,Insect,Coleoptera,Cigarette beetle,Lasioderma serricorne,1st-3rd instar,Mean,N,24,28.0,,4,,1.89,8.80E-01,Alternate species length,Family,,,,m^3 per pred per day,1142,0.34,1.21E-07,9.19E-08,1.85E-07,9.78E-02,4.37E-10,1.41E+00,200,"24h, 4 pred per arena. Volume of 1 gram of flour = 1.89 cm3",
1143,LeCato 1978 ENVIRON ENTOMOL,Pred,3.00,,Terrestrial,,Metazoan,Invertebrate,Insect,Coleoptera,Tribolium castaneum,4th-6th instar,Metazoan,Invertebrate,Insect,Coleoptera,Cigarette beetle,Lasioderma serricorne,Pupa,Mean,N,24,28.0,,4,,1.89,8.80E-01,Alternate species length,Family,,,,m^3 per pred per day,1143,0.07,8.44E-07,1.84E-07,1.35E-05,1.67E+00,1.88E-01,2.36E+00,200,"24h, 4 pred per arena. Volume of 1 gram of flour = 1.89 cm3",
1144,LeCato 1978 ENVIRON ENTOMOL,Pred,3.00,,Terrestrial,,Metazoan,Invertebrate,Insect,Coleoptera,Tribolium castaneum,Adult,Metazoan,Invertebrate,Insect,Coleoptera,Cigarette beetle,Lasioderma serricorne,Egg,Mean,N,24,28.0,,4,,1.89,2.12E+00,Alternate species mass,,,,,m^3 per pred per day,1144,0.27,2.29E-07,1.32E-07,4.62E-07,1.04E+00,1.00E-08,2.12E+00,200,"48h, 4 pred per arena. Volume of 1 gram of flour = 1.89 cm3",
1145,LeCato 1978 ENVIRON ENTOMOL,Pred,3.00,,Terrestrial,,Metazoan,Invertebrate,Insect,Coleoptera,Tribolium castaneum,Adult,Metazoan,Invertebrate,Insect,Coleoptera,Cigarette beetle,Lasioderma serricorne,1st-3rd instar,Mean,N,24,28.0,,4,,1.89,2.12E+00,Alternate species mass,,,,,m^3 per pred per day,1145,0.32,1.38E-07,9.58E-08,2.89E-07,7.47E-01,5.00E-10,2.50E+00,200,"48h, 4 pred per arena. Volume of 1 gram of flour = 1.89 cm3",
1146,LeCato 1978 ENVIRON ENTOMOL,Pred,3.00,,Terrestrial,,Metazoan,Invertebrate,Insect,Coleoptera,Tribolium castaneum,Adult,Metazoan,Invertebrate,Insect,Coleoptera,Cigarette beetle,Lasioderma serricorne,Pupa,Mean,N,24,28.0,,4,,1.89,2.12E+00,Alternate species mass,,,,,m^3 per pred per day,1146,0.16,4.66E-07,1.91E-07,2.75E-06,1.00E+00,9.68E-09,1.89E+00,200,"48h, 4 pred per arena. Volume of 1 gram of flour = 1.89 cm3",
1147,LeCato 1978 ENVIRON ENTOMOL,Pred,3.00,,Terrestrial,,Metazoan,Invertebrate,Insect,Coleoptera,Tribolium castaneum,4th-6th instar,Metazoan,Invertebrate,Insect,Coleoptera,Cigarette beetle,Lasioderma serricorne,Egg,Mean,N,24,28.0,,4,,1.89,8.80E-01,Alternate species length,Family,,,,m^3 per pred per day,1147,0.40,3.80E-07,2.94E-07,6.20E-07,1.49E-01,5.00E-10,5.58E-01,200,"48h, 4 pred per arena. Volume of 1 gram of flour = 1.89 cm3",
1148,LeCato 1978 ENVIRON ENTOMOL,Pred,3.00,,Terrestrial,,Metazoan,Invertebrate,Insect,Coleoptera,Tribolium castaneum,4th-6th instar,Metazoan,Invertebrate,Insect,Coleoptera,Cigarette beetle,Lasioderma serricorne,1st-3rd instar,Mean,N,24,28.0,,4,,1.89,8.80E-01,Alternate species length,Family,,,,m^3 per pred per day,1148,0.44,1.16E-07,9.05E-08,1.58E-07,1.00E-08,5.00E-10,1.07E+00,200,"48h, 4 pred per arena. Volume of 1 gram of flour = 1.89 cm3",
1149,LeCato 1978 ENVIRON ENTOMOL,Pred,3.00,,Terrestrial,,Metazoan,Invertebrate,Insect,Coleoptera,Tribolium castaneum,4th-6th instar,Metazoan,Invertebrate,Insect,Coleoptera,Cigarette beetle,Lasioderma serricorne,Pupa,Mean,N,24,28.0,,4,,1.89,8.80E-01,Alternate species length,Family,,,,m^3 per pred per day,1149,0.06,1.30E-06,4.79E-07,2.44E-05,1.51E+00,9.73E-01,2.03E+00,200,"48h, 4 pred per arena. Volume of 1 gram of flour = 1.89 cm3",
1150,LeCato 1978 ENVIRON ENTOMOL,Pred,3.00,,Terrestrial,,Metazoan,Invertebrate,Insect,Coleoptera,Tribolium castaneum,Adult,Metazoan,Invertebrate,Insect,Coleoptera,Cigarette beetle,Lasioderma serricorne,Egg,Mean,N,24,28.0,,4,,1.89,2.12E+00,Alternate species mass,,,,,m^3 per pred per day,1150,0.30,2.54E-07,1.54E-07,4.48E-07,8.62E-01,7.39E-10,1.56E+00,200,"72h, 4 pred per arena. Volume of 1 gram of flour = 1.89 cm3",
1151,LeCato 1978 ENVIRON ENTOMOL,Pred,3.00,,Terrestrial,,Metazoan,Invertebrate,Insect,Coleoptera,Tribolium castaneum,Adult,Metazoan,Invertebrate,Insect,Coleoptera,Cigarette beetle,Lasioderma serricorne,1st-3rd instar,Mean,N,24,28.0,,4,,1.89,2.12E+00,Alternate species mass,,,,,m^3 per pred per day,1151,0.39,1.47E-07,1.16E-07,2.63E-07,5.18E-02,5.00E-10,1.64E+00,200,"72h, 4 pred per arena. Volume of 1 gram of flour = 1.89 cm3",
1152,LeCato 1978 ENVIRON ENTOMOL,Pred,3.00,,Terrestrial,,Metazoan,Invertebrate,Insect,Coleoptera,Tribolium castaneum,Adult,Metazoan,Invertebrate,Insect,Coleoptera,Cigarette beetle,Lasioderma serricorne,Pupa,Mean,N,24,28.0,,4,,1.89,2.12E+00,Alternate species mass,,,,,m^3 per pred per day,1152,0.18,4.72E-07,2.04E-07,1.67E-06,9.44E-01,1.38E-09,1.79E+00,200,"72h, 4 pred per arena. Volume of 1 gram of flour = 1.89 cm3",
1153,LeCato 1978 ENVIRON ENTOMOL,Pred,3.00,,Terrestrial,,Metazoan,Invertebrate,Insect,Coleoptera,Tribolium castaneum,4th-6th instar,Metazoan,Invertebrate,Insect,Coleoptera,Cigarette beetle,Lasioderma serricorne,Egg,Mean,N,24,28.0,,4,,1.89,8.80E-01,Alternate species length,Family,,,,m^3 per pred per day,1153,0.40,3.27E-07,2.52E-07,6.07E-07,1.65E-01,4.24E-10,7.54E-01,200,"72h, 4 pred per arena. Volume of 1 gram of flour = 1.89 cm3",
1154,LeCato 1978 ENVIRON ENTOMOL,Pred,3.00,,Terrestrial,,Metazoan,Invertebrate,Insect,Coleoptera,Tribolium castaneum,4th-6th instar,Metazoan,Invertebrate,Insect,Coleoptera,Cigarette beetle,Lasioderma serricorne,1st-3rd instar,Mean,N,24,28.0,,4,,1.89,8.80E-01,Alternate species length,Family,,,,m^3 per pred per day,1154,0.41,1.22E-07,9.36E-08,1.73E-07,5.58E-08,5.00E-10,1.12E+00,200,"72h, 4 pred per arena. Volume of 1 gram of flour = 1.89 cm3",
1155,LeCato 1978 ENVIRON ENTOMOL,Pred,3.00,,Terrestrial,,Metazoan,Invertebrate,Insect,Coleoptera,Tribolium castaneum,4th-6th instar,Metazoan,Invertebrate,Insect,Coleoptera,Cigarette beetle,Lasioderma serricorne,Pupa,Mean,N,24,28.0,,4,,1.89,8.80E-01,Alternate species length,Family,,,,m^3 per pred per day,1155,0.09,8.34E-07,3.68E-07,6.70E-06,1.58E+00,9.30E-01,2.27E+00,200,"72h, 4 pred per arena. Volume of 1 gram of flour = 1.89 cm3",
1156,Saljoqi et al 2015 J ENT ZOO STUDIES,Pred,2.00,,Terrestrial,,Metazoan,Invertebrate,Insect,Coleoptera,Cryptolaemus montrouzieri,4th instar,Metazoan,Invertebrate,Insect,Hemiptera,Cotton mealy bug,Phenacoccus solenopsis,5-10d,Mean,N,24,28.0,,1,78.54,,9.83E+00,% adult mass,,1.68E-01,% adult weight,,m^2 per pred per day,1156,0.84,6.08E-03,5.55E-03,7.15E-03,2.50E-11,2.43E-11,3.72E-03,200,,
1157,Saljoqi et al 2015 J ENT ZOO STUDIES,Pred,2.00,,Terrestrial,,Metazoan,Invertebrate,Insect,Coleoptera,Cryptolaemus montrouzieri,Adult male,Metazoan,Invertebrate,Insect,Hemiptera,Cotton mealy bug,Phenacoccus solenopsis,5-10d,Mean,N,24,28.0,,1,78.54,,8.98E+00,Alternate species length,Family,1.68E-01,% adult weight,,m^2 per pred per day,1157,0.83,7.38E-03,6.51E-03,9.47E-03,1.00E-03,2.29E-11,5.35E-03,200,,
1158,Saljoqi et al 2015 J ENT ZOO STUDIES,Pred,2.00,,Terrestrial,,Metazoan,Invertebrate,Insect,Coleoptera,Cryptolaemus montrouzieri,Adult female,Metazoan,Invertebrate,Insect,Hemiptera,Cotton mealy bug,Phenacoccus solenopsis,5-10d,Mean,N,24,28.0,,1,78.54,,8.98E+00,Alternate species length,Family,1.68E-01,% adult weight,,m^2 per pred per day,1158,0.82,8.02E-03,6.80E-03,1.08E-02,1.75E-03,4.94E-12,5.72E-03,200,,
1159,Loughridge & Luff 1983 J APPL ECOL,Pred,2.00,,Terrestrial,,Metazoan,Invertebrate,Insect,Coleoptera,Harpalus rufipes,Adult,Metazoan,Invertebrate,Insect,Hemiptera,Green peach aphid,Myzus persicae,Adult apterous,Mean,N,24,16.0,,1,63.62,,1.05E+02,Alternate species length,Family,4.73E-01,Alternate species length,Family,m^2 per pred per day,1159,0.51,5.14E-03,4.59E-03,6.53E-03,9.06E-04,4.95E-10,3.57E-03,200,,
1160,Ofuya & Akingbohungbe 1988 INT J TROP INS SCI,Pred,2.50,,Terrestrial,,Metazoan,Invertebrate,Insect,Coleoptera,Cheilomenes lunata,Adult female,Metazoan,Invertebrate,Insect,Hemiptera,Cowpea aphid,Aphis craccivora,3rd & 4th instar,Mean,N,24,27.0,,1,,,1.29E+01,Alternate species length,Family,8.80E-02,Average  species mass,,m^2.5 per pred per day,1160,0.56,1.30E-02,9.71E-03,1.81E-02,1.09E-02,8.84E-03,1.36E-02,200,,
1161,Ofuya & Akingbohungbe 1988 INT J TROP INS SCI,Pred,2.50,,Terrestrial,,Metazoan,Invertebrate,Insect,Coleoptera,Cheilomenes lunata,Adult male,Metazoan,Invertebrate,Insect,Hemiptera,Cowpea aphid,Aphis craccivora,3rd & 4th instar,Mean,N,24,27.0,,1,,,9.84E+00,Original species length,Family,8.80E-02,Average  species mass,,m^2.5 per pred per day,1161,0.54,1.14E-02,8.12E-03,1.53E-02,1.21E-02,9.20E-03,1.47E-02,200,,
1162,Ofuya & Akingbohungbe 1988 INT J TROP INS SCI,Pred,2.00,,Terrestrial,,Metazoan,Invertebrate,Insect,Coleoptera,Cheilomenes lunata,4th instar,Metazoan,Invertebrate,Insect,Hemiptera,Cowpea aphid,Aphis craccivora,3rd & 4th instar,Mean,N,12,27.0,,1,63.62,,1.92E+01,% adult mass,,8.80E-02,Average  species mass,,m^2 per pred per day,1162,0.37,8.27E-03,5.85E-03,1.09E-02,1.03E-02,6.29E-03,1.38E-02,200,,
1163,Mrosso et al 2013 J ENTOMOL,Pred,2.00,,Terrestrial,,Metazoan,Invertebrate,Insect,Coleoptera,Cheilomenes lunata,Adult male,Metazoan,Invertebrate,Insect,Hemiptera,Cotton aphid,Aphis gossypii,Adult,Mean,N,24,26.0,,1,63.62,,9.84E+00,Original species length,Family,3.04E-01,Average  species mass,,m^2 per pred per day,1163,0.60,1.12E-02,8.92E-03,1.46E-02,9.23E-03,8.25E-03,1.03E-02,200,,
1164,Mrosso et al 2013 J ENTOMOL,Pred,2.00,,Terrestrial,,Metazoan,Invertebrate,Insect,Coleoptera,Cheilomenes lunata,Adult female,Metazoan,Invertebrate,Insect,Hemiptera,Cotton aphid,Aphis gossypii,Adult,Mean,N,24,26.0,,1,63.62,,1.29E+01,Original species length,Family,3.04E-01,Average  species mass,,m^2 per pred per day,1164,0.63,1.09E-02,8.69E-03,1.36E-02,8.27E-03,7.27E-03,9.29E-03,200,,
1165,Mrosso et al 2013 J ENTOMOL,Pred,2.00,,Terrestrial,,Metazoan,Invertebrate,Insect,Coleoptera,Cheilomenes sulphurea,Adult male,Metazoan,Invertebrate,Insect,Hemiptera,Cotton aphid,Aphis gossypii,Adult,Mean,N,24,26.0,,1,63.62,,9.84E+00,Original species length,Family,3.04E-01,Average  species mass,,m^2 per pred per day,1165,0.59,1.05E-02,8.42E-03,1.45E-02,9.87E-03,8.96E-03,1.14E-02,200,,
1166,Mrosso et al 2013 J ENTOMOL,Pred,2.00,,Terrestrial,,Metazoan,Invertebrate,Insect,Coleoptera,Cheilomenes sulphurea,Adult female,Metazoan,Invertebrate,Insect,Hemiptera,Cotton aphid,Aphis gossypii,Adult,Mean,N,24,26.0,,1,63.62,,1.29E+01,Original species length,Family,3.04E-01,Average  species mass,,m^2 per pred per day,1166,0.63,1.05E-02,7.56E-03,1.37E-02,8.78E-03,7.63E-03,9.84E-03,200,,
1167,Mrosso et al 2013 J ENTOMOL,Pred,2.00,,Terrestrial,,Metazoan,Invertebrate,Insect,Coleoptera,Cheilomenes propingua,Adult male,Metazoan,Invertebrate,Insect,Hemiptera,Cotton aphid,Aphis gossypii,Adult,Mean,N,24,26.0,,1,63.62,,9.84E+00,Original species length,Family,3.04E-01,Average  species mass,,m^2 per pred per day,1167,0.54,1.03E-02,7.93E-03,1.32E-02,1.20E-02,1.06E-02,1.36E-02,200,,
1168,Mrosso et al 2013 J ENTOMOL,Pred,2.00,,Terrestrial,,Metazoan,Invertebrate,Insect,Coleoptera,Cheilomenes propingua,Adult female,Metazoan,Invertebrate,Insect,Hemiptera,Cotton aphid,Aphis gossypii,Adult,Mean,N,24,26.0,,1,63.62,,1.29E+01,Original species length,Family,3.04E-01,Average  species mass,,m^2 per pred per day,1168,0.58,1.05E-02,7.92E-03,1.33E-02,1.04E-02,9.16E-03,1.16E-02,200,,
1169,Mandour et al 2006 INS SCI,Pred,2.50,,Terrestrial,,Metazoan,Invertebrate,Insect,Coleoptera,Cheilomenes propingua (Cydonia vicina nilotica),1st instar,Metazoan,Invertebrate,Insect,Hemiptera,Cowpea aphid,Aphis craccivora,2nd & 3rd instar,Mean,N,4,25.0,,1,7.07,70.69,,,,8.80E-02,Average  species mass,,m^2.5 per pred per day,1169,0.37,3.11E-03,2.12E-03,4.71E-03,3.79E-02,1.27E-02,6.04E-02,200,,
1170,Mandour et al 2006 INS SCI,Pred,2.50,,Terrestrial,,Metazoan,Invertebrate,Insect,Coleoptera,Cheilomenes propingua (Cydonia vicina nilotica),2nd instar,Metazoan,Invertebrate,Insect,Hemiptera,Cowpea aphid,Aphis craccivora,2nd & 3rd instar,Mean,N,4,25.0,,1,7.07,70.69,,,,8.80E-02,Average  species mass,,m^2.5 per pred per day,1170,0.46,3.52E-03,2.68E-03,5.22E-03,9.89E-03,1.83E-03,2.21E-02,200,,
1171,Mandour et al 2006 INS SCI,Pred,2.50,,Terrestrial,,Metazoan,Invertebrate,Insect,Coleoptera,Cheilomenes propingua (Cydonia vicina nilotica),3rd instar,Metazoan,Invertebrate,Insect,Hemiptera,Cowpea aphid,Aphis craccivora,2nd & 3rd instar,Mean,N,4,25.0,,1,7.07,70.69,,,,8.80E-02,Average  species mass,,m^2.5 per pred per day,1171,0.50,7.71E-03,5.73E-03,1.02E-02,1.03E-02,6.12E-03,1.37E-02,200,,
1172,Mandour et al 2006 INS SCI,Pred,2.50,,Terrestrial,,Metazoan,Invertebrate,Insect,Coleoptera,Cheilomenes propingua (Cydonia vicina nilotica),4th instar,Metazoan,Invertebrate,Insect,Hemiptera,Cowpea aphid,Aphis craccivora,2nd & 3rd instar,Mean,N,4,25.0,,1,7.07,70.69,,,,8.80E-02,Average  species mass,,m^2.5 per pred per day,1172,0.49,5.45E-03,3.88E-03,7.52E-03,5.75E-03,1.39E-08,9.72E-03,200,,
1173,Mandour et al 2006 INS SCI,Pred,2.50,,Terrestrial,,Metazoan,Invertebrate,Insect,Coleoptera,Cheilomenes propingua (Cydonia vicina nilotica),Adult female,Metazoan,Invertebrate,Insect,Hemiptera,Cowpea aphid,Aphis craccivora,2nd & 3rd instar,Mean,N,24,25.0,,1,7.07,70.69,1.29E+01,Alternate species length,Family,8.80E-02,Average  species mass,,m^2.5 per pred per day,1173,0.48,6.47E-03,5.16E-03,8.21E-03,5.42E-03,3.14E-03,7.78E-03,200,,
1174,Mandour et al 2006 INS SCI,Pred,2.50,,Terrestrial,,Metazoan,Invertebrate,Insect,Coleoptera,Cheilomenes propingua (Cydonia vicina nilotica),Adult male,Metazoan,Invertebrate,Insect,Hemiptera,Cowpea aphid,Aphis craccivora,2nd & 3rd instar,Mean,N,24,25.0,,1,7.07,70.69,9.84E+00,Alternate species length,Family,8.80E-02,Average  species mass,,m^2.5 per pred per day,1174,0.28,6.46E-03,4.12E-03,9.64E-03,9.44E-03,3.13E-03,1.43E-02,200,,
1175,Sohrabi and Shishehbor 2007 PAK J BIO SCI,Pred,2.00,,Terrestrial,,Metazoan,Invertebrate,Insect,Coleoptera,Stethorus gilvifrons,Adult,Metazoan,Invertebrate,Arachnid,Mite,Strawberry spider mite,Tetranychus turkestani,Adult female,Raw data,N,24,30.0,,1,30.00,,2.10E+00,Alternate species length,Family,,,,m^2 per pred per day,1175,0.92,2.08E-03,1.78E-03,2.75E-03,4.98E-10,2.43E-11,5.84E-03,200,Arena size determine from Oke and Eyitayo 2010 Acta Bot. Croat. cowpea leaf area,
1176,He et al 2012 ECOTOXICOLOGY,Pred,2.00,,Terrestrial,,Metazoan,Invertebrate,Insect,Coleoptera,Serangium japonicum,Adult female,Metazoan,Invertebrate,Insect,Hemiptera,Silverleaf whitefly,Bemisia tabaci,Egg,Mean,N,24,25.0,,1,95.03,,2.85E+00,Alternate species length,Family,1.98E-04,Alternate species length,Order,m^2 per pred per day,1176,0.90,1.38E-02,1.27E-02,1.47E-02,6.53E-04,5.57E-04,7.43E-04,200,"Leaf treated with 40ppm imidacloprid, arena size is max possible (petri dish size given, leaf area is Nt)",
1177,He et al 2012 ECOTOXICOLOGY,Pred,2.00,,Terrestrial,,Metazoan,Invertebrate,Insect,Coleoptera,Serangium japonicum,Adult female,Metazoan,Invertebrate,Insect,Hemiptera,Silverleaf whitefly,Bemisia tabaci,Egg,Mean,N,24,25.0,,1,95.03,,2.85E+00,Alternate species length,Family,1.98E-04,Alternate species length,Order,m^2 per pred per day,1177,0.24,4.38E-02,3.70E-02,5.28E-02,2.12E-03,2.02E-03,2.24E-03,200,"Prey eggs treated with 5ppm imidacloprid, arena size is max possible (petri dish size given, leaf area is Nt)",
1178,He et al 2012 ECOTOXICOLOGY,Pred,2.00,,Terrestrial,,Metazoan,Invertebrate,Insect,Coleoptera,Serangium japonicum,Adult female,Metazoan,Invertebrate,Insect,Hemiptera,Silverleaf whitefly,Bemisia tabaci,Egg,Mean,N,24,25.0,,1,95.03,,2.85E+00,Alternate species length,Family,1.98E-04,Alternate species length,Order,m^2 per pred per day,1178,0.89,1.27E-02,1.11E-02,1.41E-02,6.11E-04,4.65E-04,7.33E-04,200,"Predator exposed to 5ppm imidacloprid before experiment, arena size is max possible (petri dish size given, leaf area is Nt)",
1179,He et al 2012 ECOTOXICOLOGY,Pred,2.00,,Terrestrial,,Metazoan,Invertebrate,Insect,Coleoptera,Serangium japonicum,Adult female,Metazoan,Invertebrate,Insect,Hemiptera,Silverleaf whitefly,Bemisia tabaci,Egg,Mean,N,24,25.0,,1,95.03,,2.85E+00,Alternate species length,Family,1.98E-04,Alternate species length,Order,m^2 per pred per day,1179,0.91,1.35E-02,1.29E-02,1.41E-02,6.43E-04,5.72E-04,7.31E-04,200,"N imidacloprid (control), arena size is max possible (petri dish size given, leaf area is Nt)",
1180,Madadi et al 2011 J PEST SCI,Pred,2.00,,Terrestrial,,Metazoan,Invertebrate,Insect,Coleoptera,Hippodamia variegata,3rd instar,Metazoan,Invertebrate,Insect,Hemiptera,Cotton aphid,Aphis gossypii,4th instar,Mean,N,24,25.0,,1,19.00,,4.86E+00,% adult mass,,1.74E-01,% adult mass,,m^2 per pred per day,1180,0.98,2.08E-03,1.97E-03,2.43E-03,2.25E-03,1.77E-03,3.13E-03,200,in 2D arena,
1181,Madadi et al 2011 J PEST SCI,Pred,2.00,,Terrestrial,,Metazoan,Invertebrate,Insect,Coleoptera,Hippodamia variegata,4th instar,Metazoan,Invertebrate,Insect,Hemiptera,Cotton aphid,Aphis gossypii,4th instar,Mean,N,24,25.0,,1,19.00,,1.29E+01,% adult mass,,1.74E-01,% adult mass,,m^2 per pred per day,1181,0.99,1.96E-03,1.88E-03,2.06E-03,1.39E-03,9.75E-04,1.85E-03,200,in 2D arena,
1182,Madadi et al 2011 J PEST SCI,Pred,2.00,,Terrestrial,,Metazoan,Invertebrate,Insect,Coleoptera,Hippodamia variegata,Adult female,Metazoan,Invertebrate,Insect,Hemiptera,Cotton aphid,Aphis gossypii,4th instar,Mean,N,24,25.0,,1,19.00,,1.18E+01,Alternate species mass,,1.74E-01,% adult mass,,m^2 per pred per day,1182,0.98,1.99E-03,1.80E-03,2.34E-03,3.53E-03,2.52E-03,4.71E-03,200,in 2D arena,
1183,Madadi et al 2011 J PEST SCI,Pred,2.00,,Terrestrial,,Metazoan,Invertebrate,Insect,Coleoptera,Hippodamia variegata,3rd instar,Metazoan,Invertebrate,Insect,Hemiptera,Cotton aphid,Aphis gossypii,4th instar,Mean,N,24,25.0,,1,38.00,,4.86E+00,% adult mass,,1.74E-01,% adult mass,,m^2 per pred per day,1183,0.80,2.91E-03,2.31E-03,3.90E-03,2.81E-03,4.96E-10,6.59E-03,200,in 3D arena,
1184,Madadi et al 2011 J PEST SCI,Pred,2.00,,Terrestrial,,Metazoan,Invertebrate,Insect,Coleoptera,Hippodamia variegata,4th instar,Metazoan,Invertebrate,Insect,Hemiptera,Cotton aphid,Aphis gossypii,4th instar,Mean,N,24,25.0,,1,38.00,,1.29E+01,% adult mass,,1.74E-01,% adult mass,,m^2 per pred per day,1184,0.98,3.53E-03,3.30E-03,4.12E-03,9.69E-04,3.75E-04,2.10E-03,200,in 3D arena,
1185,Madadi et al 2011 J PEST SCI,Pred,2.00,,Terrestrial,,Metazoan,Invertebrate,Insect,Coleoptera,Hippodamia variegata,Adult female,Metazoan,Invertebrate,Insect,Hemiptera,Cotton aphid,Aphis gossypii,4th instar,Mean,N,24,25.0,,1,38.00,,1.18E+01,Alternate species mass,,1.74E-01,% adult mass,,m^2 per pred per day,1185,0.96,3.96E-03,3.46E-03,4.63E-03,4.38E-03,2.61E-03,5.97E-03,200,in 3D arena,
1186,Madadi et al 2011 J PEST SCI,Pred,2.00,,Terrestrial,,Metazoan,Invertebrate,Insect,Coleoptera,Hippodamia variegata,3rd instar,Metazoan,Invertebrate,Insect,Hemiptera,Pea aphid,Acyrthosiphon pisum,4th instar,Mean,N,24,25.0,,1,19.00,,4.86E+00,% adult mass,,1.64E+00,Alternate species length,Family,m^2 per pred per day,1186,0.98,1.56E-03,1.44E-03,1.86E-03,9.00E-04,3.02E-11,2.61E-03,200,in 2D arena,
1187,Madadi et al 2011 J PEST SCI,Pred,2.00,,Terrestrial,,Metazoan,Invertebrate,Insect,Coleoptera,Hippodamia variegata,4th instar,Metazoan,Invertebrate,Insect,Hemiptera,Pea aphid,Acyrthosiphon pisum,4th instar,Mean,N,24,25.0,,1,19.00,,1.29E+01,% adult mass,,1.64E+00,Alternate species length,Family,m^2 per pred per day,1187,0.98,1.76E-03,1.68E-03,2.12E-03,3.77E-04,2.49E-11,1.98E-03,200,in 2D arena,
1188,Madadi et al 2011 J PEST SCI,Pred,2.00,,Terrestrial,,Metazoan,Invertebrate,Insect,Coleoptera,Hippodamia variegata,Adult female,Metazoan,Invertebrate,Insect,Hemiptera,Pea aphid,Acyrthosiphon pisum,4th instar,Mean,N,24,25.0,,1,19.00,,1.18E+01,Alternate species mass,,1.64E+00,Alternate species length,Family,m^2 per pred per day,1188,0.99,1.84E-03,1.77E-03,2.16E-03,1.98E-03,1.45E-03,3.20E-03,200,in 2D arena,
1189,Agarwala 2001 ENVIRON ENTOMOL,Pred,2.00,,Terrestrial,,Metazoan,Invertebrate,Insect,Coleoptera,Cheilomenes sexmaculata,Adult female,Metazoan,Invertebrate,Insect,Hemiptera,Cowpea aphid,Aphis craccivora,Adult,Mean,N,16,20.0,,1,150.00,,2.00E+01,Alternate species mass,,4.24E-01,Alternate species length,Family,m^2 per pred per day,1189,0.95,1.55E-02,1.41E-02,1.71E-02,6.39E-03,3.32E-03,9.35E-03,200,,
1190,Khan 2009 J BIOL CONTROL,Pred,2.50,,Terrestrial,,Metazoan,Invertebrate,Insect,Coleoptera,Adalia tetraspilota,1st instar,Metazoan,Invertebrate,Insect,Hemiptera,Cabbage aphid,Brevicoryne brassicae,,Mean,N,24,25.0,,1,?,,,,,8.07E-01,Alternate species length,Family,m^2.5 per pred per day,1190,0.45,2.01E-03,1.48E-03,2.60E-03,7.17E-02,6.25E-02,8.38E-02,200,,
1191,Khan 2009 J BIOL CONTROL,Pred,2.50,,Terrestrial,,Metazoan,Invertebrate,Insect,Coleoptera,Adalia tetraspilota,2nd instar,Metazoan,Invertebrate,Insect,Hemiptera,Cabbage aphid,Brevicoryne brassicae,,Mean,N,24,25.0,,1,?,,1.45E+00,% adult mass,,8.07E-01,Alternate species length,Family,m^2.5 per pred per day,1191,0.59,1.96E-03,1.50E-03,2.57E-03,3.98E-02,3.36E-02,4.62E-02,200,,
1192,Khan 2009 J BIOL CONTROL,Pred,2.50,,Terrestrial,,Metazoan,Invertebrate,Insect,Coleoptera,Adalia tetraspilota,3rd instar,Metazoan,Invertebrate,Insect,Hemiptera,Cabbage aphid,Brevicoryne brassicae,,Mean,N,24,25.0,,1,?,,4.50E+00,% adult mass,,8.07E-01,Alternate species length,Family,m^2.5 per pred per day,1192,0.61,1.92E-03,1.39E-03,2.46E-03,3.49E-02,2.97E-02,4.13E-02,200,,
1193,Khan 2009 J BIOL CONTROL,Pred,2.50,,Terrestrial,,Metazoan,Invertebrate,Insect,Coleoptera,Adalia tetraspilota,4th instar,Metazoan,Invertebrate,Insect,Hemiptera,Cabbage aphid,Brevicoryne brassicae,,Mean,N,24,25.0,,1,?,,1.20E+01,% adult mass,,8.07E-01,Alternate species length,Family,m^2.5 per pred per day,1193,0.64,1.99E-03,1.49E-03,2.51E-03,2.96E-02,2.44E-02,3.57E-02,200,,
1194,Khan 2009 J BIOL CONTROL,Pred,2.50,,Terrestrial,,Metazoan,Invertebrate,Insect,Coleoptera,Adalia tetraspilota,Adult male,Metazoan,Invertebrate,Insect,Hemiptera,Cabbage aphid,Brevicoryne brassicae,,Mean,N,24,25.0,,1,?,,1.09E+01,Alternate species length,Family,8.07E-01,Alternate species length,Family,m^2.5 per pred per day,1194,0.55,2.01E-03,1.52E-03,2.55E-03,4.74E-02,4.06E-02,5.44E-02,200,,
1195,Khan 2009 J BIOL CONTROL,Pred,2.50,,Terrestrial,,Metazoan,Invertebrate,Insect,Coleoptera,Adalia tetraspilota,Adult female,Metazoan,Invertebrate,Insect,Hemiptera,Cabbage aphid,Brevicoryne brassicae,,Mean,N,24,25.0,,1,?,,1.09E+01,Alternate species length,Family,8.07E-01,Alternate species length,Family,m^2.5 per pred per day,1195,0.62,2.00E-03,1.58E-03,2.60E-03,3.33E-02,2.82E-02,3.84E-02,200,,
1196,Veeravel and Baskaran 1997 INSECT SCI APPLIC,Pred,2.50,,Terrestrial,,Metazoan,Invertebrate,Insect,Coleoptera,Coccinella transversalis,Adult female,Metazoan,Invertebrate,Insect,Hemiptera,Cotton aphid,Aphis gossypii,,Mean,N,24,28.0,,1,3.14,31.42,1.94E+01,Alternate species mass,,3.04E-01,Average species mass,,m^2.5 per pred per day,1196,0.93,4.42E-03,4.22E-03,4.65E-03,6.78E-03,6.59E-03,6.96E-03,200,,
1197,Veeravel and Baskaran 1997 INSECT SCI APPLIC,Pred,2.50,,Terrestrial,,Metazoan,Invertebrate,Insect,Coleoptera,Cheilomenes sexmaculata,Adult female,Metazoan,Invertebrate,Insect,Hemiptera,Cotton aphid,Aphis gossypii,,Mean,N,24,28.0,,1,3.14,31.42,1.94E+01,Alternate species mass,,3.04E-01,Average species mass,,m^2.5 per pred per day,1197,0.92,5.02E-03,4.79E-03,5.32E-03,9.34E-03,9.14E-03,9.56E-03,200,,
1198,Shukla et al 1990 J ADV ZOOL,Pred,2.00,,Terrestrial,,Metazoan,Invertebrate,Insect,Coleoptera,Coccinella septempunctata,3rd instar,Metazoan,Invertebrate,Insect,Hemiptera,Mustard aphid,Lipaphis erysimi,2nd instar,Mean,N,24,24.0,,1,44.18,,8.32E+00,Alternate species mass,,1.10E-01,% adult mass,,m^2 per pred per day,1198,0.89,2.20E-02,1.90E-02,2.49E-02,7.20E-04,6.56E-04,7.84E-04,200,"3 hr predation period, Used avg of adult male (21mg, Kumar er al) and female (19.39, Sabo et al) weights to calc instar mass",
1199,Shukla et al 1990 J ADV ZOOL,Pred,2.00,,Terrestrial,,Metazoan,Invertebrate,Insect,Coleoptera,Coccinella septempunctata,3rd instar,Metazoan,Invertebrate,Insect,Hemiptera,Mustard aphid,Lipaphis erysimi,2nd instar,Mean,N,24,24.0,,1,44.18,,8.32E+00,Alternate species mass,,1.10E-01,% adult mass,,m^2 per pred per day,1199,0.87,1.35E-02,1.18E-02,1.50E-02,1.23E-03,1.12E-03,1.32E-03,200,"6 hr predation period, Used avg of adult male (21mg, Kumar er al) and female (19.39, Sabo et al) weights to calc instar mass",
1200,Shukla et al 1990 J ADV ZOOL,Pred,2.00,,Terrestrial,,Metazoan,Invertebrate,Insect,Coleoptera,Coccinella septempunctata,3rd instar,Metazoan,Invertebrate,Insect,Hemiptera,Mustard aphid,Lipaphis erysimi,2nd instar,Mean,N,24,24.0,,1,44.18,,8.32E+00,Alternate species mass,,1.10E-01,% adult mass,,m^2 per pred per day,1200,0.88,9.03E-03,7.63E-03,1.06E-02,1.54E-03,1.35E-03,1.72E-03,200,"9 hr predation period, Used avg of adult male (21mg, Kumar er al) and female (19.39, Sabo et al) weights to calc instar mass",
1201,Shukla et al 1990 J ADV ZOOL,Pred,2.00,,Terrestrial,,Metazoan,Invertebrate,Insect,Coleoptera,Coccinella septempunctata,3rd instar,Metazoan,Invertebrate,Insect,Hemiptera,Mustard aphid,Lipaphis erysimi,2nd instar,Mean,N,24,24.0,,1,44.18,,8.32E+00,Alternate species mass,,1.10E-01,% adult mass,,m^2 per pred per day,1201,0.86,7.71E-03,6.57E-03,8.76E-03,1.93E-03,1.74E-03,2.18E-03,200,"12 hr predation period, Used avg of adult male (21mg, Kumar er al) and female (19.39, Sabo et al) weights to calc instar mass",
1202,Shukla et al 1990 J ADV ZOOL,Pred,2.00,,Terrestrial,,Metazoan,Invertebrate,Insect,Coleoptera,Coccinella septempunctata,3rd instar,Metazoan,Invertebrate,Insect,Hemiptera,Mustard aphid,Lipaphis erysimi,2nd instar,Mean,N,24,24.0,,1,44.18,,8.32E+00,Alternate species mass,,1.10E-01,% adult mass,,m^2 per pred per day,1202,0.85,5.31E-03,4.41E-03,6.10E-03,2.59E-03,2.26E-03,2.87E-03,200,"18 hr predation period, Used avg of adult male (21mg, Kumar er al) and female (19.39, Sabo et al) weights to calc instar mass",
1203,Shukla et al 1990 J ADV ZOOL,Pred,2.00,,Terrestrial,,Metazoan,Invertebrate,Insect,Coleoptera,Coccinella septempunctata,3rd instar,Metazoan,Invertebrate,Insect,Hemiptera,Mustard aphid,Lipaphis erysimi,2nd instar,Mean,N,24,24.0,,1,44.18,,8.32E+00,Alternate species mass,,1.10E-01,% adult mass,,m^2 per pred per day,1203,0.85,4.25E-03,3.61E-03,5.10E-03,3.05E-03,2.69E-03,3.46E-03,200,"24 hr predation period, Used avg of adult male (21mg, Kumar er al) and female (19.39, Sabo et al) weights to calc instar mass",
1204,Sentis et al 2012 OECOLOGIA,Pred,2.50,,Terrestrial,,Metazoan,Invertebrate,Insect,Coleoptera,Coleomegilla maculata,3rd instar,Metazoan,Invertebrate,Insect,Hemiptera,Green peach aphid,Myzus persicae,3rd instar,Raw data,N,21,13.9,,1,314.16,14137.17,4.71E+00,Original species mass,,1.70E-01,Original species mass,,m^2.5 per pred per day,1204,0.80,5.37E-01,4.41E-01,6.41E-01,2.31E-02,1.74E-02,2.72E-02,200,,
1205,Sentis et al 2012 OECOLOGIA,Pred,2.50,,Terrestrial,,Metazoan,Invertebrate,Insect,Coleoptera,Coleomegilla maculata,3rd instar,Metazoan,Invertebrate,Insect,Hemiptera,Green peach aphid,Myzus persicae,3rd instar,Raw data,N,21,17.6,,1,314.16,14137.17,4.71E+00,Original species mass,,1.70E-01,Original species mass,,m^2.5 per pred per day,1205,0.61,3.30E-01,2.36E-01,4.43E-01,5.00E-02,3.56E-02,6.20E-02,200,,
1206,Sentis et al 2012 OECOLOGIA,Pred,2.50,,Terrestrial,,Metazoan,Invertebrate,Insect,Coleoptera,Coleomegilla maculata,3rd instar,Metazoan,Invertebrate,Insect,Hemiptera,Green peach aphid,Myzus persicae,3rd instar,Raw data,N,21,21.7,,1,314.16,14137.17,4.71E+00,Original species mass,,1.70E-01,Original species mass,,m^2.5 per pred per day,1206,0.46,4.43E-01,3.08E-01,7.24E-01,5.33E-02,3.61E-02,7.39E-02,200,,
1207,Sentis et al 2012 OECOLOGIA,Pred,2.50,,Terrestrial,,Metazoan,Invertebrate,Insect,Coleoptera,Coleomegilla maculata,3rd instar,Metazoan,Invertebrate,Insect,Hemiptera,Green peach aphid,Myzus persicae,3rd instar,Raw data,N,21,25.8,,1,314.16,14137.17,4.71E+00,Original species mass,,1.70E-01,Original species mass,,m^2.5 per pred per day,1207,0.71,5.64E-01,4.67E-01,6.94E-01,3.72E-02,3.06E-02,4.30E-02,200,,
1208,Sentis et al 2012 OECOLOGIA,Pred,2.50,,Terrestrial,,Metazoan,Invertebrate,Insect,Coleoptera,Coleomegilla maculata,3rd instar,Metazoan,Invertebrate,Insect,Hemiptera,Green peach aphid,Myzus persicae,3rd instar,Raw data,N,21,29.4,,1,314.16,14137.17,4.71E+00,Original species mass,,1.70E-01,Original species mass,,m^2.5 per pred per day,1208,0.76,5.73E-01,4.76E-01,7.09E-01,2.21E-02,1.66E-02,2.71E-02,200,,
1209,Sentis et al 2012 OECOLOGIA,Pred,2.50,,Terrestrial,,Metazoan,Invertebrate,Insect,Coleoptera,Coleomegilla maculata,3rd instar,Metazoan,Invertebrate,Insect,Hemiptera,Green peach aphid,Myzus persicae,3rd instar,Raw data,N,21,32.8,,1,314.16,14137.17,4.71E+00,Original species mass,,1.70E-01,Original species mass,,m^2.5 per pred per day,1209,0.79,5.54E-01,4.59E-01,6.66E-01,2.38E-02,1.83E-02,2.83E-02,200,,
1210,Sarmento et al 2007 BRAZ ARCH BIOL TECH,Pred,2.00,,Terrestrial,,Metazoan,Invertebrate,Insect,Coleoptera,Eriopis connexa,Adult female,Metazoan,Invertebrate,Insect,Hemiptera,Potato aphid,Macrosiphum euphorbiae,,Raw data,Y,,25.0,,1,3.14,,2.00E+01,Alternate family length,Family,1.32E+00,Alternate species length,Family,m^2 per pred per day,1210,0.91,8.77E-05,7.72E-05,1.09E-04,8.49E-03,4.94E-10,2.80E-02,200,,
1211,Sarmento et al 2007 BRAZ ARCH BIOL TECH,Pred,2.00,,Terrestrial,,Metazoan,Invertebrate,Insect,Coleoptera,Eriopis connexa,Adult female,Metazoan,Invertebrate,Insect,Hemiptera,Potato aphid,Macrosiphum euphorbiae,,Raw data,Y,,25.0,,1,3.14,,2.00E+01,Alternate family length,Family,1.32E+00,Alternate species length,Family,m^2 per pred per day,1211,0.72,1.45E-04,1.15E-04,2.10E-04,1.07E-02,8.45E-03,1.35E-02,200,,
1212,Hassell et al 1977 J OF ANIMAL ECOLOGY,Pred,2.00,,Terrestrial,,Metazoan,Invertebrate,Insect,Coleoptera,Coccinella septempunctata,Adult,Metazoan,Invertebrate,Insect,Hemiptera,Cabbage aphid,Brevicoryne brassicae,1st instar,Mean,N,,20.0,,1,63.62,,2.02E+01,Average speices mass,,4.45E-03,% adult mass,,m^2 per pred per day,1212,0.79,7.75E-03,2.75E-03,1.43E-02,2.58E-02,4.71E-03,4.96E-02,200,,
1213,Hassell et al 1977 J OF ANIMAL ECOLOGY,Pred,2.00,,Terrestrial,,Metazoan,Invertebrate,Insect,Coleoptera,Coccinella septempunctata,Adult,Metazoan,Invertebrate,Insect,Hemiptera,Cabbage aphid,Brevicoryne brassicae,5th instar,Mean,N,,20.0,,1,63.62,,2.02E+01,Average speices mass,,,,,m^2 per pred per day,1213,0.83,4.40E-03,1.68E-03,9.48E-03,5.33E-02,2.44E-11,1.64E-01,200,Preferred prey offered,
1214,Losey and Denno 1998 ECOLOGY,Pred,2.50,,Terrestrial,,Metazoan,Invertebrate,Insect,Coleoptera,Coccinella septempunctata,Adult,Metazoan,Invertebrate,Insect,Hemiptera,Pea aphid,Acyrthosiphon pisum,4th/5th instar,Mean,N,,,,1,113.10,2261.95,2.02E+01,Average speices mass,,1.64E+00,Alternate species length,Family,m^2.5 per pred per day,1214,0.54,1.23E-01,8.19E-02,1.67E-01,2.97E-02,1.78E-02,4.16E-02,200,,
1215,Losey and Denno 1998 ECOLOGY,Pred,2.50,,Terrestrial,,Metazoan,Invertebrate,Insect,Coleoptera,Harpalus pennsylvanicus,Adult,Metazoan,Invertebrate,Insect,Hemiptera,Pea aphid,Acyrthosiphon pisum,4th/5th instar,Mean,N,,,,1,113.10,2261.95,1.27E+02,Alternate species length,Order,1.64E+00,Alternate species length,Family,m^2.5 per pred per day,1215,0.37,4.25E-02,2.46E-02,7.69E-02,5.17E-02,5.65E-09,1.24E-01,200,,
1216,Alexander et al 2014 BIOL LETT,Pred,3.00,,Aquatic,Fresh,Metazoan,Vertebrate,Fish,Perciformes,Micropterus salmoides,Adult,Metazoan,Vertebrate,Amphibian,,Painted  reed frog,Hyperolius marmoratus,tadpole,Mean,N,48,18.1,,1,,300000.00,7.84E+03,Original species length,Species,,,,m^3 per pred per day,1216,0.62,6.25E-01,3.61E-01,1.17E+00,3.69E-02,2.87E-02,4.85E-02,200,,
1217,Alexander et al 2014 BIOL LETT,Pred,3.00,,Aquatic,Fresh,Metazoan,Vertebrate,Fish,Siluriformes,Clarias gariepinus,Adult,Metazoan,Vertebrate,Amphibian,,Marbled reed frog,Hyperolius marmoratus,tadpole,Mean,N,48,18.1,,1,,300000.00,4.32E+03,Original species length,Species,,,,m^3 per pred per day,1217,0.73,2.89E-01,1.58E-01,5.59E-01,4.73E-02,2.32E-02,6.65E-02,200,,
1218,Alexander et al 2014 BIOL LETT,Pred,3.00,,Aquatic,Fresh,Metazoan,Vertebrate,Fish,Perciformes,Sandelia capensis,Adult,Metazoan,Vertebrate,Amphibian,,Marbled reed frog,Hyperolius marmoratus,tadpole,Mean,N,48,18.1,,1,,300000.00,1.08E+04,Original species length,Family,,,,m^3 per pred per day,1218,0.51,5.59E-01,2.20E-01,9.77E-01,8.47E-02,4.90E-02,1.17E-01,200,,
1219,Alexander et al 2014 BIOL LETT,Pred,3.00,,Aquatic,Fresh,Metazoan,Vertebrate,Fish,Perciformes,Glossogobius callidus,Adult,Metazoan,Vertebrate,Amphibian,,Marbled reed frog,Hyperolius marmoratus,tadpole,Mean,N,48,18.1,,1,,300000.00,3.54E+03,Original species length,Species,,,,m^3 per pred per day,1219,0.40,3.89E-01,1.52E-01,9.71E-01,1.04E-01,5.64E-02,1.67E-01,200,,
1220,Townsend and Risebrow 1982 OEC,Pred,3.00,,Aquatic,Fresh,Metazoan,Vertebrate,Fish,Cypriniformes,Abramis brama,Underyearling,Metazoan,Invertebrate,Crustacean,Cladoceran,Daphnia,Daphnia magna,,Mean,N,24,25.0,,1,,1800.00,3.54E+03,Original species length,Species ,9.90E-01,Average species mass,,m^3 per pred per day,1220,0.92,1.20E-01,1.03E-01,1.50E-01,2.70E-04,1.95E-04,3.57E-04,200,Light = 1.25 Lux,
1221,Koski and Johnson 2002,Pred,3.00,,Aquatic,Fresh,Metazoan,Vertebrate,Fish,Salmoniformes,Oncorhynchus nerka,"Fingerling, 2m old",Metazoan,Invertebrate,Crustacean,Cladoceran,Daphnia,Daphnia spp.,,Raw data,Y,19.7,19.0,,1,,35000.00,3.00E+03,Original species mass,,4.39E-01,Average genus mass,,m^3 per pred per day,1221,0.62,6.33E+00,4.01E+00,1.20E+01,5.24E-06,7.34E-07,1.05E-05,200,30 Lux,
1222,Moss and Beauchamp 2007 J FISH BIOL,Pred,3.00,,Aquatic,Marine,Metazoan,Vertebrate,Fish,Salmoniformes,Oncorhynchus gorbuscha,Fry (Juvenile),Metazoan,Invertebrate,Crustacean,Copepod,Copepod,Tisbe spp.,,Raw data,Y,48,11.3,,1,,8000.00,6.22E+02,Original species length,Genus,,,,m^3 per pred per day,1222,0.72,1.64E-01,1.06E-01,3.22E-01,2.49E-04,1.63E-04,3.20E-04,200,160,
1223,Moss and Beauchamp 2007 J FISH BIOL,Pred,3.00,,Aquatic,Marine,Metazoan,Vertebrate,Fish,Salmoniformes,Oncorhynchus gorbuscha,Juvenile,Metazoan,Invertebrate,Crustacean,Copepod,Copepod,Tisbe spp.,,Raw data,Y,48,11.0,,5,,50000.00,1.19E+04,Original species length,Genus,,,,m^3 per pred per day,1223,0.15,4.79E-02,5.27E-03,1.02E+04,1.44E-03,2.44E-11,3.15E-03,200,90,
1224,Moss and Beauchamp 2007 J FISH BIOL,Pred,3.00,,Aquatic,Marine,Metazoan,Vertebrate,Fish,Salmoniformes,Oncorhynchus keta,Juvenile,Metazoan,Invertebrate,Crustacean,Copepod,Copepod,Tisbe spp.,,Raw data,Y,48,11.0,,5,,50000.00,1.29E+04,Original species length,Genus,,,,m^3 per pred per day,1224,0.02,1.83E+00,3.75E-02,6.79E+01,5.04E-04,2.38E-04,9.83E-04,200,90,
1225,Moss and Beauchamp 2007 J FISH BIOL,Pred,3.00,,Aquatic,Marine,Metazoan,Vertebrate,Fish,Salmoniformes,Oncorhynchus gorbuscha,Juvenile,Metazoan,Invertebrate,Crustacean,Mysid,Mysid shrimp,(Americamysis bahia) Mysidopsis bahia,,Raw data,Y,48,11.0,,5,,50000.00,1.19E+04,Original species length,Genus,1.00E+00,Alternate species length,Zooplankton,m^3 per pred per day,1225,0.80,1.16E+00,3.97E-01,1.62E+01,5.63E-05,1.29E-05,1.51E-04,200,90,
1226,Moss and Beauchamp 2007 J FISH BIOL,Pred,3.00,,Aquatic,Marine,Metazoan,Vertebrate,Fish,Salmoniformes,Oncorhynchus keta,Juvenile,Metazoan,Invertebrate,Crustacean,Mysid,Mysid shrimp,(Americamysis bahia) Mysidopsis bahia,,Raw data,Y,48,11.0,,5,,50000.00,1.29E+04,Original species length,Genus,1.00E+00,Alternate species length,Zooplankton,m^3 per pred per day,1226,0.51,1.90E+00,1.16E+00,5.29E+00,5.86E-05,3.90E-05,9.19E-05,200,90,
1227,Soluk 1993 ECOLOGY,Pred,2.00,,Aquatic,Fresh,Metazoan,Vertebrate,Fish,Scorpaeniformes,Cottus bairdi,Wild caught,Metazoan,Invertebrate,Insect,Baetidae,Mayfly,Baetis tricaudatus,Larva,Mean,N,24,,,1,1900.00,,9.30E+03,Original species length,Family,4.96E+00,Alternate species length,Order,m^2 per pred per day,1227,0.58,1.43E-01,9.22E-02,2.28E-01,2.37E-03,2.69E-11,5.95E-03,200,,
1228,Soluk 1993 ECOLOGY,Pred,2.00,,Aquatic,Fresh,Metazoan,Vertebrate,Fish,Scorpaeniformes,Cottus bairdi,Wild caught,Metazoan,Invertebrate,Insect,Ephemerellidae,Mayfly,Ephemerella subvaria,Larva,Mean,N,24,,,1,1900.00,,9.30E+03,Original species length,Family,6.66E+00,Alternate species length,Order,m^2 per pred per day,1228,0.37,4.53E-02,2.29E-02,9.67E-02,2.16E-02,4.89E-10,4.80E-02,200,,
1229,Miller et al 1992 CAN J FISH AQUAT SCI,Pred,3.00,,Aquatic,Fresh,Metazoan,Vertebrate,Fish,Clupeiformes,Alosa pseudoharengus,10d old larvae,Metazoan,Invertebrate,Crustacean,Branchiopod,Brine shrimp,Artemia spp.,,Mean,N,24,15.0,,10,,20000.00,1.20E+01,Alternate species length,Species,,,,m^3 per pred per day,1229,0.92,2.54E-03,2.35E-03,2.74E-03,6.59E-04,5.93E-04,7.37E-04,200,,
1230,Miller et al 1992 CAN J FISH AQUAT SCI,Pred,3.00,,Aquatic,Fresh,Metazoan,Vertebrate,Fish,Perciformes,Perca flavescens,6d old larvae,Metazoan,Invertebrate,Crustacean,Branchiopod,Brine shrimp,Artemia spp.,,Mean,N,24,15.0,,10,,20000.00,1.41E+01,Alternate species length,Species,,,,m^3 per pred per day,1230,0.76,3.12E-03,2.72E-03,3.74E-03,6.14E-04,5.34E-04,6.88E-04,200,,
1231,Miller et al 1992 CAN J FISH AQUAT SCI,Pred,3.00,,Aquatic,Fresh,Metazoan,Vertebrate,Fish,Salmoniformes,Coregonus hoyi,8d old larvae,Metazoan,Invertebrate,Crustacean,Branchiopod,Brine shrimp,Artemia spp.,,Mean,N,24,15.0,,10,,20000.00,1.29E+01,Alternate species length,Species,,,,m^3 per pred per day,1231,0.59,1.33E-02,1.19E-02,1.51E-02,1.31E-03,1.26E-03,1.36E-03,200,,
1232,Miller et al 1992 CAN J FISH AQUAT SCI,Pred,3.00,,Aquatic,Fresh,Metazoan,Vertebrate,Fish,Clupeiformes,Alosa pseudoharengus,36d old larvae,Metazoan,Invertebrate,Crustacean,Branchiopod,Brine shrimp,Artemia spp.,,Mean,N,24,15.0,,10,,20000.00,8.83E+01,Alternate species length,Species,,,,m^3 per pred per day,1232,0.39,1.83E-01,9.25E-02,3.04E-01,3.49E-05,2.25E-05,4.31E-05,200,,
1233,Miller et al 1992 CAN J FISH AQUAT SCI,Pred,3.00,,Aquatic,Fresh,Metazoan,Vertebrate,Fish,Perciformes,Perca flavescens,34d old larvae,Metazoan,Invertebrate,Crustacean,Branchiopod,Brine shrimp,Artemia spp.,,Mean,N,24,15.0,,10,,20000.00,1.14E+02,Alternate species length,Species,,,,m^3 per pred per day,1233,0.38,1.52E-01,8.25E-02,2.28E-01,6.75E-05,4.91E-05,8.82E-05,200,,
1234,Miller et al 1992 CAN J FISH AQUAT SCI,Pred,3.00,,Aquatic,Fresh,Metazoan,Vertebrate,Fish,Salmoniformes,Coregonus hoyi,37d old larvae,Metazoan,Invertebrate,Crustacean,Branchiopod,Brine shrimp,Artemia spp.,,Mean,N,24,15.0,,10,,20000.00,1.04E+02,Alternate species length,Species,,,,m^3 per pred per day,1234,0.17,1.77E+00,1.15E+00,2.65E+00,3.74E-05,3.40E-05,4.04E-05,200,,
1235,Miller et al 1992 CAN J FISH AQUAT SCI,Pred,3.00,,Aquatic,Fresh,Metazoan,Vertebrate,Fish,Clupeiformes,Alosa pseudoharengus,37d old larvae,Metazoan,Invertebrate,Crustacean,Branchiopod,Brine shrimp,Artemia spp.,,Mean,N,24,15.0,,10,,20000.00,2.84E+02,Alternate species length,Species,,,,m^3 per pred per day,1235,0.58,4.53E-01,2.20E-01,6.46E-01,1.27E-05,9.53E-06,1.67E-05,200,,
1236,Miller et al 1992 CAN J FISH AQUAT SCI,Pred,3.00,,Aquatic,Fresh,Metazoan,Vertebrate,Fish,Perciformes,Perca flavescens,65d old larvae,Metazoan,Invertebrate,Crustacean,Branchiopod,Brine shrimp,Artemia spp.,,Mean,N,24,15.0,,10,,20000.00,3.89E+02,Alternate species length,Species,,,,m^3 per pred per day,1236,0.52,1.88E-01,1.23E-01,2.69E-01,1.78E-05,1.18E-05,2.32E-05,200,,
1237,Miller et al 1992 CAN J FISH AQUAT SCI,Pred,3.00,,Aquatic,Fresh,Metazoan,Vertebrate,Fish,Salmoniformes,Coregonus hoyi,67d old larvae,Metazoan,Invertebrate,Crustacean,Branchiopod,Brine shrimp,Artemia spp.,,Mean,N,24,15.0,,10,,20000.00,3.52E+02,Alternate species length,Species,,,,m^3 per pred per day,1237,0.85,1.23E+00,1.05E+00,1.46E+00,1.55E-05,1.39E-05,1.75E-05,200,,
1238,Miller et al 1992 CAN J FISH AQUAT SCI,Pred,3.00,,Aquatic,Fresh,Metazoan,Vertebrate,Fish,Clupeiformes,Alosa pseudoharengus,45d old larvae,Metazoan,Invertebrate,Crustacean,Branchiopod,Brine shrimp,Artemia spp.,,Mean,N,24,15.0,,10,,20000.00,6.50E+02,Alternate species length,Species,,,,m^3 per pred per day,1238,0.46,5.80E+00,6.14E-01,7.28E+00,1.05E-05,6.09E-06,1.30E-05,200,,
1239,Miller et al 1992 CAN J FISH AQUAT SCI,Pred,3.00,,Aquatic,Fresh,Metazoan,Vertebrate,Fish,Perciformes,Perca flavescens,94d old larvae,Metazoan,Invertebrate,Crustacean,Branchiopod,Brine shrimp,Artemia spp.,,Mean,N,24,15.0,,10,,20000.00,9.28E+02,Alternate species length,Species,,,,m^3 per pred per day,1239,0.42,1.39E+00,8.73E-01,2.12E+00,6.97E-06,5.44E-06,8.73E-06,200,,
1240,Miller et al 1992 CAN J FISH AQUAT SCI,Pred,3.00,,Aquatic,Fresh,Metazoan,Vertebrate,Fish,Salmoniformes,Coregonus hoyi,96d old larvae,Metazoan,Invertebrate,Crustacean,Branchiopod,Brine shrimp,Artemia spp.,,Mean,N,24,15.0,,10,,20000.00,8.37E+02,Alternate species length,Species,,,,m^3 per pred per day,1240,0.77,1.03E+01,9.31E+00,1.14E+01,6.39E-06,6.12E-06,6.70E-06,200,,
1241,Moustahfid et al 2010 OEC,Pred,3.00,In the field,Aquatic,Marine,Metazoan,Vertebrate,Fish,Carcharhiniformes,Squalus acanthias,,Metazoan,Vertebrate,Fish,Clupeidae,Atlantic herring,Clupea harengus,,Raw data,Y,,,,,,,4.05E+06,Alternate species length,Species,3.41E+04,Alternate species length,Species,m^3 per pred per day,1241,0.53,3.06E+03,9.32E+02,7.82E+03,6.39E+01,3.64E+01,8.69E+01,200,,
1242,Moustahfid et al 2010 OEC,Pred,3.00,In the field,Aquatic,Marine,Metazoan,Vertebrate,Fish,Carcharhiniformes,Squalus acanthias,,Metazoan,Vertebrate,Fish,Merlucciidae,Silver hake,Merluccius bilinearis,,Raw data,Y,,,,,,,4.05E+06,Alternate species length,Species,4.45E+05,Alternate species length,Species,m^3 per pred per day,1242,0.08,1.17E+00,6.86E-01,2.08E+00,1.30E+02,1.06E+02,1.93E+02,200,,
1243,Moustahfid et al 2010 OEC,Pred,3.00,In the field,Aquatic,Marine,Metazoan,Vertebrate,Fish,Carcharhiniformes,Squalus acanthias,,Metazoan,Vertebrate,Fish,Scombridae,Atlantic mackerel,Scomber scombrus,,Raw data,Y,,,,,,,4.05E+06,Alternate species length,Species,2.21E+05,Alternate species length,Species,m^3 per pred per day,1243,0.18,9.32E+01,5.82E+01,1.93E+02,4.34E+01,4.16E+01,1.04E+02,200,,
1244,Moustahfid et al 2010 OEC,Pred,3.00,In the field,Aquatic,Marine,Metazoan,Vertebrate,Fish,Carcharhiniformes,Squalus acanthias,,Metazoan,Vertebrate,Fish,Loliginidae,Longfin squid,Doryteuthis pealeii,,Raw data,Y,,,,,,,4.05E+06,Alternate species length,Species,8.22E+04,Alternate species length,Species,m^3 per pred per day,1244,0.08,3.36E+00,2.37E+00,4.71E+00,4.52E+01,1.60E+01,9.45E+01,200,,
1245,Moustahfid et al 2010 OEC,Pred,3.00,In the field,Aquatic,Marine,Metazoan,Vertebrate,Fish,Gadiformes,Pollachius virens,,Metazoan,Vertebrate,Fish,Clupeidae,Atlantic herring,Clupea harengus,,Raw data,Y,,,,,,,1.88E+06,Alternate species length,Species,3.41E+04,Alternate species length,Species,m^3 per pred per day,1245,0.28,1.20E+03,1.30E+02,2.10E+04,8.89E+01,1.09E-01,1.79E+02,200,,
1246,Moustahfid et al 2010 OEC,Pred,3.00,In the field,Aquatic,Marine,Metazoan,Vertebrate,Fish,Gadiformes,Pollachius virens,,Metazoan,Vertebrate,Fish,Merlucciidae,Silver hake,Merluccius bilinearis,,Raw data,Y,,,,,,,1.88E+06,Alternate species length,Species,4.45E+05,Alternate species length,Species,m^3 per pred per day,1246,0.35,1.63E+01,1.14E+01,2.16E+01,5.03E+01,1.83E+01,1.12E+02,200,,
1247,Moustahfid et al 2010 OEC,Pred,3.00,In the field,Aquatic,Marine,Metazoan,Vertebrate,Fish,Gadiformes,Merluccius bilinearis,,Metazoan,Vertebrate,Fish,Clupeidae,Atlantic herring,Clupea harengus,,Raw data,Y,,,,,,,4.45E+05,Alternate species length,Species,3.41E+04,Alternate species length,Species,m^3 per pred per day,1247,0.20,5.12E+01,2.75E+01,5.74E+03,4.80E+01,1.92E+01,5.18E+02,200,,
1248,Moustahfid et al 2010 OEC,Pred,3.00,In the field,Aquatic,Marine,Metazoan,Vertebrate,Fish,Gadiformes,Merluccius bilinearis,,Metazoan,Vertebrate,Fish,Merlucciidae,Silver hake,Merluccius bilinearis,,Raw data,Y,,,,,,,4.45E+05,Alternate species length,Species,4.45E+05,Alternate species length,Species,m^3 per pred per day,1248,0.24,3.43E+00,3.09E+00,3.94E+00,2.88E+02,2.88E+02,3.14E+02,200,,
1249,Moustahfid et al 2010 OEC,Pred,3.00,In the field,Aquatic,Marine,Metazoan,Vertebrate,Fish,Gadiformes,Merluccius bilinearis,,Metazoan,Vertebrate,Fish,Scombridae,Atlantic mackerel,Scomber scombrus,,Raw data,Y,,,,,,,4.45E+05,Alternate species length,Species,2.21E+05,Alternate species length,Species,m^3 per pred per day,1249,0.11,4.32E+00,2.43E+00,8.85E+00,1.30E+02,1.00E+02,2.00E+02,200,,
1250,Moustahfid et al 2010 OEC,Pred,3.00,In the field,Aquatic,Marine,Metazoan,Vertebrate,Fish,Gadiformes,Gadus morhua,,Metazoan,Vertebrate,Fish,Clupeidae,Atlantic herring,Clupea harengus,,Raw data,Y,,,,,,,1.03E+07,Alternate species length,Species,3.41E+04,Alternate species length,Species,m^3 per pred per day,1250,0.39,8.82E+03,1.33E+03,1.35E+05,2.02E+01,1.78E+00,2.84E+01,200,,
1251,Moustahfid et al 2010 OEC,Pred,3.00,In the field,Aquatic,Marine,Metazoan,Vertebrate,Fish,Gadiformes,Gadus morhua,,Metazoan,Vertebrate,Fish,Merlucciidae,Silver hake,Merluccius bilinearis,,Raw data,Y,,,,,,,1.03E+07,Alternate species length,Species,4.45E+05,Alternate species length,Species,m^3 per pred per day,1251,0.17,2.19E+01,1.64E+01,3.18E+01,4.47E+01,4.47E+01,9.71E+01,200,,
1252,Moustahfid et al 2010 OEC,Pred,3.00,In the field,Aquatic,Marine,Metazoan,Vertebrate,Fish,Gadiformes,Gadus morhua,,Metazoan,Vertebrate,Fish,Scombridae,Atlantic mackerel,Scomber scombrus,,Raw data,Y,,,,,,,1.03E+07,Alternate species length,Species,2.21E+05,Alternate species length,Species,m^3 per pred per day,1252,0.24,2.68E+01,1.78E+01,4.98E+01,6.68E+01,3.60E+01,1.35E+02,200,,
1253,Moustahfid et al 2010 OEC,Pred,3.00,In the field,Aquatic,Marine,Metazoan,Vertebrate,Fish,Gadiformes,Urophycis tenuis,,Metazoan,Vertebrate,Fish,Clupeidae,Atlantic herring,Clupea harengus,,Raw data,Y,,,,,,,2.84E+06,Alternate species length,Species,3.41E+04,Alternate species length,Species,m^3 per pred per day,1253,0.29,3.94E+03,9.58E+02,4.58E+05,4.46E+01,2.43E+01,6.92E+01,200,,
1254,Moustahfid et al 2010 OEC,Pred,3.00,In the field,Aquatic,Marine,Metazoan,Vertebrate,Fish,Gadiformes,Urophycis tenuis,,Metazoan,Vertebrate,Fish,Merlucciidae,Silver hake,Merluccius bilinearis,,Raw data,Y,,,,,,,2.84E+06,Alternate species length,Species,4.45E+05,Alternate species length,Species,m^3 per pred per day,1254,0.31,3.28E+01,2.23E+01,1.33E+02,3.63E+01,3.47E+01,3.40E+02,200,,
1255,Moustahfid et al 2010 OEC,Pred,3.00,In the field,Aquatic,Marine,Metazoan,Vertebrate,Fish,Lophiiformes,Lophius americanus,,Metazoan,Vertebrate,Fish,Clupeidae,Atlantic herring,Clupea harengus,,Raw data,Y,,,,,,,1.40E+07,Alternate species length,Species,3.41E+04,Alternate species length,Species,m^3 per pred per day,1255,0.12,8.02E+03,1.05E+03,3.24E+05,2.76E+01,1.02E+01,4.42E+01,200,,
1256,Moustahfid et al 2010 OEC,Pred,3.00,In the field,Aquatic,Marine,Metazoan,Vertebrate,Fish,Lophiiformes,Lophius americanus,,Metazoan,Vertebrate,Fish,Scombridae,Atlantic mackerel,Scomber scombrus,,Raw data,Y,,,,,,,1.40E+07,Alternate species length,Species,2.21E+05,Alternate species length,Species,m^3 per pred per day,1256,0.37,1.21E+02,6.26E+01,5.43E+02,2.95E+01,1.23E+01,3.15E+02,200,,
1257,Moustahfid et al 2010 OEC,Pred,3.00,In the field,Aquatic,Marine,Metazoan,Vertebrate,Fish,Lophiiformes,Lophius americanus,,Metazoan,Vertebrate,Fish,Loliginidae,Longfin squid,Doryteuthis pealeii,,Raw data,Y,,,,,,,1.40E+07,Alternate species length,Species,8.22E+04,Alternate species length,Species,m^3 per pred per day,1257,0.07,3.81E+01,4.02E+00,1.01E+04,3.13E+02,2.21E+01,4.67E+02,200,,
1258,Moustahfid et al 2010 OEC,Pred,3.00,In the field,Aquatic,Marine,Metazoan,Vertebrate,Fish,Rajiformes,Leucoraja ocellata,,Metazoan,Vertebrate,Fish,Clupeidae,Atlantic herring,Clupea harengus,,Raw data,Y,,,,,,,3.20E+06,Alternate species length,Species,3.41E+04,Alternate species length,Species,m^3 per pred per day,1258,0.17,2.54E+02,3.55E+01,5.14E+03,2.06E+02,5.74E+00,4.23E+02,200,,
1259,Gustafsson et al 2010 ECOL FRE FISH,Pred,2.00,,Aquatic,Fresh,Metazoan,Vertebrate,Fish,Salmoniformes,Salmo trutta,Adult A,Metazoan,Invertebrate,Insect,Diptera,House fly,Musca domestica,Adult (dead),Mean,N,24,10.0,,1,5000.00,125000.00,5.09E+03,Original species length,Species,8.69E+00,Alternate species length,Order,m^2 per pred per day,1259,0.39,1.90E+03,1.11E+03,4.12E+03,6.76E-05,5.76E-05,7.80E-05,200,,
1260,Gustafsson et al 2010 ECOL FRE FISH,Pred,2.00,,Aquatic,Fresh,Metazoan,Vertebrate,Fish,Salmoniformes,Salmo trutta,Adult B,Metazoan,Invertebrate,Insect,Diptera,House fly,Musca domestica,Adult (dead),Mean,N,24,10.0,,1,5000.00,125000.00,1.79E+04,Original species length,Species,8.69E+00,Alternate species length,Order,m^2 per pred per day,1260,0.57,2.41E+03,1.85E+03,3.74E+03,2.10E-05,1.65E-05,2.68E-05,200,,
1261,Gustafsson et al 2010 ECOL FRE FISH,Pred,2.00,,Aquatic,Fresh,Metazoan,Vertebrate,Fish,Salmoniformes,Salmo trutta,Adult C,Metazoan,Invertebrate,Insect,Diptera,House fly,Musca domestica,Adult (dead),Mean,N,24,10.0,,1,5000.00,125000.00,5.90E+04,Original species length,Species,8.69E+00,Alternate species length,Order,m^2 per pred per day,1261,0.52,2.53E+03,1.53E+03,4.53E+03,1.49E-05,9.81E-06,2.09E-05,200,,
1262,Gustafsson et al 2010 ECOL FRE FISH,Pred,2.00,,Aquatic,Fresh,Metazoan,Vertebrate,Fish,Salmoniformes,Salmo trutta,Adult A,Metazoan,Invertebrate,Crustacean,Amphipod,,Gammarus spp.,dead,Mean,N,24,10.0,,1,5000.00,125000.00,5.09E+03,Original species length,Species,3.10E+00,Original species mass,,m^2 per pred per day,1262,0.24,2.87E+03,1.59E+03,5.49E+03,5.81E-05,4.81E-05,7.00E-05,200,,
1263,Gustafsson et al 2010 ECOL FRE FISH,Pred,2.00,,Aquatic,Fresh,Metazoan,Vertebrate,Fish,Salmoniformes,Salmo trutta,Adult B,Metazoan,Invertebrate,Crustacean,Amphipod,,Gammarus spp.,dead,Mean,N,24,10.0,,1,5000.00,125000.00,1.79E+04,Original species length,Species,3.10E+00,Original species mass,,m^2 per pred per day,1263,0.39,5.52E+03,3.62E+03,1.02E+04,2.65E-05,2.32E-05,3.10E-05,200,,
1264,Gustafsson et al 2010 ECOL FRE FISH,Pred,2.00,,Aquatic,Fresh,Metazoan,Vertebrate,Fish,Salmoniformes,Salmo trutta,Adult C,Metazoan,Invertebrate,Crustacean,Amphipod,,Gammarus spp.,dead,Mean,N,24,10.0,,1,5000.00,125000.00,5.90E+04,Original species length,Species,3.10E+00,Original species mass,,m^2 per pred per day,1264,0.93,3.08E+03,3.08E+03,3.08E+03,1.56E-05,1.56E-05,1.56E-05,200,,
1265,O'Brien et al 2001 CAN J FISH AQUAT RES,Pred,3.00,,Aquatic,Fresh,Metazoan,Vertebrate,Fish,Salmoniformes,Thymallus arcticus,Adult,Metazoan,Invertebrate,Crustacean,Cladoceran,Daphnia,Daphnia middendorffiana,,Mean,Y,,12.0,,1,,500000.00,5.17E+05,Original species length,Species,1.48E+00,Original species length,Order,m^3 per pred per day,1265,0.74,4.21E+02,2.11E+02,9.05E+02,1.46E-05,1.20E-05,1.70E-05,200,,
1266,O'Brien et al 2001 CAN J FISH AQUAT RES,Pred,3.00,,Aquatic,Fresh,Metazoan,Vertebrate,Fish,Salmoniformes,Thymallus arcticus,Adult,Metazoan,Invertebrate,Crustacean,Cladoceran,Daphnia,Daphnia middendorffiana,,Mean,Y,,12.0,,1,,500000.00,5.17E+05,Original species length,Species,1.48E+00,Original species length,Order,m^3 per pred per day,1266,0.72,5.55E+02,3.16E+02,9.96E+02,1.43E-05,1.14E-05,1.74E-05,200,,
1267,O'Brien et al 2001 CAN J FISH AQUAT RES,Pred,3.00,,Aquatic,Fresh,Metazoan,Vertebrate,Fish,Salmoniformes,Thymallus arcticus,Adult,Metazoan,Invertebrate,Crustacean,Cladoceran,Daphnia,Daphnia middendorffiana,,Mean,Y,,12.0,,1,,500000.00,5.17E+05,Original species length,Species,1.48E+00,Original species length,Order,m^3 per pred per day,1267,0.81,4.82E+02,1.66E+02,1.17E+03,1.69E-05,9.33E-06,2.85E-05,200,,
1268,Buckel and Stoner 2000 J EXP MAR BIO ECOL,Pred,3.00,,Aquatic,Marine,Metazoan,Vertebrate,Fish,Perciformes,Pomatomus saltatrix,Young of the year A,Metazoan,Vertebrate,Fish,Atherinopsidae,Atlantic silverside,Menidia menidia,Juvenile A,Mean,N,12,20.5,,1,,2492853.77,6.52E+03,Original species length,Species,1.74E+02,Original species length,Species,m^3 per pred per day,1268,0.77,3.43E+01,2.79E+01,4.10E+01,1.01E-02,7.77E-03,1.27E-02,200,,
1269,Buckel and Stoner 2000 J EXP MAR BIO ECOL,Pred,3.00,,Aquatic,Marine,Metazoan,Vertebrate,Fish,Perciformes,Pomatomus saltatrix,Young of the year B,Metazoan,Vertebrate,Fish,Moronidae,Striped bass,Morone saxatilis,Juvenile A,Mean,N,12,20.5,,1,,2492853.77,7.70E+03,Original species length,Species,1.74E+02,Original species length,Species,m^3 per pred per day,1269,0.67,3.08E+01,2.24E+01,4.56E+01,6.42E-03,2.74E-03,9.83E-03,200,,
1270,Buckel and Stoner 2000 J EXP MAR BIO ECOL,Pred,3.00,,Aquatic,Marine,Metazoan,Vertebrate,Fish,Perciformes,Pomatomus saltatrix,Young of the year C,Metazoan,Vertebrate,Fish,Atherinopsidae,Atlantic silverside,Menidia menidia,Juvenile B,Mean,N,24,20.5,,1,,2492853.77,4.60E+04,Original species length,Species,1.20E+03,Original species length,Species,m^3 per pred per day,1270,0.66,1.71E+01,1.06E+01,2.89E+01,6.27E-03,2.51E-11,1.28E-02,200,,
1271,Buckel and Stoner 2000 J EXP MAR BIO ECOL,Pred,3.00,,Aquatic,Marine,Metazoan,Vertebrate,Fish,Perciformes,Pomatomus saltatrix,Young of the year D,Metazoan,Vertebrate,Fish,Moronidae,Striped bass,Morone saxatilis,Juvenile B,Mean,N,24,20.5,,1,,2492853.77,4.46E+04,Original species length,Species,1.50E+03,Original species length,Species,m^3 per pred per day,1271,0.11,3.89E+01,2.17E+01,2.27E+02,1.96E-02,1.48E-02,2.58E-02,200,,
1272,Anderson 2001 ECOLOGY,Pred,3.00,,Aquatic,Marine,Metazoan,Vertebrate,Fish,Perciformes,Paralabrax clathratus,,Metazoan,Vertebrate,Fish,Embiotocidae,Kelp perch,Brachyistius frenatus,Juvenile,Raw data,N,,,,2,,5000000.00,9.36E+04,Original species length,Species,2.75E+03,Original species length,Family,m^3 per pred per day,1272,0.31,1.87E+00,9.67E-01,6.34E+00,1.06E-01,2.70E-02,2.01E-01,200,No kelp,
1273,Anderson 2001 ECOLOGY,Pred,3.00,,Aquatic,Marine,Metazoan,Vertebrate,Fish,Perciformes,Paralabrax clathratus,,Metazoan,Vertebrate,Fish,Embiotocidae,Kelp perch,Brachyistius frenatus,Juvenile,Raw data,N,,,,2,,5000000.00,9.36E+04,Original species length,Species,2.75E+03,Original species length,Family,m^3 per pred per day,1273,0.17,2.28E+00,1.13E+00,8.29E+00,2.15E-01,1.37E-01,3.04E-01,200,5.8-6.4kg of kelp,
1274,Anderson 2001 ECOLOGY,Pred,3.00,,Aquatic,Marine,Metazoan,Vertebrate,Fish,Perciformes,Paralabrax clathratus,,Metazoan,Vertebrate,Fish,Embiotocidae,Kelp perch,Brachyistius frenatus,Juvenile,Raw data,N,,,,2,,5000000.00,9.36E+04,Original species length,Species,2.75E+03,Original species length,Family,m^3 per pred per day,1274,0.40,5.82E-01,4.56E-01,1.55E+00,1.54E-02,4.47E-10,1.75E-01,200,9.9-13.2kg of kelp,
1275,Anderson 2001 ECOLOGY,Pred,3.00,,Aquatic,Marine,Metazoan,Vertebrate,Fish,Perciformes,Paralabrax clathratus,,Metazoan,Vertebrate,Fish,Embiotocidae,Kelp perch,Brachyistius frenatus,Juvenile,Raw data,N,,,,2,,5000000.00,9.36E+04,Original species length,Species,2.75E+03,Original species length,Family,m^3 per pred per day,1275,0.44,5.40E-01,3.35E-01,1.16E+00,9.64E-02,5.05E-10,2.59E-01,200,21.9-26.1kg of kelp,
1276,Persson 1986 J ANIM ECOL,Pred,3.00,,Aquatic,Fresh,Metazoan,Vertebrate,Fish,Cypriniformes,Rutilus rutilus,,Metazoan,Invertebrate,Insect,Diptera,Phantom midge,Chaoborus obscuripe,,Mean,N,,12.0,,5,,200000.00,1.09E+04,Original species mass,,8.69E+00,Alternate species length,Order,m^3 per pred per day,1276,0.68,2.65E+04,1.93E+04,3.77E+04,1.68E-05,1.39E-05,1.98E-05,200,,
1277,Persson 1986 J ANIM ECOL,Pred,3.00,,Aquatic,Fresh,Metazoan,Vertebrate,Fish,Perciformes,Perca fluviatilis,,Metazoan,Invertebrate,Insect,Diptera,Phantom midge,Chaoborus obscuripe,,Mean,N,,12.0,,2,,200000.00,2.91E+04,Original species mass,,8.69E+00,Alternate species length,Order,m^3 per pred per day,1277,0.61,5.93E+04,4.27E+04,8.23E+04,1.47E-05,1.34E-05,1.64E-05,200,,
1278,Persson 1986 J ANIM ECOL,Pred,3.00,,Aquatic,Fresh,Metazoan,Vertebrate,Fish,Cypriniformes,Rutilus rutilus,,Metazoan,Invertebrate,Insect,Diptera,Phantom midge,Chaoborus obscuripe,,Mean,N,,15.0,,5,,200000.00,1.09E+04,Original species mass,,8.69E+00,Alternate species length,Order,m^3 per pred per day,1278,0.62,8.80E+04,6.20E+04,1.20E+05,1.66E-05,1.55E-05,1.82E-05,200,,
1279,Persson 1986 J ANIM ECOL,Pred,3.00,,Aquatic,Fresh,Metazoan,Vertebrate,Fish,Perciformes,Perca fluviatilis,,Metazoan,Invertebrate,Insect,Diptera,Phantom midge,Chaoborus obscuripe,,Mean,N,,15.0,,2,,200000.00,2.91E+04,Original species mass,,8.69E+00,Alternate species length,Order,m^3 per pred per day,1279,0.67,1.07E+05,8.44E+04,1.41E+05,1.06E-05,9.44E-06,1.19E-05,200,,
1280,Persson 1986 J ANIM ECOL,Pred,3.00,,Aquatic,Fresh,Metazoan,Vertebrate,Fish,Cypriniformes,Rutilus rutilus,,Metazoan,Invertebrate,Insect,Diptera,Phantom midge,Chaoborus obscuripe,,Mean,N,,18.0,,5,,200000.00,1.09E+04,Original species mass,,8.69E+00,Alternate species length,Order,m^3 per pred per day,1280,0.54,5.78E+04,3.73E+04,9.55E+04,8.42E-06,6.83E-06,1.07E-05,200,,
1281,Persson 1986 J ANIM ECOL,Pred,3.00,,Aquatic,Fresh,Metazoan,Vertebrate,Fish,Perciformes,Perca fluviatilis,,Metazoan,Invertebrate,Insect,Diptera,Phantom midge,Chaoborus obscuripe,,Mean,N,,18.0,,2,,200000.00,2.91E+04,Original species mass,,8.69E+00,Alternate species length,Order,m^3 per pred per day,1281,0.58,1.07E+05,7.50E+04,1.70E+05,1.12E-05,9.90E-06,1.25E-05,200,,
1282,Persson 1986 J ANIM ECOL,Pred,3.00,,Aquatic,Fresh,Metazoan,Vertebrate,Fish,Cypriniformes,Rutilus rutilus,,Metazoan,Invertebrate,Insect,Diptera,Phantom midge,Chaoborus obscuripe,,Mean,N,,21.0,,5,,200000.00,1.09E+04,Original species mass,,8.69E+00,Alternate species length,Order,m^3 per pred per day,1282,0.71,1.62E+05,1.23E+05,2.22E+05,7.64E-06,7.06E-06,8.16E-06,200,,
1283,Persson 1986 J ANIM ECOL,Pred,3.00,,Aquatic,Fresh,Metazoan,Vertebrate,Fish,Perciformes,Perca fluviatilis,,Metazoan,Invertebrate,Insect,Diptera,Phantom midge,Chaoborus obscuripe,,Mean,N,,21.0,,2,,200000.00,2.91E+04,Original species mass,,8.69E+00,Alternate species length,Order,m^3 per pred per day,1283,0.55,1.88E+05,1.24E+05,2.99E+05,9.12E-06,8.37E-06,9.89E-06,200,,
1284,Harborne 2012 CORAL REEFS,Pred,3.00,,Aquatic,Marine,Metazoan,Vertebrate,Fish,Perciformes,Cephalopholis cruentata,Wild caught,Metazoan,Vertebrate,Fish,Perciformes,Rainbow wrasse,Halichoeres pictus,Wild caught,Raw data,N,48,25.8,,1,,750000.00,9.97E+04,Original species mass,,1.35E+02,Original species length,Genus,m^3 per pred per day,1284,0.08,1.30E+00,4.97E-01,1.01E+01,1.71E-01,7.64E-02,2.49E-01,200,Winter,
1285,Harborne 2012 CORAL REEFS,Pred,3.00,,Aquatic,Marine,Metazoan,Vertebrate,Fish,Perciformes,Cephalopholis cruentata,Wild caught,Metazoan,Vertebrate,Fish,Perciformes,Rainbow wrasse,Halichoeres pictus,Wild caught,Raw data,N,48,28.8,,1,,750000.00,9.97E+04,Original species mass,,1.35E+02,Original species length,Genus,m^3 per pred per day,1285,0.28,6.47E-01,3.82E-01,1.44E+00,4.77E-02,2.35E-08,8.72E-02,200,Summer,
1286,Galarowicz & Wahl 2005 CAN J FISH AQUAT SCI,Pred,3.00,,Aquatic,Fresh,Metazoan,Vertebrate,Fish,Perciformes,Sander vitreus,Young of the year A,Metazoan,Invertebrate,Crustacean,Cladoceran,Zooplankton,Daphnia spp.,,Mean,N,24,21.0,,1,,72000.00,7.12E+01,Original species length,Species,3.76E-01,Original genus length,Order,m^3 per pred per day,1286,0.20,1.71E+00,3.92E-01,8.37E+00,4.49E-04,2.98E-04,6.16E-04,200,,
1287,Galarowicz & Wahl 2005 CAN J FISH AQUAT SCI,Pred,3.00,,Aquatic,Fresh,Metazoan,Vertebrate,Fish,Perciformes,Sander vitreus,Young of the year A,Metazoan,Vertebrate,Fish,Cyprinidae,Common carp,Cyprinus carpio,Larva A,Mean,N,24,21.0,,1,,72000.00,7.12E+01,Original species length,Species,4.78E+00,Original species length,Species,m^3 per pred per day,1287,0.28,1.06E+01,4.35E+00,2.85E+01,4.63E-03,1.90E-03,7.14E-03,200,,
1288,Galarowicz & Wahl 2005 CAN J FISH AQUAT SCI,Pred,3.00,,Aquatic,Fresh,Metazoan,Vertebrate,Fish,Perciformes,Sander vitreus,Young of the year B,Metazoan,Invertebrate,Crustacean,Cladoceran,Zooplankton,Daphnia spp.,,Mean,N,24,21.0,,1,,72000.00,2.50E+02,Original species length,Species,3.76E-01,Original genus length,Order,m^3 per pred per day,1288,0.08,7.52E+00,2.58E+00,1.68E+01,3.56E-04,3.10E-04,4.03E-04,200,,
1289,Galarowicz & Wahl 2005 CAN J FISH AQUAT SCI,Pred,2.00,,Aquatic,Fresh,Metazoan,Vertebrate,Fish,Perciformes,Sander vitreus,Young of the year B,Metazoan,Invertebrate,Insect,Diptera,Benthos,Chironomidae,Larva,Mean,N,24,21.0,,1,,72000.00,2.50E+02,Original species length,Species,3.09E+00,Original family length,Family,m^2 per pred per day,1289,0.03,7.08E+01,2.29E+01,2.55E+02,2.13E-03,1.67E-03,2.90E-03,200,,
1290,Galarowicz & Wahl 2005 CAN J FISH AQUAT SCI,Pred,3.00,,Aquatic,Fresh,Metazoan,Vertebrate,Fish,Perciformes,Sander vitreus,Young of the year B,Metazoan,Vertebrate,Fish,Cyprinidae,Common carp,Cyprinus carpio,Larva B,Mean,N,24,21.0,,1,,72000.00,2.50E+02,Original species length,Species,1.54E+01,Original species length,Species,m^3 per pred per day,1290,0.44,3.59E+00,2.50E+00,8.72E+00,4.07E-05,2.34E-11,4.75E-03,200,,
1291,Galarowicz & Wahl 2005 CAN J FISH AQUAT SCI,Pred,3.00,,Aquatic,Fresh,Metazoan,Vertebrate,Fish,Perciformes,Sander vitreus,Young of the year C,Metazoan,Invertebrate,Crustacean,Cladoceran,Zooplankton,Daphnia spp.,,Mean,N,24,21.0,,1,,72000.00,6.10E+02,Original species length,Species,3.76E-01,Original genus length,Order,m^3 per pred per day,1291,0.17,4.65E+00,1.33E-01,1.54E+01,1.75E-04,1.51E-05,2.64E-04,200,,
1292,Galarowicz & Wahl 2005 CAN J FISH AQUAT SCI,Pred,2.00,,Aquatic,Fresh,Metazoan,Vertebrate,Fish,Perciformes,Sander vitreus,Young of the year C,Metazoan,Invertebrate,Insect,Diptera,Benthos,Chironomidae,Larva,Mean,N,24,21.0,,1,,72000.00,6.10E+02,Original species length,Species,3.09E+00,Original family length,Family,m^2 per pred per day,1292,0.16,4.87E+01,2.48E+01,1.31E+02,1.18E-03,9.27E-04,1.51E-03,200,,
1293,Galarowicz & Wahl 2005 CAN J FISH AQUAT SCI,Pred,3.00,,Aquatic,Fresh,Metazoan,Vertebrate,Fish,Perciformes,Sander vitreus,Young of the year C,Metazoan,Vertebrate,Fish,Centrarchidae,Bluegill,Lepomis macrochirus,Larva A,Mean,N,24,21.0,,1,,72000.00,6.10E+02,Original species length,Species,2.13E+01,Original species length,Species,m^3 per pred per day,1293,0.37,4.93E+00,3.07E+00,2.03E+01,6.86E-04,2.30E-11,5.57E-03,200,,
1294,Galarowicz & Wahl 2005 CAN J FISH AQUAT SCI,Pred,3.00,,Aquatic,Fresh,Metazoan,Vertebrate,Fish,Perciformes,Sander vitreus,Young of the year D,Metazoan,Invertebrate,Crustacean,Cladoceran,Zooplankton,Daphnia spp.,,Mean,N,24,21.0,,1,,72000.00,1.22E+03,Original species length,Species,3.76E-01,Original genus length,Order,m^3 per pred per day,1294,0.23,9.57E+00,4.73E+00,2.46E+01,1.52E-04,1.32E-04,1.84E-04,200,,
1295,Galarowicz & Wahl 2005 CAN J FISH AQUAT SCI,Pred,2.00,,Aquatic,Fresh,Metazoan,Vertebrate,Fish,Perciformes,Sander vitreus,Young of the year D,Metazoan,Invertebrate,Insect,Diptera,Benthos,Chironomidae,Larva,Mean,N,24,21.0,,1,,72000.00,1.22E+03,Original species length,Species,3.09E+00,Original family length,Family,m^2 per pred per day,1295,0.63,3.38E+01,2.08E+01,5.97E+01,4.71E-04,3.87E-04,6.18E-04,200,,
1296,Galarowicz & Wahl 2005 CAN J FISH AQUAT SCI,Pred,3.00,,Aquatic,Fresh,Metazoan,Vertebrate,Fish,Perciformes,Sander vitreus,Young of the year D,Metazoan,Vertebrate,Fish,Centrarchidae,Bluegill,Lepomis macrochirus,Larva B,Mean,N,24,21.0,,1,,72000.00,1.22E+03,Original species length,Species,4.31E+01,Original species length,Species,m^3 per pred per day,1296,0.04,4.17E+01,1.66E+01,1.91E+02,6.73E-03,5.25E-03,8.69E-03,200,,
1297,Galarowicz & Wahl 2005 CAN J FISH AQUAT SCI,Pred,3.00,,Aquatic,Fresh,Metazoan,Vertebrate,Fish,Perciformes,Sander vitreus,Young of the year E,Metazoan,Invertebrate,Crustacean,Cladoceran,Zooplankton,Daphnia spp.,,Mean,N,24,21.0,,1,,72000.00,2.14E+03,Original species length,Species,3.76E-01,Original genus length,Order,m^3 per pred per day,1297,0.52,3.11E+00,1.20E+00,7.10E+00,1.09E-04,8.10E-05,1.45E-04,200,,
1298,Galarowicz & Wahl 2005 CAN J FISH AQUAT SCI,Pred,2.00,,Aquatic,Fresh,Metazoan,Vertebrate,Fish,Perciformes,Sander vitreus,Young of the year E,Metazoan,Invertebrate,Insect,Diptera,Benthos,Chironomidae,Larva,Mean,N,24,21.0,,1,,72000.00,2.14E+03,Original species length,Species,3.09E+00,Original family length,Family,m^2 per pred per day,1298,0.65,3.83E+01,2.18E+01,7.63E+01,3.18E-04,2.37E-04,4.04E-04,200,,
1299,Galarowicz & Wahl 2005 CAN J FISH AQUAT SCI,Pred,3.00,,Aquatic,Fresh,Metazoan,Vertebrate,Fish,Perciformes,Sander vitreus,Young of the year E,Metazoan,Vertebrate,Fish,Centrarchidae,Bluegill,Lepomis macrochirus,Larva C,Mean,N,24,21.0,,1,,72000.00,2.14E+03,Original species length,Species,7.65E+01,Original species length,Species,m^3 per pred per day,1299,0.29,7.90E+00,3.79E+00,3.18E+01,4.51E-03,2.26E-03,6.61E-03,200,,
1300,Galarowicz & Wahl 2005 CAN J FISH AQUAT SCI,Pred,3.00,,Aquatic,Fresh,Metazoan,Vertebrate,Fish,Perciformes,Sander vitreus,Young of the year F,Metazoan,Invertebrate,Crustacean,Cladoceran,Zooplankton,Daphnia spp.,,Mean,N,24,21.0,,1,,72000.00,3.46E+03,Original species length,Species,3.76E-01,Original genus length,Order,m^3 per pred per day,1300,0.38,3.98E+00,1.58E+00,1.26E+01,1.19E-04,7.58E-05,1.90E-04,200,,
1301,Galarowicz & Wahl 2005 CAN J FISH AQUAT SCI,Pred,2.00,,Aquatic,Fresh,Metazoan,Vertebrate,Fish,Perciformes,Sander vitreus,Young of the year F,Metazoan,Invertebrate,Insect,Diptera,Benthos,Chironomidae,Larva,Mean,N,24,21.0,,1,,72000.00,3.46E+03,Original species length,Species,3.09E+00,Original family length,Family,m^2 per pred per day,1301,0.50,3.01E+02,1.33E+02,5.68E+02,2.49E-05,1.16E-05,4.08E-05,200,,
1302,Galarowicz & Wahl 2005 CAN J FISH AQUAT SCI,Pred,3.00,,Aquatic,Fresh,Metazoan,Vertebrate,Fish,Perciformes,Sander vitreus,Young of the year F,Metazoan,Vertebrate,Fish,Centrarchidae,Bluegill,Lepomis macrochirus,Larva D,Mean,N,24,21.0,,1,,72000.00,3.46E+03,Original species length,Species,1.24E+02,Original species length,Species,m^3 per pred per day,1302,0.28,1.02E+01,3.98E+00,2.54E+01,3.84E-03,1.72E-03,5.34E-03,200,,
1303,Galarowicz & Wahl 2005 CAN J FISH AQUAT SCI,Pred,3.00,,Aquatic,Fresh,Metazoan,Vertebrate,Fish,Perciformes,Sander vitreus,Young of the year G,Metazoan,Invertebrate,Crustacean,Cladoceran,Zooplankton,Daphnia spp.,,Mean,N,24,21.0,,1,,72000.00,5.23E+03,Original species length,Species,3.76E-01,Original genus length,Order,m^3 per pred per day,1303,0.35,2.95E+00,1.46E+00,8.65E+00,1.49E-04,1.09E-04,2.08E-04,200,,
1304,Galarowicz & Wahl 2005 CAN J FISH AQUAT SCI,Pred,2.00,,Aquatic,Fresh,Metazoan,Vertebrate,Fish,Perciformes,Sander vitreus,Young of the year G,Metazoan,Invertebrate,Insect,Diptera,Benthos,Chironomidae,Larva,Mean,N,24,21.0,,1,,72000.00,5.23E+03,Original species length,Species,3.09E+00,Original family length,Family,m^2 per pred per day,1304,0.73,2.87E+01,2.00E+01,4.96E+01,2.36E-04,1.90E-04,3.10E-04,200,,
1305,Galarowicz & Wahl 2005 CAN J FISH AQUAT SCI,Pred,3.00,,Aquatic,Fresh,Metazoan,Vertebrate,Fish,Perciformes,Sander vitreus,Young of the year G,Metazoan,Vertebrate,Fish,Centrarchidae,Bluegill,Lepomis macrochirus,Larva E,Mean,N,24,21.0,,1,,72000.00,5.23E+03,Original species length,Species,1.89E+02,Original species length,Species,m^3 per pred per day,1305,0.50,5.07E+00,3.81E+00,1.89E+01,4.93E-10,2.30E-11,3.94E-03,200,,
1306,Galarowicz & Wahl 2005 CAN J FISH AQUAT SCI,Pred,3.00,,Aquatic,Fresh,Metazoan,Vertebrate,Fish,Perciformes,Sander vitreus,Young of the year H,Metazoan,Invertebrate,Crustacean,Cladoceran,Zooplankton,Daphnia spp.,,Mean,N,24,21.0,,1,,72000.00,7.54E+03,Original species length,Species,3.76E-01,Original genus length,Order,m^3 per pred per day,1306,0.22,1.84E+00,1.70E-01,9.66E+00,2.86E-04,1.12E-04,4.26E-04,200,,
1307,Galarowicz & Wahl 2005 CAN J FISH AQUAT SCI,Pred,2.00,,Aquatic,Fresh,Metazoan,Vertebrate,Fish,Perciformes,Sander vitreus,Young of the year H,Metazoan,Invertebrate,Insect,Diptera,Benthos,Chironomidae,Larva,Mean,N,24,21.0,,1,,72000.00,7.54E+03,Original species length,Species,3.09E+00,Original family length,Family,m^2 per pred per day,1307,0.50,3.45E+01,1.54E+01,7.12E+01,3.44E-04,2.56E-04,4.73E-04,200,,
1308,Galarowicz & Wahl 2005 CAN J FISH AQUAT SCI,Pred,3.00,,Aquatic,Fresh,Metazoan,Vertebrate,Fish,Perciformes,Sander vitreus,Young of the year H,Metazoan,Vertebrate,Fish,Centrarchidae,Bluegill,Lepomis macrochirus,Larva F,Mean,N,24,21.0,,1,,72000.00,7.54E+03,Original species length,Species,2.74E+02,Original species length,Species,m^3 per pred per day,1308,0.47,5.59E+00,3.55E+00,1.14E+01,1.70E-03,2.43E-11,4.33E-03,200,,
1309,Galarowicz & Wahl 2005 CAN J FISH AQUAT SCI,Pred,3.00,,Aquatic,Fresh,Metazoan,Vertebrate,Fish,Perciformes,Sander vitreus,Young of the year I,Metazoan,Invertebrate,Crustacean,Cladoceran,Zooplankton,Daphnia spp.,,Mean,N,24,21.0,,1,,72000.00,1.04E+04,Original species length,Species,3.76E-01,Original genus length,Order,m^3 per pred per day,1309,0.28,3.94E+00,1.14E+00,2.15E+01,1.19E-04,6.60E-05,2.02E-04,200,,
1310,Galarowicz & Wahl 2005 CAN J FISH AQUAT SCI,Pred,2.00,,Aquatic,Fresh,Metazoan,Vertebrate,Fish,Perciformes,Sander vitreus,Young of the year I,Metazoan,Invertebrate,Insect,Diptera,Benthos,Chironomidae,Larva,Mean,N,24,21.0,,1,,72000.00,1.04E+04,Original species length,Species,3.09E+00,Original family length,Family,m^2 per pred per day,1310,0.69,2.97E+01,1.33E+01,5.25E+01,2.08E-04,1.62E-04,2.61E-04,200,,
1311,Galarowicz & Wahl 2005 CAN J FISH AQUAT SCI,Pred,3.00,,Aquatic,Fresh,Metazoan,Vertebrate,Fish,Perciformes,Sander vitreus,Young of the year I,Metazoan,Vertebrate,Fish,Centrarchidae,Bluegill,Lepomis macrochirus,Larva G,Mean,N,24,21.0,,1,,72000.00,1.04E+04,Original species length,Species,3.82E+02,Original species length,Species,m^3 per pred per day,1311,0.45,7.86E+00,4.37E+00,1.78E+01,2.91E-03,1.62E-03,4.74E-03,200,,
1312,Galarowicz & Wahl 2005 CAN J FISH AQUAT SCI,Pred,3.00,,Aquatic,Fresh,Metazoan,Vertebrate,Fish,Perciformes,Sander vitreus,Young of the year J,Metazoan,Invertebrate,Crustacean,Cladoceran,Zooplankton,Daphnia spp.,,Mean,N,24,21.0,,1,,72000.00,3.67E+04,Original species length,Species,3.76E-01,Original genus length,Order,m^3 per pred per day,1312,0.11,1.20E-01,2.92E-02,5.99E-01,1.10E-02,6.06E-03,1.60E-02,200,,
1313,Galarowicz & Wahl 2005 CAN J FISH AQUAT SCI,Pred,2.00,,Aquatic,Fresh,Metazoan,Vertebrate,Fish,Perciformes,Sander vitreus,Young of the year J,Metazoan,Invertebrate,Insect,Diptera,Benthos,Chironomidae,Larva,Mean,N,24,21.0,,1,,72000.00,3.67E+04,Original species length,Species,3.09E+00,Original family length,Family,m^2 per pred per day,1313,0.67,1.77E+01,8.55E+00,3.92E+01,2.48E-04,9.24E-05,4.13E-04,200,,
1314,Galarowicz & Wahl 2005 CAN J FISH AQUAT SCI,Pred,3.00,,Aquatic,Fresh,Metazoan,Vertebrate,Fish,Perciformes,Sander vitreus,Young of the year J,Metazoan,Vertebrate,Fish,Centrarchidae,Bluegill,Lepomis macrochirus,Larva H,Mean,N,24,21.0,,1,,72000.00,3.67E+04,Original species length,Species,1.37E+03,Original species length,Species,m^3 per pred per day,1314,0.28,3.79E+00,2.06E+00,4.55E+01,5.46E-04,2.30E-11,8.98E-03,200,,
1315,Morales-Ventura et al 2004 J APPL ICHTHYOL,Pred,3.00,,Aquatic,Marine,Metazoan,Vertebrate,Fish,Atheriniformes,Chirostoma riojai,1wk old larva,Metazoan,Invertebrate,Rotifer,,Rotifer,Brachionus rotundiformis,,Mean,N,2,25.0,,2,,50.00,,,,3.54E-03,Original species length,Zooplankton,m^3 per pred per day,1315,0.48,7.73E-04,3.77E-04,1.62E-03,5.15E-04,2.24E-04,7.57E-04,200,,
1316,Morales-Ventura et al 2004 J APPL ICHTHYOL,Pred,3.00,,Aquatic,Marine,Metazoan,Vertebrate,Fish,Atheriniformes,Chirostoma riojai,2wk old larva,Metazoan,Invertebrate,Rotifer,,Rotifer,Brachionus rotundiformis,,Mean,N,2,25.0,,2,,50.00,,,,3.54E-03,Original species length,Zooplankton,m^3 per pred per day,1316,0.65,1.22E-03,9.31E-04,1.73E-03,2.35E-04,1.67E-04,3.26E-04,200,,
1317,Morales-Ventura et al 2004 J APPL ICHTHYOL,Pred,3.00,,Aquatic,Marine,Metazoan,Vertebrate,Fish,Atheriniformes,Chirostoma riojai,3wk old larva,Metazoan,Invertebrate,Rotifer,,Rotifer,Brachionus rotundiformis,,Mean,N,2,25.0,,2,,50.00,,,,3.54E-03,Original species length,Zooplankton,m^3 per pred per day,1317,0.77,1.19E-03,6.42E-04,2.24E-03,2.38E-04,1.55E-04,3.21E-04,200,,
1318,Morales-Ventura et al 2004 J APPL ICHTHYOL,Pred,3.00,,Aquatic,Marine,Metazoan,Vertebrate,Fish,Atheriniformes,Chirostoma riojai,4wk old larva,Metazoan,Invertebrate,Rotifer,,Rotifer,Brachionus rotundiformis,,Mean,N,2,25.0,,2,,50.00,,,,3.54E-03,Original species length,Zooplankton,m^3 per pred per day,1318,0.93,9.12E-04,6.51E-04,1.55E-03,3.39E-05,3.32E-06,6.22E-05,200,,
1319,Morales-Ventura et al 2004 J APPL ICHTHYOL,Pred,3.00,,Aquatic,Marine,Metazoan,Vertebrate,Fish,Atheriniformes,Chirostoma riojai,5wk old larva,Metazoan,Invertebrate,Rotifer,,Rotifer,Brachionus rotundiformis,,Mean,N,2,25.0,,2,,50.00,,,,3.54E-03,Original species length,Zooplankton,m^3 per pred per day,1319,0.61,1.07E-03,5.54E-04,2.05E-03,6.54E-05,1.18E-12,2.18E-04,200,,
1320,Morales-Ventura et al 2004 J APPL ICHTHYOL,Pred,3.00,,Aquatic,Marine,Metazoan,Vertebrate,Fish,Atheriniformes,Chirostoma riojai,6wk old larva,Metazoan,Invertebrate,Rotifer,,Rotifer,Brachionus rotundiformis,,Mean,N,2,25.0,,2,,50.00,,,,3.54E-03,Original species length,Zooplankton,m^3 per pred per day,1320,0.88,2.70E-03,2.04E-03,3.55E-03,9.47E-05,6.67E-05,1.22E-04,200,,
1321,Morales-Ventura et al 2004 J APPL ICHTHYOL,Pred,3.00,,Aquatic,Marine,Metazoan,Vertebrate,Fish,Atheriniformes,Chirostoma riojai,1wk old larva,Metazoan,Invertebrate,Rotifer,,Rotifer,Brachionus rubens,,Mean,N,2,25.0,,2,,50.00,,,,2.76E-03,Original species length,Zooplankton,m^3 per pred per day,1321,0.69,7.03E-04,3.30E-04,1.37E-03,1.21E-04,1.23E-12,2.82E-04,200,,
1322,Morales-Ventura et al 2004 J APPL ICHTHYOL,Pred,3.00,,Aquatic,Marine,Metazoan,Vertebrate,Fish,Atheriniformes,Chirostoma riojai,2wk old larva,Metazoan,Invertebrate,Rotifer,,Rotifer,Brachionus rubens,,Mean,N,2,25.0,,2,,50.00,,,,2.76E-03,Original species length,Zooplankton,m^3 per pred per day,1322,0.88,1.35E-03,7.28E-04,1.94E-03,3.20E-05,1.23E-12,4.54E-05,200,,
1323,Morales-Ventura et al 2004 J APPL ICHTHYOL,Pred,3.00,,Aquatic,Marine,Metazoan,Vertebrate,Fish,Atheriniformes,Chirostoma riojai,3wk old larva,Metazoan,Invertebrate,Rotifer,,Rotifer,Brachionus rubens,,Mean,N,2,25.0,,2,,50.00,,,,2.76E-03,Original species length,Zooplankton,m^3 per pred per day,1323,0.78,9.86E-04,6.70E-04,2.21E-03,5.84E-05,1.22E-12,1.14E-04,200,,
1324,Morales-Ventura et al 2004 J APPL ICHTHYOL,Pred,3.00,,Aquatic,Marine,Metazoan,Vertebrate,Fish,Atheriniformes,Chirostoma riojai,4wk old larva,Metazoan,Invertebrate,Rotifer,,Rotifer,Brachionus rubens,,Mean,N,2,25.0,,2,,50.00,,,,2.76E-03,Original species length,Zooplankton,m^3 per pred per day,1324,0.88,1.18E-03,6.31E-04,1.64E-03,4.03E-05,5.79E-12,6.47E-05,200,,
1325,Morales-Ventura et al 2004 J APPL ICHTHYOL,Pred,3.00,,Aquatic,Marine,Metazoan,Vertebrate,Fish,Atheriniformes,Chirostoma riojai,5wk old larva,Metazoan,Invertebrate,Rotifer,,Rotifer,Brachionus rubens,,Mean,N,2,25.0,,2,,50.00,,,,2.76E-03,Original species length,Zooplankton,m^3 per pred per day,1325,0.89,1.49E-03,7.62E-04,2.29E-03,3.68E-05,3.65E-12,4.83E-05,200,,
1326,Morales-Ventura et al 2004 J APPL ICHTHYOL,Pred,3.00,,Aquatic,Marine,Metazoan,Vertebrate,Fish,Atheriniformes,Chirostoma riojai,6wk old larva,Metazoan,Invertebrate,Rotifer,,Rotifer,Brachionus rubens,,Mean,N,2,25.0,,2,,50.00,,,,2.76E-03,Original species length,Zooplankton,m^3 per pred per day,1326,0.94,3.61E-03,2.96E-03,5.02E-03,4.72E-05,3.74E-05,5.76E-05,200,,
1327,Morales-Ventura et al 2004 J APPL ICHTHYOL,Pred,3.00,,Aquatic,Marine,Metazoan,Vertebrate,Fish,Atheriniformes,Chirostoma riojai,2wk old larva,Metazoan,Invertebrate,Crustacean,Cladoceran,,Ceriodaphnia dubia,,Mean,N,2,25.0,,2,,50.00,,,,1.06E-02,Original species length,Order,m^3 per pred per day,1327,0.49,9.74E-04,3.76E-04,2.11E-03,2.28E-03,1.17E-03,3.46E-03,200,,
1328,Morales-Ventura et al 2004 J APPL ICHTHYOL,Pred,3.00,,Aquatic,Marine,Metazoan,Vertebrate,Fish,Atheriniformes,Chirostoma riojai,3wk old larva,Metazoan,Invertebrate,Crustacean,Cladoceran,,Ceriodaphnia dubia,,Mean,N,2,25.0,,2,,50.00,,,,1.06E-02,Original species length,Order,m^3 per pred per day,1328,0.66,1.38E-03,6.51E-04,2.51E-03,9.93E-04,5.49E-04,1.43E-03,200,,
1329,Morales-Ventura et al 2004 J APPL ICHTHYOL,Pred,3.00,,Aquatic,Marine,Metazoan,Vertebrate,Fish,Atheriniformes,Chirostoma riojai,4wk old larva,Metazoan,Invertebrate,Crustacean,Cladoceran,,Ceriodaphnia dubia,,Mean,N,2,25.0,,2,,50.00,,,,1.06E-02,Original species length,Order,m^3 per pred per day,1329,0.70,8.90E-04,4.70E-04,1.57E-03,1.02E-03,6.32E-04,1.36E-03,200,,
1330,Morales-Ventura et al 2004 J APPL ICHTHYOL,Pred,3.00,,Aquatic,Marine,Metazoan,Vertebrate,Fish,Atheriniformes,Chirostoma riojai,5wk old larva,Metazoan,Invertebrate,Crustacean,Cladoceran,,Ceriodaphnia dubia,,Mean,N,2,25.0,,2,,50.00,,,,1.06E-02,Original species length,Order,m^3 per pred per day,1330,0.53,1.59E-03,1.08E-03,2.10E-03,5.86E-04,4.22E-04,7.89E-04,200,,
1331,Morales-Ventura et al 2004 J APPL ICHTHYOL,Pred,3.00,,Aquatic,Marine,Metazoan,Vertebrate,Fish,Atheriniformes,Chirostoma riojai,6wk old larva,Metazoan,Invertebrate,Crustacean,Cladoceran,,Ceriodaphnia dubia,,Mean,N,2,25.0,,2,,50.00,,,,1.06E-02,Original species length,Order,m^3 per pred per day,1331,0.08,1.34E-02,4.02E-03,8.66E-02,8.60E-04,7.63E-04,9.74E-04,200,,
1332,Morales-Ventura et al 2004 J APPL ICHTHYOL,Pred,3.00,,Aquatic,Marine,Metazoan,Vertebrate,Fish,Atheriniformes,Chirostoma riojai,2wk old larva,Metazoan,Invertebrate,Crustacean,Cladoceran,,Moina macrocopa,,Mean,N,2,25.0,,2,,50.00,,,,1.83E-01,Original species length,Order,m^3 per pred per day,1332,0.52,3.81E-04,1.62E-04,9.56E-04,2.75E-04,2.25E-11,4.04E-03,200,,
1333,Morales-Ventura et al 2004 J APPL ICHTHYOL,Pred,3.00,,Aquatic,Marine,Metazoan,Vertebrate,Fish,Atheriniformes,Chirostoma riojai,3wk old larva,Metazoan,Invertebrate,Crustacean,Cladoceran,,Moina macrocopa,,Mean,N,2,25.0,,2,,50.00,,,,1.83E-01,Original species length,Order,m^3 per pred per day,1333,0.52,1.80E-03,1.03E-03,3.21E-03,1.22E-03,8.04E-04,1.89E-03,200,,
1334,Morales-Ventura et al 2004 J APPL ICHTHYOL,Pred,3.00,,Aquatic,Marine,Metazoan,Vertebrate,Fish,Atheriniformes,Chirostoma riojai,4wk old larva,Metazoan,Invertebrate,Crustacean,Cladoceran,,Moina macrocopa,,Mean,N,2,25.0,,2,,50.00,,,,1.83E-01,Original species length,Order,m^3 per pred per day,1334,0.74,1.07E-03,7.35E-04,1.54E-03,6.01E-04,4.83E-04,7.70E-04,200,,
1335,Morales-Ventura et al 2004 J APPL ICHTHYOL,Pred,3.00,,Aquatic,Marine,Metazoan,Vertebrate,Fish,Atheriniformes,Chirostoma riojai,5wk old larva,Metazoan,Invertebrate,Crustacean,Cladoceran,,Moina macrocopa,,Mean,N,2,25.0,,2,,50.00,,,,1.83E-01,Original species length,Order,m^3 per pred per day,1335,0.65,1.02E-03,5.16E-04,1.64E-03,2.69E-04,3.09E-11,5.45E-04,200,,
1336,Morales-Ventura et al 2004 J APPL ICHTHYOL,Pred,3.00,,Aquatic,Marine,Metazoan,Vertebrate,Fish,Atheriniformes,Chirostoma riojai,6wk old larva,Metazoan,Invertebrate,Crustacean,Cladoceran,,Moina macrocopa,,Mean,N,2,25.0,,2,,50.00,,,,1.83E-01,Original species length,Order,m^3 per pred per day,1336,0.06,3.48E-03,1.33E-03,2.45E-02,5.73E-04,3.69E-04,7.16E-04,200,,
1337,Alanis et al 2009 BRAZ ARCH BIOL & TECH,Pred,3.00,,Aquatic,Fresh,Metazoan,Vertebrate,Fish,Characiformes,Moenkhausia sanctaefilomenae,1wk old larva,Metazoan,Invertebrate,Rotifer,,Rotifer,Brachionus calyciflorus,,Mean,N,6,23.0,,1,,25.00,,,,2.00E-04,Alternate species mass,,m^3 per pred per day,1337,0.07,3.85E-04,7.67E-05,6.42E-03,3.48E-03,1.96E-03,5.37E-03,200,,
1338,Alanis et al 2009 BRAZ ARCH BIOL & TECH,Pred,3.00,,Aquatic,Fresh,Metazoan,Vertebrate,Fish,Characiformes,Moenkhausia sanctaefilomenae,2wk old larva,Metazoan,Invertebrate,Rotifer,,Rotifer,Brachionus calyciflorus,,Mean,N,6,23.0,,1,,25.00,,,,2.00E-04,Alternate species mass,,m^3 per pred per day,1338,0.65,4.47E-04,2.91E-04,7.43E-04,7.63E-04,6.16E-04,9.26E-04,200,,
1339,Alanis et al 2009 BRAZ ARCH BIOL & TECH,Pred,3.00,,Aquatic,Fresh,Metazoan,Vertebrate,Fish,Characiformes,Moenkhausia sanctaefilomenae,3wk old larva,Metazoan,Invertebrate,Rotifer,,Rotifer,Brachionus calyciflorus,,Mean,N,6,23.0,,1,,25.00,,,,2.00E-04,Alternate species mass,,m^3 per pred per day,1339,0.70,7.65E-04,5.47E-04,1.11E-03,5.86E-04,5.14E-04,6.50E-04,200,,
1340,Alanis et al 2009 BRAZ ARCH BIOL & TECH,Pred,3.00,,Aquatic,Fresh,Metazoan,Vertebrate,Fish,Characiformes,Moenkhausia sanctaefilomenae,4wk old larva,Metazoan,Invertebrate,Rotifer,,Rotifer,Brachionus calyciflorus,,Mean,N,6,23.0,,1,,25.00,,,,2.00E-04,Alternate species mass,,m^3 per pred per day,1340,0.51,8.48E-04,4.98E-04,1.49E-03,6.81E-04,5.46E-04,8.11E-04,200,,
1341,Alanis et al 2009 BRAZ ARCH BIOL & TECH,Pred,3.00,,Aquatic,Fresh,Metazoan,Vertebrate,Fish,Characiformes,Moenkhausia sanctaefilomenae,5wk old larva,Metazoan,Invertebrate,Rotifer,,Rotifer,Brachionus calyciflorus,,Mean,N,6,23.0,,1,,25.00,,,,2.00E-04,Alternate species mass,,m^3 per pred per day,1341,0.73,1.15E-03,8.61E-04,1.64E-03,5.26E-04,4.72E-04,5.75E-04,200,,
1342,Alanis et al 2009 BRAZ ARCH BIOL & TECH,Pred,3.00,,Aquatic,Fresh,Metazoan,Vertebrate,Fish,Characiformes,Moenkhausia sanctaefilomenae,1wk old larva,Metazoan,Invertebrate,Rotifer,,Rotifer,Brachionus havanaensis,,Mean,N,6,23.0,,1,,25.00,,,,2.40E-03,Original species length,Zooplankton,m^3 per pred per day,1342,0.21,4.71E-04,1.55E-04,5.86E-03,4.18E-04,2.40E-11,1.07E-03,200,,
1343,Alanis et al 2009 BRAZ ARCH BIOL & TECH,Pred,3.00,,Aquatic,Fresh,Metazoan,Vertebrate,Fish,Characiformes,Moenkhausia sanctaefilomenae,2wk old larva,Metazoan,Invertebrate,Rotifer,,Rotifer,Brachionus havanaensis,,Mean,N,6,23.0,,1,,25.00,,,,2.40E-03,Original species length,Zooplankton,m^3 per pred per day,1343,0.42,3.85E-04,1.82E-04,1.14E-03,4.35E-04,1.63E-04,7.27E-04,200,,
1344,Alanis et al 2009 BRAZ ARCH BIOL & TECH,Pred,3.00,,Aquatic,Fresh,Metazoan,Vertebrate,Fish,Characiformes,Moenkhausia sanctaefilomenae,3wk old larva,Metazoan,Invertebrate,Rotifer,,Rotifer,Brachionus havanaensis,,Mean,N,6,23.0,,1,,25.00,,,,2.40E-03,Original species length,Zooplankton,m^3 per pred per day,1344,0.66,1.24E-03,8.84E-04,1.79E-03,2.75E-04,2.34E-04,3.23E-04,200,,
1345,Alanis et al 2009 BRAZ ARCH BIOL & TECH,Pred,3.00,,Aquatic,Fresh,Metazoan,Vertebrate,Fish,Characiformes,Moenkhausia sanctaefilomenae,4wk old larva,Metazoan,Invertebrate,Rotifer,,Rotifer,Brachionus havanaensis,,Mean,N,6,23.0,,1,,25.00,,,,2.40E-03,Original species length,Zooplankton,m^3 per pred per day,1345,0.89,1.09E-03,9.36E-04,1.38E-03,1.77E-04,1.60E-04,1.95E-04,200,,
1346,Alanis et al 2009 BRAZ ARCH BIOL & TECH,Pred,3.00,,Aquatic,Fresh,Metazoan,Vertebrate,Fish,Characiformes,Moenkhausia sanctaefilomenae,5wk old larva,Metazoan,Invertebrate,Rotifer,,Rotifer,Brachionus havanaensis,,Mean,N,6,23.0,,1,,25.00,,,,2.40E-03,Original species length,Zooplankton,m^3 per pred per day,1346,0.95,1.00E-03,8.81E-04,1.17E-03,1.19E-04,1.08E-04,1.27E-04,200,,
1347,Alanis et al 2009 BRAZ ARCH BIOL & TECH,Pred,3.00,,Aquatic,Fresh,Metazoan,Vertebrate,Fish,Characiformes,Moenkhausia sanctaefilomenae,1wk old larva,Metazoan,Invertebrate,Rotifer,,Rotifer,Brachionus patulus,,Mean,N,6,23.0,,1,,25.00,,,,1.50E-04,Alternate species mass,,m^3 per pred per day,1347,0.49,2.19E-04,1.21E-04,4.78E-04,1.17E-03,8.27E-04,1.50E-03,200,,
1348,Alanis et al 2009 BRAZ ARCH BIOL & TECH,Pred,3.00,,Aquatic,Fresh,Metazoan,Vertebrate,Fish,Characiformes,Moenkhausia sanctaefilomenae,2wk old larva,Metazoan,Invertebrate,Rotifer,,Rotifer,Brachionus patulus,,Mean,N,6,23.0,,1,,25.00,,,,1.50E-04,Alternate species mass,,m^3 per pred per day,1348,0.74,9.63E-04,6.74E-04,1.33E-03,5.20E-04,4.70E-04,5.68E-04,200,,
1349,Alanis et al 2009 BRAZ ARCH BIOL & TECH,Pred,3.00,,Aquatic,Fresh,Metazoan,Vertebrate,Fish,Characiformes,Moenkhausia sanctaefilomenae,3wk old larva,Metazoan,Invertebrate,Rotifer,,Rotifer,Brachionus patulus,,Mean,N,6,23.0,,1,,25.00,,,,1.50E-04,Alternate species mass,,m^3 per pred per day,1349,0.51,2.99E-03,2.06E-03,4.52E-03,4.49E-04,4.23E-04,4.80E-04,200,,
1350,Alanis et al 2009 BRAZ ARCH BIOL & TECH,Pred,3.00,,Aquatic,Fresh,Metazoan,Vertebrate,Fish,Characiformes,Moenkhausia sanctaefilomenae,4wk old larva,Metazoan,Invertebrate,Rotifer,,Rotifer,Brachionus patulus,,Mean,N,6,23.0,,1,,25.00,,,,1.50E-04,Alternate species mass,,m^3 per pred per day,1350,0.77,2.14E-03,1.76E-03,2.70E-03,3.80E-04,3.54E-04,4.03E-04,200,,
1351,Alanis et al 2009 BRAZ ARCH BIOL & TECH,Pred,3.00,,Aquatic,Fresh,Metazoan,Vertebrate,Fish,Characiformes,Moenkhausia sanctaefilomenae,5wk old larva,Metazoan,Invertebrate,Rotifer,,Rotifer,Brachionus patulus,,Mean,N,6,23.0,,1,,25.00,,,,1.50E-04,Alternate species mass,,m^3 per pred per day,1351,0.84,1.77E-03,1.43E-03,2.21E-03,3.30E-04,3.07E-04,3.57E-04,200,,
1352,Alanis et al 2009 BRAZ ARCH BIOL & TECH,Pred,3.00,,Aquatic,Fresh,Metazoan,Vertebrate,Fish,Characiformes,Moenkhausia sanctaefilomenae,1wk old larva,Metazoan,Invertebrate,Rotifer,,Rotifer,Brachionus rubens,,Mean,N,6,23.0,,1,,25.00,,,,1.50E-04,Alternate species mass,,m^3 per pred per day,1352,0.32,2.32E-04,1.11E-04,1.05E-03,1.43E-03,8.81E-04,2.25E-03,200,,
1353,Alanis et al 2009 BRAZ ARCH BIOL & TECH,Pred,3.00,,Aquatic,Fresh,Metazoan,Vertebrate,Fish,Characiformes,Moenkhausia sanctaefilomenae,2wk old larva,Metazoan,Invertebrate,Rotifer,,Rotifer,Brachionus rubens,,Mean,N,6,23.0,,1,,25.00,,,,1.50E-04,Alternate species mass,,m^3 per pred per day,1353,0.78,1.23E-04,7.63E-05,2.21E-04,3.54E-04,4.83E-05,6.11E-04,200,,
1354,Alanis et al 2009 BRAZ ARCH BIOL & TECH,Pred,3.00,,Aquatic,Fresh,Metazoan,Vertebrate,Fish,Characiformes,Moenkhausia sanctaefilomenae,3wk old larva,Metazoan,Invertebrate,Rotifer,,Rotifer,Brachionus rubens,,Mean,N,6,23.0,,1,,25.00,,,,1.50E-04,Alternate species mass,,m^3 per pred per day,1354,0.40,5.28E-04,2.72E-04,1.07E-03,8.76E-04,6.30E-04,1.16E-03,200,,
1355,Alanis et al 2009 BRAZ ARCH BIOL & TECH,Pred,3.00,,Aquatic,Fresh,Metazoan,Vertebrate,Fish,Characiformes,Moenkhausia sanctaefilomenae,4wk old larva,Metazoan,Invertebrate,Rotifer,,Rotifer,Brachionus rubens,,Mean,N,6,23.0,,1,,25.00,,,,1.50E-04,Alternate species mass,,m^3 per pred per day,1355,0.57,7.20E-04,4.81E-04,1.18E-03,6.77E-04,5.74E-04,7.68E-04,200,,
1356,Alanis et al 2009 BRAZ ARCH BIOL & TECH,Pred,3.00,,Aquatic,Fresh,Metazoan,Vertebrate,Fish,Characiformes,Moenkhausia sanctaefilomenae,5wk old larva,Metazoan,Invertebrate,Rotifer,,Rotifer,Brachionus rubens,,Mean,N,6,23.0,,1,,25.00,,,,1.50E-04,Alternate species mass,,m^3 per pred per day,1356,0.62,1.23E-03,9.00E-04,2.21E-03,5.63E-04,5.05E-04,6.34E-04,200,,
1357,Ware 1972 J FISHERIES RES BOARD CANADA,Pred,3.00,,Aquatic,Fresh,Metazoan,Vertebrate,Fish,Salmoniformes,Oncorhynchus mykiss,Wild caught,Metazoan,Invertebrate,Crustacean,Amphipod,Amphipod,Crangonyx richmondensis,,Raw data,N,48,10.0,,1,,227000.00,3.71E+04,Original species length,Species,5.20E+00,Original species mass,,m^3 per pred per day,1357,0.60,3.53E+02,2.51E+02,4.57E+02,1.26E-05,9.78E-06,1.53E-05,200,,
1358,Ryer et al 2002 CJFAS,Pred,3.00,,Aquatic,Marine,Metazoan,Vertebrate,Fish,Gadiformes,Gadus chalcogrammus,Juvenile,Metazoan,Invertebrate,Crustacean,Branchiopod,Shrimp,Artemia spp.,,Mean,N,19,11.0,,1,,93000.00,3.26E+03,Original species length,Species,,,,m^3 per pred per day,1358,0.68,1.11E+00,8.08E-01,1.67E+00,1.71E-05,1.85E-12,4.81E-05,200,,
1359,Ryer et al 2002 CJFAS,Pred,3.00,,Aquatic,Marine,Metazoan,Vertebrate,Fish,Scorpaeniformes,Anoplopoma fimbria,Juvenile,Metazoan,Invertebrate,Crustacean,Branchiopod,Shrimp,Artemia spp.,,Mean,N,19,11.0,,1,,93000.00,5.05E+03,Original species length,Species,,,,m^3 per pred per day,1359,0.66,1.30E+00,8.29E-01,2.15E+00,1.27E-05,1.23E-12,3.05E-05,200,,
1360,Murray et al 2013 ETHOLOGY,Pred,3.00,,Aquatic,Fresh,Metazoan,Vertebrate,Fish,Cypriniformes,Rutilus rutilus,>1 year old,Non living food,Non living food,Non living food,,fish-meal-based pellets,,pellets,Mean,N,24,18.0,,3,,20000.00,2.05E+04,Original species mass,,4.10E+00,75 pellets approx. 1.5% pred mass,,m^3 per pred per day,1360,0.51,7.57E+01,2.86E+01,2.52E+02,5.56E-06,6.69E-07,1.04E-05,200,pellets not prey,
1361,Murdoch et al 1975 ECOLOGY,Pred,3.00,,Aquatic,Fresh,Metazoan,Vertebrate,Fish,Cyprinodontiformes,Poecilia reticulata,,Metazoan,Invertebrate,Insect,Diptera,flies,Drosophila spp.,Appendages and wings removed,Mean,Y,,,,1,,75000.00,1.05E+02,Average species mass,,1.02E+00,Alternate species mass,,m^3 per pred per day,1361,0.56,2.75E+01,2.58E+01,2.89E+01,2.37E-11,2.34E-11,2.39E-11,200,,
1362,Murdoch et al 1975 ECOLOGY,Pred,3.00,,Aquatic,Fresh,Metazoan,Vertebrate,Fish,Cyprinodontiformes,Poecilia reticulata,,Metazoan,Invertebrate,Annelid,,tubificid worm,Tubifex spp.,,Mean,Y,,,,1,,75000.00,1.05E+02,Average species mass,,,,,m^3 per pred per day,1362,0.71,4.25E+01,4.05E+01,4.45E+01,2.38E-11,2.37E-11,2.41E-11,200,,
1363,Winkler and Orellana 1992 ENVIRMTAL BIOL OF FISHES,Pred,3.00,,Aquatic,Fresh ,Metazoan,Vertebrate,Fish,Cypriniformes,Alburnus chalcoides,,Metazoan,Invertebrate,Crustacean,Copepod,Cyclops,Cyclops spp.,ovigerous,Mean,N,24,20.0,,1,,20000.00,5.20E+03,Original species length,Species,9.65E-02,Original species length,Order,m^3 per pred per day,1363,0.91,3.74E+01,3.32E+01,4.21E+01,9.82E-06,6.52E-06,1.26E-05,200,,
1364,Winkler and Orellana 1992 ENVIRMTAL BIOL OF FISHES,Pred,3.00,,Aquatic,Fresh,Metazoan,Vertebrate,Fish,Cypriniformes,Alburnus chalcoides,,Metazoan,Invertebrate,Crustacean,Cladoceran,Daphnia,Daphnia hyalina,ovigerous,Mean,N,24,20.0,,1,,20000.00,5.20E+03,Original species length,Species,4.81E-01,Original species length,Order,m^3 per pred per day,1364,0.89,1.35E+02,1.27E+02,1.43E+02,1.12E-05,1.07E-05,1.17E-05,200,,
1365,Winkler and Orellana 1992 ENVIRMTAL BIOL OF FISHES,Pred,3.00,,Aquatic,Fresh,Metazoan,Vertebrate,Fish,Cypriniformes,Alburnus chalcoides,,Metazoan,Invertebrate,Crustacean,Branchiopod,Spiny water flea,Bythotrephes longimanus,ovigerous,Mean,N,24,20.0,,1,,20000.00,5.20E+03,Original species length,Species,2.13E-01,Original species length,Order,m^3 per pred per day,1365,0.88,1.27E+02,1.21E+02,1.33E+02,1.03E-05,9.76E-06,1.08E-05,200,,
1366,Winkler and Orellana 1992 ENVIRMTAL BIOL OF FISHES,Pred,3.00,,Aquatic,Fresh,Metazoan,Vertebrate,Fish,Cypriniformes,Alburnus chalcoides,,Metazoan,Invertebrate,Crustacean,Branchiopod,Water flea,Leptodora kindtii,ovigerous,Mean,N,24,20.0,,1,,20000.00,5.20E+03,Original species length,Species,8.24E-01,Original species length,Order,m^3 per pred per day,1366,0.78,5.50E+01,4.57E+01,6.76E+01,2.91E-05,2.32E-05,3.53E-05,200,,
1367,Winkler and Orellana 1992 ENVIRMTAL BIOL OF FISHES,Pred,3.00,,Aquatic,Fresh ,Metazoan,Vertebrate,Fish,Cypriniformes,Vimba vimba,,Metazoan,Invertebrate,Crustacean,Copepod,Cyclops,Cyclops spp.,ovigerous,Mean,N,24,20.0,,1,,20000.00,6.29E+03,Original species length,Species,9.65E-02,Original species length,Order,m^3 per pred per day,1367,0.77,2.72E+01,2.05E+01,3.55E+01,4.36E-05,2.80E-05,5.98E-05,200,,
1368,Winkler and Orellana 1992 ENVIRMTAL BIOL OF FISHES,Pred,3.00,,Aquatic,Fresh,Metazoan,Vertebrate,Fish,Cypriniformes,Vimba vimba,,Metazoan,Invertebrate,Crustacean,Branchiopod,Spiny water flea,Bythotrephes longimanus,ovigerous,Mean,N,24,20.0,,1,,20000.00,6.29E+03,Original species length,Species,2.13E-01,Original species length,Order,m^3 per pred per day,1368,0.84,8.09E+01,7.13E+01,9.90E+01,2.03E-05,1.76E-05,2.40E-05,200,,
1369,Winkler and Orellana 1992 ENVIRMTAL BIOL OF FISHES,Pred,3.00,,Aquatic,Fresh ,Metazoan,Vertebrate,Fish,Cypriniformes,Vimba vimba,,Metazoan,Invertebrate,Crustacean,Branchiopod,Water flea,Leptodora kindtii,ovigerous,Mean,N,24,20.0,,1,,20000.00,6.29E+03,Original species length,Species,8.24E-01,Original species length,Order,m^3 per pred per day,1369,0.72,3.71E+01,2.76E+01,4.87E+01,4.35E-05,2.77E-05,5.69E-05,200,,
1370,Winkler and Orellana 1992 ENVIRMTAL BIOL OF FISHES,Pred,3.00,,Aquatic,Fresh,Metazoan,Vertebrate,Fish,Cypriniformes,Abramis brama,,Metazoan,Invertebrate,Crustacean,Copepod,Cyclops,Cyclops spp.,ovigerous,Mean,N,24,20.0,,1,,20000.00,8.59E+03,Original species length,Species,9.65E-02,Original species length,Order,m^3 per pred per day,1370,0.70,1.67E+01,1.27E+01,2.19E+01,3.05E-05,1.18E-05,5.29E-05,200,,
1371,Winkler and Orellana 1992 ENVIRMTAL BIOL OF FISHES,Pred,3.00,,Aquatic,Fresh,Metazoan,Vertebrate,Fish,Cypriniformes,Abramis brama,,Metazoan,Invertebrate,Crustacean,Branchiopod,Spiny water flea,Bythotrephes longimanus,ovigerous,Mean,N,24,20.0,,1,,20000.00,8.59E+03,Original species length,Species,2.13E-01,Original species length,Order,m^3 per pred per day,1371,0.81,6.84E+01,5.98E+01,8.32E+01,2.33E-05,2.03E-05,2.61E-05,200,,
1372,Winkler and Orellana 1992 ENVIRMTAL BIOL OF FISHES,Pred,3.00,,Aquatic,Fresh,Metazoan,Vertebrate,Fish,Cypriniformes,Abramis brama,,Metazoan,Invertebrate,Crustacean,Branchiopod,Water flea,Leptodora kindtii,ovigerous,Mean,N,24,20.0,,1,,20000.00,8.59E+03,Original species length,Species,8.24E-01,Original species length,Order,m^3 per pred per day,1372,0.70,3.29E+01,2.58E+01,4.29E+01,3.81E-05,2.63E-05,5.11E-05,200,,
1373,Winkler and Orellana 1992 ENVIRMTAL BIOL OF FISHES,Pred,3.00,,Aquatic,Fresh,Metazoan,Vertebrate,Fish,Cypriniformes,Rutilus rutilus,,Metazoan,Invertebrate,Crustacean,Copepod,Cyclops,Cyclops spp.,ovigerous,Mean,N,24,20.0,,1,,20000.00,6.99E+03,Original species length,Species,9.65E-02,Original species length,Order,m^3 per pred per day,1373,0.79,3.13E+01,2.50E+01,3.91E+01,2.98E-05,1.99E-05,4.04E-05,200,,
1374,Winkler and Orellana 1992 ENVIRMTAL BIOL OF FISHES,Pred,3.00,,Aquatic,Fresh ,Metazoan,Vertebrate,Fish,Cypriniformes,Rutilus rutilus,,Metazoan,Invertebrate,Crustacean,Branchiopod,Spiny water flea,Bythotrephes longimanus,ovigerous,Mean,N,24,20.0,,1,,20000.00,6.99E+03,Original species length,Species,2.13E-01,Original species length,Order,m^3 per pred per day,1374,0.76,8.71E+01,7.36E+01,1.04E+02,2.77E-05,2.43E-05,3.15E-05,200,,
1375,Winkler and Orellana 1992 ENVIRMTAL BIOL OF FISHES,Pred,3.00,,Aquatic,Fresh,Metazoan,Vertebrate,Fish,Cypriniformes,Scardinius erythrophthalmus,,Metazoan,Invertebrate,Crustacean,Branchiopod,Spiny water flea,Bythotrephes longimanus,ovigerous,Mean,N,24,20.0,,1,,20000.00,7.30E+03,Original species length,Species,2.13E-01,Original species length,Order,m^3 per pred per day,1375,0.82,3.22E+01,2.64E+01,4.10E+01,2.28E-05,1.33E-05,3.25E-05,200,,
1376,Bryan et al 1995 CANADIAN J OF FISHERIES AND AQUA SCIES,Pred,3.00,,Aquatic,Fresh,Metazoan,Vertebrate,Fish,Perciformes,Lepomis macrochirus,juvenile,Metazoan,Invertebrate,Crustacean,Cladoceran,Daphnia,Daphnia pulex and D. magna,Large,Mean,N,18,23.7,,1,,24000.00,5.63E+02,Original species length,Species,1.15E+00,Original species length,Order,m^3 per pred per day,1376,0.41,1.29E+02,9.19E+01,2.09E+02,4.66E-05,4.41E-05,4.97E-05,200,no cadmium,
1377,Bryan et al 1995 CANADIAN J OF FISHERIES AND AQUA SCIES,Pred,3.00,,Aquatic,Fresh,Metazoan,Vertebrate,Fish,Perciformes,Lepomis macrochirus,juvenile,Metazoan,Invertebrate,Crustacean,Cladoceran,Daphnia,Daphnia pulex and D. magna,Large,Mean,N,18,23.7,,1,,24000.00,5.63E+02,Original species length,Species,1.15E+00,Original species length,Order,m^3 per pred per day,1377,0.59,6.53E+01,5.15E+01,8.53E+01,5.24E-05,4.95E-05,5.58E-05,200,30 ?g Cd/L,
1378,Bryan et al 1995 CANADIAN J OF FISHERIES AND AQUA SCIES,Pred,3.00,,Aquatic,Fresh,Metazoan,Vertebrate,Fish,Perciformes,Lepomis macrochirus,juvenile,Metazoan,Invertebrate,Crustacean,Cladoceran,Daphnia,Daphnia pulex and D. magna,Large,Mean,N,18,23.7,,1,,24000.00,5.63E+02,Original species length,Species,1.15E+00,Original species length,Order,m^3 per pred per day,1378,0.77,3.56E+01,2.90E+01,4.49E+01,4.87E-05,4.54E-05,5.21E-05,200,60 ?g Cd/L,
1379,Bryan et al 1995 CANADIAN J OF FISHERIES AND AQUA SCIES,Pred,3.00,,Aquatic,Fresh,Metazoan,Vertebrate,Fish,Perciformes,Lepomis macrochirus,juvenile,Metazoan,Invertebrate,Crustacean,Cladoceran,Daphnia,Daphnia pulex and D. magna,Large,Mean,N,18,23.7,,1,,24000.00,5.63E+02,Original species length,Species,1.15E+00,Original species length,Order,m^3 per pred per day,1379,0.60,6.67E+01,5.20E+01,8.73E+01,4.63E-05,4.35E-05,4.99E-05,200,120 ?g Cd/L,
1380,Bryan et al 1995 CANADIAN J OF FISHERIES AND AQUA SCIES,Pred,3.00,,Aquatic,Fresh,Metazoan,Vertebrate,Fish,Perciformes,Lepomis macrochirus,juvenile,Metazoan,Invertebrate,Crustacean,Cladoceran,Daphnia,Daphnia pulex and D. magna,Large,Mean,N,18,23.7,,1,,24000.00,5.63E+02,Original species length,Species,1.15E+00,Original species length,Order,m^3 per pred per day,1380,0.03,4.61E+02,2.12E+02,6.90E+02,6.59E-05,6.23E-05,7.02E-05,200,240 ?g Cd/L,
1381,Bryan et al 1995 CANADIAN J OF FISHERIES AND AQUA SCIES,Pred,3.00,,Aquatic,Fresh,Metazoan,Vertebrate,Fish,Perciformes,Lepomis macrochirus,juvenile,Metazoan,Invertebrate,Crustacean,Cladoceran,Daphnia,Daphnia pulex and D. magna,Medium,Mean,N,18,23.7,,1,,24000.00,5.63E+02,Original species length,Species,2.96E-01,Original species length,Order,m^3 per pred per day,1381,0.84,6.51E+01,5.88E+01,7.16E+01,1.93E-05,1.85E-05,2.02E-05,200,no cadmium,
1382,Bryan et al 1995 CANADIAN J OF FISHERIES AND AQUA SCIES,Pred,3.00,,Aquatic,Fresh,Metazoan,Vertebrate,Fish,Perciformes,Lepomis macrochirus,juvenile,Metazoan,Invertebrate,Crustacean,Cladoceran,Daphnia,Daphnia pulex and D. magna,Medium,Mean,N,18,23.7,,1,,24000.00,5.63E+02,Original species length,Species,2.96E-01,Original species length,Order,m^3 per pred per day,1382,0.95,3.09E+01,2.69E+01,3.44E+01,1.97E-05,1.85E-05,2.09E-05,200,30 ?g Cd/L,
1383,Bryan et al 1995 CANADIAN J OF FISHERIES AND AQUA SCIES,Pred,3.00,,Aquatic,Fresh,Metazoan,Vertebrate,Fish,Perciformes,Lepomis macrochirus,juvenile,Metazoan,Invertebrate,Crustacean,Cladoceran,Daphnia,Daphnia pulex and D. magna,Medium,Mean,N,18,23.7,,1,,24000.00,5.63E+02,Original species length,Species,2.96E-01,Original species length,Order,m^3 per pred per day,1383,0.83,6.72E+01,6.07E+01,7.57E+01,2.40E-05,2.29E-05,2.53E-05,200,60 ?g Cd/L,
1384,Bryan et al 1995 CANADIAN J OF FISHERIES AND AQUA SCIES,Pred,3.00,,Aquatic,Fresh,Metazoan,Vertebrate,Fish,Perciformes,Lepomis macrochirus,juvenile,Metazoan,Invertebrate,Crustacean,Cladoceran,Daphnia,Daphnia pulex and D. magna,Medium,Mean,N,18,23.7,,1,,24000.00,5.63E+02,Original species length,Species,2.96E-01,Original species length,Order,m^3 per pred per day,1384,0.91,3.90E+01,3.49E+01,4.38E+01,2.73E-05,2.61E-05,2.91E-05,200,120 ?g Cd/L,
1385,Bryan et al 1995 CANADIAN J OF FISHERIES AND AQUA SCIES,Pred,3.00,,Aquatic,Fresh,Metazoan,Vertebrate,Fish,Perciformes,Lepomis macrochirus,juvenile,Metazoan,Invertebrate,Crustacean,Cladoceran,Daphnia,Daphnia pulex and D. magna,Medium,Mean,N,18,23.7,,1,,24000.00,5.63E+02,Original species length,Species,2.96E-01,Original species length,Order,m^3 per pred per day,1385,0.92,4.35E+01,3.81E+01,4.82E+01,2.02E-05,1.91E-05,2.14E-05,200,240 ?g Cd/L,
1386,Bryan et al 1995 CANADIAN J OF FISHERIES AND AQUA SCIES,Pred,3.00,,Aquatic,Fresh,Metazoan,Vertebrate,Fish,Perciformes,Lepomis macrochirus,juvenile,Metazoan,Invertebrate,Crustacean,Cladoceran,Daphnia,Daphnia pulex and D. magna,Small,Mean,N,18,23.7,,1,,24000.00,5.63E+02,Original species length,Species,6.57E-02,Original species length,Order,m^3 per pred per day,1386,0.95,3.62E+01,3.21E+01,3.96E+01,1.66E-05,1.57E-05,1.76E-05,200,no cadmium,
1387,Bryan et al 1995 CANADIAN J OF FISHERIES AND AQUA SCIES,Pred,3.00,,Aquatic,Fresh,Metazoan,Vertebrate,Fish,Perciformes,Lepomis macrochirus,juvenile,Metazoan,Invertebrate,Crustacean,Cladoceran,Daphnia,Daphnia pulex and D. magna,Small,Mean,N,18,23.7,,1,,24000.00,5.63E+02,Original species length,Species,6.57E-02,Original species length,Order,m^3 per pred per day,1387,0.93,2.94E+01,2.68E+01,3.27E+01,2.47E-05,2.35E-05,2.62E-05,200,30 ?g Cd/L,
1388,Bryan et al 1995 CANADIAN J OF FISHERIES AND AQUA SCIES,Pred,3.00,,Aquatic,Fresh,Metazoan,Vertebrate,Fish,Perciformes,Lepomis macrochirus,juvenile,Metazoan,Invertebrate,Crustacean,Cladoceran,Daphnia,Daphnia pulex and D. magna,Small,Mean,N,18,23.7,,1,,24000.00,5.63E+02,Original species length,Species,6.57E-02,Original species length,Order,m^3 per pred per day,1388,0.96,1.56E+01,1.38E+01,1.76E+01,2.24E-05,2.10E-05,2.40E-05,200,60 ?g Cd/L,
1389,Bryan et al 1995 CANADIAN J OF FISHERIES AND AQUA SCIES,Pred,3.00,,Aquatic,Fresh,Metazoan,Vertebrate,Fish,Perciformes,Lepomis macrochirus,juvenile,Metazoan,Invertebrate,Crustacean,Cladoceran,Daphnia,Daphnia pulex and D. magna,Small,Mean,N,18,23.7,,1,,24000.00,5.63E+02,Original species length,Species,6.57E-02,Original species length,Order,m^3 per pred per day,1389,0.97,1.43E+01,1.30E+01,1.60E+01,1.97E-05,1.82E-05,2.14E-05,200,120 ?g Cd/L,
1390,Bryan et al 1995 CANADIAN J OF FISHERIES AND AQUA SCIES,Pred,3.00,,Aquatic,Fresh,Metazoan,Vertebrate,Fish,Perciformes,Lepomis macrochirus,juvenile,Metazoan,Invertebrate,Crustacean,Cladoceran,Daphnia,Daphnia pulex and D. magna,Small,Mean,N,18,23.7,,1,,24000.00,5.63E+02,Original species length,Species,6.57E-02,Original species length,Order,m^3 per pred per day,1390,0.94,2.35E+01,2.14E+01,2.59E+01,2.15E-05,2.02E-05,2.30E-05,200,240 ?g Cd/L,
1391,Sandheinrich and Atchison 1989 CJFAS,Pred,3.00,,Aquatic,Fresh,Metazoan,Vertebrate,Fish,Perciformes,Lepomis macrochirus,Adult? A,Metazoan,Invertebrate,Crustacean,Cladoceran,Daphnia,Daphnia pulex,,Mean,N,18,21.5,,1,,60000.00,2.81E+03,Original species length,Species,3.53E-01,Average species mass,,m^3 per pred per day,1391,0.71,1.20E+01,1.05E+01,1.36E+01,2.01E-05,1.90E-05,2.14E-05,200,5 ?g Cu/L,
1392,Sandheinrich and Atchison 1989 CJFAS,Pred,3.00,,Aquatic,Fresh,Metazoan,Vertebrate,Fish,Perciformes,Lepomis macrochirus,Adult? A,Metazoan,Invertebrate,Crustacean,Cladoceran,Daphnia,Daphnia pulex,,Mean,N,18,21.5,,1,,60000.00,2.81E+03,Original species length,Species,3.53E-01,Average species mass,,m^3 per pred per day,1392,0.60,4.17E+00,2.91E+00,5.41E+00,3.65E-05,2.98E-05,4.10E-05,200,31 ?g Cu/L,
1393,Sandheinrich and Atchison 1989 CJFAS,Pred,3.00,,Aquatic,Fresh,Metazoan,Vertebrate,Fish,Perciformes,Lepomis macrochirus,Adult? A,Metazoan,Invertebrate,Crustacean,Cladoceran,Daphnia,Daphnia pulex,,Mean,N,18,21.5,,1,,60000.00,2.81E+03,Original species length,Species,3.53E-01,Average species mass,,m^3 per pred per day,1393,0.63,7.82E+00,7.22E+00,8.39E+00,2.46E-05,2.31E-05,2.58E-05,200,180 ?g Cu/L,
1394,Sandheinrich and Atchison 1989 CJFAS,Pred,3.00,,Aquatic,Fresh,Metazoan,Vertebrate,Fish,Perciformes,Lepomis macrochirus,Adult? A,Metazoan,Invertebrate,Crustacean,Cladoceran,Daphnia,Daphnia pulex,,Mean,N,18,21.5,,1,,60000.00,2.81E+03,Original species length,Species,3.53E-01,Average species mass,,m^3 per pred per day,1394,0.31,7.76E+00,6.96E+00,8.90E+00,5.57E-05,5.33E-05,5.88E-05,200,1710 ?g Cu/L,
1395,Sandheinrich and Atchison 1989 CJFAS,Pred,3.00,,Aquatic,Fresh,Metazoan,Vertebrate,Fish,Perciformes,Lepomis macrochirus,Adult? B,Metazoan,Invertebrate,Crustacean,Cladoceran,Daphnia,Daphnia magna,,Mean,N,18,21.5,,1,,60000.00,1.62E+03,Original species length,Species,9.90E-01,Average species mass,,m^3 per pred per day,1395,0.75,6.57E+01,5.75E+01,7.25E+01,1.67E-05,1.58E-05,1.75E-05,200,5 ?g Cu/L,
1396,Sandheinrich and Atchison 1989 CJFAS,Pred,3.00,,Aquatic,Fresh,Metazoan,Vertebrate,Fish,Perciformes,Lepomis macrochirus,Adult? B,Metazoan,Invertebrate,Crustacean,Cladoceran,Daphnia,Daphnia magna,,Mean,N,18,21.5,,1,,60000.00,1.62E+03,Original species length,Species,9.90E-01,Average species mass,,m^3 per pred per day,1396,0.77,5.45E+01,4.85E+01,6.02E+01,1.84E-05,1.73E-05,1.94E-05,200,31 ?g Cu/L,
1397,Sandheinrich and Atchison 1989 CJFAS,Pred,3.00,,Aquatic,Fresh,Metazoan,Vertebrate,Fish,Perciformes,Lepomis macrochirus,Adult? B,Metazoan,Invertebrate,Crustacean,Cladoceran,Daphnia,Daphnia magna,,Mean,N,18,21.5,,1,,60000.00,1.62E+03,Original species length,Species,9.90E-01,Average species mass,,m^3 per pred per day,1397,0.84,2.76E+01,2.44E+01,3.18E+01,1.47E-05,1.36E-05,1.57E-05,200,180 ?g Cu/L,
1398,Sandheinrich and Atchison 1989 CJFAS,Pred,3.00,,Aquatic,Fresh,Metazoan,Vertebrate,Fish,Perciformes,Lepomis macrochirus,Adult? B,Metazoan,Invertebrate,Crustacean,Cladoceran,Daphnia,Daphnia magna,,Mean,N,18,21.5,,1,,60000.00,1.62E+03,Original species length,Species,9.90E-01,Average species mass,,m^3 per pred per day,1398,0.62,5.26E+01,4.70E+01,5.87E+01,2.96E-05,2.81E-05,3.11E-05,200,1710 ?g Cu/L,
1399,Sandheinrich and Atchison 1989 CJFAS,Pred,3.00,,Aquatic,Fresh,Metazoan,Vertebrate,Fish,Perciformes,Lepomis macrochirus,Adult? C,Metazoan,Invertebrate,Crustacean,Amphipod,Amphipod,Hyalella azteca,,Mean,N,18,21.5,,1,,60000.00,1.23E+03,Original species length,Species,1.00E+00,Alternate species mass,,m^3 per pred per day,1399,0.29,1.60E+00,1.27E+00,2.13E+00,2.50E-04,2.22E-04,2.85E-04,200,5 ?g Cu/L,
1400,Sandheinrich and Atchison 1989 CJFAS,Pred,3.00,,Aquatic,Fresh,Metazoan,Vertebrate,Fish,Perciformes,Lepomis macrochirus,Adult? C,Metazoan,Invertebrate,Crustacean,Amphipod,Amphipod,Hyalella azteca,,Mean,N,18,21.5,,1,,60000.00,1.23E+03,Original species length,Species,1.00E+00,Alternate species mass,,m^3 per pred per day,1400,0.40,8.36E-01,6.75E-01,1.12E+00,2.79E-04,2.42E-04,3.27E-04,200,31 ?g Cu/L,
1401,Sandheinrich and Atchison 1989 CJFAS,Pred,3.00,,Aquatic,Fresh,Metazoan,Vertebrate,Fish,Perciformes,Lepomis macrochirus,Adult? C,Metazoan,Invertebrate,Crustacean,Amphipod,Amphipod,Hyalella azteca,,Mean,N,18,21.5,,1,,60000.00,1.23E+03,Original species length,Species,1.00E+00,Alternate species mass,,m^3 per pred per day,1401,0.11,1.81E+00,1.37E+00,2.41E+00,4.04E-04,3.72E-04,4.36E-04,200,180 ?g Cu/L,
1402,Sandheinrich and Atchison 1989 CJFAS,Pred,3.00,,Aquatic,Fresh,Metazoan,Vertebrate,Fish,Perciformes,Lepomis macrochirus,Adult? C,Metazoan,Invertebrate,Crustacean,Amphipod,Amphipod,Hyalella azteca,,Mean,N,18,21.5,,1,,60000.00,1.23E+03,Original species length,Species,1.00E+00,Alternate species mass,,m^3 per pred per day,1402,0.14,8.38E-01,6.42E-01,1.13E+00,6.91E-04,6.19E-04,7.66E-04,200,1710 ?g Cu/L,
1403,Sandheinrich and Atchison 1989 CJFAS,Pred,3.00,,Aquatic,Fresh,Metazoan,Vertebrate,Fish,Perciformes,Lepomis macrochirus,Adult? D,Metazoan,Invertebrate,Insect,Coenagrionidae,Damselfly naiads,Enallagma spp.,Small,Mean,N,18,21.5,,1,,60000.00,2.27E+03,Original species length,Species,3.32E+01,Original genus length,Order,m^3 per pred per day,1403,0.06,2.00E+00,1.68E+00,2.47E+00,4.01E-04,3.70E-04,4.38E-04,200,5 ?g Cu/L,
1404,Sandheinrich and Atchison 1989 CJFAS,Pred,3.00,,Aquatic,Fresh,Metazoan,Vertebrate,Fish,Perciformes,Lepomis macrochirus,Adult? D,Metazoan,Invertebrate,Insect,Coenagrionidae,Damselfly naiads,Enallagma spp.,Small,Mean,N,18,21.5,,1,,60000.00,2.27E+03,Original species length,Species,3.32E+01,Original genus length,Order,m^3 per pred per day,1404,0.27,7.08E-01,5.50E-01,8.84E-01,4.60E-04,3.90E-04,5.23E-04,200,31 ?g Cu/L,
1405,Sandheinrich and Atchison 1989 CJFAS,Pred,3.00,,Aquatic,Fresh,Metazoan,Vertebrate,Fish,Perciformes,Lepomis macrochirus,Adult? D,Metazoan,Invertebrate,Insect,Coenagrionidae,Damselfly naiads,Enallagma spp.,Small,Mean,N,18,21.5,,1,,60000.00,2.27E+03,Original species length,Species,3.32E+01,Original genus length,Order,m^3 per pred per day,1405,0.68,1.43E-01,1.32E-01,1.54E-01,2.44E-11,2.41E-11,2.47E-11,200,180 ?g Cu/L,
1406,Sandheinrich and Atchison 1989 CJFAS,Pred,3.00,,Aquatic,Fresh,Metazoan,Vertebrate,Fish,Perciformes,Lepomis macrochirus,Adult? E,Metazoan,Invertebrate,Insect,Coenagrionidae,Damselfly naiads,Enallagma spp.,Large,Mean,N,18,21.5,,1,,60000.00,2.17E+03,Original species length,Species,1.05E+02,Original genus length,Order,m^3 per pred per day,1406,0.48,1.14E+00,9.86E-01,1.34E+00,6.76E-04,6.05E-04,7.52E-04,200,5 ?g Cu/L,
1407,Sandheinrich and Atchison 1989 CJFAS,Pred,3.00,,Aquatic,Fresh,Metazoan,Vertebrate,Fish,Perciformes,Lepomis macrochirus,Adult? E,Metazoan,Invertebrate,Insect,Coenagrionidae,Damselfly naiads,Enallagma spp.,Large,Mean,N,18,21.5,,1,,60000.00,2.17E+03,Original species length,Species,1.05E+02,Original genus length,Order,m^3 per pred per day,1407,0.10,3.37E+00,2.06E+00,6.73E+00,1.47E-03,1.33E-03,1.63E-03,200,31 ?g Cu/L,
1408,Sandheinrich and Atchison 1989 CJFAS,Pred,3.00,,Aquatic,Fresh,Metazoan,Vertebrate,Fish,Perciformes,Lepomis macrochirus,Adult? E,Metazoan,Invertebrate,Insect,Coenagrionidae,Damselfly naiads,Enallagma spp.,Large,Mean,N,18,21.5,,1,,60000.00,2.17E+03,Original species length,Species,1.05E+02,Original genus length,Order,m^3 per pred per day,1408,0.32,1.12E+00,9.59E-01,1.38E+00,1.18E-03,1.09E-03,1.32E-03,200,180 ?g Cu/L,
1409,Sandheinrich and Atchison 1989 CJFAS,Pred,3.00,,Aquatic,Fresh,Metazoan,Vertebrate,Fish,Perciformes,Lepomis macrochirus,Adult? E,Metazoan,Invertebrate,Insect,Coenagrionidae,Damselfly naiads,Enallagma spp.,Large,Mean,N,18,21.5,,1,,60000.00,2.17E+03,Original species length,Species,1.05E+02,Original genus length,Order,m^3 per pred per day,1409,0.17,7.72E-01,6.48E-01,9.87E-01,2.78E-03,2.56E-03,3.11E-03,200,1710 ?g Cu/L,
1410,Sandheinrich and Atchison 1989 CJFAS,Pred,3.00,,Aquatic,Fresh,Metazoan,Vertebrate,Fish,Perciformes,Lepomis macrochirus,Adult? F,Metazoan,Invertebrate,Crustacean,Cladoceran,Daphnia,Daphnia pulex,,Mean,N,18,21.5,,1,,60000.00,2.45E+03,Original species length,Species,3.53E-01,Average species mass,,m^3 per pred per day,1410,0.26,1.41E+01,1.11E+01,1.91E+01,6.13E-05,5.84E-05,6.51E-05,200,Cu Treated Prey/5 ?g Cu/L,
1411,Sandheinrich and Atchison 1989 CJFAS,Pred,3.00,,Aquatic,Fresh,Metazoan,Vertebrate,Fish,Perciformes,Lepomis macrochirus,Adult? F,Metazoan,Invertebrate,Crustacean,Cladoceran,Daphnia,Daphnia pulex,,Mean,N,18,21.5,,1,,60000.00,2.45E+03,Original species length,Species,3.53E-01,Average species mass,,m^3 per pred per day,1411,0.00,2.01E+02,1.01E+02,3.31E+02,6.88E-05,6.65E-05,7.16E-05,200,Cu Treated Prey/31 ?g Cu/L,
1412,Sandheinrich and Atchison 1989 CJFAS,Pred,3.00,,Aquatic,Fresh,Metazoan,Vertebrate,Fish,Perciformes,Lepomis macrochirus,Adult? G,Metazoan,Invertebrate,Crustacean,Cladoceran,Daphnia,Daphnia magna,,Mean,N,18,21.5,,1,,60000.00,3.24E+03,Original species length,Species,9.90E-01,Average species mass,,m^3 per pred per day,1412,0.78,1.69E+01,1.48E+01,1.95E+01,3.28E-05,3.03E-05,3.56E-05,200,Cu Treated Prey/5 ?g Cu/L,
1413,Sandheinrich and Atchison 1989 CJFAS,Pred,3.00,,Aquatic,Fresh,Metazoan,Vertebrate,Fish,Perciformes,Lepomis macrochirus,Adult? G,Metazoan,Invertebrate,Crustacean,Cladoceran,Daphnia,Daphnia magna,,Mean,N,18,21.5,,1,,60000.00,3.24E+03,Original species length,Species,9.90E-01,Average species mass,,m^3 per pred per day,1413,0.79,1.14E+01,9.93E+00,1.31E+01,5.05E-05,4.64E-05,5.36E-05,200,Cu Treated Prey/31 ?g Cu/L,
1414,Sandheinrich and Atchison 1989 CJFAS,Pred,3.00,,Aquatic,Fresh,Metazoan,Vertebrate,Fish,Perciformes,Lepomis macrochirus,Adult? H,Metazoan,Invertebrate,Crustacean,Amphipod,Amphipod,Hyalella azteca,,Mean,N,18,21.5,,1,,60000.00,1.27E+03,Original species length,Species,1.00E+00,Alternate species mass,,m^3 per pred per day,1414,0.17,1.87E+00,1.42E+00,2.75E+00,3.32E-04,2.96E-04,3.68E-04,200,Cu Treated Prey/5 ?g Cu/L,
1415,Sandheinrich and Atchison 1989 CJFAS,Pred,3.00,,Aquatic,Fresh,Metazoan,Vertebrate,Fish,Perciformes,Lepomis macrochirus,Adult? H,Metazoan,Invertebrate,Crustacean,Amphipod,Amphipod,Hyalella azteca,,Mean,N,18,21.5,,1,,60000.00,1.27E+03,Original species length,Species,1.00E+00,Alternate species mass,,m^3 per pred per day,1415,0.06,2.88E+00,1.71E+00,9.26E+00,4.46E-04,3.92E-04,4.95E-04,200,Cu Treated Prey/31 ?g Cu/L,
1416,Sandheinrich and Atchison 1989 CJFAS,Pred,3.00,,Aquatic,Fresh,Metazoan,Vertebrate,Fish,Perciformes,Lepomis macrochirus,Adult? H,Metazoan,Invertebrate,Crustacean,Amphipod,Amphipod,Hyalella azteca,,Mean,N,18,21.5,,1,,60000.00,1.27E+03,Original species length,Species,1.00E+00,Alternate species mass,,m^3 per pred per day,1416,0.50,7.87E-01,6.65E-01,9.21E-01,2.26E-04,1.96E-04,2.57E-04,200,Cu Treated Prey/180 ?g Cu/L,
1417,Sandheinrich and Atchison 1989 CJFAS,Pred,3.00,,Aquatic,Fresh,Metazoan,Vertebrate,Fish,Perciformes,Lepomis macrochirus,Adult? I,Metazoan,Invertebrate,Insect,Coenagrionidae,Damselfly naiads,Enallagma spp.,Small,Mean,N,18,21.5,,1,,60000.00,3.34E+03,Original species length,Species,3.32E+01,Original genus length,Order,m^3 per pred per day,1417,0.13,1.15E+00,8.15E-01,2.15E+00,5.91E-04,5.09E-04,6.90E-04,200,Cu Treated Prey/5 ?g Cu/L,
1418,Sandheinrich and Atchison 1989 CJFAS,Pred,3.00,,Aquatic,Fresh,Metazoan,Vertebrate,Fish,Perciformes,Lepomis macrochirus,Adult? I,Metazoan,Invertebrate,Insect,Coenagrionidae,Damselfly naiads,Enallagma spp.,Small,Mean,N,18,21.5,,1,,60000.00,3.34E+03,Original species length,Species,3.32E+01,Original genus length,Order,m^3 per pred per day,1418,0.39,1.61E-01,1.30E-01,2.11E-01,2.01E-04,1.24E-09,4.14E-04,200,Cu Treated Prey/31 ?g Cu/L,
1419,Sandheinrich and Atchison 1989 CJFAS,Pred,3.00,,Aquatic,Fresh,Metazoan,Vertebrate,Fish,Perciformes,Lepomis macrochirus,Adult? I,Metazoan,Invertebrate,Insect,Coenagrionidae,Damselfly naiads,Enallagma spp.,Small,Mean,N,18,21.5,,1,,60000.00,3.34E+03,Original species length,Species,3.32E+01,Original genus length,Order,m^3 per pred per day,1419,0.05,1.17E+00,8.47E-01,2.04E+00,9.50E-04,8.57E-04,1.05E-03,200,Cu Treated Prey/180 ?g Cu/L,
1420,Sandheinrich and Atchison 1989 CJFAS,Pred,3.00,,Aquatic,Fresh,Metazoan,Vertebrate,Fish,Perciformes,Lepomis macrochirus,Adult? J,Metazoan,Invertebrate,Insect,Coenagrionidae,Damselfly naiads,Enallagma spp.,Large,Mean,N,18,21.5,,1,,60000.00,1.96E+03,Original species length,Species,1.05E+02,Original genus length,Order,m^3 per pred per day,1420,0.01,8.97E+00,3.79E+00,4.33E+01,2.15E-03,1.93E-03,2.33E-03,200,Cu Treated Prey/5 ?g Cu/L,
1421,Sandheinrich and Atchison 1989 CJFAS,Pred,3.00,,Aquatic,Fresh,Metazoan,Vertebrate,Fish,Perciformes,Lepomis macrochirus,Adult? J,Metazoan,Invertebrate,Insect,Coenagrionidae,Damselfly naiads,Enallagma spp.,Large,Mean,N,18,21.5,,1,,60000.00,1.96E+03,Original species length,Species,1.05E+02,Original genus length,Order,m^3 per pred per day,1421,0.19,9.09E-01,6.59E-01,1.30E+00,2.80E-03,2.53E-03,3.14E-03,200,Cu Treated Prey/31 ?g Cu/L,
1422,Sandheinrich and Atchison 1989 CJFAS,Pred,3.00,,Aquatic,Fresh,Metazoan,Vertebrate,Fish,Perciformes,Lepomis macrochirus,Adult? J,Metazoan,Invertebrate,Insect,Coenagrionidae,Damselfly naiads,Enallagma spp.,Large,Mean,N,18,21.5,,1,,60000.00,1.96E+03,Original species length,Species,1.05E+02,Original genus length,Order,m^3 per pred per day,1422,0.49,1.57E-01,1.42E-01,1.75E-01,2.37E-11,2.35E-11,2.42E-11,200,Cu Treated Prey/180 ?g Cu/L,
1423,Houde and Schekter 1980 ENVIRMTAL BIOL OF FISHES,Pred,3.00,,Aquatic,Marine,Metazoan,Vertebrate,Fish,Clupeiformes,Anchoa mitchilli,Larva A,Metazoan,Invertebrate,Crustacean,Copepod,"Nauplii and copepodites, Small","Oithona nana, Acartia tonsa, and Paracalanus parvus",Composed primarily of these 3 prey species,Mean,N,,26.0,,12,,10000.00,2.00E-02,Original species mass,,3.00E-04,Original species mass,,m^3 per pred per day,1423,0.98,1.30E-03,1.13E-03,1.52E-03,9.31E-04,7.16E-04,1.23E-03,200,,
1424,Houde and Schekter 1980 ENVIRMTAL BIOL OF FISHES,Pred,3.00,,Aquatic,Marine,Metazoan,Vertebrate,Fish,Perciformes,Archosargus rhomboidalis,Larva A,Metazoan,Invertebrate,Crustacean,Copepod,"Nauplii and copepodites, Small","Oithona nana, Acartia tonsa, and Paracalanus parvus",Composed primarily of these 3 prey species,Mean,N,,26.0,,12,,10000.00,2.00E-02,Original species mass,,3.00E-04,Original species mass,,m^3 per pred per day,1424,0.95,8.50E-04,7.13E-04,1.01E-03,1.80E-03,1.14E-03,2.56E-03,200,,
1425,Houde and Schekter 1980 ENVIRMTAL BIOL OF FISHES,Pred,3.00,,Aquatic,Marine,Metazoan,Vertebrate,Fish,Pleuronectiformes,Achirus lineatus,Larva A,Metazoan,Invertebrate,Crustacean,Copepod,"Nauplii and copepodites, Small","Oithona nana, Acartia tonsa, and Paracalanus parvus",Composed primarily of these 3 prey species,Mean,N,,28.0,,12,,10000.00,2.00E-02,Original species mass,,3.00E-04,Original species mass,,m^3 per pred per day,1425,0.97,6.86E-04,5.88E-04,8.02E-04,8.40E-04,4.61E-04,1.27E-03,200,,
1426,Houde and Schekter 1980 ENVIRMTAL BIOL OF FISHES,Pred,3.00,,Aquatic,Marine,Metazoan,Vertebrate,Fish,Clupeiformes,Anchoa mitchilli,Larva B,Metazoan,Invertebrate,Crustacean,Copepod,"Nauplii and copepodites, Small","Oithona nana, Acartia tonsa, and Paracalanus parvus",Composed primarily of these 3 prey species,Mean,N,,26.0,,12,,10000.00,1.50E-02,Original species mass,,3.00E-04,Original species mass,,m^3 per pred per day,1426,0.97,9.91E-04,8.31E-04,1.17E-03,1.31E-03,9.72E-04,1.68E-03,200,,
1427,Houde and Schekter 1980 ENVIRMTAL BIOL OF FISHES,Pred,3.00,,Aquatic,Marine,Metazoan,Vertebrate,Fish,Perciformes,Archosargus rhomboidalis,Larva B,Metazoan,Invertebrate,Crustacean,Copepod,"Nauplii and copepodites, Small","Oithona nana, Acartia tonsa, and Paracalanus parvus",Composed primarily of these 3 prey species,Mean,N,,26.0,,12,,10000.00,1.50E-02,Original species mass,,3.00E-04,Original species mass,,m^3 per pred per day,1427,0.96,5.39E-04,4.38E-04,6.45E-04,1.93E-03,7.89E-04,3.28E-03,200,,
1428,Houde and Schekter 1980 ENVIRMTAL BIOL OF FISHES,Pred,3.00,,Aquatic,Marine,Metazoan,Vertebrate,Fish,Pleuronectiformes,Achirus lineatus,Larva B,Metazoan,Invertebrate,Crustacean,Copepod,"Nauplii and copepodites, Small","Oithona nana, Acartia tonsa, and Paracalanus parvus",Composed primarily of these 3 prey species,Mean,N,,28.0,,12,,10000.00,1.50E-02,Original species mass,,3.00E-04,Original species mass,,m^3 per pred per day,1428,0.98,3.70E-04,3.31E-04,4.09E-04,1.21E-10,1.03E-12,4.74E-04,200,,
1429,Houde and Schekter 1980 ENVIRMTAL BIOL OF FISHES,Pred,3.00,,Aquatic,Marine,Metazoan,Vertebrate,Fish,Clupeiformes,Anchoa mitchilli,Larva C,Metazoan,Invertebrate,Crustacean,Copepod,"Nauplii and copepodites, Small","Oithona nana, Acartia tonsa, and Paracalanus parvus",Composed primarily of these 3 prey species,Mean,N,,26.0,,12,,10000.00,1.00E-02,Original species mass,,3.00E-04,Original species mass,,m^3 per pred per day,1429,0.96,5.54E-04,4.53E-04,6.64E-04,3.12E-03,2.42E-03,3.94E-03,200,,
1430,Houde and Schekter 1980 ENVIRMTAL BIOL OF FISHES,Pred,3.00,,Aquatic,Marine,Metazoan,Vertebrate,Fish,Perciformes,Archosargus rhomboidalis,Larva C,Metazoan,Invertebrate,Crustacean,Copepod,"Nauplii and copepodites, Small","Oithona nana, Acartia tonsa, and Paracalanus parvus",Composed primarily of these 3 prey species,Mean,N,,26.0,,12,,10000.00,1.00E-02,Original species mass,,3.00E-04,Original species mass,,m^3 per pred per day,1430,0.90,3.86E-04,3.07E-04,4.92E-04,5.51E-03,2.87E-03,7.85E-03,200,,
1431,Houde and Schekter 1980 ENVIRMTAL BIOL OF FISHES,Pred,3.00,,Aquatic,Marine,Metazoan,Vertebrate,Fish,Pleuronectiformes,Achirus lineatus,Larva C,Metazoan,Invertebrate,Crustacean,Copepod,"Nauplii and copepodites, Small","Oithona nana, Acartia tonsa, and Paracalanus parvus",Composed primarily of these 3 prey species,Mean,N,,28.0,,12,,10000.00,1.00E-02,Original species mass,,3.00E-04,Original species mass,,m^3 per pred per day,1431,0.97,2.17E-04,1.86E-04,2.53E-04,1.10E-03,9.98E-11,2.23E-03,200,,
1432,Houde and Schekter 1980 ENVIRMTAL BIOL OF FISHES,Pred,3.00,,Aquatic,Marine,Metazoan,Vertebrate,Fish,Clupeiformes,Anchoa mitchilli,Larva D,Metazoan,Invertebrate,Crustacean,Copepod,"Nauplii and copepodites, Large","Oithona nana, Acartia tonsa, and Paracalanus parvus",Composed primarily of these 3 prey species,Mean,N,,26.0,,12,,10000.00,2.00E-01,Original species mass,,3.00E-04,Original species mass,,m^3 per pred per day,1432,0.97,7.10E-03,6.28E-03,8.44E-03,6.18E-04,5.39E-04,7.12E-04,200,,
1433,Houde and Schekter 1980 ENVIRMTAL BIOL OF FISHES,Pred,3.00,,Aquatic,Marine,Metazoan,Vertebrate,Fish,Perciformes,Archosargus rhomboidalis,Larva D,Metazoan,Invertebrate,Crustacean,Copepod,"Nauplii and copepodites, Large","Oithona nana, Acartia tonsa, and Paracalanus parvus",Composed primarily of these 3 prey species,Mean,N,,26.0,,12,,10000.00,2.00E-01,Original species mass,,3.00E-04,Original species mass,,m^3 per pred per day,1433,0.70,5.66E-03,4.83E-03,6.87E-03,1.82E-03,1.59E-03,2.16E-03,200,,
1434,Houde and Schekter 1980 ENVIRMTAL BIOL OF FISHES,Pred,3.00,,Aquatic,Marine,Metazoan,Vertebrate,Fish,Pleuronectiformes,Achirus lineatus,Larva D,Metazoan,Invertebrate,Crustacean,Copepod,"Nauplii and copepodites, Large","Oithona nana, Acartia tonsa, and Paracalanus parvus",Composed primarily of these 3 prey species,Mean,N,,28.0,,12,,10000.00,2.00E-01,Original species mass,,3.00E-04,Original species mass,,m^3 per pred per day,1434,0.96,2.71E-03,2.32E-03,3.20E-03,1.28E-03,1.09E-03,1.55E-03,200,,
1435,Houde and Schekter 1980 ENVIRMTAL BIOL OF FISHES,Pred,3.00,,Aquatic,Marine,Metazoan,Vertebrate,Fish,Clupeiformes,Anchoa mitchilli,Larva E,Metazoan,Invertebrate,Crustacean,Copepod,"Nauplii and copepodites, Large","Oithona nana, Acartia tonsa, and Paracalanus parvus",Composed primarily of these 3 prey species,Mean,N,,26.0,,12,,10000.00,1.00E-01,Original species mass,,3.00E-04,Original species mass,,m^3 per pred per day,1435,0.97,4.13E-03,3.60E-03,4.68E-03,8.26E-04,7.09E-04,9.84E-04,200,,
1436,Houde and Schekter 1980 ENVIRMTAL BIOL OF FISHES,Pred,3.00,,Aquatic,Marine,Metazoan,Vertebrate,Fish,Perciformes,Archosargus rhomboidalis,Larva E,Metazoan,Invertebrate,Crustacean,Copepod,"Nauplii and copepodites, Large","Oithona nana, Acartia tonsa, and Paracalanus parvus",Composed primarily of these 3 prey species,Mean,N,,26.0,,12,,10000.00,1.00E-01,Original species mass,,3.00E-04,Original species mass,,m^3 per pred per day,1436,0.80,3.12E-03,2.52E-03,3.72E-03,2.30E-03,1.90E-03,2.73E-03,200,,
1437,Houde and Schekter 1980 ENVIRMTAL BIOL OF FISHES,Pred,3.00,,Aquatic,Marine,Metazoan,Vertebrate,Fish,Pleuronectiformes,Achirus lineatus,Larva E,Metazoan,Invertebrate,Crustacean,Copepod,"Nauplii and copepodites, Large","Oithona nana, Acartia tonsa, and Paracalanus parvus",Composed primarily of these 3 prey species,Mean,N,,28.0,,12,,10000.00,1.00E-01,Original species mass,,3.00E-04,Original species mass,,m^3 per pred per day,1437,0.96,1.77E-03,1.48E-03,2.04E-03,1.54E-03,1.31E-03,1.86E-03,200,,
1438,Houde and Schekter 1980 ENVIRMTAL BIOL OF FISHES,Pred,3.00,,Aquatic,Marine,Metazoan,Vertebrate,Fish,Clupeiformes,Anchoa mitchilli,Larva F,Metazoan,Invertebrate,Crustacean,Copepod,"Nauplii and copepodites, Small","Oithona nana, Acartia tonsa, and Paracalanus parvus",Composed primarily of these 3 prey species,Mean,N,,26.0,,12,,10000.00,5.00E-02,Original species mass,,3.00E-04,Original species mass,,m^3 per pred per day,1438,0.98,4.27E-03,3.76E-03,4.93E-03,6.07E-04,5.08E-04,7.22E-04,200,,
1439,Houde and Schekter 1980 ENVIRMTAL BIOL OF FISHES,Pred,3.00,,Aquatic,Marine,Metazoan,Vertebrate,Fish,Perciformes,Archosargus rhomboidalis,Larva F,Metazoan,Invertebrate,Crustacean,Copepod,"Nauplii and copepodites, Small","Oithona nana, Acartia tonsa, and Paracalanus parvus",Composed primarily of these 3 prey species,Mean,N,,26.0,,12,,10000.00,5.00E-02,Original species mass,,3.00E-04,Original species mass,,m^3 per pred per day,1439,0.92,2.92E-03,2.37E-03,3.51E-03,1.56E-03,1.29E-03,1.92E-03,200,,
1440,Houde and Schekter 1980 ENVIRMTAL BIOL OF FISHES,Pred,3.00,,Aquatic,Marine,Metazoan,Vertebrate,Fish,Pleuronectiformes,Achirus lineatus,Larva F,Metazoan,Invertebrate,Crustacean,Copepod,"Nauplii and copepodites, Large","Oithona nana, Acartia tonsa, and Paracalanus parvus",Composed primarily of these 3 prey species,Mean,N,,28.0,,12,,10000.00,5.00E-02,Original species mass,,3.00E-04,Original species mass,,m^3 per pred per day,1440,0.97,8.97E-04,7.73E-04,1.03E-03,1.76E-03,1.32E-03,2.17E-03,200,,
1441,Barnhisel and Kerfoot 2004 J OF GREAT LAKES RSRCH,Pred,3.00,,Aquatic,Fresh,Metazoan,Vertebrate,Fish,Salmoniformes,Salvelinus namaycush,"<1 year old, Small",Metazoan,Invertebrate,Crustacean,Cladoceran,Daphnia,Daphnia pulicaria,adult,Mean,N,24,11.5,,1,,20000.00,4.20E+03,Original species mass,,6.36E-01,Original species length,Order,m^3 per pred per day,1441,0.98,1.55E+01,1.55E+01,1.55E+01,1.58E-05,1.58E-05,1.58E-05,200,Control/Experience with Bythotrephes,
1442,Barnhisel and Kerfoot 2004 J OF GREAT LAKES RSRCH,Pred,3.00,,Aquatic,Fresh,Metazoan,Vertebrate,Fish,Salmoniformes,Salvelinus namaycush,"<1 year old, Small",Metazoan,Invertebrate,Crustacean,Cladoceran,Daphnia,Daphnia pulicaria,adult,Mean,N,24,11.5,,1,,20000.00,4.20E+03,Original species mass,,6.36E-01,Original species length,Order,m^3 per pred per day,1442,0.76,1.61E+01,1.61E+01,1.61E+01,2.85E-05,2.85E-05,2.85E-05,200,5 Bythotrephes cederstroemi present/avg length 10mm/adults/prior experience with bythotrephes,
1443,Barnhisel and Kerfoot 2004 J OF GREAT LAKES RSRCH,Pred,3.00,,Aquatic,Fresh,Metazoan,Vertebrate,Fish,Salmoniformes,Salvelinus namaycush,"<1 year old, Small",Metazoan,Invertebrate,Crustacean,Cladoceran,Spiny water flea,Bythotrephes cederstroemi,adult,Mean,N,24,11.5,,1,,20000.00,4.20E+03,Original species mass,,5.18E+00,Original species length,Order,m^3 per pred per day,1443,1.00,8.77E+00,8.76E+00,8.79E+00,1.39E-04,1.38E-04,1.39E-04,200,"20, 40, 60 Daphnia pulicaria present/prior experience with Bythotrephes",
1444,Barnhisel and Kerfoot 2004 J OF GREAT LAKES RSRCH,Pred,3.00,,Aquatic,Fresh,Metazoan,Vertebrate,Fish,Salmoniformes,Salvelinus namaycush,"<1 year old, Small",Metazoan,Invertebrate,Crustacean,Cladoceran,Daphnia,Daphnia pulicaria,adult,Mean,N,24,11.5,,1,,20000.00,4.20E+03,Original species mass,,6.36E-01,Original species length,Order,m^3 per pred per day,1444,0.99,1.04E+01,1.04E+01,1.04E+01,1.66E-05,1.66E-05,1.67E-05,200,10 Bythotrephes cederstroemi present/avg length 10mm/adults/prior experience with bythotrephes,
1445,Barnhisel and Kerfoot 2004 J OF GREAT LAKES RSRCH,Pred,3.00,,Aquatic,Fresh,Metazoan,Vertebrate,Fish,Salmoniformes,Salvelinus namaycush,"<1 year old, Small",Metazoan,Invertebrate,Crustacean,Cladoceran,Spiny water flea,Bythotrephes cederstroemi,adult,Mean,N,24,11.5,,1,,20000.00,4.20E+03,Original species mass,,5.18E+00,Original species length,Order,m^3 per pred per day,1445,0.57,1.71E+01,1.70E+01,1.72E+01,4.98E-04,4.97E-04,4.98E-04,200,"20, 40, 60 Daphnia pulicaria present/prior experience with Bythotrephes",
1446,Barnhisel and Kerfoot 2004 J OF GREAT LAKES RSRCH,Pred,3.00,,Aquatic,Fresh,Metazoan,Vertebrate,Fish,Salmoniformes,Salvelinus namaycush,"<1 year old, Small",Metazoan,Invertebrate,Crustacean,Cladoceran,Daphnia,Daphnia pulicaria,adult,Mean,N,24,11.5,,1,,20000.00,4.20E+03,Original species mass,,6.36E-01,Original species length,Order,m^3 per pred per day,1446,1.00,1.30E+01,1.30E+01,1.31E+01,1.31E-05,1.31E-05,1.32E-05,200,15 Bythotrephes cederstroemi present/avg length 10mm/adults/prior experience with bythotrephes,
1447,Barnhisel and Kerfoot 2004 J OF GREAT LAKES RSRCH,Pred,3.00,,Aquatic,Fresh,Metazoan,Vertebrate,Fish,Salmoniformes,Salvelinus namaycush,"<1 year old, Small",Metazoan,Invertebrate,Crustacean,Cladoceran,Spiny water flea,Bythotrephes cederstroemi,adult,Mean,N,24,11.5,,1,,20000.00,4.20E+03,Original species mass,,5.18E+00,Original species length,Order,m^3 per pred per day,1447,0.98,1.11E+01,1.10E+01,1.11E+01,4.42E-04,4.42E-04,4.43E-04,200,"20, 40, 60 Daphnia pulicaria present/prior experience with Bythotrephes",
1448,Barnhisel and Kerfoot 2004 J OF GREAT LAKES RSRCH,Pred,3.00,,Aquatic,Fresh,Metazoan,Vertebrate,Fish,Salmoniformes,Salvelinus namaycush,"<1 year old, Small",Metazoan,Invertebrate,Crustacean,Cladoceran,Daphnia,Daphnia pulicaria,adult,Mean,N,24,11.5,,1,,20000.00,4.20E+03,Original species mass,,6.36E-01,Original species length,Order,m^3 per pred per day,1448,0.87,1.91E+01,1.91E+01,1.92E+01,5.89E-05,5.88E-05,5.90E-05,200,naïve to Bythotrephes/control,
1449,Barnhisel and Kerfoot 2004 J OF GREAT LAKES RSRCH,Pred,3.00,,Aquatic,Fresh,Metazoan,Vertebrate,Fish,Salmoniformes,Salvelinus namaycush,"<1 year old, Large",Metazoan,Invertebrate,Crustacean,Cladoceran,Daphnia,Daphnia pulicaria,adult,Mean,N,24,11.5,,1,,20000.00,4.80E+03,Original species mass,,6.36E-01,Original species length,Order,m^3 per pred per day,1449,0.98,1.55E+01,1.55E+01,1.55E+01,5.07E-05,5.06E-05,5.07E-05,200,naïve to Bythotrephes/control,
1450,Barnhisel and Kerfoot 2004 J OF GREAT LAKES RSRCH,Pred,3.00,,Aquatic,Fresh,Metazoan,Vertebrate,Fish,Salmoniformes,Salvelinus namaycush,"<1 year old, Small",Metazoan,Invertebrate,Crustacean,Cladoceran,Daphnia,Daphnia pulicaria,adult,Mean,N,24,11.5,,1,,20000.00,4.20E+03,Original species mass,,6.36E-01,Original species length,Order,m^3 per pred per day,1450,0.93,6.86E+00,6.86E+00,6.87E+00,2.78E-05,2.77E-05,2.78E-05,200,"Consumption rate averaged over four densities of Bythotrephes (5, 10, 15, 20)/naïve to Bythotrephes",
1451,Barnhisel and Kerfoot 2004 J OF GREAT LAKES RSRCH,Pred,3.00,,Aquatic,Fresh,Metazoan,Vertebrate,Fish,Salmoniformes,Salvelinus namaycush,"<1 year old, Large",Metazoan,Invertebrate,Crustacean,Cladoceran,Daphnia,Daphnia pulicaria,adult,Mean,N,24,11.5,,1,,20000.00,4.80E+03,Original species mass,,6.36E-01,Original species length,Order,m^3 per pred per day,1451,0.97,4.50E+00,4.50E+00,4.50E+00,6.15E-14,6.15E-14,6.15E-14,200,"Consumption rate averaged over four densities of Bythotrephes (5, 10, 15, 20)/naïve to Bythotrephes",
1452,Ware 1972 J FISH RES BOARD CAN,Pred,3.00,,Aquatic,Fresh,Metazoan,Vertebrate,Fish,Salmoniformes,Oncorhynchus mykiss,Wild caught,Metazoan,Invertebrate,Crustacean,Amphipod,Amphipod,Crangonyx richmondensis,adult,Raw data,N,48,10.0,,1,,227000.00,3.71E+04,Original species length,Species,5.20E+00,Original species mass,,m^3 per pred per day,1452,0.87,7.04E+00,6.71E+00,7.10E+00,2.27E-05,1.00E-08,2.74E-05,200,No substrate,
1453,Ware 1972 J FISH RES BOARD CAN,Pred,3.00,,Aquatic,Fresh,Metazoan,Vertebrate,Fish,Salmoniformes,Oncorhynchus mykiss,Wild caught,Metazoan,Invertebrate,Crustacean,Amphipod,Amphipod,Crangonyx richmondensis,adult,Raw data,N,48,10.0,,1,,227000.00,3.71E+04,Original species length,Species,5.20E+00,Original species mass,,m^3 per pred per day,1453,0.91,5.28E+00,4.59E+00,7.20E+00,1.24E-12,1.19E-12,1.47E-04,200,6% of tank bottom covered with substrate,
1454,Ware 1972 J FISH RES BOARD CAN,Pred,3.00,,Aquatic,Fresh,Metazoan,Vertebrate,Fish,Salmoniformes,Oncorhynchus mykiss,Wild caught,Metazoan,Invertebrate,Crustacean,Amphipod,Amphipod,Crangonyx richmondensis,adult,Raw data,N,48,10.0,,1,,227000.00,3.71E+04,Original species length,Species,5.20E+00,Original species mass,,m^3 per pred per day,1454,0.42,6.41E+00,3.66E+00,1.33E+02,4.60E-04,5.12E-12,1.11E-03,200,10% of tank bottom covered with substrate,
1455,Ware 1972 J FISH RES BOARD CAN,Pred,3.00,,Aquatic,Fresh,Metazoan,Vertebrate,Fish,Salmoniformes,Oncorhynchus mykiss,Wild caught,Metazoan,Invertebrate,Crustacean,Amphipod,Amphipod,Crangonyx richmondensis,juvenile,Raw data,N,48,10.0,,1,,227000.00,3.71E+04,Original species length,Species,1.00E+00,Original species mass,,m^3 per pred per day,1455,0.91,3.13E+00,2.73E+00,7.30E+00,2.90E-12,1.20E-12,5.37E-04,200,10% of tank bottom covered with substrate,
1456,Ware 1972 J FISH RES BOARD CAN,Pred,3.00,,Aquatic,Fresh,Metazoan,Vertebrate,Fish,Salmoniformes,Oncorhynchus mykiss,Wild caught,Metazoan,Invertebrate,Crustacean,Amphipod,Amphipod,Crangonyx richmondensis,adult,Raw data,N,48,10.0,,1,,227000.00,3.71E+04,Original species length,Species,5.20E+00,Original species mass,,m^3 per pred per day,1456,0.92,1.84E+00,1.53E+00,3.12E+00,2.49E-11,1.19E-12,8.18E-04,200,0.4-0.7 mm diameter litter to a depth of 4mm,
1457,Ware 1972 J FISH RES BOARD CAN,Pred,3.00,,Aquatic,Fresh,Metazoan,Vertebrate,Fish,Salmoniformes,Oncorhynchus mykiss,Wild caught,Metazoan,Invertebrate,Crustacean,Amphipod,Amphipod,Hyalella azteca,adult,Raw data,N,48,10.0,,1,,227000.00,3.71E+04,Original species length,Species,1.00E+00,Original species mass,,m^3 per pred per day,1457,1.00,6.36E+00,6.19E+00,6.59E+00,3.08E-13,6.18E-14,2.19E-05,200,No substrate,
1458,Ware 1972 J FISH RES BOARD CAN,Pred,3.00,,Aquatic,Fresh,Metazoan,Vertebrate,Fish,Salmoniformes,Oncorhynchus mykiss,Wild caught,Metazoan,Invertebrate,Crustacean,Amphipod,Amphipod,Hyalella azteca,adult,Raw data,N,48,10.0,,1,,227000.00,3.71E+04,Original species length,Species,1.00E+00,Original species mass,,m^3 per pred per day,1458,0.99,5.20E+00,5.03E+00,5.80E+00,1.03E-06,6.21E-14,6.98E-05,200,6% of tank bottom covered with substrate,
1459,Ware 1972 J FISH RES BOARD CAN,Pred,3.00,,Aquatic,Fresh,Metazoan,Vertebrate,Fish,Salmoniformes,Oncorhynchus mykiss,Wild caught,Metazoan,Invertebrate,Crustacean,Amphipod,Amphipod,Hyalella azteca,adult,Raw data,N,48,10.0,,1,,227000.00,3.71E+04,Original species length,Species,1.00E+00,Original species mass,,m^3 per pred per day,1459,0.95,4.03E+00,3.58E+00,4.58E+00,1.24E-12,1.19E-12,3.65E-05,200,10% of tank bottom covered with substrate,
1460,Ware 1972 J FISH RES BOARD CAN,Pred,3.00,,Aquatic,Fresh,Metazoan,Vertebrate,Fish,Salmoniformes,Oncorhynchus mykiss,Wild caught,Metazoan,Invertebrate,Crustacean,Amphipod,Amphipod,Hyalella azteca,adult,Raw data,N,48,10.0,,1,,227000.00,3.71E+04,Original species length,Species,1.00E+00,Original species mass,,m^3 per pred per day,1460,0.77,8.62E-01,6.40E-01,2.78E+00,2.42E-11,2.21E-11,4.01E-03,200,0.4-0.7 mm diameter litter to a depth of 4mm,
1461,Letcher et al 1997 CJFAS,Pred,3.00,,Aquatic,Fresh,Metazoan,Vertebrate,Fish,Perciformes,Perca fluviatilis,18 days old,Metazoan,Invertebrate,Crustacean,Branchiopod,Brine shrimp,Artemia spp.,,Mean,Y,,22.0,,10,,9000.00,1.05E+01,Original species length,Species,,,,m^3 per pred per day,1461,0.73,6.52E-03,5.20E-03,8.39E-03,1.86E-03,1.69E-03,2.07E-03,200,,
1462,Letcher et al 1997 CJFAS,Pred,3.00,,Aquatic,Fresh,Metazoan,Vertebrate,Fish,Salmoniformes,Coregonus hoyi,3 days old,Metazoan,Invertebrate,Crustacean,Branchiopod,Brine shrimp,Artemia spp.,,Mean,Y,,22.0,,10,,9000.00,1.45E+01,Original species length,Species,,,,m^3 per pred per day,1462,0.61,3.06E-03,2.01E-03,4.84E-03,8.19E-04,5.57E-04,1.08E-03,200,,
1463,Letcher et al 1997 CJFAS,Pred,3.00,,Aquatic,Fresh,Metazoan,Vertebrate,Fish,Clupeiformes,Alosa pseudoharengus,13 days old,Metazoan,Invertebrate,Crustacean,Branchiopod,Brine shrimp,Artemia spp.,,Mean,Y,,22.0,,10,,9000.00,1.42E+01,Original species length,Species,,,,m^3 per pred per day,1463,0.59,2.76E-03,2.24E-03,3.79E-03,1.11E-03,8.30E-04,1.46E-03,200,,
1464,Letcher et al 1997 CJFAS,Pred,3.00,,Aquatic,Fresh,Metazoan,Vertebrate,Fish,Perciformes,Perca fluviatilis,41 days old,Metazoan,Invertebrate,Crustacean,Branchiopod,Brine shrimp,Artemia spp.,,Mean,Y,,22.0,,5,,9000.00,7.23E+01,Original species length,Species,,,,m^3 per pred per day,1464,0.72,2.51E-02,2.17E-02,2.98E-02,3.77E-04,3.46E-04,4.17E-04,200,,
1465,Letcher et al 1997 CJFAS,Pred,3.00,,Aquatic,Fresh,Metazoan,Vertebrate,Fish,Salmoniformes,Coregonus hoyi,28 days old,Metazoan,Invertebrate,Crustacean,Branchiopod,Brine shrimp,Artemia spp.,,Mean,Y,,22.0,,5,,9000.00,1.02E+02,Original species length,Species,,,,m^3 per pred per day,1465,0.68,2.09E-02,1.70E-02,2.59E-02,6.18E-04,5.65E-04,6.77E-04,200,,
1466,Letcher et al 1997 CJFAS,Pred,3.00,,Aquatic,Fresh,Metazoan,Vertebrate,Fish,Clupeiformes,Alosa pseudoharengus,28 days old,Metazoan,Invertebrate,Crustacean,Branchiopod,Brine shrimp,Artemia spp.,,Mean,Y,,22.0,,5,,9000.00,1.00E+02,Original species length,Species,,,,m^3 per pred per day,1466,0.71,1.75E-02,1.45E-02,2.32E-02,8.45E-04,7.85E-04,9.27E-04,200,,
1467,Czesny et al 2001 CANADIAN JOURNAL OF ZOOLOGY,Pred,3.00,,Aquatic,Fresh,Metazoan,Vertebrate,Fish,Perciformes,Sander vitreus,Young of the year,Metazoan,Vertebrate,Fish,Cyprinidae,Carp,Cyprinus carpio,Larva,Mean,N,12,,,1,,30000.00,1.42E+02,Original species length,Species,1.89E+00,Original speices mass,,m^3 per pred per day,1467,0.44,6.92E+00,5.21E+00,9.61E+00,4.69E-04,4.23E-04,5.14E-04,200,,
1468,Czesny et al 2001 CANADIAN JOURNAL OF ZOOLOGY,Pred,3.00,,Aquatic,Fresh,Metazoan,Vertebrate,Fish,Perciformes,Sander vitreus,Young of the year,Metazoan,Vertebrate,Fish,Cyprinidae,Carp,Cyprinus carpio,Larva,Mean,N,12,,,1,,30000.00,1.42E+02,Original species length,Species,1.89E+00,Original speices mass,,m^3 per pred per day,1468,0.63,1.75E+00,9.39E-01,3.10E+00,6.09E-04,3.81E-04,7.46E-04,200,Daphnia pulex present at a density of 30 individuals per Liter (900 individuals per tank),
1469,Munk and Kiørboe 1985 MARINE ECOLOGY PROGRESS SERIES,Pred,3.00,,Aquatic,Marine,Metazoan,Vertebrate,Fish,Clupeiformes,Clupea harengus,"Juvenile, Small",Metazoan,Invertebrate,Crustacean,Copepod,Marine copepod,Acartia tonsa,6 days old/Stage 3-5,Mean,Y,,8.3,,"9 pred per tank at 7.5 and 15 prey per liter, 12 pred per tank at 30 and 60 prey per liter, 21 pred per tank at 120 and 360 prey per liter",,172000.00,8.61E+00,Original species length,Species,1.70E-04,Original speices mass,,m^3 per pred per day,1469,0.07,2.93E-01,2.07E-01,4.20E-01,7.60E-04,6.84E-04,8.30E-04,200,,
1470,Munk and Kiørboe 1985 MARINE ECOLOGY PROGRESS SERIES,Pred,3.00,,Aquatic,Marine,Metazoan,Vertebrate,Fish,Clupeiformes,Clupea harengus,"Juvenile, Medium",Metazoan,Invertebrate,Crustacean,Copepod,Marine copepod,Acartia tonsa,6 days old/Stage 3-5,Mean,Y,,8.3,,"9 pred per tank at 7.5 and 15 prey per liter, 12 pred per tank at 30 and 60 prey per liter, 21 pred per tank at 120 and 360 prey per liter",,172000.00,1.01E+01,Original species length,Species,1.70E-04,Original speices mass,,m^3 per pred per day,1470,0.11,3.14E-01,2.52E-01,3.90E-01,6.66E-04,6.22E-04,7.10E-04,200,,
1471,Munk and Kiørboe 1985 MARINE ECOLOGY PROGRESS SERIES,Pred,3.00,,Aquatic,Marine,Metazoan,Vertebrate,Fish,Clupeiformes,Clupea harengus,"Juvenile, Large",Metazoan,Invertebrate,Crustacean,Copepod,Marine copepod,Acartia tonsa,6 days old/Stage 3-5,Mean,Y,,8.3,,9,,172000.00,1.21E+01,Original species length,Species,1.70E-04,Original speices mass,,m^3 per pred per day,1471,0.05,2.93E-01,1.52E-01,1.99E+00,1.32E-03,9.10E-04,1.78E-03,200,,
1472,Cowan et al 2016 CORAL REEFS,Pred,3.00,,Aquatic,Marine,Metazoan,Vertebrate,Fish,Perciformes,Acanthochromis polyacanthus,Wild caught,Metazoan,Invertebrate,Echinoderm,,Crown of Thorns Starfish,Acanthaster spp.,Bipinnaria Stage larvae,Mean,N,24,27.1,,1,,10000.00,1.91E+04,Original species mass,,,,,m^3 per pred per day,1472,0.47,1.31E-01,1.02E-01,2.09E-01,4.94E-10,2.37E-11,4.83E-04,200,,
1473,Cowan et al 2016 CORAL REEFS,Pred,3.00,,Aquatic,Marine,Metazoan,Vertebrate,Fish,Perciformes,Abudefduf sexfasciatus,Wild caught,Metazoan,Invertebrate,Echinoderm,,Crown of Thorns Starfish,Acanthaster spp.,Bipinnaria Stage larvae,Mean,N,24,27.1,,1,,10000.00,3.56E+04,Original species mass,,,,,m^3 per pred per day,1473,0.56,4.59E-01,2.58E-01,7.06E-01,6.32E-04,3.18E-04,9.27E-04,200,,
1474,Cowan et al 2016 CORAL REEFS,Pred,3.00,,Aquatic,Marine,Metazoan,Vertebrate,Fish,Perciformes,Chromis atripectoralis,Wild caught,Metazoan,Invertebrate,Echinoderm,,Crown of Thorns Starfish,Acanthaster spp.,Bipinnaria Stage larvae,Mean,N,24,27.1,,1,,10000.00,5.63E+03,Original species mass,,,,,m^3 per pred per day,1474,0.49,1.77E-01,8.70E-02,3.52E-01,1.28E-03,8.62E-05,2.22E-03,200,,
1475,Cowan et al 2016 CORAL REEFS,Pred,3.00,,Aquatic,Marine,Metazoan,Vertebrate,Fish,Perciformes,Chromis viridis,Wild caught,Metazoan,Invertebrate,Echinoderm,,Crown of Thorns Starfish,Acanthaster spp.,Bipinnaria Stage larvae,Mean,N,24,27.1,,1,,10000.00,4.54E+03,Original species mass,,,,,m^3 per pred per day,1475,0.26,6.19E-01,3.72E-01,9.79E-01,2.47E-03,1.88E-03,3.01E-03,200,,
1476,Cowan et al 2016 CORAL REEFS,Pred,3.00,,Aquatic,Marine,Metazoan,Vertebrate,Fish,Perciformes,Chrysiptera rollandi,Wild caught,Metazoan,Invertebrate,Echinoderm,,Crown of Thorns Starfish,Acanthaster spp.,Bipinnaria Stage larvae,Mean,N,24,27.1,,1,,10000.00,1.18E+03,Original species mass,,,,,m^3 per pred per day,1476,0.57,4.74E-01,2.59E-01,7.57E-01,4.84E-04,2.29E-04,6.66E-04,200,,
1477,Cowan et al 2016 CORAL REEFS,Pred,3.00,,Aquatic,Marine,Metazoan,Vertebrate,Fish,Perciformes,Dascyllus aruanus,Wild caught,Metazoan,Invertebrate,Echinoderm,,Crown of Thorns Starfish,Acanthaster spp.,Bipinnaria Stage larvae,Mean,N,24,27.1,,1,,10000.00,3.55E+03,Original species mass,,,,,m^3 per pred per day,1477,0.78,4.24E-01,3.29E-01,5.33E-01,1.77E-04,1.24E-04,2.42E-04,200,,
1478,Cowan et al 2016 CORAL REEFS,Pred,3.00,,Aquatic,Marine,Metazoan,Vertebrate,Fish,Perciformes,Dascyllus reticulatus,Wild caught,Metazoan,Invertebrate,Echinoderm,,Crown of Thorns Starfish,Acanthaster spp.,Bipinnaria Stage larvae,Mean,N,24,27.1,,1,,10000.00,4.79E+03,Original species mass,,,,,m^3 per pred per day,1478,0.70,4.43E-01,2.88E-01,6.66E-01,4.92E-04,3.20E-04,6.45E-04,200,,
1479,Cowan et al 2016 CORAL REEFS,Pred,3.00,,Aquatic,Marine,Metazoan,Vertebrate,Fish,Perciformes,Neopomacentrus azysron,Wild caught,Metazoan,Invertebrate,Echinoderm,,Crown of Thorns Starfish,Acanthaster spp.,Bipinnaria Stage larvae,Mean,N,24,27.1,,1,,10000.00,3.81E+03,Original species mass,,,,,m^3 per pred per day,1479,0.43,2.72E-01,9.72E-02,5.52E-01,1.07E-03,4.95E-10,1.81E-03,200,,
1480,Cowan et al 2016 CORAL REEFS,Pred,3.00,,Aquatic,Marine,Metazoan,Vertebrate,Fish,Perciformes,Pomacentrus moluccensis,Wild caught,Metazoan,Invertebrate,Echinoderm,,Crown of Thorns Starfish,Acanthaster spp.,Bipinnaria Stage larvae,Mean,N,24,27.1,,1,,10000.00,3.65E+03,Original species mass,,,,,m^3 per pred per day,1480,0.61,5.08E-01,3.43E-01,7.19E-01,5.29E-04,2.92E-04,7.26E-04,200,,
1481,Cowan et al 2016 CORAL REEFS,Pred,3.00,,Aquatic,Marine,Metazoan,Vertebrate,Fish,Perciformes,Amblyglyphidodon curacao,Wild caught,Metazoan,Invertebrate,Echinoderm,,Crown of Thorns Starfish,Acanthaster spp.,Bipinnaria Stage larvae,Mean,N,24,27.1,,1,,10000.00,1.88E+04,Original species mass,,,,,m^3 per pred per day,1481,0.70,4.65E-01,3.08E-01,6.47E-01,3.74E-04,2.20E-04,5.11E-04,200,,
1482,Cowan et al 2016 CORAL REEFS,Pred,3.00,,Aquatic,Marine,Metazoan,Vertebrate,Fish,Perciformes,Pomacentrus amboinensis,Wild caught,Metazoan,Invertebrate,Echinoderm,,Crown of Thorns Starfish,Acanthaster spp.,Bipinnaria Stage larvae,Mean,N,24,27.1,,1,,10000.00,8.28E+03,Original species mass,,,,,m^3 per pred per day,1482,0.85,2.24E-01,1.66E-01,3.11E-01,1.43E-04,6.14E-05,2.21E-04,200,,
1483,Fitzsimons et al 2006 J OF GREAT LAKES RSRCH,Pred,3.00,,Aquatic,Fresh,Metazoan,Vertebrate,Fish,Perciformes,Neogobius melanostomus,Wild caught,Metazoan,Vertebrate,Fish,Salmonidae,Lake trout,Salvelinus namaycush,Egg,Mean,N,24,11.0,,1,,16000.00,9.06E+03,Original species length,Species,4.93E-01,Original species length,Species,m^3 per pred per day,1483,0.22,1.64E-03,1.31E-03,1.93E-03,3.29E-01,2.83E-01,3.83E-01,200,,
1484,Fitzsimons et al 2006 J OF GREAT LAKES RSRCH,Pred,3.00,,Aquatic,Fresh,Metazoan,Vertebrate,Fish,Scorpaeniformes,Cottus cognatus,Wild caught,Metazoan,Vertebrate,Fish,Salmonidae,Lake trout,Salvelinus namaycush,Egg,Mean,N,24,11.0,,1,,16000.00,7.92E+03,Original species length,Species,4.93E-01,Original species length,Species,m^3 per pred per day,1484,0.26,2.27E-03,1.44E-03,3.79E-03,5.83E-01,5.17E-01,6.58E-01,200,,
1485,Hyatt 1980 PHD THESIS UNIVERSITY OF BRITISH COLUMBIA,Pred,3.00,,Aquatic,Fresh,Metazoan,Vertebrate,Fish,Salmoniformes,Oncorhynchus mykiss,"Juvenile, wild caught",Metazoan,Invertebrate,Crustacean,Cladoceran,Daphnia,Daphnia pulex,,Mean,N,72,10.0,,1,,195000.00,3.42E+04,Original species length,Species,6.36E-01,Original species length,Order,m^3 per pred per day,1485,0.77,5.83E+01,3.89E+01,8.84E+01,1.50E-05,8.38E-06,2.15E-05,200,,
1486,Hyatt 1980 PHD THESIS UNIVERSITY OF BRITISH COLUMBIA,Pred,3.00,,Aquatic,Fresh,Metazoan,Vertebrate,Fish,Salmoniformes,Oncorhynchus nerka,"Juvenile, wild caught",Metazoan,Invertebrate,Crustacean,Cladoceran,Daphnia,Daphnia pulex,,Mean,N,72,10.0,,1,,195000.00,1.00E+06,Original species length,Genus,6.36E-01,Original species length,Order,m^3 per pred per day,1486,0.52,1.36E+02,6.44E+01,4.10E+02,1.01E-05,5.57E-06,1.46E-05,200,,
1487,De Figueiredo et al 2007 J OF THE MARINE BIOL ASSOC OF THE UK,Pred,3.00,,Aquatic,Marine,Metazoan,Vertebrate,Fish,Pleuronectiformes,Platichthys flesus,"Juvenile, 10-13 days post hatch",Unicell,Protozoan,Ciliate,,Ciliate,Euplotes sp.,,Raw data,N,4,11.0,,5,,1000.00,8.65E-01,Original species length,Species,,,,m^3 per pred per day,1487,0.35,7.70E-04,4.21E-04,2.01E-03,2.60E-05,3.09E-12,6.25E-05,200,Weights are mgs of Carbon,
1488,Wright et al 1993 ENVIRONMENTAL BIOL OF FISHES,Pred,3.00,,Aquatic,Marine,Metazoan,Vertebrate,Fish,Pleuronectiformes,Paralichthys lethostigma,Wild caught between May 5 and 23,Metazoan,Vertebrate,Fish,Sciaenidae,Spot,Leiostomus xanthurus,"Wild caught between May 5 and 23, Small",Mean,N,48,26.0,,1,,3937500.00,2.88E+04,Original species length,Species,2.06E+02,Original species length,Species,m^3 per pred per day,1488,0.42,1.17E+00,6.69E-01,2.80E+00,1.01E-01,2.52E-02,1.79E-01,200,,
1489,Wright et al 1993 ENVIRONMENTAL BIOL OF FISHES,Pred,3.00,,Aquatic,Marine,Metazoan,Vertebrate,Fish,Pleuronectiformes,Paralichthys lethostigma,Wild caught between May 28 and June 16,Metazoan,Vertebrate,Fish,Sciaenidae,Spot,Leiostomus xanthurus,"Wild caught between May 28 and June 16, Large",Mean,N,48,27.0,,1,,3937500.00,2.88E+04,Original species length,Species,2.06E+02,Original species length,Species,m^3 per pred per day,1489,0.53,6.55E-01,2.94E-01,1.28E+00,1.06E-01,1.49E-02,1.72E-01,200,,
1490,Barrios-O'Neill et al 2014 J OF ANIMAL ECOL,Pred,3.00,,Aquatic,Fresh,Metazoan,Vertebrate,Fish,Gasterosteiformes,Gasterosteus aculeatus,,Metazoan,Invertebrate,Crustacean,Cladoceran,Water flea,Daphnia magna,,Mean,N,24,12.0,,1,,4000.00,7.64E+02,Original species mass,,2.90E+00,Original species mass,,m^3 per pred per day,1490,0.75,2.12E-02,1.34E-02,3.49E-02,1.03E-02,6.10E-03,1.56E-02,200,"Data is from line, not points",
1491,Munk 1995 MARINE BIOLOGY,Pred,3.00,,Aquatic,Marine,Metazoan,Vertebrate,Fish,Gadiformes,Gadus morhua,"Larva, Large",Metazoan,Invertebrate,Crustacean,Copepod,Marine copepod,Acartia tonsa,Nauplii,Mean,Y,,8.0,,1,,172000.00,1.97E+00,Original species length,Species,1.25E-03,Original species length,Order,m^3 per pred per day,1491,0.76,9.69E-02,8.07E-02,1.20E-01,1.30E-03,1.20E-03,1.44E-03,200,,
1492,Munk 1995 MARINE BIOLOGY,Pred,3.00,,Aquatic,Marine,Metazoan,Vertebrate,Fish,Gadiformes,Gadus morhua,"Larva, Small",Metazoan,Invertebrate,Crustacean,Copepod,Marine copepod,Acartia tonsa,Nauplii,Mean,Y,,8.0,,1,,172000.00,1.26E+00,Original species length,Species,1.25E-03,Original species length,Order,m^3 per pred per day,1492,0.67,1.60E-01,1.15E-01,2.01E-01,1.47E-03,1.34E-03,1.60E-03,200,,
1493,Wasserman et al 2016 FUNCTIONAL ECOLOGY,Pred,3.00,,Aquatic,Fresh,Metazoan,Vertebrate,Fish,Perciformes,Lepomis macrochirus,Wild caught,Metazoan,Vertebrate,Fish,Cichlidae,Mozambique tilapia,Oreochromis mossambicus,,Mean,N,2,18.0,,1,,26000.00,9.06E+03,Original species length,Species,2.88E+01,Original species length,Species,m^3 per pred per day,1493,0.72,7.24E-01,6.31E-01,8.34E-01,2.68E-03,2.38E-03,2.97E-03,200,,
1494,Wasserman et al 2016 FUNCTIONAL ECOLOGY,Pred,3.00,,Aquatic,Fresh,Metazoan,Vertebrate,Fish,Perciformes,Pseudocrenilabrus philander,Wild caught,Metazoan,Vertebrate,Fish,Cichlidae,Mozambique tilapia,Oreochromis mossambicus,,Mean,N,2,18.0,,1,,26000.00,7.30E+03,Original species length,Species,2.88E+01,Original species length,Species,m^3 per pred per day,1494,0.84,8.01E-01,7.18E-01,8.76E-01,1.81E-03,1.65E-03,1.94E-03,200,,
1495,Wasserman et al 2016 FUNCTIONAL ECOLOGY,Pred,3.00,,Aquatic,Fresh,Metazoan,Vertebrate,Fish,Perciformes,Tilapia sparrmanii,Wild caught,Metazoan,Vertebrate,Fish,Cichlidae,Mozambique tilapia,Oreochromis mossambicus,,Mean,N,2,18.0,,1,,26000.00,7.19E+03,Original species length,Species,2.88E+01,Original species length,Species,m^3 per pred per day,1495,0.72,4.55E-01,4.11E-01,5.06E-01,3.95E-03,3.58E-03,4.40E-03,200,,
1496,Wasserman et al 2016 FUNCTIONAL ECOLOGY,Pred,3.00,,Aquatic,Fresh,Metazoan,Vertebrate,Fish,Perciformes,Lepomis macrochirus,Wild caught,Metazoan,Vertebrate,Fish,Cichlidae,Mozambique tilapia,Oreochromis mossambicus,,Mean,N,2,18.0,,2,,26000.00,9.06E+03,Original species length,Species,2.88E+01,Original species length,Species,m^3 per pred per day,1496,0.86,4.70E-01,4.25E-01,5.21E-01,3.26E-03,2.97E-03,3.53E-03,200,,
1497,Wasserman et al 2016 FUNCTIONAL ECOLOGY,Pred,3.00,,Aquatic,Fresh,Metazoan,Vertebrate,Fish,Perciformes,Pseudocrenilabrus philander,Wild caught,Metazoan,Vertebrate,Fish,Cichlidae,Mozambique tilapia,Oreochromis mossambicus,,Mean,N,2,18.0,,2,,26000.00,7.30E+03,Original species length,Species,2.88E+01,Original species length,Species,m^3 per pred per day,1497,0.77,1.77E-01,1.42E-01,2.14E-01,5.01E-03,3.92E-03,6.03E-03,200,,
1498,Wasserman et al 2016 FUNCTIONAL ECOLOGY,Pred,3.00,,Aquatic,Fresh,Metazoan,Vertebrate,Fish,Perciformes,Tilapia sparrmanii,Wild caught,Metazoan,Vertebrate,Fish,Cichlidae,Mozambique tilapia,Oreochromis mossambicus,,Mean,N,2,18.0,,2,,26000.00,7.19E+03,Original species length,Species,2.88E+01,Original species length,Species,m^3 per pred per day,1498,0.63,3.07E-01,2.60E-01,3.78E-01,8.14E-03,7.00E-03,9.12E-03,200,,
1499,Oyugi et al 2012 J OF THERMAL BIOLOGY,Pred,3.00,,Aquatic,Fresh,Metazoan,Vertebrate,Fish,Cypriniformes,Cyprinus carpio,"Juvenile, age 1",Non living food,Non living food,Non living food,,fish-meal-based pellets,,pellets,Mean,N,,16.0,,3,,45000.00,2.15E+04,Original species mass,,,,,m^3 per pred per day,1499,0.85,1.04E+02,9.05E+01,1.27E+02,2.40E-05,2.27E-05,2.53E-05,200,,
1500,Oyugi et al 2012 J OF THERMAL BIOLOGY,Pred,3.00,,Aquatic,Fresh,Metazoan,Vertebrate,Fish,Cypriniformes,Cyprinus carpio,"Juvenile, age 1",Non living food,Non living food,Non living food,,fish-meal-based pellets,,pellets,Mean,N,,20.0,,3,,45000.00,2.15E+04,Original species mass,,,,,m^3 per pred per day,1500,0.21,4.84E+02,3.00E+02,9.50E+02,2.94E-05,2.80E-05,3.04E-05,200,,
1501,Oyugi et al 2012 J OF THERMAL BIOLOGY,Pred,3.00,,Aquatic,Fresh,Metazoan,Vertebrate,Fish,Cypriniformes,Cyprinus carpio,"Juvenile, age 1",Non living food,Non living food,Non living food,,fish-meal-based pellets,,pellets,Mean,N,,24.0,,3,,45000.00,2.15E+04,Original species mass,,,,,m^3 per pred per day,1501,0.64,1.69E+02,1.46E+02,2.03E+02,2.05E-05,1.95E-05,2.15E-05,200,,
1502,Oyugi et al 2012 J OF THERMAL BIOLOGY,Pred,3.00,,Aquatic,Fresh,Metazoan,Vertebrate,Fish,Cypriniformes,Cyprinus carpio,"Juvenile, age 1",Non living food,Non living food,Non living food,,fish-meal-based pellets,,pellets,Mean,N,,28.0,,3,,45000.00,2.15E+04,Original species mass,,,,,m^3 per pred per day,1502,0.38,2.41E+02,1.81E+02,3.23E+02,2.31E-05,2.19E-05,2.41E-05,200,,
1503,Oyugi et al 2012 J OF THERMAL BIOLOGY,Pred,3.00,,Aquatic,Fresh,Metazoan,Vertebrate,Fish,Cypriniformes,Cyprinus carpio,"Juvenile, age 1",Metazoan,Invertebrate,Insect,Diptera,maggots,,Dead,Mean,N,,16.0,,3,,45000.00,2.15E+04,Original species mass,,3.67E+01,Original order mass,,m^3 per pred per day,1503,0.15,6.46E+02,3.39E+02,2.59E+03,4.19E-05,4.02E-05,4.38E-05,200,,
1504,De Villemereuil and López-Sepulcre 2011 ECOL MOD,Pred,3.00,,Aquatic,Fresh,Metazoan,Vertebrate,Fish,Cyprinodontiformes,Poecilia reticulata,Origin in an area with High Predation,Metazoan,Invertebrate,Insect,Ephemeroptera,Mayflies,,Dead,Raw data,Y,,,,1,,10000.00,7.50E+01,Original species length,Species,8.69E-03,Original order length,Order,m^3 per pred per day,1504,0.89,1.53E+01,1.22E+01,2.00E+01,1.29E-04,1.02E-04,1.58E-04,200,,
1505,De Villemereuil and López-Sepulcre 2011 ECOL MOD,Pred,3.00,,Aquatic,Fresh,Metazoan,Vertebrate,Fish,Cyprinodontiformes,Poecilia reticulata,Origin in an area with High Predation,Metazoan,Invertebrate,Insect,Ephemeroptera,Mayflies,,Dead,Raw data,Y,,,,1,,10000.00,7.50E+01,Original species length,Species,8.69E-03,Original order length,Order,m^3 per pred per day,1505,0.71,1.55E+01,9.29E+00,3.05E+01,1.83E-04,1.05E-04,3.09E-04,200,"Size-matched killifish, Rivulus hartii, present",
1506,De Villemereuil and López-Sepulcre 2011 ECOL MOD,Pred,3.00,,Aquatic,Fresh,Metazoan,Vertebrate,Fish,Cyprinodontiformes,Poecilia reticulata,Origin in an area with High Predation,Metazoan,Invertebrate,Insect,Ephemeroptera,Mayflies,,Dead,Raw data,Y,,,,1,,10000.00,7.50E+01,Original species length,Species,8.69E-03,Original order length,Order,m^3 per pred per day,1506,0.85,1.01E+01,7.00E+00,1.46E+01,1.84E-04,6.58E-05,2.76E-04,200,,
1507,De Villemereuil and López-Sepulcre 2011 ECOL MOD,Pred,3.00,,Aquatic,Fresh,Metazoan,Vertebrate,Fish,Cyprinodontiformes,Poecilia reticulata,"Medium, Origin in an area with High Predation",Metazoan,Invertebrate,Insect,Ephemeroptera,Mayflies,,Dead,Raw data,Y,,,,1,,10000.00,7.50E+01,Original species length,Species,8.69E-03,Original order length,Order,m^3 per pred per day,1507,0.93,1.51E+01,1.23E+01,1.81E+01,9.00E-05,6.26E-05,1.12E-04,200,"Size-matched killifish, Rivulus hartii, present",
1508,De Villemereuil and López-Sepulcre 2011 ECOL MOD,Pred,3.00,,Aquatic,Fresh,Metazoan,Vertebrate,Fish,Cyprinodontiformes,Poecilia reticulata,"Large, Origin in an area with High Predation",Metazoan,Invertebrate,Insect,Ephemeroptera,Mayflies,,Dead,Raw data,Y,,,,1,,10000.00,7.50E+01,Original species length,Species,8.69E-03,Original order length,Order,m^3 per pred per day,1508,0.78,1.57E+01,1.11E+01,2.69E+01,1.66E-04,1.21E-04,2.66E-04,200,"Size-matched killifish, Rivulus hartii, present",
1509,De Villemereuil and López-Sepulcre 2011 ECOL MOD,Pred,3.00,,Aquatic,Fresh,Metazoan,Vertebrate,Fish,Cyprinodontiformes,Poecilia reticulata,"Small, Origin in an area with High Predation",Metazoan,Invertebrate,Insect,Ephemeroptera,Mayflies,,Dead,Raw data,Y,,,,2,,10000.00,5.49E+01,Original species length,Species,8.69E-03,Original order length,Order,m^3 per pred per day,1509,0.81,1.15E+01,7.92E+00,1.59E+01,1.84E-04,1.10E-04,2.36E-04,200,Size-matched guppy present,
1510,De Villemereuil and López-Sepulcre 2011 ECOL MOD,Pred,3.00,,Aquatic,Fresh,Metazoan,Vertebrate,Fish,Cyprinodontiformes,Anablepsoides hartii,"Medium, Origin in an area with High Predation",Metazoan,Invertebrate,Insect,Ephemeroptera,Mayflies,,Dead,Raw data,Y,,,,1,,10000.00,2.58E+02,Original species length,Species,8.69E-03,Original order length,Order,m^3 per pred per day,1510,0.79,1.23E+01,7.42E+00,1.99E+01,1.04E-04,4.89E-05,2.00E-04,200,,
1511,De Villemereuil and López-Sepulcre 2011 ECOL MOD,Pred,3.00,,Aquatic,Fresh,Metazoan,Vertebrate,Fish,Cyprinodontiformes,Anablepsoides hartii,"Medium, Origin in an area with Low Predation",Metazoan,Invertebrate,Insect,Ephemeroptera,Mayflies,,Dead,Raw data,Y,,,,1,,10000.00,2.58E+02,Original species length,Species,8.69E-03,Original order length,Order,m^3 per pred per day,1511,0.78,1.61E+01,1.03E+01,2.35E+01,1.43E-04,9.34E-05,1.88E-04,200,,
1512,Kroetz and Powers 2015 ENV BIOL FISHES,Pred,2.00,,Aquatic,Marine,Metazoan,Vertebrate,Fish,Carcharhiniformes,Sphyrna tiburo,Wild caught,Metazoan,Invertebrate,Crustacean,Decapod,Brown shrimp,Farfantepenaeus aztecus,,Mean,N,24,29.4,,1,235619.45,23561944.90,2.77E+06,Original species length,Species,9.20E+03,Original species mass,,m^2 per pred per day,1512,0.28,2.15E+01,1.06E+01,5.84E+01,8.44E-02,2.82E-08,1.59E-01,200,Four 1 m2 panels of artificial sea grass in experimental arena,
1513,Gibson and Ezzi 1992 J OF FISH BIOLOGY,Pred,3.00,,Aquatic,Marine,Metazoan,Vertebrate,Fish,Clupeiformes,Clupea harengus,,Metazoan,Invertebrate,Crustacean,Copepod,copepod,Calanus finmarchicus,nauplii,Raw data,N,40,,,20,,,3.41E+04,Original species length,Species,3.89E-02,Average species mass,,m^3 per pred per day,1513,0.99,6.65E+00,6.35E+00,7.31E+00,4.38E-14,2.42E-14,5.87E-07,200,Feeding done through filtration only,
1514,Gibson and Ezzi 1992 J OF FISH BIOLOGY,Pred,3.00,,Aquatic,Marine,Metazoan,Vertebrate,Fish,Clupeiformes,Clupea harengus,,Metazoan,Invertebrate,Crustacean,Branchiopod,Brine shrimp,Artemia spp.,nauplii,Raw data,N,40,,,20,,,3.41E+04,Original species length,Species,,,,m^3 per pred per day,1514,0.54,4.42E+00,2.69E+00,8.05E+00,5.50E-07,7.22E-14,1.36E-06,200,Feeding done through filtration only,
1515,Gibson and Ezzi 1992 J OF FISH BIOLOGY,Pred,3.00,,Aquatic,Marine,Metazoan,Vertebrate,Fish,Clupeiformes,Clupea harengus,,Metazoan,Invertebrate,Crustacean,Branchiopod,Brine shrimp,Artemia spp.,medium Artemia,Raw data,N,40,,,20,,,3.41E+04,Original species length,Species,,,,m^3 per pred per day,1515,0.83,6.12E+00,5.44E+00,7.87E+00,5.91E-14,2.32E-14,3.17E-07,200,Feeding done through filtration only,
1516,Gibson and Ezzi 1992 J OF FISH BIOLOGY,Pred,3.00,,Aquatic,Marine,Metazoan,Vertebrate,Fish,Clupeiformes,Clupea harengus,,Metazoan,Invertebrate,Crustacean,Branchiopod,Brine shrimp,Artemia spp.,large Aretemia,Raw data,N,40,,,20,,,3.41E+04,Original species length,Species,,,,m^3 per pred per day,1516,0.88,2.81E+00,2.06E+00,1.51E+01,1.83E-07,2.52E-14,2.73E-06,200,Feeding done through filtration only,
1517,Murray et al 2016 HYDROBIOLOGIA,Pred,3.00,,Aquatic,Fresh,Metazoan,Vertebrate,Fish,Cypriniformes,Rutilus rutilus,>1 year old,Non living food,Non living food,Non living food,,fish-meal-based pellets,,pellets,Mean,N,24,18.0,,3,,55614.00,2.05E+04,Original species mass,,,,,m^3 per pred per day,1517,0.31,2.44E+02,1.43E+02,5.17E+02,5.77E-06,3.19E-06,9.16E-06,200,"No substrate, clear water, 1mm pellets",
1518,Murray et al 2016 HYDROBIOLOGIA,Pred,3.00,,Aquatic,Fresh,Metazoan,Vertebrate,Fish,Cypriniformes,Rutilus rutilus,>1 year old,Non living food,Non living food,Non living food,,fish-meal-based pellets,,pellets,Mean,N,24,18.0,,3,,55614.00,2.05E+04,Original species mass,,,,,m^3 per pred per day,1518,0.22,3.43E+02,1.65E+02,7.97E+02,5.66E-06,2.13E-06,8.45E-06,200,"Substrate, dark aquarium gravel, 2-5mm in size, 10mm depth, clear water, 1mm pellets",
1519,Murray et al 2016 HYDROBIOLOGIA,Pred,3.00,,Aquatic,Fresh,Metazoan,Vertebrate,Fish,Cypriniformes,Rutilus rutilus,>1 year old,Non living food,Non living food,Non living food,,fish-meal-based pellets,,pellets,Mean,N,24,18.0,,3,,55614.00,2.05E+04,Original species mass,,,,,m^3 per pred per day,1519,0.57,1.68E+02,1.10E+02,2.49E+02,5.93E-06,3.55E-06,8.09E-06,200,"Clear water, 0.01±0 FTU, no substrate, 1mm pellets",
1520,Murray et al 2016 HYDROBIOLOGIA,Pred,3.00,,Aquatic,Fresh,Metazoan,Vertebrate,Fish,Cypriniformes,Rutilus rutilus,>1 year old,Non living food,Non living food,Non living food,,fish-meal-based pellets,,pellets,Mean,N,24,18.0,,3,,55614.00,2.05E+04,Original species mass,,,,,m^3 per pred per day,1520,0.41,1.77E+02,1.06E+02,3.45E+02,6.29E-06,3.54E-06,9.53E-06,200,"Turbid water, 3.41±0.5 FTU, no substrate, 1mm pellets",
1521,Murray et al 2016 HYDROBIOLOGIA,Pred,3.00,,Aquatic,Fresh,Metazoan,Vertebrate,Fish,Cypriniformes,Rutilus rutilus,>1 year old,Non living food,Non living food,Non living food,,fish-meal-based pellets,,pellets,Mean,N,24,18.0,,3,,55614.00,2.05E+04,Original species mass,,,,,m^3 per pred per day,1521,0.44,1.96E+02,1.13E+02,3.32E+02,6.83E-06,3.90E-06,9.55E-06,200,"Clear water, 0.01±0 FTU, no substrate, 2mm pellets",
1522,Murray et al 2016 HYDROBIOLOGIA,Pred,3.00,,Aquatic,Fresh,Metazoan,Vertebrate,Fish,Cypriniformes,Rutilus rutilus,>1 year old,Non living food,Non living food,Non living food,,fish-meal-based pellets,,pellets,Mean,N,24,18.0,,3,,55614.00,2.05E+04,Original species mass,,,,,m^3 per pred per day,1522,0.40,1.83E+02,9.59E+01,3.25E+02,6.70E-06,2.82E-06,9.76E-06,200,"Turbid water, 3.41±0.5 FTU, no substrate, 2mm pellets",
1523,Murray et al 2016 HYDROBIOLOGIA,Pred,3.00,,Aquatic,Fresh,Metazoan,Vertebrate,Fish,Cypriniformes,Rutilus rutilus,>1 year old,Non living food,Non living food,Non living food,,fish-meal-based pellets,,pellets,Mean,N,24,18.0,,3,,55614.00,2.05E+04,Original species mass,,,,,m^3 per pred per day,1523,0.82,9.90E+01,7.41E+01,1.31E+02,3.41E-06,1.99E-06,4.53E-06,200,"Clear water, 0.01±0 FTU, no substrate, 1mm pellets",
1524,Murray et al 2016 HYDROBIOLOGIA,Pred,3.00,,Aquatic,Fresh,Metazoan,Vertebrate,Fish,Cypriniformes,Rutilus rutilus,>1 year old,Non living food,Non living food,Non living food,,fish-meal-based pellets,,pellets,Mean,N,24,18.0,,3,,55614.00,2.05E+04,Original species mass,,,,,m^3 per pred per day,1524,0.47,1.59E+02,9.68E+01,2.65E+02,5.82E-06,3.17E-06,8.42E-06,200,"Clear water, 0.01±0 FTU, no substrate, 2mm pellets",
1525,Murray et al 2016 HYDROBIOLOGIA,Pred,3.00,,Aquatic,Fresh,Metazoan,Vertebrate,Fish,Cypriniformes,Rutilus rutilus,>1 year old,Non living food,Non living food,Non living food,,fish-meal-based pellets,,pellets,Mean,N,24,18.0,,3,,55614.00,2.05E+04,Original species mass,,,,,m^3 per pred per day,1525,0.52,1.60E+02,1.06E+02,3.05E+02,5.64E-06,3.53E-06,8.38E-06,200,"Turbid water, 3.41±0.5 FTU, no substrate, 1mm pellets",
1526,Murray et al 2016 HYDROBIOLOGIA,Pred,3.00,,Aquatic,Fresh,Metazoan,Vertebrate,Fish,Cypriniformes,Rutilus rutilus,>1 year old,Non living food,Non living food,Non living food,,fish-meal-based pellets,,pellets,Mean,N,24,18.0,,3,,55614.00,2.05E+04,Original species mass,,,,,m^3 per pred per day,1526,0.39,2.03E+02,1.15E+02,4.34E+02,6.36E-06,3.36E-06,9.62E-06,200,"Turbid water, 3.41±0.5 FTU, no substrate, 2mm pellets",
1527,Vollset and Bailey 2011 J OF FISH BIOLOGY,Pred,3.00,,Aquatic,Marine,Metazoan,Vertebrate,Fish,Gasterosteiformes,Gasterosteus aculeatus,Wild caught,Metazoan,Invertebrate,Crustacean,Branchiopod,Brine shrimp,Artemia spp.,,Raw data,N,48,15.0,,7,,20000.00,2.89E+01,Original species length,Species,,,,m^3 per pred per day,1527,0.84,1.25E-01,9.67E-02,1.62E-01,6.07E-04,5.61E-04,6.44E-04,200,Clear water,
1528,Vollset and Bailey 2011 J OF FISH BIOLOGY,Pred,3.00,,Aquatic,Marine,Metazoan,Vertebrate,Fish,Gasterosteiformes,Gasterosteus aculeatus,Wild caught,Metazoan,Invertebrate,Crustacean,Branchiopod,Brine shrimp,Artemia spp.,,Raw data,N,48,15.0,,1,,20000.00,2.89E+01,Original species length,Species,,,,m^3 per pred per day,1528,0.68,1.89E-01,1.37E-01,2.62E-01,6.57E-04,5.97E-04,7.48E-04,200,Clear water,
1529,Vollset and Bailey 2011 J OF FISH BIOLOGY,Pred,3.00,,Aquatic,Marine,Metazoan,Vertebrate,Fish,Gasterosteiformes,Gasterosteus aculeatus,Wild caught,Metazoan,Invertebrate,Crustacean,Branchiopod,Brine shrimp,Artemia spp.,,Raw data,N,48,15.0,,7,,20000.00,2.89E+01,Original species length,Species,,,,m^3 per pred per day,1529,0.91,7.43E-02,6.03E-02,9.38E-02,6.40E-04,5.62E-04,7.18E-04,200,"Turbid water, 6.8±2.2 beam attenuation coefficient (m-1)",
1530,Vollset and Bailey 2011 J OF FISH BIOLOGY,Pred,3.00,,Aquatic,Marine,Metazoan,Vertebrate,Fish,Gasterosteiformes,Gasterosteus aculeatus,Wild caught,Metazoan,Invertebrate,Crustacean,Branchiopod,Brine shrimp,Artemia spp.,,Raw data,N,48,15.0,,1,,20000.00,2.89E+01,Original species length,Species,,,,m^3 per pred per day,1530,0.70,1.17E-01,8.48E-02,1.61E-01,6.74E-04,5.78E-04,7.64E-04,200,"Turbid water, 6.8±2.2 beam attenuation coefficient (m-1)",
1531,Alexander et al 2015 ENVIRONMENTAL BIOLOGY OF FISHES,Pred,3.00,,Aquatic,Fresh,Metazoan,Vertebrate,Fish,Perciformes,Micropterus salmoides,"Juvenile, wild caught",Metazoan,Vertebrate,Fish,Poeciliidae,Guppy,Poecilia reticulata,female,Mean,N,24,23.0,,1,,300000.00,7.84E+03,Original species length,Species,5.33E+01,Original species length,Species,m^3 per pred per day,1531,0.37,1.49E+00,6.53E-01,4.42E+00,1.77E-02,7.21E-03,3.02E-02,200,"High habitat complexity, 2700 polyethylene strips (40mmx15mm) per m2",
1532,Alexander et al 2015 ENVIRONMENTAL BIOLOGY OF FISHES,Pred,3.00,,Aquatic,Fresh,Metazoan,Vertebrate,Fish,Perciformes,Micropterus salmoides,"Juvenile, wild caught",Metazoan,Vertebrate,Fish,Poeciliidae,Guppy,Poecilia reticulata,female,Mean,N,24,23.0,,1,,300000.00,7.84E+03,Original species length,Species,5.33E+01,Original species length,Species,m^3 per pred per day,1532,0.53,4.23E+00,3.35E+00,5.35E+00,1.44E-02,1.26E-02,1.68E-02,200,"Medium habitat complexity, 1800 polyethylene strips (40mmx15mm) per m2",
1533,Alexander et al 2015 ENVIRONMENTAL BIOLOGY OF FISHES,Pred,3.00,,Aquatic,Fresh,Metazoan,Vertebrate,Fish,Perciformes,Micropterus salmoides,"Juvenile, wild caught",Metazoan,Vertebrate,Fish,Poeciliidae,Guppy,Poecilia reticulata,female,Mean,N,24,23.0,,1,,300000.00,7.84E+03,Original species length,Species,5.33E+01,Original species length,Species,m^3 per pred per day,1533,0.70,3.35E+00,2.19E+00,4.70E+00,1.13E-02,7.81E-03,1.49E-02,200,"Low habitat complexity, 900 polyethylene strips (40mmx15mm) per m2",
1534,Alexander et al 2015 ENVIRONMENTAL BIOLOGY OF FISHES,Pred,3.00,,Aquatic,Fresh,Metazoan,Vertebrate,Fish,Perciformes,Micropterus salmoides,"Juvenile, wild caught",Metazoan,Vertebrate,Fish,Poeciliidae,Guppy,Poecilia reticulata,female,Mean,N,24,23.0,,1,,300000.00,7.84E+03,Original species length,Species,5.33E+01,Original species length,Species,m^3 per pred per day,1534,0.70,1.85E+00,8.84E-01,3.29E+00,1.09E-02,4.40E-03,1.87E-02,200,Zero habitat complexity,
1535,Ohlberger et al 2008 CJFAS,Pred,3.00,,Aquatic,Fresh,Metazoan,Vertebrate,Fish,Salmoniformes,Coregonus albula,Juvenile,Metazoan,Invertebrate,Crustacean,Cladoceran,Water flea,Daphnia magna,Adult?,Raw data,N,,8.0,,1,,80000.00,6.77E+03,Original species length,Species,8.69E-01,Original species length,Order,m^3 per pred per day,1535,0.87,3.68E+01,2.85E+01,4.72E+01,1.43E-05,1.23E-05,1.75E-05,200,5±0.01 lux,
1536,Ohlberger et al 2008 CJFAS,Pred,3.00,,Aquatic,Fresh,Metazoan,Vertebrate,Fish,Salmoniformes,Coregonus fontanae,Juvenile,Metazoan,Invertebrate,Crustacean,Cladoceran,Water flea,Daphnia magna,Adult?,Raw data,N,,8.0,,1,,80000.00,4.55E+03,Original species length,Genus,8.69E-01,Original species length,Order,m^3 per pred per day,1536,0.84,3.42E+01,2.63E+01,4.43E+01,1.98E-05,1.73E-05,2.27E-05,200,5±0.01 lux,
1537,Ohlberger et al 2008 CJFAS,Pred,3.00,,Aquatic,Fresh,Metazoan,Vertebrate,Fish,Salmoniformes,Coregonus albula,Juvenile,Metazoan,Invertebrate,Crustacean,Cladoceran,Water flea,Daphnia magna,Adult?,Raw data,N,,8.0,,1,,80000.00,6.77E+03,Original species length,Species,8.69E-01,Original species length,Order,m^3 per pred per day,1537,0.89,2.24E+01,1.74E+01,2.94E+01,1.76E-05,1.42E-05,2.15E-05,200,0.5±0.02 lux,
1538,Ohlberger et al 2008 CJFAS,Pred,3.00,,Aquatic,Fresh,Metazoan,Vertebrate,Fish,Salmoniformes,Coregonus fontanae,Juvenile,Metazoan,Invertebrate,Crustacean,Cladoceran,Water flea,Daphnia magna,Adult?,Raw data,N,,8.0,,1,,80000.00,4.55E+03,Original species length,Genus,8.69E-01,Original species length,Order,m^3 per pred per day,1538,0.86,1.92E+01,1.38E+01,2.46E+01,2.14E-05,1.63E-05,2.65E-05,200,0.5±0.02 lux,
1539,Ohlberger et al 2008 CJFAS,Pred,3.00,,Aquatic,Fresh,Metazoan,Vertebrate,Fish,Salmoniformes,Coregonus albula,Juvenile,Metazoan,Invertebrate,Crustacean,Cladoceran,Water flea,Daphnia magna,Adult?,Raw data,N,,8.0,,1,,80000.00,6.77E+03,Original species length,Species,8.69E-01,Original species length,Order,m^3 per pred per day,1539,0.84,4.07E+00,2.65E+00,6.52E+00,3.66E-05,1.63E-05,6.30E-05,200,0.05±0.005 lux,
1540,Ohlberger et al 2008 CJFAS,Pred,3.00,,Aquatic,Fresh,Metazoan,Vertebrate,Fish,Salmoniformes,Coregonus fontanae,Juvenile,Metazoan,Invertebrate,Crustacean,Cladoceran,Water flea,Daphnia magna,Adult?,Raw data,N,,8.0,,1,,80000.00,4.55E+03,Original species length,Genus,8.69E-01,Original species length,Order,m^3 per pred per day,1540,0.95,3.45E+00,2.52E+00,4.41E+00,3.02E-05,1.71E-05,4.14E-05,200,0.05±0.005 lux,
1541,Persson and Greenberg 1990 ECOLOGY,Pred,3.00,,Aquatic,Fresh,Metazoan,Vertebrate,Fish,Perciformes,Perca fluviatilis,0+ year,Metazoan,Invertebrate,Crustacean,Cladoceran,Water flea,Daphnia spp. ,Large,Mean,N,,,,,,124800000.00,9.45E+02,Alternate species length,Species,1.15E+00,Original species length,Order,m^3 per pred per day,1541,0.97,1.87E+02,1.72E+02,2.01E+02,1.07E-05,1.05E-05,1.09E-05,200,Predator mass is wet weight,
1542,Persson and Greenberg 1990 ECOLOGY,Pred,3.00,,Aquatic,Fresh,Metazoan,Vertebrate,Fish,Perciformes,Perca fluviatilis,0+ year,Metazoan,Invertebrate,Crustacean,Cladoceran,Water flea,Daphnia spp. ,Medium,Mean,N,,,,,,124800000.00,9.45E+02,Alternate species length,Species,2.03E-01,Original species length,Order,m^3 per pred per day,1542,0.86,8.91E+01,8.34E+01,9.49E+01,1.05E-05,1.02E-05,1.08E-05,200,Predator mass is wet weight,
1543,Persson and Greenberg 1990 ECOLOGY,Pred,3.00,,Aquatic,Fresh,Metazoan,Vertebrate,Fish,Perciformes,Perca fluviatilis,0+ year,Metazoan,Invertebrate,Crustacean,Cladoceran,Water flea,Daphnia spp. ,Small,Mean,N,,,,,,124800000.00,9.45E+02,Alternate species length,Species,2.97E-02,Original species length,Order,m^3 per pred per day,1543,0.98,5.08E+00,4.63E+00,5.52E+00,7.57E-06,6.66E-06,8.34E-06,200,Predator mass is wet weight,
1544,Hedgespeth et al 2014 AQUATIC TOXICOLOGY,Pred,3.00,,Aquatic,Fresh,Metazoan,Vertebrate,Fish,Perciformes,Perca fluviatilis,"Juvenile, wild caught",Metazoan,Invertebrate,Crustacean,Cladoceran,Water flea,Daphnia magna,Adult?,Mean,N,12,12.0,,1,,3500.00,9.45E+02,Original species length,Species,9.90E-01,Average species mass,,m^3 per pred per day,1544,0.28,8.07E+00,6.33E+00,1.06E+01,2.44E-05,2.21E-05,2.68E-05,200,,
1545,Bergman 1987 ENVIRONMENTAL BIOLOGY OF FISHES,Pred,3.00,,Aquatic,Fresh,Metazoan,Vertebrate,Fish,Perciformes,Perca fluviatilis,Adult?,Metazoan,Invertebrate,Insect,Chaoboridae,Phantom midge,Chaoborus obscuripes,Adult?,Mean,N,40,20.0,,2,,90000.00,1.22E+04,Original species length,Species,8.69E+00,Alternate species length,Order,m^3 per pred per day,1545,0.65,1.35E+02,1.01E+02,1.75E+02,1.12E-05,9.51E-06,1.34E-05,200,Predator mass is wet weight,
1546,Bergman 1987 ENVIRONMENTAL BIOLOGY OF FISHES,Pred,3.00,,Aquatic,Fresh,Metazoan,Vertebrate,Fish,Perciformes,Gymnocephalus cernua,Adult?,Metazoan,Invertebrate,Insect,Chaoboridae,Phantom midge,Chaoborus obscuripes,Adult?,Mean,N,40,20.0,,2,,90000.00,1.50E+04,Original species length,Species,8.69E+00,Alternate species length,Order,m^3 per pred per day,1546,0.42,5.11E+01,3.01E+01,7.51E+01,3.59E-05,2.95E-05,4.40E-05,200,Predator mass is wet weight,
1547,Bergman 1987 ENVIRONMENTAL BIOLOGY OF FISHES,Pred,3.00,,Aquatic,Fresh,Metazoan,Vertebrate,Fish,Perciformes,Perca fluviatilis,Adult?,Metazoan,Invertebrate,Insect,Chaoboridae,Phantom midge,Chaoborus obscuripes,Adult?,Mean,N,40,16.0,,2,,90000.00,1.22E+04,Original species length,Species,8.69E+00,Alternate species length,Order,m^3 per pred per day,1547,0.57,2.13E+02,1.32E+02,3.26E+02,1.18E-05,1.05E-05,1.32E-05,200,Predator mass is wet weight,
1548,Bergman 1987 ENVIRONMENTAL BIOLOGY OF FISHES,Pred,3.00,,Aquatic,Fresh,Metazoan,Vertebrate,Fish,Perciformes,Gymnocephalus cernua,Adult?,Metazoan,Invertebrate,Insect,Chaoboridae,Phantom midge,Chaoborus obscuripes,Adult?,Mean,N,40,16.0,,2,,90000.00,1.50E+04,Original species length,Species,8.69E+00,Alternate species length,Order,m^3 per pred per day,1548,0.65,1.71E+01,1.10E+01,2.82E+01,3.72E-05,2.59E-05,4.82E-05,200,Predator mass is wet weight,
1549,Bergman 1987 ENVIRONMENTAL BIOLOGY OF FISHES,Pred,3.00,,Aquatic,Fresh,Metazoan,Vertebrate,Fish,Perciformes,Perca fluviatilis,Adult?,Metazoan,Invertebrate,Insect,Chaoboridae,Phantom midge,Chaoborus obscuripes,Adult?,Mean,N,40,12.0,,2,,90000.00,1.22E+04,Original species length,Species,8.69E+00,Alternate species length,Order,m^3 per pred per day,1549,0.36,6.39E+01,2.80E+01,1.55E+02,1.93E-05,1.16E-05,2.57E-05,200,Predator mass is wet weight,
1550,Bergman 1987 ENVIRONMENTAL BIOLOGY OF FISHES,Pred,3.00,,Aquatic,Fresh,Metazoan,Vertebrate,Fish,Perciformes,Gymnocephalus cernua,Adult?,Metazoan,Invertebrate,Insect,Chaoboridae,Phantom midge,Chaoborus obscuripes,Adult?,Mean,N,40,13.0,,2,,90000.00,1.50E+04,Original species length,Species,8.69E+00,Alternate species length,Order,m^3 per pred per day,1550,0.62,1.97E+01,1.29E+01,3.17E+01,5.18E-05,4.35E-05,6.31E-05,200,Predator mass is wet weight,
1551,Bergman 1987 ENVIRONMENTAL BIOLOGY OF FISHES,Pred,3.00,,Aquatic,Fresh,Metazoan,Vertebrate,Fish,Perciformes,Perca fluviatilis,Adult?,Metazoan,Invertebrate,Insect,Chaoboridae,Phantom midge,Chaoborus obscuripes,Adult?,Mean,N,40,8.0,,2,,90000.00,1.22E+04,Original species length,Species,8.69E+00,Alternate species length,Order,m^3 per pred per day,1551,0.18,2.74E+02,1.54E+02,7.12E+02,3.32E-05,2.93E-05,3.90E-05,200,Predator mass is wet weight,
1552,Bergman 1987 ENVIRONMENTAL BIOLOGY OF FISHES,Pred,3.00,,Aquatic,Fresh,Metazoan,Vertebrate,Fish,Perciformes,Gymnocephalus cernua,Adult?,Metazoan,Invertebrate,Insect,Chaoboridae,Phantom midge,Chaoborus obscuripes,Adult?,Mean,N,40,8.0,,2,,90000.00,1.50E+04,Original species length,Species,8.69E+00,Alternate species length,Order,m^3 per pred per day,1552,0.42,4.83E+01,3.18E+01,7.81E+01,5.31E-05,4.55E-05,6.30E-05,200,Predator mass is wet weight,
1553,Bergman 1987 ENVIRONMENTAL BIOLOGY OF FISHES,Pred,3.00,,Aquatic,Fresh,Metazoan,Vertebrate,Fish,Perciformes,Perca fluviatilis,Adult?,Metazoan,Invertebrate,Insect,Chaoboridae,Phantom midge,Chaoborus obscuripes,Adult?,Mean,N,40,4.0,,2,,90000.00,1.22E+04,Original species length,Species,8.69E+00,Alternate species length,Order,m^3 per pred per day,1553,0.09,1.34E+02,3.96E+01,7.28E+02,7.51E-05,6.11E-05,8.58E-05,200,Predator mass is wet weight,
1554,Bergman 1987 ENVIRONMENTAL BIOLOGY OF FISHES,Pred,3.00,,Aquatic,Fresh,Metazoan,Vertebrate,Fish,Perciformes,Gymnocephalus cernua,Adult?,Metazoan,Invertebrate,Insect,Chaoboridae,Phantom midge,Chaoborus obscuripes,Adult?,Mean,N,40,4.0,,2,,90000.00,1.50E+04,Original species length,Species,8.69E+00,Alternate species length,Order,m^3 per pred per day,1554,0.49,2.14E+01,1.03E+01,3.49E+01,6.58E-05,4.85E-05,8.34E-05,200,Predator mass is wet weight,
1555,Wellington et al 2010 J OF FISH BIOLOGY,Pred,3.00,,Aquatic,Fresh,Metazoan,Vertebrate,Fish,Perciformes,Perca flavescens,Larvae,Metazoan,Invertebrate,,,Zooplankton,,Adult?,Mean,N,20,19.8,,3,,30000.00,9.95E+01,Original species length,Species,2.75E-02,Alternate zooplankton mass,Zooplankton,m^3 per pred per day,1555,0.46,4.44E-02,1.27E-02,1.47E-01,3.67E-04,2.43E-11,8.96E-04,200,"Sedimentary turbidity, lake sediment, particles <75 micrometers",
1556,Wellington et al 2010 J OF FISH BIOLOGY,Pred,3.00,,Aquatic,Fresh,Metazoan,Vertebrate,Fish,Perciformes,Perca flavescens,Larvae,Metazoan,Invertebrate,,,Zooplankton,,Adult?,Mean,N,20,19.8,,3,,30000.00,9.95E+01,Original species length,Species,2.75E-02,Alternate zooplankton mass,Zooplankton,m^3 per pred per day,1556,0.42,2.66E-02,8.03E-03,1.16E-01,5.12E-04,2.34E-11,1.39E-03,200,Turbidity from phytoplankton supplemented with spinach slurry,
1557,Wellington et al 2010 J OF FISH BIOLOGY,Pred,3.00,,Aquatic,Fresh,Metazoan,Vertebrate,Fish,Perciformes,Perca flavescens,Larvae,Metazoan,Invertebrate,,,Zooplankton,,Adult?,Mean,N,20,19.8,,3,,30000.00,9.95E+01,Original species length,Species,2.75E-02,Alternate zooplankton mass,Zooplankton,m^3 per pred per day,1557,0.25,7.85E-02,7.63E-03,5.02E-01,8.45E-04,2.33E-11,1.42E-03,200,<5-20 NTU Sedimentary turbidity,
1558,Wellington et al 2010 J OF FISH BIOLOGY,Pred,3.00,,Aquatic,Fresh,Metazoan,Vertebrate,Fish,Perciformes,Perca flavescens,Larvae,Metazoan,Invertebrate,,,Zooplankton,,Adult?,Mean,N,20,19.8,,3,,30000.00,9.95E+01,Original species length,Species,2.75E-02,Alternate zooplankton mass,Zooplankton,m^3 per pred per day,1558,0.73,3.15E-02,1.91E-02,6.39E-02,3.32E-04,1.80E-04,4.81E-04,200,50-100 NTU Sedimentary turbidity,
1559,Wellington et al 2010 J OF FISH BIOLOGY,Pred,3.00,,Aquatic,Fresh,Metazoan,Vertebrate,Fish,Perciformes,Perca flavescens,Larvae,Metazoan,Invertebrate,,,Zooplankton,,Adult?,Mean,N,20,19.8,,3,,30000.00,9.95E+01,Original species length,Species,2.75E-02,Alternate zooplankton mass,Zooplankton,m^3 per pred per day,1559,0.51,3.43E-02,1.23E-02,9.59E-02,4.99E-04,2.02E-04,7.71E-04,200,<5-20 NTU Phytoplanktonic turbidity,
1560,Wellington et al 2010 J OF FISH BIOLOGY,Pred,3.00,,Aquatic,Fresh,Metazoan,Vertebrate,Fish,Perciformes,Perca flavescens,Larvae,Metazoan,Invertebrate,,,Zooplankton,,Adult?,Mean,N,20,19.8,,3,,30000.00,9.95E+01,Original species length,Species,2.75E-02,Alternate zooplankton mass,Zooplankton,m^3 per pred per day,1560,0.39,2.79E-02,1.76E-02,6.07E-02,8.21E-04,6.13E-04,1.13E-03,200,50-100 NTU Phytoplanktonic turbidity,
1561,Wellington et al 2010 J OF FISH BIOLOGY,Pred,3.00,,Aquatic,Fresh,Metazoan,Vertebrate,Fish,Perciformes,Perca flavescens,Juvenile,Metazoan,Invertebrate,,,Zooplankton,,Adult?,Mean,N,20,22.5,,3,,30000.00,1.32E+03,Original species length,Species,2.75E-02,Alternate zooplankton mass,Zooplankton,m^3 per pred per day,1561,0.59,4.76E-02,1.92E-02,1.27E-01,1.37E-04,2.42E-11,2.92E-04,200,"Sedimentary turbidity, lake sediment, particles <75 micrometers",
1562,Wellington et al 2010 J OF FISH BIOLOGY,Pred,3.00,,Aquatic,Fresh,Metazoan,Vertebrate,Fish,Perciformes,Perca flavescens,Juvenile,Metazoan,Invertebrate,,,Zooplankton,,Adult?,Mean,N,20,22.5,,3,,30000.00,1.32E+03,Original species length,Species,2.75E-02,Alternate zooplankton mass,Zooplankton,m^3 per pred per day,1562,0.43,8.45E-02,2.49E-02,3.41E-01,2.92E-04,2.08E-12,1.55E-03,200,Turbidity from phytoplankton supplemented with spinach slurry,
1563,Wellington et al 2010 J OF FISH BIOLOGY,Pred,3.00,,Aquatic,Fresh,Metazoan,Vertebrate,Fish,Perciformes,Perca flavescens,Juvenile,Metazoan,Invertebrate,,,Zooplankton,,Adult?,Mean,N,20,22.5,,3,,30000.00,1.32E+03,Original species length,Species,2.75E-02,Alternate zooplankton mass,Zooplankton,m^3 per pred per day,1563,0.61,3.29E-02,1.68E-02,6.69E-02,2.47E-11,1.15E-12,1.63E-04,200,<5-20 NTU Sedimentary turbidity,
1564,Wellington et al 2010 J OF FISH BIOLOGY,Pred,3.00,,Aquatic,Fresh,Metazoan,Vertebrate,Fish,Perciformes,Perca flavescens,Juvenile,Metazoan,Invertebrate,,,Zooplankton,,Adult?,Mean,N,20,22.5,,3,,30000.00,1.32E+03,Original species length,Species,2.75E-02,Alternate zooplankton mass,Zooplankton,m^3 per pred per day,1564,0.60,6.89E-02,2.83E-02,1.75E-01,3.01E-04,1.04E-04,4.79E-04,200,50-100 NTU Sedimentary turbidity,
1565,Wellington et al 2010 J OF FISH BIOLOGY,Pred,3.00,,Aquatic,Fresh,Metazoan,Vertebrate,Fish,Perciformes,Perca flavescens,Juvenile,Metazoan,Invertebrate,,,Zooplankton,,Adult?,Mean,N,20,22.5,,3,,30000.00,1.32E+03,Original species length,Species,2.75E-02,Alternate zooplankton mass,Zooplankton,m^3 per pred per day,1565,0.64,4.27E-02,1.97E-02,1.14E-01,8.30E-05,1.16E-12,7.55E-04,200,<5-20 NTU Phytoplanktonic turbidity,
1566,Wellington et al 2010 J OF FISH BIOLOGY,Pred,3.00,,Aquatic,Fresh,Metazoan,Vertebrate,Fish,Perciformes,Perca flavescens,Juvenile,Metazoan,Invertebrate,,,Zooplankton,,Adult?,Mean,N,20,22.5,,3,,30000.00,1.32E+03,Original species length,Species,2.75E-02,Alternate zooplankton mass,Zooplankton,m^3 per pred per day,1566,0.14,2.12E-02,3.38E-03,1.33E-01,1.02E-02,5.44E-03,1.59E-02,200,50-100 NTU Phytoplanktonic turbidity,
1567,Ljunggren and Sandström 2007 J OF FISH BIOLOGY,Pred,3.00,,Aquatic,Marine,Metazoan,Vertebrate,Fish,Perciformes,Perca fluviatilis,"Young of the year, Wild caught",Metazoan,Invertebrate,Crustacean,Mysid,Mysid,Neomysis integer,Wild caught,Mean,N,12,20.0,,1 or 3,,130000.00,1.99E+03,Original species length,Species,,,,m^3 per pred per day,1567,0.17,3.28E+01,1.89E+01,8.36E+01,1.08E-03,9.29E-04,1.28E-03,200,"Clear water, 3NTU, prey mass is wet mass",
1568,Ljunggren and Sandström 2007 J OF FISH BIOLOGY,Pred,3.00,,Aquatic,Marine,Metazoan,Vertebrate,Fish,Perciformes,Perca fluviatilis,"Young of the year, Wild caught",Metazoan,Invertebrate,Crustacean,Mysid,Mysid,Neomysis integer,Wild caught,Mean,N,12,20.0,,1 or 3,,130000.00,1.99E+03,Original species length,Species,,,,m^3 per pred per day,1568,0.33,1.13E+01,6.73E+00,2.33E+01,1.33E-03,1.10E-03,1.61E-03,200,"Turbid water, 25NTU, turbidity from bentonite clay, prey mass is wet mass",
1569,Ljunggren and Sandström 2007 J OF FISH BIOLOGY,Pred,3.00,,Aquatic,Marine,Metazoan,Vertebrate,Fish,Perciformes,Sander lucioperca,"Young of the year, Wild caught",Metazoan,Invertebrate,Crustacean,Mysid,Mysid,Neomysis integer,Wild caught,Mean,N,12,20.0,,1 or 3,,130000.00,1.62E+03,Original species length,Species,,,,m^3 per pred per day,1569,0.36,7.64E+00,4.64E+00,1.50E+01,1.36E-03,1.11E-03,1.69E-03,200,"Clear water, 3NTU, prey mass is wet mass",
1570,Ljunggren and Sandström 2007 J OF FISH BIOLOGY,Pred,3.00,,Aquatic,Marine,Metazoan,Vertebrate,Fish,Perciformes,Sander lucioperca,"Young of the year, Wild caught",Metazoan,Invertebrate,Crustacean,Mysid,Mysid,Neomysis integer,Wild caught,Mean,N,12,20.0,,1 or 3,,130000.00,1.62E+03,Original species length,Species,,,,m^3 per pred per day,1570,0.38,7.63E+00,4.81E+00,1.32E+01,1.25E-03,1.02E-03,1.59E-03,200,"Turbid water, 25NTU, turbidity from bentonite clay, prey mass is wet mass",
1571,Hjelm and Johansson 2003 PRSLB,Pred,3.00,,Aquatic,Fresh,Metazoan,Vertebrate,Fish,Cypriniformes,Rutilus rutilus,"Young of the year, born 1995",Metazoan,Invertebrate,,,Zooplankton,,Adult?,Mean,N,,,,1,,20000.00,6.34E+02,Original species length,Species,2.75E-02,Alternate zooplankton mass,Zooplankton,m^3 per pred per day,1571,0.96,1.16E+01,1.07E+01,1.23E+01,1.04E-05,1.00E-05,1.08E-05,200,"Wide gill rakers, 0.20±0.002mm",
1572,Hjelm and Johansson 2003 PRSLB,Pred,3.00,,Aquatic,Fresh,Metazoan,Vertebrate,Fish,Cypriniformes,Rutilus rutilus,"Young of the year, born 1997",Metazoan,Invertebrate,,,Zooplankton,,Adult?,Mean,N,,,,1,,20000.00,6.34E+02,Original species length,Species,2.75E-02,Alternate zooplankton mass,Zooplankton,m^3 per pred per day,1572,0.96,1.51E+01,1.41E+01,1.60E+01,9.92E-06,9.57E-06,1.03E-05,200,"Narrow gill rakers, 0.18±0.003mm",
1573,Hjelm and Johansson 2003 PRSLB,Pred,3.00,,Aquatic,Fresh,Metazoan,Vertebrate,Fish,Cypriniformes,Rutilus rutilus,"Young of the year, born 1995",Metazoan,Invertebrate,,,Zooplankton,,Adult?,Mean,N,,,,1,,20000.00,6.34E+02,Original species length,Species,2.75E-02,Alternate zooplankton mass,Zooplankton,m^3 per pred per day,1573,0.92,1.70E+01,1.57E+01,1.83E+01,1.10E-05,1.06E-05,1.15E-05,200,"Wide gill rakers, 0.20±0.002mm",
1574,Hjelm and Johansson 2003 PRSLB,Pred,3.00,,Aquatic,Fresh,Metazoan,Vertebrate,Fish,Cypriniformes,Rutilus rutilus,"Young of the year, born 1997",Metazoan,Invertebrate,,,Zooplankton,,Adult?,Mean,N,,,,1,,20000.00,6.34E+02,Original species length,Species,2.75E-02,Alternate zooplankton mass,Zooplankton,m^3 per pred per day,1574,0.94,1.26E+01,1.17E+01,1.35E+01,1.10E-05,1.05E-05,1.14E-05,200,"Narrow gill rakers, 0.18±0.003mm",
1575,Johansson and Leonardsson 1998 CAN J OF ZOOL,Pred,3.00,,Aquatic,Fresh,Metazoan,Vertebrate,Fish,Cyprinodontiformes,Gambusia affinis,,Metazoan,Invertebrate,Crustacean,Cladoceran,Water flea,Daphnia pulex,Adult?,Mean,N,,18.0,Y,1,,16000.00,1.39E+02,Original species length,Species,6.57E-02,Original speices length,Order,m^3 per pred per day,1575,0.05,7.15E+00,1.89E+00,1.66E+02,1.13E-04,5.92E-05,1.49E-04,200,"In presence of the Green Sunfish, Lepomis cyanellus, with refuge space provided",
1576,Johansson and Leonardsson 1998 CAN J OF ZOOL,Pred,3.00,,Aquatic,Fresh,Metazoan,Vertebrate,Fish,Cyprinodontiformes,Gambusia affinis,,Metazoan,Invertebrate,Crustacean,Cladoceran,Water flea,Daphnia pulex,Adult?,Mean,N,,18.0,Y,6,,16000.00,1.39E+02,Original species length,Species,6.57E-02,Original speices length,Order,m^3 per pred per day,1576,0.09,2.46E+01,1.11E+01,7.98E+01,8.28E-05,6.71E-05,1.01E-04,200,"In presence of the Green Sunfish, Lepomis cyanellus, with refuge space provided",
1577,Johansson and Leonardsson 1998 CAN J OF ZOOL,Pred,3.00,,Aquatic,Fresh,Metazoan,Vertebrate,Fish,Cyprinodontiformes,Gambusia affinis,,Metazoan,Invertebrate,Crustacean,Cladoceran,Water flea,Daphnia pulex,Adult?,Mean,N,,18.0,Y,12,,16000.00,1.39E+02,Original species length,Species,6.57E-02,Original speices length,Order,m^3 per pred per day,1577,0.34,6.02E+00,3.53E+00,1.20E+01,8.04E-05,5.99E-05,1.03E-04,200,"In presence of the Green Sunfish, Lepomis cyanellus, with refuge space provided",
1578,Johansson and Leonardsson 1998 CAN J OF ZOOL,Pred,3.00,,Aquatic,Fresh,Metazoan,Vertebrate,Fish,Cyprinodontiformes,Gambusia affinis,,Metazoan,Invertebrate,Crustacean,Cladoceran,Water flea,Daphnia pulex,Adult?,Mean,N,,18.0,Y,18,,16000.00,1.39E+02,Original species length,Species,6.57E-02,Original speices length,Order,m^3 per pred per day,1578,0.37,4.21E+00,1.89E+00,7.80E+00,7.07E-05,2.82E-05,1.01E-04,200,"In presence of the Green Sunfish, Lepomis cyanellus, with refuge space provided",
1579,Johansson 1987 OECOLOGIA,Pred,3.00,,Aquatic,Fresh,Metazoan,Vertebrate,Fish,Cypriniformes,Rutilus rutilus,,Metazoan,Invertebrate,Crustacean,Cladoceran,Water flea,Daphnia magna,Adult?,Raw data,N,,18.5,,2,,70000.00,1.02E+04,Original species length,Species,9.90E-01,Average species mass,,m^3 per pred per day,1579,0.59,2.43E+02,1.78E+02,3.94E+02,6.37E-06,5.55E-06,7.66E-06,200,,
1580,Johansson 1987 OECOLOGIA,Pred,3.00,,Aquatic,Fresh,Metazoan,Vertebrate,Fish,Cypriniformes,Scardinius erythrophthalmus,,Metazoan,Invertebrate,Crustacean,Cladoceran,Water flea,Daphnia magna,Adult?,Raw data,N,,18.5,,2,,70000.00,1.11E+04,Original species length,Species,9.90E-01,Average species mass,,m^3 per pred per day,1580,0.52,2.65E+02,1.86E+02,4.14E+02,1.02E-05,8.90E-06,1.12E-05,200,,
1581,Johansson 1987 OECOLOGIA,Pred,3.00,,Aquatic,Fresh,Metazoan,Vertebrate,Fish,Cypriniformes,Rutilus rutilus,,Metazoan,Invertebrate,Crustacean,Copepod,copepod,Cyclops sp.,Adult?,Raw data,N,,18.5,,2,,70000.00,1.02E+04,Original species length,Species,1.17E-01,Original speices length,Order,m^3 per pred per day,1581,0.74,2.99E+01,2.17E+01,4.09E+01,1.27E-05,1.07E-05,1.45E-05,200,,
1582,Johansson 1987 OECOLOGIA,Pred,3.00,,Aquatic,Fresh,Metazoan,Vertebrate,Fish,Cypriniformes,Scardinius erythrophthalmus,,Metazoan,Invertebrate,Crustacean,Copepod,copepod,Cyclops sp.,Adult?,Raw data,N,,18.5,,2,,70000.00,1.11E+04,Original species length,Species,1.17E-01,Original speices length,Order,m^3 per pred per day,1582,0.70,1.68E+01,1.25E+01,2.37E+01,1.86E-05,1.61E-05,2.16E-05,200,,
1583,Johnson 2006 ECOLOGY,Pred,3.00,,Aquatic,Marine,Metazoan,Vertebrate,Fish,Scorpaeniformes,Sebastes paucispinus,"Young of the year, wild caught",Metazoan,Vertebrate,Fish,Sebastidae,"Kelp, Gopher, Black-and-Yellow Rockfish","Sebastes atrovirens, S. carnatus, S. chrysomelas","Juvenile, wild caught",Raw data,N,96,,Y,1,,9000000.00,2.78E+04,Original species length,Genus,1.54E+02,Original speices length,Genus,m^3 per pred per day,1583,0.19,5.17E-01,1.46E-01,4.84E+00,6.41E-01,5.00E-10,1.47E+00,200,,
1584,Johnson 2006 ECOLOGY,Pred,3.00,,Aquatic,Marine,Metazoan,Vertebrate,Fish,Scorpaeniformes,Sebastes paucispinus,"Young of the year, wild caught",Metazoan,Vertebrate,Fish,Sebastidae,"Kelp, Gopher, Black-and-Yellow Rockfish","Sebastes atrovirens, S. carnatus, S. chrysomelas","Juvenile, wild caught",Raw data,N,96,,Y,3,,9000000.00,2.78E+04,Original species length,Genus,1.54E+02,Original speices length,Genus,m^3 per pred per day,1584,0.51,1.32E-01,9.80E-02,2.91E-01,8.01E-08,7.61E-10,1.09E+00,200,,
1585,Johnson 2006 ECOLOGY,Pred,3.00,,Aquatic,Marine,Metazoan,Vertebrate,Fish,Scorpaeniformes,Sebastes paucispinus,"Young of the year, wild caught",Metazoan,Vertebrate,Fish,Sebastidae,"Kelp, Gopher, Black-and-Yellow Rockfish","Sebastes atrovirens, S. carnatus, S. chrysomelas","Juvenile, wild caught",Raw data,N,96,,Y,5,,9000000.00,2.78E+04,Original species length,Genus,1.54E+02,Original speices length,Genus,m^3 per pred per day,1585,0.69,1.75E-01,1.32E-01,2.20E-01,5.00E-10,5.00E-10,3.97E-02,200,,
1586,Sørnes and Aksnes 2004 LIMNOLOGY AND OCEANOGRAPHY,Pred,3.00,,Aquatic,Marine,Metazoan,Vertebrate,Fish,Perciformes,Gobiusculus flavescens,"Adult, males",Metazoan,Invertebrate,Crustacean,Branchiopod,Brine shrimp,Artemia sp.,Nauplii,Mean,N,,12.0,,1,,32400.00,7.34E+02,Original species length,Family,,,,m^3 per pred per day,1586,0.70,2.99E+00,1.59E+00,5.69E+00,2.69E-05,2.12E-05,3.29E-05,200,,
1587,Bergman 1988 J OF ANIMAL ECOLOGY,Pred,3.00,,Aquatic,Fresh,Metazoan,Vertebrate,Fish,Perciformes,Perca fluviatilis,Wild caught,Metazoan,Invertebrate,Crustacean,Cladoceran,Water flea,Daphnia magna,Adult?,Mean,N,,18.0,,2,,90000.00,1.22E+04,Original species length,Species,9.90E-01,Average species mass,,m^3 per pred per day,1587,0.35,2.01E+02,1.14E+02,4.30E+02,1.24E-05,1.11E-05,1.40E-05,200,10lux,
1588,Bergman 1988 J OF ANIMAL ECOLOGY,Pred,3.00,,Aquatic,Fresh,Metazoan,Vertebrate,Fish,Perciformes,Gymnocephalus cernua,Wild caught,Metazoan,Invertebrate,Crustacean,Cladoceran,Water flea,Daphnia magna,Adult?,Mean,N,,18.0,,2,,90000.00,1.50E+04,Original species length,Species,9.90E-01,Average species mass,,m^3 per pred per day,1588,0.31,4.74E+01,2.56E+01,8.65E+01,3.81E-05,2.81E-05,4.72E-05,200,10lux,
1589,Bergman 1988 J OF ANIMAL ECOLOGY,Pred,3.00,,Aquatic,Fresh,Metazoan,Vertebrate,Fish,Perciformes,Perca fluviatilis,Wild caught,Metazoan,Invertebrate,Crustacean,Cladoceran,Water flea,Daphnia magna,Adult?,Mean,N,,18.0,,2,,90000.00,1.22E+04,Original species length,Species,9.90E-01,Average species mass,,m^3 per pred per day,1589,0.37,1.52E+02,1.07E+02,2.28E+02,1.51E-05,1.32E-05,1.69E-05,200,1lux,
1590,Bergman 1988 J OF ANIMAL ECOLOGY,Pred,3.00,,Aquatic,Fresh,Metazoan,Vertebrate,Fish,Perciformes,Gymnocephalus cernua,Wild caught,Metazoan,Invertebrate,Crustacean,Cladoceran,Water flea,Daphnia magna,Adult?,Mean,N,,18.0,,2,,90000.00,1.50E+04,Original species length,Species,9.90E-01,Average species mass,,m^3 per pred per day,1590,0.38,4.75E+01,3.22E+01,7.26E+01,3.23E-05,2.75E-05,4.05E-05,200,1lux,
1591,Bergman 1988 J OF ANIMAL ECOLOGY,Pred,3.00,,Aquatic,Fresh,Metazoan,Vertebrate,Fish,Perciformes,Perca fluviatilis,Wild caught,Metazoan,Invertebrate,Crustacean,Cladoceran,Water flea,Daphnia magna,Adult?,Mean,N,,18.0,,2,,90000.00,1.22E+04,Original species length,Species,9.90E-01,Average species mass,,m^3 per pred per day,1591,0.32,1.37E+01,6.50E+00,2.98E+01,6.27E-05,3.99E-05,8.50E-05,200,0.02lux,
1592,Bergman 1988 J OF ANIMAL ECOLOGY,Pred,3.00,,Aquatic,Fresh,Metazoan,Vertebrate,Fish,Perciformes,Gymnocephalus cernua,Wild caught,Metazoan,Invertebrate,Crustacean,Cladoceran,Water flea,Daphnia magna,Adult?,Mean,N,,18.0,,2,,90000.00,1.50E+04,Original species length,Species,9.90E-01,Average species mass,,m^3 per pred per day,1592,0.69,7.00E+00,4.90E+00,9.32E+00,4.80E-05,3.58E-05,6.27E-05,200,0.02lux,
1593,Bergman 1988 J OF ANIMAL ECOLOGY,Pred,3.00,,Aquatic,Fresh,Metazoan,Vertebrate,Fish,Perciformes,Perca fluviatilis,Wild caught,Metazoan,Invertebrate,Crustacean,Cladoceran,Water flea,Daphnia magna,Adult?,Mean,N,,18.0,,2,,90000.00,1.22E+04,Original species length,Species,9.90E-01,Average species mass,,m^3 per pred per day,1593,0.34,2.75E+00,1.38E+00,6.16E+00,1.77E-04,3.49E-05,3.64E-04,200,0lux,
1594,Bergman 1988 J OF ANIMAL ECOLOGY,Pred,3.00,,Aquatic,Fresh,Metazoan,Vertebrate,Fish,Perciformes,Gymnocephalus cernua,Wild caught,Metazoan,Invertebrate,Crustacean,Cladoceran,Water flea,Daphnia magna,Adult?,Mean,N,,18.0,,2,,90000.00,1.50E+04,Original species length,Species,9.90E-01,Average species mass,,m^3 per pred per day,1594,0.21,1.16E+01,6.34E+00,3.40E+01,1.41E-04,1.11E-04,1.89E-04,200,0lux,
1595,Bergman 1988 J OF ANIMAL ECOLOGY,Pred,3.00,,Aquatic,Fresh,Metazoan,Vertebrate,Fish,Perciformes,Perca fluviatilis,Wild caught,Metazoan,Invertebrate,Insect,Chaoboridae,Phantom midge,Chaoborus obscuripes,Adult?,Mean,N,,18.0,,2,,90000.00,1.22E+04,Original species length,Species,8.69E+00,Alternate species length,Order,m^3 per pred per day,1595,0.42,7.91E+01,4.99E+01,1.45E+02,1.18E-05,9.04E-06,1.55E-05,200,10lux,
1596,Bergman 1988 J OF ANIMAL ECOLOGY,Pred,3.00,,Aquatic,Fresh,Metazoan,Vertebrate,Fish,Perciformes,Gymnocephalus cernua,Wild caught,Metazoan,Invertebrate,Insect,Chaoboridae,Phantom midge,Chaoborus obscuripes,Adult?,Mean,N,,18.0,,2,,90000.00,1.50E+04,Original species length,Species,8.69E+00,Alternate species length,Order,m^3 per pred per day,1596,0.54,1.25E+01,7.21E+00,2.20E+01,2.59E-05,9.98E-06,4.72E-05,200,10lux,
1597,Bergman 1988 J OF ANIMAL ECOLOGY,Pred,3.00,,Aquatic,Fresh,Metazoan,Vertebrate,Fish,Perciformes,Perca fluviatilis,Wild caught,Metazoan,Invertebrate,Insect,Chaoboridae,Phantom midge,Chaoborus obscuripes,Adult?,Mean,N,,18.0,,2,,90000.00,1.22E+04,Original species length,Species,8.69E+00,Alternate species length,Order,m^3 per pred per day,1597,0.32,1.36E+02,7.54E+01,3.67E+02,1.67E-05,1.41E-05,1.94E-05,200,1lux,
1598,Bergman 1988 J OF ANIMAL ECOLOGY,Pred,3.00,,Aquatic,Fresh,Metazoan,Vertebrate,Fish,Perciformes,Gymnocephalus cernua,Wild caught,Metazoan,Invertebrate,Insect,Chaoboridae,Phantom midge,Chaoborus obscuripes,Adult?,Mean,N,,18.0,,2,,90000.00,1.50E+04,Original species length,Species,8.69E+00,Alternate species length,Order,m^3 per pred per day,1598,0.50,1.52E+01,7.77E+00,2.95E+01,4.04E-05,1.90E-05,5.85E-05,200,1lux,
1599,Bergman 1988 J OF ANIMAL ECOLOGY,Pred,3.00,,Aquatic,Fresh,Metazoan,Vertebrate,Fish,Perciformes,Perca fluviatilis,Wild caught,Metazoan,Invertebrate,Insect,Chaoboridae,Phantom midge,Chaoborus obscuripes,Adult?,Mean,N,,18.0,,2,,90000.00,1.22E+04,Original species length,Species,8.69E+00,Alternate species length,Order,m^3 per pred per day,1599,0.37,3.65E+01,2.30E+01,6.25E+01,6.65E-05,5.96E-05,7.40E-05,200,0.02lux,
1600,Bergman 1988 J OF ANIMAL ECOLOGY,Pred,3.00,,Aquatic,Fresh,Metazoan,Vertebrate,Fish,Perciformes,Gymnocephalus cernua,Wild caught,Metazoan,Invertebrate,Insect,Chaoboridae,Phantom midge,Chaoborus obscuripes,Adult?,Mean,N,,18.0,,2,,90000.00,1.50E+04,Original species length,Species,8.69E+00,Alternate species length,Order,m^3 per pred per day,1600,0.47,2.29E+01,1.30E+01,4.48E+01,5.68E-05,4.24E-05,6.97E-05,200,0.02lux,
1601,Bergman 1988 J OF ANIMAL ECOLOGY,Pred,3.00,,Aquatic,Fresh,Metazoan,Vertebrate,Fish,Perciformes,Gymnocephalus cernua,Wild caught,Metazoan,Invertebrate,Insect,Chaoboridae,Phantom midge,Chaoborus obscuripes,Adult?,Mean,N,,18.0,,2,,90000.00,1.50E+04,Original species length,Species,8.69E+00,Alternate species length,Order,m^3 per pred per day,1601,0.67,5.72E+00,3.66E+00,9.86E+00,4.71E-05,2.49E-05,7.11E-05,200,0lux,
1602,Anderson et al 1978 J ANIM ECOL,Pred,3.00,,Aquatic,Fresh,Metazoan,Vertebrate,Fish,Cypriniformes,Danio rerio,Adult?,Metazoan,Invertebrate,Crustacean,Cladoceran,,Daphnia magna,Adult?,Mean,N,1,24.5,,,,400.00,2.91E+02,Alternate species length,Family,9.90E-01,Average species mass,,m^3 per pred per day,1602,0.94,4.22E-02,3.59E-02,4.87E-02,2.58E-04,2.34E-04,2.80E-04,200,,
1603,Anderson et al 1978 J ANIM ECOL,Pred,3.00,,Aquatic,Fresh,Metazoan,Vertebrate,Fish,Cypriniformes,Danio rerio,Adult?,Metazoan,Invertebrate,Crustacean,Cladoceran,,Daphnia magna,Adult?,Mean,N,24,24.5,,,,400.00,2.91E+02,Alternate species length,Family,9.90E-01,Average species mass,,m^3 per pred per day,1603,0.93,4.18E-02,3.92E-02,4.48E-02,1.41E-04,1.34E-04,1.51E-04,200,,
1604,Gulbrandsen 1991 AQUACULTURE,Pred,3.00,,Aquatic,Marine,Metazoan,Vertebrate,Fish,Pleuronectiformes,Hippoglossus hippoglossus,Larvae,Metazoan,Invertebrate,Rotifer,,Rotifer,Brachionus plicatilis,Adult?,Mean,Y,,12.0,,50,,25000.00,1.77E+00,Alternate species length,Species,2.76E-03,Alternate species length,Zooplankton,m^3 per pred per day,1604,0.30,1.87E-06,1.14E-06,2.52E-06,1.25E-01,6.67E-02,1.75E-01,200,Experiment 1,
1605,Gulbrandsen 1991 AQUACULTURE,Pred,3.00,,Aquatic,Marine,Metazoan,Vertebrate,Fish,Pleuronectiformes,Hippoglossus hippoglossus,Larvae,Metazoan,Invertebrate,Rotifer,,Rotifer,Brachionus plicatilis,Adult?,Mean,Y,,12.0,,50,,25000.00,1.77E+00,Alternate species length,Species,2.76E-03,Alternate species length,Zooplankton,m^3 per pred per day,1605,0.30,9.20E-07,7.04E-07,1.19E-06,8.77E-02,5.02E-02,1.25E-01,200,Experiment 2,
1606,Gulbrandsen 1991 AQUACULTURE,Pred,3.00,,Aquatic,Marine,Metazoan,Vertebrate,Fish,Pleuronectiformes,Hippoglossus hippoglossus,Larvae,Metazoan,Invertebrate,Rotifer,,Rotifer,Brachionus plicatilis,Adult?,Mean,Y,,12.0,,50,,25000.00,1.77E+00,Alternate species length,Species,2.76E-03,Alternate species length,Zooplankton,m^3 per pred per day,1606,0.38,1.05E-06,8.17E-07,1.30E-06,4.60E-02,1.08E-02,7.20E-02,200,Experiment 3,
1607,Lyon et al 2018 FOOD WEBS,Pred,2.00,,Terrestrial,,Metazoan,Invertebrate,Arachnid,Spider,Hogna baltimoriana,Wild caught female,Metazoan,Invertebrate,Insect,Orthoptera,House cricket,Acheta domesticus,Adult,Raw data,N,,23.0,,1,490.87,,2.20E+02,Original species mass,,4.30E+01,Average species mass,,m^2 per pred per day,1607,0.07,1.02E-01,3.29E-02,9.13E-01,1.39E-01,5.74E-02,2.33E-01,200,,
1608,Lyon et al 2018 FOOD WEBS,Pred,2.00,,Terrestrial,,Metazoan,Invertebrate,Arachnid,Spider,Hogna baltimoriana,Wild caught male,Metazoan,Invertebrate,Insect,Orthoptera,House cricket,Acheta domesticus,Adult,Raw data,N,,23.0,,1,490.87,,2.20E+02,Original species mass,,4.30E+01,Average species mass,,m^2 per pred per day,1608,0.29,1.52E-02,5.91E-03,1.66E-01,6.09E-10,4.81E-10,2.47E-01,200,,
1609,Lyon et al 2018 FOOD WEBS,Pred,2.00,,Terrestrial,,Metazoan,Invertebrate,Arachnid,Spider,Hogna baltimoriana,Wild caught female,Metazoan,Invertebrate,Insect,Orthoptera,Grasshopper,Caelifera,Wild caught,Raw data,N,,23.0,,1,490.87,,2.20E+02,Original species mass,,2.00E+01,Original species mass,,m^2 per pred per day,1609,0.39,1.05E-01,5.24E-02,2.18E-01,2.06E-02,4.94E-10,4.15E-02,200,,
1610,Lyon et al 2018 FOOD WEBS,Pred,2.00,,Terrestrial,,Metazoan,Invertebrate,Arachnid,Spider,Hogna baltimoriana,Wild caught male,Metazoan,Invertebrate,Insect,Orthoptera,Grasshopper,Caelifera,Wild caught,Raw data,N,,23.0,,1,490.87,,2.20E+02,Original species mass,,2.00E+01,Original species mass,,m^2 per pred per day,1610,0.45,8.36E-02,4.29E-02,1.87E-01,1.61E-02,4.34E-10,4.08E-02,200,,
1611,Walker and Rypstra 2002 CAN J ZOOL,Pred,2.00,,Terrestrial,,Metazoan,Invertebrate,Arachnid,Spider,Tigrosa helluo (Hogna helluo),Adult female,Metazoan,Invertebrate,Insect,Orthoptera,House cricket,Acheta domesticus,Small adult,Mean,N,168,25.0,,1,81.71,,3.67E+01,Original species mass,,1.10E+01,Original species mass,,m^2 per pred per day,1611,0.80,3.61E-03,2.87E-03,7.00E-03,4.83E-02,2.50E-11,2.02E-01,200,Walker and Rypstra says prey are 20-40% pred mass. Used to calc pred mass,
1612,Walker and Rypstra 2002 CAN J ZOOL,Pred,2.00,,Terrestrial,,Metazoan,Invertebrate,Arachnid,Spider,Tigrosa helluo (Hogna helluo),Adult male,Metazoan,Invertebrate,Insect,Orthoptera,House cricket,Acheta domesticus,Small adult,Mean,N,168,25.0,,1,81.71,,3.67E+01,Original species mass,,1.10E+01,Original species mass,,m^2 per pred per day,1612,0.04,1.56E-02,4.22E-03,1.17E-01,2.13E+00,1.56E+00,2.88E+00,200,Walker and Rypstra says prey are 20-40% pred mass. Used to calc pred mass,
1613,Walker and Rypstra 2002 CAN J ZOOL,Pred,2.00,,Terrestrial,,Metazoan,Invertebrate,Arachnid,Spider,Pardosa milvina,Adult female,Metazoan,Invertebrate,Insect,Orthoptera,House cricket,Acheta domesticus,Large adult,Mean,N,168,25.0,,1,41.28,,2.50E+02,Alternate species mass,,7.50E+01,Original species mass,,m^2 per pred per day,1613,0.54,5.46E-03,3.37E-03,8.81E-03,2.11E-01,1.01E-01,3.55E-01,200,Walker and Rypstra says prey are 20-40% pred mass. Used to calc pred mass,
1614,Walker and Rypstra 2002 CAN J ZOOL,Pred,2.00,,Terrestrial,,Metazoan,Invertebrate,Arachnid,Spider,Pardosa milvina,Adult male,Metazoan,Invertebrate,Insect,Orthoptera,House cricket,Acheta domesticus,Large adult,Mean,N,168,25.0,,1,41.28,,2.50E+02,Alternate species mass,,7.50E+01,Original species mass,,m^2 per pred per day,1614,0.13,3.71E-03,1.15E-03,2.43E-02,7.14E-01,1.73E-01,1.27E+00,200,Walker and Rypstra says prey are 20-40% pred mass. Used to calc pred mass,
1615,"Denno, Gratton, Dobel, Finke 2003 Ecology",Pred,2.50,,Terrestrial,,Metazoan,Invertebrate,Arachnid,Spider,Pardosa littoralis,Adult female,Metazoan,Invertebrate,Insect,Hemiptera,Planthopper,Prokelisia marginata,Brachypter adult,Mean,N,48,,,1,44.18,1325.36,3.25E+01,Original species mass,,4.67E-01,Original speices length,Order ,m^2.5 per pred per day,1615,0.94,5.15E-03,4.88E-03,5.49E-03,8.57E-10,9.36E-11,1.17E-03,200,,
1616,"Denno, Gratton, Dobel, Finke 2003 Ecology",Pred,2.50,,Terrestrial,,Metazoan,Invertebrate,Arachnid,Spider,Pardosa littoralis,Adult female,Metazoan,Invertebrate,Insect,Hemiptera,Planthopper,Prokelisia marginata,Macropter adult,Mean,N,48,,,1,44.18,1325.36,3.25E+01,Original species mass,,4.67E-01,Original speices length,Order ,m^2.5 per pred per day,1616,0.94,6.05E-03,5.36E-03,6.74E-03,4.78E-03,3.55E-03,6.16E-03,200,,
1617,"Denno, Gratton, Dobel, Finke 2003 Ecology",Pred,2.50,,Terrestrial,,Metazoan,Invertebrate,Arachnid,Spider,Pardosa littoralis,Adult female,Metazoan,Invertebrate,Insect,Hemiptera,Planthopper,Prokelisia dolus,Brachypter adult,Mean,N,48,,,1,44.18,1325.36,3.25E+01,Original species mass,,4.11E-01,Original speices length,Order ,m^2.5 per pred per day,1617,0.92,6.84E-03,6.06E-03,8.31E-03,5.16E-03,3.18E-03,7.05E-03,200,,
1618,"Denno, Gratton, Dobel, Finke 2003 Ecology",Pred,2.50,,Terrestrial,,Metazoan,Invertebrate,Arachnid,Spider,Pardosa littoralis,Adult female,Metazoan,Invertebrate,Insect,Hemiptera,Planthopper,Prokelisia dolus,Macropter adult,Mean,N,48,,,1,44.18,1325.36,3.25E+01,Original species mass,,4.11E-01,Original speices length,Order ,m^2.5 per pred per day,1618,0.94,5.73E-03,5.15E-03,6.36E-03,5.50E-03,3.86E-03,7.44E-03,200,,
1619,"Denno, Gratton, Dobel, Finke 2003 Ecology",Pred,2.50,,Terrestrial,,Metazoan,Invertebrate,Arachnid,Spider,Pardosa littoralis,Adult female,Metazoan,Invertebrate,Insect,Hemiptera,Planthopper,Prokelisia marginata,Adult,Mean,N,48,,,1,44.18,1325.36,3.25E+01,Original species mass,,4.67E-01,Original speices length,Order ,m^2.5 per pred per day,1619,0.78,6.01E-03,4.71E-03,7.87E-03,3.08E-02,1.84E-02,4.45E-02,200,,
1620,"Denno, Gratton, Dobel, Finke 2003 Ecology",Pred,2.50,,Terrestrial,,Metazoan,Invertebrate,Arachnid,Spider,Pardosa littoralis,Adult female,Metazoan,Invertebrate,Insect,Hemiptera,Planthopper,Delphacodes penedetecta,Adult,Mean,N,48,,,1,44.18,1325.36,3.25E+01,Original species mass,,6.61E-01,Original speices length,Order ,m^2.5 per pred per day,1620,0.45,5.45E-03,3.23E-03,1.31E-02,9.61E-02,6.09E-02,1.44E-01,200,,
1621,"Denno, Gratton, Dobel, Finke 2003 Ecology",Pred,2.50,,Terrestrial,,Metazoan,Invertebrate,Arachnid,Spider,Pardosa littoralis,Adult female,Metazoan,Invertebrate,Insect,Hemiptera,Leafhopper,Sanctanus aestuarium,Adult,Mean,N,48,,,1,44.18,1325.36,3.25E+01,Original species mass,,1.98E+00,Original speices length,Order ,m^2.5 per pred per day,1621,0.36,3.21E-03,1.92E-03,1.14E-02,2.30E-01,1.78E-01,3.03E-01,200,,
1622,"Denno, Gratton, Dobel, Finke 2003 Ecology",Pred,2.50,,Terrestrial,,Metazoan,Invertebrate,Arachnid,Spider,Pardosa littoralis,Adult female,Metazoan,Invertebrate,Insect,Hemiptera,Mirid bug,Trigonotylus uhleri,Adult,Mean,N,48,,,1,44.18,1325.36,3.25E+01,Original species mass,,5.05E+00,Original speices length,Family,m^2.5 per pred per day,1622,0.34,1.14E-02,6.20E-03,2.79E-02,1.01E-01,7.61E-02,1.26E-01,200,,
1623,Finke and Denno 2002 ECOLOGY,Pred,2.50,,Terrestrial,,Metazoan,Invertebrate,Arachnid,Spider,Pardosa littoralis,Adult?,Metazoan,Invertebrate,Insect,Hemiptera,Planthopper,Prokelisia dolus,Adult?,Mean,N,,,,1,31.17,1325.36,3.25E+01,Alternate species mass,,8.17E-01,Original speices length,Order ,m^2.5 per pred per day,1623,0.52,1.70E-03,1.37E-03,2.59E-03,1.50E-02,3.20E-09,1.00E-01,200,,
1624,Finke and Denno 2002 ECOLOGY,Pred,2.50,,Terrestrial,,Metazoan,Invertebrate,Arachnid,Spider,Pardosa littoralis,Adult?,Metazoan,Invertebrate,Insect,Hemiptera,Mirid bug,Tytthus vagus,Adult?,Mean,N,,,,1,31.17,1325.36,3.25E+01,Alternate species mass,,1.37E+00,Original speices length,Family,m^2.5 per pred per day,1624,0.69,3.91E-03,3.19E-03,4.82E-03,1.90E-02,4.90E-09,4.23E-02,200,,
1625,Hardman and Turnbull 1974 J ANIM ECOL,Pred,2.00,,Terrestrial,,Metazoan,Invertebrate,Arachnid,Spider,Pardosa vancouveri,Wild caught adult male,Metazoan,Invertebrate,Insect,Diptera,Fruit fly,Drosophila melanogaster,Adult female vestigial-winged,Raw data,Y,144,23.0,,1,271.00,,1.01E+01,Alternate order length,Order,1.60E+02,Alternate species mass,,m^2 per pred per day,1625,0.60,3.58E-01,5.27E-02,6.04E+04,1.37E-01,1.04E-01,1.65E-01,200,"Arena size is surface area of all surfaces, not just bottom",
1626,Hardman and Turnbull 1974 J ANIM ECOL,Pred,2.00,,Terrestrial,,Metazoan,Invertebrate,Arachnid,Spider,Pardosa vancouveri,Wild caught adult female,Metazoan,Invertebrate,Insect,Diptera,Fruit fly,Drosophila melanogaster,Adult female vestigial-winged,Raw data,Y,144,23.0,,1,271.00,,1.01E+01,Alternate order length,Order,1.60E+02,Alternate species mass,,m^2 per pred per day,1626,0.88,2.94E-01,1.32E-01,6.95E-01,4.38E-02,2.95E-02,6.34E-02,200,"Arena size is surface area of all surfaces, not just bottom",
1627,Hardman and Turnbull 1974 J ANIM ECOL,Pred,2.00,,Terrestrial,,Metazoan,Invertebrate,Arachnid,Spider,Pardosa vancouveri,Wild caught subadult female,Metazoan,Invertebrate,Insect,Diptera,Fruit fly,Drosophila melanogaster,Adult female vestigial-winged,Raw data,Y,144,23.0,,1,271.00,,1.01E+01,Alternate order length,Order,1.60E+02,Alternate species mass,,m^2 per pred per day,1627,0.80,3.16E-02,1.51E-02,3.37E+03,2.15E-01,1.26E-11,2.82E-01,200,"Arena size is surface area of all surfaces, not just bottom",
1628,Hardman and Turnbull 1974 J ANIM ECOL,Pred,2.00,,Terrestrial,,Metazoan,Invertebrate,Arachnid,Spider,Pardosa vancouveri,Wild caught adult female,Metazoan,Invertebrate,Insect,Diptera,Fruit fly,Drosophila melanogaster,Adult female vestigial-winged,Raw data,Y,0,23.0,,1,405.00,,1.01E+01,Alternate order length,Order,1.60E+02,Alternate species mass,,m^2 per pred per day,1628,0.53,7.44E-02,2.66E-02,3.61E+04,8.02E-02,4.44E-10,1.16E-01,200,"Arena size is surface area of all surfaces, not just bottom. Includes 5 sides of sponge",
1629,Hardman and Turnbull 1974 J ANIM ECOL,Pred,2.00,,Terrestrial,,Metazoan,Invertebrate,Arachnid,Spider,Pardosa vancouveri,Wild caught subadult female,Metazoan,Invertebrate,Insect,Diptera,Fruit fly,Drosophila melanogaster,Adult female vestigial-winged,Raw data,Y,0,23.0,,1,405.00,,1.01E+01,Alternate order length,Order,1.60E+02,Alternate species mass,,m^2 per pred per day,1629,0.49,6.96E-02,3.80E-02,2.22E+04,2.03E-01,1.41E-01,2.38E-01,200,"Arena size is surface area of all surfaces, not just bottom. Includes 5 sides of sponge",
1630,Hardman and Turnbull 1974 J ANIM ECOL,Pred,2.00,,Terrestrial,,Metazoan,Invertebrate,Arachnid,Spider,Pardosa vancouveri,Wild caught adult male,Metazoan,Invertebrate,Insect,Diptera,Fruit fly,Drosophila melanogaster,Adult female vestigial-winged,Raw data,Y,0,23.0,,1,405.00,,1.01E+01,Alternate order length,Order,1.60E+02,Alternate species mass,,m^2 per pred per day,1630,0.97,9.19E-04,7.68E-04,1.11E-03,2.92E-02,1.01E-02,5.46E-02,200,"Arena size is surface area of all surfaces, not just bottom. Includes 5 sides of sponge",
1631,Provencher and Coderre 1987 ENVIRON ENTOMOL,Pred,2.50,,Terrestrial,,Metazoan,Invertebrate,Arachnid,Spider,Clubiona pikei,Wild caught juvenile,Metazoan,Invertebrate,Insect,Hemiptera,Bird cherry-oat aphid,Rhopalosiphum padi,Apterous immature,Raw data,N,24,22.0,,1,,500.00,1.01E+01,Alternate order length,Order,1.63E-01,% adult mass,,m^2.5 per pred per day,1631,0.54,6.44E-04,3.60E-04,8.60E-04,1.81E-09,2.69E-10,5.64E-09,200,500 mL jar used as arena,
1632,Provencher and Coderre 1987 ENVIRON ENTOMOL,Pred,2.50,,Terrestrial,,Metazoan,Invertebrate,Arachnid,Spider,Clubiona pikei,Wild caught juvenile,Metazoan,Invertebrate,Insect,Hemiptera,Corn leaf aphid,Rhopalosiphum maidis,Apterous immature,Raw data,N,24,22.0,,1,,500.00,1.01E+01,Alternate order length,Order,1.40E-01,% adult mass,,m^2.5 per pred per day,1632,0.14,9.48E-04,4.29E-04,2.00E-03,1.21E-01,1.39E-08,3.43E-01,200,500 mL jar used as arena,
1633,Provencher and Coderre 1987 ENVIRON ENTOMOL,Pred,2.50,,Terrestrial,,Metazoan,Invertebrate,Arachnid,Spider,Clubiona pikei,Wild caught juvenile,Metazoan,Invertebrate,Insect,Hemiptera,Bird cherry-oat aphid,Rhopalosiphum padi,Apterous immature,Raw data,N,24,22.0,,1,,500.00,1.01E+01,Alternate order length,Order,1.63E-01,% adult mass,,m^2.5 per pred per day,1633,0.41,4.04E-04,2.37E-04,1.40E-03,1.62E-08,8.62E-10,4.70E-01,200,"1 Rhopalosiphum maidis present for every 4 Rhopalosiphum padi, 500 mL jar used as arena",
1634,Provencher and Coderre 1987 ENVIRON ENTOMOL,Pred,2.50,,Terrestrial,,Metazoan,Invertebrate,Arachnid,Spider,Clubiona pikei,Wild caught juvenile,Metazoan,Invertebrate,Insect,Hemiptera,Corn leaf aphid,Rhopalosiphum maidis,Apterous immature,Raw data,N,24,22.0,,1,,500.00,1.01E+01,Alternate order length,Order,1.40E-01,% adult mass,,m^2.5 per pred per day,1634,0.34,4.84E-04,2.64E-04,1.71E-03,1.29E-07,2.38E-09,1.23E+00,200,"4 Rhopalosiphum padi present for every 1 Rhopalosiphum maidis, 500 mL jar used as arena",
1635,Provencher and Coderre 1987 ENVIRON ENTOMOL,Pred,2.50,,Terrestrial,,Metazoan,Invertebrate,Arachnid,Spider,Clubiona pikei,Wild caught juvenile,Metazoan,Invertebrate,Insect,Hemiptera,Bird cherry-oat aphid,Rhopalosiphum padi,Apterous immature,Raw data,N,24,22.0,,1,,500.00,1.01E+01,Alternate order length,Order,1.63E-01,% adult mass,,m^2.5 per pred per day,1635,0.25,4.56E-04,1.82E-04,1.26E-03,2.48E-01,5.03E-09,1.35E+00,200,"4 Rhopalosiphum maidis present for every 1 Rhopalosiphum padi, 500 mL jar used as arena",
1636,Provencher and Coderre 1987 ENVIRON ENTOMOL,Pred,2.50,,Terrestrial,,Metazoan,Invertebrate,Arachnid,Spider,Clubiona pikei,Wild caught juvenile,Metazoan,Invertebrate,Insect,Hemiptera,Corn leaf aphid,Rhopalosiphum maidis,Apterous immature,Raw data,N,24,22.0,,1,,500.00,1.01E+01,Alternate order length,Order,1.40E-01,% adult mass,,m^2.5 per pred per day,1636,0.46,6.97E-04,4.05E-04,1.29E-03,5.34E-09,3.73E-10,1.99E-01,200,"1 Rhopalosiphum padi present for every 4 Rhopalosiphum maidis, 500 mL jar used as arena",
1637,Provencher and Coderre 1987 ENVIRON ENTOMOL,Pred,2.50,,Terrestrial,,Metazoan,Invertebrate,Arachnid,Spider,Tetragnatha laboriosa,Wild caught juvenile,Metazoan,Invertebrate,Insect,Hemiptera,Bird cherry-oat aphid,Rhopalosiphum padi,Apterous immature,Raw data,N,24,22.0,,1,78.54,157.08,,,,1.63E-01,% adult mass,,m^2.5 per pred per day,1637,0.10,3.62E-04,8.22E-05,1.63E-03,3.25E-01,1.02E-07,7.26E-01,200,,
1638,Provencher and Coderre 1987 ENVIRON ENTOMOL,Pred,2.50,,Terrestrial,,Metazoan,Invertebrate,Arachnid,Spider,Tetragnatha laboriosa,Wild caught juvenile,Metazoan,Invertebrate,Insect,Hemiptera,Corn leaf aphid,Rhopalosiphum maidis,Apterous immature,Raw data,N,24,22.0,,1,78.54,157.08,,,,1.40E-01,% adult mass,,m^2.5 per pred per day,1638,0.37,2.73E-04,1.71E-04,6.12E-04,1.40E-08,4.09E-10,2.75E-01,200,,
1639,Provencher and Coderre 1987 ENVIRON ENTOMOL,Pred,2.50,,Terrestrial,,Metazoan,Invertebrate,Arachnid,Spider,Tetragnatha laboriosa,Wild caught juvenile,Metazoan,Invertebrate,Insect,Hemiptera,Bird cherry-oat aphid,Rhopalosiphum padi,Apterous immature,Raw data,N,24,22.0,,1,78.54,157.08,,,,1.63E-01,% adult mass,,m^2.5 per pred per day,1639,0.26,1.54E-04,5.64E-05,2.98E-04,4.68E-08,9.00E-10,9.84E-01,200,1 Rhopalosiphum maidis present for every 4 Rhopalosiphum padi,
1640,Provencher and Coderre 1987 ENVIRON ENTOMOL,Pred,2.50,,Terrestrial,,Metazoan,Invertebrate,Arachnid,Spider,Tetragnatha laboriosa,Wild caught juvenile,Metazoan,Invertebrate,Insect,Hemiptera,Corn leaf aphid,Rhopalosiphum maidis,Apterous immature,Raw data,N,24,22.0,,1,78.54,157.08,,,,1.40E-01,% adult mass,,m^2.5 per pred per day,1640,0.36,1.55E-04,6.40E-05,2.58E-04,1.17E-07,6.12E-09,3.55E-01,200,4 Rhopalosiphum padi present for every 1 Rhopalosiphum maidis,
1641,Provencher and Coderre 1987 ENVIRON ENTOMOL,Pred,2.50,,Terrestrial,,Metazoan,Invertebrate,Arachnid,Spider,Tetragnatha laboriosa,Wild caught juvenile,Metazoan,Invertebrate,Insect,Hemiptera,Bird cherry-oat aphid,Rhopalosiphum padi,Apterous immature,Raw data,N,24,22.0,,1,78.54,157.08,,,,1.63E-01,% adult mass,,m^2.5 per pred per day,1641,0.07,1.54E-04,4.72E-05,5.15E-04,2.44E+00,9.41E-08,7.86E+00,200,4 Rhopalosiphum maidis present for every 1 Rhopalosiphum padi,
1642,Provencher and Coderre 1987 ENVIRON ENTOMOL,Pred,2.50,,Terrestrial,,Metazoan,Invertebrate,Arachnid,Spider,Tetragnatha laboriosa,Wild caught juvenile,Metazoan,Invertebrate,Insect,Hemiptera,Corn leaf aphid,Rhopalosiphum maidis,Apterous immature,Raw data,N,24,22.0,,1,78.54,157.08,,,,1.40E-01,% adult mass,,m^2.5 per pred per day,1642,0.24,2.03E-04,9.88E-05,8.30E-04,1.31E-01,1.54E-09,6.99E-01,200,1 Rhopalosiphum padi present for every 4 Rhopalosiphum maidis,
1643,Pekar 2005 BIO CONTROL,Pred,2.00,,Terrestrial,,Metazoan,Invertebrate,Arachnid,Spider,Zodarion rubidum,Juvenile,Metazoan,Invertebrate,Insect,Hymenoptera,Pavement ant,Tetramorium caespitum,Wild caught,Mean,Y,144,,,1,9.60,,1.01E+01,Alternate order length,Order,5.65E-01,Alternate species length,Family,m^2 per pred per day,1643,0.23,2.63E-02,1.67E-02,3.56E-02,2.84E-02,2.41E-02,3.49E-02,200,,
1644,Pekar 2005 BIO CONTROL,Pred,2.00,,Terrestrial,,Metazoan,Invertebrate,Arachnid,Spider,Zodarion rubidum,Juvenile,Metazoan,Invertebrate,Insect,Hymenoptera,Pavement ant,Tetramorium caespitum,Wild caught,Mean,Y,144,,,1,95.00,,1.01E+01,Alternate order length,Order,5.65E-01,Alternate species length,Family,m^2 per pred per day,1644,0.06,8.00E-01,4.10E-01,4.01E+00,2.03E-02,1.61E-02,2.77E-02,200,,
1645,Vucic-Pestic et al. 2010 PEDOBIO,Pred,2.00,,Terrestrial,,Metazoan,Invertebrate,Arachnid,Spider,Pardosa lugubris ,"Adult female, wild caught",Metazoan,Invertebrate,Hexapod,,Spring tail,Heteromurus nitidus ,Adult?,Raw data,N,24,17.0,,1,52.81,,1.01E+01,Alternate order length,Order,,,,m^2 per pred per day,1645,0.87,5.70E-03,3.53E-03,8.56E-03,6.86E-03,3.22E-03,1.05E-02,200,Values in graph were logarithmic and hard to digitize accurately,
1646,Vucic-Pestic et al. 2010 PEDOBIO,Pred,2.00,,Terrestrial,,Metazoan,Invertebrate,Arachnid,Spider,Pardosa lugubris ,"Adult female, wild caught",Metazoan,Invertebrate,Hexapod,,Spring tail,Heteromurus nitidus ,Adult?,Raw data,N,24,17.0,,1,52.81,,1.01E+01,Alternate order length,Order,,,,m^2 per pred per day,1646,0.46,1.19E-03,7.13E-04,1.99E-03,3.92E-01,3.11E-01,5.27E-01,200,Values in graph were logarithmic and hard to digitize accurately,
1647,Schmidt et al. 2014 OCEOL,Pred,2.00,,Terrestrial,,Metazoan,Invertebrate,Arachnid,Spider,Pardosa milvina,Adult female,Metazoan,Invertebrate,Insect,Orthoptera,House cricket,Acheta domesticus,Adult?,Raw data,N,168,,Y,1,70.88,,2.50E+02,Alternate species mass,,4.30E+01,Average species mass,,m^2 per pred per day,1647,0.06,3.41E-02,1.10E-02,2.66E-01,3.13E-02,2.33E-02,3.73E-02,200,,
1648,Schmidt et al. 2014 OCEOL,Pred,2.00,,Terrestrial,,Metazoan,Invertebrate,Arachnid,Spider,Pardosa milvina,Adult female,Metazoan,Invertebrate,Insect,Orthoptera,House cricket,Acheta domesticus,Adult?,Raw data,N,168,,Y,2,153.94,,2.50E+02,Alternate species mass,,4.30E+01,Average species mass,,m^2 per pred per day,1648,0.59,9.57E-03,6.34E-03,1.47E-02,2.05E-02,1.41E-02,2.78E-02,200,,
1649,Schmidt et al. 2014 OCEOL,Pred,2.00,,Terrestrial,,Metazoan,Invertebrate,Arachnid,Spider,Pardosa milvina,Adult female,Metazoan,Invertebrate,Insect,Orthoptera,House cricket,Acheta domesticus,Adult?,Raw data,N,168,,Y,4,330.06,,2.50E+02,Alternate species mass,,4.30E+01,Average species mass,,m^2 per pred per day,1649,0.64,9.98E-03,7.62E-03,1.63E-02,2.01E-02,6.65E-03,4.14E-02,200,,
1650,Schmidt et al. 2014 OCEOL,Pred,2.00,,Terrestrial,,Metazoan,Invertebrate,Arachnid,Spider,Pardosa milvina,Adult female,Metazoan,Invertebrate,Insect,Orthoptera,House cricket,Acheta domesticus,Adult?,Raw data,N,168,,Y,8,510.71,,2.50E+02,Alternate species mass,,4.30E+01,Average species mass,,m^2 per pred per day,1650,0.99,6.21E-03,5.81E-03,6.73E-03,5.85E-03,1.65E-12,1.31E-02,200,,
1651,Khan 2013 The Bioscan,Pred,2.00,,Terrestrial,,Metazoan,Invertebrate,Arachnid,Spider,Pardosa altitudis,Adult female,Metazoan,Invertebrate,Insect,Hemiptera,Cabbage aphids,Brevicoryne brassicae ,Adult?,Mean,N,24,,,1,176.71,,1.01E+01,Alternate order length,Order,8.07E-01,Alternate species length,Family,m^2 per pred per day,1651,0.86,2.83E-02,2.25E-02,3.51E-02,1.64E-02,1.42E-02,1.90E-02,200,,
1652,Khan 2013 The Bioscan,Pred,2.00,,Terrestrial,,Metazoan,Invertebrate,Arachnid,Spider,Leucauge celebesiana ,Adult female,Metazoan,Invertebrate,Insect,Hemiptera,Cabbage aphids,Brevicoryne brassicae ,Adult?,Mean,N,24,,,1,176.71,,5.80E+01,Alternate species length,Order,8.07E-01,Alternate species length,Family,m^2 per pred per day,1652,0.81,2.90E-02,2.18E-02,3.73E-02,2.27E-02,1.97E-02,2.57E-02,200,,
1653,Khan 2013 The Bioscan,Pred,2.00,,Terrestrial,,Metazoan,Invertebrate,Arachnid,Spider,Neoscona rumpfi ,Adult female,Metazoan,Invertebrate,Insect,Hemiptera,Cabbage aphids,Brevicoryne brassicae ,Adult?,Mean,N,24,,,1,176.71,,1.58E+02,Alternate genus length,Order,8.07E-01,Alternate species length,Family,m^2 per pred per day,1653,0.85,2.86E-02,2.22E-02,3.69E-02,1.83E-02,1.58E-02,2.12E-02,200,,
1654,Khan 2013 The Bioscan,Pred,2.00,,Terrestrial,,Metazoan,Invertebrate,Arachnid,Spider,Theridion manjithar ,Adult female,Metazoan,Invertebrate,Insect,Hemiptera,Cabbage aphids,Brevicoryne brassicae ,Adult?,Mean,N,24,,,1,176.71,,1.01E+01,Alternate order length,Order,8.07E-01,Alternate species length,Family,m^2 per pred per day,1654,0.83,2.70E-02,1.86E-02,3.43E-02,2.40E-02,2.07E-02,2.73E-02,200,,
1655,Monzo et al. 2008 BIOCONTROL,Pred,2.00,,Terrestrial,,Metazoan,Invertebrate,Arachnid,Spider,Pardosa cribata,"Adult, wild caught",Metazoan,Invertebrate,Insect,Diptera,Medfly,Ceratitis capitata,Adult,Mean,N,168,,,1,153.94,,1.01E+01,Alternate order length,Order,3.85E+00,Alternate species length,Order,m^2 per pred per day,1655,0.17,2.71E-02,1.77E-02,4.04E-02,2.16E-01,1.75E-01,2.71E-01,200,"Raw data was also available, but decided to use data from table",
1656,Monzo et al. 2008 BIOCONTROL,Pred,2.00,,Terrestrial,,Metazoan,Invertebrate,Arachnid,Spider,Pardosa cribata,"Adult, wild caught",Metazoan,Invertebrate,Insect,Hemiptera,Green peach aphid,Myzus persicae,Adult,Mean,N,168,,,1,153.94,,1.01E+01,Alternate order length,Order,4.73E-01,Alternate species length,Family,m^2 per pred per day,1656,0.65,2.71E-02,1.92E-02,4.09E-02,2.83E-02,2.32E-02,3.52E-02,200,"Raw data was also available, but decided to use data from table",
1657,Palanichamy 1983 PROC INDIAN ACAD SCI,Pred,3.00,,Terrestrial,,Metazoan,Invertebrate,Arachnid,Spider,Cyrtophora cicatrosa ,Adult female,Metazoan,Invertebrate,Insect,Diptera,Southern house mosquito,Culex fatigans ,Adult,Mean,Y,24,30.0,,1,,0.03,1.01E+01,Alternate order length,Order,4.22E+01,Alternate order length,Order,m^3 per pred per day,1657,0.88,1.54E-08,1.28E-08,1.86E-08,6.87E-02,5.82E-02,8.25E-02,200,Arena was not well described ,
1658,Palanichamy 1983 PROC INDIAN ACAD SCI,Pred,3.00,,Terrestrial,,Metazoan,Invertebrate,Arachnid,Spider,Cyrtophora cicatrosa ,Adult female,Metazoan,Invertebrate,Insect,Diptera,Southern house mosquito,Culex fatigans ,Adult,Mean,Y,24,30.0,,1,,0.05,1.01E+01,Alternate order length,Order,4.22E+01,Alternate order length,Order,m^3 per pred per day,1658,0.87,3.34E-08,2.69E-08,4.21E-08,6.80E-02,5.65E-02,8.07E-02,200,,
1659,Palanichamy 1983 PROC INDIAN ACAD SCI,Pred,3.00,,Terrestrial,,Metazoan,Invertebrate,Arachnid,Spider,Cyrtophora cicatrosa ,Adult female,Metazoan,Invertebrate,Insect,Diptera,Southern house mosquito,Culex fatigans ,Adult,Mean,Y,24,30.0,,1,,0.10,1.01E+01,Alternate order length,Order,4.22E+01,Alternate order length,Order,m^3 per pred per day,1659,0.84,8.43E-08,7.08E-08,1.01E-07,7.49E-02,6.72E-02,8.39E-02,200,,
1660,Palanichamy 1983 PROC INDIAN ACAD SCI,Pred,3.00,,Terrestrial,,Metazoan,Invertebrate,Arachnid,Spider,Cyrtophora cicatrosa ,Adult female,Metazoan,Invertebrate,Insect,Diptera,Southern house mosquito,Culex fatigans ,Adult,Mean,Y,24,30.0,,1,,0.20,1.01E+01,Alternate order length,Order,4.22E+01,Alternate order length,Order,m^3 per pred per day,1660,0.87,1.74E-07,1.45E-07,2.04E-07,6.97E-02,6.26E-02,7.89E-02,200,,
1661,Palanichamy 1983 PROC INDIAN ACAD SCI,Pred,3.00,,Terrestrial,,Metazoan,Invertebrate,Arachnid,Spider,Cyrtophora cicatrosa ,Adult female,Metazoan,Invertebrate,Insect,Diptera,Southern house mosquito,Culex fatigans ,Adult,Mean,Y,24,30.0,,1,,0.50,1.01E+01,Alternate order length,Order,4.22E+01,Alternate order length,Order,m^3 per pred per day,1661,0.80,4.76E-07,3.54E-07,5.99E-07,6.72E-02,5.73E-02,7.68E-02,200,,
1662,Palanichamy 1983 PROC INDIAN ACAD SCI,Pred,3.00,,Terrestrial,,Metazoan,Invertebrate,Arachnid,Spider,Cyrtophora cicatrosa ,Adult female,Metazoan,Invertebrate,Insect,Diptera,Southern house mosquito,Culex fatigans ,Adult,Mean,Y,24,30.0,,1,,1.00,1.01E+01,Alternate order length,Order,4.22E+01,Alternate order length,Order,m^3 per pred per day,1662,0.86,1.04E-06,8.24E-07,1.32E-06,6.60E-02,5.94E-02,7.52E-02,200,,
1663,Palanichamy 1983 PROC INDIAN ACAD SCI,Pred,3.00,,Terrestrial,,Metazoan,Invertebrate,Arachnid,Spider,Marpissa calcutaensis ,Adult female,Metazoan,Invertebrate,Insect,Diptera,Southern house mosquito,Culex fatigans ,Adult,Mean,Y,24,30.0,,1,,0.03,1.01E+01,Alternate order length,Order,4.22E+01,Alternate order length,Order,m^3 per pred per day,1663,0.85,1.67E-08,1.34E-08,2.24E-08,6.57E-02,5.56E-02,8.14E-02,200,,
1664,Palanichamy 1983 PROC INDIAN ACAD SCI,Pred,3.00,,Terrestrial,,Metazoan,Invertebrate,Arachnid,Spider,Marpissa calcutaensis ,Adult female,Metazoan,Invertebrate,Insect,Diptera,Southern house mosquito,Culex fatigans ,Adult,Mean,Y,24,30.0,,1,,0.05,1.01E+01,Alternate order length,Order,4.22E+01,Alternate order length,Order,m^3 per pred per day,1664,0.78,4.00E-08,2.96E-08,5.21E-08,6.82E-02,5.30E-02,8.28E-02,200,,
1665,Palanichamy 1983 PROC INDIAN ACAD SCI,Pred,3.00,,Terrestrial,,Metazoan,Invertebrate,Arachnid,Spider,Marpissa calcutaensis ,Adult female,Metazoan,Invertebrate,Insect,Diptera,Southern house mosquito,Culex fatigans ,Adult,Mean,Y,24,30.0,,1,,0.10,1.01E+01,Alternate order length,Order,4.22E+01,Alternate order length,Order,m^3 per pred per day,1665,0.79,8.60E-08,6.44E-08,1.08E-07,6.73E-02,5.52E-02,7.60E-02,200,,
1666,Palanichamy 1983 PROC INDIAN ACAD SCI,Pred,3.00,,Terrestrial,,Metazoan,Invertebrate,Arachnid,Spider,Marpissa calcutaensis ,Adult female,Metazoan,Invertebrate,Insect,Diptera,Southern house mosquito,Culex fatigans ,Adult,Mean,Y,24,30.0,,1,,0.20,1.01E+01,Alternate order length,Order,4.22E+01,Alternate order length,Order,m^3 per pred per day,1666,0.83,1.85E-07,1.49E-07,2.39E-07,6.65E-02,5.97E-02,7.65E-02,200,,
1667,Palanichamy 1983 PROC INDIAN ACAD SCI,Pred,3.00,,Terrestrial,,Metazoan,Invertebrate,Arachnid,Spider,Marpissa calcutaensis ,Adult female,Metazoan,Invertebrate,Insect,Diptera,Southern house mosquito,Culex fatigans ,Adult,Mean,Y,24,30.0,,1,,0.50,1.01E+01,Alternate order length,Order,4.22E+01,Alternate order length,Order,m^3 per pred per day,1667,0.84,5.00E-07,4.07E-07,5.97E-07,6.55E-02,5.75E-02,7.28E-02,200,,
1668,Palanichamy 1983 PROC INDIAN ACAD SCI,Pred,3.00,,Terrestrial,,Metazoan,Invertebrate,Arachnid,Spider,Marpissa calcutaensis ,Adult female,Metazoan,Invertebrate,Insect,Diptera,Southern house mosquito,Culex fatigans ,Adult,Mean,Y,24,30.0,,1,,1.00,1.01E+01,Alternate order length,Order,4.22E+01,Alternate order length,Order,m^3 per pred per day,1668,0.80,1.09E-06,8.52E-07,1.48E-06,6.44E-02,5.58E-02,7.35E-02,200,,
1669,Buckel and Stoner 2000 J EXP MAR BIO ECOL,Pred,3.00,,Aquatic,Marine,Metazoan,Vertebrate,Fish,Perciformes,Pomatomus saltatrix,Young of the year E,Metazoan,Vertebrate,Fish,,"Atlantic silverside, Striped bass","Menidia menidia, Morone saxatilis",Small,Mean,N,12,20.5,,1,,2492853.77,8.14E+03,Original species length,Species,5.22E+03,Original length,Species,m^3 per pred per day,1669,0.63,2.20E+01,1.43E+01,3.12E+01,4.13E-03,1.67E-10,8.13E-03,200,,
1670,Buckel and Stoner 2000 J EXP MAR BIO ECOL,Pred,3.00,,Aquatic,Marine,Metazoan,Vertebrate,Fish,Perciformes,Pomatomus saltatrix,Young of the year F,Metazoan,Vertebrate,Fish,,"Atlantic silverside, Striped bass","Menidia menidia, Morone saxatilis",Large,Mean,N,24,20.5,,1,,2492853.77,4.38E+04,Original species length,Species,3.02E+04,Original length,Species,m^3 per pred per day,1670,0.14,2.97E+01,9.13E+00,4.63E+02,2.95E-02,1.51E-02,4.62E-02,200,,
1671,Buckel and Stoner 2000 J EXP MAR BIO ECOL,Pred,3.00,,Aquatic,Marine,Metazoan,Vertebrate,Fish,Perciformes,Pomatomus saltatrix,Young of the year G,Metazoan,Vertebrate,Fish,Perciformes,Striped bass,Morone saxatilis,Juvenile C,Mean,N,24,20.5,,1,,2492853.77,2.16E+04,Original species length,Species,9.57E+02,Original speices length,Species,m^3 per pred per day,1671,0.40,2.14E+01,1.43E+01,4.56E+01,2.55E-02,1.85E-02,3.56E-02,200,,
1672,Hassanpour et al 2010 INS SCI,Pred,2.00,,Terrestrial,,Metazoan,Invertebrate,Insect,Neuroptera,Chrysoperla carnea,3rd instar,Metazoan,Invertebrate,Insect,Lepidoptera,Cotton bollworm,Helicoverpa armigera,Egg,Raw data,N,12,26.0,,1,19.63,,4.97E+00,Alternate species length,Family,2.05E-03,Alternate species length,Family,m^2 per pred per day,1672,0.97,7.44E-03,4.93E-03,1.03E-02,1.08E-03,2.49E-11,1.61E-03,200,,
1673,Hassanpour et al 2010 INS SCI,Pred,2.00,,Terrestrial,,Metazoan,Invertebrate,Insect,Neuroptera,Chrysoperla carnea,3rd instar,Metazoan,Invertebrate,Insect,Lepidoptera,Cotton bollworm,Helicoverpa armigera,1st instar,Raw data,N,12,26.0,,1,19.63,,4.97E+00,Alternate species length,Family,2.58E+00,Alternate species mass,,m^2 per pred per day,1673,0.97,8.24E-03,7.22E-03,9.26E-03,1.13E-03,5.43E-04,1.75E-03,200,,
1674,Parajulee 2006 ENVIRON ENTOMOL,Pred,2.00,,Terrestrial,,Metazoan,Invertebrate,Insect,Hemiptera,Nabis capsiformis,Adult,Metazoan,Invertebrate,Insect,Lepidoptera,Corn earworm/Cotton bollworm,Helicoverpa zea,Egg,Mean,N,,29.0,,1,,,4.15E+01,Alternate species length,Order,2.68E-03,Alternate species length,Family,m^2 per pred per day,1674,0.35,1.08E-03,6.34E-04,3.34E-03,5.53E-10,8.48E-12,9.80E-02,200,,
1675,Parajulee 2006 ENVIRON ENTOMOL,Pred,2.00,,Terrestrial,,Metazoan,Invertebrate,Insect,Hemiptera,Orius insidiosus,Adult,Metazoan,Invertebrate,Insect,Lepidoptera,Corn earworm/Cotton bollworm,Helicoverpa zea,Egg,Mean,N,,29.0,,1,,,2.35E-01,Average species mass,,2.68E-03,Alternate species length,Family,m^2 per pred per day,1675,0.19,1.56E-03,8.86E-04,2.69E-03,4.23E-01,2.94E-01,6.02E-01,200,,
1676,Shrestha and Enkegaard 2013 J INS SCI,Pred,2.00,,Terrestrial,,Metazoan,Invertebrate,Insect,Neuroptera,Chrysoperla carnea,3rd instar,Metazoan,Invertebrate,Insect,Hemiptera,,Nasonovia ribisnigri,3rd and 4th instar,Mean,N,24,25.0,,1,50.27,,4.97E+00,Alternate species length,Family,1.95E-01,% adult mass,,m^2 per pred per day,1676,0.87,1.38E-02,9.60E-03,1.88E-02,3.12E-03,2.44E-04,5.19E-03,200,,
1677,Shrestha and Enkegaard 2013 J INS SCI,Pred,2.00,,Terrestrial,,Metazoan,Invertebrate,Insect,Neuroptera,Chrysoperla carnea,3rd instar,Metazoan,Invertebrate,Insect,Thysanoptera,,Frankliniella occidentalis,1st and 2nd instar,Mean,N,24,25.0,,1,50.27,,4.97E+00,Alternate species length,Family,,,,m^2 per pred per day,1677,0.87,1.14E-02,1.10E-02,1.26E-02,2.37E-11,2.35E-11,2.43E-11,200,,
1678,Khan 2012 ORYZA,Pred,2.50,,Terrestrial,,Metazoan,Invertebrate,Arachnid,Spider,Pardosa altitudis ,Female adult,Metazoan,Invertebrate,Insect,Orthoptera,,Oxya nitidula ,2nd instar,Mean,N,24,25.0,,1,,,1.01E+01,Alternate order length,Order,,,,Arenas per pred per day,1678,0.85,4.69E-03,3.44E-03,6.51E-03,3.60E-02,3.04E-02,4.28E-02,200,,
1679,Khan 2012 ORYZA,Pred,2.50,,Terrestrial,,Metazoan,Invertebrate,Arachnid,Spider,Tetragnatha maxillosa ,Female adult,Metazoan,Invertebrate,Insect,Orthoptera,,Oxya nitidula ,2nd instar,Mean,N,24,25.0,,1,,,1.01E+01,Alternate order length,Order,,,,Arenas per pred per day,1679,0.86,5.44E-03,3.85E-03,7.32E-03,4.02E-02,3.52E-02,4.59E-02,200,,
1680,Khan 2012 ORYZA,Pred,2.50,,Terrestrial,,Metazoan,Invertebrate,Arachnid,Spider,Neoscona mukherjei ,Female adult,Metazoan,Invertebrate,Insect,Orthoptera,,Oxya nitidula ,2nd instar,Mean,N,24,25.0,,1,,,7.29E+01,Alternate species length,Order,,,,Arenas per pred per day,1680,0.84,5.66E-03,3.83E-03,7.70E-03,4.16E-02,3.58E-02,4.94E-02,200,,
1681,Khan 2012 ORYZA,Pred,2.50,,Terrestrial,,Metazoan,Invertebrate,Arachnid,Spider,Theridion sp. ,Female adult,Metazoan,Invertebrate,Insect,Orthoptera,,Oxya nitidula ,2nd instar,Mean,N,24,25.0,,1,,,3.70E+00,Alternate genus length,Order,,,,Arenas per pred per day,1681,0.85,5.16E-03,3.50E-03,6.81E-03,4.97E-02,4.36E-02,5.86E-02,200,,
1682,Khan 2012 ORYZA,Pred,2.50,,Terrestrial,,Metazoan,Invertebrate,Arachnid,Spider,Pardosa altitudis ,Female adult,Metazoan,Invertebrate,Insect,Orthoptera,,Oxya nitidula ,3rd instar,Mean,N,24,25.0,,1,,,1.01E+01,Alternate order length,Order,,,,Arenas per pred per day,1682,0.83,6.26E-03,4.42E-03,8.38E-03,4.57E-02,3.93E-02,5.25E-02,200,,
1683,Khan 2012 ORYZA,Pred,2.50,,Terrestrial,,Metazoan,Invertebrate,Arachnid,Spider,Tetragnatha maxillosa ,Female adult,Metazoan,Invertebrate,Insect,Orthoptera,,Oxya nitidula ,3rd instar,Mean,N,24,25.0,,1,,,1.01E+01,Alternate order length,Order,,,,Arenas per pred per day,1683,0.83,6.23E-03,4.43E-03,8.78E-03,5.01E-02,4.37E-02,5.90E-02,200,,
1684,Khan 2012 ORYZA,Pred,2.50,,Terrestrial,,Metazoan,Invertebrate,Arachnid,Spider,Neoscona mukherjei ,Female adult,Metazoan,Invertebrate,Insect,Orthoptera,,Oxya nitidula ,3rd instar,Mean,N,24,25.0,,1,,,7.29E+01,Alternate species length,Order,,,,Arenas per pred per day,1684,0.83,5.65E-03,4.10E-03,7.78E-03,4.60E-02,4.01E-02,5.40E-02,200,,
1685,Khan 2012 ORYZA,Pred,2.50,,Terrestrial,,Metazoan,Invertebrate,Arachnid,Spider,Theridion sp. ,Female adult,Metazoan,Invertebrate,Insect,Orthoptera,,Oxya nitidula ,3rd instar,Mean,N,24,25.0,,1,,,3.70E+00,Alternate genus length,Order,,,,Arenas per pred per day,1685,0.83,5.74E-03,4.04E-03,7.74E-03,6.00E-02,5.03E-02,7.02E-02,200,,
1686,Hassell et al 1977 J OF ANIMAL ECOLOGY,Par,2.50,,Terrestrial,,Metazoan,Invertebrate,Insect,Hymenopteran,Aphidius uzbeckistanicus,Adult?,Metazoan,Invertebrate,Insect,Hemiptera,,Hylopteroides humilis,3rd instar,Mean,N,,15.0,,1,77.00,1655.50,8.07E-01,Alternate species length,Family,1.04E-01,% adult mass,,m^2.5 per pred per day,1686,0.96,3.77E-03,3.13E-03,4.89E-03,2.01E-09,2.72E-11,1.06E-02,200,,
1687,Hassell et al 1977 J OF ANIMAL ECOLOGY,Par,2.50,,Terrestrial,,Metazoan,Invertebrate,Insect,Hymenopteran,Aphidius uzbeckistanicus,Adult?,Metazoan,Invertebrate,Insect,Hemiptera,,Metopolophium dirhodum,Adult?,Mean,N,,15.0,,1,77.00,1655.50,8.07E-01,Alternate species length,Family,8.07E-01,Alternate species length,Family,m^2.5 per pred per day,1687,0.97,7.63E-03,5.94E-03,9.11E-03,1.51E-02,9.03E-03,1.96E-02,200,,
1688,Turnbull 1962 CANADIAN ENTOMOL,Pred,2.50,,Terrestrial,,Metazoan,Invertebrate,Arachnid,Spider,Linyphia triangularis,1st instar,Metazoan,Invertebrate,Insect,Diptera,,Drosophila melanogaster,Adult,Mean,N,,19.5,,1,20.27,180.19,,,,1.02E+00,Alternate species mass,,m^2.5 per pred per day,1688,0.16,7.45E-04,5.19E-04,1.03E-03,6.78E-01,4.93E-01,8.62E-01,200,,
1689,Turnbull 1962 CANADIAN ENTOMOL,Pred,2.50,,Terrestrial,,Metazoan,Invertebrate,Arachnid,Spider,Linyphia triangularis,2nd instar,Metazoan,Invertebrate,Insect,Diptera,,Drosophila melanogaster,Adult,Mean,N,,19.5,,1,20.27,180.19,,,,1.02E+00,Alternate species mass,,m^2.5 per pred per day,1689,0.30,8.01E-04,6.03E-04,1.07E-03,1.29E-01,1.64E-02,2.32E-01,200,,
1690,Turnbull 1962 CANADIAN ENTOMOL,Pred,2.50,,Terrestrial,,Metazoan,Invertebrate,Arachnid,Spider,Linyphia triangularis,3rd instar,Metazoan,Invertebrate,Insect,Diptera,,Drosophila melanogaster,Adult,Mean,N,,19.5,,1,20.27,180.19,,,,1.02E+00,Alternate species mass,,m^2.5 per pred per day,1690,0.27,8.30E-04,6.81E-04,1.10E-03,4.98E-02,3.37E-08,1.29E-01,200,,
1691,Turnbull 1962 CANADIAN ENTOMOL,Pred,2.50,,Terrestrial,,Metazoan,Invertebrate,Arachnid,Spider,Linyphia triangularis,4th instar,Metazoan,Invertebrate,Insect,Diptera,,Drosophila melanogaster,Adult,Mean,N,,19.5,,1,20.27,180.19,,,,1.02E+00,Alternate species mass,,m^2.5 per pred per day,1691,0.13,1.01E-03,8.31E-04,1.61E-03,4.33E-02,2.34E-08,1.35E-01,200,,
1692,Turnbull 1962 CANADIAN ENTOMOL,Pred,2.50,,Terrestrial,,Metazoan,Invertebrate,Arachnid,Spider,Linyphia triangularis,Adult female,Metazoan,Invertebrate,Insect,Diptera,,Drosophila melanogaster,Adult,Mean,N,,19.5,,1,20.27,180.19,2.26E+01,Alternate species length,Order,1.02E+00,Alternate species mass,,m^2.5 per pred per day,1692,0.18,7.49E-04,6.63E-04,8.29E-04,1.96E-08,1.19E-08,1.29E-07,200,,
1693,Turnbull 1962 CANADIAN ENTOMOL,Pred,2.50,,Terrestrial,,Metazoan,Invertebrate,Arachnid,Spider,Linyphia triangularis,Adult male,Metazoan,Invertebrate,Insect,Diptera,,Drosophila melanogaster,Adult,Mean,N,,19.5,,1,20.27,180.19,1.37E+01,Alternate species length,Order,1.02E+00,Alternate species mass,,m^2.5 per pred per day,1693,0.03,4.60E-04,2.35E-04,1.70E-03,6.07E-01,1.87E-01,9.75E-01,200,,
1694,Townsend and Risebrow 1982 OEC,Pred,3.00,,Aquatic,Fresh,Metazoan,Vertebrate,Fish,Cypriniformes,Abramis brama,Underyearling,Metazoan,Invertebrate,Crustacean,Cladoceran,Daphnia,Daphnia magna,Adult?,Mean,N,24,25.0,,1,,1800.00,3.54E+03,Original species length,Species ,2.20E+00,Average species mass,,m^3 per pred per day,1694,0.41,6.80E-01,4.24E-01,1.04E+00,5.90E-11,2.22E-11,1.92E-04,200,Light = 1.25 Lux,
1695,Koski and Johnson 2002,Pred,3.00,,Aquatic,Fresh,Metazoan,Vertebrate,Fish,Salmoniformes,Oncorhynchus nerka,"Fingerling, 2m old",Metazoan,Invertebrate,Crustacean,Cladoceran,Daphnia,Daphnia spp.,,Raw data,Y,19.7,19.0,,1,,35000.00,3.00E+03,Original species mass,,,,,m^3 per pred per day,1695,0.58,9.00E+01,7.49E+01,2.76E+02,1.22E-12,5.86E-14,1.90E-05,200,30 Lux,
1696,DeMott 1982 LIMNO OCEANO,Pred,3.00,,Aquatic,,Metazoan,Invertebrate,Crustacean,Cladoceran,Daphnia rosea ,Adult female,Unicell,Algae,Chlorophyte,,,Chlamydomonas reinhardi,,Mean,N,0.666666667,15.0,,20,,900.00,1.51E-07,Alternate species length,Density,,,,m^3 per pred per day,1696,0.95,2.24E-05,1.78E-05,2.75E-05,4.14E-06,3.76E-06,4.56E-06,200,,
1697,DeMott 1982 LIMNO OCEANO,Pred,3.00,,Aquatic,,Metazoan,Invertebrate,Crustacean,Cladoceran,Bosmina longirostris ,Adult female,Unicell,Algae,Chlorophyte,,,Chlamydomonas reinhardi,,Mean,N,0.666666667,15.0,,20,,900.00,1.51E-07,Alternate species length,Density,,,,m^3 per pred per day,1697,0.86,1.57E-04,1.29E-04,1.88E-04,3.98E-06,3.66E-06,4.33E-06,200,,
1698,Burns & Rigler 1967 LIMNO OCEANO,Pred,3.00,,Aquatic,,Metazoan,Invertebrate,Crustacean,Cladoceran,Daphnia rosea ,Adult,Unicell,Fungi,Basidiomycote,,,Rhodotorula glutinis,Adult?,Mean,N,0,20.0,,15,,200.00,1.51E-07,Alternate species length,Density,,,,m^3 per pred per day,1698,0.95,8.06E-05,7.82E-05,8.32E-05,3.68E-07,3.63E-07,3.74E-07,200,,
1699,Porter et al 1982 LIMNO OCEANO,Pred,3.00,,Aquatic,,Metazoan,Invertebrate,Crustacean,Cladoceran,Daphnia magna ,Adult,Unicell,Algae,Chlorophyte,,,Chlamydomonas reinhardi ,Adult?,Mean,N,0,20.0,,10,,100.00,7.91E-01,Average species mass,,,,,m^3 per pred per day,1699,0.51,4.55E-06,3.05E-06,8.48E-06,1.51E-06,1.28E-06,1.75E-06,200,,
1700,McMahon et al 1965 LIMNO OCEANO,Pred,3.00,,Aquatic,,Metazoan,Invertebrate,Crustacean,Cladoceran,Daphnia magna ,Adult?,Unicell,Prokaryote,Eubacteria,,,Escherichia coli ,,Mean,N,0,20.0,,20,,,7.91E-01,Average species mass,,,,,m^3 per pred per day,1700,0.95,1.40E-04,1.35E-04,1.44E-04,3.58E-06,3.52E-06,3.63E-06,200,,
1701,McMahon et al 1965 LIMNO OCEANO,Pred,3.00,,Aquatic,,Metazoan,Invertebrate,Crustacean,Cladoceran,Daphnia magna ,Adult?,Unicell,Algae,Chlorophyte,,,Chlorella vulgaris,,Mean,N,0,20.0,,100,,,7.91E-01,Average species mass,,,,,m^3 per pred per day,1701,0.92,1.08E-04,1.05E-04,1.11E-04,7.01E-08,6.92E-08,7.12E-08,200,,
1702,McMahon et al 1965 LIMNO OCEANO,Pred,3.00,,Aquatic,,Metazoan,Invertebrate,Crustacean,Cladoceran,Daphnia magna ,Adult?,Unicell,Fungi,Yeast,,,Saccharomyces cerevisiae,,Mean,N,0,20.0,,50,,,7.91E-01,Average species mass,,,,,m^3 per pred per day,1702,0.94,5.31E-05,5.09E-05,5.61E-05,1.76E-07,1.72E-07,1.80E-07,200,,
1703,McMahon et al 1965 LIMNO OCEANO,Pred,3.00,,Aquatic,,Metazoan,Invertebrate,Crustacean,Cladoceran,Daphnia magna ,Adult?,Unicell,Protozoan,Ciliate,,,Tetrahymena pyriformis,,Mean,N,0,20.0,,100,,,7.91E-01,Average species mass,,,,,m^3 per pred per day,1703,0.62,1.59E-07,1.46E-07,1.71E-07,1.19E-05,1.14E-05,1.23E-05,200,,
1704,McQueen 1968 J OF THE FISH RESEARCH BOARD OF CAN,Pred,3.00,,Aquatic,,Metazoan,Invertebrate,Crustacean,Copepod,Cyclops bicuspidatus thomasi,Copepodids IV and V and Adults ,Metazoan,Invertebrate,Crustacean,Copepod,,Cyclops bicuspidatus thomasi,Nauplii,Mean,N,,17.5,,5,,65.00,2.12E-01,Alternate order mass,,,,,m^3 per pred per day,1704,0.27,7.75E-06,4.70E-06,1.54E-05,1.89E-01,4.88E-10,4.78E-01,200,,
1705,McQueen 1968 J OF THE FISH RESEARCH BOARD OF CAN,Pred,3.00,,Aquatic,,Metazoan,Invertebrate,Crustacean,Copepod,Cyclops bicuspidatus thomasi,Copepodids IV and V and Adults ,Metazoan,Invertebrate,Crustacean,Copepod,,Cyclops bicuspidatus thomasi,Copepodids I-III,Mean,N,,17.5,,5,,65.00,2.12E-01,Alternate order mass,,1.67E-02,Alternate order mass,,m^3 per pred per day,1705,0.14,2.56E-06,1.38E-06,2.59E-05,4.96E-10,4.14E-10,1.38E+00,200,,
1706,McQueen 1968 J OF THE FISH RESEARCH BOARD OF CAN,Pred,3.00,,Aquatic,,Metazoan,Invertebrate,Crustacean,Copepod,Cyclops bicuspidatus thomasi,Copepodids IV and V and Adults ,Metazoan,Invertebrate,Crustacean,Copepod,,Diaptomus oregonensis and Diaptomus hesperus,Nauplii,Mean,N,,17.5,,5,,65.00,2.12E-01,Alternate order mass,,,,,m^3 per pred per day,1706,0.82,6.71E-06,3.36E-06,1.14E-05,2.93E-01,4.94E-10,5.48E-01,200,,
1707,McQueen 1968 J OF THE FISH RESEARCH BOARD OF CAN,Pred,3.00,,Aquatic,,Metazoan,Invertebrate,Crustacean,Copepod,Cyclops bicuspidatus thomasi,Copepodids IV and V and Adults ,Metazoan,Invertebrate,Crustacean,Copepod,,Diaptomus oregonensis and Diaptomus hesperus,Copepodids,Mean,N,,17.5,,5,,65.00,2.12E-01,Alternate order mass,,,,,m^3 per pred per day,1707,0.32,3.49E-07,2.04E-07,5.54E-07,2.63E-05,9.55E-13,3.34E+00,200,,
1708,McQueen 1968 J OF THE FISH RESEARCH BOARD OF CAN,Pred,3.00,,Aquatic,,Metazoan,Invertebrate,Crustacean,Copepod,Cyclops bicuspidatus thomasi,Copepodids IV and V and Adults ,Metazoan,Invertebrate,Crustacean,Copepod,,Ceriodaphnia sp.,Adult?,Mean,N,,17.5,,5,,65.00,2.12E-01,Alternate order mass,,9.74E-01,Average order mass,,m^3 per pred per day,1708,0.30,1.85E-06,1.04E-06,7.02E-06,4.58E-10,1.99E-12,3.21E+00,200,,
1709,McQueen 1968 J OF THE FISH RESEARCH BOARD OF CAN,Pred,3.00,,Aquatic,,Metazoan,Invertebrate,Crustacean,Copepod,Cyclops bicuspidatus thomasi,Copepodids IV and V and Adults ,Metazoan,Invertebrate,Rotifer,,,Keratella cochlearis,Adult?,Mean,N,,17.5,,5,,65.00,2.12E-01,Alternate order mass,,2.50E-05,Alternate species mass,,m^3 per pred per day,1709,0.60,7.74E-06,6.45E-06,9.59E-06,4.28E-02,5.00E-10,8.91E-02,200,,
1710,Rigler 1961 CANADIAN J OF ZOO,Pred,3.00,,Aquatic,,Metazoan,Invertebrate,Crustacean,Cladoceran,Daphnia magna ,Adult?,Unicell,Fungi,Yeast,,,Saccharomyces cerevisiae,,Mean,N,,,,50,,,7.91E-01,Average species mass,,,,,m^3 per pred per day,1710,0.95,1.14E+04,1.11E+04,1.17E+04,1.39E-07,1.36E-07,1.41E-07,200,,
1711,Ryther 1954 ECO,Pred,3.00,,Aquatic,,Metazoan,Invertebrate,Crustacean,Cladoceran,Daphnia magna ,Adult?,Unicell,Algae,Chlorophyte,,,Chlorella vulgaris,,Mean,N,0,19.0,,25,,100.00,7.91E-01,Average species mass,,,,,m^3 per pred per day,1711,0.97,1.00E+04,9.71E+03,1.05E+04,2.00E-07,1.90E-07,2.11E-07,200,,
1712,Murdie & Hassell 1973 MATH THEORY DYNAMICS OF BIO POPS,Pred,2.00,,Terrestrial,,Metazoan,Invertebrate,Insect,Diptera,Musca domestica,Adult,Non living food,Non living food,Non living food,,,Sugar droplets,Clumped,Mean,N,24,20.0,,1,47.00,,8.69E+00,Alternate species length,Order,,,,m^2 per pred per day,1712,0.25,5.11E-01,2.26E-01,2.03E+00,4.83E-04,2.89E-04,7.10E-04,200,,
1713,Murdie & Hassell 1973 MATH THEORY DYNAMICS OF BIO POPS,Pred,2.00,,Terrestrial,,Metazoan,Invertebrate,Insect,Diptera,Musca domestica,Adult,Non living food,Non living food,Non living food,,,Sugar droplets,Evenly spaced,Mean,N,24,20.0,,1,47.00,,8.69E+00,Alternate species length,Order,,,,m^2 per pred per day,1713,0.66,7.10E-02,5.40E-02,1.23E-01,6.03E-06,2.36E-11,5.56E-04,200,,
1714,Gotoh et al 2004 APPL ENTOMOL ZOOL,Pred,2.00,,Terrestrial,,Metazoan,Invertebrate,Arachnid,Mite,Amblyseius californicus,Adult female,Metazoan,Invertebrate,Arachnid,Mite,Two-spotted spider mite,Tetranychus urticae,Egg,Mean,N,,20.0,,1,4.00,,6.13E-02,Alternate order mass,,2.11E-03,Alternate species length,Class,m^2 per pred per day,1714,0.66,4.88E-04,3.23E-04,6.59E-04,3.50E-02,3.12E-02,3.99E-02,200,,
1715,Gotoh et al 2004 APPL ENTOMOL ZOOL,Pred,2.00,,Terrestrial,,Metazoan,Invertebrate,Arachnid,Mite,Amblyseius californicus,Adult female,Metazoan,Invertebrate,Arachnid,Mite,Two-spotted spider mite,Tetranychus urticae,Egg,Mean,N,,25.0,,1,4.00,,6.13E-02,Alternate order mass,,2.11E-03,Alternate species length,Class,m^2 per pred per day,1715,0.76,5.24E-04,3.88E-04,7.49E-04,2.93E-02,2.65E-02,3.23E-02,200,,
1716,Gotoh et al 2004 APPL ENTOMOL ZOOL,Pred,2.00,,Terrestrial,,Metazoan,Invertebrate,Arachnid,Mite,Amblyseius californicus,Adult female,Metazoan,Invertebrate,Arachnid,Mite,Two-spotted spider mite,Tetranychus urticae,Egg,Mean,N,,30.0,,1,4.00,,6.13E-02,Alternate order mass,,2.11E-03,Alternate species length,Class,m^2 per pred per day,1716,0.78,4.83E-04,3.64E-04,6.29E-04,2.04E-02,1.83E-02,2.35E-02,200,,
1717,Gotoh et al 2004 APPL ENTOMOL ZOOL,Pred,2.00,,Terrestrial,,Metazoan,Invertebrate,Insect,Thysanoptera,Scolothrips takahashii,Adult female,Metazoan,Invertebrate,Arachnid,Mite,Two-spotted spider mite,Tetranychus urticae,Egg,Mean,N,,20.0,,1,4.00,,4.25E-02,Alternate order length,Order,2.11E-03,Alternate species length,Class,m^2 per pred per day,1717,0.50,3.75E-04,2.79E-04,4.86E-04,2.09E-02,1.81E-02,2.34E-02,200,,
1718,Gotoh et al 2004 APPL ENTOMOL ZOOL,Pred,2.00,,Terrestrial,,Metazoan,Invertebrate,Insect,Thysanoptera,Scolothrips takahashii,Adult female,Metazoan,Invertebrate,Arachnid,Mite,Two-spotted spider mite,Tetranychus urticae,Egg,Mean,N,,25.0,,1,4.00,,4.25E-02,Alternate order length,Order,2.11E-03,Alternate species length,Class,m^2 per pred per day,1718,0.57,5.94E-04,4.60E-04,7.87E-04,1.33E-02,1.18E-02,1.52E-02,200,,
1719,Gotoh et al 2004 APPL ENTOMOL ZOOL,Pred,2.00,,Terrestrial,,Metazoan,Invertebrate,Insect,Thysanoptera,Scolothrips takahashii,Adult female,Metazoan,Invertebrate,Arachnid,Mite,Two-spotted spider mite,Tetranychus urticae,Egg,Mean,N,,30.0,,1,4.00,,4.25E-02,Alternate order length,Order,2.11E-03,Alternate species length,Class,m^2 per pred per day,1719,0.70,6.60E-04,5.02E-04,8.70E-04,8.87E-03,7.60E-03,1.00E-02,200,,
1720,Losey and Denno 1998 ECOLOGY,Pred,2.50,,Terrestrial,,Metazoan,Invertebrate,Insect,Coleoptera,Coccinella septempunctata and Harpalus pennsylvanicus,Adult,Metazoan,Invertebrate,Insect,Hemiptera,Pea aphid,Acyrthosiphon pisum,4th/5th instar,Mean,N,,,,2,113.10,2261.95,7.38E+01,Average species mass,,1.64E+00,Alternate species length,Family,m^2.5 per pred per day,1720,0.78,4.74E-03,3.66E-03,6.59E-03,1.06E-02,4.67E-10,2.82E-02,200,,
1721,Kumar et al 2014 EUR J ENTOMOL,Pred,2.00,,Terrestrial,,Metazoan,Invertebrate,Insect,Coleoptera,Coccinella transversalis and Coccinella septempunctata,Adult female,Metazoan,Invertebrate,Insect,Hemiptera,,Acyrthosiphon pisum,,Raw data,N,12,27.0,,2,165.13,,2.02E+01,Average species mass,,2.18E+00,Alternate species length,Family,m^2 per pred per day,1721,0.91,1.22E-02,1.16E-02,1.28E-02,2.44E-11,2.39E-11,2.47E-11,200,2 pred per arena,
1722,Tenhumberg 1995 ENVIRON ENTOMOL,Pred,2.50,,Terrestrial,,Metazoan,Invertebrate,Insect,Diptera,Episyrphus balteatus,4d old larva,Metazoan,Invertebrate,Insect,Hemiptera,,"Sitobion avenae, Metopolophium dirhodum",,Raw data,N,,,,85-1060,100000.00,,5.45E+01,% adult mass,,9.40E-01,Average species mass,,m^2.5 per pred per day,1722,0.92,8.46E-05,6.25E-05,1.13E-04,1.01E-02,6.50E-03,1.34E-02,200,,
1723,Quinn et al 2003 CAN J FISH AQUAT SCI,Pred,2.00,Field,Terrestrial,,Metazoan,Vertebrate,Mammal,,Ursus arctos,Adult?,Metazoan,Vertebrate,Fish,Salmonidae,Sockeye salmon,Oncorhynchus nerka,Adult?,Raw data,N,,,,,,,2.78E+08,Alternate species mass,,1.00E+06,Alternate species length,Genus,m^2 per pred per day,1723,0.41,2.40E+01,1.74E+01,4.00E+01,8.41E-02,5.93E-02,1.26E-01,200,Number of bears unknown,
1724,Quinn et al 2003 CAN J FISH AQUAT SCI,Pred,2.00,Field,Terrestrial,,Metazoan,Vertebrate,Mammal,,Ursus arctos,Adult?,Metazoan,Vertebrate,Fish,Salmonidae,Sockeye salmon,Oncorhynchus nerka,Adult?,Raw data,N,,,,,,,2.78E+08,Alternate species mass,,1.00E+06,Alternate species length,Genus,m^2 per pred per day,1724,0.62,2.30E+01,1.13E+01,3.81E+01,7.33E-02,2.28E-02,1.01E-01,200,Number of bears unknown,
1725,Quinn et al 2003 CAN J FISH AQUAT SCI,Pred,2.00,Field,Terrestrial,,Metazoan,Vertebrate,Mammal,,Ursus arctos,Adult?,Metazoan,Vertebrate,Fish,Salmonidae,Sockeye salmon,Oncorhynchus nerka,Adult?,Raw data,N,,,,,,,2.78E+08,Alternate species mass,,1.00E+06,Alternate species length,Genus,m^2 per pred per day,1725,0.67,2.30E+01,1.34E+01,4.24E+01,1.26E-01,3.56E-10,3.48E-01,200,Number of bears unknown,
1726,Quinn et al 2003 CAN J FISH AQUAT SCI,Pred,2.00,Field,Terrestrial,,Metazoan,Vertebrate,Mammal,,Ursus arctos,Adult?,Metazoan,Vertebrate,Fish,Salmonidae,Sockeye salmon,Oncorhynchus nerka,Adult?,Raw data,N,,,,,,,2.78E+08,Alternate species mass,,1.00E+06,Alternate species length,Genus,m^2 per pred per day,1726,0.89,7.28E+00,5.81E+00,1.44E+01,1.93E-09,3.87E-10,4.52E-01,200,Number of bears unknown,
1727,Quinn et al 2003 CAN J FISH AQUAT SCI,Pred,2.00,Field,Terrestrial,,Metazoan,Vertebrate,Mammal,,Ursus arctos,Adult?,Metazoan,Vertebrate,Fish,Salmonidae,Sockeye salmon,Oncorhynchus nerka,Adult?,Raw data,N,,,,,,,2.78E+08,Alternate species mass,,1.00E+06,Alternate species length,Genus,m^2 per pred per day,1727,0.05,8.34E+03,3.82E+03,1.87E+04,6.42E-03,5.56E-03,7.35E-03,200,Number of bears unknown,
1728,Quinn et al 2003 CAN J FISH AQUAT SCI,Pred,2.00,Field,Terrestrial,,Metazoan,Vertebrate,Mammal,,Ursus arctos,Adult?,Metazoan,Vertebrate,Fish,Salmonidae,Sockeye salmon,Oncorhynchus nerka,Adult?,Raw data,N,,,,,,,2.78E+08,Alternate species mass,,1.00E+06,Alternate species length,Genus,m^2 per pred per day,1728,0.71,9.85E+02,5.95E+02,1.55E+03,1.42E-03,1.73E-04,2.32E-03,200,Number of bears unknown,
1729,Quinn et al 2003 CAN J FISH AQUAT SCI,Pred,2.00,Field,Terrestrial,,Metazoan,Vertebrate,Mammal,,Ursus arctos,Adult?,Metazoan,Vertebrate,Fish,Salmonidae,Sockeye salmon,Oncorhynchus nerka,Adult?,Raw data,N,,,,,,,2.78E+08,Alternate species mass,,1.00E+06,Alternate species length,Genus,m^2 per pred per day,1729,0.62,4.52E+03,2.65E+03,1.02E+04,1.51E-03,2.54E-11,5.82E-03,200,Number of bears unknown,
1730,Griffen and Delaney 2007 Ecology,Pred,2.00,,Aquatic,,Metazoan,Invertebrate,Crustacean,Decapod,Carcinus maenas,Adult,Metazoan,Invertebrate,Mollusk,Bivalve,Blue mussel,Mytilus edulis,Adult,Mean,N,,,Y,1,3000.00,,,,,,,,m^2 per pred per day,1730,0.30,6.77E-01,3.81E-01,1.79E+00,2.83E-03,2.12E-11,2.58E-02,200,40-60 mm CW,
1731,Griffen and Delaney 2007 Ecology,Pred,2.00,,Aquatic,,Metazoan,Invertebrate,Crustacean,Decapod,Carcinus maenas,Adult,Metazoan,Invertebrate,Mollusk,Bivalve,Blue mussel,Mytilus edulis,Adult,Mean,N,,,Y,2,3000.00,,,,,,,,m^2 per pred per day,1731,0.42,2.61E-01,1.59E-01,4.08E-01,4.88E-10,2.25E-11,2.13E-02,200,,
1732,Griffen and Delaney 2007 Ecology,Pred,2.00,,Aquatic,,Metazoan,Invertebrate,Crustacean,Decapod,Carcinus maenas,Adult,Metazoan,Invertebrate,Mollusk,Bivalve,Blue mussel,Mytilus edulis,Adult,Mean,N,,,Y,4,3000.00,,,,,,,,m^2 per pred per day,1732,0.43,1.19E-01,7.88E-02,1.76E-01,4.52E-10,1.68E-11,4.09E-02,200,,
1733,Griffen and Delaney 2007 Ecology,Pred,2.00,,Aquatic,,Metazoan,Invertebrate,Crustacean,Decapod,Hemigrapsus sanguineus,Adult,Metazoan,Invertebrate,Mollusk,Bivalve,Blue mussel,Mytilus edulis,Adult,Mean,N,,,Y,1,3000.00,,,,,,,,m^2 per pred per day,1733,0.34,1.97E-01,1.15E-01,2.98E-01,4.63E-10,1.88E-11,4.61E-02,200,25-33 mm CW,
1734,Griffen and Delaney 2007 Ecology,Pred,2.00,,Aquatic,,Metazoan,Invertebrate,Crustacean,Decapod,Hemigrapsus sanguineus,Adult,Metazoan,Invertebrate,Mollusk,Bivalve,Blue mussel,Mytilus edulis,Adult,Mean,N,,,Y,2,3000.00,,,,,,,,m^2 per pred per day,1734,0.38,1.22E-01,7.61E-02,1.93E-01,2.25E-09,4.67E-12,5.13E-02,200,,
1735,Griffen and Delaney 2007 Ecology,Pred,2.00,,Aquatic,,Metazoan,Invertebrate,Crustacean,Decapod,Hemigrapsus sanguineus,Adult,Metazoan,Invertebrate,Mollusk,Bivalve,Blue mussel,Mytilus edulis,Adult,Mean,N,,,Y,4,3000.00,,,,,,,,m^2 per pred per day,1735,0.48,5.17E-02,3.20E-02,8.06E-02,5.15E-10,2.67E-11,2.22E-02,200,,
1736,Taylor 1988 J ANIMAL ECO,Pred,2.00,,Terrestrial,,Metazoan,Invertebrate,Insect,Hymenoptera,Bracon hebetor,Adult female,Metazoan,Invertebrate,Insect,Lepidoptera,Mediterranean flour moth,Anagasta kuehniella,Small larvae,Raw data,N,,,Y,1,176.71,,,,,2.25E+01,Original species mass,,m^2 per pred per day,1736,0.64,1.73E-02,9.04E-03,2.70E-02,1.59E-01,2.42E-02,2.11E-01,200,,
1737,Taylor 1988 J ANIMAL ECO,Pred,2.00,,Terrestrial,,Metazoan,Invertebrate,Insect,Hymenoptera,Bracon hebetor,Adult female,Metazoan,Invertebrate,Insect,Lepidoptera,Mediterranean flour moth,Anagasta kuehniella,Small larvae,Raw data,N,,,Y,2,176.71,,,,,2.25E+01,Original species mass,,m^2 per pred per day,1737,0.35,1.45E-02,8.55E-03,2.60E-02,1.88E-01,1.30E-01,2.46E-01,200,,
1738,Taylor 1988 J ANIMAL ECO,Pred,2.00,,Terrestrial,,Metazoan,Invertebrate,Insect,Hymenoptera,Bracon hebetor,Adult female,Metazoan,Invertebrate,Insect,Lepidoptera,Mediterranean flour moth,Anagasta kuehniella,Small larvae,Raw data,N,,,Y,4,176.71,,,,,2.25E+01,Original species mass,,m^2 per pred per day,1738,0.74,5.98E-03,4.38E-03,1.08E-02,1.90E-01,1.42E-01,2.75E-01,200,,
1739,Taylor 1988 J ANIMAL ECO,Pred,2.00,,Terrestrial,,Metazoan,Invertebrate,Insect,Hymenoptera,Bracon hebetor,Adult female,Metazoan,Invertebrate,Insect,Lepidoptera,Mediterranean flour moth,Anagasta kuehniella,Medium larvae,Raw data,N,,,Y,1,176.71,,,,,3.00E+01,Original species mass,,m^2 per pred per day,1739,0.20,4.14E-02,2.21E-02,2.05E-01,2.68E-01,1.97E-01,3.52E-01,200,,
1740,Taylor 1988 J ANIMAL ECO,Pred,2.00,,Terrestrial,,Metazoan,Invertebrate,Insect,Hymenoptera,Bracon hebetor,Adult female,Metazoan,Invertebrate,Insect,Lepidoptera,Mediterranean flour moth,Anagasta kuehniella,Medium larvae,Raw data,N,,,Y,2,176.71,,,,,3.00E+01,Original species mass,,m^2 per pred per day,1740,0.39,1.34E-02,7.08E-03,3.04E-02,1.95E-01,1.32E-01,2.42E-01,200,,
1741,Taylor 1988 J ANIMAL ECO,Pred,2.00,,Terrestrial,,Metazoan,Invertebrate,Insect,Hymenoptera,Bracon hebetor,Adult female,Metazoan,Invertebrate,Insect,Lepidoptera,Mediterranean flour moth,Anagasta kuehniella,Medium larvae,Raw data,N,,,Y,4,176.71,,,,,3.00E+01,Original species mass,,m^2 per pred per day,1741,0.69,6.82E-03,4.80E-03,1.02E-02,2.04E-01,1.60E-01,2.39E-01,200,,
1742,Taylor 1988 J ANIMAL ECO,Pred,2.00,,Terrestrial,,Metazoan,Invertebrate,Insect,Hymenoptera,Bracon hebetor,Adult female,Metazoan,Invertebrate,Insect,Lepidoptera,Indianmeal moth,Plodia interpunctella,Small larvae,Raw data,N,,,Y,1,176.71,,,,,1.25E+01,Original species mass,,m^2 per pred per day,1742,0.42,2.11E-02,1.25E-02,3.95E-02,1.78E-01,1.27E-01,2.37E-01,200,,
1743,Taylor 1988 J ANIMAL ECO,Pred,2.00,,Terrestrial,,Metazoan,Invertebrate,Insect,Hymenoptera,Bracon hebetor,Adult female,Metazoan,Invertebrate,Insect,Lepidoptera,Indianmeal moth,Plodia interpunctella,Small larvae,Raw data,N,,,Y,2,176.71,,,,,1.25E+01,Original species mass,,m^2 per pred per day,1743,0.43,1.07E-02,5.51E-03,2.92E-02,1.63E-01,8.62E-02,2.71E-01,200,,
1744,Taylor 1988 J ANIMAL ECO,Pred,2.00,,Terrestrial,,Metazoan,Invertebrate,Insect,Hymenoptera,Bracon hebetor,Adult female,Metazoan,Invertebrate,Insect,Lepidoptera,Indianmeal moth,Plodia interpunctella,Small larvae,Raw data,N,,,Y,4,176.71,,,,,1.25E+01,Original species mass,,m^2 per pred per day,1744,0.66,6.43E-03,4.53E-03,1.12E-02,1.61E-01,1.11E-01,2.19E-01,200,,
1745,Taylor 1988 J ANIMAL ECO,Pred,2.00,,Terrestrial,,Metazoan,Invertebrate,Insect,Hymenoptera,Bracon hebetor,Adult female,Metazoan,Invertebrate,Insect,Lepidoptera,Indianmeal moth,Plodia interpunctella,Medium larvae,Raw data,N,,,Y,1,176.71,,,,,1.75E+01,Original species mass,,m^2 per pred per day,1745,0.36,1.37E-02,4.99E-03,5.06E-02,1.36E-01,9.15E-03,2.85E-01,200,,
1746,Taylor 1988 J ANIMAL ECO,Pred,2.00,,Terrestrial,,Metazoan,Invertebrate,Insect,Hymenoptera,Bracon hebetor,Adult female,Metazoan,Invertebrate,Insect,Lepidoptera,Indianmeal moth,Plodia interpunctella,Medium larvae,Raw data,N,,,Y,2,176.71,,,,,1.75E+01,Original species mass,,m^2 per pred per day,1746,0.54,1.33E-02,7.41E-03,2.03E-02,1.87E-01,1.45E-01,2.25E-01,200,,
1747,Taylor 1988 J ANIMAL ECO,Pred,2.00,,Terrestrial,,Metazoan,Invertebrate,Insect,Hymenoptera,Bracon hebetor,Adult female,Metazoan,Invertebrate,Insect,Lepidoptera,Indianmeal moth,Plodia interpunctella,Medium larvae,Raw data,N,,,Y,4,176.71,,,,,1.75E+01,Original species mass,,m^2 per pred per day,1747,0.62,6.65E-03,4.63E-03,1.10E-02,1.83E-01,1.50E-01,2.44E-01,200,,
1748,Vucetich et al 2002 Ecology,Pred,2.00,Field,Terrestrial,,Metazoan,Vertebrate,Mammal,Carnivora,Canis lupus ,,Metazoan,Vertebrate,Mammal,,Moose,Alces alces,Adult?,Raw data,Y,,,,1,,,2.66E+07,Alternate species mass,,3.86E+08,Alternate species mass,,m^2 per pred per day,1748,0.18,5.21E+01,3.76E+01,8.49E+01,1.16E+01,5.57E+00,1.81E+01,200,Experiment conducted on island (544 km2),
1749,Hassell 1971 J ANIMAL ECO,Pred,2.00,,Terrestrial,,Metazoan,Invertebrate,Insect,Hymenoptera,Nemeritis canescens ,Adult female,Metazoan,Invertebrate,Insect,Lepidoptera,Almond moth,Ephestia cautella,3rd instar,Mean,N,,25.0,Y,1,504.00,,,,,,,,m^2 per pred per day,1749,0.71,2.64E-02,2.19E-02,4.01E-02,4.92E-10,2.64E-11,6.16E-03,200,,
1750,Hassell 1971 J ANIMAL ECO,Pred,2.00,,Terrestrial,,Metazoan,Invertebrate,Insect,Hymenoptera,Nemeritis canescens ,Adult female,Metazoan,Invertebrate,Insect,Lepidoptera,Almond moth,Ephestia cautella,3rd instar,Mean,N,,25.0,Y,2,504.00,,,,,,,,m^2 per pred per day,1750,0.74,7.48E-03,6.30E-03,1.20E-02,4.83E-10,4.53E-10,6.82E-03,200,,
1751,Hassell 1971 J ANIMAL ECO,Pred,2.00,,Terrestrial,,Metazoan,Invertebrate,Insect,Hymenoptera,Nemeritis canescens ,Adult female,Metazoan,Invertebrate,Insect,Lepidoptera,Almond moth,Ephestia cautella,3rd instar,Mean,N,,25.0,Y,4,504.00,,,,,,,,m^2 per pred per day,1751,0.77,4.27E-03,3.46E-03,6.82E-03,5.00E-10,4.46E-10,2.19E-02,200,,
1752,Hassell 1971 J ANIMAL ECO,Pred,2.00,,Terrestrial,,Metazoan,Invertebrate,Insect,Hymenoptera,Nemeritis canescens ,Adult female,Metazoan,Invertebrate,Insect,Lepidoptera,Almond moth,Ephestia cautella,3rd instar,Mean,N,,25.0,Y,8,504.00,,,,,,,,m^2 per pred per day,1752,0.79,2.72E-03,2.42E-03,4.01E-03,5.02E-10,2.89E-10,2.89E-02,200,,
1753,Hassell 1971 J ANIMAL ECO,Pred,2.00,,Terrestrial,,Metazoan,Invertebrate,Insect,Hymenoptera,Nemeritis canescens ,Adult female,Metazoan,Invertebrate,Insect,Lepidoptera,Almond moth,Ephestia cautella,3rd instar,Mean,N,,25.0,Y,16,504.00,,,,,,,,m^2 per pred per day,1753,0.82,1.49E-03,1.30E-03,2.11E-03,5.22E-10,4.95E-10,5.01E-02,200,,
1754,Hassell 1971 J ANIMAL ECO,Pred,2.00,,Terrestrial,,Metazoan,Invertebrate,Insect,Hymenoptera,Nemeritis canescens ,Adult female,Metazoan,Invertebrate,Insect,Lepidoptera,Almond moth,Ephestia cautella,3rd instar,Mean,N,,25.0,Y,32,504.00,,,,,,,,m^2 per pred per day,1754,0.78,9.78E-04,7.92E-04,1.58E-03,4.80E-10,4.42E-10,1.28E-01,200,,
1755,Chong 2006 BIO CONTROL,Pred,2.50,,Terrestrial,,Metazoan,Invertebrate,Insect,Hymenoptera,Anagyrus sp. nov. nr. sinope,Adult female,Metazoan,Invertebrate,Insect,Hemiptera,Madeira mealybug,Phenacoccus madeirensis,Adult female,Mean,N,,25.0,Y,1,,157.08,,,,,Original species length (2.5-3),,m^2.5 per pred per day,1755,0.57,1.10E-03,8.96E-04,1.37E-03,8.86E-02,7.72E-02,1.01E-01,200,,
1756,Chong 2006 BIO CONTROL,Pred,2.50,,Terrestrial,,Metazoan,Invertebrate,Insect,Hymenoptera,Anagyrus sp. nov. nr. sinope,Adult female,Metazoan,Invertebrate,Insect,Hemiptera,Madeira mealybug,Phenacoccus madeirensis,Adult female,Mean,N,,25.0,Y,2,,157.08,,,,,Original species length (2.5-3),,m^2.5 per pred per day,1756,0.70,4.80E-04,4.19E-04,5.50E-04,1.13E-01,1.01E-01,1.24E-01,200,,
1757,Chong 2006 BIO CONTROL,Pred,2.50,,Terrestrial,,Metazoan,Invertebrate,Insect,Hymenoptera,Anagyrus sp. nov. nr. sinope,Adult female,Metazoan,Invertebrate,Insect,Hemiptera,Madeira mealybug,Phenacoccus madeirensis,Adult female,Mean,N,,25.0,Y,4,,157.08,,,,,Original species length (2.5-3),,m^2.5 per pred per day,1757,0.55,3.20E-04,2.72E-04,3.75E-04,1.82E-01,1.68E-01,1.96E-01,200,,
1758,Mills 2004 ECO ENTOMOL,Pred,2.50,,Terrestrial,,Metazoan,Invertebrate,Insect,Hymenoptera,Trichogramma minutum,Adult female,Metazoan,Invertebrate,Insect,Lepidoptera,Mediterranean flour moth,Ephestia kuehniella,Egg,Raw data,N,,25.0,Y,1,69.40,194.31,,,,,,,m^2.5 per pred per day,1758,0.79,1.46E-03,1.25E-03,1.68E-03,1.14E-02,8.11E-03,1.45E-02,200,,
1759,Mills 2004 ECO ENTOMOL,Pred,2.50,,Terrestrial,,Metazoan,Invertebrate,Insect,Hymenoptera,Trichogramma minutum,Adult female,Metazoan,Invertebrate,Insect,Lepidoptera,Mediterranean flour moth,Ephestia kuehniella,Egg,Raw data,N,,25.0,Y,3,69.40,194.31,,,,,,,m^2.5 per pred per day,1759,0.63,4.12E-04,3.20E-04,6.16E-04,7.05E-03,6.67E-10,1.96E-02,200,,
1760,Wasserman et al 2016 FUNCTIONAL ECOLOGY,Pred,3.00,,Aquatic,Fresh,Metazoan,Vertebrate,Fish,Perciformes,"Lepomis macrochirus, Pseudocrenilabrus philander",Wild caught,Metazoan,Vertebrate,Fish,Cichlidae,Mozambique tilapia,Oreochromis mossambicus,,Mean,N,2,18.0,,2,,26000.00,,,,2.88E+01,Original species length,Species,m^3 per pred per day,1760,0.88,4.27E-01,3.86E-01,4.75E-01,2.12E-03,1.90E-03,2.35E-03,200,,
1761,Wasserman et al 2016 FUNCTIONAL ECOLOGY,Pred,3.00,,Aquatic,Fresh,Metazoan,Vertebrate,Fish,Perciformes,"Lepomis macrochirus,  Tilapia sparrmanii",Wild caught,Metazoan,Vertebrate,Fish,Cichlidae,Mozambique tilapia,Oreochromis mossambicus,,Mean,N,2,18.0,,2,,26000.00,,,,2.88E+01,Original species length,Species,m^3 per pred per day,1761,0.74,3.55E-01,3.15E-01,4.00E-01,4.86E-03,4.39E-03,5.35E-03,200,,
1762,Wasserman et al 2016 FUNCTIONAL ECOLOGY,Pred,3.00,,Aquatic,Fresh,Metazoan,Vertebrate,Fish,Perciformes,"Pseudocrenilabrus philander, Tilapia sparrmanii",Wild caught,Metazoan,Vertebrate,Fish,Cichlidae,Mozambique tilapia,Oreochromis mossambicus,,Mean,N,2,18.0,,2,,26000.00,,,,2.88E+01,Original species length,Species,m^3 per pred per day,1762,0.78,5.93E-01,5.29E-01,6.49E-01,4.91E-03,4.59E-03,5.32E-03,200,,
1763,Spitze 1985 ECOL,Pred,3.00,,Aquatic,,Metazoan,Invertebrate,Insect,Diptera,Chaoborus americanus ,Fourth instar (11-13 mm),Metazoan,Invertebrate,Crustacean,Cladoceran,Water flea,Daphnia pulex,0.8mm,Mean,N,,15.0,,1,,200.00,3.38E+01,Original species length,Order,5.59E-02,Original species length,Species,m^3 per pred per day,1763,0.42,4.98E-02,3.19E-02,7.20E-02,3.53E-02,1.47E-02,4.92E-02,200,,
1764,Spitze 1985 ECOL,Pred,3.00,,Aquatic,,Metazoan,Invertebrate,Insect,Diptera,Chaoborus americanus ,Fourth instar (11-13 mm),Metazoan,Invertebrate,Crustacean,Cladoceran,Water flea,Daphnia pulex,1.1mm,Mean,N,,15.0,,1,,200.00,3.38E+01,Original species length,Order,1.30E-01,Original species length,Species,m^3 per pred per day,1764,0.19,1.07E-01,7.66E-02,1.51E-01,8.68E-02,7.63E-02,9.74E-02,200,,
1765,Spitze 1985 ECOL,Pred,3.00,,Aquatic,,Metazoan,Invertebrate,Insect,Diptera,Chaoborus americanus ,Fourth instar (11-13 mm),Metazoan,Invertebrate,Crustacean,Cladoceran,Water flea,Daphnia pulex,1.4mm,Mean,N,,15.0,,1,,200.00,3.38E+01,Original species length,Order,2.47E-01,Original species length,Species,m^3 per pred per day,1765,0.14,4.37E-02,2.41E-02,9.69E-02,1.48E-01,1.12E-01,1.80E-01,200,,
1766,Spitze 1985 ECOL,Pred,3.00,,Aquatic,,Metazoan,Invertebrate,Insect,Diptera,Chaoborus americanus ,Fourth instar (11-13 mm),Metazoan,Invertebrate,Crustacean,Cladoceran,Water flea,Daphnia pulex,1.7mm,Mean,N,,15.0,,1,,200.00,3.38E+01,Original species length,Order,4.13E-01,Original species length,Species,m^3 per pred per day,1766,0.05,5.62E+02,2.30E+02,3.48E+03,2.45E-01,1.76E-01,3.11E-01,200,,
1767,Spitze 1985 ECOL,Pred,3.00,,Aquatic,,Metazoan,Invertebrate,Insect,Diptera,Chaoborus americanus ,Fourth instar (11-13 mm),Metazoan,Invertebrate,Crustacean,Cladoceran,Water flea,Daphnia pulex,2.0mm,Mean,N,,15.0,,1,,200.00,3.38E+01,Original species length,Order,6.36E-01,Original species length,Species,m^3 per pred per day,1767,0.09,1.95E+02,7.43E+01,1.81E+03,3.33E-01,1.87E-01,4.63E-01,200,,
1768,Spitze 1985 ECOL,Pred,3.00,,Aquatic,,Metazoan,Invertebrate,Insect,Diptera,Chaoborus americanus ,Third instar (7-9 mm),Metazoan,Invertebrate,Crustacean,Cladoceran,Water flea,Daphnia pulex,0.8mm,Mean,N,,15.0,,1,,200.00,1.38E+01,Original species length,Order,5.59E-02,Original species length,Species,m^3 per pred per day,1768,0.52,3.47E-02,2.47E-02,5.20E-02,4.61E-02,1.25E-02,7.62E-02,200,,
1769,Spitze 1985 ECOL,Pred,3.00,,Aquatic,,Metazoan,Invertebrate,Insect,Diptera,Chaoborus americanus ,Third instar (7-9 mm),Metazoan,Invertebrate,Crustacean,Cladoceran,Water flea,Daphnia pulex,1.1mm,Mean,N,,15.0,,1,,200.00,1.38E+01,Original species length,Order,1.30E-01,Original species length,Species,m^3 per pred per day,1769,0.31,3.24E-02,1.98E-02,8.20E-02,6.73E-02,4.85E-10,1.67E-01,200,,
1770,McCoy et al 2011 AM NAT,Pred,3.00,,Aquatic,,Metazoan,Invertebrate,Insect,Hemiptera,Belostoma sp.,Adult,Metazoan,Vertebrate,Amphibian,,Red-eyed tree frogs,Agalychnis callidryas,Larvae,Raw data,N,,,,1,,400000.00,1.62E+03,Original species length,Order,4.45E+00,Original species length,Species,m^3 per pred per day,1770,0.47,6.53E-03,4.07E-03,2.03E-02,3.27E-08,5.59E-10,1.26E+00,200,,
1771,McCoy et al 2011 AM NAT,Pred,3.00,,Aquatic,,Metazoan,Invertebrate,Insect,Hemiptera,Belostoma sp.,Adult,Metazoan,Vertebrate,Amphibian,,Red-eyed tree frogs,Agalychnis callidryas,Larvae,Raw data,N,,,,1,,400000.00,1.62E+03,Original species length,Order,3.94E+01,Original species length,Species,m^3 per pred per day,1771,0.76,2.95E-02,2.43E-02,4.02E-02,5.00E-10,2.21E-10,6.91E-02,200,,
1772,McCoy et al 2011 AM NAT,Pred,3.00,,Aquatic,,Metazoan,Invertebrate,Insect,Hemiptera,Belostoma sp.,Adult,Metazoan,Vertebrate,Amphibian,,Red-eyed tree frogs,Agalychnis callidryas,Larvae,Raw data,N,,,,1,,400000.00,1.62E+03,Original species length,Order,6.57E+02,Original species length,Species,m^3 per pred per day,1772,0.76,6.34E-02,3.71E-02,1.27E-01,3.45E-02,4.47E-10,9.97E-02,200,,
1773,McCoy et al 2011 AM NAT,Pred,3.00,,Aquatic,,Metazoan,Invertebrate,Insect,Odonata,Pantala flavescens,Nymphs,Metazoan,Vertebrate,Amphibian,,Red-eyed tree frogs,Agalychnis callidryas,Larvae,Raw data,N,,,,3,,400000.00,2.24E+02,Original species length,Order,4.45E+00,Original species length,Species,m^3 per pred per day,1773,0.61,4.40E-02,1.98E-02,7.89E-02,1.80E-01,1.95E-02,3.07E-01,200,,
1774,McCoy et al 2011 AM NAT,Pred,3.00,,Aquatic,,Metazoan,Invertebrate,Insect,Odonata,Pantala flavescens,Nymphs,Metazoan,Vertebrate,Amphibian,,Red-eyed tree frogs,Agalychnis callidryas,Larvae,Raw data,N,,,,3,,400000.00,2.24E+02,Original species length,Order,3.94E+01,Original species length,Species,m^3 per pred per day,1774,0.69,2.90E-02,1.90E-02,4.22E-02,1.21E-01,3.13E-03,2.26E-01,200,,
1775,McCoy et al 2011 AM NAT,Pred,3.00,,Aquatic,,Metazoan,Invertebrate,Insect,Odonata,Pantala flavescens,Nymphs,Metazoan,Vertebrate,Amphibian,,Red-eyed tree frogs,Agalychnis callidryas,Larvae,Raw data,N,,,,3,,400000.00,2.24E+02,Original species length,Order,6.57E+02,Original species length,Species,m^3 per pred per day,1775,0.28,2.55E-03,6.82E-04,9.50E-03,6.08E+00,1.00E-08,1.29E+01,200,,
1776,Garrido et al 2013 JPR,Pred,3.00,,Aquatic,,Metazoan,Invertebrate,Crustacean,Copepod,Centropages chierchiae,Adult,Unicell,Algae,Diatom,,Diatom,Phaeodactylum tricornutum,Adult,Raw data,N,,8.0,,5,,600.00,1.03E-01,Original species length,Order,3.58E-07,Original species length,Volume,m^3 per pred per day,1776,0.80,9.25E-04,7.82E-04,1.14E-03,3.63E-14,2.25E-14,3.30E-08,200,,
1777,Garrido et al 2013 JPR,Pred,3.00,,Aquatic,,Metazoan,Invertebrate,Crustacean,Copepod,Centropages chierchiae,Adult,Unicell,Algae,Diatom,,Diatom,Phaeodactylum tricornutum,Adult,Raw data,N,,13.0,,5,,600.00,1.03E-01,Original species length,Order,3.58E-07,Original species length,Volume,m^3 per pred per day,1777,0.81,9.01E-04,7.70E-04,1.43E-03,3.83E-14,2.37E-14,2.82E-07,200,,
1778,Garrido et al 2013 JPR,Pred,3.00,,Aquatic,,Metazoan,Invertebrate,Crustacean,Copepod,Centropages chierchiae,Adult,Unicell,Algae,Diatom,,Diatom,Phaeodactylum tricornutum,Adult,Raw data,N,,19.0,,5,,600.00,1.03E-01,Original species length,Order,3.58E-07,Original species length,Volume,m^3 per pred per day,1778,0.88,1.29E-03,1.08E-03,1.62E-03,5.15E-09,2.43E-14,1.37E-07,200,,
1779,Garrido et al 2013 JPR,Pred,3.00,,Aquatic,,Metazoan,Invertebrate,Crustacean,Copepod,Centropages chierchiae,Adult,Unicell,Protozoan,Dinoflagellate,,Dinoflagellate,Gymnodinium sp.,Adult,Raw data,N,,13.0,,5,,600.00,1.03E-01,Original species length,Order,1.48E-06,Original genus length,Volume,m^3 per pred per day,1779,0.51,7.97E-04,5.20E-04,1.72E-03,5.58E-14,2.70E-14,1.74E-06,200,,
1780,Garrido et al 2013 JPR,Pred,3.00,,Aquatic,,Metazoan,Invertebrate,Crustacean,Copepod,Centropages chierchiae,Adult,Unicell,Protozoan,Dinoflagellate,,Dinoflagellate,Gymnodinium sp.,Adult,Raw data,N,,19.0,,5,,600.00,1.03E-01,Original species length,Order,1.48E-06,Original genus length,Volume,m^3 per pred per day,1780,0.74,2.10E-03,9.95E-04,6.40E-03,2.63E-07,2.83E-14,1.07E-06,200,,
1781,Garrido et al 2013 JPR,Pred,3.00,,Aquatic,,Metazoan,Invertebrate,Crustacean,Copepod,Centropages chierchiae,Adult,Unicell,Protozoan,Dinoflagellate,,Dinoflagellate,Gymnodinium sp.,Adult,Raw data,N,,24.0,,5,,600.00,1.03E-01,Original species length,Order,1.48E-06,Original genus length,Volume,m^3 per pred per day,1781,0.93,1.28E-03,8.01E-04,1.95E-03,1.61E-06,8.25E-07,1.96E-06,200,,
1782,Yen 1991 POL RES,Pred,3.00,,Aquatic,,Metazoan,Invertebrate,Crustacean,Copepod,Euchaeta antarctica,Adult,Metazoan,Invertebrate,Crustacean,Copepod,Copepod,Metridia gerlachei,Juvenile,Raw data,N,,,,1.5,,Variable,3.00E+01,Original species mass,,7.50E-02,Original species length,Order,m^3 per pred per day,1782,0.31,1.62E-03,8.43E-04,4.03E-03,6.41E-02,4.14E-02,8.94E-02,200,"Different arena sizes used depending on prey concentration (1/L = 20L, 5 and 10/L = 4L, 25+/L = 1L",
1783,Almeda et al 2010 JEMBE,Pred,3.00,,Aquatic,,Metazoan,Invertebrate,Crustacean,Copepod,Oithona davisae,NI-NII (a),Unicell,Protozoan,Dinoflagellate,,Dinoflagellate,Oxyrrhis marina,Adult,Mean,N,,20.0,,1 to 6 per mL,,72.00,4.86E-05,Original species length,Order,6.66E-06,Alternate species length,Volume,m^3 per pred per day,1783,0.88,6.80E-07,5.86E-07,8.02E-07,6.72E-03,6.33E-03,7.16E-03,200,,
1784,Almeda et al 2010 JEMBE,Pred,3.00,,Aquatic,,Metazoan,Invertebrate,Crustacean,Copepod,Oithona davisae,NI-NII (b),Unicell,Protozoan,Dinoflagellate,,Dinoflagellate,Oxyrrhis marina,Adult,Mean,N,,20.0,,1to 8 per mL,,72.00,5.31E-05,Original species length,Order,6.66E-06,Alternate species length,Volume,m^3 per pred per day,1784,0.69,9.05E-07,6.67E-07,1.34E-06,6.05E-03,5.32E-03,6.89E-03,200,,
1785,Almeda et al 2010 JEMBE,Pred,3.00,,Aquatic,,Metazoan,Invertebrate,Crustacean,Copepod,Oithona davisae,NII-NIII,Unicell,Protozoan,Dinoflagellate,,Dinoflagellate,Oxyrrhis marina,Adult,Mean,N,,20.0,,1 to 4 per mL,,72.00,6.83E-05,Original species length,Order,6.66E-06,Alternate species length,Volume,m^3 per pred per day,1785,0.74,1.14E-06,8.91E-07,1.58E-06,5.64E-03,5.18E-03,6.17E-03,200,,
1786,Almeda et al 2010 JEMBE,Pred,3.00,,Aquatic,,Metazoan,Invertebrate,Crustacean,Copepod,Oithona davisae,NV-NVI,Unicell,Protozoan,Dinoflagellate,,Dinoflagellate,Oxyrrhis marina,Adult,Mean,N,,20.0,,1 to 4 per mL,,72.00,1.92E-04,Original species length,Order,6.66E-06,Alternate species length,Volume,m^3 per pred per day,1786,0.90,8.14E-07,7.30E-07,8.92E-07,2.29E-03,2.11E-03,2.53E-03,200,,
1787,Almeda et al 2010 JEMBE,Pred,3.00,,Aquatic,,Metazoan,Invertebrate,Crustacean,Copepod,Oithona davisae,C2-C3,Unicell,Protozoan,Dinoflagellate,,Dinoflagellate,Oxyrrhis marina,Adult,Mean,N,,20.0,,0.5 to 3 per mL,,72.00,7.23E-04,Original species length,Order,6.66E-06,Alternate species length,Volume,m^3 per pred per day,1787,0.93,1.38E-06,1.22E-06,1.62E-06,1.09E-03,9.44E-04,1.24E-03,200,,
1788,Wickham 1995 J PLAN RES,Pred,3.00,,Aquatic,,Metazoan,Invertebrate,Crustacean,Copepod,Cyclops kolensis,Gravid Female ,Unicell,Protozoan,Ciliate,,,Askenasia volvox,,Mean,N,,18.0,,,,,1.43E-02,Original species length,Order,3.35E-08,Original species length,Volume,m^3 per pred per day,1788,0.98,8.37E-06,7.83E-06,9.22E-06,2.38E-05,1.24E-12,1.54E-04,200,,
1789,Wickham 1995 J PLAN RES,Pred,3.00,,Aquatic,,Metazoan,Invertebrate,Crustacean,Copepod,Cyclops kolensis,Gravid Female ,Unicell,Protozoan,Ciliate,,,Halteria grandinella,,Mean,N,,18.0,,,,,1.43E-02,Original species length,Order,5.58E-09,Original species length,Volume,m^3 per pred per day,1789,0.83,3.59E-06,3.24E-06,4.27E-06,1.67E-04,2.48E-11,4.76E-04,200,,
1790,Wickham 1995 J PLAN RES,Pred,3.00,,Aquatic,,Metazoan,Invertebrate,Crustacean,Copepod,Cyclops kolensis,Gravid Female ,Unicell,Protozoan,Ciliate,,,Strobilidium velox,,Mean,N,,18.0,,,,,1.43E-02,Original species length,Order,6.54E-08,Original species length,Volume,m^3 per pred per day,1790,0.39,6.88E-06,5.97E-06,8.21E-06,2.65E-04,9.50E-05,4.80E-04,200,,
1791,Wickham 1995 J PLAN RES,Pred,3.00,,Aquatic,,Metazoan,Invertebrate,Crustacean,Copepod,Cyclops kolensis,Gravid Female ,Unicell,Protozoan,Ciliate,,,Stokesia vernalis,,Mean,N,,18.0,,,,,1.43E-02,Original species length,Order,9.05E-07,Original species length,Volume,m^3 per pred per day,1791,0.38,8.39E-06,5.86E-06,1.69E-05,1.18E-03,5.53E-04,2.22E-03,200,,
1792,Wickham 1995 J PLAN RES,Pred,3.00,,Aquatic,,Metazoan,Invertebrate,Crustacean,Copepod,Cyclops abyssorum,Gravid Female ,Unicell,Protozoan,Ciliate,,,Askenasia volvox,,Mean,N,,18.0,,,,,7.68E-02,Original species length,Order,3.35E-08,Original species length,Volume,m^3 per pred per day,1792,0.94,3.87E-06,3.41E-06,4.26E-06,2.38E-11,2.34E-11,2.41E-11,200,,
1793,Wickham 1995 J PLAN RES,Pred,3.00,,Aquatic,,Metazoan,Invertebrate,Crustacean,Copepod,Cyclops abyssorum,Gravid Female ,Unicell,Protozoan,Ciliate,,,Halteria grandinella,,Mean,N,,18.0,,,,,7.68E-02,Original species length,Order,5.58E-09,Original species length,Volume,m^3 per pred per day,1793,0.81,1.55E-06,1.43E-06,1.65E-06,2.39E-11,2.35E-11,2.42E-11,200,,
1794,Wickham 1995 J PLAN RES,Pred,3.00,,Aquatic,,Metazoan,Invertebrate,Crustacean,Copepod,Cyclops abyssorum,Gravid Female ,Unicell,Protozoan,Ciliate,,,Strobilidium velox,,Mean,N,,18.0,,,,,7.68E-02,Original species length,Order,6.54E-08,Original species length,Volume,m^3 per pred per day,1794,0.98,3.31E-05,2.97E-05,3.76E-05,4.95E-05,2.15E-05,7.76E-05,200,,
1795,Wickham 1995 J PLAN RES,Pred,3.00,,Aquatic,,Metazoan,Invertebrate,Crustacean,Copepod,Cyclops abyssorum,Gravid Female ,Unicell,Protozoan,Ciliate,,,Stokesia vernalis,,Mean,N,,18.0,,,,,7.68E-02,Original species length,Order,9.05E-07,Original species length,Volume,m^3 per pred per day,1795,0.60,6.23E-06,5.27E-06,7.33E-06,2.30E-03,1.85E-03,2.78E-03,200,,
1796,Wickham 1995 J PLAN RES,Pred,3.00,,Aquatic,,Metazoan,Invertebrate,Crustacean,Copepod,Cyclops abyssorum,Gravid Female ,Unicell,Protozoan,Ciliate,,,Coleps hirtus,,Mean,N,,18.0,,,,,7.68E-02,Original species length,Order,1.13E-07,Original species length,Volume,m^3 per pred per day,1796,0.58,7.94E-06,5.58E-06,1.13E-05,1.36E-02,1.22E-02,1.49E-02,200,,
1797,Bosch and Santer 1993 OIK,Pred,3.00,,Aquatic,,Metazoan,Invertebrate,Crustacean,Copepod,Cyclops abyssorum,Gravid Female ,Metazoan,Invertebrate,Rotifer,,,Brachionus rubens,,Raw data,N,,12.0,,,,,7.68E-02,Original species length,Order,1.50E-04,Alternate species mass,,m^3 per pred per day,1797,0.69,7.50E-05,5.04E-05,1.56E-04,8.61E-03,2.50E-11,4.28E-02,200,,
1798,Bosch and Santer 1993 OIK,Pred,3.00,,Aquatic,,Metazoan,Invertebrate,Crustacean,Copepod,Cyclops abyssorum,Gravid Female ,Metazoan,Invertebrate,Crustacean,Cladoceran,,Daphnia hyalina,Small,Raw data,N,,12.0,,,,,7.68E-02,Original species length,Order,6.23E-02,Alternate species mass,,m^3 per pred per day,1798,0.85,4.78E-05,2.20E-05,8.81E-05,2.25E-01,8.75E-02,3.77E-01,200,,
1799,Bosch and Santer 1993 OIK,Pred,3.00,,Aquatic,,Metazoan,Invertebrate,Crustacean,Copepod,Cyclops abyssorum,Gravid Female ,Metazoan,Invertebrate,Crustacean,Cladoceran,,Daphnia hyalina,Medium,Raw data,N,,12.0,,,,,7.68E-02,Original species length,Order,7.97E-02,Alternate species mass,,m^3 per pred per day,1799,0.65,4.90E-05,2.20E-05,9.36E-05,3.53E-01,1.35E-01,6.54E-01,200,,
1800,Bosch and Santer 1993 OIK,Pred,3.00,,Aquatic,,Metazoan,Invertebrate,Crustacean,Copepod,Cyclops abyssorum,Gravid Female ,Metazoan,Invertebrate,Crustacean,Cladoceran,,Daphnia hyalina,Large,Raw data,N,,12.0,,,,,7.68E-02,Original species length,Order,1.07E-01,Alternate species mass,,m^3 per pred per day,1800,0.71,3.22E-06,1.97E-06,6.45E-06,8.85E-10,4.01E-10,1.39E+00,200,,
1801,Bosch and Santer 1993 OIK,Pred,3.00,,Aquatic,,Metazoan,Invertebrate,Crustacean,Copepod,Cyclops abyssorum,Gravid Female ,Metazoan,Invertebrate,Crustacean,Copepod,,Cyclops abyssorum,Nauplii stage 2_3_4,Raw data,N,,12.0,,,,,7.68E-02,Original species length,Order,1.80E-05,Alternate species mass,,m^3 per pred per day,1801,0.72,2.88E-05,1.90E-05,4.43E-05,1.02E-01,4.80E-10,2.36E-01,200,,
1802,Bosch and Santer 1993 OIK,Pred,3.00,,Aquatic,,Metazoan,Invertebrate,Crustacean,Copepod,Cyclops abyssorum,Gravid Female ,Metazoan,Invertebrate,Crustacean,Copepod,,Cyclops abyssorum,Nauplii stage 4_5_6,Raw data,N,,12.0,,,,,7.68E-02,Original species length,Order,1.80E-05,Alternate species mass,,m^3 per pred per day,1802,0.92,2.04E-05,1.59E-05,2.94E-05,4.03E-02,4.89E-10,1.51E-01,200,,
1803,Bosch and Santer 1993 OIK,Pred,3.00,,Aquatic,,Metazoan,Invertebrate,Crustacean,Copepod,Cyclops abyssorum,Gravid Female ,Metazoan,Invertebrate,Crustacean,Copepod,,Cyclops abyssorum,Copodites stage I,Raw data,N,,12.0,,,,,7.68E-02,Original species length,Order,1.70E-04,Alternate species mass,,m^3 per pred per day,1803,0.69,1.23E-05,6.81E-06,2.12E-05,2.37E-01,6.15E-10,1.56E+00,200,,
1804,Bosch and Santer 1993 OIK,Pred,3.00,,Aquatic,,Metazoan,Invertebrate,Crustacean,Copepod,Cyclops abyssorum,Gravid Female ,Metazoan,Invertebrate,Crustacean,Copepod,,Cyclops abyssorum,Copodites stage II,Raw data,N,,12.0,,,,,7.68E-02,Original species length,Order,1.70E-04,Alternate species mass,,m^3 per pred per day,1804,0.66,3.85E-06,2.86E-06,9.22E-06,5.00E-10,1.90E-10,2.14E+00,200,,
1805,Bosch and Santer 1993 OIK,Pred,3.00,,Aquatic,,Metazoan,Invertebrate,Crustacean,Copepod,Cyclops abyssorum,Gravid Female ,Metazoan,Invertebrate,Crustacean,Copepod,,Calanoid Nauplii,,Raw data,N,,12.0,,,,,7.68E-02,Original species length,Order,5.00E-04,Alternate order mass,,m^3 per pred per day,1805,0.92,6.22E-05,4.62E-05,8.39E-05,1.89E-02,2.52E-10,5.05E-02,200,,
1806,Rabette et al 1998 HYDROBIO,Pred,3.00,,Aquatic,,Metazoan,Invertebrate,Crustacean,Copepod,Cyclops vicinus,Adult ,Unicell,Protozoan,Ciliate,,,Cyclidium sp.,,Mean,N,,15.0,,,,,1.15E-01,Original species length,Order,1.91E-09,Original species length,Volume,m^3 per pred per day,1806,0.83,1.67E-04,1.48E-04,1.92E-04,6.22E-04,5.74E-04,6.69E-04,200,,
1807,Rabette et al 1998 HYDROBIO,Pred,3.00,,Aquatic,,Metazoan,Invertebrate,Crustacean,Copepod,Cyclops vicinus,Adult ,Unicell,Protozoan,Ciliate,,,Tetrahymena corlissi,,Mean,N,,15.0,,,,,1.15E-01,Original species length,Order,1.13E-08,Original species length,Volume,m^3 per pred per day,1807,0.96,2.71E-04,2.43E-04,3.10E-04,8.58E-05,7.84E-05,9.45E-05,200,,
1808,Brandl 1998 J MAR SYS,Pred,3.00,,Aquatic,,Metazoan,Invertebrate,Crustacean,Copepod,Cyclops vicinus,,Metazoan,Invertebrate,Crustacean,Cladoceran,,Bosmina longirostris,,Raw data,N,,,,,,,1.15E-01,Original species length,Order,2.20E-03,Average species mass,,m^3 per pred per day,1808,0.90,2.49E-06,1.86E-06,2.90E-06,4.78E-10,2.43E-11,3.99E-02,200,,
1809,Brandl 1998 J MAR SYS,Pred,3.00,,Aquatic,,Metazoan,Invertebrate,Crustacean,Copepod,Cyclops vicinus,,Metazoan,Invertebrate,Rotifer,,,Polyarthra dolichoptera,,Raw data,N,,,,,,,1.15E-01,Original species length,Order,4.50E-04,Alternate species mass,,m^3 per pred per day,1809,0.87,9.23E-06,6.02E-06,3.79E-05,1.66E-02,4.62E-10,2.04E-01,200,,
1810,Brandl 1998 J MAR SYS,Pred,3.00,,Aquatic,,Metazoan,Invertebrate,Crustacean,Copepod,Cyclops vicinus,,Metazoan,Invertebrate,Rotifer,,,Keratella cochlearis,,Raw data,N,,,,,,,1.15E-01,Original species length,Order,2.50E-05,Alternate species mass,,m^3 per pred per day,1810,0.82,5.28E-06,4.40E-06,9.68E-06,6.10E-10,4.54E-10,4.09E-01,200,,
1811,Muschiol et al 2008 NEMATOL,Pred,3.00,,Aquatic,,Metazoan,Invertebrate,Crustacean,Copepod,Diacyclops bicuspidatus,Adult Female ,Metazoan,Invertebrate,Nematode,,,Panagrolaimus sp.,,Raw data,N,,20.0,,,,,5.21E-02,Original species length,Order,3.00E-04,Original species mass,,m^3 per pred per day,1811,0.55,5.01E-05,3.20E-05,9.94E-05,2.07E-03,1.68E-03,2.58E-03,200,,
1812,Williamson 1984 FRESH BIO,Pred,3.00,,Aquatic,,Metazoan,Invertebrate,Crustacean,Copepod,Mesocyclops edax,Adult Female ,Metazoan,Invertebrate,Rotifer,,,Brachionus calcyiflorus,,Mean,N,,17.0,,,,,1.30E-01,Original species length,Order,2.00E-04,Alternate species mass,,m^3 per pred per day,1812,0.80,1.94E-04,1.54E-04,2.47E-04,2.37E-02,2.02E-02,2.76E-02,200,,
1813,Williamson 1984 FRESH BIO,Pred,3.00,,Aquatic,,Metazoan,Invertebrate,Crustacean,Copepod,Mesocyclops edax,Adult Female ,Metazoan,Invertebrate,Rotifer,,,Asplanchna priodonta,,Mean,N,,17.0,,,,,1.30E-01,Original species length,Order,1.13E-02,Alternate species mass,,m^3 per pred per day,1813,0.60,1.45E-04,1.14E-04,1.76E-04,6.04E-02,5.00E-02,7.32E-02,200,,
1814,Sarma et al 2013 J NAT HIST,Pred,3.00,,Aquatic,,Metazoan,Invertebrate,Crustacean,Copepod,Mesocyclops pehpeiensis,Adult Female ,Metazoan,Invertebrate,Rotifer,,,Brachionus rubens,,Raw data,N,,15.0,,,,,1.22E-01,Alternative species length,Order,1.50E-04,Alternate species mass,,m^3 per pred per day,1814,0.86,3.91E-04,3.02E-04,5.10E-04,6.92E-04,4.93E-04,8.38E-04,200,,
1815,Sarma et al 2013 J NAT HIST,Pred,3.00,,Aquatic,,Metazoan,Invertebrate,Crustacean,Copepod,Mesocyclops pehpeiensis,Adult Female ,Metazoan,Invertebrate,Rotifer,,,Brachionus rubens,,Raw data,N,,25.0,,,,,1.22E-01,Alternative species length,Order,1.50E-04,Alternate species mass,,m^3 per pred per day,1815,0.97,4.91E-04,4.26E-04,5.94E-04,2.94E-04,2.29E-04,3.71E-04,200,,
1816,Sarma et al 2013 J NAT HIST,Pred,3.00,,Aquatic,,Metazoan,Invertebrate,Crustacean,Copepod,Mesocyclops pehpeiensis,Adult Female ,Metazoan,Invertebrate,Rotifer,,,Brachionus rubens,,Raw data,N,,35.0,,,,,1.22E-01,Alternative species length,Order,1.50E-04,Alternate species mass,,m^3 per pred per day,1816,0.91,2.77E-04,2.57E-04,3.32E-04,3.19E-11,2.43E-11,1.29E-04,200,,
1817,Pla?man et al 1997 J PLAN RES,Pred,3.00,,Aquatic,,Metazoan,Invertebrate,Crustacean,Copepod,Cyclops vicinus,Adult Female ,Metazoan,Invertebrate,Rotifer,,,Synchaeta spp. (S.oblonga and S.pectinata),,Mean,N,,15.0,,,,,1.15E-01,Original species length,Order,1.06E-03,Average genus mass,,m^3 per pred per day,1817,0.91,8.41E-05,5.52E-05,1.24E-04,1.75E-02,8.75E-03,2.37E-02,200,,
1818,Pla?man et al 1997 J PLAN RES,Pred,3.00,,Aquatic,,Metazoan,Invertebrate,Crustacean,Copepod,Cyclops vicinus,Adult Female ,Metazoan,Invertebrate,Rotifer,,,Polyarthra spp. (P.vulgaris and P.dolichoptera),,Mean,N,,15.0,,,,,1.15E-01,Original species length,Order,4.50E-04,Alternate species mass,,m^3 per pred per day,1818,0.93,1.36E-05,1.10E-05,1.74E-05,2.35E-02,4.50E-03,4.72E-02,200,,
1819,Novich et al 2014 ECOSPHERE,Pred,3.00,,Aquatic,,Metazoan,Invertebrate,Crustacean,Copepod,Orthocyclops modestus,Adult?,Unicell,Protozoan,Ciliate,,,Urocentrum turbo ,,Raw data,N,,18.0,,,,,1.50E-02,Original species length,Order,4.77E-08,Original species length,Volume,m^3 per pred per day,1819,0.56,4.04E-05,2.78E-05,8.71E-05,1.24E-04,2.36E-11,6.85E-04,200,,
1820,Novich et al 2014 ECOSPHERE,Pred,3.00,,Aquatic,,Metazoan,Invertebrate,Crustacean,Copepod,Orthocyclops modestus,Adult?,Unicell,Protozoan,Ciliate,,,Urocentrum turbo ,,Raw data,N,,22.0,,,,,1.50E-02,Original species length,Order,4.77E-08,Original species length,Volume,m^3 per pred per day,1820,0.79,5.44E-05,4.14E-05,9.19E-05,2.47E-11,1.17E-12,3.44E-04,200,,
1821,Novich et al 2014 ECOSPHERE,Pred,3.00,,Aquatic,,Metazoan,Invertebrate,Crustacean,Copepod,Orthocyclops modestus,Adult?,Unicell,Protozoan,Ciliate,,,Urocentrum turbo ,,Raw data,N,,26.0,,,,,1.50E-02,Original species length,Order,4.77E-08,Original species length,Volume,m^3 per pred per day,1821,0.55,4.25E-05,2.93E-05,1.50E-04,2.43E-11,1.17E-12,8.61E-04,200,,
1822,Kumar and Rao 2003 INT REV HYDRO,Pred,3.00,,Aquatic,,Metazoan,Invertebrate,Crustacean,Copepod,Mesocyclops thermocyclopoides,Adult Female ,Metazoan,Invertebrate,Insect,Diptera,,Anopheles stephensi,Instar I ,Mean,N,,25.0,,,,,6.28E-02,Original species length,Order,7.01E-02,Alternate species length,,m^3 per pred per day,1822,0.54,2.36E-04,1.60E-04,3.54E-04,2.81E-02,2.34E-02,3.38E-02,200,,
1823,Kumar and Rao 2003 INT REV HYDRO,Pred,3.00,,Aquatic,,Metazoan,Invertebrate,Crustacean,Copepod,Mesocyclops thermocyclopoides,Adult Female ,Metazoan,Invertebrate,Insect,Diptera,,Culex quinquefasciatus,Instar I ,Mean,N,,25.0,,,,,6.28E-02,Original species length,Order,4.39E-01,Alternate species length,,m^3 per pred per day,1823,0.40,2.62E-04,1.65E-04,5.35E-04,4.88E-02,4.05E-02,5.63E-02,200,,
1824,Kumar and Rao 2003 INT REV HYDRO,Pred,3.00,,Aquatic,,Metazoan,Invertebrate,Crustacean,Copepod,Mesocyclops thermocyclopoides,Adult Female ,Metazoan,Invertebrate,Insect,Diptera,,Anopheles stephensi,Instar IV,Mean,N,,25.0,,,,,6.28E-02,Original species length,Order,4.39E-01,Alternate species length,,m^3 per pred per day,1824,0.47,1.27E-04,7.00E-05,2.40E-04,1.51E-01,1.19E-01,1.94E-01,200,,
1825,Kumar and Rao 2003 INT REV HYDRO,Pred,3.00,,Aquatic,,Metazoan,Invertebrate,Crustacean,Copepod,Mesocyclops thermocyclopoides,Adult Female ,Metazoan,Invertebrate,Insect,Diptera,,Culex quinquefasciatus,Instar IV,Mean,N,,25.0,,,,,6.28E-02,Original species length,Order,5.05E-01,Alternate species length,,m^3 per pred per day,1825,0.50,5.78E-05,3.45E-05,1.35E-04,2.67E-01,1.88E-01,3.51E-01,200,,
1826,Roche 1990 OEC,Pred,3.00,,Aquatic,,Metazoan,Invertebrate,Crustacean,Copepod,Acanthocyclops robustus,Adult ,Metazoan,Invertebrate,Rotifer,,,Synchaeta pectinata,,Mean,Y,,20.0,,,,,9.59E-02,Alternative species length,Order,1.72E-03,Alternate species mass,,m^3 per pred per day,1826,0.65,4.23E-04,2.49E-04,9.98E-04,2.34E-02,1.83E-02,3.08E-02,200,,
1827,Roche 1990 OEC,Pred,3.00,,Aquatic,,Metazoan,Invertebrate,Crustacean,Copepod,Acanthocyclops robustus,Adult ,Metazoan,Invertebrate,Crustacean,Cladoceran,,Daphnia hyalina,,Mean,Y,,20.8,,,,,9.59E-02,Alternative species length,Order,4.81E-01,Alternate species mass,,m^3 per pred per day,1827,0.61,1.84E-04,1.03E-04,4.31E-04,6.09E-02,3.44E-02,8.82E-02,200,,
1828,Roche 1990 OEC,Pred,3.00,,Aquatic,,Metazoan,Invertebrate,Crustacean,Copepod,Acanthocyclops robustus,Adult ,Metazoan,Invertebrate,Rotifer,,,Synchaeta kitina,,Mean,Y,,20.5,,,,,9.59E-02,Alternative species length,Order,4.00E-04,Alternate species mass,,m^3 per pred per day,1828,0.89,1.22E-04,1.01E-04,1.61E-04,3.05E-03,4.92E-10,8.83E-03,200,,
1829,Roche 1990 OEC,Pred,3.00,,Aquatic,,Metazoan,Invertebrate,Crustacean,Copepod,Acanthocyclops robustus,Adult ,Metazoan,Invertebrate,Rotifer,,,Brachionus calyciflorus,,Mean,Y,,21.8,,,,,9.59E-02,Alternative species length,Order,2.00E-04,Alternate species mass,,m^3 per pred per day,1829,0.48,5.68E-05,2.38E-05,4.50E-04,1.60E-01,8.15E-02,2.40E-01,200,,
1830,Roche 1990 OEC,Pred,3.00,,Aquatic,,Metazoan,Invertebrate,Crustacean,Copepod,Acanthocyclops robustus,Adult ,Metazoan,Invertebrate,Rotifer,,,Keratella cochlearis,,Mean,Y,,22.5,,,,,9.59E-02,Alternative species length,Order,2.50E-05,Alternate species mass,,m^3 per pred per day,1830,0.65,4.36E-05,3.03E-05,6.05E-05,6.18E-02,3.43E-02,9.44E-02,200,,
1831,Enriquez-Garcia et al 2013 J NAT HIST,Pred,3.00,,Aquatic,,Metazoan,Invertebrate,Crustacean,Copepod,Acanthocyclops americanus,Adult Female ,Metazoan,Invertebrate,Crustacean,Copepod,,Acanthocyclops americanus,Nauplii,Mean,N,,25.0,,,,,4.43E-02,Alternative species length,Order,9.81E-05,Alternate species mass,,m^3 per pred per day,1831,0.91,2.69E-05,2.17E-05,3.24E-05,7.92E-03,5.67E-03,1.03E-02,200,,
1832,Enriquez-Garcia et al 2013 J NAT HIST,Pred,3.00,,Aquatic,,Metazoan,Invertebrate,Crustacean,Copepod,Acanthocyclops americanus,Adult Female ,Metazoan,Invertebrate,Rotifer,,,Brachionus havanaensis,,Mean,N,,25.0,,,,,4.43E-02,Alternative species length,Order,2.40E-03,Alternate species mass,,m^3 per pred per day,1832,0.84,4.88E-05,4.40E-05,5.40E-05,1.71E-03,1.53E-03,1.90E-03,200,,
1833,Enriquez-Garcia et al 2013 J NAT HIST,Pred,3.00,,Aquatic,,Metazoan,Invertebrate,Crustacean,Copepod,Acanthocyclops americanus,Adult Female ,Metazoan,Invertebrate,Crustacean,Cladoceran,,Moina micrura,,Mean,N,,25.0,,,,,4.43E-02,Alternative species length,Order,9.20E-03,Alternate species mass,,m^3 per pred per day,1833,0.93,3.27E-05,2.51E-05,4.21E-05,8.34E-03,5.97E-03,1.10E-02,200,,
1834,Krylov 1988 ARCH HYDRO,Pred,3.00,,Aquatic,,Metazoan,Invertebrate,Crustacean,Copepod,Megacyclops gigas,Adult ,Metazoan,Invertebrate,Crustacean,Copepod,,Copepd nauplii,,Mean,N,,20.0,,,,,,,,4.50E-03,Original order mass,,m^3 per pred per day,1834,0.89,1.79E-05,1.47E-05,2.17E-05,4.50E-10,1.24E-11,2.51E-02,200,,
1835,Krylov 1988 ARCH HYDRO,Pred,3.00,,Aquatic,,Metazoan,Invertebrate,Crustacean,Copepod,Megacyclops gigas,Adult ,Metazoan,Invertebrate,Crustacean,Cladoceran,,Ceriodaphnia pulchella,,Mean,N,,20.0,,,,,,,,1.83E-02,Original species mass,,m^3 per pred per day,1835,0.83,1.95E-04,1.32E-04,2.68E-04,8.70E-02,6.68E-02,1.13E-01,200,,
1836,Krylov 1988 ARCH HYDRO,Pred,3.00,,Aquatic,,Metazoan,Invertebrate,Crustacean,Copepod,Megacyclops gigas,Adult ,Metazoan,Invertebrate,Crustacean,Copepod,,cyclopoid copepodites,,Mean,N,,20.0,,,,,,,,3.25E-02,Original order mass,,m^3 per pred per day,1836,0.86,5.65E-05,4.12E-05,7.72E-05,8.13E-02,6.09E-02,1.04E-01,200,,
1837,Krylov 1988 ARCH HYDRO,Pred,3.00,,Aquatic,,Metazoan,Invertebrate,Crustacean,Copepod,Megacyclops gigas,Adult ,Metazoan,Invertebrate,Crustacean,Cladoceran,,Daphnia galeata,,Mean,N,,20.0,,,,,,,,,,,m^3 per pred per day,1837,0.53,7.27E-04,5.15E-04,9.81E-04,1.10E-01,9.75E-02,1.28E-01,200,,
1838,Hooff and Bollens 2004 MAR ECOL,Pred,3.00,,Aquatic,,Metazoan,Invertebrate,Crustacean,Copepod,Tortanus dextrilobatus ,Adult female,Metazoan,Invertebrate,Crustacean,Copepod,,Oithona davisae ,C5-C6,Mean,N,4,14.0,,1,,1000.00,1.90E-01,Original species length,Order,2.04E-03,Original species length,Order,m^3 per pred per day,1838,0.51,2.17E-04,8.86E-05,5.15E-04,5.57E-02,2.23E-02,8.62E-02,200,,
1839,Hooff and Bollens 2004 MAR ECOL,Pred,3.00,,Aquatic,,Metazoan,Invertebrate,Crustacean,Copepod,Tortanus dextrilobatus ,Adult female,Metazoan,Invertebrate,Crustacean,Copepod,,Oithona davisae ,C5-C6,Mean,N,4,19.0,,1,,1000.00,2.01E-01,Original species length,Order,1.87E-03,Original species length,Order,m^3 per pred per day,1839,0.68,1.13E-04,6.77E-05,2.05E-04,3.00E-02,1.02E-03,6.27E-02,200,,
1840,Hooff and Bollens 2004 MAR ECOL,Pred,3.00,,Aquatic,,Metazoan,Invertebrate,Crustacean,Copepod,Tortanus dextrilobatus ,Adult female,Metazoan,Invertebrate,Crustacean,Copepod,,Acartia sp,,Mean,N,4,14.0,,1,,1000.00,1.90E-01,Original species length,Order,2.54E-02,Original species length,Order,m^3 per pred per day,1840,0.78,5.78E-04,4.01E-04,9.87E-04,5.16E-02,3.62E-02,6.29E-02,200,,
1841,Hooff and Bollens 2004 MAR ECOL,Pred,3.00,,Aquatic,,Metazoan,Invertebrate,Crustacean,Copepod,Tortanus dextrilobatus ,Adult female,Metazoan,Invertebrate,Crustacean,Copepod,,Acartia sp,,Mean,N,4,19.0,,1,,1000.00,2.01E-01,Original species length,Order,3.21E-02,Original species length,Order,m^3 per pred per day,1841,0.83,7.54E-04,5.48E-04,1.20E-03,5.25E-02,3.58E-02,6.40E-02,200,,
1842,Colin and Dam 2007 HARMFUL ALGAE,Pred,3.00,,Aquatic,,Metazoan,Invertebrate,Crustacean,Copepod,Acartia hudsonica ,Adult female,Unicell,Protozoan,Dinoflagellate,,Dinoflagellate,Alexandrium tamarense ,,Mean,N,48,14.0,,1,,140.00,1.54E-01,Alternate genus mass,,3.71E-09,Original species length,Order,m^3 per pred per day,1842,0.42,2.94E-05,1.58E-05,4.82E-05,1.80E-04,9.01E-05,2.49E-04,200,NJ,
1843,Colin and Dam 2007 HARMFUL ALGAE,Pred,3.00,,Aquatic,,Metazoan,Invertebrate,Crustacean,Copepod,Acartia hudsonica ,Adult female,Unicell,Protozoan,Dinoflagellate,,Dinoflagellate,Alexandrium tamarense ,,Mean,N,48,14.0,,1,,140.00,1.54E-01,Alternate genus mass,,3.71E-09,Original species length,Order,m^3 per pred per day,1843,0.36,4.08E-05,2.11E-05,8.27E-05,1.87E-04,1.10E-04,2.60E-04,200,CT,
1844,Colin and Dam 2007 HARMFUL ALGAE,Pred,3.00,,Aquatic,,Metazoan,Invertebrate,Crustacean,Copepod,Acartia hudsonica ,Adult female,Unicell,Protozoan,Dinoflagellate,,Dinoflagellate,Alexandrium tamarense ,,Mean,N,48,14.0,,1,,140.00,1.54E-01,Alternate genus mass,,3.71E-09,Original species length,Order,m^3 per pred per day,1844,0.51,6.58E-05,3.51E-05,1.24E-04,1.30E-04,8.58E-05,1.64E-04,200,MA,
1845,Colin and Dam 2007 HARMFUL ALGAE,Pred,3.00,,Aquatic,,Metazoan,Invertebrate,Crustacean,Copepod,Acartia hudsonica ,Adult female,Unicell,Protozoan,Dinoflagellate,,Dinoflagellate,Alexandrium tamarense ,,Mean,N,48,14.0,,1,,140.00,1.54E-01,Alternate genus mass,,3.71E-09,Original species length,Order,m^3 per pred per day,1845,0.54,3.06E-05,1.73E-05,5.26E-05,8.08E-05,1.43E-06,1.44E-04,200,ME,
1846,Colin and Dam 2007 HARMFUL ALGAE,Pred,3.00,,Aquatic,,Metazoan,Invertebrate,Crustacean,Copepod,Acartia hudsonica ,Adult female,Unicell,Protozoan,Dinoflagellate,,Dinoflagellate,Alexandrium tamarense ,,Mean,N,48,14.0,,1,,140.00,1.54E-01,Alternate genus mass,,3.71E-09,Original species length,Order,m^3 per pred per day,1846,0.59,4.07E-05,2.34E-05,6.29E-05,8.96E-05,4.04E-05,1.27E-04,200,NB,
1847,Colin and Dam 2007 HARMFUL ALGAE,Pred,3.00,,Aquatic,,Metazoan,Invertebrate,Crustacean,Copepod,Acartia hudsonica ,Adult female,Unicell,Algae,Chlorophyte,,Flagellate,Tetraselmis sp,,Mean,N,48,14.0,,1,,140.00,1.54E-01,Alternate genus mass,,2.30E-10,Original species length,Order,m^3 per pred per day,1847,0.69,2.21E-05,1.70E-05,2.78E-05,9.81E-14,5.93E-14,1.09E-06,200,NJ,
1848,Colin and Dam 2007 HARMFUL ALGAE,Pred,3.00,,Aquatic,,Metazoan,Invertebrate,Crustacean,Copepod,Acartia hudsonica ,Adult female,Unicell,Algae,Chlorophyte,,Flagellate,Tetraselmis sp,,Mean,N,48,14.0,,1,,140.00,1.54E-01,Alternate genus mass,,2.30E-10,Original species length,Order,m^3 per pred per day,1848,0.66,1.87E-05,1.44E-05,2.65E-05,1.32E-13,5.87E-14,1.75E-06,200,CT,
1849,Colin and Dam 2007 HARMFUL ALGAE,Pred,3.00,,Aquatic,,Metazoan,Invertebrate,Crustacean,Copepod,Acartia hudsonica ,Adult female,Unicell,Algae,Chlorophyte,,Flagellate,Tetraselmis sp,,Mean,N,48,14.0,,1,,140.00,1.54E-01,Alternate genus mass,,2.30E-10,Original species length,Order,m^3 per pred per day,1849,0.62,2.08E-05,1.45E-05,4.45E-05,5.88E-07,6.06E-14,4.49E-06,200,MA,
1850,Colin and Dam 2007 HARMFUL ALGAE,Pred,3.00,,Aquatic,,Metazoan,Invertebrate,Crustacean,Copepod,Acartia hudsonica ,Adult female,Unicell,Algae,Chlorophyte,,Flagellate,Tetraselmis sp,,Mean,N,48,14.0,,1,,140.00,1.54E-01,Alternate genus mass,,2.30E-10,Original species length,Order,m^3 per pred per day,1850,0.50,1.38E-05,9.83E-06,2.03E-05,2.68E-12,5.83E-14,4.64E-06,200,ME,
1851,Colin and Dam 2007 HARMFUL ALGAE,Pred,3.00,,Aquatic,,Metazoan,Invertebrate,Crustacean,Copepod,Acartia hudsonica ,Adult female,Unicell,Algae,Chlorophyte,,Flagellate,Tetraselmis sp,,Mean,N,48,14.0,,1,,140.00,1.54E-01,Alternate genus mass,,2.30E-10,Original species length,Order,m^3 per pred per day,1851,0.61,1.60E-05,1.27E-05,2.14E-05,2.91E-12,5.97E-14,2.85E-06,200,NB,
1852,Starkweather and Gilbert 1977 OECOL,Pred,3.00,,Aquatic,,Metazoan,Invertebrate,Rotifer,,Brachionus calyciflorus,Adult female,Unicell,Fungi,Yeast,,Yeast,Rhodotorula glutinis,,Raw data,N,,22.0,,50,,10.00,2.00E-04,Alternate species mass,,,,,m^3 per pred per day,1852,0.92,1.54E-08,1.04E-08,1.03E-07,3.93E-06,2.46E-06,6.99E-06,200,,
1853,Starkweather and Gilbert 1977 OECOL,Pred,3.00,,Aquatic,,Metazoan,Invertebrate,Rotifer,,Brachionus calyciflorus,Adult female,Unicell,Fungi,Yeast,,Yeast,Rhodotorula glutinis,,Raw data,N,,28.0,,50,,10.00,2.00E-04,Alternate species mass,,,,,m^3 per pred per day,1853,0.96,8.39E-08,3.36E-08,3.00E-07,3.94E-06,1.81E-06,2.07E-05,200,,
1854,Starkweather and Gilbert 1977 OECOL,Pred,3.00,,Aquatic,,Metazoan,Invertebrate,Rotifer,,Brachionus calyciflorus,Adult female,Unicell,Protozoan,Euglenid,,Flagellate,Euglena gracilis,,Raw data,N,,28.0,,50,,10.00,2.00E-04,Alternate species mass,,,,,m^3 per pred per day,1854,0.06,3.01E-06,5.59E-07,5.73E-06,6.99E-04,5.78E-04,8.19E-04,200,,
1855,Starkweather and Gilbert 1977 OECOL,Pred,3.00,,Aquatic,,Metazoan,Invertebrate,Rotifer,,Brachionus calyciflorus,Adult female,Unicell,Protozoan,Euglenid,,Flagellate,Euglena gracilis,,Raw data,N,,23.0,,50,,10.00,2.00E-04,Alternate species mass,,,,,m^3 per pred per day,1855,0.55,1.22E-06,3.91E-07,1.88E-06,1.49E-03,1.21E-03,1.75E-03,200,,
1856,Hada and Uye 1991 JPR,Pred,3.00,,Aquatic,,Metazoan,Invertebrate,Crustacean,Copepod,Sinocalanus tenellus,Adult female,Metazoan,Invertebrate,Crustacean,Copepod,Copepod,Sinocalanus tenellus,N1-N2,Raw data,N,1 to 2,23.0,,1,,500.00,,,,,,,m^3 per pred per day,1856,0.54,5.38E-05,4.60E-05,7.27E-05,4.95E-10,4.82E-10,1.91E-02,200,,
1857,Hada and Uye 1991 JPR,Pred,3.00,,Aquatic,,Metazoan,Invertebrate,Crustacean,Copepod,Sinocalanus tenellus,Adult female,Metazoan,Invertebrate,Crustacean,Copepod,Copepod,Sinocalanus tenellus,N3-N4,Raw data,N,1 to 2,23.0,,1,,500.00,,,,,,,m^3 per pred per day,1857,0.61,1.40E-04,6.91E-05,2.49E-04,2.66E-02,4.99E-10,5.08E-02,200,,
1858,Hada and Uye 1991 JPR,Pred,3.00,,Aquatic,,Metazoan,Invertebrate,Crustacean,Copepod,Sinocalanus tenellus,Adult female,Metazoan,Invertebrate,Crustacean,Copepod,Copepod,Sinocalanus tenellus,N5-N6,Raw data,N,1 to 2,23.0,,1,,500.00,,,,,,,m^3 per pred per day,1858,0.41,7.57E-05,3.97E-05,1.87E-04,5.00E-02,4.95E-10,1.19E-01,200,,
1859,Hada and Uye 1991 JPR,Pred,3.00,,Aquatic,,Metazoan,Invertebrate,Crustacean,Copepod,Sinocalanus tenellus,C3-C4,Metazoan,Invertebrate,Crustacean,Copepod,Copepod,Sinocalanus tenellus,N1-N2,Raw data,N,1 to 2,23.0,,1,,500.00,,,,,,,m^3 per pred per day,1859,0.52,4.87E-05,2.76E-05,1.02E-04,2.64E-02,4.91E-10,6.53E-02,200,,
1860,Hada and Uye 1991 JPR,Pred,3.00,,Aquatic,,Metazoan,Invertebrate,Crustacean,Copepod,Sinocalanus tenellus,C3-C4,Metazoan,Invertebrate,Crustacean,Copepod,Copepod,Sinocalanus tenellus,N3-N4,Raw data,N,1 to 2,23.0,,1,,500.00,,,,,,,m^3 per pred per day,1860,0.42,6.67E-05,3.31E-05,1.52E-04,4.87E-02,4.85E-10,1.11E-01,200,,
1861,Hada and Uye 1991 JPR,Pred,3.00,,Aquatic,,Metazoan,Invertebrate,Crustacean,Copepod,Sinocalanus tenellus,C1-C2,Metazoan,Invertebrate,Crustacean,Copepod,Copepod,Sinocalanus tenellus,N1-N2,Raw data,N,1 to 2,23.0,,1,,500.00,,,,,,,m^3 per pred per day,1861,0.61,3.33E-05,2.11E-05,6.28E-05,3.04E-02,4.84E-10,8.18E-02,200,,
1862,Hada and Uye 1991 JPR,Pred,3.00,,Aquatic,,Metazoan,Invertebrate,Crustacean,Copepod,Sinocalanus tenellus,C1-C2,Metazoan,Invertebrate,Crustacean,Copepod,Copepod,Sinocalanus tenellus,N3-N4,Raw data,N,1 to 2,23.0,,1,,500.00,,,,,,,m^3 per pred per day,1862,0.15,5.05E-05,1.02E-05,2.48E-04,4.41E-01,4.57E-10,1.19E+00,200,,
1863,Vega 1997 IRGH,Pred,3.00,,Aquatic,,Metazoan,Invertebrate,Crustacean,Copepod,Parabroteas sarsi,Adult female,Metazoan,Invertebrate,Crustacean,Cladoceran,Daphnia,Bosmina longirostris,,Mean,N,0,14.0,,1,,500.00,3.98E+00,Original species length,Order,6.24E-03,Original species length,Order,m^3 per pred per day,1863,0.50,2.09E-03,1.38E-03,3.32E-03,5.45E-03,2.11E-03,7.97E-03,200,,
1864,Vega 1997 IRGH,Pred,3.00,,Aquatic,,Metazoan,Invertebrate,Crustacean,Copepod,Parabroteas sarsi,Adult male,Metazoan,Invertebrate,Crustacean,Cladoceran,Daphnia,Bosmina longirostris,,Mean,N,0,14.0,,1,,500.00,2.77E+00,Original species length,Order,6.24E-03,Original species length,Order,m^3 per pred per day,1864,0.54,1.16E-03,8.60E-04,1.94E-03,2.98E-03,2.46E-11,7.80E-03,200,,
1865,Vega 1997 IRGH,Pred,3.00,,Aquatic,,Metazoan,Invertebrate,Crustacean,Copepod,Parabroteas sarsi,CIV,Metazoan,Invertebrate,Crustacean,Cladoceran,Daphnia,Bosmina longirostris,,Mean,N,0,14.0,,3,,500.00,1.43E+00,Original species length,Order,6.24E-03,Original species length,Order,m^3 per pred per day,1865,0.84,2.72E-04,2.24E-04,4.00E-04,5.19E-03,4.91E-10,1.67E-02,200,,
1866,Vega 1997 IRGH,Pred,3.00,,Aquatic,,Metazoan,Invertebrate,Crustacean,Copepod,Parabroteas sarsi,Adult female,Metazoan,Invertebrate,Crustacean,Cladoceran,Daphnia,Ceriodaphnia dubia,Juvenile,Mean,N,0,14.0,,1,,500.00,3.98E+00,Original species length,Order,1.22E-02,Original species length,Order,m^3 per pred per day,1866,0.35,2.85E-03,1.81E-03,4.34E-03,6.46E-03,4.36E-03,8.88E-03,200,,
1867,Vega 1997 IRGH,Pred,3.00,,Aquatic,,Metazoan,Invertebrate,Crustacean,Copepod,Parabroteas sarsi,Adult male,Metazoan,Invertebrate,Crustacean,Cladoceran,Daphnia,Ceriodaphnia dubia,Juvenile,Mean,N,0,14.0,,1,,500.00,2.77E+00,Original species length,Order,1.22E-02,Original species length,Order,m^3 per pred per day,1867,0.80,1.90E-03,1.62E-03,2.31E-03,4.85E-03,3.54E-03,6.54E-03,200,,
1868,Vega 1997 IRGH,Pred,3.00,,Aquatic,,Metazoan,Invertebrate,Crustacean,Copepod,Parabroteas sarsi,CIV,Metazoan,Invertebrate,Crustacean,Cladoceran,Daphnia,Ceriodaphnia dubia,Juvenile,Mean,N,0,14.0,,3,,500.00,1.43E+00,Original species length,Order,1.22E-02,Original species length,Order,m^3 per pred per day,1868,0.84,3.64E-04,2.98E-04,4.26E-04,2.05E-02,1.32E-02,2.59E-02,200,,
1869,Vega 1997 IRGH,Pred,3.00,,Aquatic,,Metazoan,Invertebrate,Crustacean,Copepod,Parabroteas sarsi,CV,Metazoan,Invertebrate,Crustacean,Cladoceran,Daphnia,Ceriodaphnia dubia,Juvenile,Mean,N,0,14.0,,3,,500.00,2.10E+00,Original species length,Order,1.22E-02,Original species length,Order,m^3 per pred per day,1869,0.69,3.72E-04,3.07E-04,4.79E-04,2.18E-02,1.52E-02,2.84E-02,200,,
1870,Vega 1997 IRGH,Pred,3.00,,Aquatic,,Metazoan,Invertebrate,Crustacean,Copepod,Parabroteas sarsi,Adult female,Metazoan,Invertebrate,Crustacean,Cladoceran,Daphnia,Ceriodaphnia dubia,Adult,Mean,N,0,14.0,,1,,500.00,3.98E+00,Original species length,Order,4.55E-02,Original species length,Order,m^3 per pred per day,1870,0.47,1.32E-03,1.06E-03,2.52E-03,1.73E-03,2.44E-11,7.88E-03,200,,
1871,Vega 1997 IRGH,Pred,3.00,,Aquatic,,Metazoan,Invertebrate,Crustacean,Copepod,Parabroteas sarsi,Adult male,Metazoan,Invertebrate,Crustacean,Cladoceran,Daphnia,Ceriodaphnia dubia,Adult,Mean,N,0,14.0,,1,,500.00,2.77E+00,Original species length,Order,4.55E-02,Original species length,Order,m^3 per pred per day,1871,0.86,1.06E-03,9.65E-04,1.17E-03,2.45E-11,2.37E-11,1.26E-03,200,,
1872,Vega 1997 IRGH,Pred,3.00,,Aquatic,,Metazoan,Invertebrate,Crustacean,Copepod,Parabroteas sarsi,Adult female,Metazoan,Invertebrate,Crustacean,Cladoceran,Daphnia,Daphnia middendorffiana,Juvenile,Mean,N,0,14.0,,1,,500.00,3.98E+00,Original species length,Order,3.52E-01,Original species length,Order,m^3 per pred per day,1872,0.31,1.58E-03,6.84E-04,6.70E-03,1.84E-02,4.88E-03,3.00E-02,200,,
1873,Vega 1997 IRGH,Pred,3.00,,Aquatic,,Metazoan,Invertebrate,Crustacean,Copepod,Parabroteas sarsi,Adult male,Metazoan,Invertebrate,Crustacean,Cladoceran,Daphnia,Daphnia middendorffiana,Juvenile,Mean,N,0,14.0,,1,,500.00,2.77E+00,Original species length,Order,3.52E-01,Original species length,Order,m^3 per pred per day,1873,0.40,8.85E-04,3.71E-04,4.78E-03,2.02E-02,4.80E-10,4.08E-02,200,,
1874,John and Davidson 2001 J EXP MAR BIO ECOL,Pred,3.00,,Aquatic,,Unicell,Protozoan,Chrysophyte,,Paraphysomonas vestita,,Unicell,Algae,Haptophyte,,Algae,Isochrysis galbana,,Raw data,N,0,18.0,,,,200.00,3.85E-08,Original species length,,3.34E-08,Original species length,,m^3 per pred per day,1874,0.91,5.70E-11,3.93E-11,1.00E-10,3.63E-02,2.92E-02,4.50E-02,200,High C/N prey,
1875,John and Davidson 2001 J EXP MAR BIO ECOL,Pred,3.00,,Aquatic,,Unicell,Protozoan,Chrysophyte,,Paraphysomonas vestita,,Unicell,Algae,Haptophyte,,Algae,Isochrysis galbana,,Raw data,N,0,18.0,,,,200.00,3.85E-08,Original species length,,3.34E-08,Original species length,,m^3 per pred per day,1875,0.98,3.89E-11,3.03E-11,4.77E-11,4.18E-02,3.74E-02,4.76E-02,200,Low C/N prey,
1876,John and Davidson 2001 J EXP MAR BIO ECOL,Pred,3.00,,Aquatic,,Unicell,Protozoan,Chrysophyte,,Paraphysomonas vestita,,Unicell,Algae,Haptophyte,,Algae,Pavlova lutheri,,Raw data,N,0,18.0,,,,200.00,3.85E-08,Original species length,,6.14E-08,Original species length,,m^3 per pred per day,1876,0.77,1.35E-11,5.72E-12,2.46E-11,1.63E-01,7.99E-02,2.13E-01,200,High C/N prey,
1877,John and Davidson 2001 J EXP MAR BIO ECOL,Pred,3.00,,Aquatic,,Unicell,Protozoan,Chrysophyte,,Paraphysomonas vestita,,Unicell,Algae,Haptophyte,,Algae,Pavlova lutheri,,Raw data,N,0,18.0,,,,200.00,3.85E-08,Original species length,,6.14E-08,Original species length,,m^3 per pred per day,1877,0.91,8.96E-12,4.99E-12,2.19E-11,8.40E-02,4.97E-10,1.50E-01,200,Low C/N prey,
1878,Jakobsen and Hansen 1997 MEPS,Pred,3.00,,Aquatic,,Unicell,Protozoan,Ciliate,,Balanion comatum,,Unicell,Algae,Cryptophyte,,Algae,Rhodomonas salina,,Mean,N,0,15.0,,,,270.00,1.75E-06,Original species length,,2.48E-07,Original species length,,m^3 per pred per day,1878,0.83,6.86E-08,6.26E-08,8.19E-08,1.80E-02,1.70E-02,1.90E-02,200,,
1879,Jakobsen and Hansen 1997 MEPS,Pred,3.00,,Aquatic,,Unicell,Protozoan,Dinoflagellate,,Gymnodinium sp.,,Unicell,Algae,Cryptophyte,,Algae,Rhodomonas salina,,Mean,N,0,15.0,,,,270.00,1.30E-07,Original species length,,2.48E-07,Original species length,,m^3 per pred per day,1879,0.63,1.36E-09,9.63E-10,2.10E-09,6.61E-01,5.52E-01,7.63E-01,200,,
1880,Gismervik 2005 AME,Pred,3.00,,Aquatic,,Unicell,Protozoan,Ciliate,,Lohmanniella oviformis,,Unicell,Algae,Chlorophyte,,,Nephroselmis pyriformis,,Raw data,N,0,11.0,,13,,40.00,3.80E-06,Original species length,,5.32E-08,Original species carbon,,m^3 per pred per day,1880,0.69,9.53E-08,5.17E-08,2.06E-07,6.26E-04,2.50E-04,1.24E-03,200,,
1881,Gismervik 2005 AME,Pred,3.00,,Aquatic,,Unicell,Protozoan,Ciliate,,Strombidium sp.,,Unicell,Algae,Chlorophyte,,,Nephroselmis pyriformis,,Raw data,N,0,12.5,,13,,40.00,2.84E-05,Original species length,,5.32E-08,Original species carbon,,m^3 per pred per day,1881,0.69,1.18E-07,8.00E-08,2.47E-07,7.91E-05,1.21E-12,4.39E-04,200,,
1882,Lin et al 2004 J PHYCO,Pred,3.00,,Aquatic,,Unicell,Protozoan,Dinoflagellate,,Pfiesteria piscicida,,Unicell,Algae,Cryptophyte,,,Rhodomonas sp.,,Raw data,N,0,20.0,,,,2000.00,9.03E-07,Original species length,,2.10E-07,Original species carbon,,m^3 per pred per day,1882,0.88,1.34E-11,1.13E-11,1.60E-11,7.38E-02,4.84E-02,9.35E-02,200,206 and 48 pg per cell,
1883,Weisse et al 2001 AME,Pred,3.00,,Aquatic,,Unicell,Protozoan,Ciliate,,Urotricha furcata,,Unicell,Algae,Cryptophyte,,,Cryptomonas sp.,,Raw data,N,0,15.0,,,,8.00,3.90E-06,Original species volume,,2.80E-07,Original species volume,,m^3 per pred per day,1883,0.91,6.25E-10,4.57E-10,8.09E-10,9.10E-03,2.84E-03,1.32E-02,200,,
1884,Weisse et al 2001 AME,Pred,3.00,,Aquatic,,Unicell,Protozoan,Ciliate,,Balanion planctonicum,,Unicell,Algae,Cryptophyte,,,Cryptomonas sp.,,Raw data,N,0,15.0,,,,8.00,1.80E-06,Original species volume,,2.80E-07,Original species volume,,m^3 per pred per day,1884,0.64,6.13E-10,4.47E-10,8.53E-10,9.19E-03,5.47E-04,1.71E-02,200,,
1885,Jeong et al 2007a MEPS cafeteria,Pred,3.00,,Aquatic,,Unicell,Protozoan,Dinoflagellate,,Oxyrrhis marina,,Unicell,Algae,Heterokont,,,Cafeteria sp.,,Mean,N,0,20.0,,,,80.00,1.70E-06,Average species volume,,2.24E-08,Original species volume,,m^3 per pred per day,1885,0.74,2.10E-09,4.84E-10,1.22E-08,3.21E-02,6.07E-03,5.72E-02,200,,
1886,Jeong et al 2007a MEPS cafeteria,Pred,3.00,,Aquatic,,Unicell,Protozoan,Dinoflagellate,,Pfiesteria piscicida,,Unicell,Algae,Heterokont,,,Cafeteria sp.,,Mean,N,0,20.0,,,,80.00,9.03E-07,Alternate species volume,,2.24E-08,Original species volume,,m^3 per pred per day,1886,0.64,5.89E-10,2.02E-10,1.06E-09,1.77E-01,1.20E-01,2.16E-01,200,,
1887,Jeong et al 2007a MEPS cafeteria,Pred,3.00,,Aquatic,,Unicell,Protozoan,Dinoflagellate,,Gyrodinium cf. guttula,,Unicell,Algae,Heterokont,,,Cafeteria sp.,,Mean,N,0,20.0,,,,80.00,8.88E-07,Alternate species volume,,2.24E-08,Original species volume,,m^3 per pred per day,1887,0.89,2.57E-09,1.51E-09,4.03E-09,1.41E-01,1.26E-01,1.59E-01,200,,
1888,Jeong et al 2007 J EUK MICROB,Pred,3.00,,Aquatic,,Unicell,Protozoan,Dinoflagellate,,Luciella masanensis,,Non living food,Non living food,Non living food,,Perch blood cells,,,Mean,N,0,20.0,,,,42.00,1.30E-06,Original species volume,,3.34E-08,Original species length,,m^3 per pred per day,1888,0.95,4.97E-09,4.46E-09,7.84E-09,3.46E-03,3.24E-03,3.79E-03,200,,
1889,Jeong et al 2007 J EUK MICROB,Pred,3.00,,Aquatic,,Unicell,Protozoan,Dinoflagellate,,Luciella masanensis,,Unicell,Protozoan,Dinoflagellate,,,Amphidinium cartarae,,Mean,N,0,20.0,,,,42.00,1.30E-06,Original species volume,,4.77E-07,Original species length,,m^3 per pred per day,1889,0.72,4.05E-10,1.28E-10,1.17E-09,4.52E-01,5.07E-10,8.15E-01,200,,
1890,Jeong et al 2007 J EUK MICROB,Pred,3.00,,Aquatic,,Unicell,Protozoan,Dinoflagellate,,Luciella masanensis,,Unicell,Algae,Cryptophyte,,,Cryptophyte,,Mean,N,0,20.0,,,,42.00,3.00E-07,Original species volume,,9.17E-08,Original species length,,m^3 per pred per day,1890,0.79,4.17E-10,2.01E-10,7.64E-10,3.28E-02,2.36E-11,9.40E-02,200,,
1891,Jeong et al 2007 J EUK MICROB,Pred,3.00,,Aquatic,,Unicell,Protozoan,Dinoflagellate,,Luciella masanensis,,Unicell,Protozoan,Dinoflagellate,,,Heterosigma akashiwo,,Mean,N,0,20.0,,,,42.00,1.10E-06,Original species volume,,7.94E-07,Original species length,,m^3 per pred per day,1891,0.31,6.77E-09,5.49E-10,3.06E-08,6.92E-01,2.83E-01,9.09E-01,200,,
1892,Jeong et al 2007b MEPS dinoflagellates,Pred,3.00,,Aquatic,,Unicell,Protozoan,Dinoflagellate,,Oxyrrhis marina,,Unicell,Protozoan,Dinoflagellate,,,Pfiesteria piscicida,,Mean,N,0,20.0,,,,42.00,1.70E-06,Average species volume,,9.03E-07,Average species volume,,m^3 per pred per day,1892,0.81,5.27E-09,3.64E-09,7.70E-09,1.81E-01,1.53E-01,2.12E-01,200,,
1893,Jeong et al 2007b MEPS dinoflagellates,Pred,3.00,,Aquatic,,Unicell,Protozoan,Dinoflagellate,,Oxyrrhis marina,,Unicell,Protozoan,Dinoflagellate,,,Stoeckeria algicida,,Mean,N,0,20.0,,,,42.00,1.70E-06,Average species volume,,9.17E-08,Alternate species volume,,m^3 per pred per day,1893,0.28,4.89E-09,3.28E-10,4.14E-08,6.09E-01,1.49E-01,8.60E-01,200,,
1894,Jeong et al 2007b MEPS dinoflagellates,Pred,3.00,,Aquatic,,Unicell,Protozoan,Dinoflagellate,,Oxyrrhis marina,,Unicell,Protozoan,Dinoflagellate,,,Luciella masanensis,,Mean,N,0,20.0,,,,42.00,1.70E-06,Average species volume,,1.00E-06,Alternate species volume,,m^3 per pred per day,1894,0.54,9.53E-10,1.97E-10,2.45E-09,5.49E-01,4.15E-10,1.32E+00,200,,
1895,Jeong et al 2007b MEPS dinoflagellates,Pred,3.00,,Aquatic,,Unicell,Protozoan,Ciliate,,Strombidinopsis jeokjo,,Unicell,Protozoan,Dinoflagellate,,,Pfiesteria piscicida,,Mean,N,0,20.0,,,,42.00,3.81E-04,Alternate species volume,,9.03E-07,Average species volume,,m^3 per pred per day,1895,0.93,6.49E-07,4.25E-07,9.89E-07,1.39E-03,1.26E-03,1.51E-03,200,,
1896,Jeong et al 2007b MEPS dinoflagellates,Pred,3.00,,Aquatic,,Unicell,Protozoan,Ciliate,,Strombidinopsis jeokjo,,Unicell,Protozoan,Dinoflagellate,,,Stoeckeria algicida,,Mean,N,0,20.0,,,,42.00,3.81E-04,Alternate species volume,,9.17E-08,Alternate species volume,,m^3 per pred per day,1896,0.91,3.95E-07,2.64E-07,5.84E-07,1.63E-03,1.14E-03,1.90E-03,200,,
1897,Jeong et al 2007b MEPS dinoflagellates,Pred,3.00,,Aquatic,,Metazoan,Invertebrate,Crustacean,Copepod,Acartia sp.,,Unicell,Protozoan,Dinoflagellate,,,Pfiesteria piscicida,,Mean,N,0,20.0,,,,42.00,3.00E-02,Average genus mass,,9.03E-07,Average species volume,,m^3 per pred per day,1897,0.73,6.55E-06,2.96E-06,1.63E-05,3.93E-06,5.98E-14,1.69E-05,200,,
1898,Jeong et al 2007b MEPS dinoflagellates,Pred,3.00,,Aquatic,,Metazoan,Invertebrate,Crustacean,Copepod,Acartia sp.,,Unicell,Protozoan,Dinoflagellate,,,Stoeckeria algicida,,Mean,N,0,20.0,,,,42.00,3.00E-02,Average genus mass,,9.17E-08,Alternate species volume,,m^3 per pred per day,1898,0.73,2.01E-05,7.06E-06,6.04E-05,1.89E-05,2.79E-06,3.00E-05,200,,
1899,Jeong et al 2007b MEPS dinoflagellates,Pred,3.00,,Aquatic,,Metazoan,Invertebrate,Crustacean,Copepod,Acartia sp.,,Unicell,Protozoan,Dinoflagellate,,,Luciella masanensis,,Mean,N,0,20.0,,,,42.00,3.00E-02,Average genus mass,,1.00E-06,Alternate species volume,,m^3 per pred per day,1899,0.75,1.43E-05,3.56E-06,3.27E-05,1.23E-05,1.77E-07,3.09E-05,200,,
1900,Jeong et al 2011,Pred,3.00,,Aquatic,,Unicell,Protozoan,Dinoflagellate,,Gyrodiniellum shiwhaense,,Unicell,Algae,Cryptophyte,,,Teleaulax sp.,,Mean,N,0,20.0,,,,42.00,1.04E-06,Original species volume,,9.17E-08,Original species length,,m^3 per pred per day,1900,0.51,1.65E-08,8.46E-09,5.94E-08,4.81E-02,4.02E-02,5.83E-02,200,,
1901,Jeong et al 2011,Pred,3.00,,Aquatic,,Unicell,Protozoan,Dinoflagellate,,Gyrodiniellum shiwhaense,,Unicell,Protozoan,Dinoflagellate,,,Amphidinium carterae,,Mean,N,0,20.0,,,,42.00,1.86E-06,Original species volume,,4.77E-07,Alternate species length,,m^3 per pred per day,1901,0.61,3.72E-08,2.36E-08,5.88E-08,1.26E-01,1.09E-01,1.49E-01,200,,
1902,Jeong et al 2001 MEPS,Pred,3.00,,Aquatic,,Unicell,Protozoan,Dinoflagellate,,Oxyrrhis marina,,Unicell,Protozoan,Dinoflagellate,,,Amphidinium carterae,,Mean,N,0,20.0,,,,270.00,1.40E-06,Original species volume,,4.77E-07,Alternate species length,,m^3 per pred per day,1902,0.86,2.73E-08,2.28E-08,3.18E-08,3.39E-02,3.05E-02,3.81E-02,200,,
1903,Jeong et al 2001 MEPS,Pred,3.00,,Aquatic,,Metazoan,Invertebrate,Crustacean,Copepod,Acartia sp.,,Unicell,Protozoan,Dinoflagellate,,,Oxyrrhis marina,,Mean,N,0,20.0,,,,270.00,3.00E-02,Average genus mass,,1.40E-06,Original species volume,,m^3 per pred per day,1903,0.81,1.64E-05,1.09E-05,2.60E-05,4.68E-05,1.18E-05,7.98E-05,200,,
1904,Jeong et al 2001 JEM,Pred,3.00,,Aquatic,,Unicell,Protozoan,Dinoflagellate,,Polykrikos kofoidii,,Unicell,Protozoan,Dinoflagellate,,,Gymnodinium catenatum,,Mean,N,0,19.0,,,,80.00,4.30E-05,Original species volume,,2.06E-05,Original species volume,,m^3 per pred per day,1904,0.52,8.82E-08,5.67E-08,1.62E-07,1.10E-01,9.51E-02,1.28E-01,200,,
1905,Jeong et al 2001 JEM,Pred,3.00,,Aquatic,,Unicell,Protozoan,Dinoflagellate,,Polykrikos kofoidii,,Unicell,Protozoan,Dinoflagellate,,,Scrippsiella trochoidea,,Mean,N,0,19.0,,,,80.00,4.30E-05,Original species volume,,8.30E-06,Original species volume,,m^3 per pred per day,1905,0.73,4.55E-08,3.22E-08,7.66E-08,5.19E-02,4.82E-02,5.64E-02,200,,
1906,Jeong et al 2001 JEM,Pred,3.00,,Aquatic,,Unicell,Protozoan,Dinoflagellate,,Polykrikos kofoidii,,Unicell,Protozoan,Dinoflagellate,,,Lingulodinium polyedrum,,Mean,N,0,19.0,,,,80.00,4.30E-05,Original species volume,,2.85E-05,Original species volume,,m^3 per pred per day,1906,0.73,1.34E-07,8.30E-08,3.05E-07,1.02E-01,9.48E-02,1.13E-01,200,,
1907,Jeong et al 2001 JEM,Pred,3.00,,Aquatic,,Unicell,Protozoan,Dinoflagellate,,Polykrikos kofoidii,,Unicell,Protozoan,Dinoflagellate,,,Ceratium furca,,Mean,N,0,19.0,,,,80.00,4.30E-05,Original species volume,,1.27E-05,Original species volume,,m^3 per pred per day,1907,0.17,3.06E-07,1.30E-07,1.78E-06,1.25E-01,8.79E-02,1.58E-01,200,,
1908,Jeong et al 2001 JEM,Pred,3.00,,Aquatic,,Unicell,Protozoan,Dinoflagellate,,Polykrikos kofoidii,,Unicell,Protozoan,Dinoflagellate,,,Prorocentrum micans,,Mean,N,0,19.0,,,,80.00,4.30E-05,Original species volume,,9.20E-06,Original species volume,,m^3 per pred per day,1908,0.26,9.41E-08,4.32E-08,3.09E-07,1.93E-01,1.43E-01,2.47E-01,200,,
1909,Jeong and Latz 1994 MEPS,Pred,3.00,,Aquatic,,Unicell,Protozoan,Dinoflagellate,,Protoperidinium cf. divergens,,Unicell,Protozoan,Dinoflagellate,,,Gonyaulax polyedra,,Mean,N,0,19.0,,272,,32.00,1.19E-04,Original species volume,,2.57E-05,Original species volume,,m^3 per pred per day,1909,0.74,1.90E-08,1.32E-08,2.70E-08,1.89E-01,1.61E-01,2.21E-01,200,,
1910,Jeong et al 2004 AME,Pred,3.00,,Aquatic,,Unicell,Protozoan,Ciliate,,Strombidinopsis jeokjo,,Unicell,Protozoan,Dinoflagellate,,,Gyrodinium dominans,,Mean,N,0,20.0,,,,270.00,3.81E-04,Original species volume,,1.00E-06,Alternate species volume,,m^3 per pred per day,1910,0.87,4.91E-09,3.23E-09,8.45E-09,1.46E-03,1.18E-03,1.78E-03,200,,
1911,Jeong et al 2004 AME,Pred,3.00,,Aquatic,,Unicell,Protozoan,Ciliate,,Strombidinopsis jeokjo,,Unicell,Protozoan,Dinoflagellate,,,Oxyrrhis marina,,Mean,N,0,20.0,,,,270.00,3.81E-04,Original species volume,,1.70E-06,Average species volume,,m^3 per pred per day,1911,0.73,8.25E-08,3.44E-08,2.02E-07,1.97E-03,2.40E-11,7.40E-03,200,,
1912,Jeong et al. 1999 JEM,Pred,3.00,,Aquatic,,Unicell,Protozoan,Ciliate,,Strombidinopsis sp.,,Unicell,Protozoan,Dinoflagellate,,,Gymnodinium sanguineum,,Mean,N,0,19.0,,,,270.00,5.60E-04,Original species volume,,2.50E-05,Original species volume,,m^3 per pred per day,1912,0.61,4.07E-06,1.17E-06,1.42E-05,6.41E-03,5.28E-03,7.59E-03,200,,
1913,Jeong et al. 1999 JEM,Pred,3.00,,Aquatic,,Unicell,Protozoan,Ciliate,,Strombidinopsis sp.,,Unicell,Protozoan,Dinoflagellate,,,Cochlodinium polykrikoides,,Mean,N,0,19.0,,,,270.00,5.60E-04,Original species volume,,6.60E-06,Original species volume,,m^3 per pred per day,1913,0.81,2.82E-06,1.33E-06,8.88E-06,2.09E-03,1.54E-03,2.50E-03,200,,
1914,Jeong et al. 1999 JEM,Pred,3.00,,Aquatic,,Unicell,Protozoan,Ciliate,,Strombidinopsis sp.,,Unicell,Protozoan,Dinoflagellate,,,Lingulodinium polyedrum,,Mean,N,0,19.0,,,,270.00,5.60E-04,Original species volume,,2.85E-05,Original species volume,,m^3 per pred per day,1914,0.84,8.27E-07,3.68E-07,1.18E-06,1.12E-02,8.49E-03,1.33E-02,200,,
1915,Jeong et al. 1999 JEM,Pred,3.00,,Aquatic,,Unicell,Protozoan,Ciliate,,Strombidinopsis sp.,,Unicell,Protozoan,Dinoflagellate,,,Scrippsiella trochoidea,,Mean,N,0,19.0,,,,270.00,5.60E-04,Original species volume,,8.30E-06,Original species volume,,m^3 per pred per day,1915,0.58,1.83E-06,3.10E-07,4.06E-06,4.05E-03,2.88E-03,5.09E-03,200,,
1916,Jeong et al. 1999 JEM,Pred,3.00,,Aquatic,,Unicell,Protozoan,Ciliate,,Strombidinopsis sp.,,Unicell,Protozoan,Dinoflagellate,,,Prorocentrum minimum,,Mean,N,0,19.0,,,,270.00,5.60E-04,Original species volume,,1.10E-06,Original species volume,,m^3 per pred per day,1916,0.72,7.54E-06,5.88E-06,9.75E-06,5.88E-04,5.48E-04,6.44E-04,200,,
1917,Frangopulos et al 2011 HARMFUL ALGAE,Pred,3.00,,Aquatic,,Unicell,Protozoan,Dinoflagellate,,Noctiluca scintillans,,Unicell,Protozoan,Dinoflagellate,,,Alexandrium minutum,,Mean,N,72,18.0,,15,,40.00,2.24E-02,Original species volume,,4.00E-06,Original species volume,,m^3 per pred per day,1917,0.90,1.22E-06,9.24E-07,1.78E-06,8.57E-04,1.60E-05,1.72E-03,200,Dark,
1918,Frangopulos et al 2011 HARMFUL ALGAE,Pred,3.00,,Aquatic,,Unicell,Protozoan,Dinoflagellate,,Noctiluca scintillans,,Unicell,Protozoan,Dinoflagellate,,,Alexandrium minutum,,Mean,N,72,18.0,,15,,40.00,2.24E-02,Original species volume,,4.00E-06,Original species volume,,m^3 per pred per day,1918,0.76,1.54E-06,1.02E-06,2.52E-06,2.66E-03,1.39E-03,4.07E-03,200,Dark/light,
1919,Kamiyama et al 2005 MAR BIOL,Pred,3.00,,Aquatic,,Unicell,Protozoan,Ciliate,,Favella taraikaensis,,Unicell,Protozoan,Dinoflagellate,,,Alexandrium tamarense,,Raw data,N,0,18.0,,30,,25.00,2.50E-04,Alternate species volume,,1.27E-05,Original species volume,,m^3 per pred per day,1919,0.84,3.25E-06,1.99E-06,5.58E-06,1.53E-02,1.18E-02,1.93E-02,200,,
1920,Kamiyama 1997 MARBIOL,Pred,3.00,,Aquatic,,Unicell,Protozoan,Ciliate,,Favella azorica,,Unicell,Protozoan,Dinoflagellate,,,Heterocapsa circularisquama,,Mean,N,0,20.0,,25,,25.00,1.58E-04,Alternate genus volume,,1.45E-06,Original species volume,,m^3 per pred per day,1920,0.79,6.70E-07,4.03E-07,1.65E-06,1.20E-03,7.65E-04,1.88E-03,200,,
1921,Kamiyama 1997 MARBIOL,Pred,3.00,,Aquatic,,Unicell,Protozoan,Ciliate,,Favella azorica,,Unicell,Protozoan,Dinoflagellate,,,Heterocapsa triquetra,,Mean,N,0,20.0,,25,,25.00,1.58E-04,Alternate genus volume,,3.51E-06,Original species volume,,m^3 per pred per day,1921,0.61,8.39E-08,3.08E-08,9.51E-07,1.19E-03,2.46E-11,2.54E-03,200,,
1922,Kamiyama 1997 MARBIOL,Pred,3.00,,Aquatic,,Unicell,Protozoan,Ciliate,,Favella taraikaensis,,Unicell,Protozoan,Dinoflagellate,,,Heterocapsa circularisquama,,Mean,N,0,20.0,,25,,25.00,2.50E-04,Alternate species volume,,1.45E-06,Original species volume,,m^3 per pred per day,1922,0.68,1.07E-06,4.92E-07,4.24E-06,1.22E-03,2.40E-11,3.42E-03,200,,
1923,Kamiyama 1997 MARBIOL,Pred,3.00,,Aquatic,,Unicell,Protozoan,Ciliate,,Favella taraikaensis,,Unicell,Protozoan,Dinoflagellate,,,Heterocapsa triquetra,,Mean,N,0,20.0,,25,,25.00,2.50E-04,Alternate species volume,,3.51E-06,Original species volume,,m^3 per pred per day,1923,0.60,1.04E-07,2.76E-08,9.27E-07,2.98E-04,2.36E-11,3.05E-03,200,,
1924,Hewett 1980 ECOL,Pred,3.00,,Aquatic,,Unicell,Protozoan,Ciliate,,Didinium nasutum,,Unicell,Protozoan,Ciliate,,,Paramecium aurelia,,Mean,N,0,,,1,,0.15,6.52E-04,Original species volume,,1.06E-04,Original species volume,,m^3 per pred per day,1924,0.79,1.02E-06,7.45E-07,1.52E-06,3.72E-02,3.07E-02,4.39E-02,200,,
1925,Hewett 1980 ECOL,Pred,3.00,,Aquatic,,Unicell,Protozoan,Ciliate,,Didinium nasutum,,Unicell,Protozoan,Ciliate,,,Paramecium jenningsi,,Mean,N,0,,,1,,0.15,1.03E-03,Original species volume,,6.36E-04,Original species volume,,m^3 per pred per day,1925,0.80,1.02E-06,6.91E-07,1.73E-06,4.97E-02,4.16E-02,5.78E-02,200,,
1926,Hewett 1980 ECOL,Pred,3.00,,Aquatic,,Unicell,Protozoan,Ciliate,,Didinium nasutum,,Unicell,Protozoan,Ciliate,,,Paramecium micronucleatum,,Mean,N,0,,,1,,0.15,8.92E-04,Original species volume,,1.78E-03,Original species volume,,m^3 per pred per day,1926,0.82,5.74E-07,3.81E-07,1.03E-06,5.82E-02,4.64E-02,7.37E-02,200,,
1927,Laybourn 1976 OEC,Pred,3.00,,Aquatic,,Unicell,Protozoan,Ciliate,,Stentor coeruleus ,,Unicell,Protozoan,Ciliate,,,Tetrahymena pyriformis,,Mean,N,0,20.0,,1,,0.50,5.00E-03,Alternate species volume,,1.95E-05,Alternate species volume,,m^3 per pred per day,1927,0.88,1.19E-06,8.81E-07,1.67E-06,3.81E-03,2.60E-11,8.16E-03,200,,
1928,Laybourn 1976 OEC,Pred,3.00,,Aquatic,,Unicell,Protozoan,Ciliate,,Stentor coeruleus ,,Unicell,Protozoan,Ciliate,,,Tetrahymena pyriformis,,Mean,N,0,15.0,,1,,0.50,5.00E-03,Alternate species volume,,1.95E-05,Alternate species volume,,m^3 per pred per day,1928,0.89,1.03E-06,8.64E-07,1.41E-06,2.33E-03,2.48E-11,6.50E-03,200,,
1929,Rogerson 1981 HYDROBIO,Pred,3.00,,Aquatic,,Unicell,Protozoan,Sarcodine,,Amoeba proteus,,Unicell,Protozoan,Ciliate,,,Tetrahymena pyriformis,,Mean,N,0,20.0,,1,,,1.00E-03,Original species volume,,1.95E-05,Original species volume,,m^3 per pred per day,1929,0.07,3.48E-07,1.84E-07,9.64E-07,1.19E-02,8.17E-03,1.49E-02,200,,
1930,Rogerson 1981 HYDROBIO,Pred,3.00,,Aquatic,,Unicell,Protozoan,Sarcodine,,Amoeba proteus,,Unicell,Protozoan,Ciliate,,,Tetrahymena pyriformis,,Mean,N,0,15.0,,1,,,1.50E-03,Original species volume,,1.95E-05,Original species volume,,m^3 per pred per day,1930,0.15,1.80E-07,1.05E-07,3.21E-07,9.55E-03,6.10E-03,1.35E-02,200,,
1931,Rogerson 1981 HYDROBIO,Pred,3.00,,Aquatic,,Unicell,Protozoan,Sarcodine,,Amoeba proteus,,Unicell,Protozoan,Ciliate,,,Tetrahymena pyriformis,,Mean,N,0,10.0,,1,,,1.50E-03,Original species volume,,1.95E-05,Original species volume,,m^3 per pred per day,1931,0.01,7.77E-07,3.03E-07,4.26E-06,2.37E-02,1.99E-02,2.78E-02,200,,
1932,Kim and Jeong 2004 MEPS,Pred,3.00,,Aquatic,,Unicell,Protozoan,Dinoflagellate,,Gyrodinium dominans,,Unicell,Protozoan,Dinoflagellate,,,Prorocentrum minimum,,Mean,N,0,20.0,,,,80.00,1.00E-06,Original species volume,,1.10E-06,Original species volume,,m^3 per pred per day,1932,0.74,2.13E-07,1.42E-07,3.64E-07,1.27E-01,1.16E-01,1.40E-01,200,,
1933,Kim and Jeong 2004 MEPS,Pred,3.00,,Aquatic,,Unicell,Protozoan,Dinoflagellate,,Gyrodinium spirale,,Unicell,Protozoan,Dinoflagellate,,,Prorocentrum minimum,,Mean,N,0,20.0,,,,80.00,1.00E-05,Original species volume,,1.10E-06,Original species volume,,m^3 per pred per day,1933,0.88,1.23E-07,8.59E-08,1.86E-07,1.14E-02,9.67E-03,1.34E-02,200,,
1934,Jeong et al 2003 JEM,Pred,3.00,,Aquatic,,Unicell,Protozoan,Dinoflagellate,,Oxyrrhis marina,,Unicell,Protozoan,Dinoflagellate,,,Heterosigma akashiwo,,Mean,N,0,20.0,,,,270.00,1.70E-06,Average species volume,,7.47E-07,Average species volume,,m^3 per pred per day,1934,0.60,7.04E-09,1.83E-09,3.38E-08,1.07E-01,6.89E-02,1.38E-01,200,,
1935,Tillmann and Reckermann 2002 AME,Pred,3.00,,Aquatic,,Unicell,Protozoan,Dinoflagellate,,Oblea rotunda,,Unicell,Protozoan,Dinoflagellate,,,Fibrocapsa japonica,,Mean,N,0,20.0,,,,50.00,6.13E-06,Average species volume,,4.45E-06,Average species volume,,m^3 per pred per day,1935,0.90,8.18E-09,6.57E-09,1.04E-08,1.23E-01,1.07E-01,1.41E-01,200,,
1936,Sarnelle and Wilson 2008 ECOLOGY,Pred,3.00,,Aquatic,,Metazoan,Invertebrate,Crustacean,Cladoceran,Daphnia pulicaria,,Unicell,Algae,Chlorophyte,,,Ankistrodesmus falcatus,,Raw data,N,2,22.0,,10,,110.00,4.13E-01,Original species length,Order,2.94E-07,Original species volume,Density,m^3 per pred per day,1936,0.72,4.38E-05,2.87E-05,6.24E-05,3.68E-06,4.99E-09,6.17E-06,200,,
1937,Nejstgaard et al. 1995 J MAR SCI,Pred,3.00,,Aquatic,,Metazoan,Invertebrate,Crustacean,Copepod,Calanus finmarchicus,Adult female/Stage V copepodid,Unicell,Algae,Haptophyte,,,Emiliania huxleyi,,Raw data,N,,13.0,,5,,510.00,9.05E-04,Original species length,Order,2.27E-07,Alternate species length,Density,m^3 per pred per day,1937,0.85,5.21E-05,3.52E-05,6.70E-05,2.49E-07,1.79E-07,3.44E-07,200,,
1938,Nejstgaard et al. 1995 J MAR SCI,Pred,3.00,,Aquatic,,Metazoan,Invertebrate,Crustacean,Copepod,Calanus finmarchicus,Adult female/Stage V copepodid,Unicell,Algae,Cryptophyte,,,Rhodomonas baltica,,Raw data,N,,13.0,,5,,510.00,9.05E-04,Original species length,Order,9.31E-07,Alternate species length,Density,m^3 per pred per day,1938,0.63,1.32E-04,9.40E-05,1.87E-04,1.04E-06,8.44E-07,1.21E-06,200,,
1939,Geange and Stier 2010 CORAL REEFS,Pred,2.00,,Aquatic,,Metazoan,Invertebrate,Mollusk,,Gymnodoris ceylonica,,Metazoan,Invertebrate,Mollusk,Gastropod,Sea hare,Stylocheilus striatus,,Raw data,N,72,,,1,361.00,3249.00,6.22E+03,Original species length,Class,4.80E+03,Original species length,Class,m^2 per pred per day,1939,0.48,1.06E-01,7.14E-02,2.93E-01,2.15E-01,1.52E-01,2.67E-01,200,,
1940,Paulsson thesis,Pred,3.00,,Aquatic,,Metazoan,Invertebrate,Crustacean,Cladoceran,Daphnia magna,,Unicell,Algae,Chlorophyte,,,Monoraphidium minutum,,Raw data,N,48,23.0,,5,,67.00,7.91E-01,Average species mass,,2.31E-08,Original species length,Density,m^3 per pred per day,1940,0.96,9.32E-07,6.15E-07,1.30E-06,1.13E-05,5.30E-06,2.57E-05,200,,
1941,Hansen et al 1990 J PLANK RES,Pred,3.00,,Aquatic,,Metazoan,Invertebrate,Crustacean,Copepod,Calanus finmarchicus,Stage I,Unicell,Algae,Diatom,,,Thalassiosira nordenskioeldii,,Raw data,N,,,,,,550.00,5.55E-02,Original species length,Order,1.68E-05,Alternate species length,Density,m^3 per pred per day,1941,0.29,1.56E-05,5.60E-06,3.64E-05,3.33E-03,1.59E-03,4.68E-03,200,,
1942,Hansen et al 1990 J PLANK RES,Pred,3.00,,Aquatic,,Metazoan,Invertebrate,Crustacean,Copepod,Calanus finmarchicus,Stage II,Unicell,Algae,Diatom,,,Thalassiosira nordenskioeldii,,Raw data,N,,,,,,550.00,8.57E-02,Original species length,Order,1.68E-05,Alternate species length,Density,m^3 per pred per day,1942,0.20,8.78E-05,3.27E-05,5.13E-04,1.32E-03,8.88E-04,1.69E-03,200,,
1943,Hansen et al 1990 J PLANK RES,Pred,3.00,,Aquatic,,Metazoan,Invertebrate,Crustacean,Copepod,Calanus finmarchicus,Stage II,Unicell,Algae,Diatom,,,Porosira glacialis,,Raw data,N,,,,,,550.00,8.57E-02,Original species length,Order,6.73E-05,Alternate species length,Density,m^3 per pred per day,1943,0.49,3.24E-06,1.18E-06,1.21E-05,1.30E-02,5.77E-03,2.05E-02,200,,
1944,Hansen et al 1990 J PLANK RES,Pred,3.00,,Aquatic,,Metazoan,Invertebrate,Crustacean,Copepod,Calanus finmarchicus,Stage II,Unicell,Algae,Haptophyte,,,Phaeocystis pouchetii,,Raw data,N,,,,,,550.00,8.57E-02,Original species length,Order,2.51E-04,Average species mass,,m^3 per pred per day,1944,0.23,3.50E-06,1.20E-06,2.61E-05,3.69E-04,1.96E-04,5.53E-04,200,,
1945,Hansen et al 1990 J PLANK RES,Pred,3.00,,Aquatic,,Metazoan,Invertebrate,Crustacean,Copepod,Calanus finmarchicus,Stage III,Unicell,Algae,Diatom,,,Thalassiosira nordenskioeldii,,Raw data,N,,,,,,550.00,2.06E-01,Original species length,Order,1.68E-05,Alternate species length,Density,m^3 per pred per day,1945,0.56,4.65E-05,2.49E-05,1.21E-04,4.70E-04,3.31E-04,6.71E-04,200,,
1946,Hansen et al 1990 J PLANK RES,Pred,3.00,,Aquatic,,Metazoan,Invertebrate,Crustacean,Copepod,Calanus finmarchicus,Stage III,Unicell,Algae,Diatom,,,Porosira glacialis,,Raw data,N,,,,,,550.00,2.06E-01,Original species length,Order,6.73E-05,Alternate species length,Density,m^3 per pred per day,1946,0.74,4.84E-06,2.83E-06,8.45E-06,1.12E-03,2.48E-11,2.88E-03,200,,
1947,Hansen et al 1990 J PLANK RES,Pred,3.00,,Aquatic,,Metazoan,Invertebrate,Crustacean,Copepod,Calanus finmarchicus,Stage III,Unicell,Algae,Haptophyte,,,Phaeocystis pouchetii,,Raw data,N,,,,,,550.00,2.06E-01,Original species length,Order,2.51E-04,Average species mass,,m^3 per pred per day,1947,0.17,4.34E-06,1.23E-06,1.49E-05,1.38E-04,9.67E-06,2.16E-04,200,,
1948,Hansen et al 1990 J PLANK RES,Pred,3.00,,Aquatic,,Metazoan,Invertebrate,Crustacean,Copepod,Calanus finmarchicus,Stage IV,Unicell,Algae,Diatom,,,Thalassiosira nordenskioeldii,,Raw data,N,,,,,,550.00,4.58E-01,Original species length,Order,1.68E-05,Alternate species length,Density,m^3 per pred per day,1948,0.42,2.55E-05,1.08E-05,5.59E-05,3.03E-04,2.44E-11,4.79E-04,200,,
1949,Hansen et al 1990 J PLANK RES,Pred,3.00,,Aquatic,,Metazoan,Invertebrate,Crustacean,Copepod,Calanus finmarchicus,Stage IV,Unicell,Algae,Diatom,,,Porosira glacialis,,Raw data,N,,,,,,550.00,4.58E-01,Original species length,Order,6.73E-05,Alternate species length,Density,m^3 per pred per day,1949,0.41,2.01E-05,7.65E-06,4.64E-05,1.88E-03,6.74E-04,2.67E-03,200,,
1950,Hansen et al 1990 J PLANK RES,Pred,3.00,,Aquatic,,Metazoan,Invertebrate,Crustacean,Copepod,Calanus finmarchicus,Stage IV,Unicell,Algae,Haptophyte,,,Phaeocystis pouchetii,,Raw data,N,,,,,,550.00,4.58E-01,Original species length,Order,2.51E-04,Average species mass,,m^3 per pred per day,1950,0.15,1.83E-05,4.15E-06,1.37E-04,8.03E-05,3.57E-05,1.05E-04,200,,
1951,Hansen et al 1990 J PLANK RES,Pred,3.00,,Aquatic,,Metazoan,Invertebrate,Crustacean,Copepod,Calanus finmarchicus,Stage V,Unicell,Algae,Diatom,,,Thalassiosira nordenskioeldii,,Raw data,N,,,,,,550.00,8.93E-01,Original species length,Order,1.68E-05,Alternate species length,Density,m^3 per pred per day,1951,0.42,6.17E-05,2.89E-05,2.97E-04,5.11E-04,1.93E-04,6.82E-04,200,,
1952,Hansen et al 1990 J PLANK RES,Pred,3.00,,Aquatic,,Metazoan,Invertebrate,Crustacean,Copepod,Calanus finmarchicus,Stage V,Unicell,Algae,Diatom,,,Porosira glacialis,,Raw data,N,,,,,,550.00,8.93E-01,Original species length,Order,6.73E-05,Alternate species length,Density,m^3 per pred per day,1952,0.06,2.27E-05,9.59E-06,1.53E-04,2.68E-03,8.39E-04,4.57E-03,200,,
1953,Hansen et al 1990 J PLANK RES,Pred,3.00,,Aquatic,,Metazoan,Invertebrate,Crustacean,Copepod,Calanus finmarchicus,Stage V,Unicell,Algae,Haptophyte,,,Phaeocystis pouchetii,,Raw data,N,,,,,,550.00,8.93E-01,Original species length,Order,2.51E-04,Average species mass,,m^3 per pred per day,1953,0.12,7.55E-06,3.60E-06,5.92E-05,1.51E-05,1.23E-12,4.29E-05,200,,
1954,Isari and Saiz 2011 J PLANK RES,Pred,3.00,,Aquatic,,Metazoan,Invertebrate,Crustacean,Copepod,Clausocalanus lividus,Adult female,Unicell,Protozoan,Dinoflagellate,,,Oxyrrhis marina,,Mean,N,,16.0,,8,,625.00,6.48E-02,Original species length,Order,2.69E-06,Original species length,Density,m^3 per pred per day,1954,0.76,1.37E-04,8.62E-05,2.36E-04,2.68E-05,2.32E-05,3.17E-05,200,,
1955,Isari and Saiz 2011 J PLANK RES,Pred,3.00,,Aquatic,,Metazoan,Invertebrate,Crustacean,Copepod,Clausocalanus lividus,Adult female,Unicell,Protozoan,Ciliate,,,Strombidium sulcatum,,Mean,N,,16.0,,8,,625.00,6.12E-02,Original species length,Order,1.16E-05,Original species length,Density,m^3 per pred per day,1955,0.95,1.10E-05,8.58E-06,2.12E-05,1.34E-03,4.12E-05,3.01E-03,200,,
1956,Isari and Saiz 2011 J PLANK RES,Pred,3.00,,Aquatic,,Metazoan,Invertebrate,Crustacean,Copepod,Clausocalanus lividus,Adult female,Unicell,Protozoan,Dinoflagellate,,,Heterocapsa sp.,,Mean,N,,16.0,,8,,625.00,5.77E-02,Original species length,Order,1.36E-06,Original species length,Density,m^3 per pred per day,1956,0.97,6.27E-05,5.29E-05,7.57E-05,2.64E-05,2.52E-05,2.77E-05,200,,
1957,Isari and Saiz 2011 J PLANK RES,Pred,3.00,,Aquatic,,Metazoan,Invertebrate,Crustacean,Copepod,Clausocalanus lividus,Adult female,Unicell,Algae,Cryptophyte,,,Rhodomonas salina,,Mean,N,,16.0,,8,,625.00,5.77E-02,Original species length,Order,1.69E-07,Original species length,Density,m^3 per pred per day,1957,0.71,1.14E-09,5.44E-10,2.67E-09,5.36E-02,1.33E-02,1.06E-01,200,,
1958,Isari and Saiz 2011 J PLANK RES,Pred,3.00,,Aquatic,,Metazoan,Invertebrate,Crustacean,Copepod,Clausocalanus lividus,Adult female,Unicell,Protozoan,Dinoflagellate,,,Gyrodinium sp.,,Mean,N,,16.0,,8,,625.00,4.51E-02,Original species length,Order,1.62E-02,Original species length,Density,m^3 per pred per day,1958,0.92,6.86E-05,3.93E-05,1.08E-04,2.51E-05,4.85E-06,4.57E-05,200,,
1959,Isari and Saiz 2011 J PLANK RES,Pred,3.00,,Aquatic,,Metazoan,Invertebrate,Crustacean,Copepod,Clausocalanus lividus,Adult female,Unicell,Algae,Diatom,,,Thalassiosira weissflogii,,Mean,N,,16.0,,8,,625.00,4.61E-02,Original species length,Order,1.48E-06,Original species length,Density,m^3 per pred per day,1959,0.71,9.90E-05,6.74E-05,1.44E-04,1.61E-05,1.36E-05,1.88E-05,200,,
1960,Toscano and Griffen 2014 J ANIM ECOL,Pred,2.00,,Aquatic,,Metazoan,Invertebrate,Crustacean,Decapod,Panopeus herbstii,,Metazoan,Invertebrate,Mollusk,Bivalve,Scorched mussel,Brachidontes exustus,,Mean,N,24,28.0,,1,1400.00,,3.45E+03,Original species length,Order,3.97E+02,Original species length,Order,m^2 per pred per day,1960,0.37,2.00E-01,1.66E-01,2.39E-01,1.03E-01,8.88E-02,1.16E-01,200,,
1961,Toscano and Griffen 2014 J ANIM ECOL,Pred,2.00,,Aquatic,,Metazoan,Invertebrate,Crustacean,Decapod,Panopeus herbstii,,Metazoan,Invertebrate,Mollusk,Bivalve,Scorched mussel,Brachidontes exustus,,Mean,N,24,28.0,,1,1400.00,,3.45E+03,Original species length,Order,3.97E+02,Original species length,Order,m^2 per pred per day,1961,0.34,1.45E-01,1.15E-01,1.87E-01,1.04E-01,7.35E-02,1.30E-01,200,predator cue,
1962,Toscano and Griffen 2014 J ANIM ECOL,Pred,2.00,,Aquatic,,Metazoan,Invertebrate,Crustacean,Decapod,Panopeus herbstii,,Metazoan,Invertebrate,Mollusk,Bivalve,Scorched mussel,Brachidontes exustus,,Mean,N,24,28.0,,1,1400.00,,3.45E+03,Original species length,Order,3.97E+02,Original species length,Order,m^2 per pred per day,1962,0.31,2.03E-01,1.39E-01,2.92E-01,7.37E-02,3.45E-02,1.08E-01,200,active crabs,
1963,Toscano and Griffen 2014 J ANIM ECOL,Pred,2.00,,Aquatic,,Metazoan,Invertebrate,Crustacean,Decapod,Panopeus herbstii,,Metazoan,Invertebrate,Mollusk,Bivalve,Scorched mussel,Brachidontes exustus,,Mean,N,24,28.0,,1,1400.00,,3.45E+03,Original species length,Order,3.97E+02,Original species length,Order,m^2 per pred per day,1963,0.29,2.17E-01,1.42E-01,3.76E-01,1.43E-01,8.89E-02,1.94E-01,200,less active crabs,
1964,Korstad et al 1989 HYDROBIOLOGIA,Pred,3.00,,Aquatic,,Metazoan,Invertebrate,Rotifer,,Brachionus plicatilis,,Unicell,Algae,Haptophyte,,,Isochrysis galbana,,Mean,N,,21.0,,,,,2.76E-03,Original species length,Zooplankton,8.96E-08,Alternate species length,Density,m^3 per pred per day,1964,0.87,1.97E-04,1.96E-04,1.97E-04,2.02E-05,2.02E-05,2.02E-05,200,unclear what the experimental difference is between the 2 FRs,
1965,Korstad et al 1989 HYDROBIOLOGIA,Pred,3.00,,Aquatic,,Metazoan,Invertebrate,Rotifer,,Brachionus plicatilis,,Unicell,Algae,Haptophyte,,,Isochrysis galbana,,Mean,N,,21.0,,,,,2.76E-03,Original species length,Zooplankton,8.96E-08,Alternate species length,Density,m^3 per pred per day,1965,0.63,1.59E-04,1.59E-04,1.59E-04,6.39E-05,6.39E-05,6.40E-05,200,unclear what the experimental difference is between the 2 FRs,
1966,Lampert 1994 LIMNOL OCEANOGR,Pred,3.00,,Aquatic,,Metazoan,Invertebrate,Crustacean,Cladoceran,Daphnia pulicaria,,Unicell,Algae,Chlorophyte,,,Scenedesmus acutus,,Mean,N,,20.0,,10,,250.00,5.55E-01,Original species length,Order,5.24E-07,Alternate species length,Density,m^3 per pred per day,1966,0.60,2.63E-04,2.29E-04,2.93E-04,4.70E-07,4.34E-07,5.15E-07,200,"Some experimental details from Rothhaupt and Lampert 1992 J PLANK RES, according to first full paragraph on page 999 of Lampert. Raised at high food concentrations",
1967,Lampert 1994 LIMNOL OCEANOGR,Pred,3.00,,Aquatic,,Metazoan,Invertebrate,Crustacean,Cladoceran,Daphnia pulicaria,,Unicell,Algae,Chlorophyte,,,Scenedesmus acutus,,Mean,N,,20.0,,10,,250.00,5.55E-01,Original species length,Order,5.24E-07,Alternate species length,Density,m^3 per pred per day,1967,0.49,1.06E-04,7.81E-05,1.31E-04,7.30E-07,6.21E-07,8.33E-07,200,"Some experimental details from Rothhaupt and Lampert 1992 J PLANK RES, according to first full paragraph on page 999 of Lampert. Raised at high food concentrations",
1968,Libourel Houde and Roman 1987 MAR ECOL PROG SER,Pred,3.00,,Aquatic,,Metazoan,Invertebrate,Crustacean,Copepod,Acartia tonsa,"Adult, Stage V",Unicell,Algae,Diatom,,,Thalassiosira weissflogii,,Raw data,N,,20.0,,25,,500.00,5.57E-02,Original species mass,,3.14E-06,Alternate species length,Density,m^3 per pred per day,1968,0.86,6.25E-06,4.61E-06,8.89E-06,7.38E-05,5.20E-05,9.41E-05,200,,
1969,Libourel Houde and Roman 1987 MAR ECOL PROG SER,Pred,3.00,,Aquatic,,Metazoan,Invertebrate,Crustacean,Copepod,Acartia tonsa,"Adult, Stage V",Unicell,Algae,Diatom,,,Thalassiosira weissflogii,,Raw data,N,,20.0,,25,,500.00,5.57E-02,Original species mass,,3.14E-06,Alternate species length,Density,m^3 per pred per day,1969,0.46,1.34E-06,2.35E-07,3.06E-06,1.14E-04,2.77E-05,1.91E-04,200,,
1970,Libourel Houde and Roman 1987 MAR ECOL PROG SER,Pred,3.00,,Aquatic,,Metazoan,Invertebrate,Crustacean,Copepod,Acartia tonsa,"Adult, Stage V",Unicell,Algae,Haptophyte,,,Hymenomonas carterae,,Raw data,N,,20.0,,25,,500.00,5.57E-02,Original species mass,,1.06E-07,Alternate species mass,,m^3 per pred per day,1970,0.86,4.93E-06,3.91E-06,6.92E-06,4.25E-05,2.71E-05,5.48E-05,200,,
1971,Libourel Houde and Roman 1987 MAR ECOL PROG SER,Pred,3.00,,Aquatic,,Metazoan,Invertebrate,Crustacean,Copepod,Acartia tonsa,"Adult, Stage V",Unicell,Protozoan,Dinoflagellate,,,Amphidinium carteri,,Raw data,N,,20.0,,25,,500.00,5.57E-02,Original species mass,,1.33E-06,Alternate species length,Density,m^3 per pred per day,1971,0.61,3.22E-06,1.22E-06,1.01E-05,3.52E-04,1.28E-04,7.17E-04,200,,
1972,Libourel Houde and Roman 1987 MAR ECOL PROG SER,Pred,3.00,,Aquatic,,Metazoan,Invertebrate,Crustacean,Copepod,Acartia tonsa,"Adult, Stage V",Unicell,Protozoan,Dinoflagellate,,,Amphidinium carteri,,Raw data,N,,20.0,,25,,500.00,5.57E-02,Original species mass,,1.33E-06,Alternate species length,Density,m^3 per pred per day,1972,0.70,1.14E-05,8.17E-06,2.50E-05,6.59E-05,5.06E-05,8.83E-05,200,,
1973,Lopez-Urrutia et al 2004 LIMNO OCEANO,Pred,3.00,,Aquatic,,Metazoan,Invertebrate,Crustacean,Copepod,Calanus helgolandicus,Adult female,Metazoan,Invertebrate,Tunicate,,,Oikopleura dioica,egg,Raw data,N,7,15.0,,1,,300.00,4.07E-01,Original species length,Order,2.08E-11,Alternate species length,Density,m^3 per pred per day,1973,0.96,4.50E-04,3.47E-04,4.95E-04,1.22E-12,1.16E-12,4.49E-04,200,,
1974,Moore 1988 LIMNO OCEANO,Pred,3.00,,Aquatic,,Metazoan,Invertebrate,Insect,Diptera,Chaoborus punctipennis,2nd instar,Metazoan,Invertebrate,Rotifer,,,Synchaeta pectinata,,Mean,N,2,20.0,,2,,100.00,3.56E+00,% adult mass,,9.59E-03,Original species length,Zooplankton,m^3 per pred per day,1974,0.28,1.39E-03,6.75E-04,4.26E-03,8.63E-03,5.80E-03,1.23E-02,200,,
1975,Moore 1988 LIMNO OCEANO,Pred,3.00,,Aquatic,,Metazoan,Invertebrate,Insect,Diptera,Chaoborus punctipennis,2nd instar,Metazoan,Invertebrate,Rotifer,,,Keratella testudo,,Mean,N,2,20.0,,2,,100.00,3.56E+00,% adult mass,,1.98E-03,Original species length,Zooplankton,m^3 per pred per day,1975,0.44,2.87E-04,1.21E-04,7.11E-04,7.99E-03,3.77E-11,2.15E-02,200,,
1976,Moore 1988 LIMNO OCEANO,Pred,3.00,,Aquatic,,Metazoan,Invertebrate,Insect,Diptera,Chaoborus punctipennis,2nd instar,Metazoan,Invertebrate,Rotifer,,,Keratella cochlearis,,Mean,N,2,20.0,,2,,100.00,3.56E+00,% adult mass,,2.04E-03,Original species length,Zooplankton,m^3 per pred per day,1976,0.23,3.74E-04,1.60E-04,7.62E-04,1.69E-02,1.04E-02,2.75E-02,200,,
1977,Muschiol et al 2008 AFH,Pred,3.00,,Aquatic,,Metazoan,Invertebrate,Crustacean,Copepod,Eucyclops subterraneus,,Metazoan,Invertebrate,Nematode,,Nematode,Panagrolaimus sp,,Raw data,N,24,20.0,,1,,1.50,5.41E+00,Original species mass,,2.40E-04,Original species mass,,m^3 per pred per day,1977,0.58,6.31E-05,3.20E-05,1.01E-04,6.17E-04,2.70E-04,8.60E-04,200,,
1978,Muschiol et al 2008 AFH,Pred,3.00,,Aquatic,,Metazoan,Invertebrate,Crustacean,Copepod,Eucyclops subterraneus,,Metazoan,Invertebrate,Nematode,,Nematode,Poikilolaimus sp.,,Raw data,N,24,20.0,,1,,1.50,5.41E+00,Original species mass,,1.80E-04,Original species mass,,m^3 per pred per day,1978,0.59,6.96E-05,4.56E-05,1.04E-04,4.28E-04,2.40E-04,6.27E-04,200,,
1979,Nandini and Sarma 1999 FRESH BIOL,Pred,3.00,,Aquatic,,Metazoan,Invertebrate,Rotifer,,Asplanchna sieboldi,,Metazoan,Invertebrate,Rotifer,,,Brachionus calyciflorus,,Mean,N,0.5,,,2,,20.00,5.52E-02,Alternate species length,Volume,2.00E-04,Alternate species mass,,m^3 per pred per day,1979,0.72,1.93E-04,1.37E-04,2.79E-04,2.68E-03,2.23E-03,3.13E-03,200,,
1980,Nandini and Sarma 1999 FRESH BIOL,Pred,3.00,,Aquatic,,Metazoan,Invertebrate,Rotifer,,Asplanchna sieboldi,,Metazoan,Invertebrate,Rotifer,,,Brachionus calyciflorus,,Mean,N,1,,,2,,20.00,5.52E-02,Alternate species length,Volume,2.00E-04,Alternate species mass,,m^3 per pred per day,1980,0.81,1.85E-04,1.44E-04,2.27E-04,2.50E-03,2.24E-03,2.79E-03,200,,
1981,Nandini and Sarma 1999 FRESH BIOL,Pred,3.00,,Aquatic,,Metazoan,Invertebrate,Rotifer,,Asplanchna sieboldi,,Metazoan,Invertebrate,Rotifer,,,Brachionus calyciflorus,,Mean,N,2,,,2,,20.00,5.52E-02,Alternate species length,Volume,2.00E-04,Alternate species mass,,m^3 per pred per day,1981,0.79,1.60E-04,1.19E-04,2.04E-04,2.10E-03,1.70E-03,2.66E-03,200,,
1982,Nandini and Sarma 1999 FRESH BIOL,Pred,3.00,,Aquatic,,Metazoan,Invertebrate,Rotifer,,Asplanchna sieboldi,,Metazoan,Invertebrate,Rotifer,,,Brachionus calyciflorus,,Mean,N,4,,,2,,20.00,5.52E-02,Alternate species length,Volume,2.00E-04,Alternate species mass,,m^3 per pred per day,1982,0.81,1.19E-04,8.47E-05,1.66E-04,1.19E-03,7.96E-04,1.56E-03,200,,
1983,Nandini and Sarma 1999 FRESH BIOL,Pred,3.00,,Aquatic,,Metazoan,Invertebrate,Rotifer,,Asplanchna sieboldi,,Metazoan,Invertebrate,Rotifer,,,Brachionus calyciflorus,,Mean,N,8,,,2,,20.00,5.52E-02,Alternate species length,Volume,2.00E-04,Alternate species mass,,m^3 per pred per day,1983,0.93,1.82E-04,1.44E-04,2.24E-04,6.74E-04,5.13E-04,8.63E-04,200,,
1984,Nandini and Sarma 1999 FRESH BIOL,Pred,3.00,,Aquatic,,Metazoan,Invertebrate,Rotifer,,Asplanchna sieboldi,,Metazoan,Invertebrate,Rotifer,,,Brachionus calyciflorus,,Mean,N,16,,,2,,20.00,5.52E-02,Alternate species length,Volume,2.00E-04,Alternate species mass,,m^3 per pred per day,1984,0.91,1.80E-04,1.54E-04,2.12E-04,1.44E-03,1.27E-03,1.67E-03,200,,
1985,Pichlova and Vijverberg 2001 ARCH HYDROBIOL,Pred,3.00,,Aquatic,,Metazoan,Invertebrate,Crustacean,Cladoceran,Leptodora kindtii,A,Metazoan,Invertebrate,Crustacean,Cladoceran,,Daphnia galeata,,Mean,N,24,17.5,,2,,1000.00,1.18E+00,Original species length,Order,5.78E-02,Original species length,Order,m^3 per pred per day,1985,0.48,4.55E-05,2.56E-05,1.04E-04,5.47E-10,2.37E-11,4.81E-01,200,,
1986,Pichlova and Vijverberg 2001 ARCH HYDROBIOL,Pred,3.00,,Aquatic,,Metazoan,Invertebrate,Crustacean,Cladoceran,Leptodora kindtii,B,Metazoan,Invertebrate,Crustacean,Cladoceran,,Daphnia galeata,,Mean,N,24,17.5,,5,,1000.00,2.78E+00,Original species length,Order,6.17E-02,Original species length,Order,m^3 per pred per day,1986,0.39,8.07E-05,3.05E-05,3.64E-04,1.09E-01,2.50E-11,3.44E-01,200,,
1987,Pichlova and Vijverberg 2001 ARCH HYDROBIOL,Pred,3.00,,Aquatic,,Metazoan,Invertebrate,Crustacean,Cladoceran,Leptodora kindtii,C,Metazoan,Invertebrate,Crustacean,Cladoceran,,Diaphanosoma brachyurum,,Mean,N,24,17.5,,2,,1000.00,9.72E-01,Original species length,Order,2.28E-02,Original species length,Order,m^3 per pred per day,1987,0.82,8.90E-05,5.17E-05,1.58E-04,6.46E-02,2.24E-02,9.10E-02,200,,
1988,Pichlova and Vijverberg 2001 ARCH HYDROBIOL,Pred,3.00,,Aquatic,,Metazoan,Invertebrate,Crustacean,Cladoceran,Leptodora kindtii,D,Metazoan,Invertebrate,Crustacean,Cladoceran,,Diaphanosoma brachyurum,,Mean,N,24,17.5,,5,,1000.00,4.08E+00,Original species length,Order,2.28E-02,Original species length,Order,m^3 per pred per day,1988,0.76,2.09E-04,1.28E-04,4.03E-04,1.94E-02,6.80E-04,3.99E-02,200,,
1989,Pichlova and Vijverberg 2001 ARCH HYDROBIOL,Pred,3.00,,Aquatic,,Metazoan,Invertebrate,Crustacean,Cladoceran,Leptodora kindtii,E,Metazoan,Invertebrate,Crustacean,Cladoceran,,Ceriodaphnia pulchella,,Mean,N,24,17.5,,2,,1000.00,8.51E-01,Original species length,Order,1.29E-02,Original species length,Order,m^3 per pred per day,1989,0.62,9.41E-05,4.36E-05,2.07E-04,7.84E-02,3.78E-11,1.66E-01,200,,
1990,Pichlova and Vijverberg 2001 ARCH HYDROBIOL,Pred,3.00,,Aquatic,,Metazoan,Invertebrate,Crustacean,Cladoceran,Leptodora kindtii,F,Metazoan,Invertebrate,Crustacean,Cladoceran,,Ceriodaphnia pulchella,,Mean,N,24,17.5,,5,,1000.00,4.21E+00,Original species length,Order,1.14E-02,Original species length,Order,m^3 per pred per day,1990,0.83,3.16E-04,2.02E-04,4.56E-04,1.65E-02,5.85E-03,2.42E-02,200,,
1991,Pichlova and Vijverberg 2001 ARCH HYDROBIOL,Pred,3.00,,Aquatic,,Metazoan,Invertebrate,Crustacean,Cladoceran,Leptodora kindtii,G,Metazoan,Invertebrate,Crustacean,Cladoceran,,Bosmina coregoni,,Mean,N,24,17.5,,2,,1000.00,1.15E+00,Original species length,Order,7.76E-03,Original species length,Order,m^3 per pred per day,1991,0.59,1.98E-04,1.17E-04,3.30E-04,4.56E-02,2.76E-02,6.50E-02,200,,
1992,Pichlova and Vijverberg 2001 ARCH HYDROBIOL,Pred,3.00,,Aquatic,,Metazoan,Invertebrate,Crustacean,Cladoceran,Leptodora kindtii,D,Metazoan,Invertebrate,Crustacean,Cladoceran,,Bosmina coregoni,,Mean,N,24,17.5,,5,,1000.00,4.08E+00,Original species length,Order,6.24E-03,Original species length,Order,m^3 per pred per day,1992,0.39,4.20E-04,1.60E-04,1.08E-03,3.88E-02,2.50E-11,8.49E-02,200,,
1993,Pichlova and Vijverberg 2001 ARCH HYDROBIOL,Pred,3.00,,Aquatic,,Metazoan,Invertebrate,Crustacean,Cladoceran,Leptodora kindtii,H,Metazoan,Invertebrate,Crustacean,Copepod,,Eudiaptomus gracilis,,Mean,N,24,17.5,,2,,1000.00,1.12E+00,Original species length,Order,1.13E-03,Original species length,Order,m^3 per pred per day,1993,0.81,6.66E-05,5.39E-05,1.26E-04,5.00E-10,2.41E-11,4.70E-02,200,,
1994,Pichlova and Vijverberg 2001 ARCH HYDROBIOL,Pred,3.00,,Aquatic,,Metazoan,Invertebrate,Crustacean,Cladoceran,Leptodora kindtii,I,Metazoan,Invertebrate,Crustacean,Copepod,,Eudiaptomus gracilis,,Mean,N,24,17.5,,5,,1000.00,3.74E+00,Original species length,Order,1.25E-03,Original species length,Order,m^3 per pred per day,1994,0.67,3.47E-04,1.99E-04,6.00E-04,3.74E-02,2.15E-02,5.50E-02,200,,
1995,Jeschke and Tollrian  2005 OIKOS,Pred,3.00,,Aquatic,,Metazoan,Invertebrate,Insect,Odonata,Aeshna cyanea,Larva,Metazoan,Invertebrate,Crustacean,Cladoceran,,Daphnia magna,,Mean,N,,22.0,,1,,280.00,1.43E+03,Alternate species length,Order,9.90E-01,Average species mass,,m^3 per pred per day,1995,0.31,2.39E-01,1.45E-01,4.51E-01,1.63E-04,1.52E-04,1.76E-04,200,,
1996,Jeschke and Tollrian  2005 OIKOS,Pred,3.00,,Aquatic,,Metazoan,Invertebrate,Insect,Diptera,Chaoborus obscuripes,4th instar,Metazoan,Invertebrate,Crustacean,Cladoceran,,Daphnia obtusa,,Mean,N,,22.0,,1,,40.00,3.38E+01,Original species length,Order,6.24E-03,Original species length,Order,m^3 per pred per day,1996,0.44,1.51E-03,1.20E-03,2.03E-03,1.42E-03,1.14E-03,1.84E-03,200,,
1997,Rothhaupt 1990 LIMNO OCEANO,Pred,3.00,,Aquatic,,Metazoan,Invertebrate,Rotifer,,Brachionus rubens,,Unicell,Algae,Chlorophyte,,,Chlamydomonas reinhardii,,Raw data,N,,20.0,,50,,20.00,1.50E-04,Alternate species mass,,1.13E-07,Original species length,Density,m^3 per pred per day,1997,0.77,2.19E-03,1.56E-03,3.32E-03,3.30E-08,2.84E-08,3.61E-08,200,,
1998,Rothhaupt 1990 LIMNO OCEANO,Pred,3.00,,Aquatic,,Metazoan,Invertebrate,Rotifer,,Brachionus rubens,,Unicell,Algae,Chlorophyte,,,Monoraphidium minutum,,Raw data,N,,20.0,,50,,20.00,1.50E-04,Alternate species mass,,2.31E-08,Original species length,Density,m^3 per pred per day,1998,0.92,4.47E-07,3.92E-07,5.07E-07,1.14E-05,1.02E-05,1.23E-05,200,,
1999,Rothhaupt 1990 LIMNO OCEANO,Pred,3.00,,Aquatic,,Metazoan,Invertebrate,Rotifer,,Brachionus rubens,,Unicell,Algae,Chlorophyte,,,Chlorella minutissima,,Raw data,N,,20.0,,50,,20.00,1.50E-04,Alternate species mass,,4.19E-09,Original species length,Density,m^3 per pred per day,1999,0.87,8.02E-05,7.01E-05,1.59E-04,3.07E-10,1.75E-10,1.04E-09,200,,
2000,Rothhaupt 1990 LIMNO OCEANO,Pred,3.00,,Aquatic,,Metazoan,Invertebrate,Rotifer,,Brachionus calyciflorus,,Unicell,Algae,Diatom,,,Cyclotella meneghiniana,,Raw data,N,,20.0,,50,,20.00,2.00E-04,Alternate species mass,,3.22E-07,Original species length,Density,m^3 per pred per day,2000,0.86,1.58E-03,1.32E-03,2.00E-03,1.02E-07,9.11E-08,1.10E-07,200,,
2001,Rothhaupt 1990 LIMNO OCEANO,Pred,3.00,,Aquatic,,Metazoan,Invertebrate,Rotifer,,Brachionus calyciflorus,,Unicell,Algae,Chlorophyte,,,Monoraphidium minutum,,Raw data,N,,20.0,,50,,20.00,2.00E-04,Alternate species mass,,2.31E-08,Original species length,Density,m^3 per pred per day,2001,0.94,3.36E-07,2.49E-07,4.24E-07,6.57E-06,2.44E-06,7.76E-06,200,,
2002,Rothhaupt 1990 LIMNO OCEANO,Pred,3.00,,Aquatic,,Metazoan,Invertebrate,Rotifer,,Brachionus rubens,,Unicell,Algae,Diatom,,,Cyclotella meneghiniana,,Raw data,N,,20.0,,50,,20.00,1.50E-04,Alternate species mass,,3.22E-07,Original species length,Density,m^3 per pred per day,2002,0.81,4.12E-04,2.75E-04,5.76E-04,2.65E-07,2.09E-07,3.17E-07,200,,
2003,Rothhaupt 1990 LIMNO OCEANO,Pred,3.00,,Aquatic,,Metazoan,Invertebrate,Rotifer,,Brachionus rubens,,Unicell,Algae,Chlorophyte,,,Chlamydomonas sphaeroides,,Raw data,N,,20.0,,50,,20.00,1.50E-04,Alternate species mass,,9.05E-07,Original species length,Density,m^3 per pred per day,2003,0.82,6.03E-05,3.95E-05,8.50E-05,1.35E-06,7.88E-07,1.80E-06,200,,
2004,Rothhaupt 1990 LIMNO OCEANO,Pred,3.00,,Aquatic,,Metazoan,Invertebrate,Rotifer,,Brachionus calyciflorus,,Unicell,Algae,Chlorophyte,,,Chlamydomonas sphaeroides,,Raw data,N,,20.0,,50,,20.00,2.00E-04,Alternate species mass,,9.05E-07,Original species length,Density,m^3 per pred per day,2004,0.82,5.51E-04,3.90E-04,8.09E-04,4.03E-07,3.40E-07,4.79E-07,200,,
2005,Rothhaupt 1990 LIMNO OCEANO,Pred,3.00,,Aquatic,,Metazoan,Invertebrate,Rotifer,,Brachionus calyciflorus,,Unicell,Algae,Chlorophyte,,,Micractinium pusillum,,Raw data,N,,20.0,,50,,20.00,2.00E-04,Alternate species mass,,3.05E-06,Original species length,Density,m^3 per pred per day,2005,0.40,6.68E-04,4.10E-04,1.65E-03,3.28E-06,2.54E-06,4.05E-06,200,,
2006,Saage et al 2009 J SEA RES,Pred,3.00,,Aquatic,,Metazoan,Invertebrate,Crustacean,Copepod,Centropages hamatus,Female,Unicell,Algae,Cryptophyte,,,Rhodomonas sp.,,Mean,N,,15.0,,5,,100.00,7.09E-02,Alternate species length,Order,7.17E-07,Original genus length,Density,m^3 per pred per day,2006,0.67,1.30E-04,7.39E-05,2.70E-04,5.85E-06,1.40E-06,9.78E-06,200,,
2007,Saage et al 2009 J SEA RES,Pred,3.00,,Aquatic,,Metazoan,Invertebrate,Crustacean,Copepod,Centropages hamatus,Male,Unicell,Algae,Cryptophyte,,,Rhodomonas sp.,,Mean,N,,15.0,,5,,100.00,4.81E-02,Alternate species length,Order,7.17E-07,Original genus length,Density,m^3 per pred per day,2007,0.60,6.01E-05,3.01E-05,1.68E-04,3.19E-06,5.96E-14,1.72E-05,200,,
2008,Saage et al 2009 J SEA RES,Pred,3.00,,Aquatic,,Metazoan,Invertebrate,Crustacean,Copepod,Centropages hamatus,Female,Unicell,Algae,Diatom,,,Thalassiosira weissflogii,,Mean,N,,15.0,,5,,100.00,7.09E-02,Alternate species length,Order,4.00E-06,Original species length,Density,m^3 per pred per day,2008,0.67,7.65E-05,3.78E-05,1.38E-04,1.19E-04,2.48E-11,2.63E-04,200,,
2009,Saage et al 2009 J SEA RES,Pred,3.00,,Aquatic,,Metazoan,Invertebrate,Crustacean,Copepod,Centropages hamatus,Male,Unicell,Algae,Diatom,,,Thalassiosira weissflogii,,Mean,N,,15.0,,5,,100.00,4.81E-02,Alternate species length,Order,4.00E-06,Original species length,Density,m^3 per pred per day,2009,0.36,1.32E-04,6.38E-05,2.24E-04,4.01E-04,1.56E-04,6.24E-04,200,,
2010,Saage et al 2009 J SEA RES,Pred,3.00,,Aquatic,,Metazoan,Invertebrate,Crustacean,Copepod,Centropages hamatus,Female,Unicell,Protozoan,Ciliate,,,Rimostrombidium caudatum,,Mean,N,,10.0,,5,,100.00,7.09E-02,Alternate species length,Order,4.14E+04,Original species length,Density,m^3 per pred per day,2010,0.66,3.71E-05,2.53E-05,6.70E-05,7.68E-04,2.45E-11,2.61E-03,200,,
2011,Saage et al 2009 J SEA RES,Pred,3.00,,Aquatic,,Metazoan,Invertebrate,Crustacean,Copepod,Centropages hamatus,Male,Unicell,Protozoan,Ciliate,,,Rimostrombidium caudatum,,Mean,N,,10.0,,5,,100.00,4.81E-02,Alternate species length,Order,4.14E+04,Original species length,Density,m^3 per pred per day,2011,0.52,1.73E-05,9.77E-06,3.05E-05,4.66E-10,2.26E-11,6.36E-03,200,,
2012,Siddiqui et al 2015 BIOC SCI TECH,Pred,2.00,,Terrestrial,,Metazoan,Invertebrate,Insect,Coleoptera,Propylea dissecta,4th instar,Metazoan,Invertebrate,Insect,Hemiptera,Pea aphid,Acyrthosiphon pisum,,Mean,N,12,27.0,,1,165.13,,1.20E+01,% adult mass,,2.18E+00,Alternate species length,Family,m^2 per pred per day,2012,1.00,1.67E-02,1.63E-02,1.73E-02,5.39E-06,7.63E-13,7.75E-05,200,1st generation slow developer,
2013,Siddiqui et al 2015 BIOC SCI TECH,Pred,2.00,,Terrestrial,,Metazoan,Invertebrate,Insect,Coleoptera,Propylea dissecta,4th instar,Metazoan,Invertebrate,Insect,Hemiptera,Pea aphid,Acyrthosiphon pisum,,Mean,N,12,27.0,,1,165.13,,1.20E+01,% adult mass,,2.18E+00,Alternate species length,Family,m^2 per pred per day,2013,1.00,1.67E-02,1.63E-02,1.75E-02,8.55E-12,1.24E-12,9.43E-05,200,1st generation fast developer,
2014,Siddiqui et al 2015 BIOC SCI TECH,Pred,2.00,,Terrestrial,,Metazoan,Invertebrate,Insect,Coleoptera,Propylea dissecta,4th instar,Metazoan,Invertebrate,Insect,Hemiptera,Pea aphid,Acyrthosiphon pisum,,Mean,N,12,27.0,,1,165.13,,1.20E+01,% adult mass,,2.18E+00,Alternate species length,Family,m^2 per pred per day,2014,1.00,1.66E-02,1.63E-02,1.72E-02,6.88E-11,1.24E-12,6.79E-05,200,Slow developer-bred for 15 generations,
2015,Siddiqui et al 2015 BIOC SCI TECH,Pred,2.00,,Terrestrial,,Metazoan,Invertebrate,Insect,Coleoptera,Propylea dissecta,4th instar,Metazoan,Invertebrate,Insect,Hemiptera,Pea aphid,Acyrthosiphon pisum,,Mean,N,12,27.0,,1,165.13,,1.20E+01,% adult mass,,2.18E+00,Alternate species length,Family,m^2 per pred per day,2015,1.00,1.67E-02,1.63E-02,1.74E-02,8.97E-11,1.24E-12,8.50E-05,200,Fast developer-bred for 15 generation,
2016,Thor and Wendt 2010 LIMNO OCEANO,Pred,3.00,,Aquatic,,Metazoan,Invertebrate,Crustacean,Copepod,Acartia tonsa,Female,Unicell,Algae,Cryptophyte,,,Rhodomonas baltica,,Raw data,N,,18.0,,9,,620.00,3.00E-02,Alternate species mass,,9.31E-07,Alternate species length,Density,m^3 per pred per day,2016,0.75,4.13E-05,2.85E-05,6.10E-05,7.01E-06,4.54E-06,9.19E-06,200,,
2017,Thor and Wendt 2010 LIMNO OCEANO,Pred,3.00,,Aquatic,,Metazoan,Invertebrate,Crustacean,Copepod,Acartia tonsa,Female,Unicell,Algae,Chlorophyte,,,Dunaliella tertiolecta,,Raw data,N,,18.0,,9,,620.00,3.00E-02,Alternate species mass,,3.14E-06,Alternate species length,Density,m^3 per pred per day,2017,0.53,1.21E-05,6.37E-06,2.56E-05,1.79E-05,2.07E-12,4.18E-05,200,,
2018,Thor and Wendt 2010 LIMNO OCEANO,Pred,3.00,,Aquatic,,Metazoan,Invertebrate,Crustacean,Copepod,Acartia tonsa,Female,Unicell,Algae,Diatom,,,Thalassiosira weissflogii,,Raw data,N,,18.0,,9,,620.00,3.00E-02,Alternate species mass,,2.49E-06,Average species mass,,m^3 per pred per day,2018,0.77,4.33E-05,2.50E-05,6.73E-05,1.43E-04,1.12E-04,1.94E-04,200,,
2019,Tirelli 2005 J PLANK RES,Pred,3.00,,Aquatic,,Metazoan,Invertebrate,Crustacean,Copepod,Acartia tonsa,"Adult, Stage V",Unicell,Algae,Diatom,,,Thalassiosira weissflogii,,Raw data,N,6,14.5,,45,,1000.00,5.57E-02,Alternate species mass,,1.34E-06,Original species length,Density,m^3 per pred per day,2019,0.96,3.54E-05,2.94E-05,4.36E-05,4.59E-06,3.45E-06,6.30E-06,200,,
2020,Tirelli 2005 J PLANK RES,Pred,3.00,,Aquatic,,Metazoan,Invertebrate,Crustacean,Copepod,Acartia tonsa,"Adult, Stage V",Unicell,Protozoan,Dinoflagellate,,,Prorocentrum micans,,Raw data,N,6,14.5,,45,,1000.00,5.57E-02,Alternate species mass,,8.48E-05,Original species length,Density,m^3 per pred per day,2020,0.61,3.63E-05,2.61E-05,5.90E-05,2.16E-04,1.61E-04,2.56E-04,200,,
2021,Tirelli 2005 J PLANK RES,Pred,3.00,,Aquatic,,Metazoan,Invertebrate,Crustacean,Copepod,Acartia tonsa,"Adult, Stage V",Unicell,Algae,Diatom,,,Thalassiosira weissflogii,50/50 mix of live and detrital cells,Raw data,N,6,14.5,,45,,1000.00,5.57E-02,Alternate species mass,,1.34E-06,Original species length,Density,m^3 per pred per day,2021,0.94,7.14E-06,5.97E-06,1.02E-05,3.36E-06,9.49E-14,9.19E-06,200,,
2022,Tirelli 2005 J PLANK RES,Pred,3.00,,Aquatic,,Metazoan,Invertebrate,Crustacean,Copepod,Acartia tonsa,"Adult, Stage V",Unicell,Algae,Diatom,,,Thalassiosira weissflogii,detrital cells,Raw data,N,6,14.5,,45,,1000.00,5.57E-02,Alternate species mass,,1.34E-06,Original species length,Density,m^3 per pred per day,2022,0.94,1.39E-06,1.22E-06,1.80E-06,8.15E-07,1.22E-12,2.79E-05,200,,
2023,Tirelli 2005 J PLANK RES,Pred,3.00,,Aquatic,,Metazoan,Invertebrate,Crustacean,Copepod,Acartia tonsa,"Adult, Stage V",Unicell,Protozoan,Dinoflagellate,,,Prorocentrum minimum,,Raw data,N,6,14.5,,45,,1000.00,5.57E-02,Alternate species mass,,9.43E-06,Original species length,Density,m^3 per pred per day,2023,0.36,1.06E-05,6.99E-06,1.75E-05,4.70E-05,1.68E-05,8.34E-05,200,,
2024,Tirelli 2005 J PLANK RES,Pred,3.00,,Aquatic,,Metazoan,Invertebrate,Crustacean,Copepod,Acartia tonsa,"Adult, Stage V",Unicell,Protozoan,Dinoflagellate,,,Prorocentrum minimum,,Raw data,N,0,14.5,,45,,1000.00,5.57E-02,Alternate species mass,,9.43E-06,Original species length,Density,m^3 per pred per day,2024,0.95,2.18E-06,1.86E-06,2.71E-06,2.32E-05,2.41E-12,5.54E-05,200,,
2025,Uye 1976 MAR BIOL,Pred,3.00,,Aquatic,,Metazoan,Invertebrate,Crustacean,Copepod,Acartia erythraea,,Unicell,Algae,Ochrophyte,,,Chattonella antiqua,,Raw data,N,1.5,22.0,,,,500.00,1.79E-02,Alternate genus mass,,3.34E-02,Original species length,Density,m^3 per pred per day,2025,0.80,3.38E-05,2.69E-05,4.31E-05,1.68E-04,1.21E-04,2.19E-04,200,,
2026,Uye 1976 MAR BIOL,Pred,3.00,,Aquatic,,Metazoan,Invertebrate,Crustacean,Copepod,Calanus sinicus,,Unicell,Algae,Ochrophyte,,,Chattonella antiqua,,Raw data,N,1.5,22.0,,,,500.00,4.35E-01,Alternate species length,Order,3.34E-02,Original species length,Density,m^3 per pred per day,2026,0.93,1.48E-04,1.27E-04,1.71E-04,3.31E-05,2.70E-05,3.81E-05,200,,
2027,Uye 1976 MAR BIOL,Pred,3.00,,Aquatic,,Metazoan,Invertebrate,Crustacean,Copepod,Centropages yamadai,,Unicell,Algae,Ochrophyte,,,Chattonella antiqua,,Raw data,N,1.5,22.0,,,,500.00,7.26E-02,Alternate genus mass,,3.34E-02,Original species length,Density,m^3 per pred per day,2027,0.77,7.71E-05,6.22E-05,1.03E-04,1.18E-04,9.31E-05,1.39E-04,200,,
2028,Uye 1976 MAR BIOL,Pred,3.00,,Aquatic,,Metazoan,Invertebrate,Crustacean,Copepod,Paracalanus parvus,,Unicell,Algae,Ochrophyte,,,Chattonella antiqua,,Raw data,N,1.5,22.0,,,,500.00,3.11E-02,Alternate species length,Order,3.34E-02,Original species length,Density,m^3 per pred per day,2028,0.66,2.34E-05,1.63E-05,2.96E-05,3.62E-04,2.54E-04,4.73E-04,200,,
2029,Uye 1976 MAR BIOL,Pred,3.00,,Aquatic,,Metazoan,Invertebrate,Crustacean,Copepod,Pseudodiaptomus marinus,,Unicell,Algae,Ochrophyte,,,Chattonella antiqua,,Raw data,N,1.5,22.0,,,,500.00,6.09E-02,Alternate species length,Order,3.34E-02,Original species length,Density,m^3 per pred per day,2029,0.87,2.88E-05,2.39E-05,3.82E-05,2.29E-04,1.60E-04,3.01E-04,200,,
2030,Weisse and Frahm 2002 FRESH BIOL,Pred,3.00,,Aquatic,,Metazoan,Invertebrate,Rotifer,,Keratella quadrata,,Unicell,Protozoan,Ciliate,,,Balanion planctonicum,,Raw data,N,,,,150,,8.00,4.88E-03,Original species length,Zooplankton,1.82E-06,Original species length,Density,m^3 per pred per day,2030,0.98,2.07E-06,1.55E-06,2.62E-06,6.03E-03,5.04E-03,6.63E-03,200,,
2031,Hansen et al 1990 J PLANK RES,Pred,3.00,,Aquatic,,Metazoan,Invertebrate,Crustacean,Copepod,Calanus finmarchicus,Stage IV,Unicell,Algae,Diatom,,,Thalassiosira nordenskioeldii,,Raw data,N,,,,150,,2200.00,4.58E-01,Original species length,Order,1.68E-05,Alternate species length,Density,m^3 per pred per day,2031,0.39,1.39E-04,6.69E-05,3.45E-04,4.63E-05,1.22E-12,9.55E-05,200,,
2032,Hansen et al 1990 J PLANK RES,Pred,3.00,,Aquatic,,Metazoan,Invertebrate,Crustacean,Copepod,Calanus finmarchicus,Stage IV,Unicell,Algae,Diatom,,,Porosira glacialis,,Raw data,N,,,,150,,2200.00,4.58E-01,Original species length,Order,6.73E-05,Alternate species length,Density,m^3 per pred per day,2032,0.47,8.33E-05,4.30E-05,1.86E-04,2.31E-04,2.33E-06,3.79E-04,200,,
2033,Hansen et al 1990 J PLANK RES,Pred,3.00,,Aquatic,,Metazoan,Invertebrate,Crustacean,Copepod,Calanus finmarchicus,Stage IV,Unicell,Algae,Haptophyte,,,Phaeocystis pouchetii,A,Raw data,N,,,,4.5,,2200.00,4.58E-01,Original species length,Order,6.73E-05,Original species length,Density,m^3 per pred per day,2033,0.17,1.08E-04,2.74E-05,7.47E-04,1.16E-05,5.92E-06,1.54E-05,200,,
2034,Hansen et al 1990 J PLANK RES,Pred,3.00,,Aquatic,,Metazoan,Invertebrate,Crustacean,Copepod,Calanus finmarchicus,Stage IV,Unicell,Algae,Diatom,,,Porosira glacialis,,Raw data,N,,,,4.5,,300.00,4.58E-01,Original species length,Order,6.73E-05,Alternate species length,Density,m^3 per pred per day,2034,0.41,1.39E-04,7.33E-05,6.28E-04,1.13E-03,7.61E-04,1.78E-03,200,,
2035,Hansen et al 1990 J PLANK RES,Pred,3.00,,Aquatic,,Metazoan,Invertebrate,Crustacean,Copepod,Calanus finmarchicus,Stage IV,Unicell,Algae,Haptophyte,,,Phaeocystis pouchetii,B,Raw data,N,,,,4.5,,300.00,4.58E-01,Original species length,Order,1.48E-04,Original species length,Density,m^3 per pred per day,2035,0.74,7.27E-05,4.69E-05,1.28E-04,7.18E-05,3.28E-05,8.87E-05,200,,
2036,Hansen et al 1990 J PLANK RES,Pred,3.00,,Aquatic,,Metazoan,Invertebrate,Crustacean,Copepod,Calanus finmarchicus,Stage IV,Unicell,Algae,Haptophyte,,,Phaeocystis pouchetii,C,Raw data,N,,,,4.5,,300.00,4.58E-01,Original species length,Order,5.39E-04,Original species length,Density,m^3 per pred per day,2036,0.70,4.11E-05,2.83E-05,5.72E-05,1.21E-12,5.87E-14,3.16E-05,200,,
2037,Jacobson and Anderson 1993 JPR,Pred,3.00,,Aquatic,,Unicell,Protozoan,Dinoflagellate,,Protoperidinium hirobis,,Unicell,Algae,Diatom,,,Leptocylindrus danicus,,Mean,N,0,20.0,,,,32.00,4.18E-06,Original species volume,,5.65E-07,Alternate species length,,m^3 per pred per day,2037,0.83,2.39E-08,1.19E-08,5.69E-08,4.11E-02,3.31E-02,4.81E-02,200,,
2038,Hansen 1992 MAR BIOL,Pred,3.00,,Aquatic,,Unicell,Protozoan,Dinoflagellate,,Gyrodinium spirale,,Unicell,Protozoan,Dinoflagellate,,,Heterocapsa triqueta,,Mean,N,0,15.0,,,,300.00,1.15E-05,Original species volume,,2.05E-06,Original species volume,,m^3 per pred per day,2038,0.61,1.21E-08,9.02E-09,1.73E-08,4.39E-02,3.47E-02,5.39E-02,200,,
2039,Buskey et al 1994 MAR BIOL,Pred,3.00,,Aquatic,,Unicell,Protozoan,Dinoflagellate,,Protoperidinium huberi,,Unicell,Algae,Diatom,,,Ditylum brightwelli,,Raw data,N,0,20.0,,,,,3.79E-05,Original species volume,,5.62E-05,Original species volume,,m^3 per pred per day,2039,0.86,9.56E-08,6.32E-08,1.69E-07,2.05E-05,1.73E-05,2.41E-05,200,,
2040,Weisse 2004 AQUAT MICROB ECOL,Pred,3.00,,Aquatic,,Unicell,Protozoan,Ciliate,,Meseres corlissi,,Unicell,Algae,Cryptophyte,,,Cryptomonas sp.,,Raw data,N,0,25.0,,,,,3.01E-04,Original species volume,,1.90E-07,Original species volume,,m^3 per pred per day,2040,0.64,6.54E-08,3.53E-08,1.09E-07,7.19E-04,5.10E-04,8.56E-04,200,,
2041,Muller and Schlegel 1999 AQUAT MICROB ECOL,Pred,3.00,,Aquatic,,Unicell,Protozoan,Ciliate,,Strobilidium Iacustris,,Unicell,Algae,Cryptophyte,,,Cryptomonas sp.,,Raw data,N,0,15.0,,,,80.00,1.13E-04,Original species volume,,2.24E-08,Alternate genus mass,,m^3 per pred per day,2041,0.50,3.56E-08,1.62E-08,6.80E-08,7.78E-04,2.45E-11,1.68E-03,200,,
2042,Jeong et al. 2002 AME,Pred,3.00,,Aquatic,,Unicell,Protozoan,Ciliate,,Tiarina fusus,,Unicell,Protozoan,Dinoflagellate,,,Lingulodinium polyedrum,,Mean,N,0,19.0,,,,80.00,2.54E-05,Original species volume,,2.85E-05,Original species volume,,m^3 per pred per day,2042,0.76,4.22E-08,2.41E-08,8.96E-08,1.11E-01,8.64E-02,1.29E-01,200,,
2043,Jeong et al. 2002 AME,Pred,3.00,,Aquatic,,Unicell,Protozoan,Ciliate,,Tiarina fusus,,Unicell,Protozoan,Dinoflagellate,,,Scrippsiella trochoidea,,Mean,N,0,19.0,,,,80.00,2.54E-05,Original species volume,,8.30E-06,Original species volume,,m^3 per pred per day,2043,0.74,3.30E-09,1.20E-09,7.99E-09,1.03E-01,1.84E-02,2.02E-01,200,,
2044,Jeong et al. 2002 AME,Pred,3.00,,Aquatic,,Unicell,Protozoan,Ciliate,,Tiarina fusus,,Unicell,Protozoan,Dinoflagellate,,,Heterosigma akashiwo,,Mean,N,0,19.0,,,,80.00,2.54E-05,Original species volume,,7.00E-07,Original species volume,,m^3 per pred per day,2044,0.55,9.40E-09,3.13E-09,3.70E-08,2.09E-02,4.38E-03,3.54E-02,200,,
2045,Jeong et al. 2002 AME,Pred,3.00,,Aquatic,,Unicell,Protozoan,Ciliate,,Tiarina fusus,,Unicell,Protozoan,Dinoflagellate,,,Prorocentrum minimum,,Mean,N,0,19.0,,,,80.00,2.54E-05,Original species volume,,1.10E-06,Original species volume,,m^3 per pred per day,2045,0.55,8.45E-10,2.87E-10,3.14E-09,1.01E-01,2.47E-11,4.03E-01,200,,
2046,Jeong et al. 2002 AME,Pred,3.00,,Aquatic,,Unicell,Protozoan,Ciliate,,Tiarina fusus,,Unicell,Protozoan,Dinoflagellate,,,Amphidinium carterae,,Mean,N,0,19.0,,,,80.00,2.54E-05,Original species volume,,2.20E-06,Original species volume,,m^3 per pred per day,2046,0.34,5.89E-09,1.82E-09,2.18E-08,9.17E-02,4.64E-02,1.51E-01,200,,
2047,Kimmance et al 2006 AME,Pred,3.00,,Aquatic,,Unicell,Protozoan,Dinoflagellate,,Oxyrrhis marina,,Unicell,Algae,Haptophyte,,,Isochrysis galbana,,Raw data,N,0,8.0,,,,250.00,3.00E-06,Original species volume,,6.53E-08,Original species volume,,m^3 per pred per day,2047,0.80,5.21E-10,4.00E-10,8.44E-10,5.05E-10,2.42E-11,1.14E-02,200,,
2048,Kimmance et al 2006 AME,Pred,3.00,,Aquatic,,Unicell,Protozoan,Dinoflagellate,,Oxyrrhis marina,,Unicell,Algae,Haptophyte,,,Isochrysis galbana,,Raw data,N,0,11.0,,,,250.00,3.00E-06,Original species volume,,6.53E-08,Original species volume,,m^3 per pred per day,2048,0.98,4.44E-10,3.33E-10,7.16E-10,3.85E-03,1.30E-13,1.38E-02,200,,
2049,Kimmance et al 2006 AME,Pred,3.00,,Aquatic,,Unicell,Protozoan,Dinoflagellate,,Oxyrrhis marina,,Unicell,Algae,Haptophyte,,,Isochrysis galbana,,Raw data,N,0,15.0,,,,250.00,3.00E-06,Original species volume,,6.53E-08,Original species volume,,m^3 per pred per day,2049,0.74,7.93E-10,6.57E-10,1.37E-09,4.94E-10,2.37E-11,4.00E-03,200,,
2050,Kimmance et al 2006 AME,Pred,3.00,,Aquatic,,Unicell,Protozoan,Dinoflagellate,,Oxyrrhis marina,,Unicell,Algae,Haptophyte,,,Isochrysis galbana,,Raw data,N,0,18.0,,,,250.00,3.00E-06,Original species volume,,6.53E-08,Original species volume,,m^3 per pred per day,2050,0.42,3.26E-09,1.10E-09,1.25E-08,6.69E-03,4.67E-10,2.10E-02,200,,
2051,Kimmance et al 2006 AME,Pred,3.00,,Aquatic,,Unicell,Protozoan,Dinoflagellate,,Oxyrrhis marina,,Unicell,Algae,Haptophyte,,,Isochrysis galbana,,Raw data,N,0,20.0,,,,250.00,3.00E-06,Original species volume,,6.53E-08,Original species volume,,m^3 per pred per day,2051,0.71,5.98E-09,1.25E-09,1.47E-08,7.64E-03,3.33E-03,1.06E-02,200,,
2052,Kimmance et al 2006 AME,Pred,3.00,,Aquatic,,Unicell,Protozoan,Dinoflagellate,,Oxyrrhis marina,,Unicell,Algae,Haptophyte,,,Isochrysis galbana,,Raw data,N,0,25.0,,,,250.00,3.00E-06,Original species volume,,6.53E-08,Original species volume,,m^3 per pred per day,2052,0.88,3.04E-09,2.36E-09,4.31E-09,3.77E-03,2.62E-03,5.48E-03,200,,
2053,Verity 1991 LO,Pred,3.00,,Aquatic,,Unicell,Protozoan,Ciliate,,Strobilidium spirales,,Unicell,Algae,Haptophyte,,,Isochrysis galbana,,Mean,N,0,20.0,,,,,2.80E-05,Original species carbon,,1.41E-08,Original species volume,,m^3 per pred per day,2053,0.66,6.04E-07,3.24E-07,9.85E-07,5.13E-05,1.79E-05,8.47E-05,200,,
2054,Verity 1991 LO,Pred,3.00,,Aquatic,,Unicell,Protozoan,Ciliate,,Strobilidium spirales,,Unicell,Protozoan,Chrysophyte,,,Pseudobodo c.f. tremulans,,Mean,N,0,20.0,,,,,2.80E-05,Original species carbon,,4.76E-08,Original species volume,,m^3 per pred per day,2054,0.62,4.82E-07,2.55E-07,8.03E-07,1.33E-04,4.13E-05,2.46E-04,200,,
2055,Verity 1991 LO,Pred,3.00,,Aquatic,,Unicell,Protozoan,Ciliate,,Tintinnopsis dadayi,,Unicell,Protozoan,Dinoflagellate,,,Katodinium rotundatum,,Mean,N,0,20.0,,,,,1.37E-04,Original species carbon,,2.67E-07,Original species volume,,m^3 per pred per day,2055,0.85,8.74E-08,6.65E-08,1.12E-07,3.31E-03,2.01E-03,4.86E-03,200,,
2056,Verity 1991 LO,Pred,3.00,,Aquatic,,Unicell,Protozoan,Ciliate,,Tintinnopsis dadayi,,Unicell,Protozoan,Chrysophyte,,,Paraphysomonas sp.,,Mean,N,0,20.0,,,,,1.37E-04,Original species carbon,,2.20E-07,Original species volume,,m^3 per pred per day,2056,0.84,1.01E-07,7.14E-08,1.44E-07,3.50E-03,2.65E-03,4.43E-03,200,Paraphysomonas cultured on phytoplankton,
2057,Verity 1991 LO,Pred,3.00,,Aquatic,,Unicell,Protozoan,Ciliate,,Tintinnopsis dadayi,,Unicell,Protozoan,Chrysophyte,,,Paraphysomonas sp.,,Mean,N,0,20.0,,,,,1.37E-04,Original species carbon,,2.20E-07,Original species volume,,m^3 per pred per day,2057,0.83,7.15E-08,5.36E-08,9.57E-08,3.30E-03,2.16E-03,4.80E-03,200,Paraphysomonas cultured on bacteria,
2058,Kopp and Tollrian 2003 ECOLOGY,Pred,3.00,,Aquatic,,Unicell,Protozoan,Ciliate,,Lembadion bullinum,,Unicell,Protozoan,Ciliate,,,Colpidium campylum,,Raw data,N,0,20.0,,,,10.00,2.33E-04,Original species volume,,1.14E-05,Original species volume,,m^3 per pred per day,2058,0.95,2.45E-07,1.64E-07,3.24E-07,9.34E-02,8.86E-02,9.91E-02,200,C form,
2059,Kopp and Tollrian 2003 ECOLOGY,Pred,3.00,,Aquatic,,Unicell,Protozoan,Ciliate,,Lembadion bullinum,,Unicell,Protozoan,Ciliate,,,Colpidium campylum,,Raw data,N,0,20.0,,,,10.00,5.54E-04,Original species volume,,1.14E-05,Original species volume,,m^3 per pred per day,2059,0.97,2.71E-07,1.61E-07,3.87E-07,6.12E-02,5.71E-02,6.45E-02,200,A form,
2060,Jeong et al 2018 J PHYCOL,Pred,3.00,,Aquatic,,Unicell,Protozoan,Dinoflagellate,,Oxyrrhis marina,,Unicell,Protozoan,Dinoflagellate,,,Gymnodinium smaydae,,Mean,N,0,20.0,,,,42.00,2.00E-06,Original species volume,,6.60E-08,Original species volume,,m^3 per pred per day,2060,0.87,3.76E-09,2.99E-09,5.15E-09,4.60E-01,4.03E-01,5.19E-01,200,,
2061,Jeong et al 2018 J PHYCOL,Pred,3.00,,Aquatic,,Unicell,Protozoan,Ciliate,,Pelagostrobilidium sp.,,Unicell,Protozoan,Dinoflagellate,,,Gymnodinium smaydae,,Mean,N,0,20.0,,,,42.00,2.30E-05,Original species volume,,6.60E-08,Original species volume,,m^3 per pred per day,2061,0.79,1.74E-07,1.20E-07,2.91E-07,1.75E-02,1.62E-02,1.94E-02,200,,
2062,Muller and Schlegel 1999 AQUAT MICROB ECOL,Pred,3.00,,Aquatic,,Unicell,Protozoan,Ciliate,,Balanion planctonicum,,Unicell,Algae,Cryptophyte,,,Cryptomonas sp.,,Raw data,N,0,15.0,,,,80.00,1.80E-06,Original species volume,,2.24E-08,Alternate genus volume,,m^3 per pred per day,2062,0.80,2.37E-09,1.87E-09,3.18E-09,2.37E-03,8.42E-04,3.99E-03,200,,
2063,Muller and Schlegel 1999 AQUAT MICROB ECOL,Pred,3.00,,Aquatic,,Unicell,Protozoan,Ciliate,,Histiobalantium bodamicum,,Unicell,Algae,Cryptophyte,,,Cryptomonas sp.,,Raw data,N,0,15.0,,,,80.00,3.40E-05,Original species volume,,2.24E-08,Alternate genus volume,,m^3 per pred per day,2063,0.76,2.49E-09,2.13E-09,2.97E-09,4.84E-10,2.38E-11,3.61E-03,200,,
2064,Jeong et al 2018 JEM,Pred,3.00,,Aquatic,,Unicell,Protozoan,Ciliate,,Strombidinopsis sp.,,Unicell,Protozoan,Dinoflagellate,,,Yihiella yeosuensis,,Mean,N,0,10.0,,,,60.00,1.12E-03,Original species volume,,2.00E-07,Original species volume,,m^3 per pred per day,2064,0.84,1.32E-07,6.57E-08,3.39E-07,4.41E-04,2.42E-11,9.29E-04,200,,
2065,Yoo et al 2018 MBR,Pred,3.00,,Aquatic,,Unicell,Protozoan,Dinoflagellate,,Thecadinium kofoidii,,Unicell,Algae,Cryptophyte,,,Rhodomonas salina,,Mean,N,0,20.0,,,,50.00,7.87E-06,Original species volume,,4.48E-07,Original species volume,,m^3 per pred per day,2065,0.53,1.38E-09,7.77E-11,6.08E-09,7.09E-01,4.97E-01,9.23E-01,200,,
2066,Yoo et al 2018 HARM ALG,Pred,3.00,,Aquatic,,Unicell,Protozoan,Euglenid,,Eutreptiella eupharyngea,,Unicell,Prokaryote,Eubacteria,,,Eubactaria,,Mean,N,0,20.0,,,,80.00,1.43E-06,Original species volume,,1.79E-10,Original species volume,,m^3 per pred per day,2066,0.99,2.42E-11,2.38E-11,2.47E-11,7.18E-03,7.01E-03,7.35E-03,200,,
2067,Yoo et al 2018 HARM ALG,Pred,3.00,,Aquatic,,Unicell,Protozoan,Euglenid,,Eutreptiella eupharyngea,,Metazoan,Vertebrate,Cyanobacteria,,,Synechococcus sp.,,Mean,N,0,20.0,,,,80.00,1.43E-06,Original species volume,,5.22E-10,Original species volume,,m^3 per pred per day,2067,1.00,2.93E-12,2.69E-12,3.20E-12,5.65E-02,5.29E-02,6.04E-02,200,,
2068,Lim et al 2018 HARM ALG,Pred,3.00,,Aquatic,,Unicell,Protozoan,Dinoflagellate,,Takayama tasmanica,,Unicell,Protozoan,Dinoflagellate,,,Alexandrium minutum,,Mean,N,0,20.0,,,,38.00,7.51E-06,Original species volume,,3.10E-06,Original species volume,,m^3 per pred per day,2068,0.31,2.15E-09,8.24E-10,8.27E-09,9.99E-01,7.74E-01,1.41E+00,200,,
2069,Ya?ar and Ozger 2005 J PEST SCI,Pred,2.00,,Terrestrial,,Metazoan,Invertebrate,Insect,Coleoptera,Adalia fasciatopunctata revelierei,1st instar,Metazoan,Invertebrate,Insect,Hemiptera,Mealy plum aphid,Hyalopterus pruni,,Mean,N,,25.0,,1,28.27,,4.67E+01,Alternate family length,Family,9.67E-01,Alternate species length,Family,m^2 per pred per day,2069,0.54,5.08E-03,3.99E-03,6.30E-03,2.50E-02,2.15E-02,2.77E-02,200,,
2070,Ya?ar and Ozger 2005 J PEST SCI,Pred,2.00,,Terrestrial,,Metazoan,Invertebrate,Insect,Coleoptera,Adalia fasciatopunctata revelierei,2nd instar,Metazoan,Invertebrate,Insect,Hemiptera,Mealy plum aphid,Hyalopterus pruni,,Mean,N,,25.0,,1,28.27,,4.67E+01,Alternate family length,Family,9.67E-01,Alternate species length,Family,m^2 per pred per day,2070,0.79,5.04E-03,4.40E-03,5.67E-03,1.91E-02,1.83E-02,2.01E-02,200,,
2071,Ya?ar and Ozger 2005 J PEST SCI,Pred,2.00,,Terrestrial,,Metazoan,Invertebrate,Insect,Coleoptera,Adalia fasciatopunctata revelierei,3rd instar,Metazoan,Invertebrate,Insect,Hemiptera,Mealy plum aphid,Hyalopterus pruni,,Mean,N,,25.0,,1,28.27,,4.67E+01,Alternate family length,Family,9.67E-01,Alternate species length,Family,m^2 per pred per day,2071,0.82,4.99E-03,4.61E-03,5.45E-03,1.35E-02,1.27E-02,1.44E-02,200,,
2072,Ya?ar and Ozger 2005 J PEST SCI,Pred,2.00,,Terrestrial,,Metazoan,Invertebrate,Insect,Coleoptera,Adalia fasciatopunctata revelierei,4th instar,Metazoan,Invertebrate,Insect,Hemiptera,Mealy plum aphid,Hyalopterus pruni,,Mean,N,,25.0,,1,28.27,,4.67E+01,Alternate family length,Family,9.67E-01,Alternate species length,Family,m^2 per pred per day,2072,0.79,5.30E-03,4.87E-03,5.81E-03,1.29E-02,1.19E-02,1.39E-02,200,,
2073,Ya?ar and Ozger 2005 J PEST SCI,Pred,2.00,,Terrestrial,,Metazoan,Invertebrate,Insect,Coleoptera,Adalia fasciatopunctata revelierei,Adult female,Metazoan,Invertebrate,Insect,Hemiptera,Mealy plum aphid,Hyalopterus pruni,,Mean,N,,25.0,,1,28.27,,4.67E+01,Alternate family length,Family,9.67E-01,Alternate species length,Family,m^2 per pred per day,2073,0.97,2.83E-03,2.62E-03,3.05E-03,2.39E-03,1.78E-03,3.03E-03,200,,
2074,Ya?ar and Ozger 2005 J PEST SCI,Pred,2.00,,Terrestrial,,Metazoan,Invertebrate,Insect,Coleoptera,Adalia fasciatopunctata revelierei,1st instar,Metazoan,Invertebrate,Insect,Hemiptera,Mealy plum aphid,Hyalopterus pruni,,Mean,N,,25.0,,1,50.27,,4.67E+01,Alternate family length,Family,9.67E-01,Alternate species length,Family,m^2 per pred per day,2074,0.39,8.74E-03,6.06E-03,1.22E-02,3.00E-02,2.47E-02,3.51E-02,200,,
2075,Ya?ar and Ozger 2005 J PEST SCI,Pred,2.00,,Terrestrial,,Metazoan,Invertebrate,Insect,Coleoptera,Adalia fasciatopunctata revelierei,2nd instar,Metazoan,Invertebrate,Insect,Hemiptera,Mealy plum aphid,Hyalopterus pruni,,Mean,N,,25.0,,1,50.27,,4.67E+01,Alternate family length,Family,9.67E-01,Alternate species length,Family,m^2 per pred per day,2075,0.63,8.48E-03,7.37E-03,9.84E-03,1.77E-02,1.65E-02,1.91E-02,200,,
2076,Ya?ar and Ozger 2005 J PEST SCI,Pred,2.00,,Terrestrial,,Metazoan,Invertebrate,Insect,Coleoptera,Adalia fasciatopunctata revelierei,3rd instar,Metazoan,Invertebrate,Insect,Hemiptera,Mealy plum aphid,Hyalopterus pruni,,Mean,N,,25.0,,1,50.27,,4.67E+01,Alternate family length,Family,9.67E-01,Alternate species length,Family,m^2 per pred per day,2076,0.74,8.99E-03,7.60E-03,1.04E-02,1.44E-02,1.29E-02,1.56E-02,200,,
2077,Ya?ar and Ozger 2005 J PEST SCI,Pred,2.00,,Terrestrial,,Metazoan,Invertebrate,Insect,Coleoptera,Adalia fasciatopunctata revelierei,4th instar,Metazoan,Invertebrate,Insect,Hemiptera,Mealy plum aphid,Hyalopterus pruni,,Mean,N,,25.0,,1,50.27,,4.67E+01,Alternate family length,Family,9.67E-01,Alternate species length,Family,m^2 per pred per day,2077,0.78,9.51E-03,8.39E-03,1.09E-02,1.34E-02,1.22E-02,1.50E-02,200,,
2078,Ya?ar and Ozger 2005 J PEST SCI,Pred,2.00,,Terrestrial,,Metazoan,Invertebrate,Insect,Coleoptera,Adalia fasciatopunctata revelierei,Adult female,Metazoan,Invertebrate,Insect,Hemiptera,Mealy plum aphid,Hyalopterus pruni,,Mean,N,,25.0,,1,50.27,,4.67E+01,Alternate family length,Family,9.67E-01,Alternate species length,Family,m^2 per pred per day,2078,1.00,5.09E-03,4.92E-03,5.25E-03,1.97E-03,1.80E-03,2.13E-03,200,,
2079,Ya?ar and Ozger 2005 J PEST SCI,Pred,2.00,,Terrestrial,,Metazoan,Invertebrate,Insect,Coleoptera,Adalia fasciatopunctata revelierei,1st instar,Metazoan,Invertebrate,Insect,Hemiptera,Mealy plum aphid,Hyalopterus pruni,,Mean,N,,25.0,,1,113.10,,4.67E+01,Alternate family length,Family,9.67E-01,Alternate species length,Family,m^2 per pred per day,2079,0.42,1.73E-02,1.19E-02,2.70E-02,2.68E-02,2.22E-02,3.16E-02,200,,
2080,Ya?ar and Ozger 2005 J PEST SCI,Pred,2.00,,Terrestrial,,Metazoan,Invertebrate,Insect,Coleoptera,Adalia fasciatopunctata revelierei,2nd instar,Metazoan,Invertebrate,Insect,Hemiptera,Mealy plum aphid,Hyalopterus pruni,,Mean,N,,25.0,,1,113.10,,4.67E+01,Alternate family length,Family,9.67E-01,Alternate species length,Family,m^2 per pred per day,2080,0.62,1.74E-02,1.38E-02,2.20E-02,1.97E-02,1.77E-02,2.18E-02,200,,
2081,Ya?ar and Ozger 2005 J PEST SCI,Pred,2.00,,Terrestrial,,Metazoan,Invertebrate,Insect,Coleoptera,Adalia fasciatopunctata revelierei,3rd instar,Metazoan,Invertebrate,Insect,Hemiptera,Mealy plum aphid,Hyalopterus pruni,,Mean,N,,25.0,,1,113.10,,4.67E+01,Alternate family length,Family,9.67E-01,Alternate species length,Family,m^2 per pred per day,2081,0.75,2.06E-02,1.79E-02,2.36E-02,1.53E-02,1.40E-02,1.69E-02,200,,
2082,Ya?ar and Ozger 2005 J PEST SCI,Pred,2.00,,Terrestrial,,Metazoan,Invertebrate,Insect,Coleoptera,Adalia fasciatopunctata revelierei,4th instar,Metazoan,Invertebrate,Insect,Hemiptera,Mealy plum aphid,Hyalopterus pruni,,Mean,N,,25.0,,1,113.10,,4.67E+01,Alternate family length,Family,9.67E-01,Alternate species length,Family,m^2 per pred per day,2082,0.76,2.02E-02,1.75E-02,2.26E-02,1.35E-02,1.24E-02,1.49E-02,200,,
2083,Ya?ar and Ozger 2005 J PEST SCI,Pred,2.00,,Terrestrial,,Metazoan,Invertebrate,Insect,Coleoptera,Adalia fasciatopunctata revelierei,Adult female,Metazoan,Invertebrate,Insect,Hemiptera,Mealy plum aphid,Hyalopterus pruni,,Mean,N,,25.0,,1,113.10,,4.67E+01,Alternate family length,Family,9.67E-01,Alternate species length,Family,m^2 per pred per day,2083,0.97,1.23E-02,1.12E-02,1.32E-02,2.38E-03,1.60E-03,2.97E-03,200,,
,,,,,,,,,,,,,,,,,,,,,,,,,,,,,,,,,,,,,,,,,,,,,
,,,,,,,,,,,,,,,,,,,,,,,,,,,,,,,,,,,,,,,,,,,,,
,,,,,,,,,,,,,,,,,,,,,,,,,,,,,,,,,,,,,,,,,,,,,
,,,,,,,,,,,,,,,,,,,,,,,,,,,,,,,,,,,,,,,,,,,,,
,,,,,,,,,,,,,,,,,,,,,,,,,,,,,,,,,,,,,,,,,,,,,
,,,,,,,,,,,,,,,,,,,,,,,,,,,,,,,,,,,,,,,,,,,,,
,,,,,,,,,,,,,,,,,,,,,,,,,,,,,,,,,,,,,,,,,,,,,
,,,,,,,,,,,,,,,,,,,,,,,,,,,,,,,,,,,,,,,,,,,,,
,,,,,,,,,,,,,,,,,,,,,,,,,,,,,,,,,,,,,,,,,,,,,
,,,,,,,,,,,,,,,,,,,,,,,,,,,,,,,,,,,,,,,,,,,,,
,,,,,,,,,,,,,,,,,,,,,,,,,,,,,,,,,,,,,,,,,,,,,
,,,,,,,,,,,,,,,,,,,,,,,,,,,,,,,,,,,,,,,,,,,,,
,,,,,,,,,,,,,,,,,,,,,,,,,,,,,,,,,,,,,,,,,,,,,
,,,,,,,,,,,,,,,,,,,,,,,,,,,,,,,,,,,,,,,,,,,,,
,,,,,,,,,,,,,,,,,,,,,,,,,,,,,,,,,,,,,,,,,,,,,
,,,,,,,,,,,,,,,,,,,,,,,,,,,,,,,,,,,,,,,,,,,,,
,,,,,,,,,,,,,,,,,,,,,,,,,,,,,,,,,,,,,,,,,,,,,
,,,,,,,,,,,,,,,,,,,,,,,,,,,,,,,,,,,,,,,,,,,,,
,,,,,,,,,,,,,,,,,,,,,,,,,,,,,,,,,,,,,,,,,,,,,
,,,,,,,,,,,,,,,,,,,,,,,,,,,,,,,,,,,,,,,,,,,,,
,,,,,,,,,,,,,,,,,,,,,,,,,,,,,,,,,,,,,,,,,,,,,
,,,,,,,,,,,,,,,,,,,,,,,,,,,,,,,,,,,,,,,,,,,,,
,,,,,,,,,,,,,,,,,,,,,,,,,,,,,,,,,,,,,,,,,,,,,
,,,,,,,,,,,,,,,,,,,,,,,,,,,,,,,,,,,,,,,,,,,,,
,,,,,,,,,,,,,,,,,,,,,,,,,,,,,,,,,,,,,,,,,,,,,
,,,,,,,,,,,,,,,,,,,,,,,,,,,,,,,,,,,,,,,,,,,,,
,,,,,,,,,,,,,,,,,,,,,,,,,,,,,,,,,,,,,,,,,,,,,
,,,,,,,,,,,,,,,,,,,,,,,,,,,,,,,,,,,,,,,,,,,,,
,,,,,,,,,,,,,,,,,,,,,,,,,,,,,,,,,,,,,,,,,,,,,
,,,,,,,,,,,,,,,,,,,,,,,,,,,,,,,,,,,,,,,,,,,,,
,,,,,,,,,,,,,,,,,,,,,,,,,,,,,,,,,,,,,,,,,,,,,
,,,,,,,,,,,,,,,,,,,,,,,,,,,,,,,,,,,,,,,,,,,,,
,,,,,,,,,,,,,,,,,,,,,,,,,,,,,,,,,,,,,,,,,,,,,
,,,,,,,,,,,,,,,,,,,,,,,,,,,,,,,,,,,,,,,,,,,,,
,,,,,,,,,,,,,,,,,,,,,,,,,,,,,,,,,,,,,,,,,,,,,
,,,,,,,,,,,,,,,,,,,,,,,,,,,,,,,,,,,,,,,,,,,,,
,,,,,,,,,,,,,,,,,,,,,,,,,,,,,,,,,,,,,,,,,,,,,
,,,,,,,,,,,,,,,,,,,,,,,,,,,,,,,,,,,,,,,,,,,,,
,,,,,,,,,,,,,,,,,,,,,,,,,,,,,,,,,,,,,,,,,,,,,
,,,,,,,,,,,,,,,,,,,,,,,,,,,,,,,,,,,,,,,,,,,,,
,,,,,,,,,,,,,,,,,,,,,,,,,,,,,,,,,,,,,,,,,,,,,
,,,,,,,,,,,,,,,,,,,,,,,,,,,,,,,,,,,,,,,,,,,,,
,,,,,,,,,,,,,,,,,,,,,,,,,,,,,,,,,,,,,,,,,,,,,
,,,,,,,,,,,,,,,,,,,,,,,,,,,,,,,,,,,,,,,,,,,,,
,,,,,,,,,,,,,,,,,,,,,,,,,,,,,,,,,,,,,,,,,,,,,
,,,,,,,,,,,,,,,,,,,,,,,,,,,,,,,,,,,,,,,,,,,,,
,,,,,,,,,,,,,,,,,,,,,,,,,,,,,,,,,,,,,,,,,,,,,
,,,,,,,,,,,,,,,,,,,,,,,,,,,,,,,,,,,,,,,,,,,,,
,,,,,,,,,,,,,,,,,,,,,,,,,,,,,,,,,,,,,,,,,,,,,
,,,,,,,,,,,,,,,,,,,,,,,,,,,,,,,,,,,,,,,,,,,,,
,,,,,,,,,,,,,,,,,,,,,,,,,,,,,,,,,,,,,,,,,,,,,
,,,,,,,,,,,,,,,,,,,,,,,,,,,,,,,,,,,,,,,,,,,,,
,,,,,,,,,,,,,,,,,,,,,,,,,,,,,,,,,,,,,,,,,,,,,
,,,,,,,,,,,,,,,,,,,,,,,,,,,,,,,,,,,,,,,,,,,,,
,,,,,,,,,,,,,,,,,,,,,,,,,,,,,,,,,,,,,,,,,,,,,
,,,,,,,,,,,,,,,,,,,,,,,,,,,,,,,,,,,,,,,,,,,,,
,,,,,,,,,,,,,,,,,,,,,,,,,,,,,,,,,,,,,,,,,,,,,
,,,,,,,,,,,,,,,,,,,,,,,,,,,,,,,,,,,,,,,,,,,,,
,,,,,,,,,,,,,,,,,,,,,,,,,,,,,,,,,,,,,,,,,,,,,
,,,,,,,,,,,,,,,,,,,,,,,,,,,,,,,,,,,,,,,,,,,,,
,,,,,,,,,,,,,,,,,,,,,,,,,,,,,,,,,,,,,,,,,,,,,
,,,,,,,,,,,,,,,,,,,,,,,,,,,,,,,,,,,,,,,,,,,,,
,,,,,,,,,,,,,,,,,,,,,,,,,,,,,,,,,,,,,,,,,,,,,
,,,,,,,,,,,,,,,,,,,,,,,,,,,,,,,,,,,,,,,,,,,,,
,,,,,,,,,,,,,,,,,,,,,,,,,,,,,,,,,,,,,,,,,,,,,
,,,,,,,,,,,,,,,,,,,,,,,,,,,,,,,,,,,,,,,,,,,,,
,,,,,,,,,,,,,,,,,,,,,,,,,,,,,,,,,,,,,,,,,,,,,
,,,,,,,,,,,,,,,,,,,,,,,,,,,,,,,,,,,,,,,,,,,,,
,,,,,,,,,,,,,,,,,,,,,,,,,,,,,,,,,,,,,,,,,,,,,
,,,,,,,,,,,,,,,,,,,,,,,,,,,,,,,,,,,,,,,,,,,,,
,,,,,,,,,,,,,,,,,,,,,,,,,,,,,,,,,,,,,,,,,,,,,
,,,,,,,,,,,,,,,,,,,,,,,,,,,,,,,,,,,,,,,,,,,,,
,,,,,,,,,,,,,,,,,,,,,,,,,,,,,,,,,,,,,,,,,,,,,
,,,,,,,,,,,,,,,,,,,,,,,,,,,,,,,,,,,,,,,,,,,,,
,,,,,,,,,,,,,,,,,,,,,,,,,,,,,,,,,,,,,,,,,,,,,
,,,,,,,,,,,,,,,,,,,,,,,,,,,,,,,,,,,,,,,,,,,,,
,,,,,,,,,,,,,,,,,,,,,,,,,,,,,,,,,,,,,,,,,,,,,
,,,,,,,,,,,,,,,,,,,,,,,,,,,,,,,,,,,,,,,,,,,,,
,,,,,,,,,,,,,,,,,,,,,,,,,,,,,,,,,,,,,,,,,,,,,
,,,,,,,,,,,,,,,,,,,,,,,,,,,,,,,,,,,,,,,,,,,,,
,,,,,,,,,,,,,,,,,,,,,,,,,,,,,,,,,,,,,,,,,,,,,
,,,,,,,,,,,,,,,,,,,,,,,,,,,,,,,,,,,,,,,,,,,,,
,,,,,,,,,,,,,,,,,,,,,,,,,,,,,,,,,,,,,,,,,,,,,
,,,,,,,,,,,,,,,,,,,,,,,,,,,,,,,,,,,,,,,,,,,,,
,,,,,,,,,,,,,,,,,,,,,,,,,,,,,,,,,,,,,,,,,,,,,
,,,,,,,,,,,,,,,,,,,,,,,,,,,,,,,,,,,,,,,,,,,,,
,,,,,,,,,,,,,,,,,,,,,,,,,,,,,,,,,,,,,,,,,,,,,
,,,,,,,,,,,,,,,,,,,,,,,,,,,,,,,,,,,,,,,,,,,,,
,,,,,,,,,,,,,,,,,,,,,,,,,,,,,,,,,,,,,,,,,,,,,
,,,,,,,,,,,,,,,,,,,,,,,,,,,,,,,,,,,,,,,,,,,,,
,,,,,,,,,,,,,,,,,,,,,,,,,,,,,,,,,,,,,,,,,,,,,
,,,,,,,,,,,,,,,,,,,,,,,,,,,,,,,,,,,,,,,,,,,,,
,,,,,,,,,,,,,,,,,,,,,,,,,,,,,,,,,,,,,,,,,,,,,
,,,,,,,,,,,,,,,,,,,,,,,,,,,,,,,,,,,,,,,,,,,,,
,,,,,,,,,,,,,,,,,,,,,,,,,,,,,,,,,,,,,,,,,,,,,
,,,,,,,,,,,,,,,,,,,,,,,,,,,,,,,,,,,,,,,,,,,,,
,,,,,,,,,,,,,,,,,,,,,,,,,,,,,,,,,,,,,,,,,,,,,
,,,,,,,,,,,,,,,,,,,,,,,,,,,,,,,,,,,,,,,,,,,,,
,,,,,,,,,,,,,,,,,,,,,,,,,,,,,,,,,,,,,,,,,,,,,
,,,,,,,,,,,,,,,,,,,,,,,,,,,,,,,,,,,,,,,,,,,,,
,,,,,,,,,,,,,,,,,,,,,,,,,,,,,,,,,,,,,,,,,,,,,
,,,,,,,,,,,,,,,,,,,,,,,,,,,,,,,,,,,,,,,,,,,,,
,,,,,,,,,,,,,,,,,,,,,,,,,,,,,,,,,,,,,,,,,,,,,
,,,,,,,,,,,,,,,,,,,,,,,,,,,,,,,,,,,,,,,,,,,,,
,,,,,,,,,,,,,,,,,,,,,,,,,,,,,,,,,,,,,,,,,,,,,
,,,,,,,,,,,,,,,,,,,,,,,,,,,,,,,,,,,,,,,,,,,,,
,,,,,,,,,,,,,,,,,,,,,,,,,,,,,,,,,,,,,,,,,,,,,
,,,,,,,,,,,,,,,,,,,,,,,,,,,,,,,,,,,,,,,,,,,,,
,,,,,,,,,,,,,,,,,,,,,,,,,,,,,,,,,,,,,,,,,,,,,
,,,,,,,,,,,,,,,,,,,,,,,,,,,,,,,,,,,,,,,,,,,,,
,,,,,,,,,,,,,,,,,,,,,,,,,,,,,,,,,,,,,,,,,,,,,
,,,,,,,,,,,,,,,,,,,,,,,,,,,,,,,,,,,,,,,,,,,,,
,,,,,,,,,,,,,,,,,,,,,,,,,,,,,,,,,,,,,,,,,,,,,
,,,,,,,,,,,,,,,,,,,,,,,,,,,,,,,,,,,,,,,,,,,,,
,,,,,,,,,,,,,,,,,,,,,,,,,,,,,,,,,,,,,,,,,,,,,
,,,,,,,,,,,,,,,,,,,,,,,,,,,,,,,,,,,,,,,,,,,,,
,,,,,,,,,,,,,,,,,,,,,,,,,,,,,,,,,,,,,,,,,,,,,
,,,,,,,,,,,,,,,,,,,,,,,,,,,,,,,,,,,,,,,,,,,,,
,,,,,,,,,,,,,,,,,,,,,,,,,,,,,,,,,,,,,,,,,,,,,
,,,,,,,,,,,,,,,,,,,,,,,,,,,,,,,,,,,,,,,,,,,,,
,,,,,,,,,,,,,,,,,,,,,,,,,,,,,,,,,,,,,,,,,,,,,
,,,,,,,,,,,,,,,,,,,,,,,,,,,,,,,,,,,,,,,,,,,,,
,,,,,,,,,,,,,,,,,,,,,,,,,,,,,,,,,,,,,,,,,,,,,
,,,,,,,,,,,,,,,,,,,,,,,,,,,,,,,,,,,,,,,,,,,,,
,,,,,,,,,,,,,,,,,,,,,,,,,,,,,,,,,,,,,,,,,,,,,
,,,,,,,,,,,,,,,,,,,,,,,,,,,,,,,,,,,,,,,,,,,,,
,,,,,,,,,,,,,,,,,,,,,,,,,,,,,,,,,,,,,,,,,,,,,
,,,,,,,,,,,,,,,,,,,,,,,,,,,,,,,,,,,,,,,,,,,,,
,,,,,,,,,,,,,,,,,,,,,,,,,,,,,,,,,,,,,,,,,,,,,
,,,,,,,,,,,,,,,,,,,,,,,,,,,,,,,,,,,,,,,,,,,,,
,,,,,,,,,,,,,,,,,,,,,,,,,,,,,,,,,,,,,,,,,,,,,
,,,,,,,,,,,,,,,,,,,,,,,,,,,,,,,,,,,,,,,,,,,,,
,,,,,,,,,,,,,,,,,,,,,,,,,,,,,,,,,,,,,,,,,,,,,
,,,,,,,,,,,,,,,,,,,,,,,,,,,,,,,,,,,,,,,,,,,,,
,,,,,,,,,,,,,,,,,,,,,,,,,,,,,,,,,,,,,,,,,,,,,
,,,,,,,,,,,,,,,,,,,,,,,,,,,,,,,,,,,,,,,,,,,,,
,,,,,,,,,,,,,,,,,,,,,,,,,,,,,,,,,,,,,,,,,,,,,
,,,,,,,,,,,,,,,,,,,,,,,,,,,,,,,,,,,,,,,,,,,,,
,,,,,,,,,,,,,,,,,,,,,,,,,,,,,,,,,,,,,,,,,,,,,
,,,,,,,,,,,,,,,,,,,,,,,,,,,,,,,,,,,,,,,,,,,,,
,,,,,,,,,,,,,,,,,,,,,,,,,,,,,,,,,,,,,,,,,,,,,
,,,,,,,,,,,,,,,,,,,,,,,,,,,,,,,,,,,,,,,,,,,,,
,,,,,,,,,,,,,,,,,,,,,,,,,,,,,,,,,,,,,,,,,,,,,
,,,,,,,,,,,,,,,,,,,,,,,,,,,,,,,,,,,,,,,,,,,,,
,,,,,,,,,,,,,,,,,,,,,,,,,,,,,,,,,,,,,,,,,,,,,
,,,,,,,,,,,,,,,,,,,,,,,,,,,,,,,,,,,,,,,,,,,,,
,,,,,,,,,,,,,,,,,,,,,,,,,,,,,,,,,,,,,,,,,,,,,
,,,,,,,,,,,,,,,,,,,,,,,,,,,,,,,,,,,,,,,,,,,,,
,,,,,,,,,,,,,,,,,,,,,,,,,,,,,,,,,,,,,,,,,,,,,
,,,,,,,,,,,,,,,,,,,,,,,,,,,,,,,,,,,,,,,,,,,,,
,,,,,,,,,,,,,,,,,,,,,,,,,,,,,,,,,,,,,,,,,,,,,
,,,,,,,,,,,,,,,,,,,,,,,,,,,,,,,,,,,,,,,,,,,,,
,,,,,,,,,,,,,,,,,,,,,,,,,,,,,,,,,,,,,,,,,,,,,
,,,,,,,,,,,,,,,,,,,,,,,,,,,,,,,,,,,,,,,,,,,,,
,,,,,,,,,,,,,,,,,,,,,,,,,,,,,,,,,,,,,,,,,,,,,
,,,,,,,,,,,,,,,,,,,,,,,,,,,,,,,,,,,,,,,,,,,,,
,,,,,,,,,,,,,,,,,,,,,,,,,,,,,,,,,,,,,,,,,,,,,
,,,,,,,,,,,,,,,,,,,,,,,,,,,,,,,,,,,,,,,,,,,,,
,,,,,,,,,,,,,,,,,,,,,,,,,,,,,,,,,,,,,,,,,,,,,
,,,,,,,,,,,,,,,,,,,,,,,,,,,,,,,,,,,,,,,,,,,,,
,,,,,,,,,,,,,,,,,,,,,,,,,,,,,,,,,,,,,,,,,,,,,
,,,,,,,,,,,,,,,,,,,,,,,,,,,,,,,,,,,,,,,,,,,,,
,,,,,,,,,,,,,,,,,,,,,,,,,,,,,,,,,,,,,,,,,,,,,
,,,,,,,,,,,,,,,,,,,,,,,,,,,,,,,,,,,,,,,,,,,,,
,,,,,,,,,,,,,,,,,,,,,,,,,,,,,,,,,,,,,,,,,,,,,
,,,,,,,,,,,,,,,,,,,,,,,,,,,,,,,,,,,,,,,,,,,,,
,,,,,,,,,,,,,,,,,,,,,,,,,,,,,,,,,,,,,,,,,,,,,
,,,,,,,,,,,,,,,,,,,,,,,,,,,,,,,,,,,,,,,,,,,,,
,,,,,,,,,,,,,,,,,,,,,,,,,,,,,,,,,,,,,,,,,,,,,
,,,,,,,,,,,,,,,,,,,,,,,,,,,,,,,,,,,,,,,,,,,,,
,,,,,,,,,,,,,,,,,,,,,,,,,,,,,,,,,,,,,,,,,,,,,
,,,,,,,,,,,,,,,,,,,,,,,,,,,,,,,,,,,,,,,,,,,,,
,,,,,,,,,,,,,,,,,,,,,,,,,,,,,,,,,,,,,,,,,,,,,
,,,,,,,,,,,,,,,,,,,,,,,,,,,,,,,,,,,,,,,,,,,,,
,,,,,,,,,,,,,,,,,,,,,,,,,,,,,,,,,,,,,,,,,,,,,
,,,,,,,,,,,,,,,,,,,,,,,,,,,,,,,,,,,,,,,,,,,,,
,,,,,,,,,,,,,,,,,,,,,,,,,,,,,,,,,,,,,,,,,,,,,
,,,,,,,,,,,,,,,,,,,,,,,,,,,,,,,,,,,,,,,,,,,,,
,,,,,,,,,,,,,,,,,,,,,,,,,,,,,,,,,,,,,,,,,,,,,
,,,,,,,,,,,,,,,,,,,,,,,,,,,,,,,,,,,,,,,,,,,,,
,,,,,,,,,,,,,,,,,,,,,,,,,,,,,,,,,,,,,,,,,,,,,
,,,,,,,,,,,,,,,,,,,,,,,,,,,,,,,,,,,,,,,,,,,,,
,,,,,,,,,,,,,,,,,,,,,,,,,,,,,,,,,,,,,,,,,,,,,
,,,,,,,,,,,,,,,,,,,,,,,,,,,,,,,,,,,,,,,,,,,,,
,,,,,,,,,,,,,,,,,,,,,,,,,,,,,,,,,,,,,,,,,,,,,
,,,,,,,,,,,,,,,,,,,,,,,,,,,,,,,,,,,,,,,,,,,,,
,,,,,,,,,,,,,,,,,,,,,,,,,,,,,,,,,,,,,,,,,,,,,
,,,,,,,,,,,,,,,,,,,,,,,,,,,,,,,,,,,,,,,,,,,,,
,,,,,,,,,,,,,,,,,,,,,,,,,,,,,,,,,,,,,,,,,,,,,
,,,,,,,,,,,,,,,,,,,,,,,,,,,,,,,,,,,,,,,,,,,,,
,,,,,,,,,,,,,,,,,,,,,,,,,,,,,,,,,,,,,,,,,,,,,
,,,,,,,,,,,,,,,,,,,,,,,,,,,,,,,,,,,,,,,,,,,,,
,,,,,,,,,,,,,,,,,,,,,,,,,,,,,,,,,,,,,,,,,,,,,
,,,,,,,,,,,,,,,,,,,,,,,,,,,,,,,,,,,,,,,,,,,,,
,,,,,,,,,,,,,,,,,,,,,,,,,,,,,,,,,,,,,,,,,,,,,
,,,,,,,,,,,,,,,,,,,,,,,,,,,,,,,,,,,,,,,,,,,,,
,,,,,,,,,,,,,,,,,,,,,,,,,,,,,,,,,,,,,,,,,,,,,
,,,,,,,,,,,,,,,,,,,,,,,,,,,,,,,,,,,,,,,,,,,,,
,,,,,,,,,,,,,,,,,,,,,,,,,,,,,,,,,,,,,,,,,,,,,
,,,,,,,,,,,,,,,,,,,,,,,,,,,,,,,,,,,,,,,,,,,,,
,,,,,,,,,,,,,,,,,,,,,,,,,,,,,,,,,,,,,,,,,,,,,
,,,,,,,,,,,,,,,,,,,,,,,,,,,,,,,,,,,,,,,,,,,,,
,,,,,,,,,,,,,,,,,,,,,,,,,,,,,,,,,,,,,,,,,,,,,
,,,,,,,,,,,,,,,,,,,,,,,,,,,,,,,,,,,,,,,,,,,,,
,,,,,,,,,,,,,,,,,,,,,,,,,,,,,,,,,,,,,,,,,,,,,
,,,,,,,,,,,,,,,,,,,,,,,,,,,,,,,,,,,,,,,,,,,,,
,,,,,,,,,,,,,,,,,,,,,,,,,,,,,,,,,,,,,,,,,,,,,
,,,,,,,,,,,,,,,,,,,,,,,,,,,,,,,,,,,,,,,,,,,,,
,,,,,,,,,,,,,,,,,,,,,,,,,,,,,,,,,,,,,,,,,,,,,
,,,,,,,,,,,,,,,,,,,,,,,,,,,,,,,,,,,,,,,,,,,,,
,,,,,,,,,,,,,,,,,,,,,,,,,,,,,,,,,,,,,,,,,,,,,
,,,,,,,,,,,,,,,,,,,,,,,,,,,,,,,,,,,,,,,,,,,,,
,,,,,,,,,,,,,,,,,,,,,,,,,,,,,,,,,,,,,,,,,,,,,
,,,,,,,,,,,,,,,,,,,,,,,,,,,,,,,,,,,,,,,,,,,,,
,,,,,,,,,,,,,,,,,,,,,,,,,,,,,,,,,,,,,,,,,,,,,
,,,,,,,,,,,,,,,,,,,,,,,,,,,,,,,,,,,,,,,,,,,,,
,,,,,,,,,,,,,,,,,,,,,,,,,,,,,,,,,,,,,,,,,,,,,
,,,,,,,,,,,,,,,,,,,,,,,,,,,,,,,,,,,,,,,,,,,,,
,,,,,,,,,,,,,,,,,,,,,,,,,,,,,,,,,,,,,,,,,,,,,
,,,,,,,,,,,,,,,,,,,,,,,,,,,,,,,,,,,,,,,,,,,,,
,,,,,,,,,,,,,,,,,,,,,,,,,,,,,,,,,,,,,,,,,,,,,
,,,,,,,,,,,,,,,,,,,,,,,,,,,,,,,,,,,,,,,,,,,,,
,,,,,,,,,,,,,,,,,,,,,,,,,,,,,,,,,,,,,,,,,,,,,
,,,,,,,,,,,,,,,,,,,,,,,,,,,,,,,,,,,,,,,,,,,,,
,,,,,,,,,,,,,,,,,,,,,,,,,,,,,,,,,,,,,,,,,,,,,
,,,,,,,,,,,,,,,,,,,,,,,,,,,,,,,,,,,,,,,,,,,,,
,,,,,,,,,,,,,,,,,,,,,,,,,,,,,,,,,,,,,,,,,,,,,
,,,,,,,,,,,,,,,,,,,,,,,,,,,,,,,,,,,,,,,,,,,,,
,,,,,,,,,,,,,,,,,,,,,,,,,,,,,,,,,,,,,,,,,,,,,
,,,,,,,,,,,,,,,,,,,,,,,,,,,,,,,,,,,,,,,,,,,,,
,,,,,,,,,,,,,,,,,,,,,,,,,,,,,,,,,,,,,,,,,,,,,
,,,,,,,,,,,,,,,,,,,,,,,,,,,,,,,,,,,,,,,,,,,,,
,,,,,,,,,,,,,,,,,,,,,,,,,,,,,,,,,,,,,,,,,,,,,
,,,,,,,,,,,,,,,,,,,,,,,,,,,,,,,,,,,,,,,,,,,,,
,,,,,,,,,,,,,,,,,,,,,,,,,,,,,,,,,,,,,,,,,,,,,
,,,,,,,,,,,,,,,,,,,,,,,,,,,,,,,,,,,,,,,,,,,,,
,,,,,,,,,,,,,,,,,,,,,,,,,,,,,,,,,,,,,,,,,,,,,
,,,,,,,,,,,,,,,,,,,,,,,,,,,,,,,,,,,,,,,,,,,,,
,,,,,,,,,,,,,,,,,,,,,,,,,,,,,,,,,,,,,,,,,,,,,
,,,,,,,,,,,,,,,,,,,,,,,,,,,,,,,,,,,,,,,,,,,,,
,,,,,,,,,,,,,,,,,,,,,,,,,,,,,,,,,,,,,,,,,,,,,
,,,,,,,,,,,,,,,,,,,,,,,,,,,,,,,,,,,,,,,,,,,,,
,,,,,,,,,,,,,,,,,,,,,,,,,,,,,,,,,,,,,,,,,,,,,
,,,,,,,,,,,,,,,,,,,,,,,,,,,,,,,,,,,,,,,,,,,,,
,,,,,,,,,,,,,,,,,,,,,,,,,,,,,,,,,,,,,,,,,,,,,
,,,,,,,,,,,,,,,,,,,,,,,,,,,,,,,,,,,,,,,,,,,,,
,,,,,,,,,,,,,,,,,,,,,,,,,,,,,,,,,,,,,,,,,,,,,
,,,,,,,,,,,,,,,,,,,,,,,,,,,,,,,,,,,,,,,,,,,,,
,,,,,,,,,,,,,,,,,,,,,,,,,,,,,,,,,,,,,,,,,,,,,
,,,,,,,,,,,,,,,,,,,,,,,,,,,,,,,,,,,,,,,,,,,,,
,,,,,,,,,,,,,,,,,,,,,,,,,,,,,,,,,,,,,,,,,,,,,
,,,,,,,,,,,,,,,,,,,,,,,,,,,,,,,,,,,,,,,,,,,,,
,,,,,,,,,,,,,,,,,,,,,,,,,,,,,,,,,,,,,,,,,,,,,
,,,,,,,,,,,,,,,,,,,,,,,,,,,,,,,,,,,,,,,,,,,,,
,,,,,,,,,,,,,,,,,,,,,,,,,,,,,,,,,,,,,,,,,,,,,
,,,,,,,,,,,,,,,,,,,,,,,,,,,,,,,,,,,,,,,,,,,,,
,,,,,,,,,,,,,,,,,,,,,,,,,,,,,,,,,,,,,,,,,,,,,
,,,,,,,,,,,,,,,,,,,,,,,,,,,,,,,,,,,,,,,,,,,,,
,,,,,,,,,,,,,,,,,,,,,,,,,,,,,,,,,,,,,,,,,,,,,
,,,,,,,,,,,,,,,,,,,,,,,,,,,,,,,,,,,,,,,,,,,,,
,,,,,,,,,,,,,,,,,,,,,,,,,,,,,,,,,,,,,,,,,,,,,
,,,,,,,,,,,,,,,,,,,,,,,,,,,,,,,,,,,,,,,,,,,,,
,,,,,,,,,,,,,,,,,,,,,,,,,,,,,,,,,,,,,,,,,,,,,
,,,,,,,,,,,,,,,,,,,,,,,,,,,,,,,,,,,,,,,,,,,,,
,,,,,,,,,,,,,,,,,,,,,,,,,,,,,,,,,,,,,,,,,,,,,
,,,,,,,,,,,,,,,,,,,,,,,,,,,,,,,,,,,,,,,,,,,,,
,,,,,,,,,,,,,,,,,,,,,,,,,,,,,,,,,,,,,,,,,,,,,
,,,,,,,,,,,,,,,,,,,,,,,,,,,,,,,,,,,,,,,,,,,,,
,,,,,,,,,,,,,,,,,,,,,,,,,,,,,,,,,,,,,,,,,,,,,
,,,,,,,,,,,,,,,,,,,,,,,,,,,,,,,,,,,,,,,,,,,,,
,,,,,,,,,,,,,,,,,,,,,,,,,,,,,,,,,,,,,,,,,,,,,
,,,,,,,,,,,,,,,,,,,,,,,,,,,,,,,,,,,,,,,,,,,,,
,,,,,,,,,,,,,,,,,,,,,,,,,,,,,,,,,,,,,,,,,,,,,
,,,,,,,,,,,,,,,,,,,,,,,,,,,,,,,,,,,,,,,,,,,,,
,,,,,,,,,,,,,,,,,,,,,,,,,,,,,,,,,,,,,,,,,,,,,
,,,,,,,,,,,,,,,,,,,,,,,,,,,,,,,,,,,,,,,,,,,,,
,,,,,,,,,,,,,,,,,,,,,,,,,,,,,,,,,,,,,,,,,,,,,
,,,,,,,,,,,,,,,,,,,,,,,,,,,,,,,,,,,,,,,,,,,,,
,,,,,,,,,,,,,,,,,,,,,,,,,,,,,,,,,,,,,,,,,,,,,
,,,,,,,,,,,,,,,,,,,,,,,,,,,,,,,,,,,,,,,,,,,,,
,,,,,,,,,,,,,,,,,,,,,,,,,,,,,,,,,,,,,,,,,,,,,
,,,,,,,,,,,,,,,,,,,,,,,,,,,,,,,,,,,,,,,,,,,,,
,,,,,,,,,,,,,,,,,,,,,,,,,,,,,,,,,,,,,,,,,,,,,
,,,,,,,,,,,,,,,,,,,,,,,,,,,,,,,,,,,,,,,,,,,,,
,,,,,,,,,,,,,,,,,,,,,,,,,,,,,,,,,,,,,,,,,,,,,
,,,,,,,,,,,,,,,,,,,,,,,,,,,,,,,,,,,,,,,,,,,,,
,,,,,,,,,,,,,,,,,,,,,,,,,,,,,,,,,,,,,,,,,,,,,
,,,,,,,,,,,,,,,,,,,,,,,,,,,,,,,,,,,,,,,,,,,,,
,,,,,,,,,,,,,,,,,,,,,,,,,,,,,,,,,,,,,,,,,,,,,
,,,,,,,,,,,,,,,,,,,,,,,,,,,,,,,,,,,,,,,,,,,,,
,,,,,,,,,,,,,,,,,,,,,,,,,,,,,,,,,,,,,,,,,,,,,
,,,,,,,,,,,,,,,,,,,,,,,,,,,,,,,,,,,,,,,,,,,,,
,,,,,,,,,,,,,,,,,,,,,,,,,,,,,,,,,,,,,,,,,,,,,
,,,,,,,,,,,,,,,,,,,,,,,,,,,,,,,,,,,,,,,,,,,,,
,,,,,,,,,,,,,,,,,,,,,,,,,,,,,,,,,,,,,,,,,,,,,
,,,,,,,,,,,,,,,,,,,,,,,,,,,,,,,,,,,,,,,,,,,,,
,,,,,,,,,,,,,,,,,,,,,,,,,,,,,,,,,,,,,,,,,,,,,
,,,,,,,,,,,,,,,,,,,,,,,,,,,,,,,,,,,,,,,,,,,,,
,,,,,,,,,,,,,,,,,,,,,,,,,,,,,,,,,,,,,,,,,,,,,
,,,,,,,,,,,,,,,,,,,,,,,,,,,,,,,,,,,,,,,,,,,,,
,,,,,,,,,,,,,,,,,,,,,,,,,,,,,,,,,,,,,,,,,,,,,
,,,,,,,,,,,,,,,,,,,,,,,,,,,,,,,,,,,,,,,,,,,,,
,,,,,,,,,,,,,,,,,,,,,,,,,,,,,,,,,,,,,,,,,,,,,
,,,,,,,,,,,,,,,,,,,,,,,,,,,,,,,,,,,,,,,,,,,,,
,,,,,,,,,,,,,,,,,,,,,,,,,,,,,,,,,,,,,,,,,,,,,
,,,,,,,,,,,,,,,,,,,,,,,,,,,,,,,,,,,,,,,,,,,,,
,,,,,,,,,,,,,,,,,,,,,,,,,,,,,,,,,,,,,,,,,,,,,
,,,,,,,,,,,,,,,,,,,,,,,,,,,,,,,,,,,,,,,,,,,,,
,,,,,,,,,,,,,,,,,,,,,,,,,,,,,,,,,,,,,,,,,,,,,
,,,,,,,,,,,,,,,,,,,,,,,,,,,,,,,,,,,,,,,,,,,,,
,,,,,,,,,,,,,,,,,,,,,,,,,,,,,,,,,,,,,,,,,,,,,
,,,,,,,,,,,,,,,,,,,,,,,,,,,,,,,,,,,,,,,,,,,,,
,,,,,,,,,,,,,,,,,,,,,,,,,,,,,,,,,,,,,,,,,,,,,
,,,,,,,,,,,,,,,,,,,,,,,,,,,,,,,,,,,,,,,,,,,,,
,,,,,,,,,,,,,,,,,,,,,,,,,,,,,,,,,,,,,,,,,,,,,
,,,,,,,,,,,,,,,,,,,,,,,,,,,,,,,,,,,,,,,,,,,,,
,,,,,,,,,,,,,,,,,,,,,,,,,,,,,,,,,,,,,,,,,,,,,
,,,,,,,,,,,,,,,,,,,,,,,,,,,,,,,,,,,,,,,,,,,,,
,,,,,,,,,,,,,,,,,,,,,,,,,,,,,,,,,,,,,,,,,,,,,
,,,,,,,,,,,,,,,,,,,,,,,,,,,,,,,,,,,,,,,,,,,,,
,,,,,,,,,,,,,,,,,,,,,,,,,,,,,,,,,,,,,,,,,,,,,
,,,,,,,,,,,,,,,,,,,,,,,,,,,,,,,,,,,,,,,,,,,,,
,,,,,,,,,,,,,,,,,,,,,,,,,,,,,,,,,,,,,,,,,,,,,
,,,,,,,,,,,,,,,,,,,,,,,,,,,,,,,,,,,,,,,,,,,,,
,,,,,,,,,,,,,,,,,,,,,,,,,,,,,,,,,,,,,,,,,,,,,
,,,,,,,,,,,,,,,,,,,,,,,,,,,,,,,,,,,,,,,,,,,,,
,,,,,,,,,,,,,,,,,,,,,,,,,,,,,,,,,,,,,,,,,,,,,
,,,,,,,,,,,,,,,,,,,,,,,,,,,,,,,,,,,,,,,,,,,,,
,,,,,,,,,,,,,,,,,,,,,,,,,,,,,,,,,,,,,,,,,,,,,
,,,,,,,,,,,,,,,,,,,,,,,,,,,,,,,,,,,,,,,,,,,,,
,,,,,,,,,,,,,,,,,,,,,,,,,,,,,,,,,,,,,,,,,,,,,
,,,,,,,,,,,,,,,,,,,,,,,,,,,,,,,,,,,,,,,,,,,,,
,,,,,,,,,,,,,,,,,,,,,,,,,,,,,,,,,,,,,,,,,,,,,
,,,,,,,,,,,,,,,,,,,,,,,,,,,,,,,,,,,,,,,,,,,,,
,,,,,,,,,,,,,,,,,,,,,,,,,,,,,,,,,,,,,,,,,,,,,
,,,,,,,,,,,,,,,,,,,,,,,,,,,,,,,,,,,,,,,,,,,,,
,,,,,,,,,,,,,,,,,,,,,,,,,,,,,,,,,,,,,,,,,,,,,
,,,,,,,,,,,,,,,,,,,,,,,,,,,,,,,,,,,,,,,,,,,,,
,,,,,,,,,,,,,,,,,,,,,,,,,,,,,,,,,,,,,,,,,,,,,
,,,,,,,,,,,,,,,,,,,,,,,,,,,,,,,,,,,,,,,,,,,,,
,,,,,,,,,,,,,,,,,,,,,,,,,,,,,,,,,,,,,,,,,,,,,
,,,,,,,,,,,,,,,,,,,,,,,,,,,,,,,,,,,,,,,,,,,,,
,,,,,,,,,,,,,,,,,,,,,,,,,,,,,,,,,,,,,,,,,,,,,
,,,,,,,,,,,,,,,,,,,,,,,,,,,,,,,,,,,,,,,,,,,,,
,,,,,,,,,,,,,,,,,,,,,,,,,,,,,,,,,,,,,,,,,,,,,
,,,,,,,,,,,,,,,,,,,,,,,,,,,,,,,,,,,,,,,,,,,,,
,,,,,,,,,,,,,,,,,,,,,,,,,,,,,,,,,,,,,,,,,,,,,
,,,,,,,,,,,,,,,,,,,,,,,,,,,,,,,,,,,,,,,,,,,,,
,,,,,,,,,,,,,,,,,,,,,,,,,,,,,,,,,,,,,,,,,,,,,
,,,,,,,,,,,,,,,,,,,,,,,,,,,,,,,,,,,,,,,,,,,,,
,,,,,,,,,,,,,,,,,,,,,,,,,,,,,,,,,,,,,,,,,,,,,
,,,,,,,,,,,,,,,,,,,,,,,,,,,,,,,,,,,,,,,,,,,,,
,,,,,,,,,,,,,,,,,,,,,,,,,,,,,,,,,,,,,,,,,,,,,
,,,,,,,,,,,,,,,,,,,,,,,,,,,,,,,,,,,,,,,,,,,,,
,,,,,,,,,,,,,,,,,,,,,,,,,,,,,,,,,,,,,,,,,,,,,
,,,,,,,,,,,,,,,,,,,,,,,,,,,,,,,,,,,,,,,,,,,,,
,,,,,,,,,,,,,,,,,,,,,,,,,,,,,,,,,,,,,,,,,,,,,
,,,,,,,,,,,,,,,,,,,,,,,,,,,,,,,,,,,,,,,,,,,,,
,,,,,,,,,,,,,,,,,,,,,,,,,,,,,,,,,,,,,,,,,,,,,
,,,,,,,,,,,,,,,,,,,,,,,,,,,,,,,,,,,,,,,,,,,,,
,,,,,,,,,,,,,,,,,,,,,,,,,,,,,,,,,,,,,,,,,,,,,
,,,,,,,,,,,,,,,,,,,,,,,,,,,,,,,,,,,,,,,,,,,,,
,,,,,,,,,,,,,,,,,,,,,,,,,,,,,,,,,,,,,,,,,,,,,
,,,,,,,,,,,,,,,,,,,,,,,,,,,,,,,,,,,,,,,,,,,,,
,,,,,,,,,,,,,,,,,,,,,,,,,,,,,,,,,,,,,,,,,,,,,
,,,,,,,,,,,,,,,,,,,,,,,,,,,,,,,,,,,,,,,,,,,,,
,,,,,,,,,,,,,,,,,,,,,,,,,,,,,,,,,,,,,,,,,,,,,
,,,,,,,,,,,,,,,,,,,,,,,,,,,,,,,,,,,,,,,,,,,,,
,,,,,,,,,,,,,,,,,,,,,,,,,,,,,,,,,,,,,,,,,,,,,
,,,,,,,,,,,,,,,,,,,,,,,,,,,,,,,,,,,,,,,,,,,,,
,,,,,,,,,,,,,,,,,,,,,,,,,,,,,,,,,,,,,,,,,,,,,
,,,,,,,,,,,,,,,,,,,,,,,,,,,,,,,,,,,,,,,,,,,,,
,,,,,,,,,,,,,,,,,,,,,,,,,,,,,,,,,,,,,,,,,,,,,
,,,,,,,,,,,,,,,,,,,,,,,,,,,,,,,,,,,,,,,,,,,,,
,,,,,,,,,,,,,,,,,,,,,,,,,,,,,,,,,,,,,,,,,,,,,
,,,,,,,,,,,,,,,,,,,,,,,,,,,,,,,,,,,,,,,,,,,,,
,,,,,,,,,,,,,,,,,,,,,,,,,,,,,,,,,,,,,,,,,,,,,
,,,,,,,,,,,,,,,,,,,,,,,,,,,,,,,,,,,,,,,,,,,,,
,,,,,,,,,,,,,,,,,,,,,,,,,,,,,,,,,,,,,,,,,,,,,
,,,,,,,,,,,,,,,,,,,,,,,,,,,,,,,,,,,,,,,,,,,,,
,,,,,,,,,,,,,,,,,,,,,,,,,,,,,,,,,,,,,,,,,,,,,
,,,,,,,,,,,,,,,,,,,,,,,,,,,,,,,,,,,,,,,,,,,,,
,,,,,,,,,,,,,,,,,,,,,,,,,,,,,,,,,,,,,,,,,,,,,
,,,,,,,,,,,,,,,,,,,,,,,,,,,,,,,,,,,,,,,,,,,,,
,,,,,,,,,,,,,,,,,,,,,,,,,,,,,,,,,,,,,,,,,,,,,
,,,,,,,,,,,,,,,,,,,,,,,,,,,,,,,,,,,,,,,,,,,,,
,,,,,,,,,,,,,,,,,,,,,,,,,,,,,,,,,,,,,,,,,,,,,
,,,,,,,,,,,,,,,,,,,,,,,,,,,,,,,,,,,,,,,,,,,,,
,,,,,,,,,,,,,,,,,,,,,,,,,,,,,,,,,,,,,,,,,,,,,
,,,,,,,,,,,,,,,,,,,,,,,,,,,,,,,,,,,,,,,,,,,,,
,,,,,,,,,,,,,,,,,,,,,,,,,,,,,,,,,,,,,,,,,,,,,
,,,,,,,,,,,,,,,,,,,,,,,,,,,,,,,,,,,,,,,,,,,,,
,,,,,,,,,,,,,,,,,,,,,,,,,,,,,,,,,,,,,,,,,,,,,
,,,,,,,,,,,,,,,,,,,,,,,,,,,,,,,,,,,,,,,,,,,,,
,,,,,,,,,,,,,,,,,,,,,,,,,,,,,,,,,,,,,,,,,,,,,
,,,,,,,,,,,,,,,,,,,,,,,,,,,,,,,,,,,,,,,,,,,,,
,,,,,,,,,,,,,,,,,,,,,,,,,,,,,,,,,,,,,,,,,,,,,
,,,,,,,,,,,,,,,,,,,,,,,,,,,,,,,,,,,,,,,,,,,,,
,,,,,,,,,,,,,,,,,,,,,,,,,,,,,,,,,,,,,,,,,,,,,
,,,,,,,,,,,,,,,,,,,,,,,,,,,,,,,,,,,,,,,,,,,,,
,,,,,,,,,,,,,,,,,,,,,,,,,,,,,,,,,,,,,,,,,,,,,
,,,,,,,,,,,,,,,,,,,,,,,,,,,,,,,,,,,,,,,,,,,,,
,,,,,,,,,,,,,,,,,,,,,,,,,,,,,,,,,,,,,,,,,,,,,
,,,,,,,,,,,,,,,,,,,,,,,,,,,,,,,,,,,,,,,,,,,,,
,,,,,,,,,,,,,,,,,,,,,,,,,,,,,,,,,,,,,,,,,,,,,
,,,,,,,,,,,,,,,,,,,,,,,,,,,,,,,,,,,,,,,,,,,,,
,,,,,,,,,,,,,,,,,,,,,,,,,,,,,,,,,,,,,,,,,,,,,
,,,,,,,,,,,,,,,,,,,,,,,,,,,,,,,,,,,,,,,,,,,,,
,,,,,,,,,,,,,,,,,,,,,,,,,,,,,,,,,,,,,,,,,,,,,
,,,,,,,,,,,,,,,,,,,,,,,,,,,,,,,,,,,,,,,,,,,,,
,,,,,,,,,,,,,,,,,,,,,,,,,,,,,,,,,,,,,,,,,,,,,
,,,,,,,,,,,,,,,,,,,,,,,,,,,,,,,,,,,,,,,,,,,,,
,,,,,,,,,,,,,,,,,,,,,,,,,,,,,,,,,,,,,,,,,,,,,
,,,,,,,,,,,,,,,,,,,,,,,,,,,,,,,,,,,,,,,,,,,,,
,,,,,,,,,,,,,,,,,,,,,,,,,,,,,,,,,,,,,,,,,,,,,
,,,,,,,,,,,,,,,,,,,,,,,,,,,,,,,,,,,,,,,,,,,,,
,,,,,,,,,,,,,,,,,,,,,,,,,,,,,,,,,,,,,,,,,,,,,
,,,,,,,,,,,,,,,,,,,,,,,,,,,,,,,,,,,,,,,,,,,,,
,,,,,,,,,,,,,,,,,,,,,,,,,,,,,,,,,,,,,,,,,,,,,
,,,,,,,,,,,,,,,,,,,,,,,,,,,,,,,,,,,,,,,,,,,,,
,,,,,,,,,,,,,,,,,,,,,,,,,,,,,,,,,,,,,,,,,,,,,
,,,,,,,,,,,,,,,,,,,,,,,,,,,,,,,,,,,,,,,,,,,,,
,,,,,,,,,,,,,,,,,,,,,,,,,,,,,,,,,,,,,,,,,,,,,
,,,,,,,,,,,,,,,,,,,,,,,,,,,,,,,,,,,,,,,,,,,,,
,,,,,,,,,,,,,,,,,,,,,,,,,,,,,,,,,,,,,,,,,,,,,
,,,,,,,,,,,,,,,,,,,,,,,,,,,,,,,,,,,,,,,,,,,,,
,,,,,,,,,,,,,,,,,,,,,,,,,,,,,,,,,,,,,,,,,,,,,
,,,,,,,,,,,,,,,,,,,,,,,,,,,,,,,,,,,,,,,,,,,,,
,,,,,,,,,,,,,,,,,,,,,,,,,,,,,,,,,,,,,,,,,,,,,
,,,,,,,,,,,,,,,,,,,,,,,,,,,,,,,,,,,,,,,,,,,,,
,,,,,,,,,,,,,,,,,,,,,,,,,,,,,,,,,,,,,,,,,,,,,
,,,,,,,,,,,,,,,,,,,,,,,,,,,,,,,,,,,,,,,,,,,,,
,,,,,,,,,,,,,,,,,,,,,,,,,,,,,,,,,,,,,,,,,,,,,
,,,,,,,,,,,,,,,,,,,,,,,,,,,,,,,,,,,,,,,,,,,,,
,,,,,,,,,,,,,,,,,,,,,,,,,,,,,,,,,,,,,,,,,,,,,
,,,,,,,,,,,,,,,,,,,,,,,,,,,,,,,,,,,,,,,,,,,,,
,,,,,,,,,,,,,,,,,,,,,,,,,,,,,,,,,,,,,,,,,,,,,
,,,,,,,,,,,,,,,,,,,,,,,,,,,,,,,,,,,,,,,,,,,,,
,,,,,,,,,,,,,,,,,,,,,,,,,,,,,,,,,,,,,,,,,,,,,
,,,,,,,,,,,,,,,,,,,,,,,,,,,,,,,,,,,,,,,,,,,,,
,,,,,,,,,,,,,,,,,,,,,,,,,,,,,,,,,,,,,,,,,,,,,
,,,,,,,,,,,,,,,,,,,,,,,,,,,,,,,,,,,,,,,,,,,,,
,,,,,,,,,,,,,,,,,,,,,,,,,,,,,,,,,,,,,,,,,,,,,
,,,,,,,,,,,,,,,,,,,,,,,,,,,,,,,,,,,,,,,,,,,,,
,,,,,,,,,,,,,,,,,,,,,,,,,,,,,,,,,,,,,,,,,,,,,
,,,,,,,,,,,,,,,,,,,,,,,,,,,,,,,,,,,,,,,,,,,,,
,,,,,,,,,,,,,,,,,,,,,,,,,,,,,,,,,,,,,,,,,,,,,
,,,,,,,,,,,,,,,,,,,,,,,,,,,,,,,,,,,,,,,,,,,,,
,,,,,,,,,,,,,,,,,,,,,,,,,,,,,,,,,,,,,,,,,,,,,
,,,,,,,,,,,,,,,,,,,,,,,,,,,,,,,,,,,,,,,,,,,,,
,,,,,,,,,,,,,,,,,,,,,,,,,,,,,,,,,,,,,,,,,,,,,
,,,,,,,,,,,,,,,,,,,,,,,,,,,,,,,,,,,,,,,,,,,,,
,,,,,,,,,,,,,,,,,,,,,,,,,,,,,,,,,,,,,,,,,,,,,
,,,,,,,,,,,,,,,,,,,,,,,,,,,,,,,,,,,,,,,,,,,,,
,,,,,,,,,,,,,,,,,,,,,,,,,,,,,,,,,,,,,,,,,,,,,
,,,,,,,,,,,,,,,,,,,,,,,,,,,,,,,,,,,,,,,,,,,,,
,,,,,,,,,,,,,,,,,,,,,,,,,,,,,,,,,,,,,,,,,,,,,
,,,,,,,,,,,,,,,,,,,,,,,,,,,,,,,,,,,,,,,,,,,,,
,,,,,,,,,,,,,,,,,,,,,,,,,,,,,,,,,,,,,,,,,,,,,
,,,,,,,,,,,,,,,,,,,,,,,,,,,,,,,,,,,,,,,,,,,,,
,,,,,,,,,,,,,,,,,,,,,,,,,,,,,,,,,,,,,,,,,,,,,
,,,,,,,,,,,,,,,,,,,,,,,,,,,,,,,,,,,,,,,,,,,,,
,,,,,,,,,,,,,,,,,,,,,,,,,,,,,,,,,,,,,,,,,,,,,
,,,,,,,,,,,,,,,,,,,,,,,,,,,,,,,,,,,,,,,,,,,,,
,,,,,,,,,,,,,,,,,,,,,,,,,,,,,,,,,,,,,,,,,,,,,
,,,,,,,,,,,,,,,,,,,,,,,,,,,,,,,,,,,,,,,,,,,,,
,,,,,,,,,,,,,,,,,,,,,,,,,,,,,,,,,,,,,,,,,,,,,
,,,,,,,,,,,,,,,,,,,,,,,,,,,,,,,,,,,,,,,,,,,,,
,,,,,,,,,,,,,,,,,,,,,,,,,,,,,,,,,,,,,,,,,,,,,
,,,,,,,,,,,,,,,,,,,,,,,,,,,,,,,,,,,,,,,,,,,,,
,,,,,,,,,,,,,,,,,,,,,,,,,,,,,,,,,,,,,,,,,,,,,
,,,,,,,,,,,,,,,,,,,,,,,,,,,,,,,,,,,,,,,,,,,,,
,,,,,,,,,,,,,,,,,,,,,,,,,,,,,,,,,,,,,,,,,,,,,
,,,,,,,,,,,,,,,,,,,,,,,,,,,,,,,,,,,,,,,,,,,,,
,,,,,,,,,,,,,,,,,,,,,,,,,,,,,,,,,,,,,,,,,,,,,
,,,,,,,,,,,,,,,,,,,,,,,,,,,,,,,,,,,,,,,,,,,,,
,,,,,,,,,,,,,,,,,,,,,,,,,,,,,,,,,,,,,,,,,,,,,
,,,,,,,,,,,,,,,,,,,,,,,,,,,,,,,,,,,,,,,,,,,,,
,,,,,,,,,,,,,,,,,,,,,,,,,,,,,,,,,,,,,,,,,,,,,
,,,,,,,,,,,,,,,,,,,,,,,,,,,,,,,,,,,,,,,,,,,,,
,,,,,,,,,,,,,,,,,,,,,,,,,,,,,,,,,,,,,,,,,,,,,
,,,,,,,,,,,,,,,,,,,,,,,,,,,,,,,,,,,,,,,,,,,,,
,,,,,,,,,,,,,,,,,,,,,,,,,,,,,,,,,,,,,,,,,,,,,
,,,,,,,,,,,,,,,,,,,,,,,,,,,,,,,,,,,,,,,,,,,,,
,,,,,,,,,,,,,,,,,,,,,,,,,,,,,,,,,,,,,,,,,,,,,
,,,,,,,,,,,,,,,,,,,,,,,,,,,,,,,,,,,,,,,,,,,,,
,,,,,,,,,,,,,,,,,,,,,,,,,,,,,,,,,,,,,,,,,,,,,
,,,,,,,,,,,,,,,,,,,,,,,,,,,,,,,,,,,,,,,,,,,,,
,,,,,,,,,,,,,,,,,,,,,,,,,,,,,,,,,,,,,,,,,,,,,
,,,,,,,,,,,,,,,,,,,,,,,,,,,,,,,,,,,,,,,,,,,,,
,,,,,,,,,,,,,,,,,,,,,,,,,,,,,,,,,,,,,,,,,,,,,
,,,,,,,,,,,,,,,,,,,,,,,,,,,,,,,,,,,,,,,,,,,,,
,,,,,,,,,,,,,,,,,,,,,,,,,,,,,,,,,,,,,,,,,,,,,
,,,,,,,,,,,,,,,,,,,,,,,,,,,,,,,,,,,,,,,,,,,,,
,,,,,,,,,,,,,,,,,,,,,,,,,,,,,,,,,,,,,,,,,,,,,
,,,,,,,,,,,,,,,,,,,,,,,,,,,,,,,,,,,,,,,,,,,,,
,,,,,,,,,,,,,,,,,,,,,,,,,,,,,,,,,,,,,,,,,,,,,
,,,,,,,,,,,,,,,,,,,,,,,,,,,,,,,,,,,,,,,,,,,,,
,,,,,,,,,,,,,,,,,,,,,,,,,,,,,,,,,,,,,,,,,,,,,
,,,,,,,,,,,,,,,,,,,,,,,,,,,,,,,,,,,,,,,,,,,,,
,,,,,,,,,,,,,,,,,,,,,,,,,,,,,,,,,,,,,,,,,,,,,
,,,,,,,,,,,,,,,,,,,,,,,,,,,,,,,,,,,,,,,,,,,,,
,,,,,,,,,,,,,,,,,,,,,,,,,,,,,,,,,,,,,,,,,,,,,
,,,,,,,,,,,,,,,,,,,,,,,,,,,,,,,,,,,,,,,,,,,,,
,,,,,,,,,,,,,,,,,,,,,,,,,,,,,,,,,,,,,,,,,,,,,
,,,,,,,,,,,,,,,,,,,,,,,,,,,,,,,,,,,,,,,,,,,,,
,,,,,,,,,,,,,,,,,,,,,,,,,,,,,,,,,,,,,,,,,,,,,
,,,,,,,,,,,,,,,,,,,,,,,,,,,,,,,,,,,,,,,,,,,,,
,,,,,,,,,,,,,,,,,,,,,,,,,,,,,,,,,,,,,,,,,,,,,
,,,,,,,,,,,,,,,,,,,,,,,,,,,,,,,,,,,,,,,,,,,,,
,,,,,,,,,,,,,,,,,,,,,,,,,,,,,,,,,,,,,,,,,,,,,
,,,,,,,,,,,,,,,,,,,,,,,,,,,,,,,,,,,,,,,,,,,,,
,,,,,,,,,,,,,,,,,,,,,,,,,,,,,,,,,,,,,,,,,,,,,
,,,,,,,,,,,,,,,,,,,,,,,,,,,,,,,,,,,,,,,,,,,,,
,,,,,,,,,,,,,,,,,,,,,,,,,,,,,,,,,,,,,,,,,,,,,
,,,,,,,,,,,,,,,,,,,,,,,,,,,,,,,,,,,,,,,,,,,,,
,,,,,,,,,,,,,,,,,,,,,,,,,,,,,,,,,,,,,,,,,,,,,
,,,,,,,,,,,,,,,,,,,,,,,,,,,,,,,,,,,,,,,,,,,,,
,,,,,,,,,,,,,,,,,,,,,,,,,,,,,,,,,,,,,,,,,,,,,
,,,,,,,,,,,,,,,,,,,,,,,,,,,,,,,,,,,,,,,,,,,,,
,,,,,,,,,,,,,,,,,,,,,,,,,,,,,,,,,,,,,,,,,,,,,
,,,,,,,,,,,,,,,,,,,,,,,,,,,,,,,,,,,,,,,,,,,,,
,,,,,,,,,,,,,,,,,,,,,,,,,,,,,,,,,,,,,,,,,,,,,
,,,,,,,,,,,,,,,,,,,,,,,,,,,,,,,,,,,,,,,,,,,,,
,,,,,,,,,,,,,,,,,,,,,,,,,,,,,,,,,,,,,,,,,,,,,
,,,,,,,,,,,,,,,,,,,,,,,,,,,,,,,,,,,,,,,,,,,,,
,,,,,,,,,,,,,,,,,,,,,,,,,,,,,,,,,,,,,,,,,,,,,
,,,,,,,,,,,,,,,,,,,,,,,,,,,,,,,,,,,,,,,,,,,,,
,,,,,,,,,,,,,,,,,,,,,,,,,,,,,,,,,,,,,,,,,,,,,
,,,,,,,,,,,,,,,,,,,,,,,,,,,,,,,,,,,,,,,,,,,,,
,,,,,,,,,,,,,,,,,,,,,,,,,,,,,,,,,,,,,,,,,,,,,
,,,,,,,,,,,,,,,,,,,,,,,,,,,,,,,,,,,,,,,,,,,,,
,,,,,,,,,,,,,,,,,,,,,,,,,,,,,,,,,,,,,,,,,,,,,
,,,,,,,,,,,,,,,,,,,,,,,,,,,,,,,,,,,,,,,,,,,,,
,,,,,,,,,,,,,,,,,,,,,,,,,,,,,,,,,,,,,,,,,,,,,
,,,,,,,,,,,,,,,,,,,,,,,,,,,,,,,,,,,,,,,,,,,,,
,,,,,,,,,,,,,,,,,,,,,,,,,,,,,,,,,,,,,,,,,,,,,
,,,,,,,,,,,,,,,,,,,,,,,,,,,,,,,,,,,,,,,,,,,,,
,,,,,,,,,,,,,,,,,,,,,,,,,,,,,,,,,,,,,,,,,,,,,
,,,,,,,,,,,,,,,,,,,,,,,,,,,,,,,,,,,,,,,,,,,,,
,,,,,,,,,,,,,,,,,,,,,,,,,,,,,,,,,,,,,,,,,,,,,
,,,,,,,,,,,,,,,,,,,,,,,,,,,,,,,,,,,,,,,,,,,,,
,,,,,,,,,,,,,,,,,,,,,,,,,,,,,,,,,,,,,,,,,,,,,
,,,,,,,,,,,,,,,,,,,,,,,,,,,,,,,,,,,,,,,,,,,,,
,,,,,,,,,,,,,,,,,,,,,,,,,,,,,,,,,,,,,,,,,,,,,
,,,,,,,,,,,,,,,,,,,,,,,,,,,,,,,,,,,,,,,,,,,,,
,,,,,,,,,,,,,,,,,,,,,,,,,,,,,,,,,,,,,,,,,,,,,
,,,,,,,,,,,,,,,,,,,,,,,,,,,,,,,,,,,,,,,,,,,,,
,,,,,,,,,,,,,,,,,,,,,,,,,,,,,,,,,,,,,,,,,,,,,
,,,,,,,,,,,,,,,,,,,,,,,,,,,,,,,,,,,,,,,,,,,,,
,,,,,,,,,,,,,,,,,,,,,,,,,,,,,,,,,,,,,,,,,,,,,
,,,,,,,,,,,,,,,,,,,,,,,,,,,,,,,,,,,,,,,,,,,,,
,,,,,,,,,,,,,,,,,,,,,,,,,,,,,,,,,,,,,,,,,,,,,
,,,,,,,,,,,,,,,,,,,,,,,,,,,,,,,,,,,,,,,,,,,,,
,,,,,,,,,,,,,,,,,,,,,,,,,,,,,,,,,,,,,,,,,,,,,
,,,,,,,,,,,,,,,,,,,,,,,,,,,,,,,,,,,,,,,,,,,,,
,,,,,,,,,,,,,,,,,,,,,,,,,,,,,,,,,,,,,,,,,,,,,
,,,,,,,,,,,,,,,,,,,,,,,,,,,,,,,,,,,,,,,,,,,,,
,,,,,,,,,,,,,,,,,,,,,,,,,,,,,,,,,,,,,,,,,,,,,
,,,,,,,,,,,,,,,,,,,,,,,,,,,,,,,,,,,,,,,,,,,,,
,,,,,,,,,,,,,,,,,,,,,,,,,,,,,,,,,,,,,,,,,,,,,
,,,,,,,,,,,,,,,,,,,,,,,,,,,,,,,,,,,,,,,,,,,,,
,,,,,,,,,,,,,,,,,,,,,,,,,,,,,,,,,,,,,,,,,,,,,
,,,,,,,,,,,,,,,,,,,,,,,,,,,,,,,,,,,,,,,,,,,,,
,,,,,,,,,,,,,,,,,,,,,,,,,,,,,,,,,,,,,,,,,,,,,
,,,,,,,,,,,,,,,,,,,,,,,,,,,,,,,,,,,,,,,,,,,,,
,,,,,,,,,,,,,,,,,,,,,,,,,,,,,,,,,,,,,,,,,,,,,
,,,,,,,,,,,,,,,,,,,,,,,,,,,,,,,,,,,,,,,,,,,,,
,,,,,,,,,,,,,,,,,,,,,,,,,,,,,,,,,,,,,,,,,,,,,
,,,,,,,,,,,,,,,,,,,,,,,,,,,,,,,,,,,,,,,,,,,,,
,,,,,,,,,,,,,,,,,,,,,,,,,,,,,,,,,,,,,,,,,,,,,
,,,,,,,,,,,,,,,,,,,,,,,,,,,,,,,,,,,,,,,,,,,,,
,,,,,,,,,,,,,,,,,,,,,,,,,,,,,,,,,,,,,,,,,,,,,
,,,,,,,,,,,,,,,,,,,,,,,,,,,,,,,,,,,,,,,,,,,,,
,,,,,,,,,,,,,,,,,,,,,,,,,,,,,,,,,,,,,,,,,,,,,
,,,,,,,,,,,,,,,,,,,,,,,,,,,,,,,,,,,,,,,,,,,,,
,,,,,,,,,,,,,,,,,,,,,,,,,,,,,,,,,,,,,,,,,,,,,
,,,,,,,,,,,,,,,,,,,,,,,,,,,,,,,,,,,,,,,,,,,,,
,,,,,,,,,,,,,,,,,,,,,,,,,,,,,,,,,,,,,,,,,,,,,
,,,,,,,,,,,,,,,,,,,,,,,,,,,,,,,,,,,,,,,,,,,,,
,,,,,,,,,,,,,,,,,,,,,,,,,,,,,,,,,,,,,,,,,,,,,
,,,,,,,,,,,,,,,,,,,,,,,,,,,,,,,,,,,,,,,,,,,,,
,,,,,,,,,,,,,,,,,,,,,,,,,,,,,,,,,,,,,,,,,,,,,
,,,,,,,,,,,,,,,,,,,,,,,,,,,,,,,,,,,,,,,,,,,,,
,,,,,,,,,,,,,,,,,,,,,,,,,,,,,,,,,,,,,,,,,,,,,
,,,,,,,,,,,,,,,,,,,,,,,,,,,,,,,,,,,,,,,,,,,,,
,,,,,,,,,,,,,,,,,,,,,,,,,,,,,,,,,,,,,,,,,,,,,
,,,,,,,,,,,,,,,,,,,,,,,,,,,,,,,,,,,,,,,,,,,,,
,,,,,,,,,,,,,,,,,,,,,,,,,,,,,,,,,,,,,,,,,,,,,
,,,,,,,,,,,,,,,,,,,,,,,,,,,,,,,,,,,,,,,,,,,,,
,,,,,,,,,,,,,,,,,,,,,,,,,,,,,,,,,,,,,,,,,,,,,
,,,,,,,,,,,,,,,,,,,,,,,,,,,,,,,,,,,,,,,,,,,,,
,,,,,,,,,,,,,,,,,,,,,,,,,,,,,,,,,,,,,,,,,,,,,
,,,,,,,,,,,,,,,,,,,,,,,,,,,,,,,,,,,,,,,,,,,,,
,,,,,,,,,,,,,,,,,,,,,,,,,,,,,,,,,,,,,,,,,,,,,
,,,,,,,,,,,,,,,,,,,,,,,,,,,,,,,,,,,,,,,,,,,,,
,,,,,,,,,,,,,,,,,,,,,,,,,,,,,,,,,,,,,,,,,,,,,
,,,,,,,,,,,,,,,,,,,,,,,,,,,,,,,,,,,,,,,,,,,,,
,,,,,,,,,,,,,,,,,,,,,,,,,,,,,,,,,,,,,,,,,,,,,
