"source_label","native_key","raw_citation","raw_doi","n_records","role","parsed_author1","parsed_year","parsed_title","parsed_container","parsed_volume","parsed_pages","doi","bibcite","cite_id","match_status","match_reason","services","title_sim","author_match","year_match","container_match","volume_match","pages_match","openalex_id","is_retracted","editorial_notice","verified_at","tool_version","decided_by","decided_at","year_override","notes","owner_review","parsed_url","verification_mode"
"Makarieva_2008","S1a:Abu-Amero et al. 1996","Abu-Amero K.K., Halablab M.A., Miles R.J. (1996) Nisin resistance distinguishes Mycoplasma spp. from Acholeplasma spp. and provides a basis for selective growth media. Applied and Environmental Microbiology 62: 3107-3111.",,1,"measurement","Abu-Amero",1996,"Nisin resistance distinguishes Mycoplasma spp. from Acholeplasma spp. and provides a basis for selective growth media","Applied and Environmental Microbiology","62","3107-3111","10.1128/aem.62.9.3107-3111.1996","Abu-Amero:1996aa","Abu-Amero_1996","certain","crossref_only","crossref",1,TRUE,TRUE,TRUE,TRUE,TRUE,,FALSE,,"2026-10-06T16:35:46Z","tbmcite 0.1.0",,,,"S1a list (p. 47-59)",,,"crossref_only"
"Makarieva_2008","S1a:Adriaens et al. 1989","Adriaens P., Kohler H.P., Kohler-Staub D., Focht D.D. (1989) Bacterial dehalogenation of chlorobenzoates and coculture biodegradation of 4,4'- dichlorobiphenyl. Applied and Environmental Microbiology 55: 887-892.",,1,"measurement","Adriaens",1989,"Bacterial dehalogenation of chlorobenzoates and coculture biodegradation of 4,4'- dichlorobiphenyl","Applied and Environmental Microbiology","55","887-892","10.1128/aem.55.4.887-892.1989","Adriaens:1989aa","Adriaens_1989","certain","crossref_only","crossref",1,TRUE,TRUE,TRUE,TRUE,TRUE,,FALSE,,"2026-10-06T16:35:46Z","tbmcite 0.1.0",,,,"S1a list (p. 47-59)",,,"crossref_only"
"Makarieva_2008","S1a:Allen & Baumann 1971","Allen R.D., Baumann P. (1971) Structure and arrangement of flagella in species of the genus Beneckea and Photobacterium fischeri. Journal of Bacteriology 107: 295-302.",,1,"measurement","Allen",1971,"Structure and arrangement of flagella in species of the genus Beneckea and Photobacterium fischeri","Journal of Bacteriology","107","295-302","10.1128/jb.107.1.295-302.1971","Allen:1971aa","Allen_1971","certain","crossref_only","crossref;consensus-mcp",1,TRUE,TRUE,TRUE,TRUE,TRUE,,FALSE,,"2026-10-06T16:35:46Z","tbmcite 0.1.0",,,,"S1a list (p. 47-59)",,,"crossref_only"
"Makarieva_2008","S1a:Altekar & Rao 1963","Altekar W.W., Rao M.R. (1963) Microbiological dissimilation of tricarballylate and trans-aconitate. Journal of Bacteriology 85: 604-613.",,1,"measurement","Altekar",1963,"Microbiological dissimilation of tricarballylate and trans-aconitate","Journal of Bacteriology","85","604-613","10.1128/jb.85.3.604-613.1963","Altekar:1963aa","Altekar_1963","certain","crossref_only","crossref",1,TRUE,TRUE,TRUE,TRUE,TRUE,,FALSE,,"2026-10-06T16:35:46Z","tbmcite 0.1.0",,,,"S1a list (p. 47-59)",,,"crossref_only"
"Makarieva_2008","S1a:Bauer et al. 2000","Bauer S., Tholen A., Overmann J., Brune A. (2000) Characterization of abundance and diversity of lactic acid bacteria in the hindgut of wood- and soil-feeding termites by molecular and culture-dependent techniques. Archives of Microbiology 173: 126-137.",,4,"measurement","Bauer",2000,"Characterization of abundance and diversity of lactic acid bacteria in the hindgut of wood- and soil-feeding termites by molecular and culture-dependent techniques","Archives of Microbiology","173","126-137","10.1007/s002039900120","Bauer:2000ac","Bauer_2000c","certain","crossref_only","crossref",1,TRUE,TRUE,TRUE,TRUE,TRUE,,FALSE,,"2026-10-06T16:35:46Z","tbmcite 0.1.0",,,,"S1a list (p. 47-59)",,,"crossref_only"
"Makarieva_2008","S1a:Baumann et al. 1971","Baumann P., Baumann L., Mandel M. (1971) Taxonomy of marine bacteria: the genus Beneckea. Journal of Bacteriology 107: 268-294.",,1,"measurement","Baumann",1971,"Taxonomy of marine bacteria: the genus Beneckea","Journal of Bacteriology","107","268-294","10.1128/jb.107.1.268-294.1971","Baumann:1971aa","Baumann_1971","certain","crossref_only","crossref",1,TRUE,TRUE,TRUE,TRUE,TRUE,,FALSE,,"2026-10-06T16:35:46Z","tbmcite 0.1.0",,,,"S1a list (p. 47-59)",,,"crossref_only"
"Makarieva_2008","S1a:Baumann et al. 1968","Baumann P., Doudoroff M., Stanier R.Y. (1968) Study of the Moraxella Group. I. Genus Moraxella and the Neisseria catarrhalis group. Journal of Bacteriology 95: 58-73.",,3,"measurement","Baumann",1968,"Study of the Moraxella Group. I. Genus Moraxella and the Neisseria catarrhalis group","Journal of Bacteriology","95","58-73","10.1128/jb.95.1.58-73.1968","Baumann:1968aa","Baumann_1968","approved","owner_candidate","crossref",0.6484,TRUE,TRUE,TRUE,TRUE,TRUE,,FALSE,,"2026-10-06T16:35:46Z","tbmcite 0.1.0","owner","2026-10-06",,"S1a list (p. 47-59); parsed_* completed by the round (journal entry)",,,"crossref_only"
"Makarieva_2008","S1a:Berg et al. 2002","Berg I.A., Filatova L.V., Ivanovsky R.N. (2002) Inhibition of acetate and propionate assimilation by itaconate via propionyl-CoA carboxylase in iso- citrate lyase-negative purple bacterium Rhodospirillum rubrum. FEMS Microbiology Letters 216: 49-54.",,3,"measurement","Berg",2002,"Inhibition of acetate and propionate assimilation by itaconate via propionyl-CoA carboxylase in iso- citrate lyase-negative purple bacterium Rhodospirillum rubrum","FEMS Microbiology Letters","216","49-54","10.1016/s0378-1097(02)00969-2","Berg:2002aa","Berg_2002","approved","owner_candidate","crossref",0.8992,TRUE,TRUE,TRUE,TRUE,TRUE,,FALSE,,"2026-10-06T16:35:46Z","tbmcite 0.1.0","owner","2026-10-06",,"S1a list (p. 47-59)",,,"crossref_only"
"Makarieva_2008","S1a:Biberstein & Spencer 1962","Biberstein E.L., Spencer P.D. (1962) Oxidative metabolism of Haemophilus species grown at different levels of hemin supplementation. Journal of Bacteriology 84: 916-920.",,2,"measurement","Biberstein",1962,"Oxidative metabolism of Haemophilus species grown at different levels of hemin supplementation","Journal of Bacteriology","84","916-920","10.1128/jb.84.5.916-920.1962","Biberstein:1962aa","Biberstein_1962","certain","crossref_only","crossref",1,TRUE,TRUE,TRUE,TRUE,TRUE,,FALSE,,"2026-10-06T16:35:46Z","tbmcite 0.1.0",,,,"S1a list (p. 47-59)",,,"crossref_only"
"Makarieva_2008","S1a:Bishop et al. 1962","Bishop D.H., Pandya K.P., King H.K. (1962) Ubiquinone and vitamin K in bacteria. Biochemical Journal 83: 606-614.",,9,"measurement","Bishop",1962,"Ubiquinone and vitamin K in bacteria","Biochemical Journal","83","606-614","10.1042/bj0830606","Bishop:1962aa","Bishop_1962","certain","crossref_only","crossref",1,TRUE,TRUE,TRUE,TRUE,TRUE,,FALSE,,"2026-10-06T16:35:46Z","tbmcite 0.1.0",,,,"S1a list (p. 47-59)",,,"crossref_only"
"Makarieva_2008","S1a:Bisset 1953","Bisset K.A. (1953) Do bacteria have mitotic spindles, fusion tubes and mitochondria? Journal of General Microbiology 8: 50-57.",,4,"measurement","Bisset",1953,"Do bacteria have mitotic spindles, fusion tubes and mitochondria?","Journal of General Microbiology","8","50-57","10.1099/00221287-8-1-50","Bisset:1953aa","Bisset_1953","certain","crossref_only","crossref;consensus-mcp",1,TRUE,TRUE,TRUE,TRUE,TRUE,,FALSE,,"2026-10-06T16:35:46Z","tbmcite 0.1.0",,,,"S1a list (p. 47-59)",,,"crossref_only"
"Makarieva_2008","S1a:Blizzard & Peterson 1963","Blizzard J.L., Peterson G.E. (1963) Selective inhibition of proline-induced pigmentation in washed cells of Serratia marcescens. Journal of Bacteri- ology 85: 1136-1140.",,1,"measurement","Blizzard",1963,"Selective inhibition of proline-induced pigmentation in washed cells of Serratia marcescens","Journal of Bacteri- ology","85","1136-1140","10.1128/jb.85.5.1136-1140.1963","Blizzard:1963aa","Blizzard_1963","certain","crossref_only","crossref",1,TRUE,TRUE,TRUE,TRUE,TRUE,,FALSE,,"2026-10-06T16:35:46Z","tbmcite 0.1.0",,,,"S1a list (p. 47-59)",,,"crossref_only"
"Makarieva_2008","S1a:Bohach & Snyder 1983","Bohach G.A., Snyder I.S. (1983) Cyanobacterial stimulation of growth and oxygen uptake by Legionella pneumophila. Applied and Environmental Microbiology 46: 528-531.",,1,"measurement","Bohach",1983,"Cyanobacterial stimulation of growth and oxygen uptake by Legionella pneumophila","Applied and Environmental Microbiology","46","528-531","10.1128/aem.46.2.528-531.1983","Bohach:1983aa","Bohach_1983","certain","crossref_only","crossref",1,TRUE,TRUE,TRUE,TRUE,TRUE,,FALSE,,"2026-10-06T16:35:46Z","tbmcite 0.1.0",,,,"S1a list (p. 47-59)",,,"crossref_only"
"Makarieva_2008","S1a:Bongers 1970","Bongers L. (1970) Energy generation and utilization in hydrogen bacteria. Journal of Bacteriology 104: 145-151.",,1,"measurement","Bongers",1970,"Energy generation and utilization in hydrogen bacteria","Journal of Bacteriology","104","145-151","10.1128/jb.104.1.145-151.1970","Bongers:1970aa","Bongers_1970","certain","crossref_only","crossref",1,TRUE,TRUE,TRUE,TRUE,TRUE,,FALSE,,"2026-10-06T16:35:46Z","tbmcite 0.1.0",,,,"S1a list (p. 47-59)",,,"crossref_only"
"Makarieva_2008","S1a:Bruheim et al. 1999","Bruheim P., Bredholt H., Eimhjellen K. (1999) Effects of surfactant mixtures, including Corexit 9527, on bacterial oxidation of acetate and alkanes in crude oil. Applied and Environmental Microbiology 65: 1658-1661.",,1,"measurement","Bruheim",1999,"Effects of surfactant mixtures, including Corexit 9527, on bacterial oxidation of acetate and alkanes in crude oil","Applied and Environmental Microbiology","65","1658-1661","10.1128/aem.65.4.1658-1661.1999","Bruheim:1999aa","Bruheim_1999","certain","crossref_only","crossref",1,TRUE,TRUE,TRUE,TRUE,TRUE,,FALSE,,"2026-10-06T16:35:46Z","tbmcite 0.1.0",,,,"S1a list (p. 47-59)",,,"crossref_only"
"Makarieva_2008","S1a:Bryan-Jones & Whittenbury 1969","Bryan-Jones D.G., Whittenbury R. (1969) Haematin-dependent oxidative phosphorylation in Streptococcus faecalis. Journal of General Microbiol- ogy 58: 247-260.",,1,"measurement","Bryan-Jones",1969,"Haematin-dependent oxidative phosphorylation in Streptococcus faecalis","Journal of General Microbiol- ogy","58","247-260","10.1099/00221287-58-2-247","Bryan-Jones:1969aa","Bryan-Jones_1969","certain","crossref_only","crossref",1,TRUE,TRUE,TRUE,TRUE,TRUE,,FALSE,,"2026-10-06T16:35:46Z","tbmcite 0.1.0",,,,"S1a list (p. 47-59)",,,"crossref_only"
"Makarieva_2008","S1a:Burleigh & Dawes 1967","Burleigh I.G., Dawes E.A. (1967) Studies on the endogenous metabolism and senescence of starved Sarcina lutea. Biochemical Journal 102: 236-250.",,1,"measurement","Burleigh",1967,"Studies on the endogenous metabolism and senescence of starved Sarcina lutea","Biochemical Journal","102","236-250","10.1042/bj1020236","Burleigh:1967aa","Burleigh_1967","certain","crossref_only","crossref",1,TRUE,TRUE,TRUE,TRUE,TRUE,,FALSE,,"2026-10-06T16:35:46Z","tbmcite 0.1.0",,,,"S1a list (p. 47-59)",,,"crossref_only"
"Makarieva_2008","S1a:Buswell 1975","Buswell J.A. (1975) Metabolism of phenol and cresols by Bacillus stearothermophilus. Journal of Bacteriology 124: 1077-1083.",,1,"measurement","Buswell",1975,"Metabolism of phenol and cresols by Bacillus stearothermophilus","Journal of Bacteriology","124","1077-1083","10.1128/jb.124.3.1077-1083.1975","Buswell:1975aa","Buswell_1975","certain","crossref_only","crossref;consensus-mcp",1,TRUE,TRUE,TRUE,TRUE,TRUE,,FALSE,,"2026-10-06T16:35:46Z","tbmcite 0.1.0",,,,"S1a list (p. 47-59)",,,"crossref_only"
"Makarieva_2008","S1a:Chakrabarty & Roy 1964","Chakrabarty A.M., Roy S.C. (1964) Nature of endogenous reserve material in a strain of Pseudomonas fluorescens-putida intermediate. Biochemi- cal Journal 92: 105-112.",,1,"measurement","Chakrabarty",1964,"Nature of endogenous reserve material in a strain of Pseudomonas fluorescens-putida intermediate","Biochemi- cal Journal","92","105-112","10.1042/bj0920105","Chakrabarty:1964aa","Chakrabarty_1964","certain","crossref_only","crossref",1,TRUE,TRUE,TRUE,TRUE,TRUE,,FALSE,,"2026-10-06T16:35:46Z","tbmcite 0.1.0",,,,"S1a list (p. 47-59)",,,"crossref_only"
"Makarieva_2008","S1a:Chapman & Ribbons 1976","Chapman P.J., Ribbons D.W. (1976) Metabolism of resorcinylic compounds by bacteria: alternative pathways for resorcinol catabolism in Pseu- domonas putida. Journal of Bacteriology 125: 985-998.",,1,"measurement","Chapman",1976,"Metabolism of resorcinylic compounds by bacteria: alternative pathways for resorcinol catabolism in Pseu- domonas putida","Journal of Bacteriology","125","985-998","10.1128/jb.125.3.985-998.1976","Chapman:1976aa","Chapman_1976","approved","owner_candidate","crossref",0.8707,TRUE,TRUE,TRUE,TRUE,TRUE,,FALSE,,"2026-10-06T16:35:46Z","tbmcite 0.1.0","owner","2026-10-06",,"S1a list (p. 47-59)",,,"crossref_only"
"Makarieva_2008","S1a:Chester & Cooper 1979","Chester B., Cooper L.H. (1979) Achromobacter species (CDC group Vd): morphological and biochemical characterization. Journal of Clinical Micro- biology 9: 425-436.",,3,"measurement","Chester",1979,"Achromobacter species (CDC group Vd): morphological and biochemical characterization","Journal of Clinical Micro- biology","9","425-436","10.1128/jcm.9.3.425-436.1979","Chester:1979aa","Chester_1979","certain","crossref_only","crossref",1,TRUE,TRUE,TRUE,TRUE,TRUE,,FALSE,,"2026-10-06T16:35:46Z","tbmcite 0.1.0",,,,"S1a list (p. 47-59)",,,"crossref_only"
"Makarieva_2008","S1a:Cho & Eagon 1967","Cho H.W., Eagon R.G. (1967) Factors affecting the pathways of glucose catabolism and the tricarboxylic acid cycle in Pseudomonas natriegens. Journal of Bacteriology 93: 866-873.",,1,"measurement","Cho",1967,"Factors affecting the pathways of glucose catabolism and the tricarboxylic acid cycle in Pseudomonas natriegens","Journal of Bacteriology","93","866-873","10.1128/jb.93.3.866-873.1967","Cho:1967aa","Cho_1967","certain","crossref_only","crossref",1,TRUE,TRUE,TRUE,TRUE,TRUE,,FALSE,,"2026-10-06T16:35:46Z","tbmcite 0.1.0",,,,"S1a list (p. 47-59)",,,"crossref_only"
"Makarieva_2008","S1a:Clifton & Cherry 1966","Clifton C.E., Cherry J. (1966) Influence of glutamic acid on the endogenous respiration of Bacillus subtilis. Journal of Bacteriology 91: 546-550.",,1,"measurement","Clifton",1966,"Influence of glutamic acid on the endogenous respiration of Bacillus subtilis","Journal of Bacteriology","91","546-550","10.1128/jb.91.2.546-550.1966","Clifton:1966aa","Clifton_1966","certain","crossref_only","crossref",1,TRUE,TRUE,TRUE,TRUE,TRUE,,FALSE,,"2026-10-06T16:35:46Z","tbmcite 0.1.0",,,,"S1a list (p. 47-59)",,,"crossref_only"
"Makarieva_2008","S1a:Conn & Dimmick 1947","Conn H.J., Dimmick I.J. (1947) Soil bacteria similar in morphology to Mycobacterium and Corynebacterium. Journal of Bacteriology 54: 291-303. Luscombe B.M., Gray T.R.G. (1974) Characteristics of Arthrobacter grown in continuous culture. Journal of General Microbiology 82: 213-222.",,1,"measurement","Conn",1947,"Soil bacteria similar in morphology to Mycobacterium and Corynebacterium","Journal of Bacteriology 54: 291-303. Luscombe B.M., Gray T.R.G. (1974) Characteristics of Arthrobacter grown in continuous culture. Journal of General Microbiology","82","213-222","10.1128/jb.54.3.291-303.1947","Conn:1947aa","Conn_1947","certain","crossref_only","crossref;consensus-mcp",1,TRUE,TRUE,TRUE,FALSE,FALSE,,FALSE,,"2026-10-06T16:35:46Z","tbmcite 0.1.0",,,,"S1a list (p. 47-59)",,,"crossref_only"
"Makarieva_2008","S1a:Coulter et al. 1999","Coulter C., Hamilton J.T., McRoberts W.C., Kulakov L., Larkin M.J., Harper D.B. (1999) Halomethane:bisulfide/halide ion methyltransferase, an un- usual corrinoid enzyme of environmental significance isolated from an aerobic methylotroph using chloromethane as the sole carbon source. Applied and Environmental Microbiology 65: 4301-4312.",,1,"measurement","Coulter",1999,"Halomethane:bisulfide/halide ion methyltransferase, an un- usual corrinoid enzyme of environmental significance isolated from an aerobic methylotroph using chloromethane as the sole carbon source","Applied and Environmental Microbiology","65","4301-4312","10.1128/aem.65.10.4301-4312.1999","Coulter:1999aa","Coulter_1999","approved","owner_candidate","crossref",0.8945,TRUE,TRUE,TRUE,TRUE,TRUE,,FALSE,,"2026-10-06T16:35:46Z","tbmcite 0.1.0","owner","2026-10-06",,"S1a list (p. 47-59)",,,"crossref_only"
"Makarieva_2008","S1a:Crawford 1954","Crawford I.P. (1954) A new fermentative pseudomonad, Pseudomonas formicans, n. sp. Journal of Bacteriology 68: 734-738.",,1,"measurement","Crawford",1954,"A new fermentative pseudomonad, Pseudomonas formicans, n. sp","Journal of Bacteriology","68","734-738","10.1128/jb.68.6.734-738.1954","Crawford:1954aa","Crawford_1954","certain","crossref_only","crossref;consensus-mcp",1,TRUE,TRUE,TRUE,TRUE,TRUE,,FALSE,,"2026-10-06T16:35:46Z","tbmcite 0.1.0",,,,"S1a list (p. 47-59)",,,"crossref_only"
"Makarieva_2008","S1a:Davis & Bateman 1960","Davis M.S., Bateman J.B. (1960) Relative humidity and the killing of bacteria II. Selective changes in oxidative activity associated with death. Jour- nal of Bacteriology 80: 580-584.",,3,"measurement","Davis",1960,"Relative humidity and the killing of bacteria II. Selective changes in oxidative activity associated with death","Jour- nal of Bacteriology","80","580-584","10.1128/jb.80.5.580-584.1960","Davis:1960aa","Davis_1960","approved","owner_candidate","crossref",0.6709,TRUE,TRUE,TRUE,TRUE,TRUE,,FALSE,,"2026-10-06T16:35:46Z","tbmcite 0.1.0","owner","2026-10-06",,"S1a list (p. 47-59); parsed_* completed by the round (journal entry)",,,"crossref_only"
"Makarieva_2008","S1a:Dawes & Holms 1958","Dawes E.A., Holms W.H. (1958) Metabolism of Sarcina lutea I. Carbohydrate oxidation and terminal respiration. Journal of Bacteriology 75: 390-399.",,1,"measurement","Dawes",1958,"Metabolism of Sarcina lutea I. Carbohydrate oxidation and terminal respiration","Journal of Bacteriology","75","390-399","10.1128/jb.75.4.390-399.1958","Dawes:1958aa","Dawes_1958","certain","crossref_only","crossref;consensus-mcp",1,TRUE,TRUE,TRUE,TRUE,TRUE,,FALSE,,"2026-10-06T16:35:46Z","tbmcite 0.1.0",,,,"S1a list (p. 47-59)",,,"crossref_only"
"Makarieva_2008","S1a:Dawes & Ribbons 1965","Dawes E.A., Ribbons D.W. (1965) Studies on the endogenous metabolism of Escherichia coli. Biochemical Journal 95: 332-343.",,1,"measurement","Dawes",1965,"Studies on the endogenous metabolism of Escherichia coli","Biochemical Journal","95","332-343","10.1042/bj0950332","Dawes:1965aa","Dawes_1965","approved","owner_candidate","crossref",1,TRUE,TRUE,TRUE,TRUE,TRUE,,FALSE,,"2026-10-06T16:35:46Z","tbmcite 0.1.0","owner","2026-10-06",,"S1a list (p. 47-59)",,,"crossref_only"
"Makarieva_2008","S1a:Dawson & Jones 1981","Dawson M.J., Jones C.W. (1981) Respiration-linked proton translocation in the obligate methylotroph Methylophilus methylotrophus. Journal of Bio- chemical Journal 194: 915-924.",,1,"measurement","Dawson",1981,"Respiration-linked proton translocation in the obligate methylotroph Methylophilus methylotrophus","Journal of Bio- chemical Journal","194","915-924","10.1042/bj1940915","Dawson:1981ab","Dawson_1981b","certain","crossref_only","crossref",1,TRUE,TRUE,FALSE,TRUE,TRUE,,FALSE,,"2026-10-06T16:35:46Z","tbmcite 0.1.0",,,,"S1a list (p. 47-59)",,,"crossref_only"
"Makarieva_2008","S1a:De Ley & Schell 1959","De Ley J., Schell J. (1959) Oxidation of several substrates by Acetobacter aceti. Journal of Bacteriology 77: 445-451.",,1,"measurement","De Ley",1959,"Oxidation of several substrates by Acetobacter aceti","Journal of Bacteriology","77","445-451","10.1128/jb.77.4.445-451.1959","De-Ley:1959aa","DeLey_1959","certain","crossref_only","crossref;consensus-mcp",1,TRUE,TRUE,TRUE,TRUE,TRUE,,FALSE,,"2026-10-06T16:35:46Z","tbmcite 0.1.0",,,,"S1a list (p. 47-59)",,,"crossref_only"
"Makarieva_2008","S1a:Decker & Lang 1977","Decker S.J., Lang D.R. (1977) Bacillus megaterium mutant deficient in membrane-bound adenosine triphosphatase activity. Journal of Bacteriology 131: 98-104.",,1,"measurement","Decker",1977,"Bacillus megaterium mutant deficient in membrane-bound adenosine triphosphatase activity","Journal of Bacteriology","131","98-104","10.1128/jb.131.1.98-104.1977","Decker:1977aa","Decker_1977","certain","crossref_only","crossref",1,TRUE,TRUE,TRUE,TRUE,TRUE,,FALSE,,"2026-10-06T16:35:46Z","tbmcite 0.1.0",,,,"S1a list (p. 47-59)",,,"crossref_only"
"Makarieva_2008","S1a:Devi et al. 1975","Devi N.A., Kutty R.K., Vasantharajan V.N., Rao P.V.S. (1975) Microbial metabolism of phenolic amines: Degradation of dl-synephrine by an uniden- tified arthrobacter. Journal of Bacteriology 122: 866-873.",,1,"measurement","Devi",1975,"Microbial metabolism of phenolic amines: Degradation of dl-synephrine by an uniden- tified arthrobacter","Journal of Bacteriology","122","866-873","10.1128/jb.122.3.866-873.1975","Devi:1975aa","Devi_1975","approved","owner_candidate","crossref",0.8591,TRUE,TRUE,TRUE,TRUE,TRUE,,FALSE,,"2026-10-06T16:35:46Z","tbmcite 0.1.0","owner","2026-10-06",,"S1a list (p. 47-59)",,,"crossref_only"
"Makarieva_2008","S1a:Dietrich & Burris 1967","Dietrich S.M., Burris R.H. (1967) Effect of exogenous substrates on the endogenous respiration of bacteria. Journal of Bacteriology 93: 1467-1470.",,3,"measurement","Dietrich",1967,"Effect of exogenous substrates on the endogenous respiration of bacteria","Journal of Bacteriology","93","1467-1470","10.1128/jb.93.4.1467-1470.1967","Dietrich:1967aa","Dietrich_1967","certain","crossref_only","crossref",1,TRUE,TRUE,TRUE,TRUE,TRUE,,FALSE,,"2026-10-06T16:35:46Z","tbmcite 0.1.0",,,,"S1a list (p. 47-59)",,,"crossref_only"
"Makarieva_2008","S1a:Donnelly & Dagley 1980","Donnelly M.I., Dagley S. (1980) Production of methanol from aromatic acids by Pseudomonas putida. Journal of Bacteriology 142: 916-924.",,1,"measurement","Donnelly",1980,"Production of methanol from aromatic acids by Pseudomonas putida","Journal of Bacteriology","142","916-924","10.1128/jb.142.3.916-924.1980","Donnelly:1980aa","Donnelly_1980","certain","crossref_only","crossref",1,TRUE,TRUE,TRUE,TRUE,TRUE,,FALSE,,"2026-10-06T16:35:46Z","tbmcite 0.1.0",,,,"S1a list (p. 47-59)",,,"crossref_only"
"Makarieva_2008","S1a:Droniuk et al. 1987","Droniuk R., Wong P.T., Wisse G., MacLeod R.A. (1987) Variation in quantitative requirements for Na+ for transport of metabolizable compounds by the marine bacteria Alteromonas haloplanktis 214 and Vibrio fischeri. Applied and Environmental Microbiology 53: 1487-1495.",,1,"measurement","Droniuk",1987,"Variation in quantitative requirements for Na+ for transport of metabolizable compounds by the marine bacteria Alteromonas haloplanktis 214 and Vibrio fischeri","Applied and Environmental Microbiology","53","1487-1495","10.1128/aem.53.7.1487-1495.1987","Droniuk:1987aa","Droniuk_1987","certain","crossref_only","crossref",1,TRUE,TRUE,TRUE,TRUE,TRUE,,FALSE,,"2026-10-06T16:35:46Z","tbmcite 0.1.0",,,,"S1a list (p. 47-59)",,,"crossref_only"
"Makarieva_2008","S1a:Dworkin & Niederpruem 1964","Dworkin M., Niederpruem D.J. (1964) Electron transport system in vegetative cells and microcysts of Myxococcus xanthus. Journal of Bacteriology 87: 316-322.",,1,"measurement","Dworkin",1964,"Electron transport system in vegetative cells and microcysts of Myxococcus xanthus","Journal of Bacteriology","87","316-322","10.1128/jb.87.2.316-322.1964","Dworkin:1964aa","Dworkin_1964","certain","crossref_only","crossref",1,TRUE,TRUE,TRUE,TRUE,TRUE,,FALSE,,"2026-10-06T16:35:46Z","tbmcite 0.1.0",,,,"S1a list (p. 47-59)",,,"crossref_only"
"Makarieva_2008","S1a:Eisenberg et al. 1974","Eisenberg R.C., Butters S.J., Quay S.C., Friedman S.B. (1974) Glucose uptake and phosphorylation in Pseudomonas fluorescens. Journal of Bac- teriology 120: 147-153.",,1,"measurement","Eisenberg",1974,"Glucose uptake and phosphorylation in Pseudomonas fluorescens","Journal of Bac- teriology","120","147-153","10.1128/jb.120.1.147-153.1974","Eisenberg:1974aa","Eisenberg_1974","certain","crossref_only","crossref",1,TRUE,TRUE,TRUE,TRUE,TRUE,,FALSE,,"2026-10-06T16:35:46Z","tbmcite 0.1.0",,,,"S1a list (p. 47-59)",,,"crossref_only"
"Makarieva_2008","S1a:Engelhard et al. 1957","Engelhard W.E., Uyeno S., Pivnick H. (1957) Some modifications of mycobacteria effected with trypsin. Journal of Bacteriology 73: 206-210.",,1,"measurement","Engelhard",1957,"Some modifications of mycobacteria effected with trypsin","Journal of Bacteriology","73","206-210","10.1128/jb.73.2.206-210.1957","Engelhard:1957aa","Engelhard_1957","certain","crossref_only","crossref;consensus-mcp",1,TRUE,TRUE,TRUE,TRUE,TRUE,,FALSE,,"2026-10-06T16:35:46Z","tbmcite 0.1.0",,,,"S1a list (p. 47-59)",,,"crossref_only"
"Makarieva_2008","S1a:Ensign 1970","Ensign J.C. (1970) Long-term starvation survival of rod and spherical cells of Arthrobacter crystallopoietes. Journal of Bacteriology 103: 569-577.",,1,"measurement","Ensign",1970,"Long-term starvation survival of rod and spherical cells of Arthrobacter crystallopoietes","Journal of Bacteriology","103","569-577","10.1128/jb.103.3.569-577.1970",,,"pending","retracted","crossref;consensus-mcp",1,TRUE,TRUE,TRUE,TRUE,TRUE,,FALSE,"crossref:updated-by:correction","2026-10-06T16:35:46Z","tbmcite 0.1.0",,,,"S1a list (p. 47-59)",,,"crossref_only"
"Makarieva_2008","S1a:Faulkner & Garduño 2002","Faulkner G., Garduño R.A. (2002) Ultrastructural analysis of differentiation in Legionella pneumophila. Journal of Bacteriology 184: 7025-7041.",,2,"measurement","Faulkner",2002,"Ultrastructural analysis of differentiation in Legionella pneumophila","Journal of Bacteriology","184","7025-7041","10.1128/jb.184.24.7025-7041.2002","Faulkner:2002aa","Faulkner_2002","certain","crossref_only","crossref",1,TRUE,TRUE,TRUE,TRUE,TRUE,,FALSE,,"2026-10-06T16:35:46Z","tbmcite 0.1.0",,,,"S1a list (p. 47-59)",,,"crossref_only"
"Makarieva_2008","S1a:Frederick et al. 1974","Frederick J.J., Corner T.R., Gerhardt P. (1974) Antimicrobial actions of hexachlorophene: inhibition of respiration in Bacillus megaterium. Antimicro- bial Agents and Chemotherapy 6: 712-721.",,1,"measurement","Frederick",1974,"Antimicrobial actions of hexachlorophene: inhibition of respiration in Bacillus megaterium","Antimicro- bial Agents and Chemotherapy","6","712-721","10.1128/aac.6.6.712","Frederick:1974aa","Frederick_1974","certain","crossref_only","crossref",1,TRUE,TRUE,TRUE,TRUE,TRUE,,FALSE,,"2026-10-06T16:35:46Z","tbmcite 0.1.0",,,,"S1a list (p. 47-59)",,,"crossref_only"
"Makarieva_2008","S1a:Frustaci et al. 1991","Frustaci J.M., Sangwan I., O'Brian M.R. (1991) Aerobic growth and respiration of a δ-aminolevulinic acid synthase (hemA) mutant of Bradyrhizo- bium japonicum. Journal of Bacteriology 173: 1145-1150.",,1,"measurement","Frustaci",1991,"Aerobic growth and respiration of a -aminolevulinic acid synthase (hemA) mutant of Bradyrhizo- bium japonicum","Journal of Bacteriology","173","1145-1150","10.1128/jb.173.3.1145-1150.1991","Frustaci:1991aa","Frustaci_1991","approved","owner_candidate","crossref",0.8145,TRUE,TRUE,TRUE,TRUE,TRUE,,FALSE,,"2026-10-06T16:35:46Z","tbmcite 0.1.0","owner","2026-10-06",,"S1a list (p. 47-59)",,,"crossref_only"
"Makarieva_2008","S1a:Fu et al. 2003","Fu Y., O’Kelly C., Sieracki M., Distel D.L. (2003) Protistan grazing analysis by flow cytometry using prey labeled by in vivo expression of fluorescent proteins. Applied and Environmental Microbiology 69: 6848-6855.",,1,"measurement","Fu",2003,"Protistan grazing analysis by flow cytometry using prey labeled by in vivo expression of fluorescent proteins","Applied and Environmental Microbiology","69","6848-6855","10.1128/aem.69.11.6848-6855.2003","Fu:2003aa","Fu_2003","certain","crossref_only","crossref",1,TRUE,TRUE,TRUE,TRUE,TRUE,,FALSE,,"2026-10-06T16:35:46Z","tbmcite 0.1.0",,,,"S1a list (p. 47-59)",,,"crossref_only"
"Makarieva_2008","S1a:Gary & Bard 1952","Gary N.D., Bard R.C. (1952) Effect of nutrition on the growth and metabolism of Bacillus subtilis. Journal of Bacteriology 64: 501-512.",,1,"measurement","Gary",1952,"Effect of nutrition on the growth and metabolism of Bacillus subtilis","Journal of Bacteriology","64","501-512","10.1128/jb.64.4.501-512.1952","Gary:1952aa","Gary_1952","certain","crossref_only","crossref;consensus-mcp",1,TRUE,TRUE,TRUE,TRUE,TRUE,,FALSE,,"2026-10-06T16:35:46Z","tbmcite 0.1.0",,,,"S1a list (p. 47-59)",,,"crossref_only"
"Makarieva_2008","S1a:Gerhardt et al. 1950","Gerhardt P., Levine H.B., Wilson J.B. (1950) The oxidative dissimilation of amino acids and related compounds by Brucella abortus. Journal of Bacteriology 60: 459-467.",,1,"measurement","Gerhardt",1950,"The oxidative dissimilation of amino acids and related compounds by Brucella abortus","Journal of Bacteriology","60","459-467","10.1128/jb.60.4.459-467.1950","Gerhardt:1950aa","Gerhardt_1950","certain","crossref_only","crossref;consensus-mcp",1,TRUE,TRUE,TRUE,TRUE,TRUE,,FALSE,,"2026-10-06T16:35:46Z","tbmcite 0.1.0",,,,"S1a list (p. 47-59)",,,"crossref_only"
"Makarieva_2008","S1a:Greisen & Gunsalus 1944","Greisen E.C., Gunsalus I.C. (1944) An alcohol oxidation system in streptococci which functions without hydrogen peroxide accumulation. Journal of Bacteriology 48: 515-525.",,1,"measurement","Greisen",1944,"An alcohol oxidation system in streptococci which functions without hydrogen peroxide accumulation","Journal of Bacteriology","48","515-525","10.1128/jb.48.5.515-525.1944","Greisen:1944aa","Greisen_1944","certain","crossref_only","crossref;consensus-mcp",1,TRUE,TRUE,TRUE,TRUE,TRUE,,FALSE,,"2026-10-06T16:35:46Z","tbmcite 0.1.0",,,,"S1a list (p. 47-59)",,,"crossref_only"
"Makarieva_2008","S1a:Gronlund & Campbell 1961","Gronlund A.F., Campbell J.J. (1961) Nitrogenous compounds as substrates for endogenous respiration in microorganisms. Journal of Bacteriology 81: 721-724.",,5,"measurement","Gronlund",1961,"Nitrogenous compounds as substrates for endogenous respiration in microorganisms","Journal of Bacteriology","81","721-724","10.1128/jb.81.5.721-724.1961","Gronlund:1961aa","Gronlund_1961","certain","crossref_only","crossref",1,TRUE,TRUE,TRUE,TRUE,TRUE,,FALSE,,"2026-10-06T16:35:46Z","tbmcite 0.1.0",,,,"S1a list (p. 47-59)",,,"crossref_only"
"Makarieva_2008","S1a:Groupé et al. 1954","Groupé V., Pugh L.H., Levine A.S., Herrmann E.C. Jr. (1954) Suppression of certain viral lesions by a microbial product, xerosin, lacking in demon- strable antiviral properties and produced by Achromobacter xerosis, n. sp. Journal of Bacteriology 68: 10-18.",,1,"measurement","Groupe",1954,"Suppression of certain viral lesions by a microbial product, xerosin, lacking in demon- strable antiviral properties and produced by Achromobacter xerosis, n. sp","Journal of Bacteriology","68","10-18","10.1128/jb.68.1.10-18.1954","Groupe:1954aa","Groupe_1954","approved","owner_candidate","crossref",0.8938,TRUE,TRUE,TRUE,TRUE,TRUE,,FALSE,,"2026-10-06T16:35:46Z","tbmcite 0.1.0","owner","2026-10-06",,"S1a list (p. 47-59)",,,"crossref_only"
"Makarieva_2008","S1a:Gunter & Kohn 1956","Gunter S.E., Kohn H.I. (1956) Effect of X-rays on the survival of bacteria and yeast II. Relation of cell concentration and endogenous respiration to sensitivity. Journal of Bacteriology 72: 422-428.",,11,"measurement","Gunter",1956,"Effect of X-rays on the survival of bacteria and yeast II","Relation of cell concentration and endogenous respiration to sensitivity. Journal of Bacteriology","72","422-428","10.1128/jb.72.3.422-428.1956","Gunter:1956aa","Gunter_1956","approved","owner_candidate","crossref",0.7131,TRUE,TRUE,TRUE,TRUE,TRUE,,FALSE,,"2026-10-06T16:35:46Z","tbmcite 0.1.0","owner","2026-10-06",,"S1a list (p. 47-59)",,,"crossref_only"
"Makarieva_2008","S1a:Hareland et al. 1975","Hareland W.A., Crawford R.L., Chapman P.J., Dagley S. (1975) Metabolic function and properties of 4-hydroxyphenylacetic acid 1-hydroxylase from Pseudomonas acidovorans. Journal of Bacteriology 121: 272-285.",,1,"measurement","Hareland",1975,"Metabolic function and properties of 4-hydroxyphenylacetic acid 1-hydroxylase from Pseudomonas acidovorans","Journal of Bacteriology","121","272-285","10.1128/jb.121.1.272-285.1975","Hareland:1975aa","Hareland_1975","certain","crossref_only","crossref",1,TRUE,TRUE,TRUE,TRUE,TRUE,,FALSE,,"2026-10-06T16:35:46Z","tbmcite 0.1.0",,,,"S1a list (p. 47-59)",,,"crossref_only"
"Makarieva_2008","S1a:Hayase et al. 2004","Hayase N., Yano H., Kudoh E., Tsutsumi C., Ushio K., Miyahara Y., Tanaka S., Katsuhiko N. (2004) Isolation and characterization of poly(butylene succinate-co-butylene adipate)-degrading microorganism. Journal of Bioscience and Bioengineering 97: 131-133.",,1,"measurement","Hayase",2004,"Isolation and characterization of poly(butylene succinate-co-butylene adipate)-degrading microorganism","Journal of Bioscience and Bioengineering","97","131-133","10.1016/s1389-1723(04)70180-2","Hayase:2004aa","Hayase_2004","certain","crossref_only","crossref",1,TRUE,TRUE,TRUE,TRUE,TRUE,,FALSE,,"2026-10-06T16:35:46Z","tbmcite 0.1.0",,,,"S1a list (p. 47-59)",,,"crossref_only"
"Makarieva_2008","S1a:Hespell et al. 1973","Hespell R.B., Rosson R.A., Thomashow M.F., Rittenberg S.C. (1973) Respiration of Bdellovibrio bacteriovorus strain 109J and its energy substrates for intraperiplasmic growth. Journal of Bacteriology 113: 1280-1288.",,1,"measurement","Hespell",1973,"Respiration of Bdellovibrio bacteriovorus strain 109J and its energy substrates for intraperiplasmic growth","Journal of Bacteriology","113","1280-1288","10.1128/jb.113.3.1280-1288.1973","Hespell:1973aa","Hespell_1973","approved","owner_candidate","crossref",1,TRUE,TRUE,TRUE,TRUE,TRUE,,FALSE,,"2026-10-06T16:35:46Z","tbmcite 0.1.0","owner","2026-10-06",,"S1a list (p. 47-59)",,,"crossref_only"
"Makarieva_2008","S1a:Hoffee & Englesberg 1962","Hoffee P., Englesberg E. (1962) Effect of metabolic activity of the glucose permease of bacterial cells. Proceedings of the National Academy of Sci- ences USA 48: 1759-1765.",,1,"measurement","Hoffee",1962,"Effect of metabolic activity of the glucose permease of bacterial cells","Proceedings of the National Academy of Sci- ences USA","48","1759-1765","10.1073/pnas.48.10.1759","Hoffee:1962aa","Hoffee_1962","certain","crossref_only","crossref",1,TRUE,TRUE,TRUE,TRUE,TRUE,,FALSE,,"2026-10-06T16:35:46Z","tbmcite 0.1.0",,,,"S1a list (p. 47-59)",,,"crossref_only"
"Makarieva_2008","S1a:Hollocher et al. 1982","Hollocher T.C., Kumar S., Nicholas D.J. (1982) Respiration-dependent proton translocation in Nitrosomonas europaea and its apparent absence in Nitrobacter agilis during inorganic oxidations. Journal of Bacteriology 149: 1013-1020.",,2,"measurement","Hollocher",1982,"Respiration-dependent proton translocation in Nitrosomonas europaea and its apparent absence in Nitrobacter agilis during inorganic oxidations","Journal of Bacteriology","149","1013-1020","10.1128/jb.149.3.1013-1020.1982","Hollocher:1982aa","Hollocher_1982","certain","crossref_only","crossref",1,TRUE,TRUE,TRUE,TRUE,TRUE,,FALSE,,"2026-10-06T16:35:46Z","tbmcite 0.1.0",,,,"S1a list (p. 47-59)",,,"crossref_only"
"Makarieva_2008","S1a:Holt 1984","Holt J.G. (ed.) (1984, 1986, 1989) Bergey’s Manual of Systematic Bacteriology, Vols. 1-4. Williams & Wilkins, Baltimore.",,65,"compilation","Holt",1984,"Bergey's Manual of Systematic Bacteriology, Vols. 1-4","Williams & Wilkins, Baltimore","1-4",,,"Holt:1984aa","Holt_1984","nodoi_approved","owner_nodoi","crossref",0.5689,FALSE,TRUE,FALSE,FALSE,FALSE,,FALSE,,"2026-10-06T16:35:46Z","tbmcite 0.1.0","owner","2026-10-06",,"S1a list (p. 47-59); role compilation set by the round (2026-10-06); parsed_* set by the round (edited book, 1984-1989)",,,"crossref_only"
"Makarieva_2008","S1a:Holt et al. 1994","Holt J.G., Krieg N.R., Sneath P.H.A., Staley J.T., Williams S.T. (eds.) (1994) Bergey's Manual of Determinative Bacteriology, Ninth Edition. Williams & Wilkins, Baltimore.",,23,"compilation","Holt",1994,"Bergey's Manual of Determinative Bacteriology, Ninth Edition","Williams & Wilkins, Baltimore",,,,"Holt:1994aa","Holt_1994","nodoi_approved","owner_nodoi","crossref",0.5342,FALSE,FALSE,FALSE,FALSE,FALSE,,FALSE,,"2026-10-06T16:35:46Z","tbmcite 0.1.0","owner","2026-10-06",,"S1a list (p. 47-59); role compilation set by the round (2026-10-06); parsed_* set by the round (edited book)",,,"crossref_only"
"Makarieva_2008","S1a:Hou et al. 1966","Hou C.I., Gronlund A.F., Campbell J.J. (1966) Influence of phosphate starvation on cultures of Pseudomonas aeruginosa. Journal of Bacteriology 92: 851-855.",,5,"measurement","Hou",1966,"Influence of phosphate starvation on cultures of Pseudomonas aeruginosa","Journal of Bacteriology","92","851-855","10.1128/jb.92.4.851-855.1966","Hou:1966aa","Hou_1966","certain","crossref_only","crossref",1,TRUE,TRUE,TRUE,TRUE,TRUE,,FALSE,,"2026-10-06T16:35:46Z","tbmcite 0.1.0",,,,"S1a list (p. 47-59)",,,"crossref_only"
"Makarieva_2008","S1a:Huang et al. 2000","Huang C.-Y., Garcia J.-L., Patel B.K.C., Cayol J.-L., Baresi L., Mah R.A. (2000) Salinivibrio costicola subsp. vallismortis subsp. nov., a halotolerant facultative anaerobe from Death Valley, and emended description of Salinivibrio costicola. International Journal of Systematic and Evolutionary Microbiology 50: 615-622",,1,"measurement","Huang",2000,"Salinivibrio costicola subsp. vallismortis subsp. nov., a halotolerant facultative anaerobe from Death Valley, and emended description of Salinivibrio costicola","International Journal of Systematic and Evolutionary Microbiology","50","615-622","10.1099/00207713-50-2-615","Huang:2000aa","Huang_2000","certain","crossref_only","crossref",1,TRUE,TRUE,TRUE,TRUE,TRUE,,FALSE,,"2026-10-06T16:35:46Z","tbmcite 0.1.0",,,,"S1a list (p. 47-59)",,,"crossref_only"
"Makarieva_2008","S1a:Hughes 1965","Hughes D.E. (1965) The metabolism of halogen-substituted benzoic acids by Pseudomonas fluorescens. Biochemical Journal 96: 181-188.",,1,"measurement","Hughes",1965,"The metabolism of halogen-substituted benzoic acids by Pseudomonas fluorescens","Biochemical Journal","96","181-188","10.1042/bj0960181","Hughes:1965aa","Hughes_1965","certain","crossref_only","crossref",1,TRUE,TRUE,TRUE,TRUE,TRUE,,FALSE,,"2026-10-06T16:35:46Z","tbmcite 0.1.0",,,,"S1a list (p. 47-59)",,,"crossref_only"
"Makarieva_2008","S1a:Hulcher & King 1958a","Hulcher F.H., King K.W. (1958a) Metabolic basis for disaccharide preference in a Cellvibrio. Journal of Bacteriology 76: 571-577.",,1,"measurement","Hulcher",1958,"Metabolic basis for disaccharide preference in a Cellvibrio","Journal of Bacteriology","76","571-577","10.1128/jb.76.6.571-577.1958","Hulcher:1958ab","Hulcher_1958b","certain","crossref_only","crossref;consensus-mcp",1,TRUE,TRUE,TRUE,TRUE,TRUE,,FALSE,,"2026-10-06T16:35:46Z","tbmcite 0.1.0",,,,"S1a list (p. 47-59)",,,"crossref_only"
"Makarieva_2008","S1a:Hulcher & King 1958b","Hulcher F.H., King K.W. (1958b) Disaccharide preference of an aerobic cellulolytic bacterium, Cellvibrio gilvus n. sp. Journal of Bacteriology 76: 565-570.",,1,"measurement","Hulcher",1958,"Disaccharide preference of an aerobic cellulolytic bacterium, Cellvibrio gilvus n. sp","Journal of Bacteriology","76","565-570","10.1128/jb.76.6.565-570.1958","Hulcher:1958aa","Hulcher_1958","certain","crossref_only","crossref;consensus-mcp",1,TRUE,TRUE,TRUE,TRUE,TRUE,,FALSE,,"2026-10-06T16:35:46Z","tbmcite 0.1.0",,,,"S1a list (p. 47-59)",,,"crossref_only"
"Makarieva_2008","S1a:Jacobs & Conti 1965","Jacobs N.J., Conti S.F. (1965) Effect of hemin on the formation of the cytochrome system of anaerobically grown Staphylococcus epidermidis. Journal of Bacteriology 89: 675-679.",,1,"measurement","Jacobs",1965,"Effect of hemin on the formation of the cytochrome system of anaerobically grown Staphylococcus epidermidis","Journal of Bacteriology","89","675-679","10.1128/jb.89.3.675-679.1965","Jacobs:1965aa","Jacobs_1965","certain","crossref_only","crossref",1,TRUE,TRUE,TRUE,TRUE,TRUE,,FALSE,,"2026-10-06T16:35:46Z","tbmcite 0.1.0",,,,"S1a list (p. 47-59)",,,"crossref_only"
"Makarieva_2008","S1a:Jacoby 1964","Jacoby GA. (1964) The induction and repression of amino acid oxidation in Pseudomonas fluorescens. Biochemical Journal 92: 1-8.",,1,"measurement","Jacoby",1964,"The induction and repression of amino acid oxidation in Pseudomonas fluorescens","Biochemical Journal","92","1-8","10.1042/bj0920001","Jacoby:1964aa","Jacoby_1964","certain","crossref_only","crossref",1,TRUE,TRUE,TRUE,TRUE,TRUE,,FALSE,,"2026-10-06T16:35:46Z","tbmcite 0.1.0",,,,"S1a list (p. 47-59)",,,"crossref_only"
"Makarieva_2008","S1a:Jenkins et al. 1987","Jenkins O., Byrom D., Jones D. (1987) Methylophilus: a new genus of methanol-utilizing bacteria. International Journal of Systematic Bacteriology 37: 446-448.",,1,"measurement","Jenkins",1987,"Methylophilus: a new genus of methanol-utilizing bacteria","International Journal of Systematic Bacteriology","37","446-448","10.1099/00207713-37-4-446","Jenkins:1987aa","Jenkins_1987","certain","crossref_only","crossref",1,TRUE,TRUE,TRUE,TRUE,TRUE,,FALSE,,"2026-10-06T16:35:46Z","tbmcite 0.1.0",,,,"S1a list (p. 47-59)",,,"crossref_only"
"Makarieva_2008","S1a:Jigami et al. 1979","Jigami Y., Kawasaki Y., Omori T., Minoda Y. (1979) Coexistence of different pathways in the metabolism of n-propylbenzene by Pseudomonas sp. Applied and Environmental Microbiology 38: 783-788.",,1,"measurement","Jigami",1979,"Coexistence of different pathways in the metabolism of n-propylbenzene by Pseudomonas sp","Applied and Environmental Microbiology","38","783-788","10.1128/aem.38.5.783-788.1979","Jigami:1979aa","Jigami_1979","certain","crossref_only","crossref",1,TRUE,TRUE,TRUE,TRUE,TRUE,,FALSE,,"2026-10-06T16:35:46Z","tbmcite 0.1.0",,,,"S1a list (p. 47-59)",,,"crossref_only"
"Makarieva_2008","S1a:Jurtshuk & McQuitty 1976","Jurtshuk P. Jr., McQuitty D.N. (1976) Use of a quantitative oxidase test for characterizing oxidative metabolism in bacteria. Applied and Environ- mental Microbiology 31: 668-679.",,39,"measurement","Jurtshuk Jr",1976,"Use of a quantitative oxidase test for characterizing oxidative metabolism in bacteria","Applied and Environ- mental Microbiology","31","668-679","10.1128/aem.31.5.668-679.1976","Jurtshuk:1976aa","Jurtshuk_1976","certain","crossref_only","crossref",1,TRUE,TRUE,TRUE,TRUE,TRUE,,FALSE,,"2026-10-06T16:35:46Z","tbmcite 0.1.0",,,,"S1a list (p. 47-59)",,,"crossref_only"
"Makarieva_2008","S1a:Kahn & Gromkova 1981","Kahn M.E., Gromkova R. (1981) Occurrence of pili on and adhesive properties of Haemophilus parainfluenzae. Journal of Bacteriology 145: 1075-1078.",,1,"measurement","Kahn",1981,"Occurrence of pili on and adhesive properties of Haemophilus parainfluenzae","Journal of Bacteriology","145","1075-1078","10.1128/jb.145.2.1075-1078.1981","Kahn:1981aa","Kahn_1981","certain","crossref_only","crossref",1,TRUE,TRUE,TRUE,TRUE,TRUE,,FALSE,,"2026-10-06T16:35:46Z","tbmcite 0.1.0",,,,"S1a list (p. 47-59)",,,"crossref_only"
"Makarieva_2008","S1a:Kanso et al. 2002","Kanso S., Greene A.C., Patel B.K.C. (2002) Bacillus subterraneus sp. nov., an iron- and manganese-reducing bacterium from a deep subsurface Australian thermal aquifer. International Journal of Systematic and Evolutionary Microbiology 52: 869-874.",,1,"measurement","Kanso",2002,"Bacillus subterraneus sp. nov., an iron- and manganese-reducing bacterium from a deep subsurface Australian thermal aquifer","International Journal of Systematic and Evolutionary Microbiology","52","869-874","10.1099/00207713-52-3-869","Kanso:2002aa","Kanso_2002","certain","crossref_only","crossref",1,TRUE,TRUE,TRUE,TRUE,TRUE,,FALSE,,"2026-10-06T16:35:46Z","tbmcite 0.1.0",,,,"S1a list (p. 47-59)",,,"crossref_only"
"Makarieva_2008","S1a:Keevil & Anthony 1979","Keevil C.W., Anthony C. (1979) Effect of growth conditions on the involvement of cytochrome c in electron transport, proton translocation and ATP synthesis in the facultative methylotroph Pseudomonas AM1. Biochemical Journal 182: 71-79.",,1,"measurement","Keevil",1979,"Effect of growth conditions on the involvement of cytochrome c in electron transport, proton translocation and ATP synthesis in the facultative methylotroph Pseudomonas AM1","Biochemical Journal","182","71-79","10.1042/bj1820071","Keevil:1979aa","Keevil_1979","approved","owner_candidate","crossref",1,TRUE,TRUE,TRUE,TRUE,TRUE,,FALSE,,"2026-10-06T16:35:46Z","tbmcite 0.1.0","owner","2026-10-06",,"S1a list (p. 47-59)",,,"crossref_only"
"Makarieva_2008","S1a:Kelly & Wood 2000","Kelly D.P., Wood A.P. (2000) Reclassification of some species of Thiobacillus to the newly designated genera Acidithiobacillus gen. nov., Halothio- bacillus gen. nov. and Thermithiobacillus gen. nov. International Journal of Systematic and Evolutionary Microbiology 50: 511-516.",,2,"measurement","Kelly",2000,"Reclassification of some species of Thiobacillus to the newly designated genera Acidithiobacillus gen. nov., Halothio- bacillus gen. nov. and Thermithiobacillus gen. nov","International Journal of Systematic and Evolutionary Microbiology","50","511-516","10.1099/00207713-50-2-511","Kelly:2000aa","Kelly_2000","approved","owner_candidate","crossref",0.8792,TRUE,TRUE,TRUE,TRUE,TRUE,,FALSE,,"2026-10-06T16:35:46Z","tbmcite 0.1.0","owner","2026-10-06",,"S1a list (p. 47-59)",,,"crossref_only"
"Makarieva_2008","S1a:Kenimer & Lapp 1978","Kenimer E.A., Lapp D.F. (1978) Effects of elected inhibitors on electron transport in Neisseria gonorrhoeae. Journal of Bacteriology 134: 537-545.",,1,"measurement","Kenimer",1978,"Effects of elected inhibitors on electron transport in Neisseria gonorrhoeae","Journal of Bacteriology","134","537-545","10.1128/jb.134.2.537-545.1978","Kenimer:1978aa","Kenimer_1978","approved","owner_candidate","crossref",0.8421,TRUE,TRUE,TRUE,TRUE,TRUE,,FALSE,,"2026-10-06T16:35:46Z","tbmcite 0.1.0","owner","2026-10-06",,"S1a list (p. 47-59)",,,"crossref_only"
"Makarieva_2008","S1a:Kornberg 1958","Kornberg H.L. (1958) The metabolism of C2 compounds in micro-organisms. 1. The incorporation of 2-14Cacetate by Pseudomonas fluorescens, and by a Corynebacterium, grown on ammonium acetate. Biochemical Journal 68: 535-542.",,1,"measurement","Kornberg",1958,"The metabolism of C2 compounds in micro-organisms. 1. The incorporation of 2-14Cacetate by Pseudomonas fluorescens, and by a Corynebacterium, grown on ammonium acetate","Biochemical Journal","68","535-542","10.1042/bj0680549",,,"not_found","below_threshold","crossref",0.6533,TRUE,TRUE,TRUE,TRUE,FALSE,,FALSE,,"2026-10-06T16:35:46Z","tbmcite 0.1.0",,,,"S1a list (p. 47-59); parsed_* completed by the round (journal entry)",,,"crossref_only"
"Makarieva_2008","S1a:Kornberg & Gotto 1961","Kornberg H.L., Gotto A.M. (1961) The metabolism of C2 compounds in micro-organisms. 6. Synthesis of cell constituents from glycollate by Pseu- domonas sp. Biochemical Journal 78: 69-82.",,1,"measurement","Kornberg",1961,"The metabolism of C2 compounds in micro-organisms. 6. Synthesis of cell constituents from glycollate by Pseu- domonas sp","Biochemical Journal","78","69-82","10.1042/bj0680549",,,"not_found","below_threshold","crossref",0.6533,TRUE,FALSE,TRUE,FALSE,FALSE,,FALSE,,"2026-10-06T16:35:46Z","tbmcite 0.1.0",,,,"S1a list (p. 47-59); parsed_* completed by the round (journal entry)",,,"crossref_only"
"Makarieva_2008","S1a:Kornberg & Morris 1965","Kornberg H.L., Morris J.G. (1965) The utilization of glycollate by Micrococcus denitrificans: the β-hydroxyaspartate pathway. Biochemical Journal 95: 577-586.",,1,"measurement","Kornberg",1965,"The utilization of glycollate by Micrococcus denitrificans: the -hydroxyaspartate pathway","Biochemical Journal","95","577-586","10.1042/bj0950577","Kornberg:1965aa","Kornberg_1965","certain","crossref_only","crossref",1,TRUE,TRUE,TRUE,TRUE,TRUE,,FALSE,,"2026-10-06T16:35:46Z","tbmcite 0.1.0",,,,"S1a list (p. 47-59)",,,"crossref_only"
"Makarieva_2008","S1a:Kowalski et al. 1999","Kowalski W., Bahnfleth W., Whittam T. (1999) Filtration of airborne microorganisms: modeling and prediction. ASHRAE Transactions 105: 4-17.",,4,"measurement","Kowalski",1999,"Filtration of airborne microorganisms: modeling and prediction","ASHRAE Transactions","105","4-17",,"Kowalski:1999aa","Kowalski_1999","nodoi_approved","owner_nodoi","crossref",0.4816,FALSE,FALSE,FALSE,FALSE,FALSE,,FALSE,,"2026-10-06T16:35:46Z","tbmcite 0.1.0","owner","2026-10-06",,"S1a list (p. 47-59); parsed_* completed by the round (journal entry)",,,"crossref_only"
"Makarieva_2008","S1a:Krieg 1976","Krieg R. (1976) Biology of the chemoheterotrophic spirilla. Bacteriological Reviews 40: 55-115.",,1,"measurement","Krieg",1976,"Biology of the chemoheterotrophic spirilla","Bacteriological Reviews","40","55-115","10.1128/br.40.1.55-115.1976","Krieg:1976aa","Krieg_1976","certain","crossref_only","crossref",1,TRUE,TRUE,TRUE,TRUE,TRUE,,FALSE,,"2026-10-06T16:35:46Z","tbmcite 0.1.0",,,,"S1a list (p. 47-59)",,,"crossref_only"
"Makarieva_2008","S1a:Kubitschek 1969","Kubitschek H.E. (1969) Growth during the bacterial cell cycle: analysis of cell size distribution. Biophysical Journal 9: 792-809.",,14,"measurement","Kubitschek",1969,"Growth during the bacterial cell cycle: analysis of cell size distribution","Biophysical Journal","9","792-809","10.1016/s0006-3495(69)86418-0","Kubitschek:1969aa","Kubitschek_1969","approved","owner_candidate","crossref",0.7646,TRUE,TRUE,TRUE,TRUE,TRUE,,FALSE,,"2026-10-06T16:35:46Z","tbmcite 0.1.0","owner","2026-10-06",,"S1a list (p. 47-59)",,,"crossref_only"
"Makarieva_2008","S1a:Kunz & Chapman 1981","Kunz D.A., Chapman P.J. (1981) Catabolism of pseudocumene and 3-ethyltoluene by Pseudomonas putida (arvilla) mt-2: evidence for new func- tions of the TOL (pWWO) plasmid. Journal of Bacteriology 146: 179-191.",,1,"measurement","Kunz",1981,"Catabolism of pseudocumene and 3-ethyltoluene by Pseudomonas putida (arvilla) mt-2: evidence for new func- tions of the TOL (pWWO) plasmid","Journal of Bacteriology","146","179-191","10.1128/jb.146.1.179-191.1981","Kunz:1981aa","Kunz_1981","approved","owner_candidate","crossref",0.903,TRUE,TRUE,TRUE,TRUE,TRUE,,FALSE,,"2026-10-06T16:35:46Z","tbmcite 0.1.0","owner","2026-10-06",,"S1a list (p. 47-59)",,,"crossref_only"
"Makarieva_2008","S1a:Kushner et al. 1983","Kushner D.J., Hamaide F., MacLeod R.A. (1983) Development of salt-resistant active transport in a moderately halophilic bacterium. Journal of Bacteriology 153: 1163-1171.",,1,"measurement","Kushner",1983,"Development of salt-resistant active transport in a moderately halophilic bacterium","Journal of Bacteriology","153","1163-1171","10.1128/jb.153.3.1163-1171.1983","Kushner:1983aa","Kushner_1983","certain","crossref_only","crossref",1,TRUE,TRUE,TRUE,TRUE,TRUE,,FALSE,,"2026-10-06T16:35:46Z","tbmcite 0.1.0",,,,"S1a list (p. 47-59)",,,"crossref_only"
"Makarieva_2008","S1a:Lawford & Haddock 1973","Lawford H.G., Haddock B.A. (1973) Respiration-driven proton translocation in Escherichia coli. Biochemical Journal 136: 217-220.",,1,"measurement","Lawford",1973,"Respiration-driven proton translocation in Escherichia coli","Biochemical Journal","136","217-220","10.1042/bj1360217","Lawford:1973aa","Lawford_1973","approved","owner_candidate","crossref",0.8497,TRUE,TRUE,TRUE,TRUE,TRUE,,FALSE,,"2026-10-06T16:35:46Z","tbmcite 0.1.0","owner","2026-10-06",,"S1a list (p. 47-59)",,,"crossref_only"
"Makarieva_2008","S1a:Lee & Chandler 1941","Lee M., Chandler A.C. (1941) A study of the nature, growth and control of bacteria in cutting compounds. Journal of Bacteriology 41: 373-386.",,2,"measurement","Lee",1941,"A study of the nature, growth and control of bacteria in cutting compounds","Journal of Bacteriology","41","373-386","10.1128/jb.41.3.373-386.1941","Lee:1941aa","Lee_1941","certain","crossref_only","crossref;consensus-mcp",1,TRUE,TRUE,TRUE,TRUE,TRUE,,FALSE,,"2026-10-06T16:35:46Z","tbmcite 0.1.0",,,,"S1a list (p. 47-59)",,,"crossref_only"
"Makarieva_2008","S1a:Lindmark et al. 1982","Lindmark D.G., Jarroll E.L., Timoney P.J., Shin S.J. (1982) Energy metabolism of the contagious equine metritis bacterium. Infection and Immunity 36: 531-534.",,1,"measurement","Lindmark",1982,"Energy metabolism of the contagious equine metritis bacterium","Infection and Immunity","36","531-534","10.1128/iai.36.2.531-534.1982","Lindmark:1982aa","Lindmark_1982","certain","crossref_only","crossref",1,TRUE,TRUE,TRUE,TRUE,TRUE,,FALSE,,"2026-10-06T16:35:46Z","tbmcite 0.1.0",,,,"S1a list (p. 47-59)",,,"crossref_only"
"Makarieva_2008","S1a:Loh 1984","Loh W.H.-T. (1984) Intermediary carbon metabolism of Azospirillum braziliense. Journal of Bacteriology 158: 264-268.",,2,"measurement","Loh",1984,"Intermediary carbon metabolism of Azospirillum braziliense","Journal of Bacteriology","158","264-268","10.1128/jb.158.1.264-268.1984","Loh:1984aa","Loh_1984","approved","owner_candidate","crossref",0.8237,TRUE,TRUE,TRUE,TRUE,TRUE,,FALSE,,"2026-10-06T16:35:46Z","tbmcite 0.1.0","owner","2026-10-06",,"S1a list (p. 47-59)",,,"crossref_only"
"Makarieva_2008","S1a:London & Rittenberg 1966","London J., Rittenberg S.C. (1966) Effects of organic matter on the growth of Thiobacillus intermedius. Journal of Bacteriology 91: 1062-1069.",,1,"measurement","London",1966,"Effects of organic matter on the growth of Thiobacillus intermedius","Journal of Bacteriology","91","1062-1069","10.1128/jb.91.3.1062-1069.1966","London:1966aa","London_1966","certain","crossref_only","crossref",1,TRUE,TRUE,TRUE,TRUE,TRUE,,FALSE,,"2026-10-06T16:35:46Z","tbmcite 0.1.0",,,,"S1a list (p. 47-59)",,,"crossref_only"
"Makarieva_2008","S1a:Lontoh et al. 1999","Lontoh S., DiSpirito A.A., Semrau J.D. (1999) Dichloromethane and trichloroethylene inhibition of methane oxidation by the membrane-associated methane monooxygenase of Methylosinus trichosporium OB3b. Archives of Microbiology 171: 301-308.",,1,"measurement","Lontoh",1999,"Dichloromethane and trichloroethylene inhibition of methane oxidation by the membrane-associated methane monooxygenase of Methylosinus trichosporium OB3b","Archives of Microbiology","171","301-308","10.1007/s002030050714","Lontoh:1999aa","Lontoh_1999","certain","crossref_only","crossref",1,TRUE,TRUE,TRUE,TRUE,TRUE,,FALSE,,"2026-10-06T16:35:46Z","tbmcite 0.1.0",,,,"S1a list (p. 47-59)",,,"crossref_only"
"Makarieva_2008","S1a:Majtán & Majtánová 1999","Majtán V., Majtánová Ľ. (1999) The effect of new disinfectant substances on the metabolism of Enterobacter cloacae. International Journal of Anti- microbial Agents 11: 59-64.",,1,"measurement","Majtan",1999,"The effect of new disinfectant substances on the metabolism of Enterobacter cloacae","International Journal of Anti- microbial Agents","11","59-64","10.1016/s0924-8579(98)00083-1","Majtan:1999aa","Majtan_1999","certain","crossref_only","crossref",1,TRUE,TRUE,TRUE,TRUE,TRUE,,FALSE,,"2026-10-06T16:35:46Z","tbmcite 0.1.0",,,,"S1a list (p. 47-59)",,,"crossref_only"
"Makarieva_2008","S1a:Majtán et al. 1995","Majtán V., Majtánová Ľ., Hoštacká A., Hybenová D., Mlynarčik D. (1995) Effect of quaternary ammonium salts and amine oxides on Pseudomonas aeruginosa. Microbios 84: 41-51.",,1,"measurement","Majtan",1995,"Effect of quaternary ammonium salts and amine oxides on Pseudomonas aeruginosa","Microbios","84","41-51",,"Majtan:1995aa","Majtan_1995","nodoi_approved","owner_nodoi","crossref",0.5295,FALSE,FALSE,FALSE,FALSE,FALSE,,FALSE,,"2026-10-06T16:35:46Z","tbmcite 0.1.0","owner","2026-10-06",,"S1a list (p. 47-59); parsed_* completed by the round (journal entry)",,,"crossref_only"
"Makarieva_2008","S1a:Marquis 1965","Marquis R.E. (1965) Nature of the bactericidal action of antimycin A for Bacillus megaterium. Journal of Bacteriology 89: 1453-1459.",,1,"measurement","Marquis",1965,"Nature of the bactericidal action of antimycin A for Bacillus megaterium","Journal of Bacteriology","89","1453-1459","10.1128/jb.89.6.1453-1459.1965","Marquis:1965aa","Marquis_1965","certain","crossref_only","crossref",1,TRUE,TRUE,TRUE,TRUE,TRUE,,FALSE,,"2026-10-06T16:35:46Z","tbmcite 0.1.0",,,,"S1a list (p. 47-59)",,,"crossref_only"
"Makarieva_2008","S1a:McVittie et al. 1962","McVittie A., Messik F., Zahler S.A. (1962) Developmental biology of Myxococcus. Journal of Bacteriology 84: 546-551.",,1,"measurement","McVittie",1962,"Developmental biology of Myxococcus","Journal of Bacteriology","84","546-551","10.1128/jb.84.3.546-551.1962","McVittie:1962aa","McVittie_1962","certain","crossref_only","crossref",1,TRUE,TRUE,TRUE,TRUE,TRUE,,FALSE,,"2026-10-06T16:35:46Z","tbmcite 0.1.0",,,,"S1a list (p. 47-59)",,,"crossref_only"
"Makarieva_2008","S1a:Meagher et al. 1972","Meagher R.B., McCorkle G.M., Ornston M.K., Ornston L.N. (1972) Inducible uptake system for β-carboxy-cis, cis-muconate in a permeability mutant of Pseudomonas putida. Journal of Bacteriology 111: 465-473.",,1,"measurement","Meagher",1972,"Inducible uptake system for -carboxy-cis, cis-muconate in a permeability mutant of Pseudomonas putida","Journal of Bacteriology","111","465-473","10.1128/jb.111.2.465-473.1972","Meagher:1972aa","Meagher_1972","certain","crossref_only","crossref",1,TRUE,TRUE,TRUE,TRUE,TRUE,,FALSE,,"2026-10-06T16:35:46Z","tbmcite 0.1.0",,,,"S1a list (p. 47-59)",,,"crossref_only"
"Makarieva_2008","S1a:Mescher & Strominger 1976","Mescher M.F., Strominger J.L. (1976) Structural (shape-maintaining) role of the cell surface glycoprotein of Halobacterium salinarium. Proceedings of the National Academy of Sciences of the United States of America 73: 2687-2691.",,1,"measurement","Mescher",1976,"Structural (shape-maintaining) role of the cell surface glycoprotein of Halobacterium salinarium","Proceedings of the National Academy of Sciences of the United States of America","73","2687-2691","10.1073/pnas.73.8.2687","Mescher:1976aa","Mescher_1976","certain","crossref_only","crossref",1,TRUE,TRUE,TRUE,TRUE,TRUE,,FALSE,,"2026-10-06T16:35:46Z","tbmcite 0.1.0",,,,"S1a list (p. 47-59)",,,"crossref_only"
"Makarieva_2008","S1a:Minami 1957","Minami K. (1957) Bactericidal action of oleic acid for tubercle bacilli: I. Quantitative and analytical survey of the action. Journal of Bacteriology 73: 338-344. Jayasuriya G.C.N. (1956) The oxidative properties of an oxalate-decomposing organism, Pseudomonas OD1, with particular reference to the synthesis of citrate from glycollate. Biochemical Journal 64: 469-477.",,1,"measurement","Minami",1957,"Bactericidal action of oleic acid for tubercle bacilli: I. Quantitative and analytical survey of the action","Journal of Bacteriology 73: 338-344. Jayasuriya G.C.N. (1956) The oxidative properties of an oxalate-decomposing organism, Pseudomonas OD1, with particular reference to the synthesis of citrate from glycollate. Biochemical Journal","64","469-477","10.1128/jb.73.3.338-344.1957","Minami:1957aa","Minami_1957","certain","crossref_only","crossref;consensus-mcp",1,TRUE,TRUE,TRUE,FALSE,FALSE,,FALSE,,"2026-10-06T16:35:46Z","tbmcite 0.1.0",,,,"S1a list (p. 47-59)",,,"crossref_only"
"Makarieva_2008","S1a:Mitruka et al. 1967","Mitruka B.M., Costilow R.N., Black S.H., Pepper R.E. (1967) Comparisons of cells, refractile bodies, and spores of Bacillus popilliae. Journal of Bacteriology 94: 759-765.",,1,"measurement","Mitruka",1967,"Comparisons of cells, refractile bodies, and spores of Bacillus popilliae","Journal of Bacteriology","94","759-765","10.1128/jb.94.3.759-765.1967","Mitruka:1967aa","Mitruka_1967","certain","crossref_only","crossref",1,TRUE,TRUE,TRUE,TRUE,TRUE,,FALSE,,"2026-10-06T16:35:46Z","tbmcite 0.1.0",,,,"S1a list (p. 47-59)",,,"crossref_only"
"Makarieva_2008","S1a:Montesinos et al. 1983","Montesinos E., Esteve I., Guerrero R. (1983) Comparison between direct methods for determination of microbial cell volume: electron microscopy and electronic particle sizing. Applied and Environmental Microbiology 45: 1651-1658.",,8,"measurement","Montesinos",1983,"Comparison between direct methods for determination of microbial cell volume: electron microscopy and electronic particle sizing","Applied and Environmental Microbiology","45","1651-1658","10.1128/aem.45.5.1651-1658.1983","Montesinos:1983aa","Montesinos_1983","certain","crossref_only","crossref",1,TRUE,TRUE,TRUE,TRUE,TRUE,,FALSE,,"2026-10-06T16:35:46Z","tbmcite 0.1.0",,,,"S1a list (p. 47-59)",,,"crossref_only"
"Makarieva_2008","S1a:Morawski et al. 1997","Morawski B., Eaton R.W., Rossiter J.T., Guoping S., Griengl H., Ribbons D.W. (1997) 25: 2-Naphthoate catabolic pathway in Burkholderia strain JT 1500. Journal of Bacteriology 179: 115-121.",,1,"measurement","Morawski",1997,"25: 2-Naphthoate catabolic pathway in Burkholderia strain JT 1500","Journal of Bacteriology","179","115-121","10.1128/jb.179.1.115-121.1997","Morawski:1997aa","Morawski_1997","approved","owner_candidate","crossref",0.8698,TRUE,TRUE,TRUE,TRUE,TRUE,,FALSE,,"2026-10-06T16:35:46Z","tbmcite 0.1.0","owner","2026-10-06",,"S1a list (p. 47-59)",,,"crossref_only"
"Makarieva_2008","S1a:Nickerson & Sherman 1952","Nickerson W.J., Sherman F.G. (1952) Metabolic aspects of bacterial growth in the absence of cell division II. Respiration of normal and filamentous cells of Bacillus cerrus. Journal of Bacteriology 64: 667-678.",,1,"measurement","Nickerson",1952,"Metabolic aspects of bacterial growth in the absence of cell division II","Respiration of normal and filamentous cells of Bacillus cerrus. Journal of Bacteriology","64","667-678","10.1128/jb.64.5.667-678.1952","Nickerson:1952aa","Nickerson_1952","approved","owner_candidate","crossref",0.739,TRUE,TRUE,TRUE,TRUE,TRUE,,FALSE,,"2026-10-06T16:35:46Z","tbmcite 0.1.0","owner","2026-10-06",,"S1a list (p. 47-59)",,,"crossref_only"
"Makarieva_2008","S1a:Novitsky & Morita 1976","Novitsky J.A., Morita R.Y. (1976) Morphological characterization of small cells resulting from nutrient starvation of a pyschrophilic marine vibrio. Ap- plied and Environmental Microbiology 32: 617-622.",,1,"measurement","Novitsky",1976,"Morphological characterization of small cells resulting from nutrient starvation of a pyschrophilic marine vibrio","Ap- plied and Environmental Microbiology","32","617-622","10.1128/aem.32.4.617-622.1976","Novitsky:1976aa","Novitsky_1976","approved","owner_candidate","crossref",0.9082,TRUE,TRUE,TRUE,TRUE,TRUE,,FALSE,,"2026-10-06T16:35:46Z","tbmcite 0.1.0","owner","2026-10-06",,"S1a list (p. 47-59)",,,"crossref_only"
"Makarieva_2008","S1a:Novitsky & Morita 1977","Novitsky J.A., Morita R.Y. (1977) Survival of a psychrophilic marine vibrio under long-term nutrient starvation. Applied and Environmental Microbiol- ogy 33: 635-641.",,1,"measurement","Novitsky",1977,"Survival of a psychrophilic marine vibrio under long-term nutrient starvation","Applied and Environmental Microbiol- ogy","33","635-641","10.1128/aem.33.3.635-641.1977","Novitsky:1977aa","Novitsky_1977","certain","crossref_only","crossref",1,TRUE,TRUE,TRUE,TRUE,TRUE,,FALSE,,"2026-10-06T16:35:46Z","tbmcite 0.1.0",,,,"S1a list (p. 47-59)",,,"crossref_only"
"Makarieva_2008","S1a:Overmann & Pfennig 1992","Overmann J., Pfennig N. (1992) Continuous chemotrophic growth and respiration of Chromatiaceae species at low oxygen concentrations. Archives of Microbiology 158: 59-67.",,5,"measurement","Overmann",1992,"Continuous chemotrophic growth and respiration of Chromatiaceae species at low oxygen concentrations","Archives of Microbiology","158","59-67","10.1007/bf00249067","Overmann:1992aa","Overmann_1992","certain","crossref_only","crossref",1,TRUE,TRUE,TRUE,TRUE,TRUE,,FALSE,,"2026-10-06T16:35:46Z","tbmcite 0.1.0",,,,"S1a list (p. 47-59)",,,"crossref_only"
"Makarieva_2008","S1a:Packer & Vishniac 1955","Packer L., Vishniac W. (1955) Chemosynthetic fixation of carbon dioxide and characteristics of hydrogenase in resting cell suspensions of Hydro- genomonas ruhlandii nov. spec. Journal of Bacteriology 70: 216-223.",,1,"measurement","Packer",1955,"Chemosynthetic fixation of carbon dioxide and characteristics of hydrogenase in resting cell suspensions of Hydro- genomonas ruhlandii nov. spec","Journal of Bacteriology","70","216-223","10.1128/jb.70.2.216-223.1955","Packer:1955aa","Packer_1955","approved","owner_candidate","crossref",0.8911,TRUE,TRUE,TRUE,TRUE,TRUE,,FALSE,,"2026-10-06T16:35:46Z","tbmcite 0.1.0","owner","2026-10-06",,"S1a list (p. 47-59)",,,"crossref_only"
"Makarieva_2008","S1a:Peel & Quayle 1961","Peel D., Quayle J.R. (1961) Microbial growth on C1 compounds. 1. Isolation and characterization of Pseudomonas AM1. Biochemical Journal 81: 465-469.",,1,"measurement","Peel",1961,"Microbial growth on C1 compounds. 1. Isolation and characterization of Pseudomonas AM1","Biochemical Journal","81","465-469","10.1042/bj0810465","Peel:1961aa","Peel_1961","approved","owner_candidate","crossref",0.6599,TRUE,TRUE,TRUE,TRUE,TRUE,,FALSE,,"2026-10-06T16:35:46Z","tbmcite 0.1.0","owner","2026-10-06",,"S1a list (p. 47-59); parsed_* completed by the round (journal entry)",,,"crossref_only"
"Makarieva_2008","S1a:Pepper & Costilow 1964","Pepper R.E., Costilow R.N. (1964) Glucose catabolism by Bacillus popilliae and Bacillus lentimorbus. Journal of Bacteriology 87: 303-310.",,1,"measurement","Pepper",1964,"Glucose catabolism by Bacillus popilliae and Bacillus lentimorbus","Journal of Bacteriology","87","303-310","10.1128/jb.87.2.303-310.1964","Pepper:1964aa","Pepper_1964","certain","crossref_only","crossref",1,TRUE,TRUE,TRUE,TRUE,TRUE,,FALSE,,"2026-10-06T16:35:46Z","tbmcite 0.1.0",,,,"S1a list (p. 47-59)",,,"crossref_only"
"Makarieva_2008","S1a:Peterson 1970","Peterson J.A. (1970) Cytochrome content of two pseudomonads containing mixed-function oxidase systems. Journal of Bacteriology 103: 714-721.",,2,"measurement","Peterson",1970,"Cytochrome content of two pseudomonads containing mixed-function oxidase systems","Journal of Bacteriology","103","714-721","10.1128/jb.103.3.714-721.1970","Peterson:1970aa","Peterson_1970","certain","crossref_only","crossref",1,TRUE,TRUE,TRUE,TRUE,TRUE,,FALSE,,"2026-10-06T16:35:46Z","tbmcite 0.1.0",,,,"S1a list (p. 47-59)",,,"crossref_only"
"Makarieva_2008","S1a:Peterson & LaRue 1982","Peterson J.B., LaRue T.A. (1982) Soluble aldehyde dehydrogenase and metabolism of aldehydes by soybean bacteroids. Journal of Bacteriology 151: 1473-1484.",,1,"measurement","Peterson",1982,"Soluble aldehyde dehydrogenase and metabolism of aldehydes by soybean bacteroids","Journal of Bacteriology","151","1473-1484","10.1128/jb.151.3.1473-1484.1982","Peterson:1982aa","Peterson_1982","certain","crossref_only","crossref",1,TRUE,TRUE,TRUE,TRUE,TRUE,,FALSE,,"2026-10-06T16:35:46Z","tbmcite 0.1.0",,,,"S1a list (p. 47-59)",,,"crossref_only"
"Makarieva_2008","S1a:Raymond et al. 1967","Raymond R.L., Jamison V.W., Hudson J.O. (1967) Microbial hydrocarbon co-oxidation: I. Oxidation of mono- and dicyclic hydrocarbons by soil iso- lates of the genus Nocardia. Applied Microbiology 15: 857-865.",,1,"measurement","Raymond",1967,"Microbial hydrocarbon co-oxidation: I. Oxidation of mono- and dicyclic hydrocarbons by soil iso- lates of the genus Nocardia","Applied Microbiology","15","857-865","10.1128/am.15.4.857-865.1967","Raymond:1967aa","Raymond_1967","approved","owner_candidate","crossref",0.884,TRUE,TRUE,TRUE,TRUE,TRUE,,FALSE,,"2026-10-06T16:35:46Z","tbmcite 0.1.0","owner","2026-10-06",,"S1a list (p. 47-59)",,,"crossref_only"
"Makarieva_2008","S1a:Reed & Dugan 1979","Reed W.M., Dugan P.R. (1979) Study of developmental stages of Methylosinus trichosporium with the aid of fluorescent-antibody staining tech- niques. Applied and Environmental Microbiology 38: 1179-1183.",,1,"measurement","Reed",1979,"Study of developmental stages of Methylosinus trichosporium with the aid of fluorescent-antibody staining tech- niques","Applied and Environmental Microbiology","38","1179-1183","10.1128/aem.38.6.1179-1183.1979","Reed:1979aa","Reed_1979","approved","owner_candidate","crossref",0.8741,TRUE,TRUE,TRUE,TRUE,TRUE,,FALSE,,"2026-10-06T16:35:46Z","tbmcite 0.1.0","owner","2026-10-06",,"S1a list (p. 47-59)",,,"crossref_only"
"Makarieva_2008","S1a:Robertson & Batt 1973","Robertson J.G., Batt R.D. (1973) Survival of Nocardia corallina and degradation of constituents during starvation. Journal of General Microbiology 78: 109-117.",,2,"measurement","Robertson",1973,"Survival of Nocardia corallina and degradation of constituents during starvation","Journal of General Microbiology","78","109-117","10.1099/00221287-78-1-109","Robertson:1973aa","Robertson_1973","certain","crossref_only","crossref",1,TRUE,TRUE,TRUE,TRUE,TRUE,,FALSE,,"2026-10-06T16:35:46Z","tbmcite 0.1.0",,,,"S1a list (p. 47-59)",,,"crossref_only"
"Makarieva_2008","S1a:Rogoff 1962","Rogoff M.H. (1962) Chemistry of oxidation of polycyclic aromatic hydrocarbons by soil pseudomonads. Journal of Bacteriology 83: 998-1004.",,1,"measurement","Rogoff",1962,"Chemistry of oxidation of polycyclic aromatic hydrocarbons by soil pseudomonads","Journal of Bacteriology","83","998-1004","10.1128/jb.83.5.998-1004.1962","Rogoff:1962aa","Rogoff_1962","certain","crossref_only","crossref;consensus-mcp",1,TRUE,TRUE,TRUE,TRUE,TRUE,,FALSE,,"2026-10-06T16:35:46Z","tbmcite 0.1.0",,,,"S1a list (p. 47-59)",,,"crossref_only"
"Makarieva_2008","S1a:Sabina & Pivnick 1956","Sabina L.R., Pivnick H. (1956) Oxidation of soluble oil emulsions and emulsifiers by Pseudomonas oleovorans and Pseudomonas formicans. Ap- plied Microbiology 4: 171-175.",,2,"measurement","Sabina",1956,"Oxidation of soluble oil emulsions and emulsifiers by Pseudomonas oleovorans and Pseudomonas formicans","Ap- plied Microbiology","4","171-175","10.1128/am.4.4.171-175.1956","Sabina:1956aa","Sabina_1956","certain","crossref_only","crossref;consensus-mcp",1,TRUE,TRUE,TRUE,TRUE,TRUE,,FALSE,,"2026-10-06T16:35:46Z","tbmcite 0.1.0",,,,"S1a list (p. 47-59)",,,"crossref_only"
"Makarieva_2008","S1a:Schatz & Bovell 1952","Schatz A., Bovell C. Jr. (1952) Growth and hydrogenase activity of a new bacterium, Hydrogenomonas facilis. Journal of Bacteriology 63: 87-98.",,1,"measurement","Schatz",1952,"Growth and hydrogenase activity of a new bacterium, Hydrogenomonas facilis","Journal of Bacteriology","63","87-98","10.1128/jb.63.1.87-98.1952","Schatz:1952aa","Schatz_1952","certain","crossref_only","crossref;consensus-mcp",1,TRUE,TRUE,TRUE,TRUE,TRUE,,FALSE,,"2026-10-06T16:35:46Z","tbmcite 0.1.0",,,,"S1a list (p. 47-59)",,,"crossref_only"
"Makarieva_2008","S1a:Schleper et al. 1995","Schleper C., Puehler G., Holz I., Gambacorta A., Janekovic D., Santarius U., Klenk H.-P., Zillig W. (1995) Picrophilus gen. nov., fam. nov.: a novel aerobic, heterotrophic, thermoacidophilic genus and family comprising archaea capable of growth around pH 0. Journal of Bacteriology 177: 7050-7059.",,1,"measurement","Schleper",1995,"Picrophilus gen. nov., fam. nov.: a novel aerobic, heterotrophic, thermoacidophilic genus and family comprising archaea capable of growth around pH 0. Journal of Bacteriology",,"177","7050-7059","10.1128/jb.177.24.7050-7059.1995","Schleper:1995aa","Schleper_1995","certain","crossref_only","crossref",0.9328,TRUE,TRUE,FALSE,TRUE,TRUE,,FALSE,,"2026-10-06T16:35:46Z","tbmcite 0.1.0",,,,"S1a list (p. 47-59)",,,"crossref_only"
"Makarieva_2008","S1a:Sebek & Barker 1968","Sebek O.K., Barker H.A. (1968) Metabolism of β-methylaspartate by a pseudomonad. Journal of Bacteriology 96: 2094-2098.",,1,"measurement","Sebek",1968,"Metabolism of -methylaspartate by a pseudomonad","Journal of Bacteriology","96","2094-2098","10.1128/jb.96.6.2094-2098.1968","Sebek:1968aa","Sebek_1968","certain","crossref_only","crossref",1,TRUE,TRUE,TRUE,TRUE,TRUE,,FALSE,,"2026-10-06T16:35:46Z","tbmcite 0.1.0",,,,"S1a list (p. 47-59)",,,"crossref_only"
"Makarieva_2008","S1a:Segal & Bloch 1956","Segal W., Bloch H. (1956) Biochemical differentiation of Mycobacterium tuberculosis grown in vivo and in vitro. Journal of Bacteriology 72: 132-141.",,1,"measurement","Segal",1956,"Biochemical differentiation of Mycobacterium tuberculosis grown in vivo and in vitro","Journal of Bacteriology","72","132-141","10.1128/jb.72.2.132-141.1956","Segal:1956aa","Segal_1956","certain","crossref_only","crossref;consensus-mcp",1,TRUE,TRUE,TRUE,TRUE,TRUE,,FALSE,,"2026-10-06T16:35:46Z","tbmcite 0.1.0",,,,"S1a list (p. 47-59)",,,"crossref_only"
"Makarieva_2008","S1a:Sierra & Gibbons 1962","Sierra G., Gibbons N.E. (1962) Role and oxidation pathway of poly-β-hydroxybutyric acid in Micrococcus halodenitrificans. Canadian Journal of Mi- crobiology 8: 255-269.",,1,"measurement","Sierra",1962,"Role and oxidation pathway of poly--hydroxybutyric acid in Micrococcus halodenitrificans","Canadian Journal of Mi- crobiology","8","255-269","10.1139/m62-032","Sierra:1962aa","Sierra_1962","certain","crossref_only","crossref",1,TRUE,TRUE,TRUE,TRUE,TRUE,,FALSE,,"2026-10-06T16:35:46Z","tbmcite 0.1.0",,,,"S1a list (p. 47-59)",,,"crossref_only"
"Makarieva_2008","S1a:Silver 1970","Silver M. (1970) Oxidation of elemental sulfur and sulfur compounds and CO2 fixation by Ferrobacillus ferrooxidans (Thiobacillus thiooxidans). Ca- nadian Journal of Microbiology 16: 845-848.",,1,"measurement","Silver",1970,"Oxidation of elemental sulfur and sulfur compounds and CO2 fixation by Ferrobacillus ferrooxidans (Thiobacillus thiooxidans)","Ca- nadian Journal of Microbiology","16","845-848","10.1139/m70-142","Silver:1970aa","Silver_1970","approved","owner_candidate","crossref",0.805,TRUE,TRUE,TRUE,TRUE,TRUE,,FALSE,,"2026-10-06T16:35:46Z","tbmcite 0.1.0","owner","2026-10-06",,"S1a list (p. 47-59)",,,"crossref_only"
"Makarieva_2008","S1a:Smith & Hoare 1968","Smith A.J., Hoare D.S. (1968) Acetate assimilation by Nitrobacter agilis in relation to its ""obligate autotrophy"". Journal of Bacteriology 95: 844-855.",,1,"measurement","Smith",1968,"Acetate assimilation by Nitrobacter agilis in relation to its ""obligate autotrophy"". Journal of Bacteriology",,"95","844-855","10.1128/jb.95.3.844-855.1968","Smith:1968aa","Smith_1968","approved","owner_candidate","crossref",0.866,TRUE,TRUE,FALSE,TRUE,TRUE,,FALSE,,"2026-10-06T16:35:46Z","tbmcite 0.1.0","owner","2026-10-06",,"S1a list (p. 47-59)",,,"crossref_only"
"Makarieva_2008","S1a:Sobek et al. 1966","Sobek J.M., Charba J.F., Foust W.N. (1966) Endogenous metabolism of Azotobacter agilis. Journal of Bacteriology 92: 687-695.",,1,"measurement","Sobek",1966,"Endogenous metabolism of Azotobacter agilis","Journal of Bacteriology","92","687-695","10.1128/jb.92.3.687-695.1966","Sobek:1966aa","Sobek_1966","certain","crossref_only","crossref",1,TRUE,TRUE,TRUE,TRUE,TRUE,,FALSE,,"2026-10-06T16:35:46Z","tbmcite 0.1.0",,,,"S1a list (p. 47-59)",,,"crossref_only"
"Makarieva_2008","S1a:Sobek & Talburt 1968","Sobek J.M., Talburt D.E. (1968) Effects of the rare earth cerium on Escherichia coli. Journal of Bacteriology 95: 47-51.",,1,"measurement","Sobek",1968,"Effects of the rare earth cerium on Escherichia coli","Journal of Bacteriology","95","47-51","10.1128/jb.95.1.47-51.1968","Sobek:1968aa","Sobek_1968","certain","crossref_only","crossref",1,TRUE,TRUE,TRUE,TRUE,TRUE,,FALSE,,"2026-10-06T16:35:46Z","tbmcite 0.1.0",,,,"S1a list (p. 47-59)",,,"crossref_only"
"Makarieva_2008","S1a:Sorokin et al. 2000","Sorokin D.Y., Jones B.E., Kuenen J.G. (2000) An obligate methylotrophic, methane-oxidizing Methylomicrobium species from a highly alkaline envi- ronment. Extremophiles 4: 145-155.",,1,"measurement","Sorokin",2000,"An obligate methylotrophic, methane-oxidizing Methylomicrobium species from a highly alkaline envi- ronment","Extremophiles","4","145-155","10.1007/s007920070029","Sorokin:2000aa","Sorokin_2000","approved","owner_candidate","crossref",0.8627,TRUE,TRUE,TRUE,TRUE,TRUE,,FALSE,,"2026-10-06T16:35:46Z","tbmcite 0.1.0","owner","2026-10-06",,"S1a list (p. 47-59)",,,"crossref_only"
"Makarieva_2008","S1a:Sparnins et al. 1974","Sparnins V.L., Chapman P.J., Dagley S. (1974) Bacterial degradation of 4-hydroxyphenylacetic acid and homoprotocatechuic acid. Journal of Bac- teriology 120: 159-167.",,1,"measurement","Sparnins",1974,"Bacterial degradation of 4-hydroxyphenylacetic acid and homoprotocatechuic acid","Journal of Bac- teriology","120","159-167","10.1128/jb.120.1.159-167.1974","Sparnins:1974aa","Sparnins_1974","certain","crossref_only","crossref",1,TRUE,TRUE,TRUE,TRUE,TRUE,,FALSE,,"2026-10-06T16:35:46Z","tbmcite 0.1.0",,,,"S1a list (p. 47-59)",,,"crossref_only"
"Makarieva_2008","S1a:Spendlove et al. 1957","Spendlove R., Weiser H.H., Harper W.J. (1957) Factors affecting the initiation of respiration of Streptococcus lactis. Applied Microbiology 5: 281-285.",,1,"measurement","Spendlove",1957,"Factors affecting the initiation of respiration of Streptococcus lactis","Applied Microbiology","5","281-285","10.1128/am.5.5.281-285.1957","Spendlove:1957aa","Spendlove_1957","certain","crossref_only","crossref;consensus-mcp",1,TRUE,TRUE,TRUE,TRUE,TRUE,,FALSE,,"2026-10-06T16:35:46Z","tbmcite 0.1.0",,,,"S1a list (p. 47-59)",,,"crossref_only"
"Makarieva_2008","S1a:Stevenson 1966","Stevenson J. (1966) The specific requirement for sodium chloride for the active uptake of l-glutamate by Halobacterium salinarium. Journal of Bac- teriology 99: 257-260.",,1,"measurement","Stevenson",1966,"The specific requirement for sodium chloride for the active uptake of l-glutamate by Halobacterium salinarium","Journal of Bac- teriology","99","257-260","10.1042/bj0990257","Stevenson:1966aa","Stevenson_1966","certain","crossref_only","crossref",1,TRUE,TRUE,FALSE,TRUE,TRUE,,FALSE,,"2026-10-06T16:35:46Z","tbmcite 0.1.0",,,,"S1a list (p. 47-59)",,,"crossref_only"
"Makarieva_2008","S1a:Stokes 1954","Stokes J.L. (1954) Studies on the filamentous sheathed iron bacterium Sphaerotilus natans. Journal of Bacteriology 67: 278-291.",,1,"measurement","Stokes",1954,"Studies on the filamentous sheathed iron bacterium Sphaerotilus natans","Journal of Bacteriology","67","278-291","10.1128/jb.67.3.278-291.1954","Stokes:1954aa","Stokes_1954","certain","crossref_only","crossref;consensus-mcp",1,TRUE,TRUE,TRUE,TRUE,TRUE,,FALSE,,"2026-10-06T16:35:46Z","tbmcite 0.1.0",,,,"S1a list (p. 47-59)",,,"crossref_only"
"Makarieva_2008","S1a:Takayanagi et al. 1996","Takayanagi S., Kawasaki H., Sugimori K., Yamada T., Sugai A., Ito T., Yamasato K., Shioda M. (1996) Sulfolobus hakonensis sp. nov., a novel species of acidothermophilic archaeon. International Journal of Systematic Bacteriology 46: 377-382.",,1,"measurement","Takayanagi",1996,"Sulfolobus hakonensis sp. nov., a novel species of acidothermophilic archaeon","International Journal of Systematic Bacteriology","46","377-382","10.1099/00207713-46-2-377","Takayanagi:1996aa","Takayanagi_1996","certain","crossref_only","crossref",1,TRUE,TRUE,TRUE,TRUE,TRUE,,FALSE,,"2026-10-06T16:35:46Z","tbmcite 0.1.0",,,,"S1a list (p. 47-59)",,,"crossref_only"
"Makarieva_2008","S1a:Takeo & Uesaka 1975","Takeo K., Uesaka I. (1975) Existence of a simple configuration in the wall surface of Nocardia mycellium. Journal of General Microbiology 87: 373-376.",,1,"measurement","Takeo",1975,"Existence of a simple configuration in the wall surface of Nocardia mycellium","Journal of General Microbiology","87","373-376","10.1099/00221287-87-2-373","Takeo:1975aa","Takeo_1975","approved","owner_candidate","crossref",0.8737,TRUE,TRUE,TRUE,TRUE,TRUE,,FALSE,,"2026-10-06T16:35:46Z","tbmcite 0.1.0","owner","2026-10-06",,"S1a list (p. 47-59)",,,"crossref_only"
"Makarieva_2008","S1a:Tappe et al. 1999","Tappe W., Laverman A., Bohland M., Braster M., Rittershaus S., Groeneweg J., van Verseveld H.W. (1999) Maintenance energy demand and star- vation recovery dynamics of Nitrosomonas europaea and Nitrobacter winogradskyi cultivated in a retentostat with complete biomass retention. Applied and Environmental Microbiology 65: 2471-2477.",,3,"measurement","Tappe",1999,"Maintenance energy demand and star- vation recovery dynamics of Nitrosomonas europaea and Nitrobacter winogradskyi cultivated in a retentostat with complete biomass retention","Applied and Environmental Microbiology","65","2471-2477","10.1128/aem.65.6.2471-2477.1999","Tappe:1999aa","Tappe_1999","approved","owner_candidate","crossref",0.874,TRUE,TRUE,TRUE,TRUE,TRUE,,FALSE,,"2026-10-06T16:35:46Z","tbmcite 0.1.0","owner","2026-10-06",,"S1a list (p. 47-59)",,,"crossref_only"
"Makarieva_2008","S1a:Tepper 1968","Tepper B.S. (1968) Differences in the utilization of glycerol and glucose by Mycobacterium phlei. Journal of Bacteriology 95: 1713-1717.",,1,"measurement","Tepper",1968,"Differences in the utilization of glycerol and glucose by Mycobacterium phlei","Journal of Bacteriology","95","1713-1717","10.1128/jb.95.5.1713-1717.1968","Tepper:1968aa","Tepper_1968","certain","crossref_only","crossref",1,TRUE,TRUE,TRUE,TRUE,TRUE,,FALSE,,"2026-10-06T16:35:46Z","tbmcite 0.1.0",,,,"S1a list (p. 47-59)",,,"crossref_only"
"Makarieva_2008","S1a:Tesh et al. 1983","Tesh M.J., Morse S.A., Miller R.D. (1983) Intermediary metabolism in Legionella pneumophila: Utilization of amino acids and other compounds as energy sources. Journal of Bacteriology 154: 1104-1109.",,1,"measurement","Tesh",1983,"Intermediary metabolism in Legionella pneumophila: Utilization of amino acids and other compounds as energy sources","Journal of Bacteriology","154","1104-1109","10.1128/jb.154.3.1104-1109.1983","Tesh:1983aa","Tesh_1983","certain","crossref_only","crossref",1,TRUE,TRUE,TRUE,TRUE,TRUE,,FALSE,,"2026-10-06T16:35:46Z","tbmcite 0.1.0",,,,"S1a list (p. 47-59)",,,"crossref_only"
"Makarieva_2008","S1a:Tomlinson & Campbell 1963","Tomlinson G.A., Campbell J.J. (1963) Patterns of oxidative assimilation in strains of Pseudomonas and Achromobacter. Journal of Bacteriology 86: 434-444.",,2,"measurement","Tomlinson",1963,"Patterns of oxidative assimilation in strains of Pseudomonas and Achromobacter","Journal of Bacteriology","86","434-444","10.1128/jb.86.3.434-444.1963","Tomlinson:1963aa","Tomlinson_1963","certain","crossref_only","crossref",1,TRUE,TRUE,TRUE,TRUE,TRUE,,FALSE,,"2026-10-06T16:35:46Z","tbmcite 0.1.0",,,,"S1a list (p. 47-59)",,,"crossref_only"
"Makarieva_2008","S1a:Tsai et al. 1979","Tsai J.C., Aladegbami S.L., Vela G.R. (1979) Phosphate-limited culture of Azotobacter vinelandii. Journal of Bacteriology 139: 639-645.",,2,"measurement","Tsai",1979,"Phosphate-limited culture of Azotobacter vinelandii","Journal of Bacteriology","139","639-645","10.1128/jb.139.2.639-645.1979","Tsai:1979aa","Tsai_1979","certain","crossref_only","crossref",1,TRUE,TRUE,TRUE,TRUE,TRUE,,FALSE,,"2026-10-06T16:35:46Z","tbmcite 0.1.0",,,,"S1a list (p. 47-59)",,,"crossref_only"
"Makarieva_2008","S1a:Van de Vossenberg et al. 1998","Van de Vossenberg J.L.C.M., Driessen A.J.M., Zillig W., Konings W.N. (1998) Bioenergetics and cytoplasmic membrane stability of the extreme acidophilic thermophilic archaeon Picrophilus oshimae. Extremophiles 2: 67-74.",,1,"measurement","Van de Vossenberg JLCM",1998,"Bioenergetics and cytoplasmic membrane stability of the extreme acidophilic thermophilic archaeon Picrophilus oshimae","Extremophiles","2","67-74","10.1007/s007920050044","van-de-Vossenberg:1998aa","vandeVossenberg_1998","approved","owner_candidate","crossref",0.8886,TRUE,TRUE,TRUE,TRUE,TRUE,,FALSE,,"2026-10-06T16:35:46Z","tbmcite 0.1.0","owner","2026-10-06",,"S1a list (p. 47-59)",,,"crossref_only"
"Makarieva_2008","S1a:Van Niel & Gottschal 1998","Van Niel E.W.J., Gottschal J.C. (1998) Oxygen consumption by Desulfovibrio strains with and without polyglucose. Applied and Environmental Mi- crobiology 64: 1034-1039.",,1,"measurement","Van Niel",1998,"Oxygen consumption by Desulfovibrio strains with and without polyglucose","Applied and Environmental Mi- crobiology","64","1034-1039","10.1128/aem.64.3.1034-1039.1998","van-Niel:1998aa","vanNiel_1998","certain","crossref_only","crossref",1,TRUE,TRUE,TRUE,TRUE,TRUE,,FALSE,,"2026-10-06T16:35:46Z","tbmcite 0.1.0",,,,"S1a list (p. 47-59)",,,"crossref_only"
"Makarieva_2008","S1a:Van Veen et al. 1993","Van Veen H.W., Abee T., Kortstee G.J., Konings W.N., Zehnder A.J. (1993) Characterization of two phosphate transport systems in Acinetobacter johnsonii 210A. Journal of Bacteriology 175: 200-206.",,1,"measurement","Van Veen",1993,"Characterization of two phosphate transport systems in Acinetobacter johnsonii 210A","Journal of Bacteriology","175","200-206","10.1128/jb.175.1.200-206.1993","Van-Veen:1993aa","VanVeen_1993","certain","crossref_only","crossref",1,TRUE,TRUE,TRUE,TRUE,TRUE,,FALSE,,"2026-10-06T16:35:46Z","tbmcite 0.1.0",,,,"S1a list (p. 47-59)",,,"crossref_only"
"Makarieva_2008","S1a:Ventosa et al. 1998","Ventosa A., Nieto J.N.J., Oren A. (1998) Biology of moderately halophilic aerobic bacteria. Microbiology and Molecular Biology Reviews 62: 504-544.",,1,"measurement","Ventosa",1998,"Biology of moderately halophilic aerobic bacteria","Microbiology and Molecular Biology Reviews","62","504-544","10.1128/mmbr.62.2.504-544.1998","Ventosa:1998aa","Ventosa_1998","certain","crossref_only","crossref",1,TRUE,TRUE,TRUE,TRUE,TRUE,,FALSE,,"2026-10-06T16:35:46Z","tbmcite 0.1.0",,,,"S1a list (p. 47-59)",,,"crossref_only"
"Makarieva_2008","S1a:Vogler 1942b","Vogler K.G. (1942b) Studies on the metabolism of autotrophic bacteria. II. The nature of the chemosynthetic reaction. Journal of General Physiology 26: 103-117.",,1,"measurement","Vogler",1942,"Studies on the metabolism of autotrophic bacteria","II. The nature of the chemosynthetic reaction. Journal of General Physiology","26","103-117","10.1085/jgp.26.1.103","Vogler:1942aa","Vogler_1942","approved","owner_candidate","crossref",1,TRUE,TRUE,TRUE,TRUE,TRUE,,FALSE,,"2026-10-06T16:35:46Z","tbmcite 0.1.0","owner","2026-10-06",,"S1a list (p. 47-59)",,,"crossref_only"
"Makarieva_2008","S1a:Walker 1959","Walker J.R. (1959) Pyruvate metabolism in Lactobacillus brevis. Biochemical Journal 72: 188-192.",,1,"measurement","Walker",1959,"Pyruvate metabolism in Lactobacillus brevis","Biochemical Journal","72","188-192","10.1042/bj0720188","Walker:1959aa","Walker_1959","certain","crossref_only","crossref;consensus-mcp",1,TRUE,TRUE,TRUE,TRUE,TRUE,,FALSE,,"2026-10-06T16:35:46Z","tbmcite 0.1.0",,,,"S1a list (p. 47-59)",,,"crossref_only"
"Makarieva_2008","S1a:Weinstein et al. 1962","Weinstein I., Guss M.L., Altenbern R.A. (1962) Pyruvate oxidation by Pasteurella tularensis strains of graded virulence. Journal of Bacteriology 83: 1010-1016.",,1,"measurement","Weinstein",1962,"Pyruvate oxidation by Pasteurella tularensis strains of graded virulence","Journal of Bacteriology","83","1010-1016","10.1128/jb.83.5.1010-1016.1962","Weinstein:1962aa","Weinstein_1962","certain","crossref_only","crossref",1,TRUE,TRUE,TRUE,TRUE,TRUE,,FALSE,,"2026-10-06T16:35:46Z","tbmcite 0.1.0",,,,"S1a list (p. 47-59)",,,"crossref_only"
"Makarieva_2008","S1a:Wen et al. 1999","Wen A., Fegan M., Hayward C., Chakraborty S., Sly L.I. (1999) Phylogenetic relationships among members of the Comamonadaceae, and descrip- tion of Delftia acidovorans (den Dooren de Jong 1926 and Tamaoka et al. 1987) gen. nov., comb. nov. International Journal of Systematic Bacteriology 49: 567-576.",,4,"measurement","Wen",1999,"Phylogenetic relationships among members of the Comamonadaceae, and descrip- tion of Delftia acidovorans (den Dooren de Jong 1926 and Tamaoka et al","1987) gen. nov., comb. nov. International Journal of Systematic Bacteriology","49","567-576","10.1099/00207713-49-2-567","Wen:1999aa","Wen_1999","approved","owner_candidate","crossref",0.7966,TRUE,TRUE,FALSE,TRUE,TRUE,,FALSE,,"2026-10-06T16:35:46Z","tbmcite 0.1.0","owner","2026-10-06",,"S1a list (p. 47-59)",,,"crossref_only"
"Makarieva_2008","S1a:Wieslander et al. 1987","Wieslander A., Nordström S., Dahlqvist A., Rilfors L., Lindblom G. (1987) Membrane lipid composition and cell size of Acholeplasma laidlawii strain A are strongly influenced by lipid acyl chain length. European Journal of Biochemistry 227: 734-744.",,1,"measurement","Wieslander",1987,"Membrane lipid composition and cell size of Acholeplasma laidlawii strain A are strongly influenced by lipid acyl chain length","European Journal of Biochemistry","227","734-744","10.1111/j.1432-1033.1995.0734p.x",,,"pending","ambiguous","crossref",1,TRUE,FALSE,TRUE,TRUE,TRUE,,FALSE,,"2026-10-06T16:35:46Z","tbmcite 0.1.0",,,,"S1a list (p. 47-59)",,,"crossref_only"
"Makarieva_2008","S1a:Youmans et al. 1960","Youmans A.S., Youmans G.P., Hegre A. Jr. (1960) Effect of homogenates of organs from immunized guinea pigs on the respiration of Mycobacte- rium tuberculosis. Journal of Bacteriology 80: 394-399.",,1,"measurement","Youmans",1960,"Effect of homogenates of organs from immunized guinea pigs on the respiration of Mycobacte- rium tuberculosis","Journal of Bacteriology","80","394-399","10.1128/jb.80.3.394-399.1960","Youmans:1960aa","Youmans_1960","approved","owner_candidate","crossref",0.8604,TRUE,TRUE,TRUE,TRUE,TRUE,,FALSE,,"2026-10-06T16:35:46Z","tbmcite 0.1.0","owner","2026-10-06",,"S1a list (p. 47-59)",,,"crossref_only"
"Makarieva_2008","S2a:Boell 1945","Boell E.J. Respiratory enzymes in Paramecium: I. Cytochrome oxidase. - Proc. nat. Acad. Sci. USA, 1945, v.31, N.12, p.396-402.",,1,"measurement","Boell",1945,"Respiratory enzymes in Paramecium: I. Cytochrome oxidase","Proc. nat. Acad. Sci. USA","31","396-402","10.1073/pnas.31.12.396","Boell:1945aa","Boell_1945","approved","owner_doi","crossref",0.8393,TRUE,TRUE,TRUE,TRUE,TRUE,,,,"2026-10-06T17:14:17Z","tbmcite 0.1.0","owner","2026-10-06",,"S2a list (p. 70-77); parsed_* set by the round from the Russian-style entry (authors / title / - journal, year, v., N., p.)",,,"crossref_only"
"Makarieva_2008","S2a:Chatterjee & Ghosh 1959","Chatterjee A.N., Ghosh J.J. Studies on the metabolism of Leishmania donovani, the causative organism for Kalauazar. - Ann. biochem. exp. Med., 1959, v.19, N.2, p.37-50.",,1,"measurement","Chatterjee",1959,"Studies on the metabolism of Leishmania donovani, the causative organism for Kalauazar","Ann. biochem. exp. Med","19","37-50",,"Chatterjee:1959aa","Chatterjee_1959","nodoi_approved","owner_nodoi","crossref",0.5765,TRUE,FALSE,FALSE,FALSE,FALSE,,FALSE,,"2026-10-06T16:35:46Z","tbmcite 0.1.0","owner","2026-10-06",,"S2a list (p. 70-77); parsed_* set by the round from the Russian-style entry (authors / title / - journal, year, v., N., p.)",,,"crossref_only"
"Makarieva_2008","S2a:Crawford et al. 1994","Crawford D.W., Rogerson A., Laybourn-Parry J. (1994) Respiration of the marine amoeba Trichosphaerium sieboldi determined by 14C labelling and Cartesian diver methods. Marine Ecology Progress Series 112: 135-142.",,1,"measurement","Crawford",1994,"Respiration of the marine amoeba Trichosphaerium sieboldi determined by 14C labelling and Cartesian diver methods","Marine Ecology Progress Series","112","135-142","10.3354/meps112135","Crawford:1994aa","Crawford_1994","certain","crossref_only","crossref",1,TRUE,TRUE,TRUE,TRUE,TRUE,,FALSE,,"2026-10-06T16:35:46Z","tbmcite 0.1.0",,,,"S2a list (p. 70-77)",,,"crossref_only"
"Makarieva_2008","S2a:Doran 1957","Doran D.J. Studies on trichomonads. I. The metabolism of Tritrichomonas foetus and trichomonads from the nasal cavity and cecum of swine. - J. Protozool., 1957, v.4, N.3, p.182-190.",,2,"measurement","Doran",1957,"Studies on trichomonads. I. The metabolism of Tritrichomonas foetus and trichomonads from the nasal cavity and cecum of swine","J. Protozool","4","182-190","10.1111/j.1550-7408.1957.tb02506.x","Doran:1957aa","Doran_1957","approved","owner_doi","crossref",0.9066,TRUE,TRUE,TRUE,TRUE,TRUE,,,,"2026-10-06T17:14:17Z","tbmcite 0.1.0","owner","2026-10-06",,"S2a list (p. 70-77); parsed_* set by the round from the Russian-style entry (authors / title / - journal, year, v., N., p.)",,,"crossref_only"
"Makarieva_2008","S2a:Doran 1958","Doran D.J. Studies on trichomonads. II. The metabolism of Trichomonas batrachorum-type flagellate from the cecum of swine. - J. Protozool,, 1958, v.5, N.1, p.89-93.",,1,"measurement","Doran",1958,"Studies on trichomonads. II. The metabolism of Trichomonas batrachorum-type flagellate from the cecum of swine","J. Protozool","5","89-93","10.1111/j.1550-7408.1958.tb02532.x","Doran:1958aa","Doran_1958","approved","owner_doi","crossref",0.9718,TRUE,TRUE,TRUE,TRUE,TRUE,,,,"2026-10-06T17:14:18Z","tbmcite 0.1.0","owner","2026-10-06",,"S2a list (p. 70-77); parsed_* set by the round from the Russian-style entry (authors / title / - journal, year, v., N., p.)",,,"crossref_only"
"Makarieva_2008","S2a:Edwards & Lloyd 1977 [2]","Edwards S.W., Lloyd D. Cyanide-insensitive respiration in Acanthamoeba castellanii. Changes in sensitivity of whole cell respiration during exponential growth. - J. gen. Microbiol., 1977, v.103, N.2, p.207-213.",,1,"measurement","Edwards",1977,"Cyanide-insensitive respiration in Acanthamoeba castellanii. Changes in sensitivity of whole cell respiration during exponential growth","J. gen. Microbiol","103","207-213","10.1099/00221287-103-2-207",,,"pending","owner_review","crossref;consensus-mcp",1,TRUE,TRUE,TRUE,TRUE,TRUE,,FALSE,,"2026-10-06T16:35:46Z","tbmcite 0.1.0",,,,"S2a list (p. 70-77); parsed_* set by the round from the Russian-style entry (authors / title / - journal, year, v., N., p.)","record key year letter mapped to the position of the entry among the same-author same-year entries of the list",,"crossref_only"
"Makarieva_2008","S2a:Fenchel & Finlay 1983","Fenchel T.B., Finlay J. Respiration rates in heterotrophic, free-living protozoa. - Microb. Ecol., 1983, v.9, p. 99-122.",,5,"measurement","Fenchel",1983,"Respiration rates in heterotrophic, free-living protozoa","Microb. Ecol","9","99-122","10.1007/bf02015125","Fenchel:1983aa","Fenchel_1983","approved","owner_doi","crossref",1,TRUE,TRUE,TRUE,TRUE,TRUE,,,,"2026-10-06T17:14:19Z","tbmcite 0.1.0","owner","2026-10-06",,"S2a list (p. 70-77); parsed_* set by the round from the Russian-style entry (authors / title / - journal, year, v., N., p.)",,,"crossref_only"
"Makarieva_2008","S2a:Gregg 1950","Gregg J.H. Oxygen utilization in relation to growth and morphogenesis of the slime mold Dictyostelium discoideum, - J. exp. Zool., 1950, v.114, N.1, p.173-196.",,1,"measurement","Gregg",1950,"Oxygen utilization in relation to growth and morphogenesis of the slime mold Dictyostelium discoideum,","J. exp. Zool","114","173-196","10.1002/jez.1401140109","Gregg:1950aa","Gregg_1950","approved","owner_doi","crossref",1,TRUE,TRUE,TRUE,TRUE,TRUE,,,,"2026-10-06T17:14:20Z","tbmcite 0.1.0","owner","2026-10-06",,"S2a list (p. 70-77); parsed_* set by the round from the Russian-style entry (authors / title / - journal, year, v., N., p.)",,,"crossref_only"
"Makarieva_2008","S2a:Hamburger & Zeuthen 1957","Hamburger K., Zeuthen E. Synchronous divisions in Tetrahymena pyriformis as studied in an inorganic medium. The effect of 2,4- dinitrophenol. - Exp. Cell Res., 1957, v.13, N.3, p.443-453.",,1,"measurement","Hamburger",1957,"Synchronous divisions in Tetrahymena pyriformis as studied in an inorganic medium. The effect of 2,4- dinitrophenol","Exp. Cell Res","13","443-453","10.1016/0014-4827(57)90074-5","Hamburger:1957aa","Hamburger_1957","approved","owner_doi","crossref",0.9607,TRUE,TRUE,TRUE,TRUE,TRUE,,,,"2026-10-06T17:14:21Z","tbmcite 0.1.0","owner","2026-10-06",,"S2a list (p. 70-77); parsed_* set by the round from the Russian-style entry (authors / title / - journal, year, v., N., p.)",,,"crossref_only"
"Makarieva_2008","S2a:Holwill 1965","Holwill M.E.J. The motion of Strigomonas oncopelti. - J. exp. Biol., 1965, v.42, p. 124-137.",,1,"measurement","Holwill",1965,"The motion of Strigomonas oncopelti","J. exp. Biol","42","124-137","10.1242/jeb.42.1.125","Holwill:1965aa","Holwill_1965","approved","owner_doi","crossref",1,TRUE,TRUE,TRUE,TRUE,FALSE,,,,"2026-10-06T17:14:22Z","tbmcite 0.1.0","owner","2026-10-06",,"S2a list (p. 70-77); parsed_* set by the round from the Russian-style entry (authors / title / - journal, year, v., N., p.)",,,"crossref_only"
"Makarieva_2008","S2a:Howland & Bernstein 1931","Howland R.B., Bernstein A. A method of determining the oxygen consumption of a single cell. - J. gen. Physiol., 1931, v.14, N.3, p.339-348.",,1,"measurement","Howland",1931,"A method of determining the oxygen consumption of a single cell","J. gen. Physiol","14","339-348","10.1085/jgp.14.3.339","Howland:1931aa","Howland_1931","approved","owner_doi","crossref",0.9921,TRUE,TRUE,TRUE,TRUE,TRUE,,,,"2026-10-06T17:14:23Z","tbmcite 0.1.0","owner","2026-10-06",,"S2a list (p. 70-77); parsed_* set by the round from the Russian-style entry (authors / title / - journal, year, v., N., p.)",,,"crossref_only"
"Makarieva_2008","S2a:Hunter 1960","Hunter F.R. Aerobic metabolism of Crithidia fasciculata. - Exp. Parasit., 1960, v.9, N.3, p.271-230.",,1,"measurement","Hunter",1960,"Aerobic metabolism of Crithidia fasciculata","Exp. Parasit","9","271-230","10.1016/0014-4894(60)90035-7","Hunter:1960aa","Hunter_1960","approved","owner_doi","crossref",1,TRUE,TRUE,TRUE,TRUE,TRUE,,,,"2026-10-06T17:14:24Z","tbmcite 0.1.0","owner","2026-10-06",,"S2a list (p. 70-77); parsed_* set by the round from the Russian-style entry (authors / title / - journal, year, v., N., p.)",,,"crossref_only"
"Makarieva_2008","S2a:Khlebovitch 1972","Khlebovitch T.V. Determination of respiration intensity in infusoria with use of Cartesian diver. In: ""Energetic aspects of growth and metabolism of aquatic animals"". Kiev: Naukova dumka, 1972, p.227. (in Russian)",,1,"measurement","Khlebovitch",1972,"Determination of respiration intensity in infusoria with use of Cartesian diver","In: ""Energetic aspects of growth and metabolism of aquatic animals"". Kiev: Naukova dumka",,"227",,"Khlebovitch:1972aa","Khlebovitch_1972","nodoi_approved","owner_nodoi","crossref",0.3417,FALSE,TRUE,FALSE,FALSE,FALSE,,FALSE,,"2026-10-06T16:35:46Z","tbmcite 0.1.0","owner","2026-10-06",,"S2a list (p. 70-77); parsed_* set by the round from the Russian-style entry (authors / title / - journal, year, v., N., p.)",,,"crossref_only"
"Makarieva_2008","S2a:Laybourn 1975","Laybourn J. Respiratory energy losses in Stentor coeruleus Ehrenberg (Ciliophora). - Oecologia, 1975, v.21, N.3, p.273-278.",,1,"measurement","Laybourn",1975,"Respiratory energy losses in Stentor coeruleus Ehrenberg (Ciliophora)","Oecologia","21","273-278","10.1007/pl00020266","Laybourn:1975aa","Laybourn_1975","approved","owner_doi","crossref",0.8523,TRUE,TRUE,TRUE,TRUE,TRUE,,,,"2026-10-06T17:14:25Z","tbmcite 0.1.0","owner","2026-10-06",,"S2a list (p. 70-77); parsed_* set by the round from the Russian-style entry (authors / title / - journal, year, v., N., p.)",,,"crossref_only"
"Makarieva_2008","S2a:Laybourn & Finlay 1976","Laybourn J., Finlay B.J. Respiratory energy losses related to cell weight and temperature in ciliated Protozoa. - Oecologia, 1976, v.24, N.4, p.349-355.",,2,"measurement","Laybourn",1976,"Respiratory energy losses related to cell weight and temperature in ciliated Protozoa","Oecologia","24","349-355","10.1007/bf00381141","Laybourn:1976aa","Laybourn_1976","approved","owner_doi","crossref",1,TRUE,TRUE,TRUE,TRUE,TRUE,,,,"2026-10-06T17:14:26Z","tbmcite 0.1.0","owner","2026-10-06",,"S2a list (p. 70-77); parsed_* set by the round from the Russian-style entry (authors / title / - journal, year, v., N., p.)",,,"crossref_only"
"Makarieva_2008","S2a:Leiner et al. 1968","Leiner M., Schweikhardt F., Blaschke G., König K., Fischer M. Die Gärung und Atmung von Pelomyxa palustris Greeff. - Biol. Z., 1968. Bd.87, H.5. S. 567-591.",,1,"measurement","Leiner",1968,"Die Gärung und Atmung von Pelomyxa palustris Greeff","Biol. Z","87","567-591",,"Leiner:1968aa","Leiner_1968","nodoi_approved","owner_nodoi","crossref",0.5467,FALSE,FALSE,FALSE,FALSE,FALSE,,FALSE,,"2026-10-06T16:35:46Z","tbmcite 0.1.0","owner","2026-10-06",,"S2a list (p. 70-77); parsed_* set by the round from the Russian-style entry (authors / title / - journal, year, v., N., p.)",,,"crossref_only"
"Makarieva_2008","S2a:Lund 1918","Lund B.J. Quantitative studies on intracellular respiration. III. Relation of the state of nutrition of Paramecium to the rate of intracellular oxidation. - Amer. J. Physiol., 1918, v.47, N.2. p.167-177.",,1,"measurement","Lund",1918,"Quantitative studies on intracellular respiration. III. Relation of the state of nutrition of Paramecium to the rate of intracellular oxidation","Amer. J. Physiol","47","167-177","10.1152/ajplegacy.1918.47.2.167","Lund:1918aa","Lund_1918","approved","owner_candidate","crossref",0.2758,TRUE,TRUE,TRUE,TRUE,TRUE,,FALSE,,"2026-10-06T16:35:46Z","tbmcite 0.1.0","owner","2026-10-06",,"S2a list (p. 70-77); parsed_* set by the round from the Russian-style entry (authors / title / - journal, year, v., N., p.)",,,"crossref_only"
"Makarieva_2008","S2a:Maier & Coggeshall 1941","Maier J., Coggeshall L.T. Respiration of malaria plasmodia. - J. inf. Dis., Chicago, I941, v.69, N.1, p.87-96.",,2,"measurement","Maier",1941,"Respiration of malaria plasmodia","J. inf. Dis., Chicago","69","87-96","10.1093/infdis/69.1.87","Maier:1941aa","Maier_1941","approved","owner_doi","crossref",1,TRUE,TRUE,TRUE,TRUE,TRUE,,,,"2026-10-06T17:14:27Z","tbmcite 0.1.0","owner","2026-10-06",,"S2a list (p. 70-77); parsed_year set by the round (the list prints the year with a capital I); parsed_* set by the round from the Russian-style entry (authors / title / - journal, year, v., N., p.)",,,"crossref_only"
"Makarieva_2008","S2a:Marshall 1948 [1]","Marshall P.B. The metabolism of protozoal parasites. - Brit. Sci. News, 1948, v.1, N.8, p.16-19.",,1,"measurement","Marshall",1948,"The metabolism of protozoal parasites","Brit. Sci. News","1","16-19","10.1016/b978-1-4160-3969-3.00019-6",,,"not_found","below_threshold","crossref",0.595,FALSE,FALSE,FALSE,FALSE,FALSE,,FALSE,,"2026-10-06T16:35:46Z","tbmcite 0.1.0",,,,"S2a list (p. 70-77); parsed_* set by the round from the Russian-style entry (authors / title / - journal, year, v., N., p.)","record key year letter mapped to the position of the entry among the same-author same-year entries of the list",,"crossref_only"
"Makarieva_2008","S2a:Mast et al. 1936","Mast S.O., Pace D.M., Mast L.R. The effect of sulfur on the rate of respiration and the respiratory quotient in Chilomonas paramecium. - J. cell. comp. Physiol., 1936, v.8, N.2, p.125-139.",,2,"measurement","Mast",1936,"The effect of sulfur on the rate of respiration and the respiratory quotient in Chilomonas paramecium","J. cell. comp. Physiol","8","125-139","10.1002/jcp.1030080202","Mast:1936aa","Mast_1936","approved","owner_doi","crossref",0.9788,TRUE,TRUE,TRUE,TRUE,TRUE,,,,"2026-10-06T17:14:28Z","tbmcite 0.1.0","owner","2026-10-06",,"S2a list (p. 70-77); parsed_* set by the round from the Russian-style entry (authors / title / - journal, year, v., N., p.)",,,"crossref_only"
"Makarieva_2008","S2a:Neff et al. 1958","Neff R.J., Neff R.H., Taylor R.E. The nutrition and metabolism of a soil amoeba, Acanthamoeba sp. - Physiol. Zool., 1958, v.31, N.1, p.73-91.",,1,"measurement","Neff",1958,"The nutrition and metabolism of a soil amoeba, Acanthamoeba sp","Physiol. Zool","31","73-91","10.1086/physzool.31.1.30155380","Neff:1958aa","Neff_1958","approved","owner_doi","crossref",1,TRUE,TRUE,TRUE,TRUE,TRUE,,,,"2026-10-06T17:14:29Z","tbmcite 0.1.0","owner","2026-10-06",,"S2a list (p. 70-77); parsed_* set by the round from the Russian-style entry (authors / title / - journal, year, v., N., p.)",,,"crossref_only"
"Makarieva_2008","S2a:Pace & Frost 1948","Pace D.M., Frost B.L. The effects of ethyl alcohol on growth and respiration in Pelomyxa carolinensis and upon conjugation in Paramecium caudatum. - Anat. Rec., 1948, v.101, N.4, p.730.",,1,"measurement","Pace",1948,"The effects of ethyl alcohol on growth and respiration in Pelomyxa carolinensis and upon conjugation in Paramecium caudatum","Anat. Rec","101","730","10.2307/1538409",,,"pending","weak_match","crossref",0.7824,TRUE,FALSE,FALSE,FALSE,FALSE,,FALSE,,"2026-10-06T16:35:46Z","tbmcite 0.1.0",,,,"S2a list (p. 70-77); parsed_* set by the round from the Russian-style entry (authors / title / - journal, year, v., N., p.)",,,"crossref_only"
"Makarieva_2008","S2a:Pigon 1955","Pigon A. Respiration and respiratory enzymes in Infusoria. II. Spirostomum minus Roax, Spirostomum intermedium Kahl. - Folia biol. Warszawa, 1955, v.3, N.3, p.229-265.",,1,"measurement","Pigon",1955,"Respiration and respiratory enzymes in Infusoria. II. Spirostomum minus Roax, Spirostomum intermedium Kahl","Folia biol. Warszawa","3","229-265",,"Pigon:1955aa","Pigon_1955","nodoi_approved","owner_nodoi","crossref",0.4298,FALSE,FALSE,FALSE,FALSE,FALSE,,FALSE,,"2026-10-06T16:35:46Z","tbmcite 0.1.0","owner","2026-10-06",,"S2a list (p. 70-77); parsed_* set by the round from the Russian-style entry (authors / title / - journal, year, v., N., p.)",,,"crossref_only"
"Makarieva_2008","S2a:Pitts 1932","Pitts R.А. The effect of cyanide on respiration of the protozoan, Colpidium campylum. - Proc. Soc. exp. Biol. Med., 1932, v.29, N.5, p.542-544.",,1,"measurement","Pitts",1932,"The effect of cyanide on respiration of the protozoan, Colpidium campylum","Proc. Soc. exp. Biol. Med","29","542-544","10.3181/00379727-29-5968","Pitts:1932aa","Pitts_1932","approved","owner_doi","crossref",0.9246,TRUE,TRUE,TRUE,TRUE,TRUE,,,,"2026-10-06T17:14:30Z","tbmcite 0.1.0","owner","2026-10-06",,"S2a list (p. 70-77); parsed_* set by the round from the Russian-style entry (authors / title / - journal, year, v., N., p.)",,,"crossref_only"
"Makarieva_2008","S2a:Rajagopal 1962","Rajagopal P.K. Respiration of some marine planktonic organisms. - Proc. Indian Acad. Sci., 1962, v.55B, N.2, p.76-81.",,1,"measurement","Rajagopal",1962,"Respiration of some marine planktonic organisms","Proc. Indian Acad. Sci","55B","76-81","10.1007/bf03051868","Rajagopal:1962aa","Rajagopal_1962","approved","owner_doi","crossref",1,TRUE,TRUE,TRUE,TRUE,TRUE,,,,"2026-10-06T17:14:31Z","tbmcite 0.1.0","owner","2026-10-06",,"S2a list (p. 70-77); parsed_* set by the round from the Russian-style entry (authors / title / - journal, year, v., N., p.)",,,"crossref_only"
"Makarieva_2008","S2a:Reeves 1971","Reeves R.E. Carbohydrate metabolism in Entamoeba histolytica. – In: Comparative Biochemistry of Parasites (Ed. H. van den Boossche). New York: Acad. Press, 1971, p.351-358.",,1,"measurement","Reeves",1971,"Carbohydrate metabolism in Entamoeba histolytica","In: Comparative Biochemistry of Parasites (Ed. H. van den Boossche). New York: Acad. Press",,"351-358","10.1016/b978-0-12-711050-9.50029-4","Reeves:1972aa","Reeves_1972","approved","owner_doi","crossref",1,TRUE,TRUE,TRUE,FALSE,TRUE,,,,"2026-10-06T17:14:32Z","tbmcite 0.1.0","owner","2026-10-06",,"S2a list (p. 70-77); parsed_* set by the round from the Russian-style entry (authors / title / - journal, year, v., N., p.)",,,"crossref_only"
"Makarieva_2008","S2a:Reich 1948","Reich K. Studies in the respiration of an Amoeba, Mayorella palestinensis. - Physiol. Zool., 1948, v.21, N.4, p.390-412.",,1,"measurement","Reich",1948,"Studies in the respiration of an Amoeba, Mayorella palestinensis","Physiol. Zool","21","390-412","10.1086/physzool.21.4.30152018","Reich:1948aa","Reich_1948","approved","owner_doi","crossref",0.9799,TRUE,TRUE,TRUE,TRUE,TRUE,,,,"2026-10-06T17:14:33Z","tbmcite 0.1.0","owner","2026-10-06",,"S2a list (p. 70-77); parsed_* set by the round from the Russian-style entry (authors / title / - journal, year, v., N., p.)",,,"crossref_only"
"Makarieva_2008","S2a:Ryley 1951","Ryley J.F. Studies on the metabolism of the Protozoa. I. Metabolism of the parasitic flagellate, Trypanosoma lewisi. - Biochem. J., 1951, v.49, N.5, p. 577-585.",,1,"measurement","Ryley",1951,"Studies on the metabolism of the Protozoa. I. Metabolism of the parasitic flagellate, Trypanosoma lewisi","Biochem. J","49","577-585","10.1042/bj0490577","Ryley:1951aa","Ryley_1951","approved","owner_doi","crossref",0.8584,TRUE,TRUE,TRUE,TRUE,TRUE,,,,"2026-10-06T17:14:34Z","tbmcite 0.1.0","owner","2026-10-06",,"S2a list (p. 70-77); parsed_* set by the round from the Russian-style entry (authors / title / - journal, year, v., N., p.)",,,"crossref_only"
"Makarieva_2008","S2a:Ryley 1953","Ryley J.F. Carbohydrate metabolism in Protozoa and metal-binding substances. - Nature, I953, v.171, N.4356, p.747-748.",,1,"measurement","Ryley",1953,"Carbohydrate metabolism in Protozoa and metal-binding substances","Nature","171","747-748","10.1038/171747a0","Ryley:1953aa","Ryley_1953","approved","owner_doi","crossref",1,TRUE,TRUE,TRUE,TRUE,TRUE,,,,"2026-10-06T17:14:35Z","tbmcite 0.1.0","owner","2026-10-06",,"S2a list (p. 70-77); parsed_year set by the round (the list prints the year with a capital I); parsed_* set by the round from the Russian-style entry (authors / title / - journal, year, v., N., p.)",,,"crossref_only"
"Makarieva_2008","S2a:Ryley 1955a","Ryley J.F. Studies on the metabolism of the Protozoa. 5. Metabolism of the parasitic flagellate, Strigomonas oncopelti. - Biochem. J., 1955a, v.59, N.3, p. 353-361.",,1,"measurement","Ryley",1955,"Studies on the metabolism of the Protozoa. 5. Metabolism of the parasitic flagellate, Strigomonas oncopelti","Biochem. J","59","353-361","10.1042/bj0590353","Ryley:1955aa","Ryley_1955","approved","owner_doi","crossref",0.887,TRUE,TRUE,TRUE,TRUE,TRUE,,,,"2026-10-06T17:14:36Z","tbmcite 0.1.0","owner","2026-10-06",,"S2a list (p. 70-77); parsed_* set by the round from the Russian-style entry (authors / title / - journal, year, v., N., p.)",,,"crossref_only"
"Makarieva_2008","S2a:Ryley 1956","Ryley J.F. Studies on the metabolism of the Protozoa. 7. Comparative carbohydrate metabolism of eleven species of Trypanosoma. - Biochem. J., 1956, v.62, N.2, p.215-222.",,1,"measurement","Ryley",1956,"Studies on the metabolism of the Protozoa. 7. Comparative carbohydrate metabolism of eleven species of Trypanosoma","Biochem. J","62","215-222","10.1042/bj0620215","Ryley:1956aa","Ryley_1956","approved","owner_doi","crossref",0.8982,TRUE,TRUE,TRUE,TRUE,TRUE,,,,"2026-10-06T17:14:37Z","tbmcite 0.1.0","owner","2026-10-06",,"S2a list (p. 70-77); parsed_* set by the round from the Russian-style entry (authors / title / - journal, year, v., N., p.)",,,"crossref_only"
"Makarieva_2008","S2a:Sarojini & Nagabhushanam 1966","Sarojini R., Nagabhushanam R. The oxygen consumption of the ciliate, Coleps hirtus. - Brotéria, 1966, Ser. Ciênc. Nat., v.35, p.45-55.",,1,"measurement","Sarojini",1966,"The oxygen consumption of the ciliate, Coleps hirtus","Brotéria","35","45-55",,"Sarojini:1966aa","Sarojini_1966","nodoi_approved","owner_nodoi","crossref",0.543,FALSE,FALSE,FALSE,FALSE,FALSE,,FALSE,,"2026-10-06T16:35:46Z","tbmcite 0.1.0","owner","2026-10-06",,"S2a list (p. 70-77); parsed_* set by the round from the Russian-style entry (authors / title / - journal, year, v., N., p.)",,,"crossref_only"
"Makarieva_2008","S2a:Scholander et al. 1952","Scholander P.F., Claff C.L., Sveinsson S.L. Respiratory studies of single cells. II. Observations on the oxygen consumption in single protozoans. - Biol. Bull., 1952, v.102, N.2, p.178-184.",,1,"measurement","Scholander",1952,"Respiratory studies of single cells. II. Observations on the oxygen consumption in single protozoans","Biol. Bull","102","178-184","10.2307/1538705","Scholander:1952aa","Scholander_1952","approved","owner_doi","crossref",1,TRUE,TRUE,TRUE,TRUE,TRUE,,,,"2026-10-06T17:14:38Z","tbmcite 0.1.0","owner","2026-10-06",,"S2a list (p. 70-77); parsed_* set by the round from the Russian-style entry (authors / title / - journal, year, v., N., p.)",,,"crossref_only"
"Makarieva_2008","S2a:Seaman 1950","Seaman G.R. Utilization of acetate by Tetrahymena geleii (S). - J. biol. Chem., 1950, v.186, N.1, p. 97-104.",,1,"measurement","Seaman",1950,"Utilization of acetate by Tetrahymena geleii (S)","J. biol. Chem","186","97-104","10.1016/s0021-9258(18)56290-6","Seaman:1950aa","Seaman_1950","approved","owner_doi","crossref",1,TRUE,TRUE,TRUE,TRUE,TRUE,,,,"2026-10-06T17:14:39Z","tbmcite 0.1.0","owner","2026-10-06",,"S2a list (p. 70-77); parsed_* set by the round from the Russian-style entry (authors / title / - journal, year, v., N., p.)",,,"crossref_only"
"Makarieva_2008","S2a:Seaman & Houlihan 1950","Seaman G.R., Houlihan R.K. Trans-I,2-cyclopentanedicarboxylic acid, a succinic acid analog affecting the permeability of the cell membrane. - Arch. Biochem., 1950, v.26, N.3, p.436-441.",,1,"measurement","Seaman",1950,"Trans-I,2-cyclopentanedicarboxylic acid, a succinic acid analog affecting the permeability of the cell membrane","Arch. Biochem","26","436-441",,"Seaman:1950ab","Seaman_1950b","nodoi_approved","owner_nodoi","crossref",0.4734,FALSE,FALSE,FALSE,FALSE,FALSE,,FALSE,,"2026-10-06T16:35:46Z","tbmcite 0.1.0","owner","2026-10-06",,"S2a list (p. 70-77); parsed_* set by the round from the Russian-style entry (authors / title / - journal, year, v., N., p.)",,,"crossref_only"
"Makarieva_2008","S2a:Simonsen & Van Wagtendonk 1952","Simonsen D.H., Van Wagtendonk W.J. Respiratory studies on Paramecium aurelia, variety 4, killers and sensitives.- Biochim. Biophys. Acta,1952, v.9, N.5, p.515-527.",,1,"measurement","Simonsen",1952,"v.9, N",,"5","515-527","10.1016/0006-3002(52)90201-1","Simonsen:1952aa","Simonsen_1952","approved","owner_candidate","crossref",0.2734,TRUE,TRUE,FALSE,FALSE,TRUE,,FALSE,,"2026-10-06T16:35:46Z","tbmcite 0.1.0","owner","2026-10-06",,"S2a list (p. 70-77)",,,"crossref_only"
"Makarieva_2008","S2a:Vernberg & Coull 1974","Vernberg W.B., Coull B.C. Respiration of an interstitial ciliate and benthic energy relationships. - Oecologia, 1974, v.16, N.4, p.259-264.",,1,"measurement","Vernberg",1974,"Respiration of an interstitial ciliate and benthic energy relationships","Oecologia","16","259-264","10.1007/bf00344736","Vernberg:1974aa","Vernberg_1974","approved","owner_doi","crossref",1,TRUE,TRUE,TRUE,TRUE,TRUE,,,,"2026-10-06T17:14:40Z","tbmcite 0.1.0","owner","2026-10-06",,"S2a list (p. 70-77); parsed_* set by the round from the Russian-style entry (authors / title / - journal, year, v., N., p.)",,,"crossref_only"
"Makarieva_2008","S2a:von Dach 1942","von Dach H. Respiration of a colorless flagellate, Astasia klebsii. - Biol. Bull., 1942, v.82, N.3, p.356-371.",,1,"measurement","von Dach",1942,"Respiration of a colorless flagellate, Astasia klebsii","Biol. Bull","82","356-371","10.2307/1537982","Von-Dach:1942aa","VonDach_1942","approved","owner_doi","crossref",1,TRUE,TRUE,TRUE,TRUE,TRUE,,,,"2026-10-06T17:14:41Z","tbmcite 0.1.0","owner","2026-10-06",,"S2a list (p. 70-77); parsed_* set by the round from the Russian-style entry (authors / title / - journal, year, v., N., p.)",,,"crossref_only"
"Makarieva_2008","S2a:von Dach 1950","von Dach H. Effect of high osmotic pressures on growth and respiration of a fresh-water flagellate, Astasia klebsii. - J. exp. Zool., 1950, v.115, N.1, p.1-15.",,1,"measurement","von Dach",1950,"Effect of high osmotic pressures on growth and respiration of a fresh-water flagellate, Astasia klebsii","J. exp. Zool","115","1-15","10.1002/jez.1401150102","von-Dach:1950aa","vonDach_1950","approved","owner_doi","crossref",1,TRUE,TRUE,TRUE,TRUE,TRUE,,,,"2026-10-06T17:14:42Z","tbmcite 0.1.0","owner","2026-10-06",,"S2a list (p. 70-77); parsed_* set by the round from the Russian-style entry (authors / title / - journal, year, v., N., p.)",,,"crossref_only"
"Makarieva_2008","S2a:Wagenbach & Burns 1969","Wagenbach G.E., Burns W.C. Structure and respiration of sporulating Eimeria stiedae and E. tenella oocysts. - J. Protozool., 1969, v.16, N.2, p.257-263.",,2,"measurement","Wagenbach",1969,"Structure and respiration of sporulating Eimeria stiedae and E. tenella oocysts","J. Protozool","16","257-263","10.1111/j.1550-7408.1969.tb02266.x","Wagenbach:1969aa","Wagenbach_1969","approved","owner_doi","crossref",1,TRUE,TRUE,TRUE,TRUE,TRUE,,,,"2026-10-06T17:14:43Z","tbmcite 0.1.0","owner","2026-10-06",,"S2a list (p. 70-77); parsed_* set by the round from the Russian-style entry (authors / title / - journal, year, v., N., p.)",,,"crossref_only"
"Makarieva_2008","S2a:Wilson & James 1963","Wilson B.W., James T.W. The respiration and growth of synchronised populations of the cell Astasia longa. - Exp. Cell Res., 1963, v.32, N.2, p.305-319.",,1,"measurement","Wilson",1963,"The respiration and growth of synchronised populations of the cell Astasia longa","Exp. Cell Res","32","305-319","10.1016/0014-4827(63)90105-8","Wilson:1963aa","Wilson_1963","approved","owner_doi","crossref",0.8529,TRUE,TRUE,TRUE,TRUE,TRUE,,,,"2026-10-06T17:14:44Z","tbmcite 0.1.0","owner","2026-10-06",,"S2a list (p. 70-77); parsed_* set by the round from the Russian-style entry (authors / title / - journal, year, v., N., p.)",,,"crossref_only"
"Makarieva_2008","S2a:Wilson & Fairbairn 1961","Wilson P.A.G., Fairbairn D. Biochemistry of sporulation in oocysts of Eimeria acervulina. - J. Protozool. 1961, v.8, N.4, p.410-416.",,1,"measurement","Wilson",1961,"Biochemistry of sporulation in oocysts of Eimeria acervulina","J. Protozool","8","410-416","10.1111/j.1550-7408.1961.tb01236.x","Wilson:1961aa","Wilson_1961","approved","owner_doi","crossref",1,TRUE,TRUE,TRUE,TRUE,TRUE,,,,"2026-10-06T17:14:45Z","tbmcite 0.1.0","owner","2026-10-06",,"S2a list (p. 70-77); parsed_* set by the round from the Russian-style entry (authors / title / - journal, year, v., N., p.)",,,"crossref_only"
"Makarieva_2008","S2a:Wirtschafter et al. 1956","Wirtschafter S., Saltman P., Jahn T.L. The metabolism of Trichomonas vaginalis: the oxidative pathway. - J. Protozool., 1956, v.3, N.2, p.86-88.",,1,"measurement","Wirtschafter",1956,"The metabolism of Trichomonas vaginalis: the oxidative pathway","J. Protozool","3","86-88","10.1111/j.1550-7408.1956.tb02439.x","Wirtschafter:1956aa","Wirtschafter_1956","approved","owner_doi","crossref",1,TRUE,TRUE,TRUE,TRUE,TRUE,,,,"2026-10-06T17:14:46Z","tbmcite 0.1.0","owner","2026-10-06",,"S2a list (p. 70-77); parsed_* set by the round from the Russian-style entry (authors / title / - journal, year, v., N., p.)",,,"crossref_only"
"Makarieva_2008","S2a:Zeledon 1960 [1]","Zeledon R. Comparative physiological studies on four species of Hemoflagellates in culture. I. Endogenous respiration and respiration in the presence of glucose. - J. Protozool., 1960, v.7, N.2, p.146-150.",,2,"measurement","Zeledon",1960,"Comparative physiological studies on four species of Hemoflagellates in culture. I. Endogenous respiration and respiration in the presence of glucose","J. Protozool","7","146-150","10.1111/j.1550-7408.1960.tb00722.x",,,"pending","owner_review","crossref;consensus-mcp",1,TRUE,TRUE,TRUE,TRUE,TRUE,,FALSE,,"2026-10-06T16:35:46Z","tbmcite 0.1.0",,,,"S2a list (p. 70-77); parsed_* set by the round from the Russian-style entry (authors / title / - journal, year, v., N., p.)","record key year letter mapped to the position of the entry among the same-author same-year entries of the list",,"crossref_only"
"Makarieva_2008","S2a:Zeledon 1960 [2]","Zeledon R. Comparative physiological studies on four species of Hemoflagellates in culture. II. Effect of carbohydrates and related substances and some amino compounds on the respiration. - J. Parasit., I960, v.46, N.5, p.541-551.",,1,"measurement","Zeledon",1960,"Comparative physiological studies on four species of Hemoflagellates in culture. II. Effect of carbohydrates and related substances and some amino compounds on the respiration","J. Parasit","46","541-551","10.2307/3274935",,,"pending","owner_review","crossref;consensus-mcp",1,TRUE,TRUE,TRUE,TRUE,TRUE,,FALSE,,"2026-10-06T16:35:46Z","tbmcite 0.1.0",,,,"S2a list (p. 70-77); parsed_year set by the round (the list prints the year with a capital I); parsed_* set by the round from the Russian-style entry (authors / title / - journal, year, v., N., p.)","record key year letter mapped to the position of the entry among the same-author same-year entries of the list",,"crossref_only"
"Makarieva_2008","S2a:Zeledon & de Monge 1967","Zeledon R., de Monge E. Physiological studies on the culture form of four strains of Leishmania braziliensis. I. Nitrogen content, substrate utilization, and effect of metabolic inhibitors on respiration and its relation to infectivity. - J. Parasit., 1967, v.53, N.5, p.937-945.",,1,"measurement","Zeledon",1967,"Physiological studies on the culture form of four strains of Leishmania braziliensis. I. Nitrogen content, substrate utilization, and effect of metabolic inhibitors on respiration and its relation to infectivity","J. Parasit","53","937-945","10.2307/3276813","Zeledon:1967aa","Zeledon_1967","approved","owner_doi","crossref",1,TRUE,TRUE,TRUE,TRUE,TRUE,,,,"2026-10-06T17:14:47Z","tbmcite 0.1.0","owner","2026-10-06",,"S2a list (p. 70-77); parsed_* set by the round from the Russian-style entry (authors / title / - journal, year, v., N., p.)",,,"crossref_only"
"Makarieva_2008","S3:16","Zachariassen, K. E., Andersen, J., Kamau, J. M. Z. & Maloiy, G. M. O. Water loss in insects from arid and humid habitats in East Africa. Acta Entomologica Bohemoslovaca 85, 81-93 (1988).",,5,"measurement","Zachariassen",1988,"Water loss in insects from arid and humid habitats in East Africa","Acta Entomologica Bohemoslovaca","85","81-93",,"Zachariassen:1988aa","Zachariassen_1988","nodoi_approved","owner_nodoi","crossref;consensus-mcp",0.5624,TRUE,TRUE,FALSE,FALSE,FALSE,,FALSE,,"2026-10-06T16:35:46Z","tbmcite 0.1.0","owner","2026-10-06",,"S3 numbered list (p. 105-110) = Chown et al. 2007 Appendix S2 reference list; not keyed by the records, which route to the compilation (S3:Chown et al. 2007)",,,"crossref_only"
"Makarieva_2008","S3:20","Mispagel, M. E. Relation of oxygen consumption to size and temperature in desert arthropods. Ecological Entomology 6, 423-431 (1981).",,1,"measurement","Mispagel",1981,"Relation of oxygen consumption to size and temperature in desert arthropods","Ecological Entomology","6","423-431","10.1111/j.1365-2311.1981.tb00634.x","MISPAGEL:1981aa","MISPAGEL_1981","certain","crossref_only","crossref;consensus-mcp",1,TRUE,TRUE,TRUE,TRUE,TRUE,,FALSE,,"2026-10-06T16:35:46Z","tbmcite 0.1.0",,,,"S3 numbered list (p. 105-110) = Chown et al. 2007 Appendix S2 reference list; not keyed by the records, which route to the compilation (S3:Chown et al. 2007)",,,"crossref_only"
"Makarieva_2008","S3:39","Engelmann, M. D. The role of soil arthropods in the energetics of an old field community. Ecological Monographs 31, 221-238 (1961).",,3,"measurement","Engelmann",1961,"The role of soil arthropods in the energetics of an old field community","Ecological Monographs","31","221-238","10.2307/1948553","Engelmann:1961aa","Engelmann_1961","approved","owner_candidate","crossref",1,TRUE,TRUE,TRUE,TRUE,TRUE,,FALSE,,"2026-10-06T16:35:46Z","tbmcite 0.1.0","owner","2026-10-06",,"S3 numbered list (p. 105-110) = Chown et al. 2007 Appendix S2 reference list; not keyed by the records, which route to the compilation (S3:Chown et al. 2007)",,,"crossref_only"
"Makarieva_2008","S3:56","Lighton, J. R. B. Ventilation in Namib desert tenebrionid beetles: mass scaling and evidence of a novel quantized flutter-phase. Journal of Experimental Biology 159, 249-268 (1991).",,1,"measurement","Lighton",1991,"Ventilation in Namib desert tenebrionid beetles: mass scaling and evidence of a novel quantized flutter-phase","Journal of Experimental Biology","159","249-268","10.1242/jeb.159.1.249","LIGHTON:1991aa","LIGHTON_1991","certain","crossref_only","crossref;consensus-mcp",1,TRUE,TRUE,TRUE,TRUE,TRUE,,FALSE,,"2026-10-06T16:35:46Z","tbmcite 0.1.0",,,,"S3 numbered list (p. 105-110) = Chown et al. 2007 Appendix S2 reference list; not keyed by the records, which route to the compilation (S3:Chown et al. 2007)",,,"crossref_only"
"Makarieva_2008","S3:101","Jensen, T. F. & Nielsen, M. G. The influence of body size and temperature on worker ant respiration. Natura Jutlandica 18, 21-25 (1975).",,1,"measurement","Jensen",1975,"The influence of body size and temperature on worker ant respiration","Natura Jutlandica","18","21-25",,"Jensen:1975aa","Jensen_1975","nodoi_approved","owner_nodoi","crossref",0.248,FALSE,FALSE,FALSE,TRUE,FALSE,,FALSE,,"2026-10-06T16:35:46Z","tbmcite 0.1.0","owner","2026-10-06",,"S3 numbered list (p. 105-110) = Chown et al. 2007 Appendix S2 reference list; not keyed by the records, which route to the compilation (S3:Chown et al. 2007)",,,"crossref_only"
"Makarieva_2008","S4:Abolmasova 1969","Abolmasova G.I. (1969) Respiration intensity in the crab Xantho hydrophylus (Herbst). Gidrobiologicheskiĭ zhurnal 5: 114-117. (in Russian)",,12,"measurement","Abolmasova",1969,"Respiration intensity in the crab Xantho hydrophylus (Herbst)","Gidrobiologicheskiĭ zhurnal","5","114-117",,"Abolmasova:1969aa","Abolmasova_1969","nodoi_approved","owner_nodoi","crossref",0.4835,FALSE,TRUE,FALSE,FALSE,FALSE,,FALSE,,"2026-10-06T16:35:46Z","tbmcite 0.1.0","owner","2026-10-06",,"S4 list (p. 127-132); parsed_* completed by the round (journal entry)",,,"crossref_only"
"Makarieva_2008","S4:Abolmasova 1970","Abolmasova G.I. (1970) Feeding and analysis of some elements of energy balance in Black Sea crabs. Gidrobiologicheskiĭ zhurnal 6: 62-70. (in Russian)",,4,"measurement","Abolmasova",1970,"Feeding and analysis of some elements of energy balance in Black Sea crabs","Gidrobiologicheskiĭ zhurnal","6","62-70",,"Abolmasova:1970aa","Abolmasova_1970","nodoi_approved","owner_nodoi","crossref",0.4257,FALSE,FALSE,FALSE,FALSE,FALSE,,FALSE,,"2026-10-06T16:35:46Z","tbmcite 0.1.0","owner","2026-10-06",,"S4 list (p. 127-132); parsed_* completed by the round (journal entry)",,,"crossref_only"
"Makarieva_2008","S4:Adamczewska & Morris 1994","Adamczewska A.M., Morris S. (1994) Exercise in the terrestrial Christmas Island red crab Gecarcoidea natalis. II. Energetics of locomotion. J. exp. Biol. 188: 257-274.",,1,"measurement","Adamczewska",1994,"Exercise in the terrestrial Christmas Island red crab Gecarcoidea natalis","II. Energetics of locomotion. J. exp. Biol","188","257-274","10.1242/jeb.188.1.257","Adamczewska:1994aa","Adamczewska_1994","approved","owner_candidate","crossref",0.8359,TRUE,TRUE,TRUE,TRUE,TRUE,,FALSE,,"2026-10-06T16:35:46Z","tbmcite 0.1.0","owner","2026-10-06",,"S4 list (p. 127-132)",,,"crossref_only"
"Makarieva_2008","S4:Aldrich 1975","Aldrich J.C. (1975) Individual variability in oxygen consumption rates of fed and starved Cancer pagurus and Maia squinado. Comparative Biochemistry and Physiology 51A: 175-183.",,2,"measurement","Aldrich",1975,"Individual variability in oxygen consumption rates of fed and starved Cancer pagurus and Maia squinado","Comparative Biochemistry and Physiology 51A: 175-183",,,"10.1016/0300-9629(75)90433-8","Aldrich:1975aa","Aldrich_1975","approved","owner_candidate","crossref",1,TRUE,TRUE,FALSE,FALSE,FALSE,,FALSE,,"2026-10-06T16:35:46Z","tbmcite 0.1.0","owner","2026-10-06",,"S4 list (p. 127-132)",,,"crossref_only"
"Makarieva_2008","S4:Armitage & Lei 1979","Armitage K.B., Lei C.-H. (1979) Temperature acclimatization in the filtering rates and oxygen consumption of Daphnia ambigua Scornfield. Comp. Biochem. Physiol. 62A:807-812.",,18,"measurement","Armitage",1979,"Temperature acclimatization in the filtering rates and oxygen consumption of Daphnia ambigua Scornfield","Comp. Biochem. Physiol. 62A:807-812",,,"10.1016/0300-9629(79)90007-0",,,"pending","weak_match","crossref;consensus-mcp",0.8981,TRUE,TRUE,FALSE,FALSE,FALSE,,FALSE,,"2026-10-06T16:35:46Z","tbmcite 0.1.0",,,,"S4 list (p. 127-132)",,,"crossref_only"
"Makarieva_2008","S4:Barnes & Barnes 1969","Barnes H., Barnes M. (1969) Seasonal changes in the acutely determined oxygen consumption and effect of temperature for three common cirripedes, Balanus balanoides (L), B. Balanus (L) and Chthamalus stellatus (Poli). J. Exp. Marine Biol. Ecol. 4: 36-50.",,12,"measurement","Barnes",1969,"Seasonal changes in the acutely determined oxygen consumption and effect of temperature for three common cirripedes, Balanus balanoides (L), B. Balanus (L) and Chthamalus stellatus (Poli)","J. Exp. Marine Biol. Ecol","4","36-50","10.1016/0022-0981(69)90022-7","Barnes:1969aa","Barnes_1969","certain","crossref_only","crossref",1,TRUE,TRUE,TRUE,TRUE,TRUE,,FALSE,,"2026-10-06T16:35:46Z","tbmcite 0.1.0",,,,"S4 list (p. 127-132)",,,"crossref_only"
"Makarieva_2008","S4:Braginski 1957","Braginski L.P. (1957) Respiration intensity and oxygen limit in some Caspian peracarids from Black Sea lagoons. Zoologicheskiĭ zhurnal 36: 504-510. (in Russian)",,3,"measurement","Braginski",1957,"Respiration intensity and oxygen limit in some Caspian peracarids from Black Sea lagoons","Zoologicheskiĭ zhurnal","36","504-510",,"Braginski:1957aa","Braginski_1957","nodoi_approved","owner_nodoi","crossref",0.5021,FALSE,FALSE,FALSE,FALSE,FALSE,,FALSE,,"2026-10-06T16:35:46Z","tbmcite 0.1.0","owner","2026-10-06",,"S4 list (p. 127-132); parsed_* completed by the round (journal entry)",,,"crossref_only"
"Makarieva_2008","S4:Bulnheim 1979","Bulnheim H.-P. (1979) Comparative studies on the physiological ecology of five euryhaline Gammarus species. Oecologia 44: 80-86.",,5,"measurement","Bulnheim",1979,"Comparative studies on the physiological ecology of five euryhaline Gammarus species","Oecologia","44","80-86","10.1007/bf00346402","Bulnheim:1979aa","Bulnheim_1979","certain","crossref_only","crossref",1,TRUE,TRUE,TRUE,TRUE,TRUE,,FALSE,,"2026-10-06T16:35:46Z","tbmcite 0.1.0",,,,"S4 list (p. 127-132)",,,"crossref_only"
"Makarieva_2008","S4:Byzova 1973","Byzova Yu.B. (1973) Respiration of soil invertebrates. In: Ecology of soil invertebrates, Moscow: Nauka, pp. 3-39. (in Russian)",,52,"measurement","Byzova YuB",1973,"Respiration of soil invertebrates","Ecology of soil invertebrates, Moscow: Nauka",,"3-39",,"Byzova-YuB:1973aa","ByzovaYuB_1973","nodoi_approved","owner_nodoi","crossref",0.4546,FALSE,FALSE,FALSE,FALSE,FALSE,,FALSE,,"2026-10-06T16:35:46Z","tbmcite 0.1.0","owner","2026-10-06",,"S4 list (p. 127-132); parsed_* completed by the round (chapter entry)",,,"crossref_only"
"Makarieva_2008","S4:Castellani et al. 2005","Castellani C., Robinson C., Smith T., Lampitt R.S. (2005) Temperature affects respiration rate of Oithona similis. Marine Ecology Progress Series 285: 129-135.",,7,"measurement","Castellani",2005,"Temperature affects respiration rate of Oithona similis","Marine Ecology Progress Series","285","129-135","10.3354/meps285129","Castellani:2005aa","Castellani_2005","certain","crossref_only","crossref",1,TRUE,TRUE,TRUE,TRUE,TRUE,,FALSE,,"2026-10-06T16:35:46Z","tbmcite 0.1.0",,,,"S4 list (p. 127-132)",,,"crossref_only"
"Makarieva_2008","S4:Childress 1975","Childress J.J. (1975) The respiratory rates of midwater crustaceans as a function of depth of occurrence and relation of the oxyqen minimum layer off southern California. Comp. Biochem. Physiol. 50A: 787-799.",,54,"measurement","Childress",1975,"The respiratory rates of midwater crustaceans as a function of depth of occurrence and relation of the oxyqen minimum layer off southern California","Comp. Biochem. Physiol. 50A: 787-799",,,"10.1016/0300-9629(75)90146-2","Childress:1975aa","Childress_1975","approved","owner_candidate","crossref",0.9306,TRUE,TRUE,FALSE,FALSE,FALSE,,FALSE,,"2026-10-06T16:35:46Z","tbmcite 0.1.0","owner","2026-10-06",,"S4 list (p. 127-132)",,,"crossref_only"
"Makarieva_2008","S4:Childress et al. 1990","Childress J.J., Cowles D.L., Favuzzi J.A., Mickel T.J. (1990) Metabolic rates of benthic deep-sea decapod crustaceans decline with increasing depth primarily due to the decline in temperature. Deep-Sea Research 37: 929-949.",,24,"measurement","Childress",1990,"Metabolic rates of benthic deep-sea decapod crustaceans decline with increasing depth primarily due to the decline in temperature","Deep-Sea Research","37","929-949","10.1016/0198-0149(90)90104-4","Childress:1990aa","Childress_1990","certain","crossref_only","crossref",1,TRUE,TRUE,TRUE,TRUE,TRUE,,FALSE,,"2026-10-06T16:35:46Z","tbmcite 0.1.0",,,,"S4 list (p. 127-132)",,,"crossref_only"
"Makarieva_2008","S4:Clark 1955","Clark D.P. (1955) The influence of body weight, temperature and season upon the rate of oxygen consumption of the terrestrial amphipod Talitrus sylvaticus (Haswell). Biological Bulletin 108: 253-257.",,4,"measurement","Clark",1955,"The influence of body weight, temperature and season upon the rate of oxygen consumption of the terrestrial amphipod Talitrus sylvaticus (Haswell)","Biological Bulletin","108","253-257","10.2307/1538510","Clark:1955aa","Clark_1955","certain","crossref_only","crossref;consensus-mcp",1,TRUE,TRUE,TRUE,TRUE,TRUE,,FALSE,,"2026-10-06T16:35:46Z","tbmcite 0.1.0",,,,"S4 list (p. 127-132)",,,"crossref_only"
"Makarieva_2008","S4:Cameron 1975","Cameron J.N. (1975) Aerial gas exchange in the terrestrial Brachyura Gecarcinus lateralis and Cardisoma guanhumi. Comp. Biochem. Physiol. 52A:129-134.",,2,"measurement","Cameron",1975,"Aerial gas exchange in the terrestrial Brachyura Gecarcinus lateralis and Cardisoma guanhumi","Comp. Biochem. Physiol. 52A:129-134",,,"10.1016/s0300-9629(75)80141-1","Cameron:1975aa","Cameron_1975","approved","owner_candidate","crossref",1,TRUE,TRUE,FALSE,FALSE,FALSE,,FALSE,,"2026-10-06T16:35:46Z","tbmcite 0.1.0","owner","2026-10-06",,"S4 list (p. 127-132)",,,"crossref_only"
"Makarieva_2008","S4:Conover 1960","Conover R.J. (1960) The feeding behavior and respiration of some marine planktonic Crustacea. Biological Bulletin 119: 399-415.",,30,"measurement","Conover",1960,"The feeding behavior and respiration of some marine planktonic Crustacea","Biological Bulletin","119","399-415","10.2307/1539258","Conover:1960aa","Conover_1960","certain","crossref_only","crossref;consensus-mcp",1,TRUE,TRUE,TRUE,TRUE,TRUE,,FALSE,,"2026-10-06T16:35:46Z","tbmcite 0.1.0",,,,"S4 list (p. 127-132)",,,"crossref_only"
"Makarieva_2008","S4:Cowles et al. 1991","Cowles D.L., Childress J.J., Wells M.E. (1991) Metabolic rates of midwater crustaceans as a function of depth of occurrence off the Hawaiian Islands: food availability as a selective factor? Marine Biology 110: 75-83.",,38,"measurement","Cowles",1991,"Metabolic rates of midwater crustaceans as a function of depth of occurrence off the Hawaiian Islands: food availability as a selective factor?","Marine Biology","110","75-83","10.1007/bf01313094","Cowles:1991ab","Cowles_1991b","certain","crossref_only","crossref",1,TRUE,TRUE,TRUE,TRUE,TRUE,,FALSE,,"2026-10-06T16:35:46Z","tbmcite 0.1.0",,,,"S4 list (p. 127-132)",,,"crossref_only"
"Makarieva_2008","S4:Dehnel 1960","Dehnel P.A. (1960) Effect of temperature and salinity on the oxygen consumption of two interidal crabs. Biol. Bull. 118: 215-249.",,4,"measurement","Dehnel",1960,"Effect of temperature and salinity on the oxygen consumption of two interidal crabs","Biol. Bull","118","215-249","10.2307/1538998","Dehnel:1960aa","Dehnel_1960","approved","owner_candidate","crossref",0.8877,TRUE,TRUE,TRUE,TRUE,TRUE,,FALSE,,"2026-10-06T16:35:46Z","tbmcite 0.1.0","owner","2026-10-06",,"S4 list (p. 127-132)",,,"crossref_only"
"Makarieva_2008","S4:Dye & van der Veen 1980","Dye A.H., van der Veen L. (1980) Respiratory responses of winter acclimated grapsoid crabs to a number of environmental parameters. Comp. Biochem. Physiol. 67A: 643-648.",,2,"measurement","Dye",1980,"Respiratory responses of winter acclimated grapsoid crabs to a number of environmental parameters","Comp. Biochem. Physiol. 67A: 643-648",,,"10.1016/0300-9629(80)90254-6","Dye:1980aa","Dye_1980","approved","owner_candidate","crossref",1,TRUE,TRUE,FALSE,FALSE,FALSE,,FALSE,,"2026-10-06T16:35:46Z","tbmcite 0.1.0","owner","2026-10-06",,"S4 list (p. 127-132)",,,"crossref_only"
"Makarieva_2008","S4:Edney 1964","Edney E.B. (1964) Acclimation to temperature in terrestrial isopods. II. Heart rate and standard metabolic rate. Physiological Zoology 37: 378-393.",,4,"measurement","Edney",1964,"Acclimation to temperature in terrestrial isopods","II. Heart rate and standard metabolic rate. Physiological Zoology","37","378-393","10.1086/physzool.37.4.30152755","Edney:1964aa","Edney_1964","approved","owner_candidate","crossref",0.7547,TRUE,TRUE,TRUE,TRUE,FALSE,,FALSE,,"2026-10-06T16:35:46Z","tbmcite 0.1.0","owner","2026-10-06",,"S4 list (p. 127-132)",,,"crossref_only"
"Makarieva_2008","S4:Edney & Spencer 1955","Edney E.B., Spencer J.O. (1955) Cutaneous respiration in woodlice. Journal of Experimental Biology 32: 256-269.",,4,"measurement","Edney",1955,"Cutaneous respiration in woodlice","Journal of Experimental Biology","32","256-269","10.1242/jeb.32.2.256","Edney:1955aa","Edney_1955","certain","crossref_only","crossref;consensus-mcp",1,TRUE,TRUE,TRUE,TRUE,TRUE,,FALSE,,"2026-10-06T16:35:46Z","tbmcite 0.1.0",,,,"S4 list (p. 127-132)",,,"crossref_only"
"Makarieva_2008","S4:Edwards 1946","Edwards G.A. (1946) The influence of temperature upon the oxygen consumption of the beach flea Tolorchestia megalophthalma. Journal of Cellular and Comparative Physiology 21: 183-189.",,1,"measurement","Edwards",1946,"The influence of temperature upon the oxygen consumption of the beach flea Tolorchestia megalophthalma","Journal of Cellular and Comparative Physiology","21","183-189","10.1002/jcp.1030210210",,,"pending","weak_match","crossref;consensus-mcp",0.7447,TRUE,FALSE,TRUE,TRUE,TRUE,,FALSE,,"2026-10-06T16:35:46Z","tbmcite 0.1.0",,,,"S4 list (p. 127-132)",,,"crossref_only"
"Makarieva_2008","S4:Edwards & Irving 1943","Edwards G.A., Irving L. (1943) The influence of season and temperature upon the oxygen consumption of the beach flea, Talorchestia megalophthalma. J. Cell. Comp. Physiol. 21: 183-189.",,10,"measurement","Edwards",1943,"The influence of season and temperature upon the oxygen consumption of the beach flea, Talorchestia megalophthalma","J. Cell. Comp. Physiol","21","183-189","10.1002/jcp.1030210210","Edwards:1943aa","Edwards_1943","approved","owner_candidate","crossref",0.9073,TRUE,TRUE,TRUE,TRUE,TRUE,,FALSE,,"2026-10-06T16:35:46Z","tbmcite 0.1.0","owner","2026-10-06",,"S4 list (p. 127-132)",,,"crossref_only"
"Makarieva_2008","S4:Ellis & Morris 1995","Ellis B.A., Morris S. (1995) Effects of extreme pH on the physiology of the australian 'yabby' Cherax destructor: Acute and chronic changes in haemolymph oxygen levels, oxygen consumption and metabolite levels. Journal of Experimental Biology 198: 409-418.",,1,"measurement","Ellis",1995,"Effects of extreme pH on the physiology of the australian 'yabby' Cherax destructor: Acute and chronic changes in haemolymph oxygen levels, oxygen consumption and metabolite levels","Journal of Experimental Biology","198","409-418","10.1242/jeb.198.2.409","Ellis:1995ab","Ellis_1995b","certain","crossref_only","crossref",1,TRUE,TRUE,TRUE,TRUE,TRUE,,FALSE,,"2026-10-06T16:35:46Z","tbmcite 0.1.0",,,,"S4 list (p. 127-132)",,,"crossref_only"
"Makarieva_2008","S4:Engelmann 1961","Engelmann M.D. (1961) The role of soil arthropods in the energetics of an old field community. Ecological Monographs 81: 221-238.",,1,"measurement","Engelmann",1961,"The role of soil arthropods in the energetics of an old field community","Ecological Monographs","81","221-238","10.2307/1948553","Engelmann:1961aa","Engelmann_1961","approved","owner_candidate","crossref",1,TRUE,TRUE,TRUE,FALSE,TRUE,,FALSE,,"2026-10-06T16:35:46Z","tbmcite 0.1.0","owner","2026-10-06",,"S4 list (p. 127-132)",,,"crossref_only"
"Makarieva_2008","S4:Fish & Preece 1970","Fish J.D., Preece G.S. (1970) The ecophysiological complex of Bathyporeia pilosa and B. pelagica (Crustacea: Amphipoda). I. Respiration rate. Mar. Biol. 5: 22-28.",,9,"measurement","Fish",1970,"The ecophysiological complex of Bathyporeia pilosa and B. pelagica (Crustacea: Amphipoda)","I. Respiration rate. Mar. Biol","5","22-28","10.1007/bf00352489","Fish:1970aa","Fish_1970","approved","owner_candidate","crossref",0.8446,TRUE,TRUE,TRUE,TRUE,TRUE,,FALSE,,"2026-10-06T16:35:46Z","tbmcite 0.1.0","owner","2026-10-06",,"S4 list (p. 127-132)",,,"crossref_only"
"Makarieva_2008","S4:Full 1987","Full R.Y. (1987) Locomotion energeties of the ghost crab. 1. Metabolic cost and endurance. J. exp. Biol. 130: 137-153.",,4,"measurement","Full",1987,"Locomotion energeties of the ghost crab","1. Metabolic cost and endurance. J. exp. Biol","130","137-153","10.1242/jeb.130.1.137","Full:1987aa","Full_1987","approved","owner_candidate","crossref",0.616,TRUE,TRUE,TRUE,TRUE,TRUE,,FALSE,,"2026-10-06T16:35:46Z","tbmcite 0.1.0","owner","2026-10-06",,"S4 list (p. 127-132)",,,"crossref_only"
"Makarieva_2008","S4:Goss & Bunting 1980","Goss L.B., Bunting D.L. (1980) Temperature effects on zooplankton respiration. Comp. Biochem. Physiol. 66A: 651-658.",,11,"measurement","Goss",1980,"Temperature effects on zooplankton respiration","Comp. Biochem. Physiol. 66A: 651-658",,,"10.1016/0300-9629(80)90013-4","Goss:1980aa","Goss_1980","approved","owner_candidate","crossref",1,TRUE,TRUE,FALSE,FALSE,FALSE,,FALSE,,"2026-10-06T16:35:46Z","tbmcite 0.1.0","owner","2026-10-06",,"S4 list (p. 127-132)",,,"crossref_only"
"Makarieva_2008","S4:Herreid & Full 1986","Herreid C.F., Full X.Y. (1986) Energetic of hermit crabs during locomotion: the cost of carrying shell. J. Exp. Biol. 120: 297-308.",,2,"measurement","Herreid",1986,"Energetic of hermit crabs during locomotion: the cost of carrying shell","J. Exp. Biol","120","297-308","10.1242/jeb.120.1.297","Herreid:1986aa","Herreid_1986","approved","owner_candidate","crossref",0.8448,TRUE,TRUE,TRUE,TRUE,TRUE,,FALSE,,"2026-10-06T16:35:46Z","tbmcite 0.1.0","owner","2026-10-06",,"S4 list (p. 127-132)",,,"crossref_only"
"Makarieva_2008","S4:Herreid et al. 1983","Herreid C.F., O'Mahoney P.M., Full R.J. (1983) Locomotion in land crabs: respiratory and cardiac response of Gecarcinus lateralis. Comp. Biochem. Physiol. 74A: 117-124.",,1,"measurement","Herreid",1983,"Locomotion in land crabs: respiratory and cardiac response of Gecarcinus lateralis","Comp. Biochem. Physiol. 74A: 117-124",,,"10.1016/0300-9629(83)90721-1","Herreidii:1983aa","Herreidii_1983","approved","owner_candidate","crossref",1,TRUE,TRUE,FALSE,FALSE,FALSE,,FALSE,,"2026-10-06T16:35:46Z","tbmcite 0.1.0","owner","2026-10-06",,"S4 list (p. 127-132)",,,"crossref_only"
"Makarieva_2008","S4:Hervant et al. 1997","Hervant, F., Mathieu, J., Barré, H., Simon, K. & Pinon, C. (1997) Comparative study on the behavioral, ventilatory and respiratory responses of hypogean and epigean crustaceans to long-term starvation and subsequent feeding. Comparative Biochemistry and Physiology 118A: 1277-1283.",,3,"measurement","Hervant",1997,"Comparative study on the behavioral, ventilatory and respiratory responses of hypogean and epigean crustaceans to long-term starvation and subsequent feeding","Comparative Biochemistry and Physiology 118A: 1277-1283",,,"10.1016/s0300-9629(97)00047-9","Hervant:1997aa","Hervant_1997","approved","owner_candidate","crossref",1,TRUE,TRUE,FALSE,FALSE,FALSE,,FALSE,,"2026-10-06T16:35:46Z","tbmcite 0.1.0","owner","2026-10-06",,"S4 list (p. 127-132)",,,"crossref_only"
"Makarieva_2008","S4:Ikeda 1970","Ikeda T. (1970) Relationship between respiration rate and body size in marine plankton animals as a function of the temperature of habitat. Bull. Fac. Fish 21: 91-112.",,53,"measurement","Ikeda",1970,"Relationship between respiration rate and body size in marine plankton animals as a function of the temperature of habitat. Bull. Fac","Fish","21","91-112",,"Ikeda:1970aa","Ikeda_1970","nodoi_approved","owner_nodoi","crossref",0.545,FALSE,FALSE,FALSE,FALSE,FALSE,,FALSE,,"2026-10-06T16:35:46Z","tbmcite 0.1.0","owner","2026-10-06",,"S4 list (p. 127-132); parsed_* completed by the round (journal entry)",,,"crossref_only"
"Makarieva_2008","S4:Ikeda 1971","Ikeda T. (1971) Changes in respiration rate and in composition of organic matter in Calanus cristatus (Crustacea: Copepoda) under starvation. Bull. Fac. Fish 21: 280-298.",,6,"measurement","Ikeda",1971,"Changes in respiration rate and in composition of organic matter in Calanus cristatus (Crustacea: Copepoda) under starvation. Bull. Fac","Fish","21","280-298",,"Ikeda:1971aa","Ikeda_1971","nodoi_approved","owner_nodoi","crossref",0.4713,FALSE,FALSE,FALSE,FALSE,FALSE,,FALSE,,"2026-10-06T16:35:46Z","tbmcite 0.1.0","owner","2026-10-06",,"S4 list (p. 127-132); parsed_* completed by the round (journal entry)",,,"crossref_only"
"Makarieva_2008","S4:Ikeda 1988","Ikeda T. (1988) Metabolism and chemical composition of crustaceans from the Antarctic mesopelagic zone. Deep-Sea Research 35: 1991-2002.",,21,"measurement","Ikeda",1988,"Metabolism and chemical composition of crustaceans from the Antarctic mesopelagic zone","Deep-Sea Research","35","1991-2002","10.1016/0198-0149(88)90121-5","Ikeda:1988aa","Ikeda_1988","certain","crossref_only","crossref;consensus-mcp",1,TRUE,TRUE,TRUE,TRUE,TRUE,,FALSE,,"2026-10-06T16:35:46Z","tbmcite 0.1.0",,,,"S4 list (p. 127-132)",,,"crossref_only"
"Makarieva_2008","S4:Ikeda et al. 2001","Ikeda T., Kanno Y., Ozaki K., Shinada A. (2001) Metabolic rates of epipelagic marine copepods as a function of body mass and temperature. Marine Biology 139: 587-596.",,33,"measurement","Ikeda",2001,"Metabolic rates of epipelagic marine copepods as a function of body mass and temperature","Marine Biology","139","587-596","10.1007/s002270100608","Ikeda:2001aa","Ikeda_2001","approved","owner_candidate","crossref",1,TRUE,TRUE,TRUE,TRUE,TRUE,,FALSE,,"2026-10-06T16:35:46Z","tbmcite 0.1.0","owner","2026-10-06",,"S4 list (p. 127-132)",,,"crossref_only"
"Makarieva_2008","S4:Ikeda & Mitchell 1982","Ikeda T., Mitchell A.W. (1982) Oxygen uptake, ammonia excretion, and phosphate excretion by krill and other Antarctic zooplankton in relation to their body size and chemical composition. Marine Biology 71: 283-298.",,4,"measurement","Ikeda",1982,"Oxygen uptake, ammonia excretion, and phosphate excretion by krill and other Antarctic zooplankton in relation to their body size and chemical composition","Marine Biology","71","283-298","10.1007/bf00397045","Ikeda:1982aa","Ikeda_1982","approved","owner_candidate","crossref",1,TRUE,TRUE,TRUE,TRUE,TRUE,,FALSE,,"2026-10-06T16:35:46Z","tbmcite 0.1.0","owner","2026-10-06",,"S4 list (p. 127-132)",,,"crossref_only"
"Makarieva_2008","S4:Ikeda et al. 2004","Ikeda T., Sano F., Yamaguchi A. (2004) Metabolism and body composition of a copepod (Neocalanus cristatus: Crustacea) from the bathypelagic zone of the Oyashio region, western subarctic Pacific. Marine Biology 145:1181-1190.",,19,"measurement","Ikeda",2004,"Metabolism and body composition of a copepod (Neocalanus cristatus: Crustacea) from the bathypelagic zone of the Oyashio region, western subarctic Pacific","Marine Biology","145","1181-1190","10.1007/s00227-004-1395-6","Ikeda:2004aa","Ikeda_2004","certain","crossref_only","crossref",1,TRUE,TRUE,TRUE,TRUE,TRUE,,FALSE,,"2026-10-06T16:35:46Z","tbmcite 0.1.0",,,,"S4 list (p. 127-132)",,,"crossref_only"
"Makarieva_2008","S4:Ikeda & Skjoldal 1989","Ikeda T., Skjoldal H.R. (1989) Metabolism and elemental composition of zooplankton from the Barents Sea during early Arctic summer. Marine Biology 100: 173-183.",,10,"measurement","Ikeda",1989,"Metabolism and elemental composition of zooplankton from the Barents Sea during early Arctic summer","Marine Biology","100","173-183","10.1007/bf00391956","Ikeda:1989aa","Ikeda_1989","certain","crossref_only","crossref;consensus-mcp",1,TRUE,TRUE,TRUE,TRUE,TRUE,,FALSE,,"2026-10-06T16:35:46Z","tbmcite 0.1.0",,,,"S4 list (p. 127-132)",,,"crossref_only"
"Makarieva_2008","S4:Ivanova & Korobtsova 1974","Ivanova M.B., Korobtsova E.V. (1974) Ecophysiological peculiarities of Polyartemia forcipata (Anostraca) from tundar water bodies in East Murman. Zoologicheskiĭ zhurnal 53: 1140-1147. (in Russian)",,1,"measurement","Ivanova",1974,"Ecophysiological peculiarities of Polyartemia forcipata (Anostraca) from tundar water bodies in East Murman","Zoologicheskiĭ zhurnal","53","1140-1147",,"Ivanova:1974aa","Ivanova_1974","nodoi_approved","owner_nodoi","crossref",0.4427,FALSE,FALSE,FALSE,FALSE,FALSE,,FALSE,,"2026-10-06T16:35:46Z","tbmcite 0.1.0","owner","2026-10-06",,"S4 list (p. 127-132); parsed_* completed by the round (journal entry)",,,"crossref_only"
"Makarieva_2008","S4:Ivlev & Sutschenya 1961","Ivlev V.S., Sutschenya L.M. (1961) Intensity of atmospheric and aquatic respiration in some marine crustaceans. Zoologicheskiĭ zhurnal 40: 1345-1353. (in Russian)",,9,"measurement","Ivlev",1961,"Intensity of atmospheric and aquatic respiration in some marine crustaceans","Zoologicheskiĭ zhurnal","40","1345-1353",,"Ivlev:1961aa","Ivlev_1961","nodoi_approved","owner_nodoi","crossref",0.507,FALSE,FALSE,FALSE,FALSE,FALSE,,FALSE,,"2026-10-06T16:35:46Z","tbmcite 0.1.0","owner","2026-10-06",,"S4 list (p. 127-132); parsed_* completed by the round (journal entry)",,,"crossref_only"
"Makarieva_2008","S4:Jawed 1973","Jawed M. (1973) Effects environmetal factors and body size on rates of oxygen consumption in Archaeomysis grebnitzkii and Neomysis awatschensis (Crustacea; Mysidae) Mar. Biol. 21: 173-179.",,19,"measurement","Jawed",1973,"Effects environmetal factors and body size on rates of oxygen consumption in Archaeomysis grebnitzkii and Neomysis awatschensis (Crustacea; Mysidae) Mar","Biol","21","173-179","10.1007/bf00355247","Jawed:1973aa","Jawed_1973","approved","owner_candidate","crossref",0.8577,TRUE,TRUE,TRUE,TRUE,TRUE,,FALSE,,"2026-10-06T16:35:46Z","tbmcite 0.1.0","owner","2026-10-06",,"S4 list (p. 127-132)",,,"crossref_only"
"Makarieva_2008","S4:Kawall et al. 2001","Kawall H.G., Torres J.T., Geiger S.P. (2001) Effects of the ice-edge bloom and season on the metabolism of copepods in the Weddell Sea, Antarctica. Hydrobiologia 453/454: 67-77.",,7,"measurement","Kawall",2001,"Effects of the ice-edge bloom and season on the metabolism of copepods in the Weddell Sea, Antarctica","Hydrobiologia 453/","454","67-77","10.1023/a:1013155614953","Kawall:2001aa","Kawall_2001","approved","owner_candidate","crossref",1,TRUE,TRUE,TRUE,FALSE,TRUE,,FALSE,,"2026-10-06T16:35:46Z","tbmcite 0.1.0","owner","2026-10-06",,"S4 list (p. 127-132)",,,"crossref_only"
"Makarieva_2008","S4:Khmeleva 1973","Khmeleva M.N. (1973) Energy metabolism of Idothea baltica basteri (Aud.). In: Energy metabolism of aquatic animals, Moscow: Nauka, pp. 5-27. (in Russian)",,1,"measurement","Khmeleva",1973,"Energy metabolism of Idothea baltica basteri (Aud.)","Energy metabolism of aquatic animals, Moscow: Nauka",,"5-27",,"Khmeleva:1973aa","Khmeleva_1973","nodoi_approved","owner_nodoi","crossref",0.5138,FALSE,FALSE,FALSE,FALSE,FALSE,,FALSE,,"2026-10-06T16:35:46Z","tbmcite 0.1.0","owner","2026-10-06",,"S4 list (p. 127-132); parsed_* completed by the round (chapter entry)",,,"crossref_only"
"Makarieva_2008","S4:Kititsina 1980","Kititsina L.A. (1980) Ecophysiological peculiarities of the freshwater shrimp Dekerogammarus haemobaphes (Eich) in the region of Tripol hydropower hot water discharges. Gidrobiologicheskiĭ zhurnal 16: 77-85.",,1,"measurement","Kititsina",1980,"Ecophysiological peculiarities of the freshwater shrimp Dekerogammarus haemobaphes (Eich) in the region of Tripol hydropower hot water discharges","Gidrobiologicheskiĭ zhurnal","16","77-85",,"Kititsina:1980aa","Kititsina_1980","nodoi_approved","owner_nodoi","crossref",0.3791,FALSE,FALSE,FALSE,FALSE,FALSE,,FALSE,,"2026-10-06T16:35:46Z","tbmcite 0.1.0","owner","2026-10-06",,"S4 list (p. 127-132); parsed_* completed by the round (journal entry)",,,"crossref_only"
"Makarieva_2008","S4:Klyashtorin & Kuzmicheva 1975","Klyashtorin L.B., Kuzmicheva V.I. (1975) Level of energetic expenditures during active locomotion in planktonic crustaceans. Okeanologia 15: 891-897. (in Russian)",,1,"measurement","Klyashtorin",1975,"Level of energetic expenditures during active locomotion in planktonic crustaceans","Okeanologia","15","891-897",,"Klyashtorin:1975aa","Klyashtorin_1975","nodoi_approved","owner_nodoi","crossref",0.4555,FALSE,FALSE,FALSE,FALSE,FALSE,,FALSE,,"2026-10-06T16:35:46Z","tbmcite 0.1.0","owner","2026-10-06",,"S4 list (p. 127-132); parsed_* completed by the round (journal entry)",,,"crossref_only"
"Makarieva_2008","S4:Kotaiah & Rajabai 1972","Kotaiah K., Rajabai B.S. (1972) Influence of thermal acclimation on oxygen consumption in the tropical freshwater crab, Paratelphasa hydrodromus (Herbst), wiht reference to size, sex and sudden changes of temperature. Indian J. exp. Biol. 10: 375-378.",,2,"measurement","Kotaiah",1972,"Influence of thermal acclimation on oxygen consumption in the tropical freshwater crab, Paratelphasa hydrodromus (Herbst), wiht reference to size, sex and sudden changes of temperature","Indian J. exp. Biol","10","375-378",,"Kotaiah:1972aa","Kotaiah_1972","nodoi_approved","owner_nodoi","crossref",0.6116,FALSE,FALSE,FALSE,FALSE,FALSE,,FALSE,,"2026-10-06T16:35:46Z","tbmcite 0.1.0","owner","2026-10-06",,"S4 list (p. 127-132)",,,"crossref_only"
"Makarieva_2008","S4:Kuzmicheva & Kukina 1974","Kuzmicheva V.I., Kukina I.V. (1974) On respiration intensity in mysids at different numbers of individuals in repirometers. Okeanologia 14: 898-902. (in Russian)",,2,"measurement","Kuzmicheva",1974,"On respiration intensity in mysids at different numbers of individuals in repirometers","Okeanologia","14","898-902",,"Kuzmicheva:1974aa","Kuzmicheva_1974","nodoi_approved","owner_nodoi","crossref",0.2975,FALSE,TRUE,FALSE,FALSE,FALSE,,FALSE,,"2026-10-06T16:35:46Z","tbmcite 0.1.0","owner","2026-10-06",,"S4 list (p. 127-132); parsed_* completed by the round (journal entry)",,,"crossref_only"
"Makarieva_2008","S4:Leffler 1973","Leffler C.W. (1973) Metabolic rate in relation to body size and environmental oxygen concentration in two species of xanthid crabs. Comp. Biochem. Physiol. 44A: 1047-1052.",,3,"measurement","Leffler",1973,"Metabolic rate in relation to body size and environmental oxygen concentration in two species of xanthid crabs","Comp. Biochem. Physiol. 44A: 1047-1052",,,"10.1016/0300-9629(73)90241-7","Leffler:1973aa","Leffler_1973","approved","owner_candidate","crossref",1,TRUE,TRUE,FALSE,FALSE,FALSE,,FALSE,,"2026-10-06T16:35:46Z","tbmcite 0.1.0","owner","2026-10-06",,"S4 list (p. 127-132)",,,"crossref_only"
"Makarieva_2008","S4:Lewis & Haefner 1976","Lewis E.G., Haefner P. A. (1976) Oxygen consumption of the blue crab, Callinectes sapidus Rathbun, from proecaysis to postecdysis. Comp. Biochem. Physiol. 54A: 55-60.",,4,"measurement","Lewis",1976,"Oxygen consumption of the blue crab, Callinectes sapidus Rathbun, from proecaysis to postecdysis","Comp. Biochem. Physiol. 54A: 55-60",,,"10.1016/s0300-9629(76)80072-2",,,"pending","weak_match","crossref;consensus-mcp",0.8898,TRUE,TRUE,FALSE,FALSE,FALSE,,FALSE,,"2026-10-06T16:35:46Z","tbmcite 0.1.0",,,,"S4 list (p. 127-132)",,,"crossref_only"
"Makarieva_2008","S4:Luxmoore 1984","Luxmoore R.A. (1984) A comparison of the respiration rate of some Antarctic isopod with species from lower latitudes. Br. Antart. Surv. Bull. 62: 53-65.",,4,"measurement","Luxmoore",1984,"A comparison of the respiration rate of some Antarctic isopod with species from lower latitudes","Br. Antart. Surv. Bull","62","53-65",,"Luxmoore:1984aa","Luxmoore_1984","nodoi_approved","owner_nodoi","crossref",0.423,TRUE,TRUE,FALSE,FALSE,FALSE,,FALSE,,"2026-10-06T16:35:46Z","tbmcite 0.1.0","owner","2026-10-06",,"S4 list (p. 127-132)",,,"crossref_only"
"Makarieva_2008","S4:MacMillen 1978","MacMillen R.E. (1978) Adjustments of energy and water metabolism to drought in an Australian arid-zone crab. Physiol. Zool. 51: 230-240.",,7,"measurement","MacMillen",1978,"Adjustments of energy and water metabolism to drought in an Australian arid-zone crab","Physiol. Zool","51","230-240","10.1086/physzool.51.3.30155740","MacMillen:1978aa","MacMillen_1978","certain","crossref_only","crossref",1,TRUE,TRUE,TRUE,TRUE,TRUE,,FALSE,,"2026-10-06T16:35:46Z","tbmcite 0.1.0",,,,"S4 list (p. 127-132)",,,"crossref_only"
"Makarieva_2008","S4:Moots & Epifanio 1974","Moots C.A., Epifanio C.E. (1974) An energy budget for Menippe mercenaria larvae fed Artemia nauplii. Biol. Bull. 146: 44-55.",,2,"measurement","Moots",1974,"An energy budget for Menippe mercenaria larvae fed Artemia nauplii","Biol. Bull","146","44-55","10.2307/1540396",,,"pending","weak_match","crossref;consensus-mcp",1,FALSE,TRUE,TRUE,TRUE,TRUE,,FALSE,,"2026-10-06T16:35:46Z","tbmcite 0.1.0",,,,"S4 list (p. 127-132)",,,"crossref_only"
"Makarieva_2008","S4:Moreira et al. 1983","Moreira G.S., McNamara J.C., Shumway S.E., Moreira P.S. (1983) Osmoregulation and respiratory metabolism in Brazilian Macrobrachium (Decapoda, Palaemonidae). Comp. Biochem. Physiol. 74A(1): 57-62.",,4,"measurement","Moreira",1983,"Osmoregulation and respiratory metabolism in Brazilian Macrobrachium (Decapoda, Palaemonidae)","Comp. Biochem. Physiol. 74A(1): 57-62",,,"10.1016/0300-9629(83)90711-9","Moreira:1983aa","Moreira_1983","approved","owner_candidate","crossref",1,TRUE,TRUE,FALSE,FALSE,FALSE,,FALSE,,"2026-10-06T16:35:46Z","tbmcite 0.1.0","owner","2026-10-06",,"S4 list (p. 127-132)",,,"crossref_only"
"Makarieva_2008","S4:Morrison 1946","Morrison P.R. (1946) Physiological observations on water loss and oxygen consumption in Peripatus. Biological Bulletin 91: 181-188.",,1,"measurement","Morrison",1946,"Physiological observations on water loss and oxygen consumption in Peripatus","Biological Bulletin","91","181-188","10.2307/1538259","Morrison:1946aa","Morrison_1946","certain","crossref_only","crossref;consensus-mcp",1,TRUE,TRUE,TRUE,TRUE,TRUE,,FALSE,,"2026-10-06T16:35:46Z","tbmcite 0.1.0",,,,"S4 list (p. 127-132)",,,"crossref_only"
"Makarieva_2008","S4:Müller 1943","Müller I. (1943) Untersuchungen über die Gesetzlichkeit des Wachstums. X. Weiteres zur Frage der Abhängigkelt der Atmung von der Körpergrösse. Biol. Zbl. 63: 446-453.",,6,"measurement","Muller",1943,"Untersuchungen uber die Gesetzlichkeit des Wachstums","X. Weiteres zur Frage der Abhangigkelt der Atmung von der Korpergrosse. Biol. Zbl","63","446-453","10.1007/bf00650112",,,"not_found","below_threshold","crossref",0.4945,FALSE,FALSE,FALSE,FALSE,FALSE,,FALSE,,"2026-10-06T16:35:46Z","tbmcite 0.1.0",,,,"S4 list (p. 127-132)",,,"crossref_only"
"Makarieva_2008","S4:Nival et al. 1972","Nival P., Nival S., Palazzoli I. (1972) Données sur la respiration de différents organismes communs dans le plancton de Villeranche-sur-Mer. Mar. Biol. 17: 63-76.",,12,"measurement","Nival",1972,"Donnees sur la respiration de differents organismes communs dans le plancton de Villeranche-sur-Mer","Mar. Biol","17","63-76","10.1007/bf00346954","Nival:1972aa","Nival_1972","approved","owner_candidate","crossref",0.9081,TRUE,TRUE,TRUE,TRUE,TRUE,,FALSE,,"2026-10-06T16:35:46Z","tbmcite 0.1.0","owner","2026-10-06",,"S4 list (p. 127-132)",,,"crossref_only"
"Makarieva_2008","S4:Opalinski 1991","Opalinski K.W. (1991) Respiratory metabolism and metabolic adaptations of Antarctic krill Euphausia superba. Pol. Arch. Hydrobiol. 38: 183-263.",,68,"measurement","Opalinski",1991,"Respiratory metabolism and metabolic adaptations of Antarctic krill Euphausia superba","Pol. Arch. Hydrobiol","38","183-263",,"Opalinski:1991aa","Opalinski_1991","nodoi_approved","owner_nodoi","crossref",0.6149,FALSE,FALSE,FALSE,FALSE,FALSE,,FALSE,,"2026-10-06T16:35:46Z","tbmcite 0.1.0","owner","2026-10-06",,"S4 list (p. 127-132)",,,"crossref_only"
"Makarieva_2008","S4:Pavlova 1961","Pavlova E.P. (1961) Oxygen consumption by some planktonic crustaceans of the Sevastopol Bay. Transactions of the Sevastopol Biological Station 14: 79-90. (in Russian)",,6,"measurement","Pavlova",1961,"Oxygen consumption by some planktonic crustaceans of the Sevastopol Bay","Transactions of the Sevastopol Biological Station","14","79-90",,"Pavlova:1961aa","Pavlova_1961","nodoi_approved","owner_nodoi","crossref",0.4441,FALSE,FALSE,FALSE,FALSE,FALSE,,FALSE,,"2026-10-06T16:35:46Z","tbmcite 0.1.0","owner","2026-10-06",,"S4 list (p. 127-132); parsed_* completed by the round (journal entry)",,,"crossref_only"
"Makarieva_2008","S4:Pavlova 1975","Pavlova E.P. (1975) Metabolism of Mediterranean zooplankton. Chapter 7 in: Biological structure and productivity of the planktonic communities in the Mediterranean, Kiev: Naukova Dumka, pp. 124-144.",,14,"measurement","Pavlova",1975,"Metabolism of Mediterranean zooplankton","Biological structure and productivity of the planktonic communities in the Mediterranean, Kiev: Naukova Dumka",,"124-144",,"Pavlova:1975aa","Pavlova_1975","nodoi_approved","owner_nodoi","crossref",0.4735,FALSE,FALSE,FALSE,FALSE,FALSE,,FALSE,,"2026-10-06T16:35:46Z","tbmcite 0.1.0","owner","2026-10-06",,"S4 list (p. 127-132); parsed_* completed by the round (chapter entry)",,,"crossref_only"
"Makarieva_2008","S4:Penkoff & Thurberg 1982","Penkoff S.J., Thurberg F.P. (1982) Changes in oxygen consumption of the american lobster, Homarus americanus, during the moult cycle. Comp. Biochem. Physiol. 72A: 621-622.",,1,"measurement","Penkoff",1982,"Changes in oxygen consumption of the american lobster, Homarus americanus, during the moult cycle","Comp. Biochem. Physiol. 72A: 621-622",,,"10.1016/0300-9629(82)90137-2",,,"pending","weak_match","crossref;consensus-mcp",0.8211,TRUE,TRUE,FALSE,FALSE,FALSE,,FALSE,,"2026-10-06T16:35:46Z","tbmcite 0.1.0",,,,"S4 list (p. 127-132)",,,"crossref_only"
"Makarieva_2008","S4:Phillipson & Watson 1965","Phillipson J., Watson J. (1965) Respiratory metabolism of the terrestrial isopod Oniscus asellus L. Oikos 16: 78-87.",,4,"measurement","Phillipson",1965,"Respiratory metabolism of the terrestrial isopod Oniscus asellus L. Oikos",,"16","78-87","10.2307/3564867","Phillipson:1965aa","Phillipson_1965","approved","owner_candidate","crossref",0.9292,TRUE,TRUE,FALSE,TRUE,TRUE,,FALSE,,"2026-10-06T16:35:46Z","tbmcite 0.1.0","owner","2026-10-06",,"S4 list (p. 127-132)",,,"crossref_only"
"Makarieva_2008","S4:Rajagopal 1962","Rajagopal P.K. (1962) Respiration of some marine planktonic organisms. Proc. Indian Acad. Sci. 55B: 76-81.",,5,"measurement","Rajagopal",1962,"Respiration of some marine planktonic organisms","Proc. Indian Acad. Sci. 55B: 76-81",,,"10.1007/bf03051868","Rajagopal:1962aa","Rajagopal_1962","certain","crossref_only","crossref",1,TRUE,TRUE,TRUE,FALSE,FALSE,,FALSE,,"2026-10-06T16:35:46Z","tbmcite 0.1.0",,,,"S4 list (p. 127-132)",,,"crossref_only"
"Makarieva_2008","S4:Reiche 1968","Reiche D.E. (1968) Relation of body size to food in take oxygen consumption and trace element metabolism in forest floor arthropods. Ecology 49: 538-542.",,5,"measurement","Reiche",1968,"Relation of body size to food in take oxygen consumption and trace element metabolism in forest floor arthropods","Ecology","49","538-542","10.2307/1934119",,,"pending","weak_match","crossref;consensus-mcp",0.897,FALSE,TRUE,TRUE,TRUE,TRUE,,FALSE,,"2026-10-06T16:35:46Z","tbmcite 0.1.0",,,,"S4 list (p. 127-132)",,,"crossref_only"
"Makarieva_2008","S4:Romanova & Khmeleva 1978","Romanova Z.A., Khmeleva N.N. (1978) Respiration of crustaceans within their natural geographic range. Biologia morya 46: 29-35. (in Russian)",,9,"measurement","Romanova",1978,"Respiration of crustaceans within their natural geographic range","Biologia morya","46","29-35",,"Romanova:1978aa","Romanova_1978","nodoi_approved","owner_nodoi","crossref",0.4552,FALSE,FALSE,FALSE,FALSE,FALSE,,FALSE,,"2026-10-06T16:35:46Z","tbmcite 0.1.0","owner","2026-10-06",,"S4 list (p. 127-132); parsed_* completed by the round (journal entry)",,,"crossref_only"
"Makarieva_2008","S4:Saito 1965","Saito S. (1965) Structure and energetics of the population of Ligidium japonica (Isopoda) in a warm climate forest ecosystem. Japanese Journal of Ecology 15: 47-55.",,2,"measurement","Saito",1965,"Structure and energetics of the population of Ligidium japonica (Isopoda) in a warm climate forest ecosystem","Japanese Journal of Ecology","15","47-55",,"Saito:1965aa","Saito_1965","nodoi_approved","owner_nodoi","crossref",0.4737,FALSE,FALSE,FALSE,FALSE,FALSE,,FALSE,,"2026-10-06T16:35:46Z","tbmcite 0.1.0","owner","2026-10-06",,"S4 list (p. 127-132); parsed_* completed by the round (journal entry)",,,"crossref_only"
"Makarieva_2008","S4:Schindler 1968","Schindler D.W. (1968) Feeding, assimilation and respiration rates of Daphnia magma under various environmental conditions and their relation to production estimates. J. anim. Ecol. 37:369-385.",,3,"measurement","Schindler",1968,"Feeding, assimilation and respiration rates of Daphnia magma under various environmental conditions and their relation to production estimates","J. anim. Ecol","37","369-385","10.2307/2954","Schindler:1968aa","Schindler_1968","approved","owner_candidate","crossref",0.9247,TRUE,TRUE,TRUE,TRUE,TRUE,,FALSE,,"2026-10-06T16:35:46Z","tbmcite 0.1.0","owner","2026-10-06",,"S4 list (p. 127-132)",,,"crossref_only"
"Makarieva_2008","S4:Schmid 1996","Schmid M.K. (1996) Zur Verbreitung und Respiration ökologisch wichtiger Bodentiere in den Gewässern um Svålbard (Arktis). Berichte zur Polarförschung 202: 1-93.",,2,"measurement","Schmid",1996,"Zur Verbreitung und Respiration ökologisch wichtiger Bodentiere in den Gewässern um Svålbard (Arktis)","Berichte zur Polarförschung","202","1-93",,"Schmid:1996aa","Schmid_1996","nodoi_approved","owner_nodoi","crossref",0.4155,TRUE,FALSE,FALSE,FALSE,FALSE,,FALSE,,"2026-10-06T16:35:46Z","tbmcite 0.1.0","owner","2026-10-06",,"S4 list (p. 127-132); parsed_* completed by the round (journal entry)",,,"crossref_only"
"Makarieva_2008","S4:Seibel 2007","Seibel B.A. (2007) On the depth and scale of metabolic rate variation: scaling of oxygen consumption rates and enzymatic activity in the Class Cephalopoda (Mollusca). J. Exp. Biol. 210: 1-11.",,38,"compilation","Seibel",2007,"On the depth and scale of metabolic rate variation: scaling of oxygen consumption rates and enzymatic activity in the Class Cephalopoda (Mollusca)","J. Exp. Biol","210","1-11","10.1242/jeb.02588","Seibel:2007aa","Seibel_2007","certain","crossref_only","crossref",1,TRUE,TRUE,TRUE,TRUE,TRUE,,FALSE,,"2026-10-06T16:35:46Z","tbmcite 0.1.0",,,,"S4 list (p. 127-132); role compilation set by the round (2026-10-06)",,,"crossref_only"
"Makarieva_2008","S4:Silverthorn 1975","Silverthorn S.U. (1975) Hormonal involvement in thermal acclimation in the fiddler crab Uca pugilator (Bose). I. Effect of eyestalk extracts on whole animal respiration. Comp. Biochem. Physiol. 50A:281-284.",,4,"measurement","Silverthorn",1975,"Hormonal involvement in thermal acclimation in the fiddler crab Uca pugilator (Bose)","I. Effect of eyestalk extracts on whole animal respiration. Comp. Biochem. Physiol. 50A:281-284",,,"10.1016/0300-9629(75)90014-6",,,"pending","weak_match","crossref;consensus-mcp",0.7312,TRUE,TRUE,FALSE,FALSE,FALSE,,FALSE,,"2026-10-06T16:35:46Z","tbmcite 0.1.0",,,,"S4 list (p. 127-132)",,,"crossref_only"
"Makarieva_2008","S4:Simčič & Brancelj 2006","Simčič T., Brancelj A. (2006) Effects of pH on electron transport system (ETS) activity and oxygen consumption in Gammarus fossarum. Asellus aquaticus and Niphargus sphagnicolus. Freshwater Biology 51: 686-694.",,3,"measurement","Simcic",2006,"Effects of pH on electron transport system (ETS) activity and oxygen consumption in Gammarus fossarum","Asellus aquaticus and Niphargus sphagnicolus. Freshwater Biology","51","686-694","10.1111/j.1365-2427.2006.01522.x","SIMCIC:2006aa","SIMCIC_2006","approved","owner_candidate","crossref",0.8354,TRUE,TRUE,TRUE,TRUE,TRUE,,FALSE,,"2026-10-06T16:35:46Z","tbmcite 0.1.0","owner","2026-10-06",,"S4 list (p. 127-132)",,,"crossref_only"
"Makarieva_2008","S4:Simčič et al. 2005","Simčič T., Lukančič S., Brancelj A. (2005) Comparative study of electron transport system activity and oxygen consumption of amphipods from caves and surface habitats. Freshwater Biology 50: 494-501.",,2,"measurement","Simcic",2005,"Comparative study of electron transport system activity and oxygen consumption of amphipods from caves and surface habitats","Freshwater Biology","50","494-501","10.1111/j.1365-2427.2005.01339.x","SIMCIC:2005aa","SIMCIC_2005","certain","crossref_only","crossref",1,TRUE,TRUE,TRUE,TRUE,TRUE,,FALSE,,"2026-10-06T16:35:46Z","tbmcite 0.1.0",,,,"S4 list (p. 127-132)",,,"crossref_only"
"Makarieva_2008","S4:Sutschenya & Abolmasova 1973","Sutschenya L.M., Abolmasova G.I. (1973) Metabolic intensity in the crab Eriphia spinifrons (Herbst) Sav. from the Black Sea. In: Energy metabolism of aquatic animals, Mosow: Nauka, pp. 42-49. (in Russian)",,1,"measurement","Sutschenya",1973,"Metabolic intensity in the crab Eriphia spinifrons (Herbst) Sav. from the Black Sea","Energy metabolism of aquatic animals, Mosow: Nauka",,"42-49",,"Sutschenya:1973aa","Sutschenya_1973","nodoi_approved","owner_nodoi","crossref",0.4901,FALSE,FALSE,FALSE,FALSE,FALSE,,FALSE,,"2026-10-06T16:35:46Z","tbmcite 0.1.0","owner","2026-10-06",,"S4 list (p. 127-132); parsed_* completed by the round (chapter entry)",,,"crossref_only"
"Makarieva_2008","S4:Taylor & Davies 1981","Taylor A.C., Davies P.S. (1981) Respiration in the land crab, Gecarcinus lateralis (Freminville). J. Exp Biol. 93: 197-208.",,3,"measurement","Taylor",1981,"Respiration in the land crab, Gecarcinus lateralis (Freminville)","J. Exp Biol","93","197-208","10.1242/jeb.93.1.197","Taylor:1981aa","Taylor_1981","approved","owner_candidate","crossref",0.897,TRUE,TRUE,TRUE,TRUE,TRUE,,FALSE,,"2026-10-06T16:35:46Z","tbmcite 0.1.0","owner","2026-10-06",,"S4 list (p. 127-132)",,,"crossref_only"
"Makarieva_2008","S4:Taylor et al. 1977","Taylor E.W., Butler P.J., Alwassia A. (1977) Effect of a decrease in salinity on respiration, osmoregulation and activity in shore crab, Carcinus- maenas L., at different acclimation temperature. J. Comp. Physiol. 119: 155-170.",,2,"measurement","Taylor",1977,"Effect of a decrease in salinity on respiration, osmoregulation and activity in shore crab, Carcinus- maenas L., at different acclimation temperature","J. Comp. Physiol","119","155-170","10.1007/bf00686563","Taylor:1977aa","Taylor_1977","approved","owner_candidate","crossref",0.8477,TRUE,TRUE,TRUE,TRUE,TRUE,,FALSE,,"2026-10-06T16:35:46Z","tbmcite 0.1.0","owner","2026-10-06",,"S4 list (p. 127-132)",,,"crossref_only"
"Makarieva_2008","S4:Thuesen & Childress 1993","Thuesen E.V., Childress J.J. (1993) Enzymatic activities and metabolic rates of pelagic chaetognaths: Lack of depth-related declines. Limnology & Oceanography 38: 935-948.",,13,"measurement","Thuesen",1993,"Enzymatic activities and metabolic rates of pelagic chaetognaths: Lack of depth-related declines","Limnology & Oceanography","38","935-948","10.4319/lo.1993.38.5.0935","Thuesen:1993ab","Thuesen_1993b","certain","crossref_only","crossref;consensus-mcp",1,TRUE,TRUE,TRUE,TRUE,TRUE,,FALSE,,"2026-10-06T16:35:46Z","tbmcite 0.1.0",,,,"S4 list (p. 127-132)",,,"crossref_only"
"Makarieva_2008","S4:Thuesen & Childress 1994","Thuesen E.V., Childress J.J. (1994) Oxygen consumption rates and metabolic enzyme activities of oceanic California medusae in relation to body size and habitat depth. Biological Bulletin 187: 84-98.",,19,"measurement","Thuesen",1994,"Oxygen consumption rates and metabolic enzyme activities of oceanic California medusae in relation to body size and habitat depth","Biological Bulletin","187","84-98","10.2307/1542168","Thuesen:1994aa","Thuesen_1994","certain","crossref_only","crossref;consensus-mcp",1,TRUE,TRUE,TRUE,TRUE,TRUE,,FALSE,,"2026-10-06T16:35:46Z","tbmcite 0.1.0",,,,"S4 list (p. 127-132)",,,"crossref_only"
"Makarieva_2008","S4:Thuesen et al. 1998","Thuesen E.V., Miller C.B., Childress J.J. (1998) Ecophysiological interpretation of oxygen consumption rates and enzymatic activities of deep-sea copepods. Marine Ecology Progress Series 168: 95-107.",,50,"measurement","Thuesen",1998,"Ecophysiological interpretation of oxygen consumption rates and enzymatic activities of deep-sea copepods","Marine Ecology Progress Series","168","95-107","10.3354/meps168095","Thuesen:1998aa","Thuesen_1998","certain","crossref_only","crossref",1,TRUE,TRUE,TRUE,TRUE,TRUE,,FALSE,,"2026-10-06T16:35:46Z","tbmcite 0.1.0",,,,"S4 list (p. 127-132)",,,"crossref_only"
"Makarieva_2008","S4:Tscherbakov & Muragina 1953","Tscherbakov A.P., Muragina T.A. (1953) Respiration intensity in the tadpole shrimp (Apus cancriformis Schäff.). Zoologicheskiĭ zhurnal 32: 844-847. (in Russian)",,5,"measurement","Tscherbakov",1953,"Respiration intensity in the tadpole shrimp (Apus cancriformis Schäff.)","Zoologicheskiĭ zhurnal","32","844-847",,"Tscherbakov:1953aa","Tscherbakov_1953","nodoi_approved","owner_nodoi","crossref",0.4845,FALSE,FALSE,FALSE,FALSE,FALSE,,FALSE,,"2026-10-06T16:35:46Z","tbmcite 0.1.0","owner","2026-10-06",,"S4 list (p. 127-132); parsed_* completed by the round (journal entry)",,,"crossref_only"
"Makarieva_2008","S4:Veerannan 1972","Veerannan K.M. (1972) Respiratory Metabolism of Crabs from Marine and Estuarine Habitats. I. Scylla serrata. Marine Biology 17: 284-290.",,7,"measurement","Veerannan",1972,"Respiratory Metabolism of Crabs from Marine and Estuarine Habitats","I. Scylla serrata. Marine Biology","17","284-290","10.1007/bf00389084",,,"pending","ambiguous","crossref;consensus-mcp",0.8452,TRUE,FALSE,TRUE,FALSE,FALSE,,FALSE,,"2026-10-06T16:35:46Z","tbmcite 0.1.0",,,,"S4 list (p. 127-132)",,,"crossref_only"
"Makarieva_2008","S4:Veerannan 1974","Veerannan K.M. (1974) Respiratory metabolism of crabs from marine habitats: an interpecific comparison. Marine Biology 26: 35-43.",,13,"measurement","Veerannan",1974,"Respiratory metabolism of crabs from marine habitats: an interpecific comparison","Marine Biology","26","35-43","10.1007/bf00389084","Veerannan:1974aa","Veerannan_1974","approved","owner_candidate","crossref",0.7971,TRUE,TRUE,TRUE,TRUE,TRUE,,FALSE,,"2026-10-06T16:35:46Z","tbmcite 0.1.0","owner","2026-10-06",,"S4 list (p. 127-132)",,,"crossref_only"
"Makarieva_2008","S4:Vernberg 1959","Vernberg F.Y. (1959) Studies on the physiological variation between tropical and temperate zone fiddler crabs of the genus Uca. II. Oxygen consumption of whole organisms. Biol. Bull.117: 163-184.",,7,"measurement","Vernberg",1959,"Studies on the physiological variation between tropical and temperate zone fiddler crabs of the genus Uca","II. Oxygen consumption of whole organisms. Biol. Bull","117","163-184","10.2307/1929812",,,"pending","ambiguous","crossref",0.8487,TRUE,TRUE,FALSE,FALSE,FALSE,,FALSE,,"2026-10-06T16:35:46Z","tbmcite 0.1.0",,,,"S4 list (p. 127-132)",,,"crossref_only"
"Makarieva_2008","S4:Will 1952","Will A. (1952) Körpergrösse, Körperzeiten und Energiebilanz. VI. Körpergrösse unde O2-Konsum bei Schaben und Asellen (Isopoda). Z. vergl. Physiol. 341: 20-25.",,2,"measurement","Will",1952,"Korpergrosse, Korperzeiten und Energiebilanz","VI. Korpergrosse unde O2-Konsum bei Schaben und Asellen (Isopoda). Z. vergl. Physiol","341","20-25","10.1007/bf00298940",,,"not_found","below_threshold","crossref",0.4501,FALSE,TRUE,FALSE,FALSE,FALSE,,FALSE,,"2026-10-06T16:35:46Z","tbmcite 0.1.0",,,,"S4 list (p. 127-132)",,,"crossref_only"
"Makarieva_2008","S6b:Gavrilov 1974a","Gavrilov V.M. 1974a. Seasonal and daily variations of standard metabolic rate in passerine birds. Materialy 6 Vsesojusnoi Ornithologicheskoi Konferentzii (Proceedings of the 6 All-Union Ornithological Conference). Moscow: Moscow University Press. Vol.1, P.134-136. (in Russian)",,6,"measurement","Gavrilov",1974,"Seasonal and daily variations of standard metabolic rate in passerine birds. Materialy 6 Vsesojusnoi Ornithologicheskoi Konferentzii (Proceedings of the 6 All-Union Ornithological Conference)","Moscow: Moscow University Press","1","134-136",,"Gavrilov:1974aa","Gavrilov_1974","nodoi_approved","owner_nodoi","crossref",0.4096,TRUE,FALSE,FALSE,FALSE,FALSE,,FALSE,,"2026-10-06T16:35:46Z","tbmcite 0.1.0","owner","2026-10-06",,"S6b list (p. 153-154); parsed_* completed by the round (journal entry)",,,"crossref_only"
"Makarieva_2008","S6b:Gavrilov 1977","Gavrilov, V.M. 1977. Penguin energetics. - Penguin adaptations. Moscow: Nauka. P.102-110. (in Russian)",,6,"measurement","Gavrilov",1977,"Penguin energetics. - Penguin adaptations","Moscow: Nauka",,"102-110",,"Gavrilov:1977aa","Gavrilov_1977","nodoi_approved","owner_nodoi","crossref",0.4672,FALSE,FALSE,FALSE,FALSE,FALSE,,FALSE,,"2026-10-06T16:35:46Z","tbmcite 0.1.0","owner","2026-10-06",,"S6b list (p. 153-154); parsed_* completed by the round (journal entry)",,,"crossref_only"
"Makarieva_2008","S6b:Gavrilov 1979a","Gavrilov V.M. 1979a. Bioenergetics of large Passeriformes. 1. Metabolism of rest and energy of existence. Zool. Zh. Vol.58, N 4, P.530-541 (in Russian, English summary)",,23,"measurement","Gavrilov",1979,"Bioenergetics of large Passeriformes. 1","Metabolism of rest and energy of existence. Zool. Zh","58","530-541",,"Gavrilov:1979aa","Gavrilov_1979","nodoi_approved","owner_nodoi","crossref",0.3282,FALSE,TRUE,FALSE,FALSE,FALSE,,FALSE,,"2026-10-06T16:35:46Z","tbmcite 0.1.0","owner","2026-10-06",,"S6b list (p. 153-154); parsed_* completed by the round (journal entry)",,,"crossref_only"
"Makarieva_2008","S6b:Gavrilov 1979b","Gavrilov V.M. 1979b. Bioenergetics of large Passeriformes. 2. Caloric equivalent on loss of body mass and dependence of bioenergetic parameters on body mass. Zool. Zh. Vol.58, N 5, P.693-703 (in Russian, English summary)",,23,"measurement","Gavrilov",1979,"Bioenergetics of large Passeriformes. 2","Caloric equivalent on loss of body mass and dependence of bioenergetic parameters on body mass. Zool. Zh","58","693-703",,"Gavrilov:1979ab","Gavrilov_1979b","nodoi_approved","owner_nodoi","crossref",0.3352,FALSE,FALSE,FALSE,FALSE,FALSE,,FALSE,,"2026-10-06T16:35:46Z","tbmcite 0.1.0","owner","2026-10-06",,"S6b list (p. 153-154); parsed_* completed by the round (journal entry)",,,"crossref_only"
"Makarieva_2008","S6b:Gavrilov 1980a","Gavrilov, V.M. 1980a. Energy existence of Galliformes in relation to ambient temperatures, seasons and body mass. - Ornithologia. Vol.15. P.75-79 (in Russian)",,87,"measurement","Gavrilov",1980,"Energy existence of Galliformes in relation to ambient temperatures, seasons and body mass","Ornithologia","15","75-79",,"Gavrilov:1980aa","Gavrilov_1980","nodoi_approved","owner_nodoi","crossref",0.5029,FALSE,FALSE,FALSE,FALSE,FALSE,,FALSE,,"2026-10-06T16:35:46Z","tbmcite 0.1.0","owner","2026-10-06",,"S6b list (p. 153-154); parsed_* completed by the round (journal entry)",,,"crossref_only"
"Makarieva_2008","S6b:Gavrilov 1980b","Gavrilov, V.M. 1980b. Trends of bioenergetic adaptations in birds to seasonal changes in climate. - Ecologia, geographia i okhrana ptitz. Ecology, Geography and Protection of Birds. Leningrad: Nauka. P.73-97.",,87,"measurement","Gavrilov",1980,"Trends of bioenergetic adaptations in birds to seasonal changes in climate. - Ecologia, geographia i okhrana ptitz. Ecology, Geography and Protection of Birds","Leningrad: Nauka",,"73-97",,"Gavrilov:1980ab","Gavrilov_1980b","nodoi_approved","owner_nodoi","crossref",0.3863,FALSE,FALSE,FALSE,FALSE,FALSE,,FALSE,,"2026-10-06T16:35:46Z","tbmcite 0.1.0","owner","2026-10-06",,"S6b list (p. 153-154); parsed_* completed by the round (journal entry)",,,"crossref_only"
"Makarieva_2008","S6b:Gavrilov 1980c","Gavrilov, V.M. 1980c. Seasonal changes of metabolism in migratory and sedentary passerine and non- passerine birds. - Ornithologia. Vol.15. P.208-211. (in Russian)",,87,"measurement","Gavrilov",1980,"Seasonal changes of metabolism in migratory and sedentary passerine and non- passerine birds","Ornithologia","15","208-211",,"Gavrilov:1980ac","Gavrilov_1980c","nodoi_approved","owner_nodoi","crossref",0.5821,FALSE,FALSE,FALSE,FALSE,FALSE,,FALSE,,"2026-10-06T16:35:46Z","tbmcite 0.1.0","owner","2026-10-06",,"S6b list (p. 153-154); parsed_* completed by the round (journal entry)",,,"crossref_only"
"Makarieva_2008","S6b:Gavrilov 1981","Gavrilov, V.M. 1981. Circadian changes of resting metabolism in birds. - Ornithologia. Vol.16. P.42-50. (in Russian)",,69,"measurement","Gavrilov",1981,"Circadian changes of resting metabolism in birds","Ornithologia","16","42-50",,"Gavrilov:1981aa","Gavrilov_1981","nodoi_approved","owner_nodoi","crossref",0.4724,FALSE,TRUE,FALSE,FALSE,FALSE,,FALSE,,"2026-10-06T16:35:46Z","tbmcite 0.1.0","owner","2026-10-06",,"S6b list (p. 153-154); parsed_* completed by the round (journal entry)",,,"crossref_only"
"Makarieva_2008","S6b:Gavrilov 1982a","Gavrilov, V.M. 1982a. Energy existence and basal metabolism of insectivorous and granivorous passerine birds. - Ornithologia. Vol.17. P.66-71. (in Russian, English summary)",,88,"measurement","Gavrilov",1982,"Energy existence and basal metabolism of insectivorous and granivorous passerine birds","Ornithologia","17","66-71",,"Gavrilov:1982aa","Gavrilov_1982","nodoi_approved","owner_nodoi","crossref",0.4702,FALSE,FALSE,FALSE,FALSE,FALSE,,FALSE,,"2026-10-06T16:35:46Z","tbmcite 0.1.0","owner","2026-10-06",,"S6b list (p. 153-154); parsed_* completed by the round (journal entry)",,,"crossref_only"
"Makarieva_2008","S6b:Gavrilov 1982b","Gavrilov, V.M. 1982b. Bioenergetic adaptations in birds to seasonal variations in climate. - Gavrilov, V.M. and Potapov, R.L., eds. Ornithological Studies in the USSR. Moscow: Nauka. Vol.2. P.377-402.",,123,"measurement","Gavrilov",1982,"Bioenergetic adaptations in birds to seasonal variations in climate. - Gavrilov, V.M. and Potapov, R.L., eds. Ornithological Studies in the USSR","Moscow: Nauka","2","377-402",,"Gavrilov:1982ab","Gavrilov_1982b","nodoi_approved","owner_nodoi","crossref",0.3643,FALSE,FALSE,FALSE,FALSE,FALSE,,FALSE,,"2026-10-06T16:35:46Z","tbmcite 0.1.0","owner","2026-10-06",,"S6b list (p. 153-154); parsed_* completed by the round (journal entry)",,,"crossref_only"
"Makarieva_2008","S6b:Gavrilov 1985a","Gavrilov, V.M. 1985a. Energy of existence at 0° and 30° and basal metabolism of insectivorous and granivorous Passeriformes: their seasonal change anddependence on body mass. - Ilyichov, V.D. and Gavrilov, V.M., eds. Acta XVIII Congress Internationalis Ornithologici. Moscow: Nauka. Vol.2. P.1220-1227.",,42,"measurement","Gavrilov",1985,"Energy of existence at 0° and 30° and basal metabolism of insectivorous and granivorous Passeriformes: their seasonal change anddependence on body mass. - Ilyichov, V.D. and Gavrilov, V.M., eds. Acta XVIII Congress Internationalis Ornithologici","Moscow: Nauka","2","1220-1227",,"Gavrilov:1985ab","Gavrilov_1985b","nodoi_approved","owner_nodoi","crossref",0.4264,TRUE,FALSE,FALSE,FALSE,FALSE,,FALSE,,"2026-10-06T16:35:46Z","tbmcite 0.1.0","owner","2026-10-06",,"S6b list (p. 153-154); parsed_* completed by the round (journal entry)",,,"crossref_only"
"Makarieva_2008","S6b:Gavrilov 1985b","Gavrilov, V.M. 1985b. Seasonal and circadian changes of thermoregulation in passerine and non-passerine birds: which is more important? Ilyichov, V.D. and Gavrilov, V.M., eds. Acta XVIII Congress Internationalis Ornithologici. Moscow: Nauka. Vol.2. P.1254-1277.",,42,"measurement","Gavrilov",1985,"Seasonal and circadian changes of thermoregulation in passerine and non-passerine birds: which is more important? Ilyichov, V.D. and Gavrilov, V.M., eds. Acta XVIII Congress Internationalis Ornithologici","Moscow: Nauka","2","1254-1277",,"Gavrilov:1985ac","Gavrilov_1985c","nodoi_approved","owner_nodoi","crossref",0.5472,FALSE,FALSE,FALSE,FALSE,FALSE,,FALSE,,"2026-10-06T16:35:46Z","tbmcite 0.1.0","owner","2026-10-06",,"S6b list (p. 153-154); parsed_* completed by the round (journal entry)",,,"crossref_only"
"Makarieva_2008","S6b:Gavrilov 1997","Gavrilov V.M. 1997. Energetics and Avian behavior. Physiology and General Biology Reviews. Amsterdam B.V. Published in The Netherlands by Harwood Academic Publishers GmbH, 225p.",,154,"measurement","Gavrilov",1997,"Energetics and Avian behavior","Physiology and General Biology Reviews. Amsterdam B.V. Published in The Netherlands by Harwood Academic Publishers GmbH, 225p",,,,"Gavrilov:1997aa","Gavrilov_1997","nodoi_approved","owner_nodoi","crossref",0.2849,FALSE,TRUE,FALSE,FALSE,FALSE,,FALSE,,"2026-10-06T16:35:46Z","tbmcite 0.1.0","owner","2026-10-06",,"S6b list (p. 153-154); parsed_* completed by the round (book/chapter entry)",,,"crossref_only"
"Makarieva_2008","S6b:Gavrilov 1999a","Gavrilov, V.M. 1999a. Comparative energetics of passerine and non-passerine birds: differences in maximal, potential productive and normal levels of existence metabolism and their ecological implication. In: Adams, N. & Slotow, R. Eds), Proc. 22 Int. Ornithol. Congr., Durban: 338-369, Johannesburg: BirdLife South Africa.",,107,"measurement","Gavrilov",1999,"Comparative energetics of passerine and non-passerine birds: differences in maximal, potential productive and normal levels of existence metabolism and their ecological implication","In: Adams, N. & Slotow, R. Eds), Proc. 22 Int. Ornithol. Congr., Durban: 338-369, Johannesburg: BirdLife South Africa",,,,"Gavrilov:1999aa","Gavrilov_1999","nodoi_approved","owner_nodoi","crossref",0.4421,FALSE,FALSE,FALSE,FALSE,FALSE,,FALSE,,"2026-10-06T16:35:46Z","tbmcite 0.1.0","owner","2026-10-06",,"S6b list (p. 153-154); parsed_* completed by the round (book/chapter entry)",,,"crossref_only"
"Makarieva_2008","S6b:Gavrilov 1999b","Gavrilov V.M. 1999b. Energy responses of passerine and non-passerine birds to their thermal environment: differences and ecological effects. Avian ecology and behaviour, vol. 3, p. 1-21.",,107,"measurement","Gavrilov",1999,"Energy responses of passerine and non-passerine birds to their thermal environment: differences and ecological effects","Avian ecology and behaviour","3","1-21",,"Gavrilov:1999ab","Gavrilov_1999b","nodoi_approved","owner_nodoi","crossref",0.433,FALSE,FALSE,FALSE,FALSE,FALSE,,FALSE,,"2026-10-06T16:35:46Z","tbmcite 0.1.0","owner","2026-10-06",,"S6b list (p. 153-154); parsed_* completed by the round (chapter / journal entry, fields typed from the citation)",,,"crossref_only"
"Makarieva_2008","S6b:Gavrilov & Dolnik 1985","Gavrilov, V.M., Dolnik, V.R. 1985. Basal metabolism, thermoregulation and existence energy in birds: world data. In Acta XVIII Congress Internationalis Ornithologici, (Ilyichov, V.D. and Gavrilov, V.M., eds.) vol.1, 421-466 (Moscow: Nauka).",,60,"measurement","Gavrilov",1985,"Basal metabolism, thermoregulation and existence energy in birds: world data","Acta XVIII Congressus Internationalis Ornithologici, vol. 1 (Ilyichov, V.D. and Gavrilov, V.M., eds.), Moscow: Nauka","1","421-466",,"Gavrilov:1985aa","Gavrilov_1985","nodoi_approved","owner_nodoi","crossref",0.3565,FALSE,FALSE,FALSE,FALSE,FALSE,,FALSE,,"2026-10-06T16:35:46Z","tbmcite 0.1.0","owner","2026-10-06",,"S6b list (p. 153-154); parsed_* completed by the round (chapter / journal entry, fields typed from the citation)",,,"crossref_only"
"Makarieva_2008","S6b:Gavrilov et al. 1998","Gavrilov V.M., A.B. Kerimov, T.B. Golubeva, E.V. Ivankina, T.A. Ilyina. 1998. Population and ecological effects of variation and interaction of energetic parameters in birds with special reference to Great Tit (Parus major) and Pied Flycatcher (Ficedula hypoleuca). Avian ecology and behaviour, vol. 1, pp. 87-101.",,2,"measurement","Gavrilov",1998,"Population and ecological effects of variation and interaction of energetic parameters in birds with special reference to Great Tit (Parus major) and Pied Flycatcher (Ficedula hypoleuca)","Avian ecology and behaviour","1","87-101",,"Gavrilov:1998aa","Gavrilov_1998","nodoi_approved","owner_nodoi","crossref",0.5566,FALSE,FALSE,FALSE,FALSE,FALSE,,FALSE,,"2026-10-06T16:35:46Z","tbmcite 0.1.0","owner","2026-10-06",,"S6b list (p. 153-154); parsed_* completed by the round (chapter / journal entry, fields typed from the citation)",,,"crossref_only"
"Makarieva_2008","S7:Alberte et al. 1986","Alberte R.S., Cheng L., Lewin R.A. (1986) Photosynthetic characteristics of Prochloron sp./ascidian symbioses I. Light and temperature responses of the algal symbiont of Lissoclinum patella. Marine Biology 90: 575-587.",,2,"measurement","Alberte",1986,"Photosynthetic characteristics of Prochloron sp./ascidian symbioses I. Light and temperature responses of the algal symbiont of Lissoclinum patella","Marine Biology","90","575-587","10.1007/bf00409278","Alberte:1986aa","Alberte_1986","certain","crossref_only","crossref",1,TRUE,TRUE,TRUE,TRUE,TRUE,,FALSE,,"2026-10-06T16:35:46Z","tbmcite 0.1.0",,,,"S7 list (p. 163-166)",,,"crossref_only"
"Makarieva_2008","S7:Avendaño-Coletta & Schubert 2005","Avendaño-Coletta D., Schubert H. (2005) Oxygen evolution and respiration of the cyanobacterium Synechocystis sp. PCC 6803 under two different light regimes applying light/dark intervals in the time scale of minutes. Physiologia Plantarum 125: 381-391.",,1,"measurement","Avendano-Coletta",2005,"Oxygen evolution and respiration of the cyanobacterium Synechocystis sp. PCC 6803 under two different light regimes applying light/dark intervals in the time scale of minutes","Physiologia Plantarum","125","381-391","10.1111/j.1399-3054.2005.00562.x","Avendano-Coletta:2005aa","Avendano-Coletta_2005","approved","owner_candidate","crossref",0.5989,TRUE,TRUE,TRUE,TRUE,TRUE,,FALSE,,"2026-10-06T16:35:46Z","tbmcite 0.1.0","owner","2026-10-06",,"S7 list (p. 163-166); parsed_* completed by the round (journal entry)",,,"crossref_only"
"Makarieva_2008","S7:Berry et al. 2003","Berry S., Bolychevtseva Y.V., Rögner M., Karapetyan N.V. (2003) Photosynthetic and respiratory electron transport in the alkaliphilic cyanobacterium Arthrospira (Spirulina) platensis. Photosynthesis Research 78: 67-76.",,4,"measurement","Berry",2003,"Photosynthetic and respiratory electron transport in the alkaliphilic cyanobacterium Arthrospira (Spirulina) platensis","Photosynthesis Research","78","67-76","10.1023/a:1026012719612","Berry:2003aa","Berry_2003","certain","crossref_only","crossref",1,TRUE,TRUE,TRUE,TRUE,TRUE,,FALSE,,"2026-10-06T16:35:46Z","tbmcite 0.1.0",,,,"S7 list (p. 163-166)",,,"crossref_only"
"Makarieva_2008","S7:Biggins 1969","Biggins J. (1969) Respiration in blue-green algae. Journal of Bacteriology 99: 570-575.",,2,"measurement","Biggins",1969,"Respiration in blue-green algae","Journal of Bacteriology","99","570-575","10.1128/jb.99.2.570-575.1969","Biggins:1969aa","Biggins_1969","certain","crossref_only","crossref;consensus-mcp",1,TRUE,TRUE,TRUE,TRUE,TRUE,,FALSE,,"2026-10-06T16:35:46Z","tbmcite 0.1.0",,,,"S7 list (p. 163-166)",,,"crossref_only"
"Makarieva_2008","S7:Broady & Kibblewhite 1991","Broady P.A., Kibblewhite A.L. (1991) Morphological characterization of Oscillatoriales (Cyanobacteria) from Ross Island and southern Victoria Land, Antarctica. Antarctic Science 3: 35-45.",,5,"measurement","Broady",1991,"Morphological characterization of Oscillatoriales (Cyanobacteria) from Ross Island and southern Victoria Land, Antarctica","Antarctic Science","3","35-45","10.1017/s095410209100007x","Broady:1991aa","Broady_1991","certain","crossref_only","crossref",1,TRUE,TRUE,TRUE,TRUE,TRUE,,FALSE,,"2026-10-06T16:35:46Z","tbmcite 0.1.0",,,,"S7 list (p. 163-166)",,,"crossref_only"
"Makarieva_2008","S7:Carpenter & Roenneberg 1995","Carpenter E.J., Roenneberg T. (1995) The marine planktonic cyanobacterium Trichodesmium spp.: photosynthetic rate measurements in the SW Atlantic Ocean. Marine Ecology Progress Series 118: 267-273.",,3,"measurement","Carpenter",1995,"The marine planktonic cyanobacterium Trichodesmium spp.: photosynthetic rate measurements in the SW Atlantic Ocean","Marine Ecology Progress Series","118","267-273","10.3354/meps118267","Carpenter:1995aa","Carpenter_1995","approved","owner_candidate","crossref",0.8813,TRUE,TRUE,TRUE,TRUE,TRUE,,FALSE,,"2026-10-06T16:35:46Z","tbmcite 0.1.0","owner","2026-10-06",,"S7 list (p. 163-166)",,,"crossref_only"
"Makarieva_2008","S7:Carpenter et al. 2004","Carpenter E.J., Subramaniam A., Capone D.G. (2004) Biomass and primary productivity of the cyanobacterium Trichodesmium spp.in the tropical N Atlantic ocean. Deep-Sea Research I 51: 173-203.",,6,"measurement","Carpenter",2004,"Biomass and primary productivity of the cyanobacterium Trichodesmium spp.in the tropical N Atlantic ocean","Deep-Sea Research I","51","173-203","10.1016/j.dsr.2003.10.006",,,"pending","retracted","crossref;consensus-mcp",1,TRUE,TRUE,TRUE,TRUE,TRUE,,FALSE,"crossref:updated-by:erratum","2026-10-06T16:35:46Z","tbmcite 0.1.0",,,,"S7 list (p. 163-166)",,,"crossref_only"
"Makarieva_2008","S7:Chen et al. 1989","Chen T.-H., Huang T.-C., Chow T.-J. (1989) Calcium is required for the increase of dark respiration during diurnal nitrogen fixation by Synechococcus RF-1. Plant Science 60: 195-198.",,1,"measurement","Chen",1989,"Calcium is required for the increase of dark respiration during diurnal nitrogen fixation by Synechococcus RF-1. Plant Science",,"60","195-198","10.1016/0168-9452(89)90166-0","Chen:1989aa","Chen_1989","approved","owner_candidate","crossref",0.9221,TRUE,TRUE,FALSE,TRUE,TRUE,,FALSE,,"2026-10-06T16:35:46Z","tbmcite 0.1.0","owner","2026-10-06",,"S7 list (p. 163-166)",,,"crossref_only"
"Makarieva_2008","S7:Ciferri 1983","Ciferri O. (1983) Spirulina, the edible microorganism. Microbiological Reviews 47: 551-578.",,8,"measurement","Ciferri",1983,"Spirulina, the edible microorganism","Microbiological Reviews","47","551-578","10.1128/mr.47.4.551-578.1983","Ciferri:1983aa","Ciferri_1983","certain","crossref_only","crossref",1,TRUE,TRUE,TRUE,TRUE,TRUE,,FALSE,,"2026-10-06T16:35:46Z","tbmcite 0.1.0",,,,"S7 list (p. 163-166)",,,"crossref_only"
"Makarieva_2008","S7:Cox 1986","Cox G. (1986) Comparison of Prochloron from different hosts I. Structural and ultrastructural characteristics. New Phytologist 104: 429-445.",,2,"measurement","Cox",1986,"Comparison of Prochloron from different hosts I. Structural and ultrastructural characteristics","New Phytologist","104","429-445","10.1111/j.1469-8137.1986.tb02910.x","Cox:1986aa","Cox_1986","certain","crossref_only","crossref",1,TRUE,TRUE,TRUE,TRUE,TRUE,,FALSE,,"2026-10-06T16:35:46Z","tbmcite 0.1.0",,,,"S7 list (p. 163-166)",,,"crossref_only"
"Makarieva_2008","S7:Davey 1989","Davey M.C. (1989) The effects of freezing and desiccation on photosynthesis and survival of terrestrial Antarctic algae and cyanobacteria. Polar Biology 10: 29-36.",,5,"measurement","Davey",1989,"The effects of freezing and desiccation on photosynthesis and survival of terrestrial Antarctic algae and cyanobacteria","Polar Biology","10","29-36","10.1007/bf00238287","Davey:1989aa","Davey_1989","certain","crossref_only","crossref",1,TRUE,TRUE,TRUE,TRUE,FALSE,,FALSE,,"2026-10-06T16:35:46Z","tbmcite 0.1.0",,,,"S7 list (p. 163-166)",,,"crossref_only"
"Makarieva_2008","S7:de Magalhães et al. 2004","de Magalhães, Cardoso D., dos Santos C.P., Chaloub R.M. (2004) Physiological and photosynthetic responses of Synechocystis aquatilis f. aquatilis (Cyanophyceae) to elevated levels of zinc. Journal of Phycology 40: 496-504.",,1,"measurement","de Magalhaes",2004,"Physiological and photosynthetic responses of Synechocystis aquatilis f. aquatilis (Cyanophyceae) to elevated levels of zinc","Journal of Phycology","40","496-504","10.1111/j.1529-8817.2004.03094.x","De-Magalhaes:2004aa","DeMagalhaes_2004","certain","crossref_only","crossref",0.9529,TRUE,TRUE,TRUE,TRUE,TRUE,,FALSE,,"2026-10-06T16:35:46Z","tbmcite 0.1.0",,,,"S7 list (p. 163-166)",,,"crossref_only"
"Makarieva_2008","S7:Doolittle & Singer 1974","Doolittle W.F., Singer R.A. (1974) Mutational analysis of dark endogenous metabolism in the blue-green bacterium Anacystis nidulans. Journal of Bacteriology 119: 677-683.",,1,"measurement","Doolittle",1974,"Mutational analysis of dark endogenous metabolism in the blue-green bacterium Anacystis nidulans","Journal of Bacteriology","119","677-683","10.1128/jb.119.3.677-683.1974","Doolittle:1974aa","Doolittle_1974","certain","crossref_only","crossref",1,TRUE,TRUE,TRUE,TRUE,TRUE,,FALSE,,"2026-10-06T16:35:46Z","tbmcite 0.1.0",,,,"S7 list (p. 163-166)",,,"crossref_only"
"Makarieva_2008","S7:Fietz & Nicklisch 2002","Fietz S., Nicklisch A. (2002) Acclimation of the diatom Stephanodiscus neoastraea and the cyanobacterium Planktothrix agardhii to simulated natural light fluctuations. Photosynthesis Research 72: 95-106.",,1,"measurement","Fietz",2002,"Acclimation of the diatom Stephanodiscus neoastraea and the cyanobacterium Planktothrix agardhii to simulated natural light fluctuations","Photosynthesis Research","72","95-106","10.1023/a:1016052726149","Fietz:2002aa","Fietz_2002","certain","crossref_only","crossref",1,TRUE,TRUE,TRUE,TRUE,TRUE,,FALSE,,"2026-10-06T16:35:46Z","tbmcite 0.1.0",,,,"S7 list (p. 163-166)",,,"crossref_only"
"Makarieva_2008","S7:Gordillo et al. 1999","Gordillo F.J.F., Jiménéz C., Figueroa F.L., Niell F.X. (1999) Effects of increased atmospheric CO2 and N supply on photosynthesis, growth and cell composition of the cyanobacterium Spirulina platensis (Arthrospira). Journal of Applied Phycology 10: 461-469.",,4,"measurement","Gordillo",1999,"Effects of increased atmospheric CO2 and N supply on photosynthesis, growth and cell composition of the cyanobacterium Spirulina platensis (Arthrospira)","Journal of Applied Phycology","10","461-469","10.1023/a:1008090402847","Gordillo:1998aa","Gordillo_1998","certain","crossref_only","crossref",1,TRUE,TRUE,TRUE,TRUE,TRUE,,FALSE,,"2026-10-06T16:35:46Z","tbmcite 0.1.0",,,,"S7 list (p. 163-166)",,,"crossref_only"
"Makarieva_2008","S7:Hammouda & El-Sheekh 1994","Hammouda O.H.E., El-Sheekh M.M. (1994) Response of fresh water phytoplanktonic algae Chlorella kessleri and Synechocystis PCC 6803 to anthelmintic activity of the wild Egyptian plant Calendula micrantha officinalis. Archives of Environmental Contamination and Toxicology 27: 406-409.",,1,"measurement","Hammouda",1994,"Response of fresh water phytoplanktonic algae Chlorella kessleri and Synechocystis PCC 6803 to anthelmintic activity of the wild Egyptian plant Calendula micrantha officinalis","Archives of Environmental Contamination and Toxicology","27","406-409","10.1007/bf00213178","Hammouda:1994aa","Hammouda_1994","certain","crossref_only","crossref",1,TRUE,TRUE,TRUE,TRUE,FALSE,,FALSE,,"2026-10-06T16:35:46Z","tbmcite 0.1.0",,,,"S7 list (p. 163-166)",,,"crossref_only"
"Makarieva_2008","S7:Haury & Spiller 1981","Haury J.F., Spiller H. (1981) Fructose uptake and influence on growth of and nitrogen fixation by Anabaena variabilis. Journal of Bacteriology 147: 227-235.",,1,"measurement","Haury",1981,"Fructose uptake and influence on growth of and nitrogen fixation by Anabaena variabilis","Journal of Bacteriology","147","227-235","10.1128/jb.147.1.227-235.1981","Haury:1981aa","Haury_1981","certain","crossref_only","crossref",1,TRUE,TRUE,TRUE,TRUE,TRUE,,FALSE,,"2026-10-06T16:35:46Z","tbmcite 0.1.0",,,,"S7 list (p. 163-166)",,,"crossref_only"
"Makarieva_2008","S7:Koenig & Schmidt 1995","Koenig F., Schmidt M. (1995) Gloeobacter violaceus - investigation of an unusual photosynthetic apparatus. Absence of the long wavelength emission of photosystem I in 77 K fluorescence spectra. Physiologia Plantarum 94: 621-628.",,1,"measurement","Koenig",1995,"Gloeobacter violaceus - investigation of an unusual photosynthetic apparatus. Absence of the long wavelength emission of photosystem I in 77 K fluorescence spectra","Physiologia Plantarum","94","621-628","10.1007/978-94-011-3953-3_57",,,"not_found","below_threshold","crossref",0.6698,TRUE,FALSE,FALSE,FALSE,FALSE,,FALSE,,"2026-10-06T16:35:46Z","tbmcite 0.1.0",,,,"S7 list (p. 163-166); parsed_* completed by the round (journal entry)",,,"crossref_only"
"Makarieva_2008","S7:Kratz & Myers 1955","Kratz W.A., Myers J. (1955) Photosynthesis and respiration of three blue-green algae. Plant Physiology 30: 275-280.",,15,"measurement","Kratz",1955,"Photosynthesis and respiration of three blue-green algae","Plant Physiology","30","275-280","10.1104/pp.30.3.275","Kratz:1955aa","Kratz_1955","certain","crossref_only","crossref",1,TRUE,TRUE,TRUE,TRUE,TRUE,,FALSE,,"2026-10-06T16:35:46Z","tbmcite 0.1.0",,,,"S7 list (p. 163-166)",,,"crossref_only"
"Makarieva_2008","S7:Padan et al. 1971","Padan E., Raboy B., Shilo M. (1971) Endogenous dark respiration of the blue-green alga, Plectonema boryanum. Journal of Bacteriology 106: 45-50.",,3,"measurement","Padan",1971,"Endogenous dark respiration of the blue-green alga, Plectonema boryanum","Journal of Bacteriology","106","45-50","10.1128/jb.106.1.45-50.1971","Padan:1971aa","Padan_1971","certain","crossref_only","crossref",1,TRUE,TRUE,TRUE,TRUE,TRUE,,FALSE,,"2026-10-06T16:35:46Z","tbmcite 0.1.0",,,,"S7 list (p. 163-166)",,,"crossref_only"
"Makarieva_2008","S7:Pereira et al. 2005","Pereira I., Moya M., Reyes G., Kramm V. (2005) A survey of heterocystous nitrogen-fixing cyanobacteria in chilean rice fields. Gayana Botánica 62: 26-32.",,2,"measurement","Pereira",2005,"A survey of heterocystous nitrogen-fixing cyanobacteria in chilean rice fields","Gayana Botanica","62","26-32","10.4067/s0717-66432005000100005","Pereira:2005aa","Pereira_2005","certain","crossref_only","crossref",1,TRUE,TRUE,TRUE,TRUE,FALSE,,FALSE,,"2026-10-06T16:35:46Z","tbmcite 0.1.0",,,,"S7 list (p. 163-166)",,,"crossref_only"
"Makarieva_2008","S7:Richardson & Castenholz 1987","Richardson L.L., Castenholz R.W. (1987) Enhanced survival of the cyanobacterium Oscillatoria terebriformis in darkness under anaerobic conditions. Applied and Environmental Microbiology 53: 2151-2158.",,1,"measurement","Richardson",1987,"Enhanced survival of the cyanobacterium Oscillatoria terebriformis in darkness under anaerobic conditions","Applied and Environmental Microbiology","53","2151-2158","10.1128/aem.53.9.2151-2158.1987","Richardson:1987aa","Richardson_1987","certain","crossref_only","crossref",1,TRUE,TRUE,TRUE,TRUE,TRUE,,FALSE,,"2026-10-06T16:35:46Z","tbmcite 0.1.0",,,,"S7 list (p. 163-166)",,,"crossref_only"
"Makarieva_2008","S7:Romero et al. 1989","Romero J.M., Lara C., Sivak M.N. (1989) Changes in net O2 exchange induced by inorganic nitrogen in the blue-green alga Anacystis nidulans. Plant Physiology 91: 28-30.",,3,"measurement","Romero",1989,"Changes in net O2 exchange induced by inorganic nitrogen in the blue-green alga Anacystis nidulans","Plant Physiology","91","28-30","10.1104/pp.91.1.28","Romero:1989aa","Romero_1989","approved","owner_candidate","crossref",0.8546,TRUE,TRUE,TRUE,TRUE,TRUE,,FALSE,,"2026-10-06T16:35:46Z","tbmcite 0.1.0","owner","2026-10-06",,"S7 list (p. 163-166)",,,"crossref_only"
"Makarieva_2008","S7:Rubin et al. 1977","Rubin P.M., Zetooney E., Mcgowan R.E. (1977) Uptake and utilization of sugar phosphates by Anabaena flos-aquae. Plant Physiology 60: 407-411.",,1,"measurement","Rubin",1977,"Uptake and utilization of sugar phosphates by Anabaena flos-aquae","Plant Physiology","60","407-411","10.1104/pp.60.3.407","Rubin:1977aa","Rubin_1977","certain","crossref_only","crossref",1,TRUE,TRUE,TRUE,TRUE,TRUE,,FALSE,,"2026-10-06T16:35:46Z","tbmcite 0.1.0",,,,"S7 list (p. 163-166)",,,"crossref_only"
"Makarieva_2008","S7:Scherer et al. 1984","Scherer S., Ernst A., Chen T.-W. Boger P. (1984) Rewetting of drought-resistant blue-green algae: Time course of water uptake and reappearance of respiration, photosynthesis, and nitrogen fixation. Oecologia 62: 418-423.",,2,"measurement","Scherer",1984,"Rewetting of drought-resistant blue-green algae: Time course of water uptake and reappearance of respiration, photosynthesis, and nitrogen fixation","Oecologia","62","418-423","10.1007/bf00384277","Scherer:1984aa","Scherer_1984","certain","crossref_only","crossref",1,TRUE,TRUE,TRUE,TRUE,TRUE,,FALSE,,"2026-10-06T16:35:46Z","tbmcite 0.1.0",,,,"S7 list (p. 163-166)",,,"crossref_only"
"Makarieva_2008","S7:Stanier et al. 1971","Stanier R.Y., Kunisawa R., Mandel M., Cohen-Bazire G. (1971) Purification and properties of unicellular blue-green algae (order Chroococcales). Bacteriological Reviews 35: 171-205. Coleman J.R., Colman B. (1980) Effect of oxygen and temperature on the efficiency of photosynthetic carbon assimilation in two microscopic algae. Plant Physiology 65: 980-983.",,13,"measurement","Stanier",1971,"Purification and properties of unicellular blue-green algae (order Chroococcales)","Bacteriological Reviews 35: 171-205. Coleman J.R., Colman B. (1980) Effect of oxygen and temperature on the efficiency of photosynthetic carbon assimilation in two microscopic algae. Plant Physiology","65","980-983","10.1128/br.35.2.171-205.1971","Stanier:1971aa","Stanier_1971","certain","crossref_only","crossref",1,TRUE,TRUE,TRUE,FALSE,FALSE,,FALSE,,"2026-10-06T16:35:46Z","tbmcite 0.1.0",,,,"S7 list (p. 163-166)",,,"crossref_only"
"Makarieva_2008","S7:Tonk et al. 2005","Tonk L., Visser P.M., Christiansen G., Dittmann E., Snelder E.O.F.M., Wiedner C., Mur L.R., Huisman J. (2005) The microcystin composition of the cyanobacterium Planktothrix agardhii changes toward a more toxic variant with increasing light intensity. Applied and Environmental Microbiology 71: 5177-5181.",,1,"measurement","Tonk",2005,"The microcystin composition of the cyanobacterium Planktothrix agardhii changes toward a more toxic variant with increasing light intensity","Applied and Environmental Microbiology","71","5177-5181","10.1128/aem.71.9.5177-5181.2005","Tonk:2005aa","Tonk_2005","certain","crossref_only","crossref",1,TRUE,TRUE,TRUE,TRUE,TRUE,,FALSE,,"2026-10-06T16:35:46Z","tbmcite 0.1.0",,,,"S7 list (p. 163-166)",,,"crossref_only"
"Makarieva_2008","S3:Chown et al. 2007","Chown, S. L. et al. (2007) Scaling of insect metabolic rate is inconsistent with the nutrient supply network model. Funct Ecol 21: 282–290.",,391,"compilation","Chown",2007,"Scaling of insect metabolic rate is inconsistent with the nutrient supply network model","Funct Ecol","21","282-290","10.1111/j.1365-2435.2007.01245.x","Chown:2007aa","Chown_etal_2007","certain","crossref_only","crossref;consensus-mcp",1,TRUE,TRUE,TRUE,TRUE,TRUE,,FALSE,,"2026-10-06T16:35:46Z","tbmcite 0.1.0",,,,"Dataset S3 note: the insect table is Chown et al. (2007) Appendix S2 (compilation; the rows route to Chown_etal_2007 at hop 2); role compilation set by the round (2026-10-06)",,,"crossref_only"
"Makarieva_2008","S5:White et al. 2006","White, C. R., Phillips, N. R. & Seymour, R. S. The scaling and temperature dependence of vertebrate metabolism. Biol. Lett. 2, 125–127 (2006).",,314,"compilation","White",2006,"The scaling and temperature dependence of vertebrate metabolism. Biol","Lett","2","125-127","10.1098/rsbl.2005.0378","White:2005aa","White_2005","approved","owner_candidate","crossref",0.9093,TRUE,TRUE,TRUE,TRUE,TRUE,,FALSE,,"2026-10-06T16:35:46Z","tbmcite 0.1.0","owner","2026-10-06",,"Dataset S5 note: Tables S5a (amphibians) and S5b (reptiles) are the per-species minima of White et al. (2006) (compilation); role compilation set by the round (2026-10-06)",,,"crossref_only"
"Makarieva_2008","S5c:FishBase","Database www.fishbase.org was searched for fish metabolism data, of which only routine and standard values obtained with non-stressed animals were considered. This yielded a total of 6,333 values of mass-specific metabolic rate for 266 species. For each species the minimum value was taken, listed below in Table S5c.",,266,"database","Froese and Pauly",2008,"FishBase. World Wide Web electronic publication (metabolism table, version searched for Makarieva et al. 2008)","www.fishbase.org",,,,"Froese:2008aa","Froese_2008","nodoi_approved","owner_nodoi","crossref",0.3571,FALSE,TRUE,FALSE,FALSE,FALSE,,FALSE,,"2026-10-06T16:35:46Z","tbmcite 0.1.0","owner","2026-10-06",,"Dataset S5 note: Table S5c, per-species minima of the FishBase metabolism table (database); role database set by the round (2026-10-06); parsed_* set by the round for a database-style nodoi entry (Froese R. and Pauly D., editors)","database, no DOI: www.fishbase.org as searched in 2008",,"crossref_only"
"Makarieva_2008","S6:McKechnie & Wolf 2004","McKechnie A.E., Wolf B.O. (2004) The allometry of avian basal metabolic rate: good predictions need good data. Physiological and Biochemical Zoology 77: 502-521.",,211,"compilation","McKechnie",2004,"The allometry of avian basal metabolic rate: good predictions need good data","Physiological and Biochemical Zoology","77","502-521","10.1086/383511","McKechnie:2004aa","McKechnie_2004","certain","crossref_only","crossref;consensus-mcp",1,TRUE,TRUE,TRUE,TRUE,TRUE,,FALSE,,"2026-10-06T16:35:46Z","tbmcite 0.1.0",,,,"Dataset S6 note: the MW rows of Table S6a are McKechnie & Wolf (2004) Tables A1 (Reynolds & Lee 1996 compilation) and A2 (compilation); role compilation set by the round (2026-10-06)",,,"crossref_only"
"Makarieva_2008","S1a:Allen et al. 1991",,,1,"measurement",,,,,,,,,,,"key_not_in_reflist",,,,,,,,,,,,"tbmcite 0.1.0",,,,"key not in reference list",,,
"Makarieva_2008","S1a:Bisset & Hale 1958",,,1,"measurement",,,,,,,,,,,"key_not_in_reflist",,,,,,,,,,,,"tbmcite 0.1.0",,,,"key not in reference list",,,
"Makarieva_2008","S1a:Eichler & Pfennig 1988",,,1,"measurement",,,,,,,,,,,"key_not_in_reflist",,,,,,,,,,,,"tbmcite 0.1.0",,,,"key not in reference list",,,
"Makarieva_2008","S1a:Kowalski et al. 1991",,,1,"measurement",,,,,,,,,,,"key_not_in_reflist",,,,,,,,,,,,"tbmcite 0.1.0",,,,"key not in reference list",,,
"Makarieva_2008","S1a:Luscombe & Gray 1974",,,1,"measurement",,,,,,,,,,,"key_not_in_reflist",,,,,,,,,,,,"tbmcite 0.1.0",,,,"key not in reference list",,,
"Makarieva_2008","S1a:Mickelson 1961",,,1,"measurement",,,,,,,,,,,"key_not_in_reflist",,,,,,,,,,,,"tbmcite 0.1.0",,,,"key not in reference list",,,
"Makarieva_2008","S1a:Schäfer 1996",,,1,"measurement",,,,,,,,,,,"key_not_in_reflist",,,,,,,,,,,,"tbmcite 0.1.0",,,,"key not in reference list",,,
"Makarieva_2008","S4:Ellenby 1951",,,1,"measurement",,,,,,,,,,,"key_not_in_reflist",,,,,,,,,,,,"tbmcite 0.1.0",,,,"key not in reference list",,,
"Makarieva_2008","S4:Foulds & Roff 1976",,,1,"measurement",,,,,,,,,,,"key_not_in_reflist",,,,,,,,,,,,"tbmcite 0.1.0",,,,"key not in reference list",,,
"Makarieva_2008","S4:Ikeda & Skjoldal 1982",,,2,"measurement",,,,,,,,,,,"key_not_in_reflist",,,,,,,,,,,,"tbmcite 0.1.0",,,,"key not in reference list",,,
"Makarieva_2008","S4:Robertson et al. 2003",,,1,"measurement",,,,,,,,,,,"key_not_in_reflist",,,,,,,,,,,,"tbmcite 0.1.0",,,,"key not in reference list",,,
"Makarieva_2008","S4:Wieser 1963 1965",,,1,"measurement",,,,,,,,,,,"key_not_in_reflist",,,,,,,,,,,,"tbmcite 0.1.0",,,,"key not in reference list",,,
"Makarieva_2008","S6b:Gavrilov 1986",,,4,"measurement",,,,,,,,,,,"key_not_in_reflist",,,,,,,,,,,,"tbmcite 0.1.0",,,,"key not in reference list",,,
"Makarieva_2008","S6b:Gavrilov et al. 1995a",,,2,"measurement",,,,,,,,,,,"key_not_in_reflist",,,,,,,,,,,,"tbmcite 0.1.0",,,,"key not in reference list",,,
"Makarieva_2008","S6b:Gavrilov et al. 1995b",,,2,"measurement",,,,,,,,,,,"key_not_in_reflist",,,,,,,,,,,,"tbmcite 0.1.0",,,,"key not in reference list",,,
"Makarieva_2008","S7:Coleman & Colman 1980",,,3,"measurement",,,,,,,,,,,"key_not_in_reflist",,,,,,,,,,,,"tbmcite 0.1.0",,,,"key not in reference list",,,
"Makarieva_2008","S7:Ortega-Calvo & Stal 1994",,,7,"measurement",,,,,,,,,,,"key_not_in_reflist",,,,,,,,,,,,"tbmcite 0.1.0",,,,"key not in reference list",,,
"Makarieva_2008","S7:Pelroy & Bassham 1973",,,1,"measurement",,,,,,,,,,,"key_not_in_reflist",,,,,,,,,,,,"tbmcite 0.1.0",,,,"key not in reference list",,,
"Makarieva_2008","S7:Roenneberg & Carpenter 1993",,,3,"measurement",,,,,,,,,,,"key_not_in_reflist",,,,,,,,,,,,"tbmcite 0.1.0",,,,"key not in reference list",,,
