table,row,species,ref_keys,source_text
S1a,1,Acetobacter aceti,S1a:De Ley & Schell 1959; S1a:Holt 1984,"De Ley & Schell 1959 [BM, ellip- soid or rod-shaped 0.6-0.8×1.0-4.0 μm]"
S1a,2,Acholeplasma,S1a:Abu-Amero et al. 1996; S1a:Wieslander et al. 1987,"Abu-Amero et al. 1996 [Wieslander et al. 1987, sphere diam 0.3-0.6 μm]"
S1a,3,Achromobacter,S1a:Packer & Vishniac 1955,"Packer & Vish- niac 1955 [rods 0.4-0.75×0.75-2.0 μm, mean 0.5×1.1 μm]"
S1a,4,Achromobacter sp.,S1a:Gronlund & Campbell 1961; S1a:Chester & Cooper 1979,"Gronlund & Campbell 1961 [Chester & Coo- per 1979, 0.5-0.8×1.5-2.5 μm]"
S1a,5,Achromobacter sp.,S1a:Tomlinson & Campbell 1963; S1a:Chester & Cooper 1979,"Tomlinson & Campbell 1963 [Chester & Coo- per 1979, 0.5-0.8×1.5-2.5 μm]"
S1a,6,Achromobacter,S1a:Tomlinson & Campbell 1963; S1a:Chester & Cooper 1979,"Tomlinson & Campbell 1963 [Chester & Coo- per 1979, 0.5-0.8×1.5-2.5 μm]"
S1a,7,Achromobacter,S1a:Jurtshuk & McQuitty 1976; S1a:Groupé et al. 1954,"Jurtshuk & McQuitty 1976 [Groupé et al. 0.5×2-3 1954, μm]"
S1a,8,Acidovorax facilis,S1a:Schatz & Bovell 1952,"Schatz & Bovell 1952 [rods, 0.4×2.5 μm in heterotrophic cultures, 0.3×2.0 in autotrophic cultures]"
S1a,9,Acinetobacter,S1a:Jurtshuk & McQuitty 1976; S1a:Holt 1984,"Jurtshuk & McQuitty 1976 [BM, genus, rods 0.9-1.6× 1.5-2.5]"
S1a,10,Acinetobacter,S1a:Jurtshuk & McQuitty 1976; S1a:Holt 1984,"Jurtshuk & McQuitty 1976 [BM, genus, rods 0.9-1.6× 1.5-2.5]"
S1a,11,Acinetobacter,S1a:Van Veen et al. 1993; S1a:Holt 1984,"van Veen et al. 1993 [BM, genus, rods 0.9-1.6× 1.5-2.5]"
S1a,12,Acinetobacter sp.,S1a:Bruheim et al. 1999; S1a:Holt 1984,"Bruheim et al. 1999 [BM, genus, rods 0.9-1.6× 1.5-2.5]"
S1a,13,Acinetobacter sp.,S1a:Sparnins et al. 1974; S1a:Holt 1984,"Sparnins et al. 1974 [BM, genus, rods 0.9-1.6× 1.5-2.5]"
S1a,14,Acinetobacter sp.,S1a:Adriaens et al. 1989; S1a:Holt 1984,"Adriaens et al. 1989 [BM, genus, rods 0.9-1.6× 1.5-2.5]"
S1a,15,Aeromonas hy-,S1a:Jurtshuk & McQuitty 1976,Jurtshuk & McQuitty 1976
S1a,16,Aeromonas,S1a:Jurtshuk & McQuitty 1976,Jurtshuk & McQuitty 1976
S1a,17,Agrobacterium,S1a:Jurtshuk & McQuitty 1976; S1a:Holt et al. 1994,"Jurtshuk & McQuitty 1976 [BM9, genus, rods 0.6-1.0×1.5-3.0 μm]"
S1a,18,Alcaligenes,S1a:Bongers 1970; S1a:Holt 1984,"Bongers 1970 [BM, rods, 0.7×1.8-2.6 μm]"
S1a,19,Alcaligenes,S1a:Jurtshuk & McQuitty 1976,Jurtshuk & McQuitty 1976
S1a,20,Alcaligenes sp.,S1a:Subba-Rao & Alexander 1985,Subba-Rao & Alexander 1985
S1a,21,Aminobacter,S1a:Coulter et al. 1999; S1a:Holt et al. 1994,"Coulter et al. 1999 [BM9, genus, rods, 0.6-1.0×1.0-3.0 μm]"
S1a,22,Amoebobacter,S1a:Overmann & Pfennig 1992; S1a:Eichler & Pfennig 1988,"Overmann & Pfennig 1992 [Eichler & Pfen- nig 1988, 3.3-3.8×3.5-4.5 μm]"
S1a,23,Amoebobacter,S1a:Overmann & Pfennig 1992; S1a:Holt et al. 1994,"Overmann & Pfennig 1992 [BM9, genus, spherical cells 1.5-3 μm diam]"
S1a,24,Amoebobaeter,S1a:Overmann & Pfennig 1992; S1a:Holt et al. 1994,"Overmann & Pfennig 1992[BM9, genus, spherical cells 1.5-3 μm diam]"
S1a,25,Aquaspirillum,S1a:Jurtshuk & McQuitty 1976; S1a:Krieg 1976,"Jurtshuk & McQuitty 1976 [Krieg 1976, helical shape, Fig. 1E, Table 3, diam 0.3-0.4 μm, full length ~10 μm]"
S1a,26,Arthrobacter,S1a:Ensign 1970,Ensign 1970
S1a,27,Arthrobacter,S1a:Jurtshuk & McQuitty 1976; S1a:Conn & Dimmick 1947,"Jurtshuk & McQuitty 1976 [Conn & Dim- mick 1947, rods 0.6-0.8×1-1.5 μm]"
S1a,28,Arthrobacter sp.,S1a:Luscombe & Gray 1974,Luscombe & Gray 1974
S1a,29,Arthrobacter sp.,S1a:Devi et al. 1975; S1a:Holt et al. 1994,"Devi et al. 1975 [BM9, genus, rods 0.8-1.2×1-8 μm; Devi et al. 1975 indicate their strain is 2 μm in length]"
S1a,30,Arthrobacter sp.,S1a:Donnelly et al. 1981,Donnelly et al. 1981
S1a,31,Arthrobacter sp.,S1a:Ougham & Trudgill 1982,Ougham & Trudgill 1982
S1a,32,Azomonas agi-,S1a:Gunter & Kohn 1956,Gunter & Kohn 1956
S1a,33,Azorhizobium,S1a:Allen et al. 1991; S1a:Holt et al. 1994,"Allen et al. 1991 [BM9, rods 0.5-0.6×1.5-2.5 μm]"
S1a,34,Azospirillum,S1a:Loh 1984; S1a:Holt 1984,"Loh et al. 1984 [BM, species image]"
S1a,35,Azospirillum,S1a:Loh 1984; S1a:Holt 1984,"Loh et al. 1984 [BM, species image]"
S1a,36,Azotobacter,S1a:Bishop et al. 1962; S1a:Bisset & Hale 1958,"Bishop et al. 1962 [Bisset & Hale 1958, Figs. 1-3, 7, 13, diam approx. 3 μm]"
S1a,37,Azotobacter,S1a:Sobek et al. 1966; S1a:Tsai et al. 1979,"Sobek et al. 1966 [Tsai et al. 1979, Fig. 3, diam 1 μm, ATCC 12837, ≈0.06 pgDM/cell, Fig. 1]"
S1a,38,Azotobacter,S1a:Jurtshuk & McQuitty 1976; S1a:Tsai et al. 1979,"Jurtshuk & McQuitty 1976 [Tsai et al. 1979, Fig. 3, diam 1 μm, ATCC 12837, ≈0.06 pgDM/cell, Fig. 1]"
S1a,39,Bacillus cereus,S1a:Nickerson & Sherman 1952; S1a:Holt 1984,"Nickerson & Sherman 1952 [BM, species]"
S1a,40,Bacillus cereus,S1a:Dietrich & Burris 1967; S1a:Holt 1984,"Dietrich & Burris 1967 [BM, spe- cies]"
S1a,41,Bacillus cereus,S1a:Jurtshuk & McQuitty 1976; S1a:Holt 1984,"Jurtshuk & McQuitty 1976 [BM, species]"
S1a,42,Bacillus firmus,S1a:Jurtshuk & McQuitty 1976; S1a:Kanso et al. 2002,"Jurtshuk & McQuitty 1976 [Kanso et al. 2002, rods 0.6-0.9×1.2-4 μm]"
S1a,43,Bacillus megate-,S1a:Jurtshuk & McQuitty 1976; S1a:Bisset 1953; S1a:Kubitschek 1969,"Jurtshuk & McQuitty 1976 [Bisset 1953, Fig. 17, rods 1.4×4.3 μm] [[Kubitschek 1969, Coulter counter]]"
S1a,44,Bacillus megate-,S1a:Frederick et al. 1974; S1a:Bisset 1953,"Frederick et al. 1974 [Bisset 1953, Fig. 17, rods 1.4×4.3 μm]"
S1a,45,Bacillus megate-,S1a:Decker & Lang 1977; S1a:Bisset 1953,"Decker & Lang 1977 [Bisset 1953, Fig. 17, rods 1.4×4.3 μm]"
S1a,46,Bacillus megate-,S1a:Bishop et al. 1962; S1a:Bisset 1953,"Bishop et al. 1962 [Bisset 1953, Fig. 17, rods 1.4×4.3 μm]"
S1a,47,Bacillus megate-,S1a:Marquis 1965; S1a:Bisset 1953,"Marquis 1965 [Bisset 1953, Fig. 17, rods 1.4×4.3 μm]"
S1a,48,Bacillus popilliae,S1a:Pepper & Costilow 1964; S1a:Mitruka et al. 1967,"Pepper & Costi- low 1964 [Mi- truka et al. 1967, Fig. 1, rods 0.6×2-4 μm]"
S1a,49,Bacillus pumilus,S1a:Jurtshuk & McQuitty 1976; S1a:Hayase et al. 2004,"Jurtshuk & McQuitty 1976 [Hayase et al. 2004, rods 0.5-0.7×2.0-3.0 μm]"
S1a,50,Bacillus,S1a:Buswell 1975; S1a:Montesinos et al. 1983,"Buswell 1975 [Montesinos et al. 1983, Coulter counter]"
S1a,51,Bacillus subtilis,S1a:Jurtshuk & McQuitty 1976; S1a:Kubitschek 1969,"Jurtshuk & McQuitty 1976 [Kubitschek 1969, Coulter counter]"
S1a,52,Bacillus subtilis,S1a:Gary & Bard 1952; S1a:Kubitschek 1969,"Gary & Bard 1952 [Kubitschek 1969, Coulter counter]"
S1a,53,Bacillus subtilis,S1a:Gronlund & Campbell 1961; S1a:Kubitschek 1969,"Gronlund & Campbell 1961 [Kubitschek 1969, Coulter counter]"
S1a,54,Bacillus subtilis,S1a:Clifton & Cherry 1966; S1a:Kubitschek 1969,"Clifton & Cherry 1966 [Kubitschek 1969, Coulter counter]"
S1a,55,Bacillus subtilis,S1a:Bishop et al. 1962; S1a:Kubitschek 1969,"Bishop et al. 1962 [Kubitschek 1969, Coulter counter]"
S1a,56,Bdellovibrio,S1a:Hespell et al. 1973,Hespell et al. 1973 [DM=10−13 pg/cell]
S1a,57,Beneckea na-,S1a:Cho & Eagon 1967; S1a:Baumann et al. 1971,"Cho & Eagon 1967 [Baumann et al. 1971, Figs. 12, 16, rods 0.6-1.2×1.9-3.6 μm depending on culture condi- tions?]"
S1a,58,Bradyrhizobium,S1a:Frustaci et al. 1991; S1a:Holt 1984,Frustaci et al. 1991 [BM]
S1a,59,Branhamella,S1a:Bishop et al. 1962; S1a:Baumann et al. 1968,"Bishop et al. 1962 [Baumann et al. 1968, diam 1.0-1.7 μm, coccoid]"
S1a,60,Branhamella,S1a:Jurtshuk & McQuitty 1976; S1a:Baumann et al. 1968,"Jurtshuk & McQuitty 1976 [Baumann et al. 1968, diam 1.0-1.7 μm, coccoid]"
S1a,61,Brucella meliten-,S1a:Gerhardt et al. 1950; S1a:Holt et al. 1994,"Gerhard et al. 1950 [BM9, genus, cocci or short rods 0.5-0.7×0.6-1.5 μm]"
S1a,62,Burkholderia sp.,S1a:Morawski et al. 1997,Morawski et al. 1997 [rods 0.5-0.8×1.5-3.0]
S1a,63,Cellvibrio gilvus,S1a:Hulcher & King 1958a; S1a:Hulcher & King 1958b,"Hulcher & King 1958a [Hulcher & King 1958b, rods 0.75-1.5×1.5-3.75 μm]"
S1a,64,Chromatium sp.,S1a:Kumazawa et al. 1983; S1a:Holt et al. 1994,Kumazawa et al. 1983 [BM9 ge- nus: rods 1-6×1.5-15 μm]
S1a,65,Chromatium,S1a:Overmann & Pfennig 1992; S1a:Montesinos et al. 1983; S1a:Mas et al. 1985,"Overmann & Pfennig 1992 [Montesinos et al. 1983, Coulter counter] [[Mas et al. 1985]]"
S1a,66,Corynebacterium,S1a:Jurtshuk & McQuitty 1976,Jurtshuk & McQuitty 1976 [
S1a,67,Corynebacterium,S1a:Levine & Krampitz 1952,Levine & Kram- pitz 1952
S1a,68,Delftia acido-,S1a:Hareland et al. 1975; S1a:Wen et al. 1999,"Hareland et al. 1975 [Wen et al. 1999, rods, 0.4-0.8×2.5-4.1 μm]"
S1a,69,Delftia acido-,S1a:Kornberg & Gotto 1961; S1a:Wen et al. 1999,"Kornberg & Gotto 1961 [Wen et al. 1999, rods, 0.4-0.8×2.5-4.1 μm]"
S1a,70,Delftia acido-,S1a:Jigami et al. 1979; S1a:Wen et al. 1999,"Jigami et al. 1979 [Wen et al. 1999, rods, 0.4-0.8×2.5-4.1 μm]"
S1a,71,Delftia acido-,S1a:Jurtshuk & McQuitty 1976; S1a:Wen et al. 1999,"Jurtshuk & McQuitty 1976 [Wen et al. 1999, rods, 0.4-0.8×2.5-4.1 μm]"
S1a,72,Desulfovibrio,S1a:Van Niel & Gottschal 1998; S1a:Holt 1984,van Niel & Gott- schal 1998 [BM]
S1a,73,Enterobacter,S1a:Jurtshuk & McQuitty 1976; S1a:Fu et al. 2003,"Jurtshuk & McQuitty 1976 [Fu et al. 2003, rods 0.6×1.2 μm]"
S1a,74,Enterobacter,S1a:Majtán & Majtánová 1999; S1a:Holt et al. 1994,"Majtán & Ma- jtánová 1999 [BM9, genus, rods 0.6-1.0×1.2-3.0 μm]"
S1a,75,Enterococcus,S1a:Bauer et al. 2000; S1a:Holt 1984,Bauer et al. 2000 [BM]
S1a,76,Enterococcus,S1a:Bryan-Jones & Whittenbury 1969; S1a:Holt 1984,Bryan-Jones & Whittenbury 1969 [BM]
S1a,77,Enterococcus,S1a:Gronlund & Campbell 1961,Gronlund & Campbell 1961
S1a,78,Enterococcus,S1a:Jurtshuk & McQuitty 1976,Jurtshuk & McQuitty 1976
S1a,79,Enterococcus sp.,S1a:Bauer et al. 2000,"Bauer et al. 2000 [rods, 0.6-1×1.1-3 μm]"
S1a,80,Escherichia coli,S1a:Lawford & Haddock 1973; S1a:Kubitschek 1969,"Lawford & Had- dock 1973 [Ku- bitschek 1969, Coulter counter, μm3 0.33-1.46 depending on growth rate]"
S1a,81,Escherichia coli,S1a:Gunter & Kohn 1956; S1a:Kubitschek 1969,"Gunter & Kohn 1956 [Kubitschek 1969, Coulter counter, 0.33-1.46 μm3 depending on growth rate]"
S1a,82,Escherichia coli,S1a:Jurtshuk & McQuitty 1976; S1a:Kubitschek 1969,"Jurtshuk & McQuitty 1976 [Kubitschek 1969, Coulter counter, 0.33-1.46 μm3 depending on growth rate]"
S1a,83,Escherichia coli,S1a:Dawes & Ribbons 1965; S1a:Kubitschek 1969,"Dawes & Ribbons 1965 [Kubitschek 1969, Coulter counter, 0.33-1.46 μm3 depending on growth rate]"
S1a,84,Escherichia coli,S1a:Sobek & Talburt 1968; S1a:Kubitschek 1969,"Sobek & Talburt 1968 [Kubitschek 1969, Coulter counter, 0.33-1.46 μm3 depending on growth rate]"
S1a,85,Escherichia coli,S1a:Davis & Bateman 1960; S1a:Kubitschek 1969,"Davis & Bateman 1960 [Kubitschek 1969, Coulter counter, 0.33-1.46 μm3 depending on growth rate]"
S1a,86,Escherichia coli,S1a:Gronlund & Campbell 1961; S1a:Kubitschek 1969,"Gronlund & Campbell 1961 [Kubitschek 1969, Coulter counter, μm3 0.33-1.46 depending on growth rate]"
S1a,87,Escherichia coli,S1a:Dietrich & Burris 1967; S1a:Kubitschek 1969,"Dietrich & Burris 1967 [Kubitschek 1969, Coulter counter, 0.33-1.46 μm3 depending on growth rate]"
S1a,88,Escherichia coli,S1a:Bishop et al. 1962; S1a:Kubitschek 1969,"Bishop et al. 1962 [Kubitschek 1969, Coulter counter, 0.33-1.46 μm3 depending on growth rate]"
S1a,89,Flavobacterium,S1a:Jurtshuk & McQuitty 1976; S1a:Holt et al. 1994,"Jurtshuk & McQuitty 1976 [BM9, genus, rods 0.5×1.0-3.0 μm]"
S1a,90,Francisella tula-,S1a:Weinstein et al. 1962; S1a:Holt et al. 1994,"Weinstein et al. 1962 [BM9, rods 0.2×0.2-0.7 μm]"
S1a,91,Frankia sp.,S1a:Tisa & Ensign 1987; S1a:Holt 1984,"Tisa & Ensign 1987 [BM, genus, hyphae 0.5-2.0 μm diam]"
S1a,92,Haemophilus,S1a:Biberstein & Spencer 1962; S1a:Holt 1984,"Biberstein & Spencer 1962 [BM, coccobacilli or small regular rods 0.3-0.5 - 0.5-3.0 μm]"
S1a,93,Haemophilus,S1a:Biberstein & Spencer 1962,Biberstein & Spencer 1962
S1a,94,Haemophilus,S1a:Biberstein & Spencer 1962; S1a:Kahn & Gromkova 1981; S1a:Kowalski et al. 1991,"Biberstein & Spencer 1962 [Kahn 1981, Fig. 1, 0.6×1.3-1.7 μm; Kowalski et al. 1991, diam 0.75-1.25 μm]"
S1a,95,Halobacterium,S1a:Stevenson 1966; S1a:Mescher & Strominger 1976,"Stevenson 1966 [Mescher & Strominger 1976, rods 0.5×5 μm]"
S1a,96,Halomonas halo-,S1a:Sierra & Gibbons 1962; S1a:Ventosa et al. 1998,"Sierra & Gibbons 1962 [Ventosa et al. 1998, rods, 0.5-0.9×0.9-1.2 μm]"
S1a,97,Klebsiella pheu- Entero- aerogenes?,S1a:Dietrich & Burris 1967,Dietrich & Burris 1967
S1a,98,Klebsiella pheu- Entero- aerogenes?,S1a:Gronlund & Campbell 1961,Gronlund & Campbell 1961
S1a,99,Klebsiella pneu-,S1a:Jurtshuk & McQuitty 1976; S1a:Holt 1984,Jurtshuk & McQuitty 1976 [BM]
S1a,100,Klebsiella,S1a:Jurtshuk & McQuitty 1976; S1a:Holt 1984,Jurtshuk & McQuitty 1976 [BM]
S1a,101,Klebsiella,S1a:Bishop et al. 1962; S1a:Holt 1984,Bishop et al. 1962 [BM]
S1a,102,Lactobacillus,S1a:Walker 1959; S1a:Holt 1984,"Walker 1959 [BM, rods 0.7-1.0×2-4]"
S1a,103,Lactobacillus,S1a:Jurtshuk & McQuitty 1976,Jurtshuk & McQuitty 1976
S1a,104,Lactococcus,S1a:Spendlove et al. 1957; S1a:Holt 1984,Spendlove et al. 1957 [BM]
S1a,105,Lactococcus,S1a:Bauer et al. 2000; S1a:Holt 1984,Bauer et al. 2000 [BM]
S1a,106,Lactococcus sp.,S1a:Bauer et al. 2000,"Bauer et al. 2000 [rods, 0.6-1×1.1-3 μm]"
S1a,107,Legionella,S1a:Tesh et al. 1983; S1a:Faulkner & Garduño 2002; S1a:Kowalski et al. 1999,"Tesh et al. 1983 [Faulkner & Gar- duño 2002, rods 0.3-0.5×1.5-3.0 μm, prereplicative phase; Kowalski et al. 1999, 0.3-0.9×2 μm]"
S1a,108,Legionella,S1a:Bohach & Snyder 1983; S1a:Faulkner & Garduño 2002,"Bonach & Snyder 1983 [Faulkner & Garduño 2002, rods 0.3-0.5×1.5-3.0 μm, prerepli- cative phase; Kowalski et al. 0.3-0.9×2 1999, μm]]"
S1a,109,Methylobacte- extorquens,S1a:Keevil & Anthony 1979; S1a:Peel & Quayle 1961,"Keevil & Anthony 1979 [Peel & Quayle 1961, rods 0.8×2.0 μm]"
S1a,110,Methylomicro- sp.,S1a:Sorokin et al. 2000,"Sorokin et al. 2000 and personal communication with Dr. D.Yu. Sorokin (15 Nov 2006) (ovoid rods, 1-1.5×2-3 μm)"
S1a,111,Methylophilus,S1a:Dawson & Jones 1981; S1a:Jenkins et al. 1987,"Dawson & Jones 1981 [Jenkins et al. 1987, rods 0.3-0.6×0.8-1.5 μm]"
S1a,112,Methylosinus,S1a:Lontoh et al. 1999; S1a:Reed & Dugan 1979,"Lontoh et al. 1999 [Reed & Dugan 1978, Fig. 1]"
S1a,113,Micrococcus,S1a:Burleigh & Dawes 1967; S1a:Holt 1984,Burleigh & Dawes 1967 [BM]
S1a,114,Micrococcus,S1a:Dawes & Holms 1958; S1a:Holt 1984,Dawes & Holms 1958 [BM]
S1a,115,Micrococcus,S1a:Davis & Bateman 1960; S1a:Holt 1984,Davis & Bateman 1960 [BM]
S1a,116,Micrococcus,S1a:Jurtshuk & McQuitty 1976; S1a:Holt 1984,Jurtshuk & McQuitty 1976 [BM]
S1a,117,Micrococcus sp.,S1a:Sparnins & Chapman 1976; S1a:Holt 1984,"Sparnins & Chapman 1976 [BM, genus, spherical cells, diam 0.5-2.0 μm]"
S1a,118,Micrococcus sp.,S1a:Cooper et al. 1965; S1a:Holt 1984,"Cooper et al. 1965 [BM, genus, spherical cells, diam 0.5-2.0 μm]"
S1a,119,Moraxella oslo-,S1a:Jurtshuk & McQuitty 1976; S1a:Baumann et al. 1968,"Jurtshuk & McQuitty 1976 [Baumann et al. 1968, rods 0.9-1.7×1.6-2.7 μm]"
S1a,120,Mycobacterium,S1a:Jurtshuk & McQuitty 1976,Jurtshuk & McQuitty 1976
S1a,121,Mycobacterium,S1a:Mori et al. 1985,Mori et al. 1985
S1a,122,Mycobacterium,S1a:Gray 1952,Gray 1952
S1a,123,Mycobacterium,S1a:Tepper 1968; S1a:Holt 1984,Tepper 1968 [BM]
S1a,124,Mycobacterium,S1a:Jurtshuk & McQuitty 1976; S1a:Holt 1984,Jurtshuk & McQuitty 1976 [BM]
S1a,125,Mycobacterium,S1a:Forbes et al. 1962; S1a:Holt 1984,"Forbes et al. 1962 [BM, genus, rods 0.2-0.6×3.0-3.5 μm]"
S1a,126,Mycobacterium,S1a:Hunter 1953; S1a:Holt 1984,"Hunter 1953 [BM, genus, rods 0.2-0.6×3.0-3.5 μm]"
S1a,127,Mycobacterium,S1a:Jurtshuk & McQuitty 1976; S1a:Holt 1984,"Jurtshuk & McQuitty 1976 [BM, genus, rods 0.2-0.6×3.0-3.5 μm]"
S1a,128,Mycobacterium,S1a:Engelhard et al. 1957; S1a:Holt 1984,"Engelhard et al. 1957 [BM, rods 0.2-0.5×2-4 μm]"
S1a,129,Mycobacterium,S1a:Segal & Bloch 1956; S1a:Holt 1984,"Segal & Bloch 1955 [BM, rods 0.2-0.5×2-4 μm]"
S1a,130,Mycobacterium,S1a:Minami 1957; S1a:Holt 1984,"Minami 1957 [BM, rods 0.2-0.5×2-4 μm]"
S1a,131,Mycobacterium,S1a:Youmans et al. 1960; S1a:Holt 1984,"Youmans et al. 1960 [BM, rods 0.2-0.5×2-4 μm]"
S1a,132,Myxococcus,S1a:Dworkin & Niederpruem 1964; S1a:McVittie et al. 1962,"Dworkin & Niederpruem 1964 [McVittie et al. 1962, rods, 0.5×3-8 μm]"
S1a,133,Neisseria elon-,S1a:Jurtshuk & McQuitty 1976; S1a:Holt 1984,"Jurtshuk & McQuitty 1976 [BM, short rods 0.5 μm width]"
S1a,134,Neisseria flava,S1a:Jurtshuk & McQuitty 1976; S1a:Holt 1984,"Jurtshuk & McQuitty 1976 [BM, genus, cocci, diam 0.6-1.0 μm]"
S1a,135,Neisseria gon-,S1a:Kenimer & Lapp 1978; S1a:Holt 1984,"Kenimer & Lapp 1978 [BM, genus, cocci, diam 0.6-1.0 μm]"
S1a,136,Neisseria mu-,S1a:Jurtshuk & McQuitty 1976; S1a:Holt 1984,"Jurtshuk & McQuitty 1976 [BM, genus, cocci, diam 0.6-1.0 μm]"
S1a,137,Neisseria sicca,S1a:Jurtshuk & McQuitty 1976; S1a:Holt 1984,"Jurtshuk & McQuitty 1976 [BM, genus, cocci, diam 0.6-1.0 μm]"
S1a,138,Nitrobacter,S1a:Smith & Hoare 1968; S1a:Tappe et al. 1999,"Smith & Hoare 1968 [Tappe et al. 1999, 0.17-0.3 μm3]"
S1a,139,Nitrobacter,S1a:Hollocher et al. 1982; S1a:Tappe et al. 1999,"Hollocher et al. 1982 [Tappe et al. 1999, 0.17-0.3 μm3]"
S1a,140,Nitrosomonas,S1a:Hollocher et al. 1982; S1a:Tappe et al. 1999,"Hollocher et al. 1982 [Tappe et al. 1999, 0.5-0.7 μm3]"
S1a,141,Nocardia coral-,S1a:Robertson & Batt 1973,"Robertson & Batt 1973 (rods, 0.8-1.2×2-4 μm)"
S1a,142,Nocardia coral-,S1a:Raymond et al. 1967; S1a:Robertson & Batt 1973,"Raymond et al. 1967 [Robertson & Batt 1973, rods, 0.8-1.2×2-4 μm]"
S1a,143,Nocardia far-,S1a:Jurtshuk & McQuitty 1976; S1a:Takeo & Uesaka 1975; S1a:Kowalski et al. 1999,"Jurtshuk & McQuitty 1976 [Takeo & Uesaka 1975, Fig. 1, hyphae diam 0.6 μm mycellium; Kowalski et al. 1999, 1-1.25×3-5 μm airborne]"
S1a,144,Nocardia sp.,S1a:Watson & Cain 1975; S1a:Holt et al. 1994,"Watson & Cain 1975 [BM9, ge- nus, hyphae diam 0.5-1.2 μm]"
S1a,145,Nocardia sp.,S1a:Cartwright & Cain n.d.; S1a:Holt et al. 1994,"Cartwright & Cain 1959 [BM9, genus, hyphae diam 0.5-1.2 μm]"
S1a,146,Nonomuraea sp.,S1a:Palese et al. 2003,Palese et al. 2003
S1a,147,Paracoccus,S1a:Kornberg & Morris 1965; S1a:Holt 1984,"Kornberg & Mor- ris 1965 [BM, spheres (0.5-0.9 μm in diam) or short rods (0.9-1.2 μm long)]"
S1a,148,Pasteurella,S1a:Bishop et al. 1962,Bishop et al. 1962
S1a,149,Pediococcus,S1a:Jurtshuk & McQuitty 1976; S1a:Holt et al. 1994,"Jurtshuk & McQuitty 1976 [BM9, genus, spheres 1.0-2.0 μm diam]"
S1a,150,Phaeospirillum,S1a:Berg et al. 2002; S1a:Holt 1984,Berg et al. 2002 [BM]
S1a,151,Picrophilus,S1a:Van de Vossenberg et al. 1998; S1a:Schleper et al. 1995,"Van de Vossen- berg et al. 1998 [Schleper et al. 1995, cocci, diam 1-1.5 μm]"
S1a,152,Proteus mor-,S1a:Jurtshuk & McQuitty 1976; S1a:Holt 1984,"Jurtshuk & McQuitty 1976 [BM, rods, 0.6-0.7×1-1.7 μm]"
S1a,153,Proteus vulgaris,S1a:Bishop et al. 1962; S1a:Holt et al. 1994,"Bishop et al. 1962 [BM9, genus, rods 0.4-0.8×1-3 μm]"
S1a,154,Proteus vulgaris,S1a:Jurtshuk & McQuitty 1976; S1a:Holt et al. 1994,"Jurtshuk & McQuitty 1976 [BM9, genus, rods 0.4-0.8×1-3 μm]"
S1a,155,Pseudomonas,S1a:Rogoff 1962; S1a:Montesinos et al. 1983; S1a:Hou et al. 1966,"Rogoff 1962 [Montesinos et al. 1983, Coulter counter; see also datra of Hou et al. 1966, 0.2-0.8 pg]"
S1a,156,Pseudomonas,S1a:Gronlund & Campbell 1961; S1a:Montesinos et al. 1983; S1a:Hou et al. 1966,"Gronlund & Campbell 1961 [Montesinos et al. 1983, Coulter counter; see also datra of Hou et al. 1966, 0.2-0.8 pg]"
S1a,157,Pseudomonas,S1a:Jurtshuk & McQuitty 1976; S1a:Montesinos et al. 1983; S1a:Hou et al. 1966,"Jurtshuk & McQuitty 1976 [Montesinos et al. 1983, Coulter counter; see also datra of Hou et al. 1966, 0.2-0.8 pg]"
S1a,158,Pseudomonas,S1a:Bishop et al. 1962; S1a:Montesinos et al. 1983; S1a:Hou et al. 1966,"Bishop et al. 1962 [Montesinos et al. 1983, Coulter counter; see also datra of Hou et al. 1966, 0.2-0.8 pg]"
S1a,159,Pseudomonas,S1a:Majtán et al. 1995; S1a:Montesinos et al. 1983; S1a:Hou et al. 1966,"Majtán et al. 1995 [Montesinos et al. 1983, Coulter counter; see also datra of Hou et al. 1966, 0.2-0.8 pg]"
S1a,160,Pseudomonas,S1a:Altekar & Rao 1963; S1a:Holt 1984; S1a:Gunter & Kohn 1956,"Altekar & Rao 1963 [BM, 0.7-0.8×2.0-3.0 μm; Gunter & Kohn 1956, 0.24 pg DM/cell = 0.8 pg/cell at 70% water content]"
S1a,161,Pseudomonas,S1a:Gunter & Kohn 1956; S1a:Holt 1984,"Gunter & Kohn 1956 [BM, 0.7-0.8×2.0-3.0 μm; Gunter & Kohn 1956, 0.24 pg DM/cell = 0.8 pg/cell at 70% water content]"
S1a,162,Pseudomonas,S1a:Hughes 1965; S1a:Holt 1984; S1a:Gunter & Kohn 1956,"Hughes 1966 [BM, 0.7-0.8×2.0-3.0 μm; Gunter & Kohn 1956, 0.24 pg DM/cell = 0.8 pg/cell at 70% water content]"
S1a,163,Pseudomonas,S1a:Gronlund & Campbell 1961; S1a:Holt 1984; S1a:Gunter & Kohn 1956,"Gronlund & Campbell 1961 [BM, 0.7-0.8×2.0-3.0 μm; Gunter & Kohn 1956, 0.24 pg DM/cell = 0.8 pg/cell at 70% water content]"
S1a,164,Pseudomonas,S1a:Jacoby 1964; S1a:Holt 1984; S1a:Gunter & Kohn 1956,"Jacoby 1964 [BM, 0.7-0.8×2.0-3.0 μm; Gunter & Kohn 1956, 0.24 pg DM/cell = 0.8 pg/cell at 70% water content]"
S1a,165,Pseudomonas,S1a:Kornberg 1958; S1a:Holt 1984; S1a:Gunter & Kohn 1956,"Kornberg 1958 [BM, 0.7-0.8×2.0-3.0 μm; Gunter & Kohn 1956, 0.24 pg DM/cell = 0.8 pg/cell at 70% water content]"
S1a,166,Pseudomonas,S1a:Eisenberg et al. 1974; S1a:Holt 1984; S1a:Gunter & Kohn 1956,"Eisenberg et al. 1973 [BM, 0.7-0.8×2.0-3.0 μm; Gunter & Kohn 1956, 0.24 pg DM/cell = 0.8 pg/cell at 70% water content]"
S1a,167,Pseudomonas,S1a:Sabina & Pivnick 1956; S1a:Crawford 1954,"Sabina & Pivnick 1956 [Crawford 1954, rods 1-2×4-5 μm]"
S1a,168,Pseudomonas,S1a:Sabina & Pivnick 1956; S1a:Lee & Chandler 1941,"Sabina & Pivnick 1956 [Lee & Chandler 1941, almost coccoid, 0.5×0.8 μm]"
S1a,169,Pseudomonas,S1a:Peterson 1970; S1a:Lee & Chandler 1941,"Peterson 1970 [Lee & Chandler 1941, almost coccoid, 0.5×0.8 μm]"
S1a,170,Pseudomonas,S1a:Chapman & Ribbons 1976; S1a:Holt 1984,"Chapman & Rib- bons 1976 [BM, 0.7-1.1×2.0-4.0 μm]"
S1a,171,Pseudomonas,S1a:Kunz & Chapman 1981; S1a:Holt 1984,"Kunz & Chapman 1981 [BM, 0.7-1.1×2.0-4.0 μm]"
S1a,172,Pseudomonas,S1a:Sebek & Barker 1968; S1a:Holt 1984,"Sebek & Barker 1968 [BM, 0.7-1.1×2.0-4.0 μm]"
S1a,173,Pseudomonas,S1a:Donnelly & Dagley 1980; S1a:Holt 1984,"Donnelly & Da- gley 1980 [BM, 0.7-1.1×2.0-4.0 μm]"
S1a,174,Pseudomonas,S1a:Chakrabarty & Roy 1964; S1a:Holt 1984,"Chakrabarty & Roy 1964 [BM, 0.7-1.1×2.0-4.0 μm]"
S1a,175,Pseudomonas,S1a:Meagher et al. 1972; S1a:Holt 1984,"Meagher et al. 1972 [BM, 0.7-1.1×2.0-4.0 μm]"
S1a,176,Pseudomonas,S1a:Peterson 1970; S1a:Holt 1984,"Peterson 1970 [BM, 0.7-1.1×2.0-4.0 μm]"
S1a,177,Pseudomonas,S1a:Doudoroff et al. 1956,Doudoroff et al. 1956
S1a,178,Pseudomonas,S1a:Van Ginkel et al. 1992; S1a:Holt 1984,"Van Ginkel et al. 1992 [BM, genus, rods 0.5-1.0×1.5-5.0 μm]"
S1a,179,Pseudomonas,S1a:Shaw 1956; S1a:Holt 1984,"Shaw 1956 [BM, genus, rods 0.5-1.0×1.5-5.0 μm]"
S1a,180,Pseudomonas,S1a:Sariaslani et al. 1982; S1a:Holt 1984,"Sariaslani et al. 1982 [BM, genus, rods 0.5-1.0×1.5-5.0 μm]"
S1a,181,Pseudomonas,S1a:Jayasuriya 1956; S1a:Holt 1984,"Jayasuriya 1956 [BM, genus, rods 0.5-1.0×1.5-5.0 μm]"
S1a,182,Pseudomonas,S1a:Taylor 1983; S1a:Holt 1984,"Taylor 1983 [BM, genus, rods 0.5-1.0×1.5-5.0 μm]"
S1a,183,Pseudomonas,S1a:Jones & Turner 1973; S1a:Holt 1984,"Jones & Turner 1973 [BM, genus, rods 0.5-1.0×1.5-5.0 μm]"
S1a,184,Pseudomonas,S1a:Jurtshuk & McQuitty 1976; S1a:Holt 1984,"Jurtshuk & McQuitty 1976 [BM, genus, rods 0.5-1.0×1.5-5.0]"
S1a,185,Pseudomonas,S1a:Tros et al. 1996; S1a:Holt 1984,"Tros et al. 1996 [BM, genus, rods 0.5-1.0×1.5-5.0 μm]"
S1a,186,Pseudonocardia,S1a:Isenberg et al. 1954,Isenberg et al. 1954
S1a,187,Rhizobium,S1a:Peterson & LaRue 1982; S1a:Holt et al. 1994,"Peterson & LaRue 1982 [BM9, ge- nus, rods, 0.5-0.9×1.2-3.0 μm]"
S1a,188,Rhizobium,S1a:Dietrich & Burris 1967; S1a:Holt 1984,Dietrich & Burris 1967 [BM]
S1a,189,Rhizobium,S1a:Jurtshuk & McQuitty 1976; S1a:Holt et al. 1994,"Jurtshuk & McQuitty 1976 [BM9, genus, rods, 0.5-0.9×1.2-3.0 μm]"
S1a,190,Rhodobacter,S1a:Berg et al. 2002; S1a:Gunter & Kohn 1956,Berg et al. 2002 [Gunter & Kohn 1956 0.23 pg DM/cell = 0.8 pg/cell at 70% water content]
S1a,191,Rhodobacter,S1a:Gunter & Kohn 1956,Gunter & Kohn 1956 [0.23 pg DM/cell = 0.8 pg/cell at 70% water content]
S1a,192,Rhodococcus,S1a:Jurtshuk & McQuitty 1976,Jurtshuk & McQuitty 1976
S1a,193,Rhodococcus,S1a:Bruheim et al. 1999,Bruheim et al. 1999
S1a,194,Rhodococcus,S1a:Cartwright & Cain n.d.,Cartwright & Cain 1959
S1a,195,Rhodococcus,S1a:Harper 1977,Harper 1977
S1a,196,Rhodospirillum,S1a:Berg et al. 2002; S1a:Holt 1984,Berg et al. 2002 [BM]
S1a,197,Sallinivibrio,S1a:Kushner et al. 1983; S1a:Huang et al. 2000,"Kushner et al. 1983 [Huang et al. 2000, rods, 0.5×1.5-3.2 μm]"
S1a,198,Salmonella,S1a:Hoffee & Englesberg 1962; S1a:Montesinos et al. 1983,"Hoffee & Engles- berg 1962 [Mon- tesinos et al. 1983, Coulter counter]"
S1a,199,Salmonella,S1a:Jurtshuk & McQuitty 1976; S1a:Montesinos et al. 1983; S1a:Kubitschek 1969,"Jurtshuk & McQuitty 1976 [Montesinos et al. 1983, Coulter counter] [Ku- bitschek 1969, Coulter counter]"
S1a,200,Serratia mar-,S1a:Blizzard & Peterson 1963; S1a:Holt 1984,"Blizzard & Peter- son 1962 [BM, 0.5-0.8×0.9-2 μm]"
S1a,201,Serratia mar-,S1a:Bishop et al. 1962; S1a:Holt 1984,"Bishop et al. 1962 [BM, 0.5-0.8×0.9-2 μm]"
S1a,202,Serratia mar-,S1a:Jurtshuk & McQuitty 1976; S1a:Holt 1984,"Jurtshuk & McQuitty 1976 [BM, 0.5-0.8×0.9-2 μm]"
S1a,203,Serratia mar-,S1a:Davis & Bateman 1960; S1a:Holt 1984,"Davis & BAteman 1960 [BM, 0.5-0.8×0.9-2 μm]"
S1a,204,Shigella flex-,S1a:Erlandson & Ruhl 1956,Erlandson & Ruhl 1956
S1a,205,Sphaerotilus,S1a:Stokes 1954,"Stokes 1954 [1.2-1.8×3-5 μm; sheathed filaments in young cultures, liberated flagel- lated cells in old cultures]"
S1a,206,Sporosarcina,S1a:Jurtshuk & McQuitty 1976; S1a:Holt et al. 1994,"Jurtshuk & McQuitty 1976 [BM9, genus, rods, 1-2×2-3 μm]"
S1a,207,Staphylococcus,S1a:Ramsey 1962; S1a:Watson et al. 1998; S1a:Montesinos et al. 1983,"Ramsey 1962 [Watson et al. 1998, diam 0.41 μm for long- starved cells, 0.69 μm for exponen- tial phase cells] [[Montesinos et al. 1983, Coulter counter]]"
S1a,208,Staphylococcus,S1a:Huber & Schuhardt 1970; S1a:Watson et al. 1998; S1a:Montesinos et al. 1983,"Huber & Schuhardt 1970 [Watson et al. 1998, diam 0.41 μm for long- starved cells, 0.69 μm for exponen- tial phase cells] [[Montesinos et al. 1983, Coulter counter]]"
S1a,209,Staphylococcus,S1a:Yotis & Ekstedt 1959; S1a:Watson et al. 1998; S1a:Montesinos et al. 1983,"Yotis & Ekstedt 1959 [Watson et al. 1998, diam 0.41 μm for long- starved cells, 0.69 μm for exponen- tial phase cells] [[Montesinos et al. 1983, Coulter counter]]"
S1a,210,Staphylococcus,S1a:Bluhm & Ordal 1969; S1a:Watson et al. 1998; S1a:Montesinos et al. 1983,"Bluhm & Ordal 1969 [Watson et al. 1998, diam 0.41 μm for long- starved cells, 0.69 μm for exponen- tial phase cells] [[Montesinos et al. 1983, Coulter counter]]"
S1a,211,Staphylococcus,S1a:Krzemiński et al. 1972; S1a:Watson et al. 1998; S1a:Montesinos et al. 1983,"Krzemiński et al. 1972 [Watson et al. 1998, diam 0.41 μm for long- starved cells, 0.69 μm for exponen- tial phase cells] [[Montesinos et al. 1983, Coulter counter]]"
S1a,212,Staphylococcus,S1a:Jurtshuk & McQuitty 1976; S1a:Watson et al. 1998; S1a:Montesinos et al. 1983,"Jurtshuk & McQuitty 1976 [Watson et al. 1998, diam 0.41 μm for long- starved cells, 0.69 μm for exponen- tial phase cells] [[Montesinos et al. 1983, Coulter counter]]"
S1a,213,Staphylococcus,S1a:Jacobs & Conti 1965; S1a:Holt 1984,Jacobs & Conti 1965 [BM]
S1a,214,Staphylococcus,S1a:Bishop et al. 1962,Bishop et al. 1962
S1a,215,Staphylococcus,S1a:Jurtshuk & McQuitty 1976,Jurtshuk & McQuitty 1976
S1a,216,Streptococcus,S1a:Greisen & Gunsalus 1944; S1a:Holt 1984,Greisen & Gun- salus 1944 [BM]
S1a,217,Streptococcus,S1a:Mickelson 1961; S1a:Holt 1984,Mickelson 1961 [BM]
S1a,218,Streptococcus,S1a:Jurtshuk & McQuitty 1976; S1a:Kowalski et al. 1999,"Jurtshuk & McQuitty 1976 [Kowalski et al. 1999, diam 0.8-1 μm]"
S1a,219,Streptococcus,S1a:Jurtshuk & McQuitty 1976; S1a:Kowalski et al. 1999,"Jurtshuk & McQuitty 1976 [Kowalski et al. 1999, diam 0.6-1 μm]"
S1a,220,Streptomyces,S1a:Niederpruem & Hackett 1961,Niederpruem & Hackett 1961
S1a,221,Streptomyces,S1a:Niederpruem & Hackett 1961,Niederpruem & Hackett 1961
S1a,222,Streptomyces,S1a:Gilmour et al. 1955,Gilmour et al. 1955
S1a,223,Streptomyces,S1a:Jurtshuk & McQuitty 1976,Jurtshuk & McQuitty 1976
S1a,224,Streptomyces,S1a:Feofilova et al. 1966,Feofilova et al. 1966
S1a,225,Streptomyces,S1a:Maitra & Roy 1961,Maitra & Roy 1961
S1a,226,Sulfolobus,S1a:Schäfer 1996; S1a:Takayanagi et al. 1996,"Schäfer 1996 [Takayanagi et al. 1996, lobed cells, diam 0.8-1.0 μm]"
S1a,227,Taylorella,S1a:Lindmark et al. 1982; S1a:Holt et al. 1994,"Lindmark et al. 1982 [BM9, ge- nus, 0.7×0.7-1.8 μm]"
S1a,228,Thiobacillus,S1a:Silver 1970; S1a:Kelly & Wood 2000,"Silver 1970 [Kelly & Wood 2000, rods 0.4×2.0 μm]"
S1a,229,Thiobacillus,S1a:London & Rittenberg 1966; S1a:Holt et al. 1994,"London & Ritten- berg 1966 [BM9, genus, 0.5-1.0-4.0 μm]"
S1a,230,Thiobacillus,S1a:Vogler 1942b; S1a:Kelly & Wood 2000,"Vogler 1942b [Kelly & Wood 2000, rods 0.4×2.0 μm]"
S1a,231,Thiocapsa,S1a:Overmann & Pfennig 1992; S1a:Montesinos et al. 1983,"Overmann & Pfennig 1992 nmol O2 [Mon- tesinos et al. 1983, Coulter counter]"
S1a,232,Thiocystis,S1a:Overmann & Pfennig 1992; S1a:Holt et al. 1994,"Overmann & Pfennig 1992 [BM9, genus, spherical or ovoid, 2.5-3.0 μm diam]"
S1a,233,Thiorhodovibrio,S1a:Overmann & Pfennig 1992,Overmann & Pfennig 1992
S1a,234,Unidentified,S1a:Vangnai et al. 2002; S1a:Holt 1984,"Vangnai et al. 2002 and personal communication with Dr. Luis A. Sayavedra-Soto (7 Nov 2006) [BM, species, rods, 0.6-0.8×1.1-2.4 μm]"
S1a,235,Unknown,S1a:Trudinger 1967,Trudinger 1967
S1a,236,Unknown,S1a:Trudinger 1967,Trudinger 1967
S1a,237,Unnamed,S1a:Bishop et al. 1962,Bishop et al. 1962
S1a,238,Vibrio algino-,S1a:Jurtshuk & McQuitty 1976; S1a:Holt et al. 1994,"Jurtshuk & McQuitty 1976[BM9, genus, rods 0.5-0..8×1.4-2.6 μm]"
S1a,239,Vibrio fischeri,S1a:Droniuk et al. 1987; S1a:Allen & Baumann 1971,"Droniuk et al. 1987 [Allen & Baumann 1971, Fig. 16, 0.7×1.5 μm]"
S1a,240,Vibrio metsch-,S1a:Jurtshuk & McQuitty 1976; S1a:Holt et al. 1994,"Jurtshuk & McQuitty 1976[BM9, genus, rods 0.5-0..8×1.4-2.6 μm]"
S1a,241,Vibrio para-,S1a:Jurtshuk & McQuitty 1976; S1a:Holt et al. 1994,"Jurtshuk & McQuitty 1976 [BM9, genus, rods 0.5-0..8×1.4-2.6 μm]"
S1a,242,Vibrio sp.,S1a:Novitsky & Morita 1977; S1a:Novitsky & Morita 1976,"Novitsky & Mo- rita 1977 [Novit- sky & Morita 1976, Figs. 3b,c, cells starved for several weeks, cocci, diam 0.6-0.7 μm; unstarved cells, rods, 1×2-4 μm = 2 μm3]"
S1a,243,Vitreoscilla,S1a:Jurtshuk & McQuitty 1976; S1a:Holt et al. 1994,"Jurtshuk & McQuitty 1976 [BM9, genus, filaments 1-3 μm diam]"
S1a,244,Xanthomonas,S1a:Jurtshuk & McQuitty 1976; S1a:Holt et al. 1994,"Jurtshuk & McQuitty 1976 [BM9, genus, rods 0.4-0.7×0.7-1.8 μm]"
S1a,245,"Yersinia pestis data not included (Friedman hr−1 for growth (can be 1966: ""Since exposure to (Yu & deVoe of substrates (can be 0.5×10−10 order of be some error indicating an of several hundred (109 cells)−1 viable 4×106 J/kg, we conclude and Kjelleberg et PW2 (Goulbourne hr and respiration (can be (820 and 1100 W/kg) S1a: Halablab M.A., growth media. D.D. (1991) H.P., Kohler-Staub Applied P. (1971) 107: 295-302. M.R. (1963) R.Y. (1983) A., Overmann termites by molecular L., Mandel M., Stanier 95: 58-73. L.V., Ivanovsky purple Spencer P.D. 84: 916-920. K.P., King Do bacteria G.E. (1963) Z.J. (1969) Effect I.S. (1983) 46: 528-531. D., Schaeffer of Bacteriology Energy generation Survival of J.C. (1970) crystallopoietes. C.J., Pfennig of Bacteriology H., Eimhjellen and Environmental Whittenbury E.A. (1967) Metabolism E.K., Darrah 106: 211-227. Cain R.B. Bacterial Roy S.C. (1964) 92: 105-112. D.W. Journal L.H. (1979) R.G. (1967) Bacteriology 93: H. (1957) of Bacteriology J. (1966) I.J. (1947) B.M., Gray T.R.G. K., Kornberg H.L. (1964) J.T., McRoberts enzyme of Environmental A new fermentative The effect 63: 193-198. D.T. (1965) J.B. (1960) 80: 580-584. W.H. (1958) D.W. (1965) C.W. (1981) 194: 915-924. J. (1959) Oxidation D.R. (1977) R.K., Vasantharajan Journal R.H. (1967) P.J., S. (1980) N.J., MacGee and crude cell-free P.T., Wisse bacteria Alteromonas D.J. Pseudomonas Butters S.J., 147-153. Uyeno S., Pivnick Long-term Ruhl R.F. List of bacterial (List of prokaryotic R.A. (2002) N.E., 35: N.A., Peets E.A. T.R., Gerhardt and Chemotherapy I. (1976) Alm W.L. (1962) Bacteriology 84: I., O'Brian Journal Sieracki M., and Environmental R.C. (1952) Effect Gaudy E.T., Komolrit 11: H.B., Wilson 60: 459-467. E.M., griseus. Journal Wyss O. (1966) Matin M., Zychlinsky Journal of Bacteriology The respiratory I.C. (1944) 48: 515-525. J.J. J.J. J.J. 91: 1577-1581. L.H., Levine properties H.I. (1956) Journal of Bacteriology H.I. (1956) Journal of Bacteriology Crawford R.L., acidovorans. Microbial Journal 165: H., Kudoh E., adipate)-degrading R.A., Thomashow growth. E. (1962) 48: 1759-1765. S., Nicholas agilis during 1986, 1989) N.R., Sneath Baltimore. A.F., Campbell J.-L., Patel anaerobe from 50: 615-622 V.T. (1970) The metabolism K.W. (1958a) K.W. (1958b) The oxidation The endogenous concentration. A., Angrist Journal S.F. (1965) Bacteriology 89: The induction D., Jones D. Y., Omori Environmental J.M., Clifton J.M. (1979) in a species O.M., D.N. 31: R. (1981) A.C., Patel thermal aquifer. C. (1979) the facultative A.P. (2000) nov. and Thermithiobacillus D.F. (1978) B.A. The metabolism A.M. (1961) Biochemical J.G. (1965) W., Whittam J. (1955) Photosynthesis Biology of the J., Szarapińska-Kwaszewska (1969) Growth S., Mitsui sp. strain Miami P.J. (1981) TOL (pWWO) F., MacLeod 153: 1163-1171. B.A. (1973) A.C. (1941) L.O. (1952) Jarroll E.L., Timoney Intermediary S.C. (1966) A.A., Semrau S.C. (1961) Tricarboxylic Ľ. (1999) 11: 59-64. Ľ., Hoštacká Microbios 84: Gorshkov V.G., of London, E. (1970) A., Malmcrona-Friberg isolates. Nature of Del Gallo M., Journal of Bacteriology C., Guerrero Journal Sistrom W.R. 778-787. F., Zahler G.M., putida. J.L. Academy (1967) Aerobic Batt R.D. (1960) Bactericidal G.C.N. (1956) citrate from R.N., Black 94: 759-765. I., Guerrero particle sizing. R.W., Rossiter of Bacteriology Kohsaka K., J.D. (1994) Carbon and Sherman F.G. cerrus. Journal Hackett D.P. R.Y. (1976) R.Y. (1977) C. (1978) AM1 and P.W. (1982) 150: 1172-1182. N. (1992) 158: 59-67. W. (1955) ruhlandii nov. A., Technikova-Dobrova chain and I.W. (1980) Lack of distinction J.R. (1961) Microbial R.N. (1964) Cytochrome T.A. (1982) Endogenous V.W., genus Nocardia. P.R. (1979) and Environmental M. (1970) Batt R.D. (1973) Chemistry H. (1956) 4: 171-175. Sudmeier T.J.L., C. Jr. (1952) G., Holz thermoacidophilic H.A. (1968) H. (1956) Biochemical Polyol dehydrogenases. N.E. (1962) 8: 255-269. Oxidation of elemental of Microbiology E.K., Cain R.B. of Bacteriology D.S. (1968) J.F., Foust D.E. (1968) B.E., Kuenen P.J. P.J., 159-167. H.H., Harper The specific 257-260. Studies on A.G., Lawrence 634-642. Alexander M. putida. Applied Alexander M. and Environmental H., acidothermophilic I. (1975) Existence A., Bohland dynamics Environmental Aerobic and and Environmental Differences S.A., Miller Journal J.C. (1987) Campbell J.J. T.N.P., Schraa from the kinetic 62: 3655-3661. Metabolism S.L., Vela J.L.C.M., thermophilic Van Dijk J.B., Microbiology Gottschal J.C. 64: 1034-1039. Abee T., Kortstee Journal Journal J.N.J., Oren The presence Studies on Pyruvate metabolism A.F., Campbell R.B. (1975) 146: 157-172. M.L., Altenbern C.P., Brehm Infection and Hayward C., acidovorans 49: 567-576. Miller D.J. (1966) Cytochrome S., influenced Absorption R.D. (1959) Journal G.P. G.P. G.P., Journal B.M., Eilers Applied and values used variable. diphtheriae sp. extorquens sp. nitrificans",S1a:Wessman & Miller 1966; S1a:Kowalski et al. 1999,"Wessman & Miller 1966 [Kowalski et al. 1999, 0.5-1×1-2 μm]"
S2b,1,Acanthamoeba (Hartmanella) castellani,S2a:Edwards & Lloyd 1977 [2],"S2a row 6, Source 87: Edwards & Lloyd 1977b"
S2b,2,Acanthamoeba sp.,S2a:Neff et al. 1958,"S2a row 7, Source 210: Neff et al. 1958"
S2b,3,Actinosphaerium eichhornii,S2a:Howland & Bernstein 1931,"S2a row 8, Source 135: Howland & Bernstein 1931"
S2b,4,Amoeba proteus,S2a:Fenchel & Finlay 1983,"S2a row 10, Source OTHER: Fenchel & Finlay 1983"
S2b,5,Astasia klebsii,S2a:von Dach 1942; S2a:von Dach 1950,"S2a row 12, Source 291: von Dach 1942; S2a row 13, Source 292: von Dach 1950"
S2b,6,Astasia longa,S2a:Wilson & James 1963,"S2a row 19, Source 306: Wilson & James 1963"
S2b,7,Bresslaua insidiatrix,S2a:Scholander et al. 1952,"S2a row 21, Source 252: Scholander et al. 1952"
S2b,8,Chilomonas paramecium,S2a:Mast et al. 1936,"S2a row 26, Source 191: Mast et al. 1936"
S2b,9,Coleps hirtus,S2a:Sarojini & Nagabhushanam 1966,"S2a row 29, Source 250: Sarojini & Nagabhushanam 1966"
S2b,10,Colpidium campylum,S2a:Pitts 1932,"S2a row 30, Source 230: Pitts 1932"
S2b,11,Crithida (Strigomonas) fasciculata,S2a:Hunter 1960,"S2a row 33, Source 137: Hunter 1960"
S2b,12,Crithidia (Strigomonas) oncopelti,S2a:Ryley 1955a; S2a:Holwill 1965,"S2a row 34, Source OTHER: Ryley 1955a; [cell mass data: Holwill 1965, cylinder or pear shaped, 8.2×2.6 μm]"
S2b,13,Dictyostelium discodeum,S2a:Gregg 1950,"S2a row 35, Source 112: Gregg 1950"
S2b,14,Eimeria acervulina,S2a:Wilson & Fairbairn 1961,"S2a row 41, Source 307: Wilson P. 1961"
S2b,15,Eimeria stiedae,S2a:Wagenbach & Burns 1969,"S2a row 42, Source 296: Wagenbach & Burns 1969"
S2b,16,Eimeria tenella,S2a:Wagenbach & Burns 1969,"S2a row 44, Source 296: Wagenbach & Burns 1969"
S2b,17,Endotrypanum schaudinni,S2a:Zeledon 1960 [2],"S2a row 46, Source 313: Zeledon 1960b"
S2b,18,Entamoeba hystolitica,S2a:Reeves 1971,"S2a row 50, Source 235: Reeves 1971"
S2b,19,Frontonia leucas,S2a:Laybourn & Finlay 1976,"S2a row 52, Source 158: Laybourn & Finlay 1976"
S2b,20,Leishmania brasiliensis,S2a:Zeledon & de Monge 1967,"S2a row 58, Source 317: Zeledon & de Monge 1967"
S2b,21,Leishmania donovani,S2a:Chatterjee & Ghosh 1959,"S2a row 62, Source 56: Chatterjee & Ghosh 1959"
S2b,22,Leishmania enrietti,S2a:Zeledon 1960 [1],"S2a row 64, Source 312: Zeledon 1960a"
S2b,23,Mayorella palestinensis,S2a:Reich 1948,"S2a row 67, Source 236: Reich 1948"
S2b,24,Noctiluca miliaris,S2a:Rajagopal 1962,"S2a row 68, Source 232: Rajagopal 1962"
S2b,25,Paramecium aurelia,S2a:Simonsen & Van Wagtendonk 1952,"S2a row 71, Source 258: Simonsen & Van Wagtendonk 1952"
S2b,26,Paramecium calkinsi,S2a:Boell 1945,"S2a row 76, Source 31: Boell 1945"
S2b,27,Paramecium caudatum,S2a:Lund 1918,"S2a row 78, Source 179: Lund 1918"
S2b,28,Paramecium multimicronucleatum,S2a:Mast et al. 1936,"S2a row 87, Source 191: Mast et al. 1936"
S2b,29,Pelomyxa carolinensis,S2a:Pace & Frost 1948,"S2a row 93, Source 218: Pace & Frost 1948"
S2b,30,Pelomyxa palustris,S2a:Leiner et al. 1968,"S2a row 95, Source 163: Leiner et al. 1968"
S2b,31,Plasmodium cathemerium,S2a:Maier & Coggeshall 1941,"S2a row 96, Source 184: Maier & Coggeshall 1941"
S2b,32,Plasmodium gallinaceum,S2a:Marshall 1948 [1],"S2a row 100, Source 186: Marshall 1948a"
S2b,33,Plasmodium knowlesi,S2a:Maier & Coggeshall 1941,"S2a row 103, Source 184: Maier & Coggeshall 1941"
S2b,34,Pleuromonas jaculans,S2a:Fenchel & Finlay 1983,"S2a row 105, Source OTHER: Fenchel & Finlay 1983"
S2b,35,Podophrya fixa,S2a:Fenchel & Finlay 1983,"S2a row 106, Source OTHER: Fenchel & Finlay 1983"
S2b,36,Schizotrypanum verpertilionis,S2a:Zeledon 1960 [1],"S2a row 107, Source 312: Zeledon 1960a"
S2b,37,Spirostoma minus,S2a:Fenchel & Finlay 1983,"S2a row 108, Source OTHER: Fenchel & Finlay 1983"
S2b,38,Spirostomum ambiguum,S2a:Khlebovitch 1972,"S2a row 109, Source 17: Khlebovitch 1972"
S2b,39,Spirostomum intermedium,S2a:Pigon 1955,"S2a row 111, Source 226: Pigon 1955"
S2b,40,Spirostomum teres,S2a:Laybourn & Finlay 1976,"S2a row 112, Source 158: Laybourn & Finlay 1976"
S2b,41,Stentor coeruleus,S2a:Laybourn 1975,"S2a row 114, Source 156: Laybourn 1975"
S2b,42,Tetrahymena geleii (pyriformis),S2a:Seaman 1950; S2a:Seaman & Houlihan 1950,"S2a row 121, Source 254,255: Seaman 1950; Seaman & Noulihan 1950"
S2b,43,Tetrahymena pyriformis,S2a:Hamburger & Zeuthen 1957,"S2a row 131, Source 120: Hamburger & Zeuthen 1957"
S2b,44,Tracheloraphis sp.,S2a:Vernberg & Coull 1974,"S2a row 140, Source 278: Vernberg & Coull 1974"
S2b,45,Trichomonas (Tritrichomonas) foetus,S2a:Doran 1957,"S2a row 142, Source 83: Doran 1957"
S2b,46,Trichomonas batrachorum,S2a:Doran 1958,"S2a row 144, Source 84: Doran 1958"
S2b,47,Trichomonas nasai,S2a:Doran 1957,"S2a row 145, Source 83: Doran 1957"
S2b,48,Trichomonas vaginalis,S2a:Wirtschafter et al. 1956,"S2a row 147, Source 309: Wirtschafter et al. 1956"
S2b,49,Trypanosoma (Schizotrypanum) cruzi,S2a:Ryley 1956,"S2a row 152, Source 247: Ryley 1956"
S2b,50,Trypanosoma lewisi,S2a:Ryley 1951; S2a:Ryley 1953,"S2a row 156, Source 242,244: Ryley 1951; 1953"
S2b,51,Urostyla grandis,S2a:Fenchel & Finlay 1983,"S2a row 202, Source OTHER: Fenchel & Finlay 1983"
S2b,52,Trichosphaerium sieboldi,S2a:Crawford et al. 1994,"S2a row 148, Source OTHER: Crawford et al. 1994"
S3,1,Unknown species*,S3:Chown et al. 2007,superscript *
S3,2,Species 1 (Sutherland)*,S3:Chown et al. 2007,superscript *
S3,3,Species 2 (Stellenbosch)*,S3:Chown et al. 2007,superscript *
S3,4,Species 3 (Cederberg)*,S3:Chown et al. 2007,superscript *
S3,5,Anax junius,S3:Chown et al. 2007,superscript 1
S3,6,Brachymesia gravida,S3:Chown et al. 2007,superscript 1
S3,7,Erythemis simplicicollis,S3:Chown et al. 2007,superscript 1
S3,8,Erythrodiplax berenice,S3:Chown et al. 2007,superscript 1
S3,9,Erythrodiplax connata,S3:Chown et al. 2007,superscript 1
S3,10,Libellula auripennis,S3:Chown et al. 2007,superscript 1
S3,11,Libellula needhami,S3:Chown et al. 2007,superscript 1
S3,12,Miathyria marcella,S3:Chown et al. 2007,superscript 1
S3,13,Pachydiplax longipennis,S3:Chown et al. 2007,superscript 1
S3,14,Pantala flavescens,S3:Chown et al. 2007,superscript 1
S3,15,Perithemis tenera,S3:Chown et al. 2007,superscript 1
S3,16,Tramea carolina,S3:Chown et al. 2007,superscript 1
S3,17,Coptotermes formosanus,S3:Chown et al. 2007,superscript 2
S3,18,Heterotermes tenuior,S3:Chown et al. 2007,superscript 3
S3,19,Reticulitermes flavipes,S3:Chown et al. 2007,superscript 2
S3,20,Schedorhinotermes javanicus,S3:Chown et al. 2007,superscript 3
S3,21,Schedorhinotermes sarawakensis,S3:Chown et al. 2007,superscript 3
S3,22,Labritermes kistneri,S3:Chown et al. 2007,superscript 3
S3,23,Dicuspiditermes nemorosus,S3:Chown et al. 2007,superscript 3
S3,24,Dicuspiditermes santschii,S3:Chown et al. 2007,superscript 3
S3,25,Homallotermes eleanorae,S3:Chown et al. 2007,superscript 3
S3,26,Pericapritermes nitobei,S3:Chown et al. 2007,superscript 3
S3,27,Pericapritermes semarangi,S3:Chown et al. 2007,superscript 3
S3,28,Procapritermes nr. sandakanensis,S3:Chown et al. 2007,superscript 3
S3,29,Syncapritermes sp. A,S3:Chown et al. 2007,superscript 3
S3,30,Termes borneensis,S3:Chown et al. 2007,superscript 3
S3,31,Globitermes globosus,S3:Chown et al. 2007,superscript 3
S3,32,Prohamitermes mirabilis,S3:Chown et al. 2007,superscript 3
S3,33,Aciculioiditermes sp. A,S3:Chown et al. 2007,superscript 3
S3,34,Bulbitermes sp. C,S3:Chown et al. 2007,superscript 3
S3,35,Havilanditermes atripennis,S3:Chown et al. 2007,superscript 3
S3,36,Hospitalitermes hospitalis,S3:Chown et al. 2007,superscript 3
S3,37,Nasutitermes longinasus,S3:Chown et al. 2007,superscript 3
S3,38,Proaciculitermes sp. A,S3:Chown et al. 2007,superscript 3
S3,39,Proaciculitermes sp. E,S3:Chown et al. 2007,superscript 3
S3,40,Hypotermes xenotermites,S3:Chown et al. 2007,superscript 3
S3,41,Macrotermes carbonarius,S3:Chown et al. 2007,superscript 4
S3,42,Macrotermes gilvus,S3:Chown et al. 2007,superscript 3
S3,43,Macrotermes malaccensis,S3:Chown et al. 2007,superscript 3
S3,44,Microcerotermes dubius,S3:Chown et al. 2007,superscript 3
S3,45,Microcerotermes serrula,S3:Chown et al. 2007,superscript 3
S3,46,Blatta orientalis,S3:Chown et al. 2007,superscript 5
S3,47,Eublaberus posticus,S3:Chown et al. 2007,superscript 6
S3,48,Periplaneta americana,S3:Chown et al. 2007,superscript 7
S3,49,Periplaneta orientalis,S3:Chown et al. 2007,superscript 8
S3,50,Blatella germanica,S3:Chown et al. 2007,superscript 9
S3,51,Byrsotria fumagata,S3:Chown et al. 2007,superscript 6
S3,52,Gromphadorhina chopardi,S3:Chown et al. 2007,superscript 6
S3,53,Gromphadorihna portentosa,S3:Chown et al. 2007,superscript 10
S3,54,Parcoblatta sp.,S3:Chown et al. 2007,superscript 11
S3,55,Blaberus discoidalis,S3:Chown et al. 2007,superscript 6
S3,56,Blaberus giganteus,S3:Chown et al. 2007,superscript 12
S3,57,Leucophaea maderae,S3:Chown et al. 2007,superscript 13
S3,58,Nauphoeta cinerea,S3:Chown et al. 2007,superscript 13
S3,59,Perisphaeria sp.,S3:Chown et al. 2007,superscript 14
S3,60,Sphodromantis gastrica*,S3:Chown et al. 2007,superscript *
S3,61,Karoophasma biedouwensis*,S3:Chown et al. 2007,superscript *
S3,62,Oecanthus quadripunctatus,S3:Chown et al. 2007,superscript 15
S3,63,Enyaliopsis petersi,S3:Chown et al. 2007,superscript 16
S3,64,Eugaster loricatus,S3:Chown et al. 2007,superscript 16
S3,65,Hophlosphyrum griseus,S3:Chown et al. 2007,superscript 17
S3,66,Pternonemobius fasciatus,S3:Chown et al. 2007,superscript 18
S3,67,Acheta domesticus,S3:Chown et al. 2007,superscript 19
S3,68,Teleogryllus commodus,S3:Chown et al. 2007,superscript 7
S3,69,Anurogryllis arboreus,S3:Chown et al. 2007,superscript 15
S3,70,Ceuthophilis fossor,S3:Chown et al. 2007,superscript 20
S3,71,Ceuthophilis gracilipes,S3:Chown et al. 2007,superscript 11
S3,72,Gryllotalpa australis,S3:Chown et al. 2007,superscript 21
S3,73,Conocephalus fasciatus,S3:Chown et al. 2007,superscript 18
S3,74,Euconocephalus nasutus,S3:Chown et al. 2007,superscript 22
S3,75,Insara covilleae,S3:Chown et al. 2007,superscript 20
S3,76,Neoconocephalus robustus,S3:Chown et al. 2007,superscript 22
S3,77,Requena verticalis,S3:Chown et al. 2007,superscript 15
S3,78,Anconia integra,S3:Chown et al. 2007,superscript 20
S3,79,Bootettix punctatus,S3:Chown et al. 2007,superscript 20
S3,80,Encoptolophus s. costalis,S3:Chown et al. 2007,superscript 23
S3,81,Locusta migratoria migratorioides,S3:Chown et al. 2007,superscript 24
S3,82,Melanoplus bivittatus,S3:Chown et al. 2007,superscript 25
S3,83,Melanoplus complanipes,S3:Chown et al. 2007,superscript 20
S3,84,Oedalis instillatus,S3:Chown et al. 2007,superscript 16
S3,85,Romalea guttata,S3:Chown et al. 2007,superscript 26
S3,86,Taeniopoda eques,S3:Chown et al. 2007,superscript 26
S3,87,Trimerotropis pallidipennis,S3:Chown et al. 2007,superscript 27
S3,88,Trimerotropis saxatilis,S3:Chown et al. 2007,superscript 28
S3,89,Trimerotropis sp.,S3:Chown et al. 2007,superscript 20
S3,90,Trimerotropis suffusa,S3:Chown et al. 2007,superscript 27
S3,91,Xanthippus corallipes,S3:Chown et al. 2007,superscript 29
S3,92,Unknown genus,S3:16,superscript 16 (green row: added by Makarieva et al. to the Chown et al. 2007 set)
S3,93,Tanaocerus koebeli,S3:Chown et al. 2007,superscript 20
S3,94,Xiphoceriana sp.,S3:Chown et al. 2007,superscript 16
S3,95,Euborellia annulipes*,S3:Chown et al. 2007,superscript *
S3,96,Unknown genus,S3:Chown et al. 2007,superscript 20
S3,97,Pseudococcus citri,S3:Chown et al. 2007,superscript 30
S3,98,Neophilaenus lineatus,S3:Chown et al. 2007,superscript 31
S3,99,Philaenus spumarius,S3:Chown et al. 2007,superscript 32
S3,100,Cystosoma saundersii,S3:Chown et al. 2007,superscript 33
S3,101,Diceroprocta apache,S3:Chown et al. 2007,superscript 34
S3,102,Fidicina mannifera,S3:Chown et al. 2007,superscript 35
S3,103,Multareoides bifurcatus,S3:Chown et al. 2007,superscript 20
S3,104,Hysteropterum sp.,S3:Chown et al. 2007,superscript 20
S3,105,Phytocoris nigripubescens,S3:Chown et al. 2007,superscript 20
S3,106,Slaterocoris sp.,S3:Chown et al. 2007,superscript 20
S3,107,Unknown genus,S3:Chown et al. 2007,superscript 20
S3,108,Unknown genus,S3:Chown et al. 2007,superscript 20
S3,109,Unknown genus,S3:Chown et al. 2007,superscript 20
S3,110,Rhodnius prolixus,S3:Chown et al. 2007,superscript 36
S3,111,Unknown genus,S3:Chown et al. 2007,superscript 20
S3,112,Dendrocoris contaminatus,S3:Chown et al. 2007,superscript 20
S3,113,Unknown genus,S3:Chown et al. 2007,superscript 20
S3,114,Lygus kalmii,S3:Chown et al. 2007,superscript 20
S3,115,Unknown genus,S3:Chown et al. 2007,superscript 20
S3,116,Corydalis cornutus,S3:Chown et al. 2007,superscript 37
S3,117,Saprinus sp.,S3:Chown et al. 2007,superscript 20
S3,118,Sphaeridium lunatum,S3:Chown et al. 2007,superscript 38
S3,119,Species,S3:Chown et al. 2007,superscript 39 (no Chown_etal_2007 row with this species and mass)
S3,120,Species,S3:39,superscript 39 (green row: added by Makarieva et al. to the Chown et al. 2007 set)
S3,121,Reichebnachia sp.,S3:39,superscript 39 (green row: added by Makarieva et al. to the Chown et al. 2007 set)
S3,122,Popilius disjunctus,S3:Chown et al. 2007,superscript 11
S3,123,Popilius sp.,S3:Chown et al. 2007,superscript 40
S3,124,Omorgus radula,S3:Chown et al. 2007,superscript 41
S3,125,Geotrupes sp.,S3:Chown et al. 2007,superscript 39
S3,126,Geotrupes spiniger,S3:Chown et al. 2007,superscript 38
S3,127,Aphodius contaminatus,S3:Chown et al. 2007,superscript 38
S3,128,Aphodius fossor,S3:Chown et al. 2007,superscript 42
S3,129,Aphodius rufipes,S3:Chown et al. 2007,superscript 38
S3,130,Aphodius distinctus,S3:Chown et al. 2007,superscript 43
S3,131,Aphodius fimetarius,S3:Chown et al. 2007,superscript 43
S3,132,Aphodius prodromus,S3:Chown et al. 2007,superscript 43
S3,133,Aphodius rufus,S3:Chown et al. 2007,superscript 43
S3,134,Anomala sp.,S3:Chown et al. 2007,superscript 40
S3,135,Pelidnota sp.,S3:Chown et al. 2007,superscript 40
S3,136,Coeloesis biloba,S3:Chown et al. 2007,superscript 40
S3,137,Strategus aloeus,S3:Chown et al. 2007,superscript 40
S3,138,Cyclocephala sp.,S3:Chown et al. 2007,superscript 40
S3,139,Dyscinetus sp.,S3:Chown et al. 2007,superscript 40
S3,140,Phileurus sp.,S3:Chown et al. 2007,superscript 40
S3,141,Sisiyphys fasciculatus,S3:Chown et al. 2007,superscript 44
S3,142,Anachalcos convexus,S3:Chown et al. 2007,superscript 44
S3,143,Circellium bacchus,S3:Chown et al. 2007,superscript 44
S3,144,Pachylomerus femoralis,S3:Chown et al. 2007,superscript 45
S3,145,Scarabaeus flavicornis,S3:Chown et al. 2007,superscript 44
S3,146,Scarabaeus galenus,S3:Chown et al. 2007,superscript 46
S3,147,Scarabaeus westwoodi,S3:Chown et al. 2007,superscript 47
S3,148,Scarabaeus rusticus,S3:Chown et al. 2007,superscript 47
S3,149,Scarabaeus gariepinus,S3:Chown et al. 2007,superscript 47
S3,150,Scarabaeus striatum,S3:Chown et al. 2007,superscript 47
S3,151,Scarabaeus hippocrates,S3:Chown et al. 2007,superscript 47
S3,152,Pleocoma australis,S3:Chown et al. 2007,superscript 48
S3,153,Leucocelis elegans,S3:Chown et al. 2007,superscript 16
S3,154,Simplocaria metallica,S3:Chown et al. 2007,superscript 49
S3,155,Agrypnus bocandei,S3:Chown et al. 2007,superscript 16
S3,156,Rhizopertha dominica,S3:Chown et al. 2007,superscript 50
S3,157,Melyrid sp.,S3:Chown et al. 2007,superscript 20
S3,158,Hippodamia convergens,S3:Chown et al. 2007,superscript 51
S3,159,Hydromedion sparsutum,S3:Chown et al. 2007,superscript 52
S3,160,Perimylops antarcticus,S3:Chown et al. 2007,superscript 52
S3,161,Adesmia baccata,S3:Chown et al. 2007,superscript 53
S3,162,Anepsius brunneus,S3:Chown et al. 2007,superscript 20
S3,163,Centrioptera muricata,S3:Chown et al. 2007,superscript 20
S3,164,Erodius nanus,S3:Chown et al. 2007,superscript 54
S3,165,Euschides luctata,S3:Chown et al. 2007,superscript 20
S3,166,Peristeptus sp.,S3:Chown et al. 2007,superscript 53
S3,167,Phrynocolus auriculatus,S3:Chown et al. 2007,superscript 53
S3,168,Phrynocolus petrosus,S3:Chown et al. 2007,superscript 53
S3,169,Phrynocolus sp.,S3:Chown et al. 2007,superscript 53
S3,170,Physosterna cribripes,S3:Chown et al. 2007,superscript 55
S3,171,Physadesmia globosa,S3:Chown et al. 2007,superscript 56
S3,172,Sphaeriontis dilatata,S3:Chown et al. 2007,superscript 20
S3,173,Blaps gigas,S3:Chown et al. 2007,superscript 54
S3,174,Nyctobates procerus,S3:Chown et al. 2007,superscript 40
S3,175,Pterohelaeus sp.,S3:Chown et al. 2007,superscript 57
S3,176,Tenebrio molitor,S3:Chown et al. 2007,superscript 30
S3,177,Zophobas sp.,S3:Chown et al. 2007,superscript 40
S3,178,Tribolium castaneum*,S3:Chown et al. 2007,superscript *
S3,179,Tribolium confusum,S3:Chown et al. 2007,superscript 58
S3,180,Trogloderus costatus,S3:Chown et al. 2007,superscript 20
S3,181,Vieta bulbifera,S3:Chown et al. 2007,superscript 53
S3,182,Vieta muscosa,S3:Chown et al. 2007,superscript 53
S3,183,Cryptoglossa verrucosa,S3:Chown et al. 2007,superscript 59
S3,184,Edrotes ventricosus,S3:Chown et al. 2007,superscript 20
S3,185,Pimelia cenchronota,S3:Chown et al. 2007,superscript 53
S3,186,Pimelia grandis,S3:Chown et al. 2007,superscript 60
S3,187,Pimelia obsoleta,S3:Chown et al. 2007,superscript 54
S3,188,Rhytinota praelonga,S3:Chown et al. 2007,superscript 53
S3,189,Triorophus laevis,S3:Chown et al. 2007,superscript 20
S3,190,Helius waiti,S3:Chown et al. 2007,superscript 57
S3,191,Cardiosis fairmarei,S3:Chown et al. 2007,superscript 56
S3,192,Zophosis orbicularis,S3:Chown et al. 2007,superscript 56
S3,193,Psammodes striatus,S3:Chown et al. 2007,superscript 56
S3,194,Epiphysa arenicola,S3:Chown et al. 2007,superscript 56
S3,195,Onymacris plana,S3:Chown et al. 2007,superscript 56
S3,196,Onymacris laeviceps,S3:Chown et al. 2007,superscript 56
S3,197,Onymacris rugatipennis rugatipennis,S3:Chown et al. 2007,superscript 56 (no Chown_etal_2007 row with this species and mass)
S3,198,Onymacris rugatipennis albotesselata,S3:56,superscript 56 (green row: added by Makarieva et al. to the Chown et al. 2007 set)
S3,199,Onymacris unguicularis,S3:Chown et al. 2007,superscript 61
S3,200,Stenocara gracilipes,S3:Chown et al. 2007,superscript 56
S3,201,Eusattus dubius,S3:Chown et al. 2007,superscript 20
S3,202,Eleodes armata,S3:Chown et al. 2007,superscript 59
S3,203,Eleodes grandicollis,S3:Chown et al. 2007,superscript 20
S3,204,Eleodes sp.,S3:Chown et al. 2007,superscript 20
S3,205,Eleodes tenebrosa,S3:Chown et al. 2007,superscript 20
S3,206,Meloid sp.,S3:Chown et al. 2007,superscript 20
S3,207,Acanthoderes circumflexa,S3:Chown et al. 2007,superscript 40
S3,208,Acrocinus longimanus,S3:Chown et al. 2007,superscript 40
S3,209,Dryoctenes scrupulosa,S3:Chown et al. 2007,superscript 40
S3,210,Oncideres putator,S3:Chown et al. 2007,superscript 40
S3,211,Taeinotes scalaris,S3:Chown et al. 2007,superscript 40
S3,212,Acanthophorus confinis,S3:Chown et al. 2007,superscript 16
S3,213,Macrodontia dejeani,S3:Chown et al. 2007,superscript 40
S3,214,Stenodontes molaria,S3:Chown et al. 2007,superscript 40
S3,215,Stenodontes sp.,S3:Chown et al. 2007,superscript 40
S3,216,Trachysomus peregrinus,S3:Chown et al. 2007,superscript 40
S3,217,Brasilanus batus,S3:Chown et al. 2007,superscript 40
S3,218,Eburia sp.,S3:Chown et al. 2007,superscript 40
S3,219,Nyssicus setosus,S3:Chown et al. 2007,superscript 40
S3,220,Phorocantha recurva,S3:Chown et al. 2007,superscript 62
S3,221,Phorocantha semipunctata,S3:Chown et al. 2007,superscript 62
S3,222,Xenambyx laticauda,S3:Chown et al. 2007,superscript 40
S3,223,Diplocapsis sp.,S3:Chown et al. 2007,superscript 20
S3,224,Griburius sp.,S3:Chown et al. 2007,superscript 20
S3,225,Griburius sp.,S3:Chown et al. 2007,superscript 20
S3,226,Leptinotarsa decemlineata,S3:Chown et al. 2007,superscript 63
S3,227,Monoxia sp.,S3:Chown et al. 2007,superscript 20
S3,228,Smicronyx imbricata,S3:Chown et al. 2007,superscript 20
S3,229,Ectemnorhinus marioni,S3:Chown et al. 2007,superscript 64
S3,230,Ectemnorhinus similis,S3:Chown et al. 2007,superscript 64
S3,231,Ips acuminatus,S3:Chown et al. 2007,superscript 65
S3,232,Calandra oryzae,S3:Chown et al. 2007,superscript 50
S3,233,Sitophilus granarius,S3:Chown et al. 2007,superscript 66
S3,234,Microcerus sp.,S3:Chown et al. 2007,superscript 16
S3,235,Ophryastes varius,S3:Chown et al. 2007,superscript 20
S3,236,Miloderes sp.,S3:Chown et al. 2007,superscript 20
S3,237,Hylobius abietis,S3:Chown et al. 2007,superscript 67
S3,238,Hipporhinus tenuegranosus,S3:Chown et al. 2007,superscript 16
S3,239,Eucyllus vagans,S3:Chown et al. 2007,superscript 20
S3,240,Eucyllus unicolor,S3:Chown et al. 2007,superscript 20
S3,241,Bothrometopus randi,S3:Chown et al. 2007,superscript 64
S3,242,Bothrometopus parvulus,S3:Chown et al. 2007,superscript 64
S3,243,Bothrometopus elongatus,S3:Chown et al. 2007,superscript 64
S3,244,Palirhoeus eatoni,S3:Chown et al. 2007,superscript 68
S3,245,Lixus bisulcatus,S3:Chown et al. 2007,superscript 16
S3,246,Rhynchaenus flagellum,S3:Chown et al. 2007,superscript 49
S3,247,Rhytonomus isobellina,S3:Chown et al. 2007,superscript 54
S3,248,Hypera postica,S3:Chown et al. 2007,superscript 69
S3,249,Canonopsis sericeus,S3:Chown et al. 2007,superscript 64
S3,250,Unknown genus,S3:20,superscript 20 (green row: added by Makarieva et al. to the Chown et al. 2007 set)
S3,251,Unknown genus,S3:16,superscript 16 (green row: added by Makarieva et al. to the Chown et al. 2007 set)
S3,252,Unknown genus,S3:16,superscript 16 (green row: added by Makarieva et al. to the Chown et al. 2007 set)
S3,253,Cerotalis sp.,S3:Chown et al. 2007,superscript 57
S3,254,Chilanthia cavernosa,S3:Chown et al. 2007,superscript 53
S3,255,Thermophilum babaulti,S3:Chown et al. 2007,superscript 53
S3,256,Thermophilum hexastictum,S3:Chown et al. 2007,superscript 53
S3,257,Triaenogeius scupturatus,S3:Chown et al. 2007,superscript 53
S3,258,Anthia fabricii,S3:Chown et al. 2007,superscript 70
S3,259,Cypholoba bihamata,S3:Chown et al. 2007,superscript 53
S3,260,Cypholoba chanleri,S3:Chown et al. 2007,superscript 53
S3,261,Cypholoba sp.,S3:Chown et al. 2007,superscript 53
S3,262,Cypholoba tenuicollis,S3:Chown et al. 2007,superscript 53
S3,263,Cypholoba tetrastigma,S3:Chown et al. 2007,superscript 53
S3,264,Cypholoba trilunata,S3:Chown et al. 2007,superscript 53
S3,265,Amara quenseli,S3:Chown et al. 2007,superscript 49
S3,266,Evarthrus sodalis,S3:Chown et al. 2007,superscript 11
S3,267,Carinum sp.,S3:Chown et al. 2007,superscript 57
S3,268,Crepidogaster bioculata,S3:Chown et al. 2007,superscript 53
S3,269,Sphaeroderus stenostomus,S3:Chown et al. 2007,superscript 11
S3,270,Calosoma affine,S3:Chown et al. 2007,superscript 7
S3,271,Calosoma sp.,S3:Chown et al. 2007,superscript 20
S3,272,Campalita chlorostictum,S3:Chown et al. 2007,superscript 53
S3,273,Unknown genus,S3:16,superscript 16 (green row: added by Makarieva et al. to the Chown et al. 2007 set)
S3,274,Cicindela longilabris,S3:Chown et al. 2007,superscript 71
S3,275,Cicindela repanda,S3:Chown et al. 2007,superscript 72
S3,276,Paractora dreuxi,S3:Chown et al. 2007,superscript 73
S3,277,Paractora trichosterna,S3:Chown et al. 2007,superscript 73
S3,278,Antrops truncipennis,S3:Chown et al. 2007,superscript 73
S3,279,Drosophila americana,S3:Chown et al. 2007,superscript 74
S3,280,Drosophila melanogaster,S3:Chown et al. 2007,superscript 75
S3,281,Drosophila mimica,S3:Chown et al. 2007,superscript 75
S3,282,Drosophila nikananu,S3:Chown et al. 2007,superscript 75
S3,283,Drosophila repleta,S3:Chown et al. 2007,superscript 76
S3,284,Drosophila virilis,S3:Chown et al. 2007,superscript 75
S3,285,Glossina morsitans,S3:Chown et al. 2007,superscript 77
S3,286,Glossina pallidipes,S3:Chown et al. 2007,superscript 78
S3,287,Musca autumnalis,S3:Chown et al. 2007,superscript 79
S3,288,Musca domestica,S3:Chown et al. 2007,superscript 80
S3,289,Phormia regina,S3:Chown et al. 2007,superscript 81
S3,290,Protophormia terraenovae,S3:Chown et al. 2007,superscript 82
S3,291,Pilica formidolosa,S3:Chown et al. 2007,superscript 83
S3,292,Promachus sp.,S3:Chown et al. 2007,superscript 83
S3,293,Tabanus affinis,S3:Chown et al. 2007,superscript 84
S3,294,Pantophthalmus tabaninus,S3:Chown et al. 2007,superscript 85
S3,295,Simulium venustum,S3:Chown et al. 2007,superscript 84
S3,296,Chironomus riparius,S3:Chown et al. 2007,superscript 86
S3,297,Aedes campestris,S3:Chown et al. 2007,superscript 84
S3,298,Culex tarsalis,S3:Chown et al. 2007,superscript 87
S3,299,Xenopsilla ramesis,S3:Chown et al. 2007,superscript 88
S3,300,Vanessa io,S3:Chown et al. 2007,superscript 30
S3,301,Thais cassandra,S3:Chown et al. 2007,superscript 30
S3,302,Apetaloides firmiana,S3:Chown et al. 2007,superscript 89
S3,303,Hapigia simplex,S3:Chown et al. 2007,superscript 89
S3,304,Lirimiris sp.,S3:Chown et al. 2007,superscript 89
S3,305,Mamestra configurata,S3:Chown et al. 2007,superscript 90
S3,306,Bombyx mori,S3:Chown et al. 2007,superscript 30
S3,307,Deilephila elpenor,S3:Chown et al. 2007,superscript 30
S3,308,Deilephila euphorbiae,S3:Chown et al. 2007,superscript 30
S3,309,Xylophanes chiron,S3:Chown et al. 2007,superscript 89
S3,310,Xylophanes libya,S3:Chown et al. 2007,superscript 89
S3,311,Xylophanes pluto,S3:Chown et al. 2007,superscript 89
S3,312,Enyo ocypete,S3:Chown et al. 2007,superscript 89
S3,313,Erinnyis ello,S3:Chown et al. 2007,superscript 89
S3,314,Erinnyis oenotrus,S3:Chown et al. 2007,superscript 89
S3,315,Madoryx oeclus,S3:Chown et al. 2007,superscript 89
S3,316,Oryba achemenides,S3:Chown et al. 2007,superscript 89
S3,317,Pachygonia drucei,S3:Chown et al. 2007,superscript 89
S3,318,Pachylia ficus,S3:Chown et al. 2007,superscript 89
S3,319,Perigonia lusca,S3:Chown et al. 2007,superscript 89
S3,320,Metopsilus porcellus,S3:Chown et al. 2007,superscript 30
S3,321,Mimas tiliae,S3:Chown et al. 2007,superscript 30
S3,322,Protambulyx strigilis,S3:Chown et al. 2007,superscript 89
S3,323,Manduca corallina,S3:Chown et al. 2007,superscript 89
S3,324,Manduca lefeburei,S3:Chown et al. 2007,superscript 89
S3,325,Manduca rustica,S3:Chown et al. 2007,superscript 89
S3,326,Sphinx ligustri,S3:Chown et al. 2007,superscript 30
S3,327,Adeloneivaia boisduvalii,S3:Chown et al. 2007,superscript 89
S3,328,Adeloneivaia subungulata,S3:Chown et al. 2007,superscript 89
S3,329,Eacles imperialis,S3:Chown et al. 2007,superscript 89
S3,330,Sphingicampa quadrilineata,S3:Chown et al. 2007,superscript 89
S3,331,Syssphinx molina,S3:Chown et al. 2007,superscript 89
S3,332,Antheraea pernyi,S3:Chown et al. 2007,superscript 30
S3,333,Automerina auletes,S3:Chown et al. 2007,superscript 89
S3,334,Automeris fieldi,S3:Chown et al. 2007,superscript 89
S3,335,Automeris hamata,S3:Chown et al. 2007,superscript 89
S3,336,Automeris jacunda,S3:Chown et al. 2007,superscript 89
S3,337,Automeris zugana,S3:Chown et al. 2007,superscript 89
S3,338,Dirphea agis,S3:Chown et al. 2007,superscript 89
S3,339,Hylesia praeda,S3:Chown et al. 2007,superscript 89
S3,340,Hylesia sp.,S3:Chown et al. 2007,superscript 89
S3,341,Hyperchirica nausica,S3:Chown et al. 2007,superscript 89
S3,342,Artace sp.,S3:Chown et al. 2007,superscript 89
S3,343,Euglyphis sp.,S3:Chown et al. 2007,superscript 89
S3,344,Odonestis pruni,S3:Chown et al. 2007,superscript 30
S3,345,Galleria mellonella,S3:Chown et al. 2007,superscript 91
S3,346,Ostrinia nubilalis,S3:Chown et al. 2007,superscript 92
S3,347,Neocossus sp.,S3:Chown et al. 2007,superscript 89
S3,348,Megalpyge sp.,S3:Chown et al. 2007,superscript 89
S3,349,Apis mellifera ligustica,S3:Chown et al. 2007,superscript 93
S3,350,Bombus terrestris,S3:Chown et al. 2007,superscript 94
S3,351,Xylocopa capitata,S3:Chown et al. 2007,superscript 95
S3,352,Dasylabris sp.,S3:Chown et al. 2007,superscript 16
S3,353,Dasymutilla gloriosa,S3:Chown et al. 2007,superscript 96
S3,354,Unknown genus,S3:Chown et al. 2007,superscript 20
S3,355,Leptothorax acerovorum,S3:Chown et al. 2007,superscript 97
S3,356,Leptothorax unifasciatus,S3:Chown et al. 2007,superscript 98
S3,357,Atta laevigata,S3:Chown et al. 2007,superscript 99
S3,358,Atta sexdens,S3:Chown et al. 2007,superscript 100
S3,359,Myrmica alaskensis,S3:Chown et al. 2007,superscript 97
S3,360,Myrmica rubra,S3:Chown et al. 2007,superscript 101
S3,361,Pogonomyrmex californicus,S3:Chown et al. 2007,superscript 102
S3,362,Pogonomyrmex maricopa,S3:Chown et al. 2007,superscript 103
S3,363,Pogonomyrmex occidentalis,S3:Chown et al. 2007,superscript 102
S3,364,Pogonomyrmex rugosus,S3:Chown et al. 2007,superscript 102
S3,365,Pogonomyrmex sp.,S3:Chown et al. 2007,superscript 20
S3,366,Aphaenogaster cockerelli,S3:Chown et al. 2007,superscript 97
S3,367,Messor capensis*,S3:Chown et al. 2007,superscript *
S3,368,Messor capitatus,S3:Chown et al. 2007,superscript 104
S3,369,Messor julianus,S3:Chown et al. 2007,superscript 105
S3,370,Messor pergandei,S3:Chown et al. 2007,superscript 105
S3,371,Chelaner rothsteini,S3:Chown et al. 2007,superscript 106
S3,372,Solenopsis invicta,S3:Chown et al. 2007,superscript 107
S3,373,Tetramorium caespitum,S3:Chown et al. 2007,superscript 101
S3,374,Camponotus detritus,S3:Chown et al. 2007,superscript 108
S3,375,Camponotus fulvopilosus,S3:Chown et al. 2007,superscript 109
S3,376,Camponotus laevigatus,S3:Chown et al. 2007,superscript 97
S3,377,Camponotus maculatus*,S3:Chown et al. 2007,superscript *
S3,378,Camponotus sericeiventris,S3:Chown et al. 2007,superscript 110
S3,379,Camponotus sp.,S3:Chown et al. 2007,superscript 97
S3,380,Camponotus vafer,S3:Chown et al. 2007,superscript 97
S3,381,Camponotus vicinus,S3:Chown et al. 2007,superscript 111
S3,382,Cataglyphis bicolor,S3:Chown et al. 2007,superscript 112
S3,383,Formica exsecta,S3:Chown et al. 2007,superscript 101
S3,384,Formica fusca var. subaenescens,S3:Chown et al. 2007,superscript 97 (no Chown_etal_2007 row with this species and mass)
S3,385,Formica fusca,S3:101,superscript 101 (green row: added by Makarieva et al. to the Chown et al. 2007 set)
S3,386,Formica occulta,S3:Chown et al. 2007,superscript 97
S3,387,Formica pratensis,S3:Chown et al. 2007,superscript 101
S3,388,Lasius alienus,S3:Chown et al. 2007,superscript 101
S3,389,Lasius flavus,S3:Chown et al. 2007,superscript 101
S3,390,Lasius niger,S3:Chown et al. 2007,superscript 101
S3,391,Lasius sitiens,S3:Chown et al. 2007,superscript 97
S3,392,Forelius foetidus,S3:Chown et al. 2007,superscript 97
S3,393,Anoplolepis steinergroeveri*,S3:Chown et al. 2007,superscript *
S3,394,Leptogenys attenuata,S3:Chown et al. 2007,superscript 113
S3,395,Leptogenys nitida,S3:Chown et al. 2007,superscript 113
S3,396,Leptogenys schwabi,S3:Chown et al. 2007,superscript 113
S3,397,Paraponera clavata,S3:Chown et al. 2007,superscript 114
S3,398,Eciton hamatum,S3:Chown et al. 2007,superscript 115
S3,399,Ponaria sp.,S3:39,superscript 39 (green row: added by Makarieva et al. to the Chown et al. 2007 set)
S3,400,Unknown genus,S3:Chown et al. 2007,superscript 20
S3,401,Unknown genus,S3:Chown et al. 2007,superscript 20
S3,402,Unknown genus,S3:16,superscript 16 (green row: added by Makarieva et al. to the Chown et al. 2007 set)
S4,1,Acartia clausi,S4:Nival et al. 1972,Nival et al. 1972
S4,2,Acartia clausi,S4:Conover 1960,Conover 1960
S4,3,Acartia clausi,S4:Ikeda et al. 2001,Ikeda et al. 2001
S4,4,Acartia clausi,S4:Conover 1960,Conover 1960
S4,5,Acartia clausi,S4:Conover 1960,Conover 1960
S4,6,Acartia clausi,S4:Conover 1960,Conover 1960
S4,7,Acartia clausi,S4:Conover 1960,Conover 1960
S4,8,Acartia clausi,S4:Conover 1960,Conover 1960
S4,9,Acartia latisetosa,S4:Pavlova 1961,Pavlova 1961
S4,10,Acartia longiremis,S4:Ikeda et al. 2001,Ikeda et al. 2001
S4,11,Acartia pacifica,S4:Ikeda et al. 2001,Ikeda et al. 2001
S4,12,Acartia tonsa,S4:Ikeda et al. 2001,Ikeda et al. 2001
S4,13,Arietellus cf.,S4:Thuesen et al. 1998,Thuesen et al. 1998
S4,14,Bathycalanus bradyi,S4:Childress 1975,Childress 1975
S4,15,Bathycalanus bradyi,S4:Thuesen et al. 1998,Thuesen et al. 1998
S4,16,Bathycalanus bradyi,S4:Childress 1975,Childress 1975
S4,17,Bathycalanus bradyi,S4:Thuesen et al. 1998,Thuesen et al. 1998
S4,18,Bathycalanus bradyi,S4:Thuesen et al. 1998,Thuesen et al. 1998
S4,19,Bathycalanus princeps,S4:Childress 1975,Childress 1975
S4,20,Bathycalanus princeps,S4:Childress 1975,Childress 1975
S4,21,Bathycalanus richard,S4:Thuesen et al. 1998,Thuesen et al. 1998
S4,22,Bathycalanus richardi,S4:Thuesen et al. 1998,Thuesen et al. 1998
S4,23,Bathycalanus richardi,S4:Thuesen et al. 1998,Thuesen et al. 1998
S4,24,Bathycalanus sp.,S4:Conover 1960,Conover 1960
S4,25,Bathycalanus sp.,S4:Thuesen et al. 1998,Thuesen et al. 1998
S4,26,Calanoides acutus,S4:Kawall et al. 2001,Kawall et al. 2001
S4,27,Calanoides acutus,S4:Ikeda et al. 2001,Ikeda et al. 2001
S4,28,Calanoides acutus,S4:Ikeda et al. 2001,Ikeda et al. 2001
S4,29,Calanopia elliptica,S4:Ikeda et al. 2001,Ikeda et al. 2001
S4,30,Calanus cristatus,S4:Ikeda 1971,Ikeda 1971
S4,31,Calanus cristatus,S4:Ikeda 1971,Ikeda 1971
S4,32,Calanus cristatus,S4:Ikeda 1971,Ikeda 1971
S4,33,Calanus cristatus,S4:Ikeda 1971,Ikeda 1971
S4,34,Calanus cristatus,S4:Ikeda 1971,Ikeda 1971
S4,35,Calanus cristatus,S4:Ikeda 1971,Ikeda 1971
S4,36,Calanus finmarchicus,S4:Conover 1960,Conover 1960
S4,37,Calanus finmarchicus,S4:Conover 1960,Conover 1960
S4,38,Calanus finmarchicus,S4:Ikeda & Skjoldal 1989,Ikeda & Skjoldal 1989
S4,39,Calanus glacialis,S4:Ikeda & Skjoldal 1989,Ikeda & Skjoldal 1989
S4,40,Calanus glacialis,S4:Ikeda & Skjoldal 1989,Ikeda & Skjoldal 1989
S4,41,Calanus helgolandicus,S4:Nival et al. 1972,Nival et al. 1972
S4,42,Calanus helgolandicus,S4:Nival et al. 1972,Nival et al. 1972
S4,43,Calanus hyperboreus,S4:Conover 1960,Conover 1960
S4,44,Calanus hyperboreus,S4:Conover 1960,Conover 1960
S4,45,Calanus hyperboreus,S4:Conover 1960,Conover 1960
S4,46,Calanus hyperboreus,S4:Ikeda & Skjoldal 1989,Ikeda & Skjoldal 1989
S4,47,Calanus hyperboreus,S4:Ikeda & Skjoldal 1989,Ikeda & Skjoldal 1989
S4,48,Calanus hyperboreus,S4:Ikeda & Skjoldal 1989,Ikeda & Skjoldal 1989
S4,49,Calanus pacificus,S4:Ikeda 1970,Ikeda 1970
S4,50,Calanus propinquus,S4:Kawall et al. 2001,Kawall et al. 2001
S4,51,Calanus propinquus,S4:Ikeda & Mitchell 1982,Ikeda & Mitchell 1982
S4,52,Calanus propinquus,S4:Ikeda 1988,Ikeda 1988
S4,53,Calanus propinquus,S4:Ikeda & Mitchell 1982,Ikeda & Mitchell 1982
S4,54,Calanus tonsus,S4:Opalinski 1991,Opalinski 1991
S4,55,Calanus vulgaris,S4:Ikeda 1970,Ikeda 1970
S4,56,Candacia aethiopica,S4:Ikeda 1970,Ikeda 1970
S4,57,Candacia columbiae,S4:Ikeda 1970,Ikeda 1970
S4,58,Candacia columbiae,S4:Ikeda 1970,Ikeda 1970
S4,59,Candacia sp.,S4:Nival et al. 1972,Nival et al. 1972
S4,60,Centropages abdominaris,S4:Ikeda et al. 2001,Ikeda et al. 2001
S4,61,Centropages brachiatus,S4:Ikeda et al. 2001,Ikeda et al. 2001
S4,62,Centropages kroyeri,S4:Pavlova 1961,Pavlova 1961
S4,63,Centropages trispinosus,S4:Rajagopal 1962,Rajagopal 1962
S4,64,Centropages trispinosus,S4:Rajagopal 1962,Rajagopal 1962
S4,65,Clausocalanus furcatus,S4:Pavlova 1975,Pavlova 1975
S4,66,Conchoecia sp.,S4:Pavlova 1975,Pavlova 1975
S4,67,Corycaeus typicus,S4:Nival et al. 1972,Nival et al. 1972
S4,68,Disseta grandis,S4:Thuesen et al. 1998,Thuesen et al. 1998
S4,69,Disseta scopularis,S4:Thuesen et al. 1998,Thuesen et al. 1998
S4,70,Disseta scopularis,S4:Thuesen et al. 1998,Thuesen et al. 1998
S4,71,Euatideus giesbrechti,S4:Pavlova 1975,Pavlova 1975
S4,72,Euaugaptilus antarcticus,S4:Thuesen et al. 1998,Thuesen et al. 1998
S4,73,Euaugaptilus magnus,S4:Thuesen et al. 1998,Thuesen et al. 1998
S4,74,Euaugaptilus nodifrons,S4:Thuesen et al. 1998,Thuesen et al. 1998
S4,75,Eucalanus attenuatus,S4:Nival et al. 1972,Nival et al. 1972
S4,76,Eucalanus attenuatus,S4:Ikeda et al. 2001,Ikeda et al. 2001
S4,77,Eucalanus bungii,S4:Ikeda 1970,Ikeda 1970
S4,78,Eucalanus bungii,S4:Ikeda 1970,Ikeda 1970
S4,79,Eucalanus bungii,S4:Ikeda et al. 2001,Ikeda et al. 2001
S4,80,Eucalanus crassus,S4:Ikeda 1970,Ikeda 1970
S4,81,Eucalanus elongatus,S4:Pavlova 1975,Pavlova 1975
S4,82,Eucalanus elongatus,S4:Nival et al. 1972,Nival et al. 1972
S4,83,Eucalanus marina,S4:Ikeda 1970,Ikeda 1970
S4,84,Eucalanus marina,S4:Ikeda 1970,Ikeda 1970
S4,85,Eucalanus monachus,S4:Ikeda 1970,Ikeda 1970
S4,86,Eucalanus mucronatus,S4:Ikeda 1970,Ikeda 1970
S4,87,Eucalanus subcrassus,S4:Ikeda et al. 2001,Ikeda et al. 2001
S4,88,Eucalanus subcrassus,S4:Rajagopal 1962,Rajagopal 1962
S4,89,Eucalanus subcrassus,S4:Rajagopal 1962,Rajagopal 1962
S4,90,Euchaeta antarctica,S4:Opalinski 1991,Opalinski 1991
S4,91,Euchaeta marina,S4:Ikeda et al. 2001,Ikeda et al. 2001
S4,92,Euchaeta plana,S4:Opalinski 1991,Opalinski 1991
S4,93,Euchaeta plana,S4:Ikeda 1970,Ikeda 1970
S4,94,Euchirella amoena,S4:Ikeda 1970,Ikeda 1970
S4,95,Euchirella bitumida,S4:Thuesen et al. 1998,Thuesen et al. 1998
S4,96,Euchirella bitumida,S4:Thuesen et al. 1998,Thuesen et al. 1998
S4,97,Euchirella maxima,S4:Thuesen et al. 1998,Thuesen et al. 1998
S4,98,Euchirella rostrata,S4:Nival et al. 1972,Nival et al. 1972
S4,99,Euchirella rostrata,S4:Conover 1960,Conover 1960
S4,100,Euchirella rostrata,S4:Conover 1960,Conover 1960
S4,101,Euchirella rostrata,S4:Conover 1960,Conover 1960
S4,102,Euterpina acutifrons,S4:Nival et al. 1972,Nival et al. 1972
S4,103,Gaetanus antarcticus,S4:Thuesen et al. 1998,Thuesen et al. 1998
S4,104,Gaetanus antarcticus,S4:Thuesen et al. 1998,Thuesen et al. 1998
S4,105,Gaetanus kruppi,S4:Thuesen et al. 1998,Thuesen et al. 1998
S4,106,Gaetanus pileatus,S4:Thuesen et al. 1998,Thuesen et al. 1998
S4,107,Gaetanus tenuispinus,S4:Kawall et al. 2001,Kawall et al. 2001
S4,108,Gaussia princeps,S4:Childress 1975,Childress 1975
S4,109,Gaussia princeps,S4:Thuesen et al. 1998,Thuesen et al. 1998
S4,110,Gaussia princeps,S4:Childress 1975,Childress 1975
S4,111,Gaussia princeps,S4:Thuesen et al. 1998,Thuesen et al. 1998
S4,112,Haloptilus longicornis,S4:Pavlova 1975,Pavlova 1975
S4,113,Haloptilus longicornis,S4:Pavlova 1975,Pavlova 1975
S4,114,Hemirhabdus grimaldii,S4:Thuesen et al. 1998,Thuesen et al. 1998
S4,115,Heterorhabdus farrani,S4:Kawall et al. 2001,Kawall et al. 2001
S4,116,Labidocera acuta,S4:Ikeda et al. 2001,Ikeda et al. 2001
S4,117,Labidocera acuta,S4:Ikeda et al. 2001,Ikeda et al. 2001
S4,118,Labidocera acuta,S4:Ikeda 1970,Ikeda 1970
S4,119,Labidocera detruncata,S4:Ikeda 1970,Ikeda 1970
S4,120,Labidocera jollae,S4:Childress 1975,Childress 1975
S4,121,Labidocera jollae,S4:Childress 1975,Childress 1975
S4,122,Labidocera sp.,S4:Ikeda 1970,Ikeda 1970
S4,123,Landrumius gigas,S4:Thuesen et al. 1998,Thuesen et al. 1998
S4,124,Lucicutia bicornuta,S4:Thuesen et al. 1998,Thuesen et al. 1998
S4,125,Lucicutia flavicornis,S4:Pavlova 1975,Pavlova 1975
S4,126,Lucicutia maxima,S4:Thuesen et al. 1998,Thuesen et al. 1998
S4,127,Lucicutia maxima,S4:Thuesen et al. 1998,Thuesen et al. 1998
S4,128,Lucicutia maxima,S4:Thuesen et al. 1998,Thuesen et al. 1998
S4,129,Megacalanus princeps,S4:Thuesen et al. 1998,Thuesen et al. 1998
S4,130,Megacalanus sp.,S4:Thuesen et al. 1998,Thuesen et al. 1998
S4,131,Megacalanus sp.,S4:Thuesen et al. 1998,Thuesen et al. 1998
S4,132,Megacalanus sp.,S4:Thuesen et al. 1998,Thuesen et al. 1998
S4,133,Megacalanus sp.,S4:Thuesen et al. 1998,Thuesen et al. 1998
S4,134,Megacalanus sp.,S4:Thuesen et al. 1998,Thuesen et al. 1998
S4,135,Megacalanus sp.,S4:Thuesen et al. 1998,Thuesen et al. 1998
S4,136,Mesocalanus tenuicornis,S4:Ikeda et al. 2001,Ikeda et al. 2001
S4,137,Metridia gerlachei,S4:Kawall et al. 2001,Kawall et al. 2001
S4,138,Metridia gerlachei,S4:Ikeda & Mitchell 1982,Ikeda & Mitchell 1982
S4,139,Metridia gerlachei,S4:Ikeda & Mitchell 1982,Ikeda & Mitchell 1982
S4,140,Metridia longa,S4:Ikeda & Skjoldal 1989,Ikeda & Skjoldal 1989
S4,141,Metridia pacifica,S4:Ikeda et al. 2001,Ikeda et al. 2001
S4,142,Metridia pacifica,S4:Ikeda et al. 2001,Ikeda et al. 2001
S4,143,Metridia princeps,S4:Thuesen et al. 1998,Thuesen et al. 1998
S4,144,Metridia princeps,S4:Thuesen et al. 1998,Thuesen et al. 1998
S4,145,Nannocalanus minor,S4:Ikeda et al. 2001,Ikeda et al. 2001
S4,146,Neocalanus cristatus,S4:Ikeda et al. 2004,Ikeda et al. 2004
S4,147,Neocalanus cristatus,S4:Ikeda et al. 2004,Ikeda et al. 2004
S4,148,Neocalanus cristatus,S4:Ikeda et al. 2004,Ikeda et al. 2004
S4,149,Neocalanus cristatus,S4:Ikeda et al. 2004,Ikeda et al. 2004
S4,150,Neocalanus cristatus,S4:Ikeda et al. 2004,Ikeda et al. 2004
S4,151,Neocalanus cristatus,S4:Ikeda et al. 2004,Ikeda et al. 2004
S4,152,Neocalanus cristatus,S4:Ikeda et al. 2004,Ikeda et al. 2004
S4,153,Neocalanus cristatus,S4:Ikeda et al. 2004,Ikeda et al. 2004
S4,154,Neocalanus cristatus,S4:Ikeda et al. 2004,Ikeda et al. 2004
S4,155,Neocalanus cristatus,S4:Ikeda et al. 2004,Ikeda et al. 2004
S4,156,Neocalanus cristatus,S4:Ikeda et al. 2004,Ikeda et al. 2004
S4,157,Neocalanus cristatus,S4:Ikeda et al. 2004,Ikeda et al. 2004
S4,158,Neocalanus cristatus,S4:Ikeda et al. 2004,Ikeda et al. 2004
S4,159,Neocalanus cristatus,S4:Ikeda et al. 2004,Ikeda et al. 2004
S4,160,Neocalanus cristatus,S4:Ikeda et al. 2004,Ikeda et al. 2004
S4,161,Neocalanus cristatus,S4:Ikeda et al. 2004,Ikeda et al. 2004
S4,162,Neocalanus cristatus,S4:Ikeda et al. 2004,Ikeda et al. 2004
S4,163,Neocalanus cristatus,S4:Ikeda et al. 2004,Ikeda et al. 2004
S4,164,Neocalanus cristatus,S4:Ikeda et al. 2001,Ikeda et al. 2001
S4,165,Neocalanus gracilis,S4:Ikeda et al. 2001,Ikeda et al. 2001
S4,166,Neocalanus gracilis,S4:Ikeda 1970,Ikeda 1970
S4,167,Neocalanus plumchrus,S4:Ikeda et al. 2001,Ikeda et al. 2001
S4,168,Neocalanus plumchrus,S4:Ikeda et al. 2001,Ikeda et al. 2001
S4,169,Neocalanus plumchrus,S4:Ikeda et al. 2001,Ikeda et al. 2001
S4,170,Oithona davisae,S4:Castellani et al. 2005,Castellani et al. 2005
S4,171,Oithona minuta,S4:Pavlova 1961,Pavlova 1961
S4,172,Oithona nana,S4:Castellani et al. 2005,Castellani et al. 2005
S4,173,Oithona plumifera,S4:Castellani et al. 2005,Castellani et al. 2005
S4,174,Oithona setigera,S4:Castellani et al. 2005,Castellani et al. 2005
S4,175,Oithona similis,S4:Castellani et al. 2005,Castellani et al. 2005
S4,176,Oithona similis,S4:Castellani et al. 2005,Castellani et al. 2005
S4,177,Oithona tenuis,S4:Castellani et al. 2005,Castellani et al. 2005
S4,178,Oncaea conifera,S4:Pavlova 1975,Pavlova 1975
S4,179,Oncaea mediterranea,S4:Pavlova 1975,Pavlova 1975
S4,180,Onchocalanus magnus,S4:Thuesen et al. 1998,Thuesen et al. 1998
S4,181,Pachyptilus pacificus,S4:Thuesen et al. 1998,Thuesen et al. 1998
S4,182,Pachyptilus pacificus,S4:Thuesen et al. 1998,Thuesen et al. 1998
S4,183,Paracalanus parvus,S4:Ikeda et al. 2001,Ikeda et al. 2001
S4,184,Paraeuchaeta antarctica,S4:Kawall et al. 2001,Kawall et al. 2001
S4,185,Paraeuchaeta birostrata,S4:Thuesen et al. 1998,Thuesen et al. 1998
S4,186,Paraeuchaeta birostrata,S4:Thuesen et al. 1998,Thuesen et al. 1998
S4,187,Paraeuchaeta brevicauda,S4:Thuesen et al. 1998,Thuesen et al. 1998
S4,188,Paraeuchaeta californica,S4:Thuesen et al. 1998,Thuesen et al. 1998
S4,189,Paraeuchaeta japonica,S4:Ikeda 1970,Ikeda 1970
S4,190,Paraeuchaeta norvegica,S4:Conover 1960,Conover 1960
S4,191,Paraeuchaeta norvegica,S4:Conover 1960,Conover 1960
S4,192,Paraeuchaeta norvegica,S4:Conover 1960,Conover 1960
S4,193,Paraeuchaeta rubra,S4:Thuesen et al. 1998,Thuesen et al. 1998
S4,194,Paraeuchaeta rubra,S4:Ikeda et al. 2004,Ikeda et al. 2004
S4,195,Paraeuchaeta sesquipedalis,S4:Thuesen et al. 1998,Thuesen et al. 1998
S4,196,Paraeuchaeta sp.,S4:Opalinski 1991,Opalinski 1991
S4,197,Paraeuchaeta tonsa,S4:Thuesen et al. 1998,Thuesen et al. 1998
S4,198,Pleuromamma abdominalis,S4:Pavlova 1975,Pavlova 1975
S4,199,Pleuromamma abdominalis,S4:Nival et al. 1972,Nival et al. 1972
S4,200,Pleuromamma abdominalis,S4:Pavlova 1975,Pavlova 1975
S4,201,Pleuromamma gracilis,S4:Pavlova 1975,Pavlova 1975
S4,202,Pleuromamma gracilis,S4:Nival et al. 1972,Nival et al. 1972
S4,203,Pleuromamma robusta,S4:Conover 1960,Conover 1960
S4,204,Pleuromamma robusta,S4:Conover 1960,Conover 1960
S4,205,Pontella danae,S4:Ikeda et al. 2001,Ikeda et al. 2001
S4,206,Pontella sp.,S4:Nival et al. 1972,Nival et al. 1972
S4,207,Pseudocalanus elongatus,S4:Pavlova 1961,Pavlova 1961
S4,208,Pseudocalanus elongatus,S4:Ikeda et al. 2001,Ikeda et al. 2001
S4,209,Pseudocalanus elongatus,S4:Ikeda 1970,Ikeda 1970
S4,210,Pseudochirella polyspina,S4:Thuesen et al. 1998,Thuesen et al. 1998
S4,211,Pseudodiaptomus marinus,S4:Ikeda et al. 2001,Ikeda et al. 2001
S4,212,Rhincalanus gigas,S4:Kawall et al. 2001,Kawall et al. 2001
S4,213,Rhincalanus gigas,S4:Ikeda et al. 2001,Ikeda et al. 2001
S4,214,Rhincalanus nasutus,S4:Opalinski 1991,Opalinski 1991
S4,215,Rhincalanus nasutus,S4:Opalinski 1991,Opalinski 1991
S4,216,Rhincalanus nasutus,S4:Opalinski 1991,Opalinski 1991
S4,217,Rhincalanus nasutus,S4:Conover 1960,Conover 1960
S4,218,Rhincalanus nasutus,S4:Conover 1960,Conover 1960
S4,219,Rhincalanus nasutus,S4:Conover 1960,Conover 1960
S4,220,Sapphirina gemma,S4:Ikeda 1970,Ikeda 1970
S4,221,Sapphirina gemma,S4:Ikeda 1970,Ikeda 1970
S4,222,Scolecithrix danae,S4:Pavlova 1975,Pavlova 1975
S4,223,Temora longicornis,S4:Rajagopal 1962,Rajagopal 1962
S4,224,Tortanus discaudatus,S4:Ikeda et al. 2001,Ikeda et al. 2001
S4,225,Tortanus discaudatus,S4:Ikeda 1970,Ikeda 1970
S4,226,Tortanus gracilis,S4:Ikeda et al. 2001,Ikeda et al. 2001
S4,227,Undinula vulgaris,S4:Ikeda et al. 2001,Ikeda et al. 2001
S4,228,Undinula vulgaris,S4:Ikeda et al. 2001,Ikeda et al. 2001
S4,229,Valdiviella oligartha,S4:Thuesen et al. 1998,Thuesen et al. 1998
S4,230,Euphausia crystallorophias,S4:Opalinski 1991,Opalinski 1991
S4,231,Euphausia crystallorophias,S4:Opalinski 1991,Opalinski 1991
S4,232,Euphausia crystallorophias,S4:Opalinski 1991,Opalinski 1991
S4,233,Euphausia crystallorophias,S4:Opalinski 1991,Opalinski 1991
S4,234,Euphausia crystallorophias,S4:Opalinski 1991,Opalinski 1991
S4,235,Euphausia crystallorophias,S4:Opalinski 1991,Opalinski 1991
S4,236,Euphausia crystallorophias,S4:Opalinski 1991,Opalinski 1991
S4,237,Euphausia mutica,S4:Ikeda 1970,Ikeda 1970
S4,238,Euphausia pacifica,S4:Childress 1975,Childress 1975
S4,239,Euphausia pacifica,S4:Ikeda 1970,Ikeda 1970
S4,240,Euphausia pacifica,S4:Childress 1975,Childress 1975
S4,241,Euphausia superba,S4:Ikeda 1988,Ikeda 1988
S4,242,Euphausia superba,S4:Ikeda 1988,Ikeda 1988
S4,243,Euphausia superba,S4:Ikeda 1988,Ikeda 1988
S4,244,Euphausia superba,S4:Ikeda 1988,Ikeda 1988
S4,245,Euphausia superba,S4:Ikeda 1988,Ikeda 1988
S4,246,Euphausia tricantha,S4:Ikeda 1988,Ikeda 1988
S4,247,Thysanoessa inermis,S4:Ikeda & Skjoldal 1989,Ikeda & Skjoldal 1989
S4,248,Thysanoessa inermis,S4:Ikeda & Skjoldal 1989,Ikeda & Skjoldal 1989
S4,249,Thysanoessa inermis,S4:Ikeda 1970,Ikeda 1970
S4,250,Thysanoessa macrura,S4:Opalinski 1991,Opalinski 1991
S4,251,Thysanoessa macrura,S4:Opalinski 1991,Opalinski 1991
S4,252,Thysanoessa macrura,S4:Opalinski 1991,Opalinski 1991
S4,253,Thysanoessa macrura,S4:Opalinski 1991,Opalinski 1991
S4,254,Thysanoessa macrura,S4:Opalinski 1991,Opalinski 1991
S4,255,Thysanoessa macrura,S4:Opalinski 1991,Opalinski 1991
S4,256,Thysanoessa macrura,S4:Opalinski 1991,Opalinski 1991
S4,257,Thysanoessa raschii,S4:Ikeda 1970,Ikeda 1970
S4,258,Thysanoessa raschii,S4:Ikeda 1970,Ikeda 1970
S4,259,Thysanoessa raschii,S4:Ikeda 1970,Ikeda 1970
S4,260,Thysanopoda cornuta,S4:Cowles et al. 1991,Cowles et al. 1991
S4,261,Daphnia ambigua,S4:Armitage & Lei 1979,Armitage & Lei 1979
S4,262,Daphnia ambigua,S4:Armitage & Lei 1979,Armitage & Lei 1979
S4,263,Daphnia ambigua,S4:Armitage & Lei 1979,Armitage & Lei 1979
S4,264,Daphnia ambigua,S4:Armitage & Lei 1979,Armitage & Lei 1979
S4,265,Daphnia ambigua,S4:Armitage & Lei 1979,Armitage & Lei 1979
S4,266,Daphnia ambigua,S4:Armitage & Lei 1979,Armitage & Lei 1979
S4,267,Daphnia ambigua,S4:Armitage & Lei 1979,Armitage & Lei 1979
S4,268,Daphnia ambigua,S4:Armitage & Lei 1979,Armitage & Lei 1979
S4,269,Daphnia ambigua,S4:Armitage & Lei 1979,Armitage & Lei 1979
S4,270,Daphnia ambigua,S4:Armitage & Lei 1979,Armitage & Lei 1979
S4,271,Daphnia ambigua,S4:Armitage & Lei 1979,Armitage & Lei 1979
S4,272,Daphnia ambigua,S4:Armitage & Lei 1979,Armitage & Lei 1979
S4,273,Daphnia ambigua,S4:Armitage & Lei 1979,Armitage & Lei 1979
S4,274,Daphnia ambigua,S4:Armitage & Lei 1979,Armitage & Lei 1979
S4,275,Daphnia ambigua,S4:Armitage & Lei 1979,Armitage & Lei 1979
S4,276,Daphnia ambigua,S4:Armitage & Lei 1979,Armitage & Lei 1979
S4,277,Daphnia ambigua,S4:Armitage & Lei 1979,Armitage & Lei 1979
S4,278,Daphnia ambigua,S4:Armitage & Lei 1979,Armitage & Lei 1979
S4,279,Daphnia magma,S4:Schindler 1968,Schindler 1968
S4,280,Daphnia magma,S4:Goss & Bunting 1980,Goss & Bunting 1980
S4,281,Daphnia magma,S4:Schindler 1968,Schindler 1968
S4,282,Daphnia magma,S4:Schindler 1968,Schindler 1968
S4,283,Daphnia magma,S4:Goss & Bunting 1980,Goss & Bunting 1980
S4,284,Daphnia magma,S4:Goss & Bunting 1980,Goss & Bunting 1980
S4,285,Daphnia magma,S4:Goss & Bunting 1980,Goss & Bunting 1980
S4,286,Daphnia magma,S4:Goss & Bunting 1980,Goss & Bunting 1980
S4,287,Daphnia pulex,S4:Goss & Bunting 1980,Goss & Bunting 1980
S4,288,Daphnia pulex,S4:Goss & Bunting 1980,Goss & Bunting 1980
S4,289,Daphnia pulex,S4:Ikeda 1970,Ikeda 1970
S4,290,Daphnia pulex,S4:Goss & Bunting 1980,Goss & Bunting 1980
S4,291,Daphnia pulex,S4:Goss & Bunting 1980,Goss & Bunting 1980
S4,292,Daphnia pulex,S4:Goss & Bunting 1980,Goss & Bunting 1980
S4,293,Daphnia pulex,S4:Goss & Bunting 1980,Goss & Bunting 1980
S4,294,Daphnia pulex,S4:Ikeda 1970,Ikeda 1970
S4,295,Penilia avirostris,S4:Pavlova 1961,Pavlova 1961
S4,296,Podon polyphemoides,S4:Pavlova 1961,Pavlova 1961
S4,297,Polyartemia forcipata,S4:Ivanova & Korobtsova 1974,Ivanova & Korobtsova 1974
S4,298,Triops cancriformis,S4:Tscherbakov & Muragina 1953,Tscherbakov & Muragina 1953
S4,299,Triops cancriformis,S4:Tscherbakov & Muragina 1953,Tscherbakov & Muragina 1953
S4,300,Triops cancriformis,S4:Tscherbakov & Muragina 1953,Tscherbakov & Muragina 1953
S4,301,Triops cancriformis,S4:Tscherbakov & Muragina 1953,Tscherbakov & Muragina 1953
S4,302,Triops cancriformis,S4:Tscherbakov & Muragina 1953,Tscherbakov & Muragina 1953
S4,303,Balanus balanoides,S4:Barnes & Barnes 1969,Barnes & Barnes 1969
S4,304,Balanus balanoides,S4:Barnes & Barnes 1969,Barnes & Barnes 1969
S4,305,Balanus balanoides,S4:Barnes & Barnes 1969,Barnes & Barnes 1969
S4,306,Balanus balanoides,S4:Barnes & Barnes 1969,Barnes & Barnes 1969
S4,307,Balanus balanus,S4:Barnes & Barnes 1969,Barnes & Barnes 1969
S4,308,Balanus balanus,S4:Barnes & Barnes 1969,Barnes & Barnes 1969
S4,309,Balanus balanus,S4:Barnes & Barnes 1969,Barnes & Barnes 1969
S4,310,Balanus balanus,S4:Barnes & Barnes 1969,Barnes & Barnes 1969
S4,311,Balanus balanus,S4:Barnes & Barnes 1969,Barnes & Barnes 1969
S4,312,Balanus balanus,S4:Barnes & Barnes 1969,Barnes & Barnes 1969
S4,313,Balanus balanus,S4:Barnes & Barnes 1969,Barnes & Barnes 1969
S4,314,Balanus balanus,S4:Barnes & Barnes 1969,Barnes & Barnes 1969
S4,315,Aega sp.,S4:Ikeda 1970,Ikeda 1970
S4,316,Antarctomysis maxima,S4:Opalinski 1991,Opalinski 1991
S4,317,Anuropus bathypelagicus,S4:Childress 1975,Childress 1975
S4,318,Anuropus bathypelagicus,S4:Childress 1975,Childress 1975
S4,319,Archaeomysis grebnitzkii,S4:Jawed 1973,Jawed 1973
S4,320,Archaeomysis grebnitzkii,S4:Jawed 1973,Jawed 1973
S4,321,Archaeomysis grebnitzkii,S4:Jawed 1973,Jawed 1973
S4,322,Archaeomysis grebnitzkii,S4:Jawed 1973,Jawed 1973
S4,323,Archaeomysis grebnitzkii,S4:Jawed 1973,Jawed 1973
S4,324,Archaeomysis grebnitzkii,S4:Jawed 1973,Jawed 1973
S4,325,Archaeomysis grebnitzkii,S4:Jawed 1973,Jawed 1973
S4,326,Archaeomysis grebnitzkii,S4:Jawed 1973,Jawed 1973
S4,327,Archaeomysis grebnitzkii,S4:Jawed 1973,Jawed 1973
S4,328,Armadillidium nasatum,S4:Reiche 1968,Reichle 1968
S4,329,Armadillidium pallasii,S4:Byzova 1973,Byzova 1973
S4,330,Armadillidium pallasii,S4:Byzova 1973; S4:Müller 1943,Byzova 1973 (data of Müller 1943)
S4,331,Armadillidium pallasii,S4:Byzova 1973; S4:Müller 1943,Byzova 1973 (data of Müller 1943)
S4,332,Armadillidium pallasii,S4:Byzova 1973; S4:Müller 1943,Byzova 1973 (data of Müller 1943)
S4,333,Armadillidium pallasii,S4:Byzova 1973; S4:Müller 1943,Byzova 1973 (data of Müller 1943)
S4,334,Armadillidium pallasii,S4:Byzova 1973,Byzova 1973
S4,335,Armadillidium pallasii,S4:Byzova 1973; S4:Müller 1943,Byzova 1973 (data of Müller 1943)
S4,336,Armadillidium pallasii,S4:Byzova 1973; S4:Müller 1943,Byzova 1973 (data of Müller 1943)
S4,337,Armadillidium pallasii,S4:Byzova 1973,Byzova 1973
S4,338,Armadillidium pallasii,S4:Byzova 1973,Byzova 1973
S4,339,Armadillidium pallasii,S4:Byzova 1973,Byzova 1973
S4,340,Armadillidium pallasii,S4:Byzova 1973,Byzova 1973
S4,341,Armadillidium pallasii,S4:Byzova 1973,Byzova 1973
S4,342,Armadillidium vulgare,S4:Byzova 1973; S4:Reiche 1968,Byzova 1973 (data of Reichle 1968)
S4,343,Armadillidium vulgare,S4:Byzova 1973; S4:Edney 1964,Byzova 1973 (data of Edney 1964)
S4,344,Armadillidium vulgare,S4:Byzova 1973; S4:Reiche 1968,Byzova 1973 (data of Reichle 1968)
S4,345,Armadillidium vulgare,S4:Byzova 1973; S4:Engelmann 1961,Byzova 1973 (data of Engelmann 1961)
S4,346,Armadillidium vulgare,S4:Byzova 1973; S4:Edney & Spencer 1955,Byzova 1973 (data of Edney & Spencer 1956)
S4,347,Asellus aquaticus,S4:Simčič & Brancelj 2006,Simčič & Brancelj 2006
S4,348,Bathyporeia pelgica,S4:Fish & Preece 1970,Fish & Preece 1970
S4,349,Bathyporeia pelgica,S4:Fish & Preece 1970,Fish & Preece 1970
S4,350,Bathyporeia pelgica,S4:Fish & Preece 1970,Fish & Preece 1970
S4,351,Bathyporeia pelgica,S4:Fish & Preece 1970,Fish & Preece 1970
S4,352,Bathyporeia pilosa,S4:Fish & Preece 1970,Fish & Preece 1970
S4,353,Bathyporeia pilosa,S4:Fish & Preece 1970,Fish & Preece 1970
S4,354,Bathyporeia pilosa,S4:Fish & Preece 1970,Fish & Preece 1970
S4,355,Bathyporeia pilosa,S4:Fish & Preece 1970,Fish & Preece 1970
S4,356,Bathyporeia pilosa,S4:Fish & Preece 1970,Fish & Preece 1970
S4,357,Boreomysis californica,S4:Childress 1975,Childress 1975
S4,358,Boreomysis californica,S4:Childress 1975,Childress 1975
S4,359,Bovallia gigantea,S4:Opalinski 1991,Opalinski 1991
S4,360,Brachyscelus latipes,S4:Ikeda 1970,Ikeda 1970
S4,361,Byblis securiger,S4:Opalinski 1991,Opalinski 1991
S4,362,Cylisticus convexus,S4:Reiche 1968,Reiche 1968
S4,363,Cyphocaris richardi,S4:Opalinski 1991,Opalinski 1991
S4,364,Cyphocaris sp,S4:Ikeda 1988,Ikeda 1988
S4,365,Diastylis sp.,S4:Ikeda 1970,Ikeda 1970
S4,366,Dikerogammarus haemobaphes,S4:Kititsina 1980,Kititsina 1980
S4,367,Djerboa furcipes,S4:Opalinski 1991,Opalinski 1991
S4,368,Eurymera monticulosa,S4:Opalinski 1991,Opalinski 1991
S4,369,Eurythenes gryllus,S4:Opalinski 1991,Opalinski 1991
S4,370,Eusirus perdentatus,S4:Opalinski 1991,Opalinski 1991
S4,371,Euthemisto compressa,S4:Conover 1960,Conover 1960
S4,372,Euthemisto compressa,S4:Conover 1960,Conover 1960
S4,373,Euthemisto compressa,S4:Conover 1960,Conover 1960
S4,374,Euthemisto libellula,S4:Ikeda & Skjoldal 1989,Ikeda & Skjoldal 1989
S4,375,Euthemisto libellula,S4:Ikeda 1970,Ikeda 1970
S4,376,Euthemisto libellula,S4:Ikeda 1970,Ikeda 1970
S4,377,Gammarus duebeni,S4:Bulnheim 1979,Bulnheim 1979
S4,378,Gammarus fossarum,S4:Simčič & Brancelj 2006,Simčič & Brancelj 2006
S4,379,Gammarus locusta,S4:Ivlev & Sutschenya 1961,Ivlev & Sutschenya 1961
S4,380,Gammarus locusta,S4:Ivlev & Sutschenya 1961,Ivlev & Sutschenya 1961
S4,381,Gammarus locusta,S4:Bulnheim 1979,Bulnheim 1979
S4,382,Gammarus oceanicus,S4:Bulnheim 1979,Bulnheim 1979
S4,383,Gammarus salinus,S4:Bulnheim 1979,Bulnheim 1979
S4,384,Gammarus zaddachi,S4:Bulnheim 1979,Bulnheim 1979
S4,385,Glyptonotus antarcticus,S4:Robertson et al. 2003,Robertson et al. 2003
S4,386,Gnathophausia gigas,S4:Cowles et al. 1991,Cowles et al. 1991
S4,387,Gnathophausia gigas,S4:Childress 1975,Childress 1975
S4,388,Gnathophausia gigas,S4:Ikeda 1988,Ikeda 1988
S4,389,Gnathophausia gigas,S4:Childress 1975,Childress 1975
S4,390,Gnathophausia gracilis,S4:Childress 1975,Childress 1975
S4,391,Gnathophausia gracilis,S4:Cowles et al. 1991,Cowles et al. 1991
S4,392,Gnathophausia gracilis,S4:Childress 1975,Childress 1975
S4,393,Gnathophausia ingens,S4:Childress 1975,Childress 1975
S4,394,Gnathophausia ingens,S4:Childress 1975,Childress 1975
S4,395,Gnathophausia ingens,S4:Cowles et al. 1991,Cowles et al. 1991
S4,396,Gnathophausia ingens,S4:Cowles et al. 1991,Cowles et al. 1991
S4,397,Gnathophausia ingens,S4:Childress 1975,Childress 1975
S4,398,Gnathophausia zoea,S4:Cowles et al. 1991,Cowles et al. 1991
S4,399,Gnathophausia zoea,S4:Childress 1975,Childress 1975
S4,400,Gnathophausia zoea,S4:Childress 1975,Childress 1975
S4,401,Gnathophausia zoea,S4:Cowles et al. 1991,Cowles et al. 1991
S4,402,Gondogeneia antarctica,S4:Opalinski 1991,Opalinski 1991
S4,403,Hemilepistus elegans,S4:Byzova 1973,Byzova 1973
S4,404,Hemilepistus elegans,S4:Byzova 1973,Byzova 1973
S4,405,Hypererythrops sp.,S4:Ikeda 1970,Ikeda 1970
S4,406,Hyperia galba,S4:Conover 1960,Conover 1960
S4,407,Hyperia galba,S4:Conover 1960,Conover 1960
S4,408,Hyperia galba,S4:Childress 1975,Childress 1975
S4,409,Hyperia galba,S4:Ikeda 1970,Ikeda 1970
S4,410,Hyperia galba,S4:Conover 1960,Conover 1960
S4,411,Hyperia galba,S4:Conover 1960,Conover 1960
S4,412,Hyperia galba,S4:Ikeda 1970,Ikeda 1970
S4,413,Hyperia galba,S4:Childress 1975,Childress 1975
S4,414,Hyperia gaudichaudii,S4:Ikeda 1988,Ikeda 1988
S4,415,Hyperia sp.,S4:Ikeda 1970,Ikeda 1970
S4,416,Hyperia sp.,S4:Ikeda 1970,Ikeda 1970
S4,417,Hyperia sp.,S4:Ikeda 1970,Ikeda 1970
S4,418,Hyperiella antarctica,S4:Opalinski 1991,Opalinski 1991
S4,419,Idotea baltica,S4:Khmeleva 1973,Khmeleva 1973
S4,420,Iphinoe sp.,S4:Ikeda 1970,Ikeda 1970
S4,421,Iphinoe sp.,S4:Ikeda 1970,Ikeda 1970
S4,422,Ligia oceanica,S4:Byzova 1973; S4:Edney & Spencer 1955,Byzova 1973 (data of Edney & Spencer 1955)
S4,423,Ligia oceanica,S4:Byzova 1973; S4:Ellenby 1951,Byzova 1973 (data of Ellenby 1951)
S4,424,Ligidium japonica,S4:Byzova 1973; S4:Saito 1965,Byzova 1973 (data of Saito 1965)
S4,425,Ligidium japonica,S4:Byzova 1973; S4:Saito 1965,Byzova 1973 (data of Saito 1965)
S4,426,Mesidothea entomon,S4:Romanova & Khmeleva 1978,Romanova & Khmeleva 1978
S4,427,Mesidothea entomon,S4:Romanova & Khmeleva 1978,Romanova & Khmeleva 1978
S4,428,Mesidothea entomon,S4:Romanova & Khmeleva 1978,Romanova & Khmeleva 1978
S4,429,Mesidothea entomon,S4:Romanova & Khmeleva 1978,Romanova & Khmeleva 1978
S4,430,Mesidothea entomon,S4:Romanova & Khmeleva 1978,Romanova & Khmeleva 1978
S4,431,Mesopodopsis slabberi,S4:Braginski 1957,Braginski 1957
S4,432,Mysis relicta,S4:Foulds & Roff 1976,Foulds & Roff 1976
S4,433,Neomysis awatschensis,S4:Jawed 1973,Jawed 1973
S4,434,Neomysis awatschensis,S4:Jawed 1973,Jawed 1973
S4,435,Neomysis awatschensis,S4:Jawed 1973,Jawed 1973
S4,436,Neomysis awatschensis,S4:Jawed 1973,Jawed 1973
S4,437,Neomysis awatschensis,S4:Jawed 1973,Jawed 1973
S4,438,Neomysis awatschensis,S4:Jawed 1973,Jawed 1973
S4,439,Neomysis awatschensis,S4:Jawed 1973,Jawed 1973
S4,440,Neomysis awatschensis,S4:Jawed 1973,Jawed 1973
S4,441,Neomysis awatschensis,S4:Jawed 1973,Jawed 1973
S4,442,Neomysis awatschensis,S4:Jawed 1973,Jawed 1973
S4,443,Neomysis mirabilis,S4:Kuzmicheva & Kukina 1974,Kuzmicheva & Kukina 1974
S4,444,Neomysis mirabilis,S4:Kuzmicheva & Kukina 1974,Kuzmicheva & Kukina 1974
S4,445,Neomysis mirabilis,S4:Klyashtorin & Kuzmicheva 1975,Klyashtorin & Kuzmicheva 1975
S4,446,Niphargus krameri,S4:Simčič et al. 2005,Simčič et al. 2005
S4,447,Niphargus rhenorhodanensis,S4:Hervant et al. 1997,Hervant et al. 1997
S4,448,Niphargus sphagnicolus,S4:Simčič & Brancelj 2006,Simčič & Brancelj 2006
S4,449,Niphargus stygius,S4:Simčič et al. 2005,Simčič et al. 2005
S4,450,Niphargus virei,S4:Hervant et al. 1997,Hervant et al. 1997
S4,451,Oniscus asellus,S4:Byzova 1973; S4:Phillipson & Watson 1965,Byzova 1973 (data of Phillipson & Watson 1965
S4,452,Oniscus asellus,S4:Byzova 1973; S4:Phillipson & Watson 1965,Byzova 1973 (data of Phillipson & Watson 1965
S4,453,Oniscus asellus,S4:Byzova 1973; S4:Phillipson & Watson 1965,Byzova 1973 (data of Phillipson & Watson 1965
S4,454,Oniscus asellus,S4:Byzova 1973; S4:Phillipson & Watson 1965,Byzova 1973 (data of Phillipson & Watson 1965
S4,455,Oniscus asellus,S4:Byzova 1973; S4:Edney & Spencer 1955,Byzova 1973 (data of Edney & Spencer 1955)
S4,456,Oniscus asellus,S4:Byzova 1973; S4:Will 1952,Byzova 1973 (data of Will 1952)
S4,457,Oniscus asellus,S4:Byzova 1973; S4:Edwards 1946,Byzova 1973 (data of Edwards 1946)
S4,458,Oniscus asellus,S4:Byzova 1973; S4:Morrison 1946,Byzova 1973 (data of Morrison 1946)
S4,459,Orchestia bottae,S4:Ivlev & Sutschenya 1961,Ivlev & Sutschenya 1961
S4,460,Orchestia bottae,S4:Ivlev & Sutschenya 1961,Ivlev & Sutschenya 1961
S4,461,Orchomene sp.,S4:Ikeda 1970,Ikeda 1970
S4,462,Orchomenella chilensis,S4:Opalinski 1991,Opalinski 1991
S4,463,Orchomenella plebs,S4:Opalinski 1991,Opalinski 1991
S4,464,Orchomenella plebs,S4:Opalinski 1991,Opalinski 1991
S4,465,Orchomenella plebs,S4:Opalinski 1991,Opalinski 1991
S4,466,Orchomenella plebs,S4:Opalinski 1991,Opalinski 1991
S4,467,Orchomenella plebs,S4:Opalinski 1991,Opalinski 1991
S4,468,Orchomenella plebs,S4:Opalinski 1991,Opalinski 1991
S4,469,Orchomenella plebs,S4:Opalinski 1991,Opalinski 1991
S4,470,Orchomenella plebs,S4:Opalinski 1991,Opalinski 1991
S4,471,Orchomenella plebs,S4:Opalinski 1991,Opalinski 1991
S4,472,Orchomenella sp.,S4:Opalinski 1991,Opalinski 1991
S4,473,Paracallisoma coecus,S4:Childress 1975,Childress 1975
S4,474,Paracallisoma coecus,S4:Childress 1975,Childress 1975
S4,475,Paramoera walkeri,S4:Opalinski 1991,Opalinski 1991
S4,476,Paramoera walkeri,S4:Opalinski 1991,Opalinski 1991
S4,477,Paramoera walkeri,S4:Opalinski 1991,Opalinski 1991
S4,478,Paramoera walkeri,S4:Opalinski 1991,Opalinski 1991
S4,479,Paramoera walkeri,S4:Opalinski 1991,Opalinski 1991
S4,480,Paramoera walkeri,S4:Opalinski 1991,Opalinski 1991
S4,481,Paramoera walkeri,S4:Opalinski 1991,Opalinski 1991
S4,482,Paramoera walkeri,S4:Opalinski 1991,Opalinski 1991
S4,483,Paramysis kessleri,S4:Braginski 1957,Braginski 1957
S4,484,Paramysis kessleri,S4:Braginski 1957,Braginski 1957
S4,485,Parandania boecki,S4:Opalinski 1991,Opalinski 1991
S4,486,Parathemisto gaudichaudii,S4:Ikeda 1988,Ikeda 1988
S4,487,Parathemisto gaudichaudii,S4:Ikeda 1988,Ikeda 1988
S4,488,Phronima sedentaria,S4:Childress 1975,Childress 1975
S4,489,Phronima sedentaria,S4:Childress 1975,Childress 1975
S4,490,Phronima sp.,S4:Ikeda 1970,Ikeda 1970
S4,491,Pontogeneia antarctica,S4:Opalinski 1991,Opalinski 1991
S4,492,Porcellio laevis,S4:Byzova 1973; S4:Edney 1964,Byzova 1973 (data of Edney 1964)
S4,493,Porcellio laevis,S4:Byzova 1973; S4:Edney 1964,Byzova 1973 (data of Edney 1964)
S4,494,Porcellio scaber,S4:Byzova 1973; S4:Edney & Spencer 1955,Byzova 1973 (data of Edney & Spencer 1955)
S4,495,Porcellio scaber,S4:Byzova 1973; S4:Wieser 1963 1965,"Byzova 1973 (data of Wieser 1963, 1965)"
S4,496,Porcellio scaber,S4:Byzova 1973; S4:Edney 1964,Byzova 1973 (data of Edney 1964)
S4,497,Porcellio scaber,S4:Byzova 1973; S4:Will 1952,Byzova 1973 (data of Will 1952)
S4,498,Serolis cornuta,S4:Luxmoore 1984,Luxmoore 1984
S4,499,Serolis cornuta,S4:Luxmoore 1984,Luxmoore 1984
S4,500,Serolis cornuta,S4:Luxmoore 1984,Luxmoore 1984
S4,501,Serolis cornuta,S4:Luxmoore 1984,Luxmoore 1984
S4,502,Serolis cornuta,S4:Opalinski 1991,Opalinski 1991
S4,503,Serolis cornuta,S4:Opalinski 1991,Opalinski 1991
S4,504,Serolis cornuta,S4:Opalinski 1991,Opalinski 1991
S4,505,Serolis cornuta,S4:Opalinski 1991,Opalinski 1991
S4,506,Serolis polita,S4:Opalinski 1991,Opalinski 1991
S4,507,Serolis polita,S4:Opalinski 1991,Opalinski 1991
S4,508,Serolis polita,S4:Opalinski 1991,Opalinski 1991
S4,509,Serolis polita,S4:Opalinski 1991,Opalinski 1991
S4,510,Stenasellus virei,S4:Hervant et al. 1997,Hervant et al. 1997
S4,511,Synopia ultramarina,S4:Ikeda 1970,Ikeda 1970
S4,512,Talitrus sylvaticus,S4:Byzova 1973; S4:Clark 1955,Byzova 1973 (data of Clark 1955)
S4,513,Talitrus sylvaticus,S4:Byzova 1973; S4:Clark 1955,Byzova 1973 (data of Clark 1955)
S4,514,Talitrus sylvaticus,S4:Byzova 1973; S4:Clark 1955,Byzova 1973 (data of Clark 1955)
S4,515,Talitrus sylvaticus,S4:Byzova 1973; S4:Clark 1955,Byzova 1973 (data of Clark 1955)
S4,516,Talorchestia megalophtalma,S4:Byzova 1973; S4:Edwards & Irving 1943,Byzova 1973 (data of Edwards & Irving 1943)
S4,517,Talorchestia megalophtalma,S4:Byzova 1973; S4:Edwards & Irving 1943,Byzova 1973 (data of Edwards & Irving 1943)
S4,518,Talorchestia megalophtalma,S4:Byzova 1973; S4:Edwards & Irving 1943,Byzova 1973 (data of Edwards & Irving 1943)
S4,519,Talorchestia megalophtalma,S4:Byzova 1973; S4:Edwards & Irving 1943,Byzova 1973 (data of Edwards & Irving 1943)
S4,520,Talorchestia megalophtalma,S4:Byzova 1973; S4:Edwards & Irving 1943,Byzova 1973 (data of Edwards & Irving 1943)
S4,521,Talorchestia megalophtalma,S4:Byzova 1973; S4:Edwards & Irving 1943,Byzova 1973 (data of Edwards & Irving 1943)
S4,522,Talorchestia megalophtalma,S4:Byzova 1973; S4:Edwards & Irving 1943,Byzova 1973 (data of Edwards & Irving 1943)
S4,523,Talorchestia megalophtalma,S4:Byzova 1973; S4:Edwards & Irving 1943,Byzova 1973 (data of Edwards & Irving 1943)
S4,524,Talorchestia megalophtalma,S4:Byzova 1973; S4:Edwards & Irving 1943,Byzova 1973 (data of Edwards & Irving 1943)
S4,525,Talorchestia megalophtalma,S4:Byzova 1973; S4:Edwards & Irving 1943,Byzova 1973 (data of Edwards & Irving 1943)
S4,526,Viblia antarctica,S4:Ikeda 1988,Ikeda 1988
S4,527,Waldeckia obesa,S4:Opalinski 1991,Opalinski 1991
S4,528,Waldeckia obesa,S4:Opalinski 1991,Opalinski 1991
S4,529,Waldeckia obesa,S4:Opalinski 1991,Opalinski 1991
S4,530,Waldeckia obesa,S4:Opalinski 1991,Opalinski 1991
S4,531,Waldeckia obesa,S4:Opalinski 1991,Opalinski 1991
S4,532,Conchoecia sp.,S4:Pavlova 1975,Pavlova 1975
S4,533,Cypridina hilgendorfii,S4:Ikeda 1970,Ikeda 1970
S4,534,Gigantocypris agassizii,S4:Childress 1975,Childress 1975
S4,535,Gigantocypris agassizii,S4:Childress 1975,Childress 1975
S4,536,Gigantocypris mulleri,S4:Ikeda 1988,Ikeda 1988
S4,537,Gigantocypris mulleri,S4:Ikeda 1988,Ikeda 1988
S4,538,Gigantocypris mulleri,S4:Ikeda 1988,Ikeda 1988
S4,539,Gigantocypris mulleri,S4:Ikeda 1988,Ikeda 1988
S4,540,Pyrocypris sp.,S4:Ikeda 1970,Ikeda 1970
S4,541,Acanthephyra acutifrons,S4:Cowles et al. 1991,Cowles et al. 1991
S4,542,Acanthephyra acutifrons,S4:Cowles et al. 1991,Cowles et al. 1991
S4,543,Acanthephyra curtirostris,S4:Cowles et al. 1991,Cowles et al. 1991
S4,544,Acanthephyra curtirostris,S4:Cowles et al. 1991,Cowles et al. 1991
S4,545,Acanthephyra curtirostris,S4:Childress 1975,Childress 1975
S4,546,Acanthephyra curtirostris,S4:Childress 1975,Childress 1975
S4,547,Acanthephyra smithi,S4:Cowles et al. 1991,Cowles et al. 1991
S4,548,Acanthephyra smithi,S4:Cowles et al. 1991,Cowles et al. 1991
S4,549,Acanthephyra smithi,S4:Cowles et al. 1991,Cowles et al. 1991
S4,550,Calastacus quinqueseriatus,S4:Childress et al. 1990,Childress et al. 1990
S4,551,Calastacus quinqueseriatus,S4:Childress et al. 1990,Childress et al. 1990
S4,552,Calastacus quinqueseriatus,S4:Childress et al. 1990,Childress et al. 1990
S4,553,Calastacus quinqueseriatus,S4:Childress et al. 1990,Childress et al. 1990
S4,554,Callinectes sapidus,S4:Lewis & Haefner 1976,Lewis & Haefner 1976
S4,555,Callinectes sapidus,S4:Lewis & Haefner 1976,Lewis & Haefner 1976
S4,556,Callinectes sapidus,S4:Lewis & Haefner 1976,Lewis & Haefner 1976
S4,557,Callinectes sapidus,S4:Lewis & Haefner 1976,Lewis & Haefner 1976
S4,558,Cancer magister,S4:Cameron 1975,Cameron 1975
S4,559,Cancer pagurus,S4:Aldrich 1975,Aldrich 1975
S4,560,Carcinus maenas,S4:Taylor et al. 1977,Taylor et al. 1977
S4,561,Carcinus maenas,S4:Taylor et al. 1977,Taylor et al. 1977
S4,562,Carcinus maenas,S4:Ivlev & Sutschenya 1961,Ivlev & Sutschenya 1961
S4,563,Carcinus maenas,S4:Ivlev & Sutschenya 1961,Ivlev & Sutschenya 1961
S4,564,Cherax destructor,S4:Ellis & Morris 1995,Ellis & Morris 1995
S4,565,Chorismus antarcticus,S4:Opalinski 1991,Opalinski 1991
S4,566,Chorismus antarcticus,S4:Opalinski 1991,Opalinski 1991
S4,567,edwardsii MIN,S4:Dye & van der Veen 1980,Dye & van der Veen 1980
S4,568,edwardsii 1.8429,S4:Dye & van der Veen 1980,Dye & van der Veen 1980
S4,569,Coenobita compressus,S4:Herreid & Full 1986,Herreid & Full 1986
S4,570,Coenobita compressus,S4:Herreid & Full 1986,Herreid & Full 1986
S4,571,Crangon abyssorum,S4:Childress et al. 1990,Childress et al. 1990
S4,572,Crangon abyssorum,S4:Childress et al. 1990,Childress et al. 1990
S4,573,Crangon affinis,S4:Ikeda 1970,Ikeda 1970
S4,574,Crangon communis,S4:Childress et al. 1990,Childress et al. 1990
S4,575,Crangon communis,S4:Childress et al. 1990,Childress et al. 1990
S4,576,Crangon communis,S4:Childress et al. 1990,Childress et al. 1990
S4,577,Eriphia spinifrons,S4:Sutschenya & Abolmasova 1973,Sutschenya & Abolmasova 1973
S4,578,Gecarcinus lateralis,S4:Taylor & Davies 1981,Taylor & Davies 1981
S4,579,Gecarcinus lateralis,S4:Taylor & Davies 1981,Taylor & Davies 1981
S4,580,Gecarcinus lateralis,S4:Cameron 1975,Cameron 1975
S4,581,Gecarcinus lateralis,S4:Taylor & Davies 1981,Taylor & Davies 1981
S4,582,Gecarcinus lateralis,S4:Herreid et al. 1983,Herreid et al. 1983
S4,583,Gecarcoidea natalis,S4:Adamczewska & Morris 1994,Adamczewska & Morris 1994
S4,584,Gennadas kempi,S4:Ikeda 1988,Ikeda 1988
S4,585,Gennadas kempi,S4:Ikeda 1988,Ikeda 1988
S4,586,Gennadas kempi,S4:Ikeda 1988,Ikeda 1988
S4,587,Gennadas propinquus,S4:Childress 1975,Childress 1975
S4,588,Gennadas propinquus,S4:Childress 1975,Childress 1975
S4,589,Glyphocrangon vicaria,S4:Childress et al. 1990,Childress et al. 1990
S4,590,Glyphocrangon vicaria,S4:Childress et al. 1990,Childress et al. 1990
S4,591,Hemigrapsus nudus,S4:Dehnel 1960,Dehnel 1960
S4,592,Hemigrapsus nudus,S4:Dehnel 1960,Dehnel 1960
S4,593,Hemigrapsus oregonensis,S4:Dehnel 1960,Dehnel 1960
S4,594,Hemigrapsus oregonensis,S4:Dehnel 1960,Dehnel 1960
S4,595,Holthuisana transversa,S4:MacMillen 1978,MacMillen 1978
S4,596,Holthuisana transversa,S4:MacMillen 1978,MacMillen 1978
S4,597,Holthuisana transversa,S4:MacMillen 1978,MacMillen 1978
S4,598,Holthuisana transversa,S4:MacMillen 1978,MacMillen 1978
S4,599,Holthuisana transversa,S4:MacMillen 1978,MacMillen 1978
S4,600,Holthuisana transversa,S4:MacMillen 1978,MacMillen 1978
S4,601,Holthuisana transversa,S4:MacMillen 1978,MacMillen 1978
S4,602,Homarus americanus,S4:Penkoff & Thurberg 1982,Penkoff & Thurberg 1982
S4,603,Hymenodora frontalis,S4:Childress 1975,Childress 1975
S4,604,Hymenodora frontalis,S4:Childress 1975,Childress 1975
S4,605,Janicella spinicauda,S4:Cowles et al. 1991,Cowles et al. 1991
S4,606,Janicella spinicauda,S4:Cowles et al. 1991,Cowles et al. 1991
S4,607,Lucifer typus,S4:Ikeda 1970,Ikeda 1970
S4,608,Lysmata sp.,S4:Ikeda 1970,Ikeda 1970
S4,609,Macrobrachium acanthurus,S4:Moreira et al. 1983,Moreira et al. 1983
S4,610,Macrobrachium heterochirus,S4:Moreira et al. 1983,Moreira et al. 1983
S4,611,Macrobrachium olfersi,S4:Moreira et al. 1983,Moreira et al. 1983
S4,612,Macrobrachium potiuna,S4:Moreira et al. 1983,Moreira et al. 1983
S4,613,Maja squinado,S4:Aldrich 1975,Aldrich 1975
S4,614,Menippe mercenaria,S4:Leffler 1973,Leffler 1973
S4,615,Menippe mercenaria,S4:Moots & Epifanio 1974,Moots & Epifanio 1974
S4,616,Menippe mercenaria,S4:Moots & Epifanio 1974,Moots & Epifanio 1974
S4,617,Metapenaeus pruinosus,S4:Reiche 1968,Reiche 1968
S4,618,Munidopsis verrilli,S4:Childress et al. 1990,Childress et al. 1990
S4,619,Notocrangon antarcticus,S4:Opalinski 1991,Opalinski 1991
S4,620,Notostomus elegans,S4:Cowles et al. 1991,Cowles et al. 1991
S4,621,Notostomus elegans,S4:Cowles et al. 1991,Cowles et al. 1991
S4,622,Notostomus gibbosus,S4:Cowles et al. 1991,Cowles et al. 1991
S4,623,Notostomus gibbosus,S4:Cowles et al. 1991,Cowles et al. 1991
S4,624,Notostomus sp.,S4:Childress 1975,Childress 1975
S4,625,Notostomus sp.,S4:Childress 1975,Childress 1975
S4,626,Ocypode platytarsis,S4:Veerannan 1974,Veerannan 1974
S4,627,Ocypode platytarsis,S4:Veerannan 1974,Veerannan 1974
S4,628,Ocypode platytarsis,S4:Veerannan 1974,Veerannan 1974
S4,629,Ocypode platytarsis,S4:Veerannan 1974,Veerannan 1974
S4,630,Ocypode platytarsis,S4:Veerannan 1974,Veerannan 1974
S4,631,Ocypode platytarsis,S4:Veerannan 1974,Veerannan 1974
S4,632,Ocypode platytarsis,S4:Veerannan 1974,Veerannan 1974
S4,633,Ocypode quadrata,S4:Full 1987,Full 1987
S4,634,Ocypode quadrata,S4:Full 1987,Full 1987
S4,635,Ocypode quadrata,S4:Full 1987,Full 1987
S4,636,Ocypode quadrata,S4:Full 1987,Full 1987
S4,637,Oplophorus gracilorostris,S4:Cowles et al. 1991,Cowles et al. 1991
S4,638,Oplophorus gracilorostris,S4:Cowles et al. 1991,Cowles et al. 1991
S4,639,Oplophorus gracilorostris,S4:Cowles et al. 1991,Cowles et al. 1991
S4,640,Oplophorus spinosus,S4:Cowles et al. 1991,Cowles et al. 1991
S4,641,Oplophorus spinosus,S4:Cowles et al. 1991,Cowles et al. 1991
S4,642,Oplophorus spinosus,S4:Cowles et al. 1991,Cowles et al. 1991
S4,643,Pachygrapsus marmoratus,S4:Abolmasova 1970,Abolmasova 1970
S4,644,Pachygrapsus marmoratus,S4:Ivlev & Sutschenya 1961,Ivlev & Sutschenya 1961
S4,645,Pachygrapsus marmoratus,S4:Abolmasova 1970,Abolmasova 1970
S4,646,Pachygrapsus marmoratus,S4:Ivlev & Sutschenya 1961,Ivlev & Sutschenya 1961
S4,647,Pachygrapsus marmoratus,S4:Abolmasova 1970,Abolmasova 1970
S4,648,Pachygrapsus marmoratus,S4:Abolmasova 1970,Abolmasova 1970
S4,649,Pachygrapsus marmoratus,S4:Ivlev & Sutschenya 1961,Ivlev & Sutschenya 1961
S4,650,Palaemon adspersus,S4:Romanova & Khmeleva 1978,Romanova & Khmeleva 1978
S4,651,Palaemon adspersus,S4:Romanova & Khmeleva 1978,Romanova & Khmeleva 1978
S4,652,Palaemon adspersus,S4:Romanova & Khmeleva 1978,Romanova & Khmeleva 1978
S4,653,Palaemon adspersus,S4:Romanova & Khmeleva 1978,Romanova & Khmeleva 1978
S4,654,Pandalopsis ampla,S4:Childress et al. 1990,Childress et al. 1990
S4,655,Pandalopsis ampla,S4:Childress et al. 1990,Childress et al. 1990
S4,656,Pandalus jordani,S4:Childress et al. 1990,Childress et al. 1990
S4,657,Pandalus jordani,S4:Childress et al. 1990,Childress et al. 1990
S4,658,Pandalus jordani,S4:Childress et al. 1990,Childress et al. 1990
S4,659,Pandalus platyceros,S4:Childress et al. 1990,Childress et al. 1990
S4,660,Pandalus platyceros,S4:Childress et al. 1990,Childress et al. 1990
S4,661,Pandalus platyceros,S4:Childress et al. 1990,Childress et al. 1990
S4,662,Panopeus herbstii,S4:Leffler 1973,Leffler 1973
S4,663,Panopeus herbstii,S4:Leffler 1973,Leffler 1973
S4,664,Paralomis multispina,S4:Childress et al. 1990,Childress et al. 1990
S4,665,Parathelphusa hydrodromus,S4:Kotaiah & Rajabai 1972,Kotaiah & Rajabai 1972
S4,666,Parathelphusa hydrodromus,S4:Kotaiah & Rajabai 1972,Kotaiah & Rajabai 1972
S4,667,Pasiphaea chacei,S4:Childress 1975,Childress 1975
S4,668,Pasiphaea chacei,S4:Childress 1975,Childress 1975
S4,669,Pasiphaea emarginata,S4:Childress 1975,Childress 1975
S4,670,Pasiphaea emarginata,S4:Childress 1975,Childress 1975
S4,671,Pasiphaea pacifica,S4:Childress 1975,Childress 1975
S4,672,Pasiphaea pacifica,S4:Childress 1975,Childress 1975
S4,673,Pasiphaea scotiae,S4:Ikeda 1988,Ikeda 1988
S4,674,Pasiphaea scotiae,S4:Ikeda 1988,Ikeda 1988
S4,675,Penaeus sp.,S4:Ikeda 1970,Ikeda 1970
S4,676,Plesionika sp.,S4:Childress 1975,Childress 1975
S4,677,Plesionika sp.,S4:Childress 1975,Childress 1975
S4,678,Pleuroncodes planipes,S4:Childress 1975,Childress 1975
S4,679,Sabinea septemcarinata,S4:Schmid 1996,Schmid 1996
S4,680,Sclerocrangon ferox,S4:Schmid 1996,Schmid 1996
S4,681,Scylla serrata,S4:Veerannan 1972,Veerannan 1972
S4,682,Scylla serrata,S4:Veerannan 1972,Veerannan 1972
S4,683,Scylla serrata,S4:Veerannan 1974,Veerannan 1974
S4,684,Scylla serrata,S4:Veerannan 1972,Veerannan 1972
S4,685,Scylla serrata,S4:Veerannan 1972,Veerannan 1972
S4,686,Scylla serrata,S4:Veerannan 1972,Veerannan 1972
S4,687,Scylla serrata,S4:Veerannan 1972,Veerannan 1972
S4,688,Scylla serrata,S4:Veerannan 1972,Veerannan 1972
S4,689,Sergestes bisulcatus,S4:Cowles et al. 1991,Cowles et al. 1991
S4,690,Sergestes bisulcatus,S4:Cowles et al. 1991,Cowles et al. 1991
S4,691,Sergestes bisulcatus,S4:Cowles et al. 1991,Cowles et al. 1991
S4,692,Sergestes fulgens,S4:Cowles et al. 1991,Cowles et al. 1991
S4,693,Sergestes fulgens,S4:Cowles et al. 1991,Cowles et al. 1991
S4,694,Sergestes fulgens,S4:Cowles et al. 1991,Cowles et al. 1991
S4,695,Sergestes phorcus,S4:Childress 1975,Childress 1975
S4,696,Sergestes phorcus,S4:Childress 1975,Childress 1975
S4,697,Sergestes similis,S4:Childress 1975,Childress 1975
S4,698,Sergestes similis,S4:Childress 1975,Childress 1975
S4,699,Sergestes tenuiremis,S4:Cowles et al. 1991,Cowles et al. 1991
S4,700,Sergestes tenuiremis,S4:Cowles et al. 1991,Cowles et al. 1991
S4,701,Sergestes tenuiremis,S4:Cowles et al. 1991,Cowles et al. 1991
S4,702,Sesarma quadratus,S4:Veerannan 1974,Veerannan 1974
S4,703,Sesarma quadratus,S4:Veerannan 1974,Veerannan 1974
S4,704,Sesarma quadratus,S4:Veerannan 1974,Veerannan 1974
S4,705,Sesarma quadratus,S4:Veerannan 1974,Veerannan 1974
S4,706,Sesarma quadratus,S4:Veerannan 1974,Veerannan 1974
S4,707,Sicyonia igentis,S4:Childress et al. 1990,Childress et al. 1990
S4,708,Sicyonia igentis,S4:Childress et al. 1990,Childress et al. 1990
S4,709,Stereomastis sculpta,S4:Childress et al. 1990,Childress et al. 1990
S4,710,Systellaspis cristata,S4:Childress 1975,Childress 1975
S4,711,Systellaspis cristata,S4:Childress 1975,Childress 1975
S4,712,Systellaspis debilis,S4:Cowles et al. 1991,Cowles et al. 1991
S4,713,Systellaspis debilis,S4:Cowles et al. 1991,Cowles et al. 1991
S4,714,Systellaspis debilis,S4:Cowles et al. 1991,Cowles et al. 1991
S4,715,Uca leptodactyla,S4:Vernberg 1959,Vernberg 1959
S4,716,Uca minax,S4:Vernberg 1959,Vernberg 1959
S4,717,Uca mordax,S4:Vernberg 1959,Vernberg 1959
S4,718,Uca pugnas,S4:Silverthorn 1975,Silverthorn 1975
S4,719,Uca pugnas,S4:Silverthorn 1975,Silverthorn 1975
S4,720,Uca pugnas,S4:Silverthorn 1975,Silverthorn 1975
S4,721,Uca pugnas,S4:Vernberg 1959,Vernberg 1959
S4,722,Uca pugnas,S4:Silverthorn 1975,Silverthorn
S4,723,Uca rapax,S4:Vernberg 1959,Vernberg 1959
S4,724,Uca rapax,S4:Vernberg 1959,Vernberg 1959
S4,725,Uca thayeri,S4:Vernberg 1959,Vernberg 1959
S4,726,Xantho hydrophilus,S4:Abolmasova 1969,Abolmasova 1969
S4,727,Xantho hydrophilus,S4:Abolmasova 1969,Abolmasova 1969
S4,728,Xantho hydrophilus,S4:Abolmasova 1969,Abolmasova 1969
S4,729,Xantho hydrophilus,S4:Abolmasova 1969,Abolmasova 1969
S4,730,Xantho hydrophilus,S4:Abolmasova 1969,Abolmasova 1969
S4,731,Xantho hydrophilus,S4:Abolmasova 1969,Abolmasova 1969
S4,732,Xantho hydrophilus,S4:Abolmasova 1969,Abolmasova 1969
S4,733,Xantho hydrophilus,S4:Abolmasova 1969,Abolmasova 1969
S4,734,Xantho hydrophilus,S4:Abolmasova 1969,Abolmasova 1969
S4,735,Xantho hydrophilus,S4:Abolmasova 1969,Abolmasova 1969
S4,736,Xantho hydrophilus,S4:Abolmasova 1969,Abolmasova 1969
S4,737,Xantho hydrophilus,S4:Abolmasova 1969,Abolmasova 1969
S4,738,Bathypolypus articus,S4:Seibel 2007,Seibel 2007
S4,739,Cranchia scabra,S4:Seibel 2007,Seibel 2007
S4,740,Dosidicus gigas,S4:Seibel 2007,Seibel 2007
S4,741,Eledone cirrhosa,S4:Seibel 2007,Seibel 2007
S4,742,Eledonella pygmaea,S4:Seibel 2007,Seibel 2007
S4,743,Galiteuthis phyllura,S4:Seibel 2007,Seibel 2007
S4,744,Gonatus onyx,S4:Seibel 2007,Seibel 2007
S4,745,Gonatus pyros,S4:Seibel 2007,Seibel 2007
S4,746,Helicocranchia pfeferi,S4:Seibel 2007,Seibel 2007
S4,747,Histioteuthis heteropsis,S4:Seibel 2007,Seibel 2007
S4,748,Histioteuthis hoylei,S4:Seibel 2007,Seibel 2007
S4,749,Illex illecebrosus,S4:Seibel 2007,Seibel 2007
S4,750,Japetella diaphana,S4:Seibel 2007,Seibel 2007
S4,751,Japetella heathi,S4:Seibel 2007,Seibel 2007
S4,752,Liocranchia pacificus,S4:Seibel 2007,Seibel 2007
S4,753,Liocranchia valdivia,S4:Seibel 2007,Seibel 2007
S4,754,Loligo forbesi,S4:Seibel 2007,Seibel 2007
S4,755,Loligo opalescens,S4:Seibel 2007,Seibel 2007
S4,756,Loligo pealei,S4:Seibel 2007,Seibel 2007
S4,757,Lolliguncula brevis,S4:Seibel 2007,Seibel 2007
S4,758,Megalocranchia sp.,S4:Seibel 2007,Seibel 2007
S4,759,Octopus bimaculoides,S4:Seibel 2007,Seibel 2007
S4,760,Octopus briareus,S4:Seibel 2007,Seibel 2007
S4,761,Octopus californicus,S4:Seibel 2007,Seibel 2007
S4,762,Octopus cyanea,S4:Seibel 2007,Seibel 2007
S4,763,Octopus dofleini,S4:Seibel 2007,Seibel 2007
S4,764,Octopus maya,S4:Seibel 2007,Seibel 2007
S4,765,Octopus micropyrsus,S4:Seibel 2007,Seibel 2007
S4,766,Octopus rubescens,S4:Seibel 2007,Seibel 2007
S4,767,Octopus sp.,S4:Seibel 2007,Seibel 2007
S4,768,Octopus sp.,S4:Seibel 2007,Seibel 2007
S4,769,Octopus tuberculata,S4:Seibel 2007,Seibel 2007
S4,770,Octopus vulgaris,S4:Seibel 2007,Seibel 2007
S4,771,Paraledone characoti,S4:Seibel 2007,Seibel 2007
S4,772,Sepioteuthis lessoniana,S4:Seibel 2007,Seibel 2007
S4,773,Sthenoteuthis oualaniensis,S4:Seibel 2007,Seibel 2007
S4,774,Sthenoteuthis pteropus,S4:Seibel 2007,Seibel 2007
S4,775,Vampyroteuthis infernalis,S4:Seibel 2007,Seibel 2007
S4,776,Aegina citrea,S4:Thuesen & Childress 1994,Thuesen & Childress 1994
S4,777,Aglantha digitale,S4:Ikeda & Skjoldal 1982,Ikeda & Skjoldal 1982
S4,778,Atolla vanhoeffeni,S4:Thuesen & Childress 1994,Thuesen & Childress 1994
S4,779,Atolla wyvillei,S4:Thuesen & Childress 1994,Thuesen & Childress 1994
S4,780,Botrynema brucei,S4:Thuesen & Childress 1994,Thuesen & Childress 1994
S4,781,Colobenema sericeum,S4:Thuesen & Childress 1994,Thuesen & Childress 1994
S4,782,Crossota alba,S4:Thuesen & Childress 1994,Thuesen & Childress 1994
S4,783,Crossota rufobrunnea,S4:Thuesen & Childress 1994,Thuesen & Childress 1994
S4,784,Crossota sp.,S4:Thuesen & Childress 1994,Thuesen & Childress 1994
S4,785,Eirene mollis,S4:Thuesen & Childress 1994,Thuesen & Childress 1994
S4,786,Haliscera bigelowi,S4:Thuesen & Childress 1994,Thuesen & Childress 1994
S4,787,Halitrehees maasi,S4:Thuesen & Childress 1994,Thuesen & Childress 1994
S4,788,Leukartiara octona,S4:Thuesen & Childress 1994,Thuesen & Childress 1994
S4,789,Nausithoë rubra,S4:Thuesen & Childress 1994,Thuesen & Childress 1994
S4,790,Pantachogon sp.,S4:Thuesen & Childress 1994,Thuesen & Childress 1994
S4,791,Paraphyllina ransoni,S4:Thuesen & Childress 1994,Thuesen & Childress 1994
S4,792,Periphylla peryphylla,S4:Thuesen & Childress 1994,Thuesen & Childress 1994
S4,793,Tetrorchis erythrogaster,S4:Thuesen & Childress 1994,Thuesen & Childress 1994
S4,794,Vallentinia adherens,S4:Thuesen & Childress 1994,Thuesen & Childress 1994
S4,795,Vampyrocrossota childressi,S4:Thuesen & Childress 1994,Thuesen & Childress 1994
S4,796,Caeosagitta macrocephala,S4:Thuesen & Childress 1993,Thuesen & Childress 1993
S4,797,Decipisagitta decipiens,S4:Thuesen & Childress 1993,Thuesen & Childress 1993
S4,798,Eukrohnia bathypelagica,S4:Thuesen & Childress 1993,Thuesen & Childress 1993
S4,799,Eukrohnia fowleri,S4:Thuesen & Childress 1993,Thuesen & Childress 1993
S4,800,Eukrohnia hamata,S4:Thuesen & Childress 1993,Thuesen & Childress 1993
S4,801,Flaccisagitta hexaptera,S4:Thuesen & Childress 1993,Thuesen & Childress 1993
S4,802,Heterokrohnia murina,S4:Thuesen & Childress 1993,Thuesen & Childress 1993
S4,803,Parasagitta elegans,S4:Thuesen & Childress 1993,Thuesen & Childress 1993
S4,804,Parasagitta euneritica,S4:Thuesen & Childress 1993,Thuesen & Childress 1993
S4,805,Pseudosagitta gazellae,S4:Thuesen & Childress 1993,Thuesen & Childress 1993
S4,806,Pseudosagitta lyra,S4:Thuesen & Childress 1993,Thuesen & Childress 1993
S4,807,Pseudosagitta maxima,S4:Thuesen & Childress 1993,Thuesen & Childress 1993
S4,808,Sagitta elegans,S4:Ikeda & Skjoldal 1982,Ikeda & Skjoldal 1982
S4,809,Solidosagitta zetesios,S4:Thuesen & Childress 1993,Thuesen & Childress 1993
S5a,1,Acris crepitans,S5:White et al. 2006,Dataset S5 note
S5a,2,Agalychnis callidryas,S5:White et al. 2006,Dataset S5 note
S5a,3,Ambystoma gracile,S5:White et al. 2006,Dataset S5 note
S5a,4,Ambystoma jeffersonianum,S5:White et al. 2006,Dataset S5 note
S5a,5,Ambystoma macrodactylum,S5:White et al. 2006,Dataset S5 note
S5a,6,Ambystoma maculatum,S5:White et al. 2006,Dataset S5 note
S5a,7,Ambystoma mexicanum,S5:White et al. 2006,Dataset S5 note
S5a,8,Ambystoma opacum,S5:White et al. 2006,Dataset S5 note
S5a,9,Ambystoma talpoideum,S5:White et al. 2006,Dataset S5 note
S5a,10,Ambystoma tigrinum,S5:White et al. 2006,Dataset S5 note
S5a,11,Amphiuma means,S5:White et al. 2006,Dataset S5 note
S5a,12,Amphiuma tridactylum,S5:White et al. 2006,Dataset S5 note
S5a,13,Aneides ferreus,S5:White et al. 2006,Dataset S5 note
S5a,14,Aneides flavipunctatus,S5:White et al. 2006,Dataset S5 note
S5a,15,Aneides hardii,S5:White et al. 2006,Dataset S5 note
S5a,16,Aneides lugubris,S5:White et al. 2006,Dataset S5 note
S5a,17,Batrachoseps attenuatus,S5:White et al. 2006,Dataset S5 note
S5a,18,Bolitoglossa franklini,S5:White et al. 2006,Dataset S5 note
S5a,19,Bolitoglossa morio,S5:White et al. 2006,Dataset S5 note
S5a,20,Bolitoglossa occidentalis,S5:White et al. 2006,Dataset S5 note
S5a,21,Bolitoglossa subpalmata,S5:White et al. 2006,Dataset S5 note
S5a,22,Bombina orientalis,S5:White et al. 2006,Dataset S5 note
S5a,23,Boulengerula taitanus,S5:White et al. 2006,Dataset S5 note
S5a,24,Bufo alvaris,S5:White et al. 2006,Dataset S5 note
S5a,25,Bufo americanus,S5:White et al. 2006,Dataset S5 note
S5a,26,Bufo boreas,S5:White et al. 2006,Dataset S5 note
S5a,27,Bufo bufo,S5:White et al. 2006,Dataset S5 note
S5a,28,Bufo calamita,S5:White et al. 2006,Dataset S5 note
S5a,29,Bufo cognatus,S5:White et al. 2006,Dataset S5 note
S5a,30,Bufo debilus,S5:White et al. 2006,Dataset S5 note
S5a,31,Bufo marinus,S5:White et al. 2006,Dataset S5 note
S5a,32,Bufo terrestris,S5:White et al. 2006,Dataset S5 note
S5a,33,Bufo viridis,S5:White et al. 2006,Dataset S5 note
S5a,34,Bufo woodhousii,S5:White et al. 2006,Dataset S5 note
S5a,35,Ceratophrys calcarata,S5:White et al. 2006,Dataset S5 note
S5a,36,Chiromantis petersi,S5:White et al. 2006,Dataset S5 note
S5a,37,Chiropterotriton bromeliacia,S5:White et al. 2006,Dataset S5 note
S5a,38,Colostethus inguinalis,S5:White et al. 2006,Dataset S5 note
S5a,39,Colostethus nubicola,S5:White et al. 2006,Dataset S5 note
S5a,40,Colostethus trinitatus,S5:White et al. 2006,Dataset S5 note
S5a,41,Conraua goliath,S5:White et al. 2006,Dataset S5 note
S5a,42,Crinia parinsignifera,S5:White et al. 2006,Dataset S5 note
S5a,43,Crinia signifera,S5:White et al. 2006,Dataset S5 note
S5a,44,Cryptobranchus alleganiensis,S5:White et al. 2006,Dataset S5 note
S5a,45,Cyclorana platycephala,S5:White et al. 2006,Dataset S5 note
S5a,46,Dendrobates auratus,S5:White et al. 2006,Dataset S5 note
S5a,47,Desmognathus fuscus,S5:White et al. 2006,Dataset S5 note
S5a,48,Desmognathus monticola,S5:White et al. 2006,Dataset S5 note
S5a,49,Desmognathus ochrophaes,S5:White et al. 2006,Dataset S5 note
S5a,50,Desmognathus quadramaculatus,S5:White et al. 2006,Dataset S5 note
S5a,51,Dicamptodon ensatus,S5:White et al. 2006,Dataset S5 note
S5a,52,Discoglossus pictus,S5:White et al. 2006,Dataset S5 note
S5a,53,Eleutherodactylus coqui,S5:White et al. 2006,Dataset S5 note
S5a,54,Eleutherodactylus portoricensis,S5:White et al. 2006,Dataset S5 note
S5a,55,Ensatina eschscholtzi,S5:White et al. 2006,Dataset S5 note
S5a,56,Eurycea bislineata,S5:White et al. 2006,Dataset S5 note
S5a,57,Eurycea longicauda,S5:White et al. 2006,Dataset S5 note
S5a,58,Eurycea multiplicata,S5:White et al. 2006,Dataset S5 note
S5a,59,Eurycea nana,S5:White et al. 2006,Dataset S5 note
S5a,60,Eurycea neotenes,S5:White et al. 2006,Dataset S5 note
S5a,61,Eurycea pterophila?,S5:White et al. 2006,Dataset S5 note
S5a,62,Gastrophryne carolinesis,S5:White et al. 2006,Dataset S5 note
S5a,63,Geotrypetes seraphini,S5:White et al. 2006,Dataset S5 note
S5a,64,Gyrinophilus danielsi,S5:White et al. 2006,Dataset S5 note
S5a,65,Gyrinophilus porphyrictus,S5:White et al. 2006,Dataset S5 note
S5a,66,Hydromantes sp.,S5:White et al. 2006,Dataset S5 note
S5a,67,Hyla arborea,S5:White et al. 2006,Dataset S5 note
S5a,68,Hyla arenicolor,S5:White et al. 2006,Dataset S5 note
S5a,69,Hyla chrysoscelis,S5:White et al. 2006,Dataset S5 note
S5a,70,Hyla cinerea,S5:White et al. 2006,Dataset S5 note
S5a,71,Hyla crepitans,S5:White et al. 2006,Dataset S5 note
S5a,72,Hyla crucifer,S5:White et al. 2006,Dataset S5 note
S5a,73,Hyla gratiosa,S5:White et al. 2006,Dataset S5 note
S5a,74,Hyla maxima,S5:White et al. 2006,Dataset S5 note
S5a,75,Hyla regilla,S5:White et al. 2006,Dataset S5 note
S5a,76,Hyla squirella,S5:White et al. 2006,Dataset S5 note
S5a,77,Hyla versicolor,S5:White et al. 2006,Dataset S5 note
S5a,78,Hyperolius marmoratus,S5:White et al. 2006,Dataset S5 note
S5a,79,Hyperolius parallelus,S5:White et al. 2006,Dataset S5 note
S5a,80,Hyperolius tuberilinguis,S5:White et al. 2006,Dataset S5 note
S5a,81,Hyperolius viridiflavus,S5:White et al. 2006,Dataset S5 note
S5a,82,Kaloula pulchra,S5:White et al. 2006,Dataset S5 note
S5a,83,Kassina senegalensis,S5:White et al. 2006,Dataset S5 note
S5a,84,Kassina weali,S5:White et al. 2006,Dataset S5 note
S5a,85,Lepidobatrachus llanensis,S5:White et al. 2006,Dataset S5 note
S5a,86,Leptodactylus typhonius,S5:White et al. 2006,Dataset S5 note
S5a,87,Microhyla carolinensis,S5:White et al. 2006,Dataset S5 note
S5a,88,Molga torosa?,S5:White et al. 2006,Dataset S5 note
S5a,89,Necturus maculosus,S5:White et al. 2006,Dataset S5 note
S5a,90,Notophthalmus viridescens,S5:White et al. 2006,Dataset S5 note
S5a,91,Occidozyga martensii,S5:White et al. 2006,Dataset S5 note
S5a,92,Odontophrynus americanus,S5:White et al. 2006,Dataset S5 note
S5a,93,Osteopilus septentrionalis,S5:White et al. 2006,Dataset S5 note
S5a,94,Phyllomedusa sauvagei,S5:White et al. 2006,Dataset S5 note
S5a,95,Physalaemus pustulosus,S5:White et al. 2006,Dataset S5 note
S5a,96,Plethodon cinereus,S5:White et al. 2006,Dataset S5 note
S5a,97,Plethodon dorsalis,S5:White et al. 2006,Dataset S5 note
S5a,98,Plethodon glutinosus,S5:White et al. 2006,Dataset S5 note
S5a,99,Plethodon jordani,S5:White et al. 2006,Dataset S5 note
S5a,100,Plethodon neomexicanus,S5:White et al. 2006,Dataset S5 note
S5a,101,Plethodon spp.,S5:White et al. 2006,Dataset S5 note
S5a,102,Pseudacris nigrita,S5:White et al. 2006,Dataset S5 note
S5a,103,Pseudacris triseriata,S5:White et al. 2006,Dataset S5 note
S5a,104,Pseudobranchus striatus,S5:White et al. 2006,Dataset S5 note
S5a,105,Pseudoeurycea belli,S5:White et al. 2006,Dataset S5 note
S5a,106,Pseudoeurycea brunnata,S5:White et al. 2006,Dataset S5 note
S5a,107,Pseudoeurycea cephalica,S5:White et al. 2006,Dataset S5 note
S5a,108,Pseudoeurycea cochranae,S5:White et al. 2006,Dataset S5 note
S5a,109,Pseudoeurycea gadovii,S5:White et al. 2006,Dataset S5 note
S5a,110,Pseudoeurycea goebeli,S5:White et al. 2006,Dataset S5 note
S5a,111,Pseudoeurycea leprosa,S5:White et al. 2006,Dataset S5 note
S5a,112,Pseudoeurycea rex,S5:White et al. 2006,Dataset S5 note
S5a,113,Pseudoeurycea smithii,S5:White et al. 2006,Dataset S5 note
S5a,114,Pseudotriton ruber,S5:White et al. 2006,Dataset S5 note
S5a,115,Pternohyla fodiens,S5:White et al. 2006,Dataset S5 note
S5a,116,Pyxicephalus adspersus,S5:White et al. 2006,Dataset S5 note
S5a,117,Rana arvalis,S5:White et al. 2006,Dataset S5 note
S5a,118,Rana aspersa,S5:White et al. 2006,Dataset S5 note
S5a,119,Rana berlandieri,S5:White et al. 2006,Dataset S5 note
S5a,120,Rana blythi,S5:White et al. 2006,Dataset S5 note
S5a,121,Rana cancrivora,S5:White et al. 2006,Dataset S5 note
S5a,122,Rana catesbeiana,S5:White et al. 2006,Dataset S5 note
S5a,123,Rana chalconota,S5:White et al. 2006,Dataset S5 note
S5a,124,Rana clamitans,S5:White et al. 2006,Dataset S5 note
S5a,125,Rana cyanophlyctis,S5:White et al. 2006,Dataset S5 note
S5a,126,Rana erythraea,S5:White et al. 2006,Dataset S5 note
S5a,127,Rana esculenta,S5:White et al. 2006,Dataset S5 note
S5a,128,Rana hexadactyla,S5:White et al. 2006,Dataset S5 note
S5a,129,Rana magna,S5:White et al. 2006,Dataset S5 note
S5a,130,Rana muscosa,S5:White et al. 2006,Dataset S5 note
S5a,131,Rana nicobariensis,S5:White et al. 2006,Dataset S5 note
S5a,132,Rana palustris,S5:White et al. 2006,Dataset S5 note
S5a,133,Rana pipiens,S5:White et al. 2006,Dataset S5 note
S5a,134,Rana ridibunda,S5:White et al. 2006,Dataset S5 note
S5a,135,Rana sylvatica,S5:White et al. 2006,Dataset S5 note
S5a,136,Rana temporaria,S5:White et al. 2006,Dataset S5 note
S5a,137,Rana virgatipes,S5:White et al. 2006,Dataset S5 note
S5a,138,Rhyacotriton olympicus,S5:White et al. 2006,Dataset S5 note
S5a,139,Salamandra maculosa,S5:White et al. 2006,Dataset S5 note
S5a,140,Salamandra salamandra,S5:White et al. 2006,Dataset S5 note
S5a,141,Scaphiopus bombifrons,S5:White et al. 2006,Dataset S5 note
S5a,142,Scaphiopus couchii,S5:White et al. 2006,Dataset S5 note
S5a,143,Scaphiopus hammondii,S5:White et al. 2006,Dataset S5 note
S5a,144,Scaphiopus holbrooki,S5:White et al. 2006,Dataset S5 note
S5a,145,Siren intermedia,S5:White et al. 2006,Dataset S5 note
S5a,146,Siren lacertina,S5:White et al. 2006,Dataset S5 note
S5a,147,Smilisca baudinii,S5:White et al. 2006,Dataset S5 note
S5a,148,Taricha granulosa,S5:White et al. 2006,Dataset S5 note
S5a,149,Taricha rivularis,S5:White et al. 2006,Dataset S5 note
S5a,150,Taricha torosa,S5:White et al. 2006,Dataset S5 note
S5a,151,Telmatobius culeus,S5:White et al. 2006,Dataset S5 note
S5a,152,Telmatobius marmoratus,S5:White et al. 2006,Dataset S5 note
S5a,153,Thorius sp.,S5:White et al. 2006,Dataset S5 note
S5a,154,Triturus cristatus,S5:White et al. 2006,Dataset S5 note
S5a,155,Triturus vulgaris,S5:White et al. 2006,Dataset S5 note
S5a,156,Typhlonectes compressicauda,S5:White et al. 2006,Dataset S5 note
S5a,157,Xenopus laevis,S5:White et al. 2006,Dataset S5 note
S5a,158,Xenopus mulleri,S5:White et al. 2006,Dataset S5 note
S5b,1,Acabthodactylus boskianus,S5:White et al. 2006,Dataset S5 note
S5b,2,Acanthodactylus erythrurus,S5:White et al. 2006,Dataset S5 note
S5b,3,Acanthodactylus opheodurus,S5:White et al. 2006,Dataset S5 note
S5b,4,Acanthodactylus pardalis,S5:White et al. 2006,Dataset S5 note
S5b,5,Acanthodactylus schmidti,S5:White et al. 2006,Dataset S5 note
S5b,6,Acanthodactylus schreiberi,S5:White et al. 2006,Dataset S5 note
S5b,7,Acanthodactylus scutellatus,S5:White et al. 2006,Dataset S5 note
S5b,8,Acanthophis praelongus,S5:White et al. 2006,Dataset S5 note
S5b,9,Acontias meleagris,S5:White et al. 2006,Dataset S5 note
S5b,10,Acrantophis dumerili,S5:White et al. 2006,Dataset S5 note
S5b,11,Acrochordus aradurae,S5:White et al. 2006,Dataset S5 note
S5b,12,Aligator mississippiensis,S5:White et al. 2006,Dataset S5 note
S5b,13,Amblyrhynchus cristatus,S5:White et al. 2006,Dataset S5 note
S5b,14,Amphibolurus barbatus,S5:White et al. 2006,Dataset S5 note
S5b,15,Amphibolurus nuchalis,S5:White et al. 2006,Dataset S5 note
S5b,16,Anarbylus switaki,S5:White et al. 2006,Dataset S5 note
S5b,17,Anguis fragilis,S5:White et al. 2006,Dataset S5 note
S5b,18,Anniella pulchra,S5:White et al. 2006,Dataset S5 note
S5b,19,Anolis acutus,S5:White et al. 2006,Dataset S5 note
S5b,20,Anolis bonariensis,S5:White et al. 2006,Dataset S5 note
S5b,21,Anolis carolinensis,S5:White et al. 2006,Dataset S5 note
S5b,22,Anolis limifrons,S5:White et al. 2006,Dataset S5 note
S5b,23,Antaresia childreni,S5:White et al. 2006,Dataset S5 note
S5b,24,Antaresia stimsoni,S5:White et al. 2006,Dataset S5 note
S5b,25,Aspidites melanocephalus,S5:White et al. 2006,Dataset S5 note
S5b,26,Blanus cinereus,S5:White et al. 2006,Dataset S5 note
S5b,27,Boa constrictor,S5:White et al. 2006,Dataset S5 note
S5b,28,Bunopus tuberculatus,S5:White et al. 2006,Dataset S5 note
S5b,29,Candoia carinatus,S5:White et al. 2006,Dataset S5 note
S5b,30,Chalcides ocellatus,S5:White et al. 2006,Dataset S5 note
S5b,31,Chelydra serpentina,S5:White et al. 2006,Dataset S5 note
S5b,32,Chironius quadricarinatus,S5:White et al. 2006,Dataset S5 note
S5b,33,Cnemidophorus murinus,S5:White et al. 2006,Dataset S5 note
S5b,34,Cnemidophorus tigris,S5:White et al. 2006,Dataset S5 note
S5b,35,Coleonyx variegatus,S5:White et al. 2006,Dataset S5 note
S5b,36,Coluber constrictor,S5:White et al. 2006,Dataset S5 note
S5b,37,Corallus caninus,S5:White et al. 2006,Dataset S5 note
S5b,38,Corallus enhydris,S5:White et al. 2006,Dataset S5 note
S5b,39,Cosymbotus platyurus,S5:White et al. 2006,Dataset S5 note
S5b,40,Crotalus viridis,S5:White et al. 2006,Dataset S5 note
S5b,41,Crotaphytus collaris,S5:White et al. 2006,Dataset S5 note
S5b,42,Ctenotus labillardieri,S5:White et al. 2006,Dataset S5 note
S5b,43,Cyclagras gigas,S5:White et al. 2006,Dataset S5 note
S5b,44,Diadophis punctatus,S5:White et al. 2006,Dataset S5 note
S5b,45,Diplometopon zarudnyi,S5:White et al. 2006,Dataset S5 note
S5b,46,Dipsas albifrons,S5:White et al. 2006,Dataset S5 note
S5b,47,Dipsosaurus dorsalis,S5:White et al. 2006,Dataset S5 note
S5b,48,Egernia cunninghami,S5:White et al. 2006,Dataset S5 note
S5b,49,Elaphe guttata,S5:White et al. 2006,Dataset S5 note
S5b,50,Epicrates cenchria,S5:White et al. 2006,Dataset S5 note
S5b,51,Eryx colubrinus,S5:White et al. 2006,Dataset S5 note
S5b,52,Eumeces fasciatus,S5:White et al. 2006,Dataset S5 note
S5b,53,Eumeces inexpectatus,S5:White et al. 2006,Dataset S5 note
S5b,54,Eumeces obsoletus,S5:White et al. 2006,Dataset S5 note
S5b,55,Eunectes murinus,S5:White et al. 2006,Dataset S5 note
S5b,56,Eunectes notaeus,S5:White et al. 2006,Dataset S5 note
S5b,57,Garthia gaudichaudi,S5:White et al. 2006,Dataset S5 note
S5b,58,Gekko gecko,S5:White et al. 2006,Dataset S5 note
S5b,59,Gerrhonotus multicarinatus,S5:White et al. 2006,Dataset S5 note
S5b,60,Gonotodes antillensis,S5:White et al. 2006,Dataset S5 note
S5b,61,Helicops modestus,S5:White et al. 2006,Dataset S5 note
S5b,62,Hemidactylus frenatus,S5:White et al. 2006,Dataset S5 note
S5b,63,Iguana iguana,S5:White et al. 2006,Dataset S5 note
S5b,64,Klauberina riversiana,S5:White et al. 2006,Dataset S5 note
S5b,65,Lacerta agilis,S5:White et al. 2006,Dataset S5 note
S5b,66,Lacerta sicula,S5:White et al. 2006,Dataset S5 note
S5b,67,Lacerta trilineata,S5:White et al. 2006,Dataset S5 note
S5b,68,Lacerta viridis,S5:White et al. 2006,Dataset S5 note
S5b,69,Lacerta vivipara,S5:White et al. 2006,Dataset S5 note
S5b,70,Lampropeltis getulus,S5:White et al. 2006,Dataset S5 note
S5b,71,Lampropeltis miliaris,S5:White et al. 2006,Dataset S5 note
S5b,72,Leimadophis poecilogyrus,S5:White et al. 2006,Dataset S5 note
S5b,73,Lepidophyma gaigeae,S5:White et al. 2006,Dataset S5 note
S5b,74,Lepidophyma smithi,S5:White et al. 2006,Dataset S5 note
S5b,75,Liasis fuscus,S5:White et al. 2006,Dataset S5 note
S5b,76,Liasis olivaceus,S5:White et al. 2006,Dataset S5 note
S5b,77,Lichanura roseofusca,S5:White et al. 2006,Dataset S5 note
S5b,78,Lichanura trivirgata,S5:White et al. 2006,Dataset S5 note
S5b,79,Masticodryas bifossatus,S5:White et al. 2006,Dataset S5 note
S5b,80,Masticophis flagellum,S5:White et al. 2006,Dataset S5 note
S5b,81,Morelia spilota variegata,S5:White et al. 2006,Dataset S5 note
S5b,82,Natrix maura,S5:White et al. 2006,Dataset S5 note
S5b,83,Natrix natrix helretica,S5:White et al. 2006,Dataset S5 note
S5b,84,Nerodia rhombifera,S5:White et al. 2006,Dataset S5 note
S5b,85,Ophisaurus ventralis,S5:White et al. 2006,Dataset S5 note
S5b,86,Oxyrhopus trigeminus,S5:White et al. 2006,Dataset S5 note
S5b,87,Pelamis platurus,S5:White et al. 2006,Dataset S5 note
S5b,88,Philodryas olfersii,S5:White et al. 2006,Dataset S5 note
S5b,89,Philodryas patagoniensis,S5:White et al. 2006,Dataset S5 note
S5b,90,Philodryas serra,S5:White et al. 2006,Dataset S5 note
S5b,91,Phrynosoma cornutum,S5:White et al. 2006,Dataset S5 note
S5b,92,Phrynosoma douglassi,S5:White et al. 2006,Dataset S5 note
S5b,93,Phrynosoma m'calli,S5:White et al. 2006,Dataset S5 note
S5b,94,Physignathus lesueurii,S5:White et al. 2006,Dataset S5 note
S5b,95,Pituophis melanolecus,S5:White et al. 2006,Dataset S5 note
S5b,96,Pitupophis catenifer affinis,S5:White et al. 2006,Dataset S5 note
S5b,97,Podarcis hispanica,S5:White et al. 2006,Dataset S5 note
S5b,98,Podarcis lilfordi brauni,S5:White et al. 2006,Dataset S5 note
S5b,99,Podarcis muralis,S5:White et al. 2006,Dataset S5 note
S5b,100,Psammodromus algirus,S5:White et al. 2006,Dataset S5 note
S5b,101,Pseudemys scripta,S5:White et al. 2006,Dataset S5 note
S5b,102,Pseudonaja nuchalis,S5:White et al. 2006,Dataset S5 note
S5b,103,Ptyodactylus hasselquistii,S5:White et al. 2006,Dataset S5 note
S5b,104,Python curtis,S5:White et al. 2006,Dataset S5 note
S5b,105,Python molurus,S5:White et al. 2006,Dataset S5 note
S5b,106,Python regius,S5:White et al. 2006,Dataset S5 note
S5b,107,Python reticulatus,S5:White et al. 2006,Dataset S5 note
S5b,108,Python sebae,S5:White et al. 2006,Dataset S5 note
S5b,109,Salvadora hexalepis,S5:White et al. 2006,Dataset S5 note
S5b,110,Sauromalus hispidus,S5:White et al. 2006,Dataset S5 note
S5b,111,Sauromalus obesus,S5:White et al. 2006,Dataset S5 note
S5b,112,Sceloporus graciosus,S5:White et al. 2006,Dataset S5 note
S5b,113,Sceloporus occidentalis,S5:White et al. 2006,Dataset S5 note
S5b,114,Sceloporus olivaceus,S5:White et al. 2006,Dataset S5 note
S5b,115,Sceloporus undulatus,S5:White et al. 2006,Dataset S5 note
S5b,116,Sceloporus variabilis,S5:White et al. 2006,Dataset S5 note
S5b,117,Scelotes gronovii,S5:White et al. 2006,Dataset S5 note
S5b,118,Scincella lateralis,S5:White et al. 2006,Dataset S5 note
S5b,119,Scinus mitranus,S5:White et al. 2006,Dataset S5 note
S5b,120,Sibynomorphis mikanii,S5:White et al. 2006,Dataset S5 note
S5b,121,Spalerosophis cliffordi,S5:White et al. 2006,Dataset S5 note
S5b,122,Sphaerodactylus beattyi,S5:White et al. 2006,Dataset S5 note
S5b,123,Sphaerodactylus cinereus,S5:White et al. 2006,Dataset S5 note
S5b,124,Sphaerodactylus macrolepis,S5:White et al. 2006,Dataset S5 note
S5b,125,Sphenodon punctatum,S5:White et al. 2006,Dataset S5 note
S5b,126,Sphenops sepsoides,S5:White et al. 2006,Dataset S5 note
S5b,127,Storeria dekayi,S5:White et al. 2006,Dataset S5 note
S5b,128,Tarentola mauritanica,S5:White et al. 2006,Dataset S5 note
S5b,129,Terrapene ornata ornata,S5:White et al. 2006,Dataset S5 note
S5b,130,Thamnodyastes strigatus,S5:White et al. 2006,Dataset S5 note
S5b,131,Thamnophis butleri,S5:White et al. 2006,Dataset S5 note
S5b,132,Thamnophis proximus,S5:White et al. 2006,Dataset S5 note
S5b,133,Thamnophis sirtalis,S5:White et al. 2006,Dataset S5 note
S5b,134,Tiliqua rugosa,S5:White et al. 2006,Dataset S5 note
S5b,135,Tiliqua scincoides,S5:White et al. 2006,Dataset S5 note
S5b,136,Trachydosaurus rugosus,S5:White et al. 2006,Dataset S5 note
S5b,137,Trogonophis weigmanni,S5:White et al. 2006,Dataset S5 note
S5b,138,Uromastyx microlepis,S5:White et al. 2006,Dataset S5 note
S5b,139,Uta mearnsi,S5:White et al. 2006,Dataset S5 note
S5b,140,Uta stansburiana,S5:White et al. 2006,Dataset S5 note
S5b,141,Varanus albigularis,S5:White et al. 2006,Dataset S5 note
S5b,142,Varanus bengalensis,S5:White et al. 2006,Dataset S5 note
S5b,143,Varanus exanthematicus,S5:White et al. 2006,Dataset S5 note
S5b,144,Varanus giganteus,S5:White et al. 2006,Dataset S5 note
S5b,145,Varanus gilleni,S5:White et al. 2006,Dataset S5 note
S5b,146,Varanus gouldi,S5:White et al. 2006,Dataset S5 note
S5b,147,Varanus mertensi,S5:White et al. 2006,Dataset S5 note
S5b,148,Varanus panoptes,S5:White et al. 2006,Dataset S5 note
S5b,149,Varanus varius,S5:White et al. 2006,Dataset S5 note
S5b,150,Varnus rosenbergi,S5:White et al. 2006,Dataset S5 note
S5b,151,Vipera berus,S5:White et al. 2006,Dataset S5 note
S5b,152,Xantusia henshawi,S5:White et al. 2006,Dataset S5 note
S5b,153,Xantusia vigilis,S5:White et al. 2006,Dataset S5 note
S5b,154,Xenodon guentheri,S5:White et al. 2006,Dataset S5 note
S5b,155,Xenodon merremii,S5:White et al. 2006,Dataset S5 note
S5b,156,Xenodon neuwiedii,S5:White et al. 2006,Dataset S5 note
S5c,1,Abramis brama,S5c:FishBase,Dataset S5 note
S5c,2,Acanthopagrus schlegelii schlegelii,S5c:FishBase,Dataset S5 note
S5c,3,Acipenser gueldenstaedtii,S5c:FishBase,Dataset S5 note
S5c,4,Acipenser nudiventris,S5c:FishBase,Dataset S5 note
S5c,5,Acipenser ruthenus,S5c:FishBase,Dataset S5 note
S5c,6,Acipenser stellatus,S5c:FishBase,Dataset S5 note
S5c,7,Acipenser transmontanus,S5c:FishBase,Dataset S5 note
S5c,8,Aequidens pulcher,S5c:FishBase,Dataset S5 note
S5c,9,Alburnus alburnus,S5c:FishBase,Dataset S5 note
S5c,10,Ambassis interrupta,S5c:FishBase,Dataset S5 note
S5c,11,Ameiurus melas,S5c:FishBase,Dataset S5 note
S5c,12,Ameiurus natalis,S5c:FishBase,Dataset S5 note
S5c,13,Ameiurus nebulosus,S5c:FishBase,Dataset S5 note
S5c,14,Anabas testudineus,S5c:FishBase,Dataset S5 note
S5c,15,Anarhichas minor,S5c:FishBase,Dataset S5 note
S5c,16,Anguilla anguilla,S5c:FishBase,Dataset S5 note
S5c,17,Anguilla australis australis,S5c:FishBase,Dataset S5 note
S5c,18,Anguilla japonica,S5c:FishBase,Dataset S5 note
S5c,19,Anguilla rostrata,S5c:FishBase,Dataset S5 note
S5c,20,Anoplogaster cornuta,S5c:FishBase,Dataset S5 note
S5c,21,Aphanius dispar dispar,S5c:FishBase,Dataset S5 note
S5c,22,Arapaima gigas,S5c:FishBase,Dataset S5 note
S5c,23,Aristostomias lunifer,S5c:FishBase,Dataset S5 note
S5c,24,Bajacalifornia burragei,S5c:FishBase,Dataset S5 note
S5c,25,Balistes capriscus,S5c:FishBase,Dataset S5 note
S5c,26,Bathylagus antarcticus,S5c:FishBase,Dataset S5 note
S5c,27,Bathylagus stilbius,S5c:FishBase,Dataset S5 note
S5c,28,Bathylagus wesethi,S5c:FishBase,Dataset S5 note
S5c,29,Benthalbella elongata,S5c:FishBase,Dataset S5 note
S5c,30,Boreogadus saida,S5c:FishBase,Dataset S5 note
S5c,31,Borostomias panamensis,S5c:FishBase,Dataset S5 note
S5c,32,Brevoortia tyrannus,S5c:FishBase,Dataset S5 note
S5c,33,Callionymus lyra,S5c:FishBase,Dataset S5 note
S5c,34,Campostoma anomalum,S5c:FishBase,Dataset S5 note
S5c,35,Caranx hippos,S5c:FishBase,Dataset S5 note
S5c,36,Carassius auratus auratus,S5c:FishBase,Dataset S5 note
S5c,37,Carassius carassius,S5c:FishBase,Dataset S5 note
S5c,38,Catostomus commersonii,S5c:FishBase,Dataset S5 note
S5c,39,Catostomus tahoensis,S5c:FishBase,Dataset S5 note
S5c,40,Centropristis striata,S5c:FishBase,Dataset S5 note
S5c,41,Chaenocephalus aceratus,S5c:FishBase,Dataset S5 note
S5c,42,Channa marulius,S5c:FishBase,Dataset S5 note
S5c,43,Channa orientalis,S5c:FishBase,Dataset S5 note
S5c,44,Channa punctata,S5c:FishBase,Dataset S5 note
S5c,45,Channa striata,S5c:FishBase,Dataset S5 note
S5c,46,Channichthys rhinoceratus,S5c:FishBase,Dataset S5 note
S5c,47,Chanos chanos,S5c:FishBase,Dataset S5 note
S5c,48,Chiasmodon niger,S5c:FishBase,Dataset S5 note
S5c,49,Chiloscyllium plagiosum,S5c:FishBase,Dataset S5 note
S5c,50,Chromis chromis,S5c:FishBase,Dataset S5 note
S5c,51,Cichlasoma bimaculatum,S5c:FishBase,Dataset S5 note
S5c,52,Cirrhinus cirrhosus,S5c:FishBase,Dataset S5 note
S5c,53,Citharichthys stigmaeus,S5c:FishBase,Dataset S5 note
S5c,54,Clarias batrachus,S5c:FishBase,Dataset S5 note
S5c,55,Clinocottus analis,S5c:FishBase,Dataset S5 note
S5c,56,Colisa fasciata,S5c:FishBase,Dataset S5 note
S5c,57,Colossoma macropomum,S5c:FishBase,Dataset S5 note
S5c,58,Conger conger,S5c:FishBase,Dataset S5 note
S5c,59,Coregonus autumnalis,S5c:FishBase,Dataset S5 note
S5c,60,Coregonus fera,S5c:FishBase,Dataset S5 note
S5c,61,Coregonus sardinella,S5c:FishBase,Dataset S5 note
S5c,62,Coryphaena equiselis,S5c:FishBase,Dataset S5 note
S5c,63,Coryphaena hippurus,S5c:FishBase,Dataset S5 note
S5c,64,Coryphaenoides armatus,S5c:FishBase,Dataset S5 note
S5c,65,Cottus gobio,S5c:FishBase,Dataset S5 note
S5c,66,Ctenopharyngodon idella,S5c:FishBase,Dataset S5 note
S5c,67,Cyclothone acclinidens,S5c:FishBase,Dataset S5 note
S5c,68,Cyclothone microdon,S5c:FishBase,Dataset S5 note
S5c,69,Cyprinodon variegatus variegatus,S5c:FishBase,Dataset S5 note
S5c,70,Cyprinus carpio carpio,S5c:FishBase,Dataset S5 note
S5c,71,Dactylopterus volitans,S5c:FishBase,Dataset S5 note
S5c,72,Dasyatis sabina,S5c:FishBase,Dataset S5 note
S5c,73,Diaphus theta,S5c:FishBase,Dataset S5 note
S5c,74,Diplodus sargus sargus,S5c:FishBase,Dataset S5 note
S5c,75,Dorosoma cepedianum,S5c:FishBase,Dataset S5 note
S5c,76,Echiichthys vipera,S5c:FishBase,Dataset S5 note
S5c,77,Electrona antarctica,S5c:FishBase,Dataset S5 note
S5c,78,Embiotoca lateralis,S5c:FishBase,Dataset S5 note
S5c,79,Encheliophis homei,S5c:FishBase,Dataset S5 note
S5c,80,Engraulis japonicus,S5c:FishBase,Dataset S5 note
S5c,81,Epinephelus akaara,S5c:FishBase,Dataset S5 note
S5c,82,Erimyzon oblongus,S5c:FishBase,Dataset S5 note
S5c,83,Erpetoichthys calabaricus,S5c:FishBase,Dataset S5 note
S5c,84,Esomus danricus,S5c:FishBase,Dataset S5 note
S5c,85,Esox lucius,S5c:FishBase,Dataset S5 note
S5c,86,Esox masquinongy,S5c:FishBase,Dataset S5 note
S5c,87,Etheostoma blennioides,S5c:FishBase,Dataset S5 note
S5c,88,Euthynnus affinis,S5c:FishBase,Dataset S5 note
S5c,89,Exodon paradoxus,S5c:FishBase,Dataset S5 note
S5c,90,Fundulus grandis,S5c:FishBase,Dataset S5 note
S5c,91,Fundulus heteroclitus heteroclitus,S5c:FishBase,Dataset S5 note
S5c,92,Fundulus parvipinnis,S5c:FishBase,Dataset S5 note
S5c,93,Fundulus similis,S5c:FishBase,Dataset S5 note
S5c,94,Gadus morhua,S5c:FishBase,Dataset S5 note
S5c,95,Gadus ogac,S5c:FishBase,Dataset S5 note
S5c,96,Gambusia affinis,S5c:FishBase,Dataset S5 note
S5c,97,Gambusia holbrooki,S5c:FishBase,Dataset S5 note
S5c,98,Gasterosteus aculeatus aculeatus,S5c:FishBase,Dataset S5 note
S5c,99,Genyagnus monopterygius,S5c:FishBase,Dataset S5 note
S5c,100,Gilchristella aestuaria,S5c:FishBase,Dataset S5 note
S5c,101,Gillichthys mirabilis,S5c:FishBase,Dataset S5 note
S5c,102,Girella nigricans,S5c:FishBase,Dataset S5 note
S5c,103,Glossogobius giuris,S5c:FishBase,Dataset S5 note
S5c,104,Gnathonemus petersii,S5c:FishBase,Dataset S5 note
S5c,105,Gobio gobio gobio,S5c:FishBase,Dataset S5 note
S5c,106,Gobionotothen gibberifrons,S5c:FishBase,Dataset S5 note
S5c,107,Gobius paganellus,S5c:FishBase,Dataset S5 note
S5c,108,Gymnocephalus cernuus,S5c:FishBase,Dataset S5 note
S5c,109,Gymnodraco acuticeps,S5c:FishBase,Dataset S5 note
S5c,110,Gymnoscopelus braueri,S5c:FishBase,Dataset S5 note
S5c,111,Gymnoscopelus opisthopterus,S5c:FishBase,Dataset S5 note
S5c,112,Harpagifer georgianus,S5c:FishBase,Dataset S5 note
S5c,113,Hemichromis bimaculatus,S5c:FishBase,Dataset S5 note
S5c,114,Heteropneustes fossilis,S5c:FishBase,Dataset S5 note
S5c,115,Hippocampus hippocampus,S5c:FishBase,Dataset S5 note
S5c,116,Hippoglossoides platessoides,S5c:FishBase,Dataset S5 note
S5c,117,Hoplerythrinus unitaeniatus,S5c:FishBase,Dataset S5 note
S5c,118,Ichthyomyzon fossor,S5c:FishBase,Dataset S5 note
S5c,119,Ictalurus punctatus,S5c:FishBase,Dataset S5 note
S5c,120,Katsuwonus pelamis,S5c:FishBase,Dataset S5 note
S5c,121,Kuhlia sandvicensis,S5c:FishBase,Dataset S5 note
S5c,122,Labeo calbasu,S5c:FishBase,Dataset S5 note
S5c,123,Labeo capensis,S5c:FishBase,Dataset S5 note
S5c,124,Labeo rohita,S5c:FishBase,Dataset S5 note
S5c,125,Labeobarbus aeneus,S5c:FishBase,Dataset S5 note
S5c,126,Labrus bergylta,S5c:FishBase,Dataset S5 note
S5c,127,Lagodon rhomboides,S5c:FishBase,Dataset S5 note
S5c,128,Lampetra fluviatilis,S5c:FishBase,Dataset S5 note
S5c,129,Lampetra planeri,S5c:FishBase,Dataset S5 note
S5c,130,Leiostomus xanthurus,S5c:FishBase,Dataset S5 note
S5c,131,Lepidocephalichthys guntea,S5c:FishBase,Dataset S5 note
S5c,132,Lepidogalaxias salamandroides,S5c:FishBase,Dataset S5 note
S5c,133,Lepomis cyanellus,S5c:FishBase,Dataset S5 note
S5c,134,Lepomis gibbosus,S5c:FishBase,Dataset S5 note
S5c,135,Lepomis macrochirus,S5c:FishBase,Dataset S5 note
S5c,136,Leporinus fasciatus,S5c:FishBase,Dataset S5 note
S5c,137,Leucaspius delineatus,S5c:FishBase,Dataset S5 note
S5c,138,Leuciscus cephalus,S5c:FishBase,Dataset S5 note
S5c,139,Leuciscus idus,S5c:FishBase,Dataset S5 note
S5c,140,Leuciscus leuciscus,S5c:FishBase,Dataset S5 note
S5c,141,Limanda limanda,S5c:FishBase,Dataset S5 note
S5c,142,Lipolagus ochotensis,S5c:FishBase,Dataset S5 note
S5c,143,Lipophrys pholis,S5c:FishBase,Dataset S5 note
S5c,144,Liza dumerili,S5c:FishBase,Dataset S5 note
S5c,145,Liza macrolepis,S5c:FishBase,Dataset S5 note
S5c,146,Liza richardsonii,S5c:FishBase,Dataset S5 note
S5c,147,Lota lota,S5c:FishBase,Dataset S5 note
S5c,148,Lutjanus campechanus,S5c:FishBase,Dataset S5 note
S5c,149,Lycodichthys dearborni,S5c:FishBase,Dataset S5 note
S5c,150,Macrognathus aculeatus,S5c:FishBase,Dataset S5 note
S5c,151,Melamphaes acanthomus,S5c:FishBase,Dataset S5 note
S5c,152,Melanocetus johnsonii,S5c:FishBase,Dataset S5 note
S5c,153,Melanogrammus aeglefinus,S5c:FishBase,Dataset S5 note
S5c,154,Melanonus zugmayeri,S5c:FishBase,Dataset S5 note
S5c,155,Melanostigma gelatinosum,S5c:FishBase,Dataset S5 note
S5c,156,Melanostigma pammelas,S5c:FishBase,Dataset S5 note
S5c,157,Micropterus salmoides,S5c:FishBase,Dataset S5 note
S5c,158,Microstomus kitt,S5c:FishBase,Dataset S5 note
S5c,159,Misgurnus fossilis,S5c:FishBase,Dataset S5 note
S5c,160,Monopterus cuchia,S5c:FishBase,Dataset S5 note
S5c,161,Mugil cephalus,S5c:FishBase,Dataset S5 note
S5c,162,Mugil curema,S5c:FishBase,Dataset S5 note
S5c,163,Myoxocephalus octodecemspinosus,S5c:FishBase,Dataset S5 note
S5c,164,Myoxocephalus scorpius,S5c:FishBase,Dataset S5 note
S5c,165,Mystus armatus,S5c:FishBase,Dataset S5 note
S5c,166,Mystus cavasius,S5c:FishBase,Dataset S5 note
S5c,167,Mystus gulio,S5c:FishBase,Dataset S5 note
S5c,168,Mystus vittatus,S5c:FishBase,Dataset S5 note
S5c,169,Myxine glutinosa,S5c:FishBase,Dataset S5 note
S5c,170,Nannobrachium regale,S5c:FishBase,Dataset S5 note
S5c,171,Nannobrachium ritteri,S5c:FishBase,Dataset S5 note
S5c,172,Naucrates ductor,S5c:FishBase,Dataset S5 note
S5c,173,Notothenia coriiceps,S5c:FishBase,Dataset S5 note
S5c,174,Notothenia cyanobrancha,S5c:FishBase,Dataset S5 note
S5c,175,Notothenia rossii,S5c:FishBase,Dataset S5 note
S5c,176,Oligolepis acutipennis,S5c:FishBase,Dataset S5 note
S5c,177,Oncorhynchus mykiss,S5c:FishBase,Dataset S5 note
S5c,178,Oncorhynchus nerka,S5c:FishBase,Dataset S5 note
S5c,179,Oncorhynchus tshawytscha,S5c:FishBase,Dataset S5 note
S5c,180,Oneirodes acanthias,S5c:FishBase,Dataset S5 note
S5c,181,Ophiodon elongatus,S5c:FishBase,Dataset S5 note
S5c,182,Opsanus tau,S5c:FishBase,Dataset S5 note
S5c,183,Oreochromis aureus,S5c:FishBase,Dataset S5 note
S5c,184,Oreochromis mossambicus,S5c:FishBase,Dataset S5 note
S5c,185,Oreochromis niloticus niloticus,S5c:FishBase,Dataset S5 note
S5c,186,Orthodon microlepidotus,S5c:FishBase,Dataset S5 note
S5c,187,Oryzias latipes,S5c:FishBase,Dataset S5 note
S5c,188,Osphronemus goramy,S5c:FishBase,Dataset S5 note
S5c,189,Pagetopsis macropterus,S5c:FishBase,Dataset S5 note
S5c,190,Pagothenia borchgrevinki,S5c:FishBase,Dataset S5 note
S5c,191,Paranotothenia magellanica,S5c:FishBase,Dataset S5 note
S5c,192,Parophrys vetulus,S5c:FishBase,Dataset S5 note
S5c,193,Parvilux ingens,S5c:FishBase,Dataset S5 note
S5c,194,Perca fluviatilis,S5c:FishBase,Dataset S5 note
S5c,195,Petromyzon marinus,S5c:FishBase,Dataset S5 note
S5c,196,Pimephales promelas,S5c:FishBase,Dataset S5 note
S5c,197,Platichthys flesus,S5c:FishBase,Dataset S5 note
S5c,198,Platichthys stellatus,S5c:FishBase,Dataset S5 note
S5c,199,Plecoglossus altivelis altivelis,S5c:FishBase,Dataset S5 note
S5c,200,Pleuronectes platessa,S5c:FishBase,Dataset S5 note
S5c,201,Poecilia latipinna,S5c:FishBase,Dataset S5 note
S5c,202,Pollachius pollachius,S5c:FishBase,Dataset S5 note
S5c,203,Pomadasys commersonnii,S5c:FishBase,Dataset S5 note
S5c,204,Pomoxis annularis,S5c:FishBase,Dataset S5 note
S5c,205,Poromitra crassiceps,S5c:FishBase,Dataset S5 note
S5c,206,Protopterus annectens annectens,S5c:FishBase,Dataset S5 note
S5c,207,Psenes whiteleggii,S5c:FishBase,Dataset S5 note
S5c,208,Psetta maxima,S5c:FishBase,Dataset S5 note
S5c,209,Pseudobathylagus milleri,S5c:FishBase,Dataset S5 note
S5c,210,Pseudochaenichthys georgianus,S5c:FishBase,Dataset S5 note
S5c,211,Pseudopleuronectes americanus,S5c:FishBase,Dataset S5 note
S5c,212,Pterophyllum scalare,S5c:FishBase,Dataset S5 note
S5c,213,Rhinogobiops nicholsii,S5c:FishBase,Dataset S5 note
S5c,214,Rhodeus amarus,S5c:FishBase,Dataset S5 note
S5c,215,Rhodeus sericeus,S5c:FishBase,Dataset S5 note
S5c,216,Rutilus rutilus,S5c:FishBase,Dataset S5 note
S5c,217,Sagamichthys abei,S5c:FishBase,Dataset S5 note
S5c,218,Salmo salar,S5c:FishBase,Dataset S5 note
S5c,219,Salmo trutta fario,S5c:FishBase,Dataset S5 note
S5c,220,Salmo trutta trutta,S5c:FishBase,Dataset S5 note
S5c,221,Salvelinus alpinus alpinus,S5c:FishBase,Dataset S5 note
S5c,222,Salvelinus fontinalis,S5c:FishBase,Dataset S5 note
S5c,223,Salvelinus namaycush,S5c:FishBase,Dataset S5 note
S5c,224,Sander lucioperca,S5c:FishBase,Dataset S5 note
S5c,225,Sander vitreus,S5c:FishBase,Dataset S5 note
S5c,226,Sarda chiliensis lineolata,S5c:FishBase,Dataset S5 note
S5c,227,Sarotherodon galilaeus galilaeus,S5c:FishBase,Dataset S5 note
S5c,228,Scardinius erythrophthalmus,S5c:FishBase,Dataset S5 note
S5c,229,Scopelengys tristis,S5c:FishBase,Dataset S5 note
S5c,230,Scopelogadus mizolepis mizolepis,S5c:FishBase,Dataset S5 note
S5c,231,Scophthalmus rhombus,S5c:FishBase,Dataset S5 note
S5c,232,Scorpaena porcus,S5c:FishBase,Dataset S5 note
S5c,233,Scyliorhinus canicula,S5c:FishBase,Dataset S5 note
S5c,234,Scyliorhinus stellaris,S5c:FishBase,Dataset S5 note
S5c,235,Sebastes diploproa,S5c:FishBase,Dataset S5 note
S5c,236,Sebastolobus altivelis,S5c:FishBase,Dataset S5 note
S5c,237,Seriola quinqueradiata,S5c:FishBase,Dataset S5 note
S5c,238,Serranus scriba,S5c:FishBase,Dataset S5 note
S5c,239,Solea solea,S5c:FishBase,Dataset S5 note
S5c,240,Sparus aurata,S5c:FishBase,Dataset S5 note
S5c,241,Spinachia spinachia,S5c:FishBase,Dataset S5 note
S5c,242,Squalus acanthias,S5c:FishBase,Dataset S5 note
S5c,243,Stenobrachius leucopsarus,S5c:FishBase,Dataset S5 note
S5c,244,Stomias atriventer,S5c:FishBase,Dataset S5 note
S5c,245,Stomias danae,S5c:FishBase,Dataset S5 note
S5c,246,Symbolophorus californiensis,S5c:FishBase,Dataset S5 note
S5c,247,Synbranchus marmoratus,S5c:FishBase,Dataset S5 note
S5c,248,Syngnathus acus,S5c:FishBase,Dataset S5 note
S5c,249,Tarletonbeania crenularis,S5c:FishBase,Dataset S5 note
S5c,250,Tautogolabrus adspersus,S5c:FishBase,Dataset S5 note
S5c,251,Theragra chalcogramma,S5c:FishBase,Dataset S5 note
S5c,252,Thorichthys meeki,S5c:FishBase,Dataset S5 note
S5c,253,Thymallus arcticus arcticus,S5c:FishBase,Dataset S5 note
S5c,254,Tilapia rendalli,S5c:FishBase,Dataset S5 note
S5c,255,Tilapia zillii,S5c:FishBase,Dataset S5 note
S5c,256,Tinca tinca,S5c:FishBase,Dataset S5 note
S5c,257,Torpedo marmorata,S5c:FishBase,Dataset S5 note
S5c,258,Torpedo torpedo,S5c:FishBase,Dataset S5 note
S5c,259,Trematomus bernacchii,S5c:FishBase,Dataset S5 note
S5c,260,Trematomus hansoni,S5c:FishBase,Dataset S5 note
S5c,261,Trematomus pennellii,S5c:FishBase,Dataset S5 note
S5c,262,Trichogaster trichopterus,S5c:FishBase,Dataset S5 note
S5c,263,Triphoturus mexicanus,S5c:FishBase,Dataset S5 note
S5c,264,Typhlogobius californiensis,S5c:FishBase,Dataset S5 note
S5c,265,Xiphophorus hellerii,S5c:FishBase,Dataset S5 note
S5c,266,Zoarces viviparus,S5c:FishBase,Dataset S5 note
S6b,1,Eudyptes cristatus,S6b:Gavrilov 1977,"Gavrilov, 1977"
S6b,2,Eudyptes chrysolophus,S6b:Gavrilov 1977,"Gavrilov, 1977"
S6b,3,Aptenodytes patagonica,S6b:Gavrilov 1977,"Gavrilov, 1977"
S6b,4,Aix sponsa,S6b:Gavrilov 1980a; S6b:Gavrilov 1980b; S6b:Gavrilov 1980c; S6b:Gavrilov 1982a; S6b:Gavrilov 1982b; S6b:Gavrilov 1997; S6b:Gavrilov 1999a; S6b:Gavrilov 1999b,"Gavrilov, 1980abc, 1982ab, 1997, 1999ab"
S6b,5,Aix sponsa,S6b:Gavrilov 1985a; S6b:Gavrilov 1985b; S6b:Gavrilov 1997,"Gavrilov, 1985ab, 1997"
S6b,6,Aix sponsa,S6b:Gavrilov 1981; S6b:Gavrilov 1997; S6b:Gavrilov 1999a; S6b:Gavrilov 1999b,"Gavrilov, 1981, 1997, 1999ab"
S6b,7,Aix sponsa,S6b:Gavrilov 1981; S6b:Gavrilov 1997,"Gavrilov, 1981, 1997"
S6b,8,Anas penelope,S6b:Gavrilov 1980a; S6b:Gavrilov 1980b; S6b:Gavrilov 1980c; S6b:Gavrilov 1982a; S6b:Gavrilov 1982b; S6b:Gavrilov 1997,"Gavrilov, 1980abc, 1982ab, 1997"
S6b,9,Anas penelope,S6b:Gavrilov 1980a; S6b:Gavrilov 1980b; S6b:Gavrilov 1980c; S6b:Gavrilov 1982a; S6b:Gavrilov 1982b; S6b:Gavrilov 1997,"Gavrilov, 1980abc, 1982ab, 1997"
S6b,10,Anas platyrhynchos,S6b:Gavrilov 1980a; S6b:Gavrilov 1980b; S6b:Gavrilov 1980c; S6b:Gavrilov 1982a; S6b:Gavrilov 1982b; S6b:Gavrilov 1997; S6b:Gavrilov 1999a; S6b:Gavrilov 1999b,"Gavrilov, 1980abc, 1982ab, 1997, 1999ab"
S6b,11,Anas platyrhynchos,S6b:Gavrilov 1985a; S6b:Gavrilov 1985b; S6b:Gavrilov 1997,"Gavrilov, 1985ab, 1997"
S6b,12,Anas platyrhynchos,S6b:Gavrilov 1981; S6b:Gavrilov 1997; S6b:Gavrilov 1999a; S6b:Gavrilov 1999b,"Gavrilov, 1981, 1997, 1999ab"
S6b,13,Anas platyrhynchos,S6b:Gavrilov 1981; S6b:Gavrilov 1997,"Gavrilov, 1981, 1997"
S6b,14,Anser anser,S6b:Gavrilov & Dolnik 1985,"Gavrilov, Dolnik, 1985"
S6b,15,Falco tinnunculus,S6b:Gavrilov 1985a; S6b:Gavrilov 1985b,"Gavrilov, 1985ab"
S6b,16,Accipiter nisus,S6b:Gavrilov & Dolnik 1985,"Gavrilov, Dolnik, 1985"
S6b,17,Falco subbuteo,S6b:Gavrilov & Dolnik 1985,"Gavrilov, Dolnik, 1985"
S6b,18,Pernis apivorus,S6b:Gavrilov & Dolnik 1985,"Gavrilov, Dolnik, 1985"
S6b,19,Excalfactoria chinensis,S6b:Gavrilov 1985a; S6b:Gavrilov 1985b,"Gavrilov, 1985ab"
S6b,20,Excalfactoria chinensis,S6b:Gavrilov 1985a; S6b:Gavrilov 1985b,"Gavrilov, 1985ab"
S6b,21,Excalfactoria chinensis,S6b:Gavrilov 1981,"Gavrilov, 1981"
S6b,22,Excalfactoria chinensis,S6b:Gavrilov 1981,"Gavrilov, 1981"
S6b,23,Coturnix coturnix,S6b:Gavrilov 1980a; S6b:Gavrilov 1980b; S6b:Gavrilov 1980c; S6b:Gavrilov 1982a; S6b:Gavrilov 1982b; S6b:Gavrilov 1997; S6b:Gavrilov 1999a; S6b:Gavrilov 1999b,"Gavrilov, 1980abc, 1982ab, 1997,1999ab"
S6b,24,Coturnix coturnix,S6b:Gavrilov 1985a; S6b:Gavrilov 1985b; S6b:Gavrilov 1997,"Gavrilov, 1985ab, 1997"
S6b,25,Coturnix coturnix,S6b:Gavrilov 1981; S6b:Gavrilov 1997; S6b:Gavrilov 1999a; S6b:Gavrilov 1999b,"Gavrilov, 1981, 1997, 1999ab"
S6b,26,Coturnix coturnix,S6b:Gavrilov 1981; S6b:Gavrilov 1997,"Gavrilov, 1981, 1997"
S6b,27,Perdix perdix,S6b:Gavrilov 1980a; S6b:Gavrilov 1980b; S6b:Gavrilov 1980c; S6b:Gavrilov 1982a; S6b:Gavrilov 1982b; S6b:Gavrilov 1997; S6b:Gavrilov 1999a; S6b:Gavrilov 1999b,"Gavrilov, 1980abc, 1982ab,1997, 1999ab"
S6b,28,Perdix perdix,S6b:Gavrilov 1985a; S6b:Gavrilov 1985b; S6b:Gavrilov 1997,"Gavrilov, 1985ab, 1997"
S6b,29,Perdix perdix,S6b:Gavrilov 1981; S6b:Gavrilov 1997; S6b:Gavrilov 1999a; S6b:Gavrilov 1999b,"Gavrilov, 1981, 1997, 1999ab"
S6b,30,Perdix perdix,S6b:Gavrilov 1981; S6b:Gavrilov 1997,"Gavrilov, 1981, 1997"
S6b,31,Lagopus lagopus,S6b:Gavrilov 1980a; S6b:Gavrilov 1980b; S6b:Gavrilov 1980c; S6b:Gavrilov 1982a; S6b:Gavrilov 1982b; S6b:Gavrilov 1997; S6b:Gavrilov 1999a; S6b:Gavrilov 1999b,"Gavrilov, 1980abc, 1982ab, 1997, 1999ab"
S6b,32,Lagopus lagopus,S6b:Gavrilov 1985a; S6b:Gavrilov 1985b; S6b:Gavrilov 1997,"Gavrilov, 1985ab, 1997"
S6b,33,Lagopus lagopus,S6b:Gavrilov 1981; S6b:Gavrilov 1997; S6b:Gavrilov 1999a; S6b:Gavrilov 1999b,"Gavrilov, 1981, 1997, 1999ab"
S6b,34,Lagppus lagopus,S6b:Gavrilov 1981; S6b:Gavrilov 1997,"Gavrilov, 1981, 1997"
S6b,35,Alectoris graeca,S6b:Gavrilov 1980a; S6b:Gavrilov 1980b; S6b:Gavrilov 1980c; S6b:Gavrilov 1982a; S6b:Gavrilov 1982b; S6b:Gavrilov 1997; S6b:Gavrilov 1999a; S6b:Gavrilov 1999b,"Gavrilov, 1980abc, 1982ab, 1997, 1999ab"
S6b,36,Alectoris graeca,S6b:Gavrilov 1980a; S6b:Gavrilov 1980b; S6b:Gavrilov 1980c; S6b:Gavrilov 1982a; S6b:Gavrilov 1982b; S6b:Gavrilov 1997; S6b:Gavrilov 1999a; S6b:Gavrilov 1999b,"Gavrilov, 1980abc, 1982ab, 1997, 1999ab"
S6b,37,Tetrao urogallus ♀,S6b:Gavrilov 1980a; S6b:Gavrilov 1980b; S6b:Gavrilov 1980c; S6b:Gavrilov 1982a; S6b:Gavrilov 1982b; S6b:Gavrilov 1997; S6b:Gavrilov 1999a; S6b:Gavrilov 1999b,"Gavrilov, 1980abc, 1982ab, 1997, 1999ab"
S6b,38,Tetrao urogallus ♀,S6b:Gavrilov 1980a; S6b:Gavrilov 1980b; S6b:Gavrilov 1980c; S6b:Gavrilov 1982a; S6b:Gavrilov 1982b; S6b:Gavrilov 1997; S6b:Gavrilov 1999a; S6b:Gavrilov 1999b,"Gavrilov, 1980abc, 1982ab, 1997, 1999ab"
S6b,39,Crex crex,S6b:Gavrilov & Dolnik 1985,"Gavrilov, Dolnik, 1985"
S6b,40,Fulica atra,S6b:Gavrilov 1980a; S6b:Gavrilov 1980b; S6b:Gavrilov 1980c; S6b:Gavrilov 1982a; S6b:Gavrilov 1982b; S6b:Gavrilov 1997; S6b:Gavrilov 1999a; S6b:Gavrilov 1999b,"Gavrilov, 1980abc, 1982ab, 1997, 1999ab"
S6b,41,Fulica atra,S6b:Gavrilov 1980a; S6b:Gavrilov 1980b; S6b:Gavrilov 1980c; S6b:Gavrilov 1982a; S6b:Gavrilov 1982b; S6b:Gavrilov 1997; S6b:Gavrilov 1999a; S6b:Gavrilov 1999b,"Gavrilov, 1980abc, 1982ab, 1997, 1999ab"
S6b,42,Charadrius dubius,S6b:Gavrilov 1980a; S6b:Gavrilov 1980b; S6b:Gavrilov 1980c; S6b:Gavrilov 1982a; S6b:Gavrilov 1982b; S6b:Gavrilov 1997; S6b:Gavrilov 1999a; S6b:Gavrilov 1999b,"Gavrilov, 1980abc, 1982ab, 1997, 1999ab"
S6b,43,Charadius dubius,S6b:Gavrilov 1980a; S6b:Gavrilov 1980b; S6b:Gavrilov 1980c; S6b:Gavrilov 1982a; S6b:Gavrilov 1982b; S6b:Gavrilov 1997; S6b:Gavrilov 1999a; S6b:Gavrilov 1999b,"Gavrilov, 1980abc, 1982ab, 1997, 1999ab"
S6b,44,Larus ridibundus,S6b:Gavrilov 1980a; S6b:Gavrilov 1980b; S6b:Gavrilov 1980c; S6b:Gavrilov 1982a; S6b:Gavrilov 1982b; S6b:Gavrilov 1997; S6b:Gavrilov 1999a; S6b:Gavrilov 1999b,"Gavrilov, 1980abc, 1982ab, 1997, 1999ab"
S6b,45,Larua ridibundus,S6b:Gavrilov 1985a; S6b:Gavrilov 1985b; S6b:Gavrilov 1997,"Gavrilov, 1985ab, 1997"
S6b,46,Larus ridibundus,S6b:Gavrilov 1981; S6b:Gavrilov 1997; S6b:Gavrilov 1999a; S6b:Gavrilov 1999b,"Gavrilov, 1981, 1997, 1999ab"
S6b,47,Larus ridibundus,S6b:Gavrilov 1981; S6b:Gavrilov 1997,"Gavrilov, 1981, 1997"
S6b,48,Larus canus,S6b:Gavrilov 1980a; S6b:Gavrilov 1980b; S6b:Gavrilov 1980c; S6b:Gavrilov 1982a; S6b:Gavrilov 1982b; S6b:Gavrilov 1997; S6b:Gavrilov 1999a; S6b:Gavrilov 1999b,"Gavrilov, 1980abc, 1982ab, 1997, 1999ab"
S6b,49,Larus canus,S6b:Gavrilov 1985a; S6b:Gavrilov 1985b; S6b:Gavrilov 1997,"Gavrilov, 1985ab, 1997"
S6b,50,Larus canus,S6b:Gavrilov 1981; S6b:Gavrilov 1997; S6b:Gavrilov 1999a; S6b:Gavrilov 1999b,"Gavrilov, 1981, 1997, 1999ab"
S6b,51,Larus canus,S6b:Gavrilov 1981; S6b:Gavrilov 1997,"Gavrilov, 1981, 1997"
S6b,52,Scolopax rusticola,S6b:Gavrilov 1981,"Gavrilov, 1981"
S6b,53,Streptopelia senegalensis,S6b:Gavrilov & Dolnik 1985,"Gavrilov, Dolnik, 1985"
S6b,54,Streptopelia turtur,S6b:Gavrilov & Dolnik 1985,"Gavrilov, Dolnik, 1985"
S6b,55,Columba livia,S6b:Gavrilov 1981,"Gavrilov, 1981"
S6b,56,Columba livia,S6b:Gavrilov 1981,"Gavrilov, 1981"
S6b,57,Columba livia,S6b:Gavrilov 1985a; S6b:Gavrilov 1985b,"Gavrilov, 1985ab"
S6b,58,Columba livia,S6b:Gavrilov 1985a; S6b:Gavrilov 1985b,"Gavrilov, 1985ab"
S6b,59,Columba palumbus,S6b:Gavrilov & Dolnik 1985,"Gavrilov, Dolnik, 1985"
S6b,60,Melopsittacus undulatus,S6b:Gavrilov 1980a; S6b:Gavrilov 1980b; S6b:Gavrilov 1980c; S6b:Gavrilov 1982a; S6b:Gavrilov 1982b; S6b:Gavrilov 1997; S6b:Gavrilov 1999a; S6b:Gavrilov 1999b,"Gavrilov, 1980abc, 1982ab, 1997, 1999ab"
S6b,61,Melopsittacus undulatus,S6b:Gavrilov 1985a; S6b:Gavrilov 1985b; S6b:Gavrilov 1997,"Gavrilov, 1985ab, 1997"
S6b,62,Melopsittacus undulatus,S6b:Gavrilov 1981; S6b:Gavrilov 1997; S6b:Gavrilov 1999a; S6b:Gavrilov 1999b,"Gavrilov, 1981, 1997, 1999ab"
S6b,63,Melopsittacus undulatus,S6b:Gavrilov 1981; S6b:Gavrilov 1997,"Gavrilov, 1981, 1997"
S6b,64,Agapornis roseicollis,S6b:Gavrilov 1980a; S6b:Gavrilov 1980b; S6b:Gavrilov 1980c; S6b:Gavrilov 1982a; S6b:Gavrilov 1982b; S6b:Gavrilov 1997; S6b:Gavrilov 1999a; S6b:Gavrilov 1999b,"Gavrilov, 1980abc, 1982ab, 1997, 1999ab"
S6b,65,Agapornis roseicollis,S6b:Gavrilov 1985a; S6b:Gavrilov 1985b; S6b:Gavrilov 1997,"Gavrilov, 1985ab, 1997"
S6b,66,Agapornis roseicollis,S6b:Gavrilov 1981; S6b:Gavrilov 1997; S6b:Gavrilov 1999a; S6b:Gavrilov 1999b,"Gavrilov, 1981, 1997, 1999ab"
S6b,67,Agapornis roseicollis,S6b:Gavrilov 1981; S6b:Gavrilov 1997,"Gavrilov, 1981, 1997"
S6b,68,Agapornis fisheri,S6b:Gavrilov & Dolnik 1985,"Gavrilov, Dolnik, 1985"
S6b,69,Nymphicus hollandicus,S6b:Gavrilov 1980a; S6b:Gavrilov 1980b; S6b:Gavrilov 1980c; S6b:Gavrilov 1982a; S6b:Gavrilov 1982b; S6b:Gavrilov 1997; S6b:Gavrilov 1999a; S6b:Gavrilov 1999b,"Gavrilov, 1980abc, 1982ab, 1997, 1999ab"
S6b,70,Nymphicus hollandicus,S6b:Gavrilov 1985a; S6b:Gavrilov 1985b; S6b:Gavrilov 1997,"Gavrilov, 1985ab, 1997"
S6b,71,Nymphicus hollandicus,S6b:Gavrilov 1981; S6b:Gavrilov 1997; S6b:Gavrilov 1999a; S6b:Gavrilov 1999b,"Gavrilov, 1981, 1997, 1999ab"
S6b,72,Nymphicus hollandicus,S6b:Gavrilov 1981; S6b:Gavrilov 1997,"Gavrilov, 1981, 1997"
S6b,73,Cuculus canorus,S6b:Gavrilov & Dolnik 1985,"Gavrilov, Dolnik, 1985"
S6b,74,Asio otus,S6b:Gavrilov & Dolnik 1985,"Gavrilov, Dolnik, 1985"
S6b,75,Caprimulgus europeus,S6b:Gavrilov & Dolnik 1985,"Gavrilov, Dolnik, 1985"
S6b,76,Apus apus,S6b:Gavrilov 1985a; S6b:Gavrilov 1985b,"Gavrilov, 1985ab"
S6b,77,Alcedo atthis,S6b:Gavrilov & Dolnik 1985,"Gavrilov, Dolnik, 1985"
S6b,78,Yynx torquilla,S6b:Gavrilov & Dolnik 1985,"Gavrilov, Dolnik, 1985"
S6b,79,Dendrocopus major,S6b:Gavrilov 1980a; S6b:Gavrilov 1980b; S6b:Gavrilov 1980c; S6b:Gavrilov 1982a; S6b:Gavrilov 1982b; S6b:Gavrilov 1997; S6b:Gavrilov 1999a; S6b:Gavrilov 1999b,"Gavrilov, 1980abc, 1982ab, 1997, 1999ab"
S6b,80,Dendrocopus major,S6b:Gavrilov 1980a; S6b:Gavrilov 1980b; S6b:Gavrilov 1980c; S6b:Gavrilov 1982a; S6b:Gavrilov 1982b; S6b:Gavrilov 1997; S6b:Gavrilov 1999a; S6b:Gavrilov 1999b,"Gavrilov, 1980abc, 1982ab, 1997, 1999ab"
S6b,81,Regulus regulus,S6b:Gavrilov 1997; S6b:Gavrilov 1999a; S6b:Gavrilov 1999b,"Gavrilov, 1997, 1999ab"
S6b,82,Regulus regulus,S6b:Gavrilov 1997; S6b:Gavrilov 1999a; S6b:Gavrilov 1999b,"Gavrilov, 1997, 1999ab"
S6b,83,Estrilda troglodytes,S6b:Gavrilov 1980a; S6b:Gavrilov 1980b; S6b:Gavrilov 1980c; S6b:Gavrilov 1982a; S6b:Gavrilov 1982b; S6b:Gavrilov 1997; S6b:Gavrilov 1999a; S6b:Gavrilov 1999b,"Gavrilov, 1980abc, 1982ab , 1997, 1999ab"
S6b,84,Estrilda troglodytes,S6b:Gavrilov 1985a; S6b:Gavrilov 1985b; S6b:Gavrilov 1997,"Gavrilov, 1985ab, 1997"
S6b,85,Estrilda troglodytes,S6b:Gavrilov 1980a; S6b:Gavrilov 1980b; S6b:Gavrilov 1980c; S6b:Gavrilov 1982a; S6b:Gavrilov 1982b; S6b:Gavrilov 1997; S6b:Gavrilov 1999a; S6b:Gavrilov 1999b,"Gavrilov, 1980abc, 1982ab, 1997, 1999ab"
S6b,86,Estrilda troglodytes,S6b:Gavrilov 1985a; S6b:Gavrilov 1985b; S6b:Gavrilov 1997,"Gavrilov, 1985ab, 1997"
S6b,87,Tiaris canora,S6b:Gavrilov 1980a; S6b:Gavrilov 1980b; S6b:Gavrilov 1980c; S6b:Gavrilov 1982a; S6b:Gavrilov 1982b; S6b:Gavrilov 1997; S6b:Gavrilov 1999a; S6b:Gavrilov 1999b,"Gavrilov, 1980abc, 1982ab, 1997, 1999ab"
S6b,88,Tiaris canora,S6b:Gavrilov 1980a; S6b:Gavrilov 1980b; S6b:Gavrilov 1980c; S6b:Gavrilov 1982a; S6b:Gavrilov 1982b; S6b:Gavrilov 1997; S6b:Gavrilov 1999a; S6b:Gavrilov 1999b,"Gavrilov, 1980abc, 1982ab, 1997, 1999ab"
S6b,89,Phylloscopus collybita,S6b:Gavrilov & Dolnik 1985,"Gavrilov, Dolnik, 1985"
S6b,90,Aegithalos caudatus,S6b:Gavrilov 1974a; S6b:Gavrilov 1980a; S6b:Gavrilov 1980b; S6b:Gavrilov 1980c; S6b:Gavrilov 1982a; S6b:Gavrilov 1982b; S6b:Gavrilov 1997; S6b:Gavrilov 1999a; S6b:Gavrilov 1999b,"Gavrilov, 1974, 1980abc, 1982ab, 1997, 1999ab"
S6b,91,Aegithalos caudatus,S6b:Gavrilov 1974a; S6b:Gavrilov 1980a; S6b:Gavrilov 1980b; S6b:Gavrilov 1980c; S6b:Gavrilov 1982a; S6b:Gavrilov 1982b; S6b:Gavrilov 1997; S6b:Gavrilov 1999a; S6b:Gavrilov 1999b,"Gavrilov, 1974, 1980abc, 1982ab, 1997, 1999ab"
S6b,92,Troglodytes troglodytes,S6b:Gavrilov 1980a; S6b:Gavrilov 1980b; S6b:Gavrilov 1980c; S6b:Gavrilov 1982a; S6b:Gavrilov 1982b; S6b:Gavrilov 1997; S6b:Gavrilov 1999a; S6b:Gavrilov 1999b,"Gavrilov, 1980abc, 1982ab, 1997, 1999ab"
S6b,93,Troglodytes troglodytes,S6b:Gavrilov 1980a; S6b:Gavrilov 1980b; S6b:Gavrilov 1980c; S6b:Gavrilov 1982a; S6b:Gavrilov 1982b; S6b:Gavrilov 1997; S6b:Gavrilov 1999a; S6b:Gavrilov 1999b,"Gavrilov, 1980abc, 1982ab, 1997, 1999ab"
S6b,94,Uraeginthus bengalis,S6b:Gavrilov 1980a; S6b:Gavrilov 1980b; S6b:Gavrilov 1980c; S6b:Gavrilov 1982a; S6b:Gavrilov 1982b; S6b:Gavrilov 1997; S6b:Gavrilov 1999a; S6b:Gavrilov 1999b,"Gavrilov, 1980abc, 1982ab, 1997, 1999ab"
S6b,95,Uraeginthus bengalis,S6b:Gavrilov 1980a; S6b:Gavrilov 1980b; S6b:Gavrilov 1980c; S6b:Gavrilov 1982a; S6b:Gavrilov 1982b; S6b:Gavrilov 1997; S6b:Gavrilov 1999a; S6b:Gavrilov 1999b,"Gavrilov, 1980abc, 1982ab, 1997, 1999ab"
S6b,96,Phylloscopus sibilatrix,S6b:Gavrilov & Dolnik 1985,"Gavrilov, Dolnik, 1985"
S6b,97,Lonchura striata,S6b:Gavrilov 1980a; S6b:Gavrilov 1980b; S6b:Gavrilov 1980c; S6b:Gavrilov 1982a; S6b:Gavrilov 1982b; S6b:Gavrilov 1997; S6b:Gavrilov 1999a; S6b:Gavrilov 1999b,"Gavrilov, 1980abc, 1982ab, 1997, 1999ab"
S6b,98,Lonchura striata,S6b:Gavrilov 1980a; S6b:Gavrilov 1980b; S6b:Gavrilov 1980c; S6b:Gavrilov 1982a; S6b:Gavrilov 1982b; S6b:Gavrilov 1997; S6b:Gavrilov 1999a; S6b:Gavrilov 1999b,"Gavrilov, 1980abc, 1982ab, 1997, 1999ab"
S6b,99,Sylvia curruca,S6b:Gavrilov & Dolnik 1985,"Gavrilov, Dolnik, 1985"
S6b,100,Phylloscopus trochilus,S6b:Gavrilov & Dolnik 1985,"Gavrilov, Dolnik, 1985"
S6b,101,Acrcocephalus palustris,S6b:Gavrilov & Dolnik 1985,"Gavrilov, Dolnik, 1985"
S6b,102,Parus ater,S6b:Gavrilov 1980a; S6b:Gavrilov 1980b; S6b:Gavrilov 1980c; S6b:Gavrilov 1982a; S6b:Gavrilov 1982b; S6b:Gavrilov 1997; S6b:Gavrilov 1999a; S6b:Gavrilov 1999b,"Gavrilov, 1980abc, 1982ab, 1997, 1999ab"
S6b,103,Parus ater,S6b:Gavrilov 1985a; S6b:Gavrilov 1985b; S6b:Gavrilov 1997,"Gavrilov, 1985ab, 1997"
S6b,104,Parus ater,S6b:Gavrilov 1981; S6b:Gavrilov 1997,"Gavrilov, 1981, 1997"
S6b,105,Taeniopygia castanotis,S6b:Gavrilov 1985a; S6b:Gavrilov 1985b; S6b:Gavrilov 1997,"Gavrilov, 1985ab, 1997"
S6b,106,Taeniopygia castanotis,S6b:Gavrilov 1981; S6b:Gavrilov 1997; S6b:Gavrilov 1999a; S6b:Gavrilov 1999b,"Gavrilov, 1981, 1997, 1999ab"
S6b,107,Taeniopygia castanotis,S6b:Gavrilov 1981; S6b:Gavrilov 1997,"Gavrilov, 1981, 1997"
S6b,108,Acrocephalus schoenobaenus,S6b:Gavrilov & Dolnik 1985,"Gavrilov, Dolnik, 1985"
S6b,109,Ficedula hypoleuca,S6b:Gavrilov & Dolnik 1985; S6b:Gavrilov et al. 1995b; S6b:Gavrilov et al. 1998,"Gavrilov, Dolnik, 1985, Gavrilov et al.,1995b, 1998"
S6b,110,Hippolais icterina,S6b:Gavrilov & Dolnik 1985,"Gavrilov, Dolnik, 1985"
S6b,111,Acanthis flammea,S6b:Gavrilov 1974a; S6b:Gavrilov 1980a; S6b:Gavrilov 1980b; S6b:Gavrilov 1980c; S6b:Gavrilov 1982a; S6b:Gavrilov 1982b; S6b:Gavrilov 1997; S6b:Gavrilov 1999a; S6b:Gavrilov 1999b,"Gavrilov, 1974, 1980abc, 1982ab, 1997, 1999ab"
S6b,112,Acanthis flammea,S6b:Gavrilov 1974a; S6b:Gavrilov 1980a; S6b:Gavrilov 1980b; S6b:Gavrilov 1980c; S6b:Gavrilov 1982a; S6b:Gavrilov 1982b; S6b:Gavrilov 1997; S6b:Gavrilov 1999a; S6b:Gavrilov 1999b,"Gavrilov, 1974, 1980abc, 1982ab, 1997, 1999ab"
S6b,113,Serinus canaria,S6b:Gavrilov & Dolnik 1985,"Gavrilov, Dolnik, 1985"
S6b,114,Riparia riparia,S6b:Gavrilov 1986,"Gavrilov, 1986"
S6b,115,Phoenicurus ochruros,S6b:Gavrilov & Dolnik 1985,"Gavrilov, Dolnik, 1985"
S6b,116,Spinus spinus,S6b:Gavrilov 1980a; S6b:Gavrilov 1980b; S6b:Gavrilov 1980c; S6b:Gavrilov 1982a; S6b:Gavrilov 1982b; S6b:Gavrilov 1997; S6b:Gavrilov 1999a; S6b:Gavrilov 1999b,"Gavrilov, 1980abc, 1982ab, 1997, 1999ab"
S6b,117,Spinus spinus,S6b:Gavrilov 1985a; S6b:Gavrilov 1985b; S6b:Gavrilov 1997,"Gavrilov, 1985ab, 1997"
S6b,118,Spinus spinus,S6b:Gavrilov 1981; S6b:Gavrilov 1997; S6b:Gavrilov 1999a; S6b:Gavrilov 1999b,"Gavrilov, 1981, 1997, 1999ab"
S6b,119,Spinus spinus,S6b:Gavrilov 1981; S6b:Gavrilov 1997,"Gavrilov, 1981, 1997"
S6b,120,Saxicola rubetra,S6b:Gavrilov & Dolnik 1985,"Gavrilov, Dolnik, 1985"
S6b,121,Muscicapa striata,S6b:Gavrilov & Dolnik 1985,"Gavrilov, Dolnik, 1985"
S6b,122,Motacilla flava,S6b:Gavrilov & Dolnik 1985,"Gavrilov, Dolnik, 1985"
S6b,123,Tarsiger cyanurus,S6b:Gavrilov 1985a; S6b:Gavrilov 1985b,"Gavrilov, 1985ab"
S6b,124,Parus major,S6b:Gavrilov 1980a; S6b:Gavrilov 1980b; S6b:Gavrilov 1980c; S6b:Gavrilov 1982a; S6b:Gavrilov 1982b; S6b:Gavrilov 1997; S6b:Gavrilov 1999a; S6b:Gavrilov 1999b,"Gavrilov, 1980abc, 1982ab, 1997, 1999ab"
S6b,125,Parus major,S6b:Gavrilov 1985a; S6b:Gavrilov 1985b; S6b:Gavrilov 1997; S6b:Gavrilov et al. 1995a,"Gavrilov, 1985ab, 1997, Gavrilov et al. 1995a"
S6b,126,Parus major,S6b:Gavrilov 1981; S6b:Gavrilov 1997; S6b:Gavrilov 1999a; S6b:Gavrilov 1999b,"Gavrilov, 1981, 1997, 1999ab"
S6b,127,Parus major,S6b:Gavrilov 1981; S6b:Gavrilov 1997; S6b:Gavrilov et al. 1995a,"Gavrilov, 1981, 1997, Gavrilov et al. 1995a"
S6b,128,Carduelis carduelis,S6b:Gavrilov 1982b,"Gavrilov, 1982b"
S6b,129,Prunella modularls,S6b:Gavrilov & Dolnik 1985,"Gavrilov, Dolnik, 1985"
S6b,130,Acanthis cannabina,S6b:Gavrilov 1982b,"Gavrilov, 1982b"
S6b,131,Emberiza schoeniclus,S6b:Gavrilov 1982b,"Gavrilov, 1982b"
S6b,132,Erithacus rubecula,S6b:Gavrilov 1980a; S6b:Gavrilov 1980b; S6b:Gavrilov 1980c; S6b:Gavrilov 1982a; S6b:Gavrilov 1982b,"Gavrilov, 1980abc, 1982ab"
S6b,133,Erithacus rubecula,S6b:Gavrilov 1985a; S6b:Gavrilov 1985b,"Gavrilov, 1985ab"
S6b,134,Erithacus rubecula,S6b:Gavrilov 1981,"Gavrilov, 1981"
S6b,135,Erithacus rubecula,S6b:Gavrilov 1981,"Gavrilov, 1981"
S6b,136,Parus varius,S6b:Gavrilov 1985a; S6b:Gavrilov 1985b,"Gavrilov, 1985ab"
S6b,137,Parus varius,S6b:Gavrilov 1985a; S6b:Gavrilov 1985b,"Gavrilov, 1985ab"
S6b,138,Hirundo rustica,S6b:Gavrilov 1986,"Gavrilov, 1986"
S6b,139,Motacilla alba,S6b:Gavrilov 1980a; S6b:Gavrilov 1980b; S6b:Gavrilov 1980c; S6b:Gavrilov 1982a; S6b:Gavrilov 1982b,"Gavrilov, 1980abc, 1982ab"
S6b,140,Motacilla alba,S6b:Gavrilov 1980a; S6b:Gavrilov 1980b; S6b:Gavrilov 1980c; S6b:Gavrilov 1982a; S6b:Gavrilov 1982b,"Gavrilov, 1980abc, 1982ab"
S6b,141,Authus pratensis,S6b:Gavrilov 1982b,"Gavrilov, 1982b"
S6b,142,Anthus trivialis,S6b:Gavrilov 1982b,"Gavrilov, 1982b"
S6b,143,Luscinia svecica,S6b:Gavrilov 1982b,"Gavrilov, 1982b"
S6b,144,Fringilla coelebs,S6b:Gavrilov 1980a; S6b:Gavrilov 1980b; S6b:Gavrilov 1980c; S6b:Gavrilov 1982a; S6b:Gavrilov 1982b; S6b:Gavrilov 1997; S6b:Gavrilov 1999a; S6b:Gavrilov 1999b,"Gavrilov, 1980abc, 1982ab, 1997, 1999ab"
S6b,145,Fringilla coelebs,S6b:Gavrilov 1985a; S6b:Gavrilov 1985b; S6b:Gavrilov 1997,"Gavrilov, 1985ab, 1997"
S6b,146,Fringilla coelebs,S6b:Gavrilov 1981; S6b:Gavrilov 1997; S6b:Gavrilov 1999a; S6b:Gavrilov 1999b,"Gavrilov, 1981, 1997, 1999ab"
S6b,147,Fringilla coelebs,S6b:Gavrilov 1981; S6b:Gavrilov 1997; S6b:Gavrilov 1999a; S6b:Gavrilov 1999b,"Gavrilov, 1981, 1997, 1999ab"
S6b,148,Fringilla montifringilla,S6b:Gavrilov 1982b,"Gavrilov, 1982b"
S6b,149,Sylvia nisoria,S6b:Gavrilov 1982b,"Gavrilov, 1982b"
S6b,150,Sylvia nisoria,S6b:Gavrilov 1982b,"Gavrilov, 1982b"
S6b,151,Carpodacus erythrinus,S6b:Gavrilov 1980a; S6b:Gavrilov 1980b; S6b:Gavrilov 1980c; S6b:Gavrilov 1982a; S6b:Gavrilov 1982b; S6b:Gavrilov 1997; S6b:Gavrilov 1999a; S6b:Gavrilov 1999b,"Gavrilov, 1980abc, 1982ab, 1997, 1999ab"
S6b,152,Carpodacus erythrinus,S6b:Gavrilov 1985a; S6b:Gavrilov 1985b; S6b:Gavrilov 1997,"Gavrilov, 1985ab, 1997"
S6b,153,Carpodacus erythrinus,S6b:Gavrilov 1981; S6b:Gavrilov 1997; S6b:Gavrilov 1999a; S6b:Gavrilov 1999b,"Gavrilov, 1981, 1997, 1999ab"
S6b,154,Carpodacus erythrinus,S6b:Gavrilov 1981; S6b:Gavrilov 1997,"Gavrilov, 1981, 1997"
S6b,155,Anthus campestris,S6b:Gavrilov 1981,"Gavrilov, 1981"
S6b,156,Sylvia atricapilla,S6b:Gavrilov 1981,"Gavrilov, 1981"
S6b,157,Emberiza hortulana,S6b:Gavrilov 1980a; S6b:Gavrilov 1980b; S6b:Gavrilov 1980c; S6b:Gavrilov 1982a; S6b:Gavrilov 1982b,"Gavrilov, 1980abc, 1982ab"
S6b,158,Emberiza hortulana,S6b:Gavrilov 1980a; S6b:Gavrilov 1980b; S6b:Gavrilov 1980c; S6b:Gavrilov 1982a; S6b:Gavrilov 1982b,"Gavrilov, 1980abc, 1982ab"
S6b,159,Passer montanus,S6b:Gavrilov 1981,"Gavrilov, 1981"
S6b,160,Passer montanus,S6b:Gavrilov 1981,"Gavrilov, 1981"
S6b,161,Sylvia borin,S6b:Gavrilov 1982b,"Gavrilov, 1982b"
S6b,162,Passer domesticus,S6b:Gavrilov 1980a; S6b:Gavrilov 1980b; S6b:Gavrilov 1980c; S6b:Gavrilov 1982a; S6b:Gavrilov 1982b; S6b:Gavrilov 1997; S6b:Gavrilov 1999a; S6b:Gavrilov 1999b,"Gavrilov, 1980abc, 1982ab, 1997, 1999ab"
S6b,163,Passer domesticus,S6b:Gavrilov 1985a; S6b:Gavrilov 1985b; S6b:Gavrilov 1997,"Gavrilov, 1985ab, 1997"
S6b,164,Passer domesticus,S6b:Gavrilov 1981; S6b:Gavrilov 1997; S6b:Gavrilov 1999a; S6b:Gavrilov 1999b,"Gavrilov, 1981, 1997, 1999ab"
S6b,165,Passer domesticus,S6b:Gavrilov 1981; S6b:Gavrilov 1997,"Gavrilov, 1981, 1997"
S6b,166,Emberiza citrinella,S6b:Gavrilov 1980a; S6b:Gavrilov 1980b; S6b:Gavrilov 1980c; S6b:Gavrilov 1982a; S6b:Gavrilov 1982b; S6b:Gavrilov 1997; S6b:Gavrilov 1999a; S6b:Gavrilov 1999b,"Gavrilov, 1980abc, 1982ab, 1997, 1999ab"
S6b,167,Emberiza citrinella,S6b:Gavrilov 1985a; S6b:Gavrilov 1985b; S6b:Gavrilov 1997,"Gavrilov, 1985ab, 1997"
S6b,168,Emberiza citrinella,S6b:Gavrilov 1981; S6b:Gavrilov 1997; S6b:Gavrilov 1999a; S6b:Gavrilov 1999b,"Gavrilov, 1981, 1997, 1999ab"
S6b,169,Emberiza citrinella,S6b:Gavrilov 1981; S6b:Gavrilov 1997,"Gavrilov, 1981, 1997"
S6b,170,Lanius collurio,S6b:Gavrilov 1982b,"Gavrilov, 1982b"
S6b,171,Chloris chloris,S6b:Gavrilov 1980a; S6b:Gavrilov 1980b; S6b:Gavrilov 1980c; S6b:Gavrilov 1982a; S6b:Gavrilov 1982b; S6b:Gavrilov 1997; S6b:Gavrilov 1999a; S6b:Gavrilov 1999b,"Gavrilov, 1980abc, 1982ab, 1997, 1999ab"
S6b,172,Chloris chloris,S6b:Gavrilov 1985a; S6b:Gavrilov 1985b; S6b:Gavrilov 1997,"Gavrilov, 1985ab, 1997"
S6b,173,Chloris chloris,S6b:Gavrilov 1981; S6b:Gavrilov 1997,"Gavrilov, 1981, 1997"
S6b,174,Loxia curvirostra,S6b:Gavrilov 1980a; S6b:Gavrilov 1980b; S6b:Gavrilov 1980c; S6b:Gavrilov 1982a; S6b:Gavrilov 1982b; S6b:Gavrilov 1997; S6b:Gavrilov 1999a; S6b:Gavrilov 1999b,"Gavrilov, 1980abc, 1982ab, 1997, 1999ab"
S6b,175,Loxia curvirostra,S6b:Gavrilov 1980a; S6b:Gavrilov 1980b; S6b:Gavrilov 1980c; S6b:Gavrilov 1982a; S6b:Gavrilov 1982b; S6b:Gavrilov 1997; S6b:Gavrilov 1999a; S6b:Gavrilov 1999b,"Gavrilov, 1980abc, 1982ab, 1997, 1999ab"
S6b,176,Pyrrhula pyrrhula,S6b:Gavrilov 1982b,"Gavrilov, 1982b"
S6b,177,Lullula arborea,S6b:Gavrilov 1982b,"Gavrilov, 1982b"
S6b,178,Coccothraustes coccothraustes,S6b:Gavrilov 1982b,"Gavrilov, 1982b"
S6b,179,Loxia pytiopsittacus,S6b:Gavrilov 1982b,"Gavrilov, 1982b"
S6b,180,Turdus iliacus,S6b:Gavrilov 1979a; S6b:Gavrilov 1979b; S6b:Gavrilov 1981,"Gavrilov, 1979ab, 1981"
S6b,181,Turdus iliacus,S6b:Gavrilov 1981,"Gavrilov, 1981"
S6b,182,Turdus philomelos,S6b:Gavrilov 1979a; S6b:Gavrilov 1979b; S6b:Gavrilov 1980a; S6b:Gavrilov 1980b; S6b:Gavrilov 1980c; S6b:Gavrilov 1982a; S6b:Gavrilov 1982b; S6b:Gavrilov 1997; S6b:Gavrilov 1999a; S6b:Gavrilov 1999b,"Gavrilov, 1979ab, 1980abc, 1982ab, 1997, 1999ab"
S6b,183,Turdus philomelos,S6b:Gavrilov 1985a; S6b:Gavrilov 1985b; S6b:Gavrilov 1997,"Gavrilov, 1985ab, 1997"
S6b,184,Turdus philomelos,S6b:Gavrilov 1979a; S6b:Gavrilov 1979b; S6b:Gavrilov 1980a; S6b:Gavrilov 1980b; S6b:Gavrilov 1980c; S6b:Gavrilov 1982a; S6b:Gavrilov 1982b; S6b:Gavrilov 1997; S6b:Gavrilov 1999a; S6b:Gavrilov 1999b,"Gavrilov, 1979ab, 1980abc, 1982ab, 1997, 1999ab"
S6b,185,Turdus philomelos,S6b:Gavrilov 1982a; S6b:Gavrilov 1982b; S6b:Gavrilov 1997,"Gavrilov, 1982ab, 1997"
S6b,186,Oriolus oriolus,S6b:Gavrilov 1982b,"Gavrilov, 1982b"
S6b,187,Lanius excubitor,S6b:Gavrilov 1982b,"Gavrilov, 1982b"
S6b,188,Bombycilla garrulus,S6b:Gavrilov & Dolnik 1985,"Gavrilov, Dolnik, 1985"
S6b,189,Sturnus vulgaris,S6b:Gavrilov 1982b,"Gavrilov, 1982b"
S6b,190,Pinicola enucleator,S6b:Gavrilov & Dolnik 1985,"Gavrilov, Dolnik, 1985"
S6b,191,Turdus merula,S6b:Gavrilov 1979a; S6b:Gavrilov 1979b; S6b:Gavrilov 1980a; S6b:Gavrilov 1980b; S6b:Gavrilov 1980c; S6b:Gavrilov 1982a; S6b:Gavrilov 1982b; S6b:Gavrilov 1997; S6b:Gavrilov 1999a; S6b:Gavrilov 1999b,"Gavrilov, 1979ab, 1980abc, 1982ab, 1997, 1999ab"
S6b,192,Turdus merula,S6b:Gavrilov 1997,"Gavrilov, 1997"
S6b,193,Turdus merula,S6b:Gavrilov 1981; S6b:Gavrilov 1997; S6b:Gavrilov 1999a; S6b:Gavrilov 1999b,"Gavrilov, 1981, 1997, 1999ab"
S6b,194,Turdus viscivorus,S6b:Gavrilov 1979a; S6b:Gavrilov 1979b,"Gavrilov, 1979ab"
S6b,195,Nucifraga caryocatactes,S6b:Gavrilov 1979a; S6b:Gavrilov 1979b,"Gavrilov, 1979ab"
S6b,196,Garrulus glandarius,S6b:Gavrilov 1979a; S6b:Gavrilov 1979b,"Gavrilov, 1979ab"
S6b,197,Pica pica,S6b:Gavrilov 1979a; S6b:Gavrilov 1979b,"Gavrilov, 1979ab"
S6b,198,Coleus monedula,S6b:Gavrilov 1985a; S6b:Gavrilov 1985b,"Gavrilov, 1985ab"
S6b,199,Coleus monedula,S6b:Gavrilov 1985a; S6b:Gavrilov 1985b,"Gavrilov, 1985ab"
S6b,200,Coleus monedula,S6b:Gavrilov 1979a; S6b:Gavrilov 1979b; S6b:Gavrilov 1981,"Gavrilov, 1979ab, 1981"
S6b,201,Coleus monedula,S6b:Gavrilov 1981,"Gavrilov, 1981"
S6b,202,Corvus frugilegus,S6b:Gavrilov 1979a; S6b:Gavrilov 1979b,"Gavrilov, 1979ab"
S6b,203,Cornus ruficollis,S6b:Gavrilov 1979a; S6b:Gavrilov 1979b,"Gavrilov, 1979ab"
S6b,204,Corvus corax,S6b:Gavrilov 1979a; S6b:Gavrilov 1979b; S6b:Gavrilov 1980a; S6b:Gavrilov 1980b; S6b:Gavrilov 1980c; S6b:Gavrilov 1981; S6b:Gavrilov 1982a; S6b:Gavrilov 1982b; S6b:Gavrilov 1997; S6b:Gavrilov 1999a; S6b:Gavrilov 1999b,"Gavrilov, 1979ab, 1980abc, 1981, 1982ab, 1997, 1999ab"
S6b,205,Corvus corax,S6b:Gavrilov 1985a; S6b:Gavrilov 1985b; S6b:Gavrilov 1997,"Gavrilov, 1985ab, 1997"
S6b,206,Corvus corax,S6b:Gavrilov 1979a; S6b:Gavrilov 1979b; S6b:Gavrilov 1980a; S6b:Gavrilov 1980b; S6b:Gavrilov 1980c; S6b:Gavrilov 1982a; S6b:Gavrilov 1982b; S6b:Gavrilov 1997; S6b:Gavrilov 1999a; S6b:Gavrilov 1999b,"Gavrilov, 1979ab, 1980abc, 1982ab, 1997, 1999ab"
S6b,207,Corvus corax,S6b:Gavrilov 1981; S6b:Gavrilov 1997,"Gavrilov, 1981, 1997"
S6a,1,Acanthis cannabina,S6b:Gavrilov 1982b,"Src G -> S6b Acanthis cannabina 16.9 AN: Gavrilov, 1982b"
S6a,2,Acanthis flammea,S6b:Gavrilov 1974a; S6b:Gavrilov 1980a; S6b:Gavrilov 1980b; S6b:Gavrilov 1980c; S6b:Gavrilov 1982a; S6b:Gavrilov 1982b; S6b:Gavrilov 1997; S6b:Gavrilov 1999a; S6b:Gavrilov 1999b,"Src G -> S6b Acanthis flammea 14.0 SN: Gavrilov, 1974, 1980abc, 1982ab, 1997, 1999ab"
S6a,3,Acanthorhynchus tenuirostris,S6:McKechnie & Wolf 2004,Src MW
S6a,4,Accipiter nisus,S6b:Gavrilov & Dolnik 1985,"Src G -> S6b Accipiter nisus 135 SN: Gavrilov, Dolnik, 1985"
S6a,5,Acrcocephalus palustris,S6b:Gavrilov & Dolnik 1985,"Src G -> S6b Acrcocephalus palustris 10.8 SN: Gavrilov, Dolnik, 1985"
S6a,6,Acridotheres cristatellus,S6:McKechnie & Wolf 2004,Src MW
S6a,7,Acrocephalus arundinaceus,S6:McKechnie & Wolf 2004,Src MW
S6a,8,Acrocephalus bistrigiceps,S6:McKechnie & Wolf 2004,Src MW
S6a,9,Acrocephalus palustris,S6:McKechnie & Wolf 2004,Src MW
S6a,10,Acrocephalus schoenobaenus,S6b:Gavrilov & Dolnik 1985,"Src G -> S6b Acrocephalus schoenobaenus 11.5 SN: Gavrilov, Dolnik, 1985"
S6a,11,Aegithalos caudatus,S6b:Gavrilov 1974a; S6b:Gavrilov 1980a; S6b:Gavrilov 1980b; S6b:Gavrilov 1980c; S6b:Gavrilov 1982a; S6b:Gavrilov 1982b; S6b:Gavrilov 1997; S6b:Gavrilov 1999a; S6b:Gavrilov 1999b,"Src G -> S6b Aegithalos caudatus 8.9 SN: Gavrilov, 1974, 1980abc, 1982ab, 1997, 1999ab"
S6a,12,Aegolius acadicus,S6:McKechnie & Wolf 2004,Src MW
S6a,13,Aethopyga christinae,S6:McKechnie & Wolf 2004,Src MW
S6a,14,Agapornis fisheri,S6b:Gavrilov & Dolnik 1985,"Src G -> S6b Agapornis fisheri 56.7 WN: Gavrilov, Dolnik, 1985"
S6a,15,Agapornis roseicollis,S6b:Gavrilov 1981; S6b:Gavrilov 1997; S6b:Gavrilov 1999a; S6b:Gavrilov 1999b,"Src G -> S6b Agapornis roseicollis 48.4 WN: Gavrilov, 1981, 1997, 1999ab"
S6a,16,Agelaius phoeniceus,S6:McKechnie & Wolf 2004,Src MW
S6a,17,Agleactis cupripennis,S6:McKechnie & Wolf 2004,Src MW
S6a,18,Aix sponsa,S6b:Gavrilov 1980a; S6b:Gavrilov 1980b; S6b:Gavrilov 1980c; S6b:Gavrilov 1982a; S6b:Gavrilov 1982b; S6b:Gavrilov 1997; S6b:Gavrilov 1999a; S6b:Gavrilov 1999b,"Src G -> S6b Aix sponsa 448 SN: Gavrilov, 1980abc, 1982ab, 1997, 1999ab"
S6a,19,Alaemon alaudipes,S6:McKechnie & Wolf 2004,Src MW
S6a,20,Alauda arvensis,S6:McKechnie & Wolf 2004,Src MW
S6a,21,Alcedo atthis,S6b:Gavrilov & Dolnik 1985,"Src G -> S6b Alcedo atthis 34.3 SN: Gavrilov, Dolnik, 1985"
S6a,22,Alectoris graeca,S6b:Gavrilov 1980a; S6b:Gavrilov 1980b; S6b:Gavrilov 1980c; S6b:Gavrilov 1982a; S6b:Gavrilov 1982b; S6b:Gavrilov 1997; S6b:Gavrilov 1999a; S6b:Gavrilov 1999b,"Src G -> S6b Alectoris graeca 633 WN: Gavrilov, 1980abc, 1982ab, 1997, 1999ab"
S6a,23,Alophoixus bres,S6:McKechnie & Wolf 2004,Src MW
S6a,24,Amadina erythrocephala,S6:McKechnie & Wolf 2004,Src MW
S6a,25,Amadina fasciata,S6:McKechnie & Wolf 2004,Src MW
S6a,26,Ammodramus savannarum,S6:McKechnie & Wolf 2004,Src MW
S6a,27,Amphispiza bilineata,S6:McKechnie & Wolf 2004,Src MW
S6a,28,Anas acuta,S6:McKechnie & Wolf 2004,Src MW
S6a,29,Anas penelope,S6b:Gavrilov 1980a; S6b:Gavrilov 1980b; S6b:Gavrilov 1980c; S6b:Gavrilov 1982a; S6b:Gavrilov 1982b; S6b:Gavrilov 1997,"Src G -> S6b Anas penelope 723 SN: Gavrilov, 1980abc, 1982ab, 1997"
S6a,30,Anas platyrhynchos,S6b:Gavrilov 1980a; S6b:Gavrilov 1980b; S6b:Gavrilov 1980c; S6b:Gavrilov 1982a; S6b:Gavrilov 1982b; S6b:Gavrilov 1997; S6b:Gavrilov 1999a; S6b:Gavrilov 1999b,"Src G -> S6b Anas platyrhynchos 1020 SN: Gavrilov, 1980abc, 1982ab, 1997, 1999ab"
S6a,31,Anas strepera,S6:McKechnie & Wolf 2004,Src MW
S6a,32,Anhinga rufa (anhinga),S6:McKechnie & Wolf 2004,Src MW
S6a,33,Anser anser,S6b:Gavrilov & Dolnik 1985,"Src G -> S6b Anser anser 3250 SN: Gavrilov, Dolnik, 1985"
S6a,34,Anthracothorax nigricollis,S6:McKechnie & Wolf 2004,Src MW
S6a,35,Anthus campestris,S6b:Gavrilov 1981,"Src G -> S6b Anthus campestris 21.8 SN: Gavrilov, 1981"
S6a,36,Anthus pratensis,S6:McKechnie & Wolf 2004,Src MW
S6a,37,Anthus trivialis,S6b:Gavrilov 1982b,"Src G -> S6b Anthus trivialis 19.7 AN: Gavrilov, 1982b"
S6a,38,Aptenodytes patagonica,S6b:Gavrilov 1977,"Src G -> S6b Aptenodytes patagonica 11080 WN: Gavrilov, 1977"
S6a,39,Apteryx australis,S6:McKechnie & Wolf 2004,Src MW
S6a,40,Apteryx haasti,S6:McKechnie & Wolf 2004,Src MW
S6a,41,Apteryx owenii,S6:McKechnie & Wolf 2004,Src MW
S6a,42,Apus apus,S6b:Gavrilov 1985a; S6b:Gavrilov 1985b,"Src G -> S6b Apus apus 44.9 SN: Gavrilov, 1985ab"
S6a,43,Arachnothera longirostra,S6:McKechnie & Wolf 2004,Src MW
S6a,44,Ardea herodias,S6:McKechnie & Wolf 2004,Src MW
S6a,45,Arenaria interpres,S6:McKechnie & Wolf 2004,Src MW
S6a,46,Asio flammeus,S6:McKechnie & Wolf 2004,Src MW
S6a,47,Asio otus,S6:McKechnie & Wolf 2004,Src MW
S6a,48,Authus pratensis,S6b:Gavrilov 1982b,"Src G -> S6b Authus pratensis 18.9 SN: Gavrilov, 1982b"
S6a,49,Barnardius zonarius,S6:McKechnie & Wolf 2004,Src MW
S6a,50,Bombycilla garrulus,S6b:Gavrilov & Dolnik 1985,"Src G -> S6b Bombycilla garrulus 72.5 AN: Gavrilov, Dolnik, 1985"
S6a,51,Bonasa umbellus,S6:McKechnie & Wolf 2004,Src MW
S6a,52,Botaurus lentigosus,S6:McKechnie & Wolf 2004,Src MW
S6a,53,Bubo virginianus,S6:McKechnie & Wolf 2004,Src MW
S6a,54,Buteo buteo,S6:McKechnie & Wolf 2004,Src MW
S6a,55,Buteo lineatus,S6:McKechnie & Wolf 2004,Src MW
S6a,56,Cacactua tenuirostris,S6:McKechnie & Wolf 2004,Src MW
S6a,57,Cacatua galerita,S6:McKechnie & Wolf 2004,Src MW
S6a,58,Cacomantis variolosus,S6:McKechnie & Wolf 2004,Src MW
S6a,59,Calidris canutus,S6:McKechnie & Wolf 2004,Src MW
S6a,60,Callipepla gambelii,S6:McKechnie & Wolf 2004,Src MW
S6a,61,Caprimulgus europeus,S6b:Gavrilov & Dolnik 1985,"Src G -> S6b Caprimulgus europeus 77.4 SN: Gavrilov, Dolnik, 1985"
S6a,62,Cardinalis cardinalis,S6:McKechnie & Wolf 2004,Src MW
S6a,63,Cardinalis sinuata,S6:McKechnie & Wolf 2004,Src MW
S6a,64,Carduelis carduelis,S6b:Gavrilov 1982b,"Src G -> S6b Carduelis carduelis 16.5 WN: Gavrilov, 1982b"
S6a,65,Carduelis pinus,S6:McKechnie & Wolf 2004,Src MW
S6a,66,Carduelis tristis,S6:McKechnie & Wolf 2004,Src MW
S6a,67,Carpodacus cassinii,S6:McKechnie & Wolf 2004,Src MW
S6a,68,Carpodacus erythrinus,S6b:Gavrilov 1981; S6b:Gavrilov 1997; S6b:Gavrilov 1999a; S6b:Gavrilov 1999b,"Src G -> S6b Carpodacus erythrinus 21.6 WN: Gavrilov, 1981, 1997, 1999ab"
S6a,69,Carpodacus mexicanus,S6:McKechnie & Wolf 2004,Src MW
S6a,70,Casurarius bennetti,S6:McKechnie & Wolf 2004,Src MW
S6a,71,Catharactus skua,S6:McKechnie & Wolf 2004,Src MW
S6a,72,Centropus senegalensis,S6:McKechnie & Wolf 2004,Src MW
S6a,73,Certhilauda erythrochlamys,S6:McKechnie & Wolf 2004,Src MW
S6a,74,Chalcophaps inidica,S6:McKechnie & Wolf 2004,Src MW
S6a,75,Charadius dubius,S6b:Gavrilov 1980a; S6b:Gavrilov 1980b; S6b:Gavrilov 1980c; S6b:Gavrilov 1982a; S6b:Gavrilov 1982b; S6b:Gavrilov 1997; S6b:Gavrilov 1999a; S6b:Gavrilov 1999b,"Src G -> S6b Charadius dubius 44 WN: Gavrilov, 1980abc, 1982ab, 1997, 1999ab"
S6a,76,Chauna chavaria,S6:McKechnie & Wolf 2004,Src MW
S6a,77,Chloris chloris,S6b:Gavrilov 1980a; S6b:Gavrilov 1980b; S6b:Gavrilov 1980c; S6b:Gavrilov 1982a; S6b:Gavrilov 1982b; S6b:Gavrilov 1997; S6b:Gavrilov 1999a; S6b:Gavrilov 1999b,"Src G -> S6b Chloris chloris 28.2 SN: Gavrilov, 1980abc, 1982ab, 1997, 1999ab"
S6a,78,Chloropsis sonnerati,S6:McKechnie & Wolf 2004,Src MW
S6a,79,Chlorostilbon mellisugus,S6:McKechnie & Wolf 2004,Src MW
S6a,80,Chordeiles minor,S6:McKechnie & Wolf 2004,Src MW
S6a,81,Cinclus mexicanus,S6:McKechnie & Wolf 2004,Src MW
S6a,82,Coccothraustes coccothraustes,S6b:Gavrilov 1982b,"Src G -> S6b Coccothraustes coccothraustes 48.3 AN: Gavrilov, 1982b"
S6a,83,Coereba flaveola,S6:McKechnie & Wolf 2004,Src MW
S6a,84,Coleus monedula,S6b:Gavrilov 1985a; S6b:Gavrilov 1985b,"Src G -> S6b Coleus monedula 209.0 SN: Gavrilov, 1985ab"
S6a,85,Colinus virginianus,S6:McKechnie & Wolf 2004,Src MW
S6a,86,Colius castanotus,S6:McKechnie & Wolf 2004,Src MW
S6a,87,Colius colius,S6:McKechnie & Wolf 2004,Src MW
S6a,88,Colius striatus,S6:McKechnie & Wolf 2004,Src MW
S6a,89,Columba leucomela,S6:McKechnie & Wolf 2004,Src MW
S6a,90,Columba livia,S6b:Gavrilov 1985a; S6b:Gavrilov 1985b,"Src G -> S6b Columba livia 368 SN: Gavrilov, 1985ab"
S6a,91,Columba palumbus,S6b:Gavrilov & Dolnik 1985,"Src G -> S6b Columba palumbus 493 AN: Gavrilov, Dolnik, 1985"
S6a,92,Columba unicincta,S6:McKechnie & Wolf 2004,Src MW
S6a,93,Contopus virens,S6:McKechnie & Wolf 2004,Src MW
S6a,94,Copsychus saularis,S6:McKechnie & Wolf 2004,Src MW
S6a,95,Cornus ruficollis,S6b:Gavrilov 1979a; S6b:Gavrilov 1979b,"Src G -> S6b Cornus ruficollis 660.0 WN: Gavrilov, 1979ab"
S6a,96,Corvus brachyrhynchos,S6:McKechnie & Wolf 2004,Src MW
S6a,97,Corvus corax,S6b:Gavrilov 1979a; S6b:Gavrilov 1979b; S6b:Gavrilov 1980a; S6b:Gavrilov 1980b; S6b:Gavrilov 1980c; S6b:Gavrilov 1981; S6b:Gavrilov 1982a; S6b:Gavrilov 1982b; S6b:Gavrilov 1997; S6b:Gavrilov 1999a; S6b:Gavrilov 1999b,"Src G -> S6b Corvus corax 1203.0 SN: Gavrilov, 1979ab, 1980abc, 1981, 1982ab, 1997, 1999ab"
S6a,98,Corvus corone cornix,S6b:Gavrilov 1979a; S6b:Gavrilov 1979b; S6b:Gavrilov 1980a; S6b:Gavrilov 1980b; S6b:Gavrilov 1980c; S6b:Gavrilov 1982a; S6b:Gavrilov 1982b; S6b:Gavrilov 1997; S6b:Gavrilov 1999a; S6b:Gavrilov 1999b,"Src G -> S6b Corvus corone cornix 518.0 SN: Gavrilov, 1979ab, 1980abc, 1982ab, 1997, 1999ab"
S6a,99,Corvus frugilegus,S6b:Gavrilov 1979a; S6b:Gavrilov 1979b,"Src G -> S6b Corvus frugilegus 390.0 WN: Gavrilov, 1979ab"
S6a,100,Coturnix chinensis,S6:McKechnie & Wolf 2004,Src MW
S6a,101,Coturnix coturnix,S6b:Gavrilov 1981; S6b:Gavrilov 1997; S6b:Gavrilov 1999a; S6b:Gavrilov 1999b,"Src G -> S6b Coturnix coturnix 109 WN: Gavrilov, 1981, 1997, 1999ab"
S6a,102,Coturnix japonica,S6:McKechnie & Wolf 2004,Src MW
S6a,103,Coturnix pectoralis,S6:McKechnie & Wolf 2004,Src MW
S6a,104,Crax alberti,S6:McKechnie & Wolf 2004,Src MW
S6a,105,Crax daubentoni,S6:McKechnie & Wolf 2004,Src MW
S6a,106,Crex crex,S6b:Gavrilov & Dolnik 1985,"Src G -> S6b Crex crex 96 SN: Gavrilov, Dolnik, 1985"
S6a,107,Cuculus canorus,S6b:Gavrilov & Dolnik 1985,"Src G -> S6b Cuculus canorus 111.6 SN: Gavrilov, Dolnik, 1985"
S6a,108,Cyanocitta cristata,S6:McKechnie & Wolf 2004,Src MW
S6a,109,Cygnus buccinator,S6:McKechnie & Wolf 2004,Src MW
S6a,110,Dendragapus obscurus,S6:McKechnie & Wolf 2004,Src MW
S6a,111,Dendrocopus major,S6b:Gavrilov 1980a; S6b:Gavrilov 1980b; S6b:Gavrilov 1980c; S6b:Gavrilov 1982a; S6b:Gavrilov 1982b; S6b:Gavrilov 1997; S6b:Gavrilov 1999a; S6b:Gavrilov 1999b,"Src G -> S6b Dendrocopus major 117.0 WN: Gavrilov, 1980abc, 1982ab, 1997, 1999ab"
S6a,112,Dendroica coronata,S6:McKechnie & Wolf 2004,Src MW
S6a,113,Dendroica dominica,S6:McKechnie & Wolf 2004,Src MW
S6a,114,Dendroica palmarum,S6:McKechnie & Wolf 2004,Src MW
S6a,115,Dendroica pinus,S6:McKechnie & Wolf 2004,Src MW
S6a,116,Diomedea chrysostoma,S6:McKechnie & Wolf 2004,Src MW
S6a,117,Diomedea exulans,S6:McKechnie & Wolf 2004,Src MW
S6a,118,Diomedea immutabilis,S6:McKechnie & Wolf 2004,Src MW
S6a,119,Emberiza citrinella,S6b:Gavrilov 1980a; S6b:Gavrilov 1980b; S6b:Gavrilov 1980c; S6b:Gavrilov 1982a; S6b:Gavrilov 1982b; S6b:Gavrilov 1997; S6b:Gavrilov 1999a; S6b:Gavrilov 1999b,"Src G -> S6b Emberiza citrinella 26.8 SN: Gavrilov, 1980abc, 1982ab, 1997, 1999ab"
S6a,120,Emberiza hortulana,S6b:Gavrilov 1980a; S6b:Gavrilov 1980b; S6b:Gavrilov 1980c; S6b:Gavrilov 1982a; S6b:Gavrilov 1982b,"Src G -> S6b Emberiza hortulana 27.0 WN: Gavrilov, 1980abc, 1982ab"
S6a,121,Emberiza schoeniclus,S6b:Gavrilov 1982b,"Src G -> S6b Emberiza schoeniclus 17.6 AN: Gavrilov, 1982b"
S6a,122,Empidonax virescens,S6:McKechnie & Wolf 2004,Src MW
S6a,123,Eolophus roseicapillus,S6:McKechnie & Wolf 2004,Src MW
S6a,124,Eremalauda dunni,S6:McKechnie & Wolf 2004,Src MW
S6a,125,Eremophila alpestris,S6:McKechnie & Wolf 2004,Src MW
S6a,126,Erithacus rubecula,S6b:Gavrilov 1981,"Src G -> S6b Erithacus rubecula 17.6 WN: Gavrilov, 1981"
S6a,127,Estrilda melpoda,S6:McKechnie & Wolf 2004,Src MW
S6a,128,Estrilda troglodytes,S6b:Gavrilov 1980a; S6b:Gavrilov 1980b; S6b:Gavrilov 1980c; S6b:Gavrilov 1982a; S6b:Gavrilov 1982b; S6b:Gavrilov 1997; S6b:Gavrilov 1999a; S6b:Gavrilov 1999b,"Src G -> S6b Estrilda troglodytes 7.5 SN: Gavrilov, 1980abc, 1982ab , 1997, 1999ab"
S6a,129,Eudocimus albus (Guara alba),S6:McKechnie & Wolf 2004,Src MW
S6a,130,Eudynamys scolopacea,S6:McKechnie & Wolf 2004,Src MW
S6a,131,Eudyptes chrysolophus,S6b:Gavrilov 1977,"Src G -> S6b Eudyptes chrysolophus 3870 WN: Gavrilov, 1977"
S6a,132,Eudyptes cristatus,S6b:Gavrilov 1977,"Src G -> S6b Eudyptes cristatus 2330 WN: Gavrilov, 1977"
S6a,133,Eudyptula minor,S6:McKechnie & Wolf 2004,Src MW
S6a,134,Eurostopodus argus (Eurostopodus,S6:McKechnie & Wolf 2004,Src MW
S6a,135,Excalfactoria chinensis,S6b:Gavrilov 1985a; S6b:Gavrilov 1985b,"Src G -> S6b Excalfactoria chinensis 44 SN: Gavrilov, 1985ab"
S6a,136,Falco sparverius,S6:McKechnie & Wolf 2004,Src MW
S6a,137,Falco subbuteo,S6b:Gavrilov & Dolnik 1985,"Src G -> S6b Falco subbuteo 208 AN: Gavrilov, Dolnik, 1985"
S6a,138,Falco tinnunculus,S6b:Gavrilov 1985a; S6b:Gavrilov 1985b,"Src G -> S6b Falco tinnunculus 131 AN: Gavrilov, 1985ab"
S6a,139,Ficedula hypoleuca,S6b:Gavrilov & Dolnik 1985; S6b:Gavrilov et al. 1995b; S6b:Gavrilov et al. 1998,"Src G -> S6b Ficedula hypoleuca 11.7 AN: Gavrilov, Dolnik, 1985, Gavrilov et al.,1995b, 1998"
S6a,140,Fregata magnificens,S6:McKechnie & Wolf 2004,Src MW
S6a,141,Fringilla coelebs,S6b:Gavrilov 1980a; S6b:Gavrilov 1980b; S6b:Gavrilov 1980c; S6b:Gavrilov 1982a; S6b:Gavrilov 1982b; S6b:Gavrilov 1997; S6b:Gavrilov 1999a; S6b:Gavrilov 1999b,"Src G -> S6b Fringilla coelebs 21.0 SN: Gavrilov, 1980abc, 1982ab, 1997, 1999ab"
S6a,142,Fringilla montifringilla,S6b:Gavrilov 1982b,"Src G -> S6b Fringilla montifringilla 21.0 AN: Gavrilov, 1982b"
S6a,143,Fulica atra,S6b:Gavrilov 1980a; S6b:Gavrilov 1980b; S6b:Gavrilov 1980c; S6b:Gavrilov 1982a; S6b:Gavrilov 1982b; S6b:Gavrilov 1997; S6b:Gavrilov 1999a; S6b:Gavrilov 1999b,"Src G -> S6b Fulica atra 412 SN: Gavrilov, 1980abc, 1982ab, 1997, 1999ab"
S6a,144,Gallus gallus,S6:McKechnie & Wolf 2004,Src MW
S6a,145,Garrulus glandarius,S6b:Gavrilov 1979a; S6b:Gavrilov 1979b,"Src G -> S6b Garrulus glandarius 153.0 WN: Gavrilov, 1979ab"
S6a,146,Geococcyx californianus,S6:McKechnie & Wolf 2004,Src MW
S6a,147,Geopelia cuneata,S6:McKechnie & Wolf 2004,Src MW
S6a,148,Geopelia placida,S6:McKechnie & Wolf 2004,Src MW
S6a,149,Geophaps plumifera,S6:McKechnie & Wolf 2004,Src MW
S6a,150,Geophaps smithii,S6:McKechnie & Wolf 2004,Src MW
S6a,151,Glaucidium cuculoides,S6:McKechnie & Wolf 2004,Src MW
S6a,152,Glaucidium gnoma,S6:McKechnie & Wolf 2004,Src MW
S6a,153,Grus canadensis,S6:McKechnie & Wolf 2004,Src MW
S6a,154,Grus paradisea,S6:McKechnie & Wolf 2004,Src MW
S6a,155,Gypaetus barbatus,S6:McKechnie & Wolf 2004,Src MW
S6a,156,Haematopus ostralegus,S6:McKechnie & Wolf 2004,Src MW
S6a,157,Himatione sanguinea,S6:McKechnie & Wolf 2004,Src MW
S6a,158,Hippolais icterina,S6b:Gavrilov & Dolnik 1985,"Src G -> S6b Hippolais icterina 12.5 SN: Gavrilov, Dolnik, 1985"
S6a,159,Hirundo rustica,S6b:Gavrilov 1986,"Src G -> S6b Hirundo rustica 18.4 SN: Gavrilov, 1986"
S6a,160,Hirundo tahitica,S6:McKechnie & Wolf 2004,Src MW
S6a,161,Icterus galbula,S6:McKechnie & Wolf 2004,Src MW
S6a,162,Jabiru mycteria,S6:McKechnie & Wolf 2004,Src MW
S6a,163,Junco hyemalis,S6:McKechnie & Wolf 2004,Src MW
S6a,164,Lagopus lagopus,S6b:Gavrilov 1981; S6b:Gavrilov 1997; S6b:Gavrilov 1999a; S6b:Gavrilov 1999b,"Src G -> S6b Lagopus lagopus 567 WN: Gavrilov, 1981, 1997, 1999ab"
S6a,165,Lagopus leucurus,S6:McKechnie & Wolf 2004,Src MW
S6a,166,Lanius collurio,S6b:Gavrilov 1982b,"Src G -> S6b Lanius collurio 27.0 SN: Gavrilov, 1982b"
S6a,167,Lanius excubitor,S6b:Gavrilov 1982b,"Src G -> S6b Lanius excubitor 72.4 AN: Gavrilov, 1982b"
S6a,168,Larus argentatus,S6:McKechnie & Wolf 2004,Src MW
S6a,169,Larus atricilla,S6:McKechnie & Wolf 2004,Src MW
S6a,170,Larus canus,S6b:Gavrilov 1981; S6b:Gavrilov 1997; S6b:Gavrilov 1999a; S6b:Gavrilov 1999b,"Src G -> S6b Larus canus 431 WN: Gavrilov, 1981, 1997, 1999ab"
S6a,171,Larus ridibundus,S6b:Gavrilov 1981; S6b:Gavrilov 1997; S6b:Gavrilov 1999a; S6b:Gavrilov 1999b,"Src G -> S6b Larus ridibundus 306 WN: Gavrilov, 1981, 1997, 1999ab"
S6a,172,Leptoptilos javanicus,S6:McKechnie & Wolf 2004,Src MW
S6a,173,Leptotila verreauxi,S6:McKechnie & Wolf 2004,Src MW
S6a,174,Leucosarcia melanoleuca,S6:McKechnie & Wolf 2004,Src MW
S6a,175,Lichenostomus virescens,S6:McKechnie & Wolf 2004,Src MW
S6a,176,Lichmera indistincta,S6:McKechnie & Wolf 2004,Src MW
S6a,177,Lonchura fuscans,S6:McKechnie & Wolf 2004,Src MW
S6a,178,Lonchura maja,S6:McKechnie & Wolf 2004,Src MW
S6a,179,Lonchura malacca,S6:McKechnie & Wolf 2004,Src MW
S6a,180,Lonchura striata,S6b:Gavrilov 1980a; S6b:Gavrilov 1980b; S6b:Gavrilov 1980c; S6b:Gavrilov 1982a; S6b:Gavrilov 1982b; S6b:Gavrilov 1997; S6b:Gavrilov 1999a; S6b:Gavrilov 1999b,"Src G -> S6b Lonchura striata 10.1 SN: Gavrilov, 1980abc, 1982ab, 1997, 1999ab"
S6a,181,Loxia curvirostra,S6b:Gavrilov 1980a; S6b:Gavrilov 1980b; S6b:Gavrilov 1980c; S6b:Gavrilov 1982a; S6b:Gavrilov 1982b; S6b:Gavrilov 1997; S6b:Gavrilov 1999a; S6b:Gavrilov 1999b,"Src G -> S6b Loxia curvirostra 39.4 SN: Gavrilov, 1980abc, 1982ab, 1997, 1999ab"
S6a,182,Loxia pytiopsittacus,S6b:Gavrilov 1982b,"Src G -> S6b Loxia pytiopsittacus 53.7 WN: Gavrilov, 1982b"
S6a,183,Loxoides baileui,S6:McKechnie & Wolf 2004,Src MW
S6a,184,Lullula arborea,S6b:Gavrilov 1982b,"Src G -> S6b Lullula arborea 33.2 AN: Gavrilov, 1982b"
S6a,185,Luscinia svecica,S6b:Gavrilov 1982b,"Src G -> S6b Luscinia svecica 20.8 SN: Gavrilov, 1982b"
S6a,186,Macronectes giganteus,S6:McKechnie & Wolf 2004,Src MW
S6a,187,Malacopteron cinereum,S6:McKechnie & Wolf 2004,Src MW
S6a,188,Manacus vitellinus,S6:McKechnie & Wolf 2004,Src MW
S6a,189,Megadyptes antipodes,S6:McKechnie & Wolf 2004,Src MW
S6a,190,Meitihreptus lunatus,S6:McKechnie & Wolf 2004,Src MW
S6a,191,Melanerpes formicivorus,S6:McKechnie & Wolf 2004,Src MW
S6a,192,Melopsittacus undulatus,S6b:Gavrilov 1981; S6b:Gavrilov 1997; S6b:Gavrilov 1999a; S6b:Gavrilov 1999b,"Src G -> S6b Melopsittacus undulatus 33.6 WN: Gavrilov, 1981, 1997, 1999ab"
S6a,193,Melospiza georgiana,S6:McKechnie & Wolf 2004,Src MW
S6a,194,Melospiza melodia,S6:McKechnie & Wolf 2004,Src MW
S6a,195,Merops viridis,S6:McKechnie & Wolf 2004,Src MW
S6a,196,Motacilla alba,S6b:Gavrilov 1980a; S6b:Gavrilov 1980b; S6b:Gavrilov 1980c; S6b:Gavrilov 1982a; S6b:Gavrilov 1982b,"Src G -> S6b Motacilla alba 18.2 WN: Gavrilov, 1980abc, 1982ab"
S6a,197,Motacilla flava,S6b:Gavrilov & Dolnik 1985,"Src G -> S6b Motacilla flava 14.7 SN: Gavrilov, Dolnik, 1985"
S6a,198,Muscicapa striata,S6b:Gavrilov & Dolnik 1985,"Src G -> S6b Muscicapa striata 14.4 SN: Gavrilov, Dolnik, 1985"
S6a,199,Myiarchus crinitus,S6:McKechnie & Wolf 2004,Src MW
S6a,200,Nectarinia venusta,S6:McKechnie & Wolf 2004,Src MW
S6a,201,Neophema petrophila,S6:McKechnie & Wolf 2004,Src MW
S6a,202,Nucifraga caryocatactes,S6b:Gavrilov 1979a; S6b:Gavrilov 1979b,"Src G -> S6b Nucifraga caryocatactes 147.0 WN: Gavrilov, 1979ab"
S6a,203,Nyctea scandiaca,S6:McKechnie & Wolf 2004,Src MW
S6a,204,Nymphicus hollandicus,S6b:Gavrilov 1980a; S6b:Gavrilov 1980b; S6b:Gavrilov 1980c; S6b:Gavrilov 1982a; S6b:Gavrilov 1982b; S6b:Gavrilov 1997; S6b:Gavrilov 1999a; S6b:Gavrilov 1999b,"Src G -> S6b Nymphicus hollandicus 85.6 SN: Gavrilov, 1980abc, 1982ab, 1997, 1999ab"
S6a,205,Oceanodroma furcata,S6:McKechnie & Wolf 2004,Src MW
S6a,206,Ocyphaps lophotes,S6:McKechnie & Wolf 2004,Src MW
S6a,207,Oreotrochilus estella,S6:McKechnie & Wolf 2004,Src MW
S6a,208,Oriolus oriolus,S6b:Gavrilov 1982b,"Src G -> S6b Oriolus oriolus 64.9 SN: Gavrilov, 1982b"
S6a,209,Otus asio,S6:McKechnie & Wolf 2004,Src MW
S6a,210,Otus trichopsis,S6:McKechnie & Wolf 2004,Src MW
S6a,211,Padda oryzivora,S6:McKechnie & Wolf 2004,Src MW
S6a,212,Parus ater,S6b:Gavrilov 1980a; S6b:Gavrilov 1980b; S6b:Gavrilov 1980c; S6b:Gavrilov 1982a; S6b:Gavrilov 1982b; S6b:Gavrilov 1997; S6b:Gavrilov 1999a; S6b:Gavrilov 1999b,"Src G -> S6b Parus ater 10.8 SN: Gavrilov, 1980abc, 1982ab, 1997, 1999ab"
S6a,213,Parus atricapillus,S6:McKechnie & Wolf 2004,Src MW
S6a,214,Parus major,S6b:Gavrilov 1980a; S6b:Gavrilov 1980b; S6b:Gavrilov 1980c; S6b:Gavrilov 1982a; S6b:Gavrilov 1982b; S6b:Gavrilov 1997; S6b:Gavrilov 1999a; S6b:Gavrilov 1999b,"Src G -> S6b Parus major 16.4 SN: Gavrilov, 1980abc, 1982ab, 1997, 1999ab"
S6a,215,Parus varius,S6b:Gavrilov 1985a; S6b:Gavrilov 1985b,"Src G -> S6b Parus varius 17.7 WN: Gavrilov, 1985ab"
S6a,216,Passer domesticus bactrianus,S6b:Gavrilov 1980a; S6b:Gavrilov 1980b; S6b:Gavrilov 1980c; S6b:Gavrilov 1982a; S6b:Gavrilov 1982b; S6b:Gavrilov 1997; S6b:Gavrilov 1999a; S6b:Gavrilov 1999b,"Src G -> S6b Passer domesticus bactrianus 23.2 WN: Gavrilov, 1980abc, 1982ab, 1997, 1999ab"
S6a,217,Passer montanus,S6b:Gavrilov 1981,"Src G -> S6b Passer montanus 22.0 SN: Gavrilov, 1981"
S6a,218,Passerculus sandwichensis,S6:McKechnie & Wolf 2004,Src MW
S6a,219,Patagona gigas,S6:McKechnie & Wolf 2004,Src MW
S6a,220,Pelacanoides urinatrix,S6:McKechnie & Wolf 2004,Src MW
S6a,221,Pelecanus conspicullatus,S6:McKechnie & Wolf 2004,Src MW
S6a,222,Pelecanus occidentalis,S6:McKechnie & Wolf 2004,Src MW
S6a,223,Penelope purpurescens,S6:McKechnie & Wolf 2004,Src MW
S6a,224,Perdix perdix,S6b:Gavrilov 1981; S6b:Gavrilov 1997; S6b:Gavrilov 1999a; S6b:Gavrilov 1999b,"Src G -> S6b Perdix perdix 501 WN: Gavrilov, 1981, 1997, 1999ab"
S6a,225,Perisoreus canadensis,S6:McKechnie & Wolf 2004,Src MW
S6a,226,Pernis apivorus,S6b:Gavrilov & Dolnik 1985,"Src G -> S6b Pernis apivorus 652 SN: Gavrilov, Dolnik, 1985"
S6a,227,Phalacrocorax auritus,S6:McKechnie & Wolf 2004,Src MW
S6a,228,Phalaenoptilus nuttalli,S6:McKechnie & Wolf 2004,Src MW
S6a,229,Phaps chalcoptera,S6:McKechnie & Wolf 2004,Src MW
S6a,230,Phaps elegans,S6:McKechnie & Wolf 2004,Src MW
S6a,231,Phaps histrionica,S6:McKechnie & Wolf 2004,Src MW
S6a,232,Philidonyris novaehollandiae,S6:McKechnie & Wolf 2004,Src MW
S6a,233,Phoenicopterus ruber,S6:McKechnie & Wolf 2004,Src MW
S6a,234,Phoeniculus purpureus,S6:McKechnie & Wolf 2004,Src MW
S6a,235,Phoenicurus ochruros,S6b:Gavrilov & Dolnik 1985,"Src G -> S6b Phoenicurus ochruros 13.9 SN: Gavrilov, Dolnik, 1985"
S6a,236,Phoenicurus phoenicurus,S6b:Gavrilov & Dolnik 1985,"Src G -> S6b Phoenicurus phoenicurus 13.0 S, AN: Gavrilov, Dolnik, 1985"
S6a,237,Phylidonyris melanops,S6:McKechnie & Wolf 2004,Src MW
S6a,238,Phylloscopus collybita,S6b:Gavrilov & Dolnik 1985,"Src G -> S6b Phylloscopus collybita 8.2 AN: Gavrilov, Dolnik, 1985"
S6a,239,Phylloscopus sibilatrix,S6b:Gavrilov & Dolnik 1985,"Src G -> S6b Phylloscopus sibilatrix 9.2 SN: Gavrilov, Dolnik, 1985"
S6a,240,Phylloscopus trochilus,S6b:Gavrilov & Dolnik 1985,"Src G -> S6b Phylloscopus trochilus 10.7 WN: Gavrilov, Dolnik, 1985"
S6a,241,Pica nuttalli,S6:McKechnie & Wolf 2004,Src MW
S6a,242,Pica pica,S6:McKechnie & Wolf 2004,Src MW
S6a,243,Picoides major,S6:McKechnie & Wolf 2004,Src MW
S6a,244,Picoides pubescens,S6:McKechnie & Wolf 2004,Src MW
S6a,245,Pinicola enucleator,S6b:Gavrilov & Dolnik 1985,"Src G -> S6b Pinicola enucleator 78.4 WN: Gavrilov, Dolnik, 1985"
S6a,246,Pipra mentalis,S6:McKechnie & Wolf 2004,Src MW
S6a,247,Pluvialis dominica,S6:McKechnie & Wolf 2004,Src MW
S6a,248,Pluvialis squatarola,S6:McKechnie & Wolf 2004,Src MW
S6a,249,Podargus ocellatus,S6:McKechnie & Wolf 2004,Src MW
S6a,250,Podargus strigoides,S6:McKechnie & Wolf 2004,Src MW
S6a,251,Pooectes gramineus,S6:McKechnie & Wolf 2004,Src MW
S6a,252,Protonotaria citrea,S6:McKechnie & Wolf 2004,Src MW
S6a,253,Prunella modularls,S6b:Gavrilov & Dolnik 1985,"Src G -> S6b Prunella modularls 16.8 AN: Gavrilov, Dolnik, 1985"
S6a,254,Psaltriparus minimus,S6:McKechnie & Wolf 2004,Src MW
S6a,255,Pterocles orientalis,S6:McKechnie & Wolf 2004,Src MW
S6a,256,Pterodroma phaeopygia,S6:McKechnie & Wolf 2004,Src MW
S6a,257,Ptilinopus melanospila,S6:McKechnie & Wolf 2004,Src MW
S6a,258,Ptilinopus superbus,S6:McKechnie & Wolf 2004,Src MW
S6a,259,Puffinus griseus,S6:McKechnie & Wolf 2004,Src MW
S6a,260,Pycnonotus finlaysoni,S6:McKechnie & Wolf 2004,Src MW
S6a,261,Pycnonotus goiavier,S6:McKechnie & Wolf 2004,Src MW
S6a,262,Pygoscelis adeliae,S6:McKechnie & Wolf 2004,Src MW
S6a,263,Pygoscelis papua,S6:McKechnie & Wolf 2004,Src MW
S6a,264,Pyrrhula pyrrhula,S6b:Gavrilov 1982b,"Src G -> S6b Pyrrhula pyrrhula 30.4 WN: Gavrilov, 1982b"
S6a,265,Regulus regulus,S6b:Gavrilov 1997; S6b:Gavrilov 1999a; S6b:Gavrilov 1999b,"Src G -> S6b Regulus regulus 5.5 SN: Gavrilov, 1997, 1999ab"
S6a,266,Riparia riparia,S6b:Gavrilov 1986,"Src G -> S6b Riparia riparia 13.6 AN: Gavrilov, 1986"
S6a,267,Saxicola rubetra,S6b:Gavrilov & Dolnik 1985,"Src G -> S6b Saxicola rubetra 14.3 SN: Gavrilov, Dolnik, 1985"
S6a,268,Sayornis phoebe,S6:McKechnie & Wolf 2004,Src MW
S6a,269,Scardefella inca,S6:McKechnie & Wolf 2004,Src MW
S6a,270,Scolopax minor,S6:McKechnie & Wolf 2004,Src MW
S6a,271,Scolopax rusticola,S6b:Gavrilov 1981,"Src G -> S6b Scolopax rusticola 430 SN: Gavrilov, 1981"
S6a,272,Sephanoides sephaniodes,S6:McKechnie & Wolf 2004,Src MW
S6a,273,Serinus canaria,S6b:Gavrilov & Dolnik 1985,"Src G -> S6b Serinus canaria 13.3 AN: Gavrilov, Dolnik, 1985"
S6a,274,Sialia mexicana,S6:McKechnie & Wolf 2004,Src MW
S6a,275,Spermestes cucullatus,S6:McKechnie & Wolf 2004,Src MW
S6a,276,Spheniscus humboldti,S6:McKechnie & Wolf 2004,Src MW
S6a,277,Spinus spinus,S6b:Gavrilov 1980a; S6b:Gavrilov 1980b; S6b:Gavrilov 1980c; S6b:Gavrilov 1982a; S6b:Gavrilov 1982b; S6b:Gavrilov 1997; S6b:Gavrilov 1999a; S6b:Gavrilov 1999b,"Src G -> S6b Spinus spinus 14.0 SN: Gavrilov, 1980abc, 1982ab, 1997, 1999ab"
S6a,278,Spizella arborea,S6:McKechnie & Wolf 2004,Src MW
S6a,279,Spizella passerina,S6:McKechnie & Wolf 2004,Src MW
S6a,280,Sterna maxima,S6:McKechnie & Wolf 2004,Src MW
S6a,281,Streptopelia senegalensis,S6b:Gavrilov & Dolnik 1985,"Src G -> S6b Streptopelia senegalensis 108 SN: Gavrilov, Dolnik, 1985"
S6a,282,Streptopelia turtur,S6b:Gavrilov & Dolnik 1985,"Src G -> S6b Streptopelia turtur 154 AN: Gavrilov, Dolnik, 1985"
S6a,283,Strix aluco,S6:McKechnie & Wolf 2004,Src MW
S6a,284,Strix occidentalis,S6:McKechnie & Wolf 2004,Src MW
S6a,285,Struthio camelus,S6:McKechnie & Wolf 2004,Src MW
S6a,286,Sturnus vulgaris,S6b:Gavrilov 1982b,"Src G -> S6b Sturnus vulgaris 75.0 AN: Gavrilov, 1982b"
S6a,287,Sula dactylatra,S6:McKechnie & Wolf 2004,Src MW
S6a,288,Sylvia atricapilla,S6b:Gavrilov 1981,"Src G -> S6b Sylvia atricapilla 21.9 AN: Gavrilov, 1981"
S6a,289,Sylvia borin,S6b:Gavrilov 1982b,"Src G -> S6b Sylvia borin 24.8 AN: Gavrilov, 1982b"
S6a,290,Sylvia curruca,S6b:Gavrilov & Dolnik 1985,"Src G -> S6b Sylvia curruca 10.6 SN: Gavrilov, Dolnik, 1985"
S6a,291,Sylvia nisoria,S6b:Gavrilov 1982b,"Src G -> S6b Sylvia nisoria 21.4 WN: Gavrilov, 1982b"
S6a,292,Taeniopygia castanotis,S6b:Gavrilov 1980a; S6b:Gavrilov 1980b; S6b:Gavrilov 1980c; S6b:Gavrilov 1982a; S6b:Gavrilov 1982b; S6b:Gavrilov 1997; S6b:Gavrilov 1999a; S6b:Gavrilov 1999b,"Src G -> S6b Taeniopygia castanotis 11.7 SN: Gavrilov, 1980abc, 1982ab, 1997, 1999ab"
S6a,293,Tarsiger cyanurus,S6b:Gavrilov 1985a; S6b:Gavrilov 1985b,"Src G -> S6b Tarsiger cyanurus 14.8 WN: Gavrilov, 1985ab"
S6a,294,Tetrao urogallus,S6b:Gavrilov 1980a; S6b:Gavrilov 1980b; S6b:Gavrilov 1980c; S6b:Gavrilov 1982a; S6b:Gavrilov 1982b; S6b:Gavrilov 1997; S6b:Gavrilov 1999a; S6b:Gavrilov 1999b,"Src G -> S6b Tetrao urogallus ♀ 4010 WN: Gavrilov, 1980abc, 1982ab, 1997, 1999ab"
S6a,295,Thamnophilus punctatus,S6:McKechnie & Wolf 2004,Src MW
S6a,296,Thinocorus rumicivorus,S6:McKechnie & Wolf 2004,Src MW
S6a,297,Tiaris canora,S6b:Gavrilov 1980a; S6b:Gavrilov 1980b; S6b:Gavrilov 1980c; S6b:Gavrilov 1982a; S6b:Gavrilov 1982b; S6b:Gavrilov 1997; S6b:Gavrilov 1999a; S6b:Gavrilov 1999b,"Src G -> S6b Tiaris canora 7.8 WN: Gavrilov, 1980abc, 1982ab, 1997, 1999ab"
S6a,298,Tringa ochropus,S6:McKechnie & Wolf 2004,Src MW
S6a,299,Troglodytes troglodytes,S6b:Gavrilov 1980a; S6b:Gavrilov 1980b; S6b:Gavrilov 1980c; S6b:Gavrilov 1982a; S6b:Gavrilov 1982b; S6b:Gavrilov 1997; S6b:Gavrilov 1999a; S6b:Gavrilov 1999b,"Src G -> S6b Troglodytes troglodytes 9.0 SN: Gavrilov, 1980abc, 1982ab, 1997, 1999ab"
S6a,300,Trogon rufus,S6:McKechnie & Wolf 2004,Src MW
S6a,301,Tudus viscivorus,S6:McKechnie & Wolf 2004,Src MW
S6a,302,Turdus iliacus,S6b:Gavrilov 1979a; S6b:Gavrilov 1979b; S6b:Gavrilov 1981,"Src G -> S6b Turdus iliacus 58.0 WN: Gavrilov, 1979ab, 1981"
S6a,303,Turdus merula,S6b:Gavrilov 1979a; S6b:Gavrilov 1979b; S6b:Gavrilov 1980a; S6b:Gavrilov 1980b; S6b:Gavrilov 1980c; S6b:Gavrilov 1982a; S6b:Gavrilov 1982b; S6b:Gavrilov 1997; S6b:Gavrilov 1999a; S6b:Gavrilov 1999b,"Src G -> S6b Turdus merula 82.6 SN: Gavrilov, 1979ab, 1980abc, 1982ab, 1997, 1999ab"
S6a,304,Turdus philomelos,S6b:Gavrilov 1979a; S6b:Gavrilov 1979b; S6b:Gavrilov 1980a; S6b:Gavrilov 1980b; S6b:Gavrilov 1980c; S6b:Gavrilov 1982a; S6b:Gavrilov 1982b; S6b:Gavrilov 1997; S6b:Gavrilov 1999a; S6b:Gavrilov 1999b,"Src G -> S6b Turdus philomelos 62.8 SN: Gavrilov, 1979ab, 1980abc, 1982ab, 1997, 1999ab"
S6a,305,Turdus viscivorus,S6b:Gavrilov 1979a; S6b:Gavrilov 1979b,"Src G -> S6b Turdus viscivorus 108.2 WN: Gavrilov, 1979ab"
S6a,306,Turnix suscitator,S6:McKechnie & Wolf 2004,Src MW
S6a,307,Tyrannus tyrannus,S6:McKechnie & Wolf 2004,Src MW
S6a,308,Upupa epops,S6:McKechnie & Wolf 2004,Src MW
S6a,309,Uraeginthus bengalis,S6b:Gavrilov 1980a; S6b:Gavrilov 1980b; S6b:Gavrilov 1980c; S6b:Gavrilov 1982a; S6b:Gavrilov 1982b; S6b:Gavrilov 1997; S6b:Gavrilov 1999a; S6b:Gavrilov 1999b,"Src G -> S6b Uraeginthus bengalis 9.1 SN: Gavrilov, 1980abc, 1982ab, 1997, 1999ab"
S6a,310,Uria aalge,S6:McKechnie & Wolf 2004,Src MW
S6a,311,Uria lomvia,S6:McKechnie & Wolf 2004,Src MW
S6a,312,Vermivora pinus,S6:McKechnie & Wolf 2004,Src MW
S6a,313,Vidua paradisaea,S6:McKechnie & Wolf 2004,Src MW
S6a,314,Vultur gryphus,S6:McKechnie & Wolf 2004,Src MW
S6a,315,Xiphorhynchus guttatus,S6:McKechnie & Wolf 2004,Src MW
S6a,316,Yynx torquilla,S6b:Gavrilov & Dolnik 1985,"Src G -> S6b Yynx torquilla 31.8 SN: Gavrilov, Dolnik, 1985"
S6a,317,Zenaida macroura,S6:McKechnie & Wolf 2004,Src MW
S6a,318,Zonotricha querula,S6:McKechnie & Wolf 2004,Src MW
S6a,319,Zonotrichia albicollis,S6:McKechnie & Wolf 2004,Src MW
S6a,320,Zonotrichia leucophrys,S6:McKechnie & Wolf 2004,Src MW
S6a,321,Zosterops lateralis,S6:McKechnie & Wolf 2004,Src MW
S7,1,Anabaena flos-aquae,S7:Rubin et al. 1977,"Rubin et al. 1977 [estimated from images at UTEX Culture Collection (http://www.zo.utexas.edu/ research/utex/), diam 3.5 μm, filamentous]"
S7,2,Anabaena variabilis,S7:Kratz & Myers 1955,"Kratz & Myers 1955 [estimated from image of ATCC 29413, diam 3 μm, filamentous, displayed at http://www.ibvf.cartuja.csic .es/Cultivos/Seccion_IV.ht m (Instituto de Bioquímica Vegetal y Fotosíntesis, Cevilla, Spain)]"
S7,3,Anabaena variabilis,S7:Kratz & Myers 1955,"Kratz & Myers 1955 [estimated from image of ATCC 29413, diam 3 μm, filamentous, displayed at http://www.ibvf.cartuja.csic .es/Cultivos/Seccion_IV.ht m (Instituto de Bioquímica Vegetal y Fotosíntesis, Cevilla, Spain)]"
S7,4,Anabaena variabilis,S7:Haury & Spiller 1981,"Haury & Spiller 1981 [estimated from image of ATCC 29413, diam 3 μm, filamentous, displayed at http://www.ibvf.cartuja.csic .es/Cultivos/Seccion_IV.ht m (Instituto de Bioquímica Vegetal y Fotosíntesis, Cevilla, Spain)]"
S7,5,Anacystis nidulans PCC (Synechococcus,S7:Kratz & Myers 1955,Kratz & Myers 1955 [estimated from linear dimensions 1.6×2.2 μm assuming cylindrical form]
S7,6,Anacystis nidulans PCC (Synechococcus,S7:Kratz & Myers 1955,Kratz & Myers 1955 [estimated from linear dimensions 1.6×2.2 μm assuming cylindrical form]
S7,7,Anacystis nidulans PCC (Synechococcus,S7:Kratz & Myers 1955,Kratz & Myers 1955 [estimated from linear dimensions 1.6×2.2 μm assuming cylindrical form]
S7,8,Anacystis nidulans PCC (Synechococcus,S7:Kratz & Myers 1955,Kratz & Myers 1955 [estimated from linear dimensions 1.6×2.2 μm assuming cylindrical form]
S7,9,Anacystis nidulans PCC (Synechococcus,S7:Kratz & Myers 1955,Kratz & Myers 1955 [estimated from linear dimensions 1.6×2.2 μm assuming cylindrical form]
S7,10,Anacystis nidulans PCC (Synechococcus,S7:Kratz & Myers 1955,Kratz & Myers 1955 [estimated from linear dimensions 1.6×2.2 μm assuming cylindrical form]
S7,11,Anacystis nidulans PCC (Synechococcus,S7:Romero et al. 1989; S7:Kratz & Myers 1955,Romero et al. 1989 [estimated from linear dimensions 1.6×2.2 μm (Kratz & Myers 1955) assuming cylindrical form]
S7,12,Anacystis nidulans PCC (Synechococcus,S7:Romero et al. 1989; S7:Kratz & Myers 1955,Romero et al. 1989 [estimated from linear dimensions 1.6×2.2 μm (Kratz & Myers 1955) assuming cylindrical form]
S7,13,Anacystis nidulans PCC (Synechococcus,S7:Biggins 1969; S7:Kratz & Myers 1955,Biggins 1969 [estimated from linear dimensions 1.6×2.2 μm (Kratz & Myers 1955) assuming cylindrical form]
S7,14,Anacystis nidulans PCC (Synechococcus,S7:Doolittle & Singer 1974; S7:Kratz & Myers 1955,"Doolittle & Singer 1974, Fig. 6 [estimated from linear dimensions 1.6×2.2 μm (Kratz & Myers 1955) assuming cylindrical form]"
S7,15,Anacystis nidulans PCC (Synechococcus,S7:Romero et al. 1989; S7:Kratz & Myers 1955,Romero et al. 1989 [estimated from linear dimensions 1.6×2.2 μm (Kratz & Myers 1955) assuming cylindrical form]
S7,16,Aphanocapsa PCC,S7:Pelroy & Bassham 1973; S7:Stanier et al. 1971,"Pelroy & Bassham 1973 [Stanier et al. 1971, Fig. 6]"
S7,17,Coccochloris,S7:Coleman & Colman 1980; S7:Stanier et al. 1971,"Coleman & Colman 1980 [Stanier et al. 1971, Fig. 2 PCC 6307, ellipsoid 1×2 μm]"
S7,18,Coccochloris,S7:Coleman & Colman 1980; S7:Stanier et al. 1971,"Coleman & Colman 1980 [Stanier et al. 1971, Fig. 2 PCC 6307, ellipsoid 1×2 μm]"
S7,19,Coccochloris,S7:Coleman & Colman 1980; S7:Stanier et al. 1971,"Coleman & Colman 1980 [Stanier et al. 1971, Fig. 2 PCC 6307, ellipsoid 1×2 μm]"
S7,20,Gloeobacter violaceus,S7:Koenig & Schmidt 1995,"Koenig & Schmidt 1995 [Pasteur Culture Collection, www.pasteur.fr, width/diameter 1-1.2 μm]"
S7,21,Gloeothece sp. PCC,S7:Ortega-Calvo & Stal 1994; S7:Stanier et al. 1971,"Ortega-Calvo & Stal 1994 [Stanier et al. 1971, Fig. 7, ellipsoid 6×10 μm]"
S7,22,Gloeothece sp. PCC,S7:Ortega-Calvo & Stal 1994; S7:Stanier et al. 1971,"Ortega-Calvo & Stal 1994 [Stanier et al. 1971, Fig. 7, ellipsoid 6×10 μm]"
S7,23,Gloeothece sp. PCC,S7:Ortega-Calvo & Stal 1994; S7:Stanier et al. 1971,"Ortega-Calvo & Stal 1994 [Stanier et al. 1971, Fig. 7, ellipsoid 6×10 μm]"
S7,24,Gloeothece sp. PCC,S7:Ortega-Calvo & Stal 1994; S7:Stanier et al. 1971,"Ortega-Calvo & Stal 1994 [Stanier et al. 1971, Fig. 7, ellipsoid 6×10 μm]"
S7,25,Gloeothece sp. PCC,S7:Ortega-Calvo & Stal 1994; S7:Stanier et al. 1971,"Ortega-Calvo & Stal 1994 [Stanier et al. 1971, Fig. 7, ellipsoid 6×10 μm]"
S7,26,Gloeothece sp. PCC,S7:Ortega-Calvo & Stal 1994; S7:Stanier et al. 1971,"Ortega-Calvo & Stal 1994 [Stanier et al. 1971, Fig. 7, ellipsoid 6×10 μm]"
S7,27,Gloeothece sp. PCC,S7:Ortega-Calvo & Stal 1994; S7:Stanier et al. 1971,"Ortega-Calvo & Stal 1994 [Stanier et al. 1971, Fig. 7, ellipsoid 6×10 μm]"
S7,28,Nostoc commune,S7:Scherer et al. 1984; S7:Pereira et al. 2005,"Scherer et al. 1984 [Pereira et al. 2005, Fig. 8, cell width 2.5 μm]"
S7,29,Nostoc commune var.,S7:Scherer et al. 1984; S7:Pereira et al. 2005,"Scherer et al. 1984 [Pereira et al. 2005, Fig. 8, cell width 2.5 μm]"
S7,30,Nostoc muscorum G.,S7:Kratz & Myers 1955,"Kratz & Myers 1955 [estimated from images at UTEX Culture Collection (http://www.zo.utexas.edu/ research/utex/), diam 4 μm, filamentous]"
S7,31,Nostoc muscorum G.,S7:Kratz & Myers 1955,"Kratz & Myers 1955 [estimated from images at UTEX Culture Collection (http://www.zo.utexas.edu/ research/utex/), diam 4 μm, filamentous]"
S7,32,Nostoc sp. strain Mac,S7:Ingram et al. 1973,Ingram et al. 1973
S7,33,Nostoc sp. strain Mac,S7:Bottomley & van Baalen 1978,Bottomley & van Baalen 1978
S7,34,Nostoc sphaeroides,S7:Li & Gao 2004,Li & Gao 2004
S7,35,Nostoc sphaeroides,S7:Li & Gao 2004,Li & Gao 2004
S7,36,Nostoc sphaeroides,S7:Li & Gao 2004,Li & Gao 2004
S7,37,Nostoc sphaeroides,S7:Li & Gao 2004,Li & Gao 2004
S7,38,Oscillatoria (Limnothrix) van Goor,S7:Geider & Osborne 1989; S7:Foy & Gibson 1982,Geider & Osborne 1989 (data of Foy & Gibson 1982)
S7,39,Oscillatoria (Limnothrix) van Goor,S7:Geider & Osborne 1989; S7:Foy & Gibson 1982,Geider & Osborne 1989 (data of Foy & Gibson 1982)
S7,40,Oscillatoria terebriformis,S7:Richardson & Castenholz 1987,"Richardson & Castenholz 1987 [cell diam 5 μm, Fig. 2A, filamentous]"
S7,41,Phormidium autumnale Gom.,S7:Davey 1989; S7:Broady & Kibblewhite 1991,"Davey 1989 [Broady 1991, trichome width 3-5 μm]"
S7,42,Phormidium autumnale Gom.,S7:Davey 1989; S7:Broady & Kibblewhite 1991,"Davey 1989 [Broady 1991, trichome width 3-5 μm]"
S7,43,Phormidium autumnale Gom.,S7:Davey 1989; S7:Broady & Kibblewhite 1991,"Davey 1989 [Broady 1991, trichome width 3-5 μm]"
S7,44,Phormidium autumnale Gom.,S7:Davey 1989; S7:Broady & Kibblewhite 1991,"Davey 1989 [Broady 1991, trichome width 3-5 μm]"
S7,45,Phormidium autumnale Gom.,S7:Davey 1989; S7:Broady & Kibblewhite 1991,"Davey 1989 [Broady 1991, trichome width 3-5 μm]"
S7,46,Phormidium luridum,S7:Biggins 1969,"Biggins 1969 [Pasteur Culture Collection, www.pasteur.fr, PCC 7602, width/diameter 1.8-2.3 μm, filamentous]"
S7,47,Planktothrix agardhii,S7:Fietz & Nicklisch 2002; S7:Tonk et al. 2005,"Fietz & Nicklisch 2002 [Tonk et al. 2005, diam of filaments 3.3 μm]"
S7,48,Plectonema boryanum,S7:Padan et al. 1971,"Padan et al. 1971 [Pasteur Culture Collection, www.pasteur.fr, PCC 6306, width/diameter 1.8-2.3 μm, filamentous]"
S7,49,Plectonema boryanum,S7:Padan et al. 1971,"Padan et al. 1971 [Pasteur Culture Collection, www.pasteur.fr, PCC 6306, width/diameter 1.8-2.3 μm, filamentous]"
S7,50,Plectonema boryanum,S7:Padan et al. 1971,"Padan et al. 1971 [Pasteur Culture Collection, www.pasteur.fr, PCC 6306, width/diameter 1.8-2.3 μm, filamentous]"
S7,51,Prochloron sp. (isolated Lissoclinum patella),S7:Alberte et al. 1986; S7:Cox 1986,"Alberte et al. 1986 [Cox 1986, Fig. 26, diam 22 μm]"
S7,52,Prochloron sp. (isolated Lissoclinum patella),S7:Alberte et al. 1986; S7:Cox 1986,"Alberte et al. 1986 [Cox 1986, Fig. 26, diam 22 μm]"
S7,53,Schizothrix calcicola,S7:Tang & Vincent 2000,Tang & Vincent 2000
S7,54,Schizothrix calcicola,S7:Tang & Vincent 2000,Tang & Vincent 2000
S7,55,Schizothrix calcicola,S7:Tang & Vincent 2000,Tang & Vincent 2000
S7,56,Schizothrix calcicola,S7:Tang & Vincent 2000,Tang & Vincent 2000
S7,57,Spirulina platensis 1968-3786,S7:Gordillo et al. 1999; S7:Ciferri 1983,"Gordillo et al. 1999 [Ciferri 1983, cell diameter 6-8μm, filamentous]"
S7,58,Spirulina platensis 1968-3786,S7:Gordillo et al. 1999; S7:Ciferri 1983,"Gordillo et al. 1999 [Ciferri 1983, cell diameter 6-8μm, filamentous]"
S7,59,Spirulina platensis 1968-3786,S7:Gordillo et al. 1999; S7:Ciferri 1983,"Gordillo et al. 1999 [Ciferri 1983, cell diameter 6-8μm, filamentous]"
S7,60,Spirulina platensis 1968-3786,S7:Gordillo et al. 1999; S7:Ciferri 1983,"Gordillo et al. 1999 [Ciferri 1983, cell diameter 6-8μm, filamentous]"
S7,61,Spirulina platensis P,S7:Berry et al. 2003; S7:Ciferri 1983,"Berry et al. 2003 [Ciferri 1983, cell diameter 6-8μm, filamentous]"
S7,62,Spirulina platensis P,S7:Berry et al. 2003; S7:Ciferri 1983,"Berry et al. 2003 [Ciferri 1983, cell diameter 6-8μm, filamentous]"
S7,63,Spirulina platensis P,S7:Berry et al. 2003; S7:Ciferri 1983,"Berry et al. 2003 [Ciferri 1983, cell diameter 6-8μm, filamentous]"
S7,64,Spirulina platensis P,S7:Berry et al. 2003; S7:Ciferri 1983,"Berry et al. 2003 [Ciferri 1983, cell diameter 6-8μm, filamentous]"
S7,65,Synechococcus sp. RF- 8801),S7:Chen et al. 1989,"Chen et al. 1989 [Pasteur Culture Collection, www.pasteur.fr, PCC 8801, width/diameter 3 μm]"
S7,66,Synechocystis aquatilis,S7:de Magalhães et al. 2004,"de Magalhães et al. 2004 [Fig. 6C, cells nearly spherical ~2.5 μm in diam]"
S7,67,Synechocystis PCC,S7:Avendaño-Coletta & Schubert 2005; S7:Stanier et al. 1971,"Avendaño-Coletta & Schubert 2005 [Stanier et al. 1971, Fig. 5, sphere diam 2.5 μm]"
S7,68,Synechocystis PCC,S7:Hammouda & El-Sheekh 1994; S7:Stanier et al. 1971,"Hammouda & El-Sheekh 1994 [Stanier et al. 1971, Fig. 5, sphere diam 2.5 μm]"
S7,69,Trichodesmium spp.,S7:Carpenter & Roenneberg 1995; S7:Carpenter et al. 2004,"Carpenter & Roenneberg 1995 [Carpenter et al. 2004, Table 10]"
S7,70,Trichodesmium spp.,S7:Carpenter & Roenneberg 1995; S7:Carpenter et al. 2004,"Carpenter & Roenneberg 1995 [Carpenter et al. 2004, Table 10]"
S7,71,Trichodesmium spp.,S7:Carpenter & Roenneberg 1995; S7:Carpenter et al. 2004,"Carpenter & Roenneberg 1995 [Carpenter et al. 2004, Table 10]"
S7,72,Trichodesmium spp.,S7:Roenneberg & Carpenter 1993; S7:Carpenter et al. 2004,"Roenneberg & Carpenter 1993 [Carpenter et al. 2004, Table 10]"
S7,73,Trichodesmium spp.,S7:Roenneberg & Carpenter 1993; S7:Carpenter et al. 2004,"Roenneberg & Carpenter 1993 [Carpenter et al. 2004, Table 10]"
S7,74,Trichodesmium spp.,S7:Roenneberg & Carpenter 1993; S7:Carpenter et al. 2004,"Roenneberg & Carpenter 1993 [Carpenter et al. 2004, Table 10]"
S7,75,"Trichodesmium spp. on Chl a content and Breitbarth (assuming Chl a In Appendix Chl a/C ratio in Trichodesmium. in Appendix ng, while Chl as cited by Carpenter (2005) it is to be realistic. et al. (2004) 54 to 131 with a 160 to 343 with on average (Chl a = 27, which gives to Table S7: R.S., Cheng L., responses of the (American Public Standard Methods D., two different light I., Cullen Trichodesmium. S., Bolychevtseva cyanobacterium J. (1969) Respiration P.J., van Baalen green alga (cyanobacterium) G., Dundas I. 757. P.A., Kibblewhite Victoria Land, Antarctica. E.J., Roenneberg the SW Atlantic E.J., Subramaniam the tropical N Atlantic T.-H., Huang T.-C., Synechococcus O. (1983) Spirulina, G. (1986) Comparison 445. M.C. (1989) The cyanobacteria. Polar Magalhães, Cardoso aquatilis f. aquatilis W.F., Singer Journal of Bacteriology S., Nicklisch A. simulated natural R.H., Gibson C.E. pigmentation of R.J., Osborne and growth. New F.J.F., Jiménéz growth and cell O.H.E., El-Sheekh 6803 to anthelmintic and Toxicology J.F., Spiller H. Bacteriology 147: L.O., Calder J.A., physiology of the Bacteriology 114: F., Schmidt M. wavelength emission W.A., Myers J. J., Breitbarth 67-91. Gao K. (2004) European Journal S., Kuenen J.G., Nitrogen, carbon, E., Raboy B., 106: 45-50. I., Moya M., Reyes Botánica 62: 26-32. L.L., Castenholz anaerobic conditions. J.M., Lara C., nidulans. Plant Physiology P.M., Zetooney 60: 407-411. S., Ernst A., reappearance of L.J., Moezelaar R. R.Y., Kunisawa Chroococcales). Coleman J.R., Colman microscopic algae. E.P.Y., Vincent Schizothrix calcicola L., Visser P.M., composition of the and Environmental M.V. Fuchs B.M., staining and flow",S7:Roenneberg & Carpenter 1993; S7:Carpenter et al. 2004,"Roenneberg & Carpenter 1993 [Carpenter et al. 2004, Table 10]"
