key,citation,note,owner_review
S1a:Abu-Amero et al. 1996,"Abu-Amero K.K., Halablab M.A., Miles R.J. (1996) Nisin resistance distinguishes Mycoplasma spp. from Acholeplasma spp. and provides a basis for selective growth media. Applied and Environmental Microbiology 62: 3107-3111.",S1a list (p. 47-59),
S1a:Adriaens & Focht 1991,"Adriaens P., Focht D.D. (1991) Cometabolism of 3,4-dichlorobenzoate by Acinetobacter sp. strain 4-CB1. Applied and Environmental Microbiology 57: 173-179.",S1a list (p. 47-59),
S1a:Adriaens et al. 1989,"Adriaens P., Kohler H.P., Kohler-Staub D., Focht D.D. (1989) Bacterial dehalogenation of chlorobenzoates and coculture biodegradation of 4,4'- dichlorobiphenyl. Applied and Environmental Microbiology 55: 887-892.",S1a list (p. 47-59),
S1a:Allen & Baumann 1971,"Allen R.D., Baumann P. (1971) Structure and arrangement of flagella in species of the genus Beneckea and Photobacterium fischeri. Journal of Bacteriology 107: 295-302.",S1a list (p. 47-59),
S1a:Altekar & Rao 1963,"Altekar W.W., Rao M.R. (1963) Microbiological dissimilation of tricarballylate and trans-aconitate. Journal of Bacteriology 85: 604-613.",S1a list (p. 47-59),
S1a:Amy & Morita 1983,"Amy P.S., Morita R.Y. (1983) Starvation-survival patterns of sixteen freshly isolated open-ocean bacteria. Applied and Environmental Microbiology 45: 1109-1115.",S1a list (p. 47-59),
S1a:Bauer et al. 2000,"Bauer S., Tholen A., Overmann J., Brune A. (2000) Characterization of abundance and diversity of lactic acid bacteria in the hindgut of wood- and soil-feeding termites by molecular and culture-dependent techniques. Archives of Microbiology 173: 126-137.",S1a list (p. 47-59),
S1a:Baumann et al. 1971,"Baumann P., Baumann L., Mandel M. (1971) Taxonomy of marine bacteria: the genus Beneckea. Journal of Bacteriology 107: 268-294.",S1a list (p. 47-59),
S1a:Baumann et al. 1968,"Baumann P., Doudoroff M., Stanier R.Y. (1968) Study of the Moraxella Group. I. Genus Moraxella and the Neisseria catarrhalis group. Journal of Bacteriology 95: 58-73.",S1a list (p. 47-59),
S1a:Berg et al. 2002,"Berg I.A., Filatova L.V., Ivanovsky R.N. (2002) Inhibition of acetate and propionate assimilation by itaconate via propionyl-CoA carboxylase in iso- citrate lyase-negative purple bacterium Rhodospirillum rubrum. FEMS Microbiology Letters 216: 49-54.",S1a list (p. 47-59),
S1a:Biberstein & Spencer 1962,"Biberstein E.L., Spencer P.D. (1962) Oxidative metabolism of Haemophilus species grown at different levels of hemin supplementation. Journal of Bacteriology 84: 916-920.",S1a list (p. 47-59),
S1a:Bishop et al. 1962,"Bishop D.H., Pandya K.P., King H.K. (1962) Ubiquinone and vitamin K in bacteria. Biochemical Journal 83: 606-614.",S1a list (p. 47-59),
S1a:Bisset 1953,"Bisset K.A. (1953) Do bacteria have mitotic spindles, fusion tubes and mitochondria? Journal of General Microbiology 8: 50-57.",S1a list (p. 47-59),
S1a:Blizzard & Peterson 1963,"Blizzard J.L., Peterson G.E. (1963) Selective inhibition of proline-induced pigmentation in washed cells of Serratia marcescens. Journal of Bacteri- ology 85: 1136-1140.",S1a list (p. 47-59),
S1a:Bluhm & Ordal 1969,"Bluhm L., Ordal Z.J. (1969) Effect of sublethal heat on the metabolic activity of Staphylococcus aureus. Journal of Bacteriology 97: 140-150.",S1a list (p. 47-59),
S1a:Bohach & Snyder 1983,"Bohach G.A., Snyder I.S. (1983) Cyanobacterial stimulation of growth and oxygen uptake by Legionella pneumophila. Applied and Environmental Microbiology 46: 528-531.",S1a list (p. 47-59),
S1a:Bohin et al. 1976,"Bohin J.P., Rigomier D., Schaeffer P. (1976) Ethanol sensitivity of sporulation in Bacillus subtilis: a new tool for the analysis of the sporulation proc- ess. Journal of Bacteriology 127: 934-940.",S1a list (p. 47-59),
S1a:Bongers 1970,Bongers L. (1970) Energy generation and utilization in hydrogen bacteria. Journal of Bacteriology 104: 145-151.,S1a list (p. 47-59),
S1a:Boylen 1973,Boylen C.W. (1973) Survival of Arthrobacter crystallopoietes during prolonged periods of extreme desiccation. Journal of Bacteriology 113: 33-37.,S1a list (p. 47-59),
S1a:Boylen & Ensign 1970,"Boylen C.W., Ensign J.C. (1970) Intracellular substrates for endogenous metabolism during long-term starvation of rod and spherical cells of Ar- throbacter crystallopoietes. Journal of Bacteriology 103: 578-587.",S1a list (p. 47-59),
S1a:Breznak et al. 1978,"Breznak J.A., Potrikus C.J., Pfennig N., Ensign J.C. (1978) Viability and endogenous substrates used during starvation survival of Rhodospirillum rubrum. Journal of Bacteriology 134: 381-388.",S1a list (p. 47-59),
S1a:Bruheim et al. 1999,"Bruheim P., Bredholt H., Eimhjellen K. (1999) Effects of surfactant mixtures, including Corexit 9527, on bacterial oxidation of acetate and alkanes in crude oil. Applied and Environmental Microbiology 65: 1658-1661.",S1a list (p. 47-59),
S1a:Bryan-Jones & Whittenbury 1969,"Bryan-Jones D.G., Whittenbury R. (1969) Haematin-dependent oxidative phosphorylation in Streptococcus faecalis. Journal of General Microbiol- ogy 58: 247-260.",S1a list (p. 47-59),
S1a:Burleigh & Dawes 1967,"Burleigh I.G., Dawes E.A. (1967) Studies on the endogenous metabolism and senescence of starved Sarcina lutea. Biochemical Journal 102: 236-250.",S1a list (p. 47-59),
S1a:Buswell 1975,Buswell J.A. (1975) Metabolism of phenol and cresols by Bacillus stearothermophilus. Journal of Bacteriology 124: 1077-1083.,S1a list (p. 47-59),
S1a:Cain et al. 1968,"Cain R.B., Tranter E.K., Darrah J.A. (1968) The utilization of some halogenated aromatic acids by Nocardia. Oxidation and metabolism. Journal of Bacteriology 106: 211-227.",S1a list (p. 47-59),
S1a:Cartwright & Cain n.d.,"Cartwright N.J., Cain R.B. Bacterial degradation of the nitrobenzoic acids. Biochemical Journal 71: 248-261.",S1a list (p. 47-59),
S1a:Chakrabarty & Roy 1964,"Chakrabarty A.M., Roy S.C. (1964) Nature of endogenous reserve material in a strain of Pseudomonas fluorescens-putida intermediate. Biochemi- cal Journal 92: 105-112.",S1a list (p. 47-59),
S1a:Chapman & Ribbons 1976,"Chapman P.J., Ribbons D.W. (1976) Metabolism of resorcinylic compounds by bacteria: alternative pathways for resorcinol catabolism in Pseu- domonas putida. Journal of Bacteriology 125: 985-998.",S1a list (p. 47-59),
S1a:Chester & Cooper 1979,"Chester B., Cooper L.H. (1979) Achromobacter species (CDC group Vd): morphological and biochemical characterization. Journal of Clinical Micro- biology 9: 425-436.",S1a list (p. 47-59),
S1a:Cho & Eagon 1967,"Cho H.W., Eagon R.G. (1967) Factors affecting the pathways of glucose catabolism and the tricarboxylic acid cycle in Pseudomonas natriegens. Journal of Bacteriology 93: 866-873.",S1a list (p. 47-59),
S1a:Church & Halvorson 1957,"Church B.D., Halvorson H. (1957) Intermediate metabolism of aerobic spores: I. Activation of glucose oxidation in spores of Bacillus cereus var ter- minalis. Journal of Bacteriology 73: 470-476.",S1a list (p. 47-59),
S1a:Clifton & Cherry 1966,"Clifton C.E., Cherry J. (1966) Influence of glutamic acid on the endogenous respiration of Bacillus subtilis. Journal of Bacteriology 91: 546-550.",S1a list (p. 47-59),
S1a:Conn & Dimmick 1947,"Conn H.J., Dimmick I.J. (1947) Soil bacteria similar in morphology to Mycobacterium and Corynebacterium. Journal of Bacteriology 54: 291-303. Luscombe B.M., Gray T.R.G. (1974) Characteristics of Arthrobacter grown in continuous culture. Journal of General Microbiology 82: 213-222.",S1a list (p. 47-59),
S1a:Cooper et al. 1965,"Cooper R.A., Itiaba K., Kornberg H.L. (1965) The utilization of aconate and itaconate by Micrococcus sp. Biochemical Journal 94: 25-31.",S1a list (p. 47-59),
S1a:Cooper & Kornberg 1964,"Cooper R.A., Kornberg H.L. (1964) The utilization of itaconate by Pseudomonas sp. Biochemical Journal 91: 82-91.",S1a list (p. 47-59),
S1a:Coulter et al. 1999,"Coulter C., Hamilton J.T., McRoberts W.C., Kulakov L., Larkin M.J., Harper D.B. (1999) Halomethane:bisulfide/halide ion methyltransferase, an un- usual corrinoid enzyme of environmental significance isolated from an aerobic methylotroph using chloromethane as the sole carbon source. Applied and Environmental Microbiology 65: 4301-4312.",S1a list (p. 47-59),
S1a:Crawford 1954,"Crawford I.P. (1954) A new fermentative pseudomonad, Pseudomonas formicans, n. sp. Journal of Bacteriology 68: 734-738.",S1a list (p. 47-59),
S1a:Crook 1952,Crook P.G. (1952) The effect of heat and glucose on endogenous endospore respiration utilizing a modified Scholander microrespirometer. Journal of Bacteriology 63: 193-198.,S1a list (p. 47-59),
S1a:Dagley & Gibson 1965,"Dagley S., Gibson D.T. (1965) The bacterial degradation of catechol. Biochemical Journal 95: 466-474.",S1a list (p. 47-59),
S1a:Davis & Bateman 1960,"Davis M.S., Bateman J.B. (1960) Relative humidity and the killing of bacteria II. Selective changes in oxidative activity associated with death. Jour- nal of Bacteriology 80: 580-584.",S1a list (p. 47-59),
S1a:Dawes & Holms 1958,"Dawes E.A., Holms W.H. (1958) Metabolism of Sarcina lutea I. Carbohydrate oxidation and terminal respiration. Journal of Bacteriology 75: 390-399.",S1a list (p. 47-59),
S1a:Dawes & Ribbons 1965,"Dawes E.A., Ribbons D.W. (1965) Studies on the endogenous metabolism of Escherichia coli. Biochemical Journal 95: 332-343.",S1a list (p. 47-59),
S1a:Dawson & Jones 1981,"Dawson M.J., Jones C.W. (1981) Respiration-linked proton translocation in the obligate methylotroph Methylophilus methylotrophus. Journal of Bio- chemical Journal 194: 915-924.",S1a list (p. 47-59),
S1a:De Ley & Schell 1959,"De Ley J., Schell J. (1959) Oxidation of several substrates by Acetobacter aceti. Journal of Bacteriology 77: 445-451.",S1a list (p. 47-59),
S1a:Decker & Lang 1977,"Decker S.J., Lang D.R. (1977) Bacillus megaterium mutant deficient in membrane-bound adenosine triphosphatase activity. Journal of Bacteriology 131: 98-104.",S1a list (p. 47-59),
S1a:Devi et al. 1975,"Devi N.A., Kutty R.K., Vasantharajan V.N., Rao P.V.S. (1975) Microbial metabolism of phenolic amines: Degradation of dl-synephrine by an uniden- tified arthrobacter. Journal of Bacteriology 122: 866-873.",S1a list (p. 47-59),
S1a:Dietrich & Burris 1967,"Dietrich S.M., Burris R.H. (1967) Effect of exogenous substrates on the endogenous respiration of bacteria. Journal of Bacteriology 93: 1467-1470.",S1a list (p. 47-59),
S1a:Donnelly et al. 1981,"Donnelly M.I., Chapman P.J., Dagley S. (1981) Bacterial degradation of 3,4,5-trimethoxyphenylacetic and 3-ketoglutaric acids. Journal of Bacteriol- ogy 147: 477-481.",S1a list (p. 47-59),
S1a:Donnelly & Dagley 1980,"Donnelly M.I., Dagley S. (1980) Production of methanol from aromatic acids by Pseudomonas putida. Journal of Bacteriology 142: 916-924.",S1a list (p. 47-59),
S1a:Doudoroff et al. 1956,"Doudoroff M., Palleroni N.J., MacGee J., Ohara M. (1956) Metabolism of carbohydrates by Pseudomonas saccharophila I. Oxidation of fructose by intact cells and crude cell-free preparations. Journal of Bacteriology 71: 196-201.",S1a list (p. 47-59),
S1a:Droniuk et al. 1987,"Droniuk R., Wong P.T., Wisse G., MacLeod R.A. (1987) Variation in quantitative requirements for Na+ for transport of metabolizable compounds by the marine bacteria Alteromonas haloplanktis 214 and Vibrio fischeri. Applied and Environmental Microbiology 53: 1487-1495.",S1a list (p. 47-59),
S1a:Dworkin & Niederpruem 1964,"Dworkin M., Niederpruem D.J. (1964) Electron transport system in vegetative cells and microcysts of Myxococcus xanthus. Journal of Bacteriology 87: 316-322.",S1a list (p. 47-59),
S1a:Eagon 1962,"Eagon R.G. (1962) Pseudomonas natriegens, a marine bacterium with a generation time of less than 10 minutes. Journal of Bacteriology 83: 736-737.",S1a list (p. 47-59),
S1a:Eisenberg et al. 1974,"Eisenberg R.C., Butters S.J., Quay S.C., Friedman S.B. (1974) Glucose uptake and phosphorylation in Pseudomonas fluorescens. Journal of Bac- teriology 120: 147-153.",S1a list (p. 47-59),
S1a:Engelhard et al. 1957,"Engelhard W.E., Uyeno S., Pivnick H. (1957) Some modifications of mycobacteria effected with trypsin. Journal of Bacteriology 73: 206-210.",S1a list (p. 47-59),
S1a:Ensign 1970,Ensign J.C. (1970) Long-term starvation survival of rod and spherical cells of Arthrobacter crystallopoietes. Journal of Bacteriology 103: 569-577.,S1a list (p. 47-59),
S1a:Erlandson & Ruhl 1956,"Erlandson A.L. Jr., Ruhl R.F. (1956) Oxidative dissimilation of amino acids and related compounds by Shigella flexneri. Journal of Bacteriology 72: 708-712.",S1a list (p. 47-59),
S1a:Euzéby 1997,"Euzéby J.P. (1997) List of bacterial names with standing in nomenclature: a folder available on the Internet. International Journal of Systematic Bacteriology (List of prokaryotic names with standing in nomenclature. Last full update November 03, 2006. URL: http://www.bacterio.net).",S1a list (p. 47-59),
S1a:Faulkner & Garduño 2002,"Faulkner G., Garduño R.A. (2002) Ultrastructural analysis of differentiation in Legionella pneumophila. Journal of Bacteriology 184: 7025-7041.",S1a list (p. 47-59),
S1a:Feofilova et al. 1966,"Feofilova E.P., Lebedeva N.E., Taptykova S.D., Kirillova N.F. (1966) Study on respiration of pigmented and leuco-variants of Actinomyces longispo- roruber. Mikrobiologija 35: 651-659.",S1a list (p. 47-59),
S1a:Forbes et al. 1962,"Forbes M., Kuck N.A., Peets E.A. (1962) Mode of action of ethambutol. Journal of Bacteriology 84: 1099-1103.",S1a list (p. 47-59),
S1a:Frederick et al. 1974,"Frederick J.J., Corner T.R., Gerhardt P. (1974) Antimicrobial actions of hexachlorophene: inhibition of respiration in Bacillus megaterium. Antimicro- bial Agents and Chemotherapy 6: 712-721.",S1a list (p. 47-59),
S1a:Friedberg & Friedberg 1976,"Friedberg D., Friedberg I. (1976) Membrane-associated, energy-linked reactions in Bdellovibrio bacteriovorus. Journal of Bacteriology 127: 1382-1388.",S1a list (p. 47-59),
S1a:Friedman & Alm 1962,"Friedman M.E., Alm W.L. (1962) Effect of glucose concentration in the growth medium on some metabolic activities of Listeria monocytogenes. Journal of Bacteriology 84: 375-376.",S1a list (p. 47-59),
S1a:Frustaci et al. 1991,"Frustaci J.M., Sangwan I., O'Brian M.R. (1991) Aerobic growth and respiration of a δ-aminolevulinic acid synthase (hemA) mutant of Bradyrhizo- bium japonicum. Journal of Bacteriology 173: 1145-1150.",S1a list (p. 47-59),
S1a:Fu et al. 2003,"Fu Y., O’Kelly C., Sieracki M., Distel D.L. (2003) Protistan grazing analysis by flow cytometry using prey labeled by in vivo expression of fluorescent proteins. Applied and Environmental Microbiology 69: 6848-6855.",S1a list (p. 47-59),
S1a:Gary & Bard 1952,"Gary N.D., Bard R.C. (1952) Effect of nutrition on the growth and metabolism of Bacillus subtilis. Journal of Bacteriology 64: 501-512.",S1a list (p. 47-59),
S1a:Gaudy et al. 1963,"Gaudy A.F. Jr., Gaudy E.T., Komolrit K. (1963) Multicomponent substrate utilization by natural populations and a pure culture of Escherichia coli. Applied Microbiology 11: 157-162.",S1a list (p. 47-59),
S1a:Gerhardt et al. 1950,"Gerhardt P., Levine H.B., Wilson J.B. (1950) The oxidative dissimilation of amino acids and related compounds by Brucella abortus. Journal of Bacteriology 60: 459-467.",S1a list (p. 47-59),
S1a:Gilmour et al. 1955,"Gilmour C.M., Butterworth E.M., Noble E.P., Wang C.H. (1955) Studies on the biochemistry of the streptomyces I. Terminal oxidative metabolism in Streptomyces griseus. Journal of Bacteriology 69: 719-724.",S1a list (p. 47-59),
S1a:Goldschmidt & Wyss 1966,"Goldschmidt M.C., Wyss O. (1966) Chelation effects on Azotobacter cells and cysts. Journal of Bacteriology 91: 120-124.",S1a list (p. 47-59),
S1a:Goulbourne et al. 1986,"Goulbourne E. Jr., Matin M., Zychlinsky E., Matin A. (1986) Mechanism of ΔpH maintenance in active and inactive cells of an obligately acidophilic bacterium. Journal of Bacteriology 166: 59-65.",S1a list (p. 47-59),
S1a:Gray 1952,Gray C.T. (1952) The respiratory metabolism of murine leprosy bacilli. Journal of Bacteriology 64: 305-313.,S1a list (p. 47-59),
S1a:Greisen & Gunsalus 1944,"Greisen E.C., Gunsalus I.C. (1944) An alcohol oxidation system in streptococci which functions without hydrogen peroxide accumulation. Journal of Bacteriology 48: 515-525.",S1a list (p. 47-59),
S1a:Gronlund & Campbell 1961,"Gronlund A.F., Campbell J.J. (1961) Nitrogenous compounds as substrates for endogenous respiration in microorganisms. Journal of Bacteriology 81: 721-724.",S1a list (p. 47-59),
S1a:Gronlund & Campbell 1963,"Gronlund A.F., Campbell J.J. (1963) Nitrogenous substrates of endogenous respiration in Pseudomonas aeruginosa. Journal of Bacteriology 86: 58-66.",S1a list (p. 47-59),
S1a:Gronlund & Campbell 1966,"Gronlund A.F., Campbell J.J. (1966) Influence of exogenous substrates on the endogenous respiration of Pseudomonas aeruginosa. Journal of Bacteriology 91: 1577-1581.",S1a list (p. 47-59),
S1a:Groupé et al. 1954,"Groupé V., Pugh L.H., Levine A.S., Herrmann E.C. Jr. (1954) Suppression of certain viral lesions by a microbial product, xerosin, lacking in demon- strable antiviral properties and produced by Achromobacter xerosis, n. sp. Journal of Bacteriology 68: 10-18.",S1a list (p. 47-59),
S1a:Gunter & Kohn 1956,"Gunter S.E., Kohn H.I. (1956) Effect of X-rays on the survival of bacteria and yeast II. Relation of cell concentration and endogenous respiration to sensitivity. Journal of Bacteriology 72: 422-428.",S1a list (p. 47-59),
S1a:Hareland et al. 1975,"Hareland W.A., Crawford R.L., Chapman P.J., Dagley S. (1975) Metabolic function and properties of 4-hydroxyphenylacetic acid 1-hydroxylase from Pseudomonas acidovorans. Journal of Bacteriology 121: 272-285.",S1a list (p. 47-59),
S1a:Harper 1977,Harper D.B. (1977) Microbial metabolism of aromatic nitriles. Enzymology of C-N cleavage by Nocardia sp. (Rhodochrous group) N.C.I.B. 11216. Biochemical Journal 165: 309-319.,S1a list (p. 47-59),
S1a:Hayase et al. 2004,"Hayase N., Yano H., Kudoh E., Tsutsumi C., Ushio K., Miyahara Y., Tanaka S., Katsuhiko N. (2004) Isolation and characterization of poly(butylene succinate-co-butylene adipate)-degrading microorganism. Journal of Bioscience and Bioengineering 97: 131-133.",S1a list (p. 47-59),
S1a:Hespell et al. 1973,"Hespell R.B., Rosson R.A., Thomashow M.F., Rittenberg S.C. (1973) Respiration of Bdellovibrio bacteriovorus strain 109J and its energy substrates for intraperiplasmic growth. Journal of Bacteriology 113: 1280-1288.",S1a list (p. 47-59),
S1a:Hoffee & Englesberg 1962,"Hoffee P., Englesberg E. (1962) Effect of metabolic activity of the glucose permease of bacterial cells. Proceedings of the National Academy of Sci- ences USA 48: 1759-1765.",S1a list (p. 47-59),
S1a:Hollocher et al. 1982,"Hollocher T.C., Kumar S., Nicholas D.J. (1982) Respiration-dependent proton translocation in Nitrosomonas europaea and its apparent absence in Nitrobacter agilis during inorganic oxidations. Journal of Bacteriology 149: 1013-1020.",S1a list (p. 47-59),
S1a:Holt 1984,"Holt J.G. (ed.) (1984, 1986, 1989) Bergey’s Manual of Systematic Bacteriology, Vols. 1-4. Williams & Wilkins, Baltimore.",S1a list (p. 47-59),
S1a:Holt et al. 1994,"Holt J.G., Krieg N.R., Sneath P.H.A., Staley J.T., Williams S.T. (eds.) (1994) Bergey's Manual of Determinative Bacteriology, Ninth Edition. Williams & Wilkins, Baltimore.",S1a list (p. 47-59),
S1a:Hou et al. 1966,"Hou C.I., Gronlund A.F., Campbell J.J. (1966) Influence of phosphate starvation on cultures of Pseudomonas aeruginosa. Journal of Bacteriology 92: 851-855.",S1a list (p. 47-59),
S1a:Huang et al. 2000,"Huang C.-Y., Garcia J.-L., Patel B.K.C., Cayol J.-L., Baresi L., Mah R.A. (2000) Salinivibrio costicola subsp. vallismortis subsp. nov., a halotolerant facultative anaerobe from Death Valley, and emended description of Salinivibrio costicola. International Journal of Systematic and Evolutionary Microbiology 50: 615-622",S1a list (p. 47-59),
S1a:Huber & Schuhardt 1970,"Huber T.W., Schuhardt V.T. (1970) Lysostaphin-induced, osmotically fragile Staphylococcus aureus cells. Journal of Bacteriology 103: 116-119.",S1a list (p. 47-59),
S1a:Hughes 1965,Hughes D.E. (1965) The metabolism of halogen-substituted benzoic acids by Pseudomonas fluorescens. Biochemical Journal 96: 181-188.,S1a list (p. 47-59),
S1a:Hulcher & King 1958a,"Hulcher F.H., King K.W. (1958a) Metabolic basis for disaccharide preference in a Cellvibrio. Journal of Bacteriology 76: 571-577.",S1a list (p. 47-59),
S1a:Hulcher & King 1958b,"Hulcher F.H., King K.W. (1958b) Disaccharide preference of an aerobic cellulolytic bacterium, Cellvibrio gilvus n. sp. Journal of Bacteriology 76: 565-570.",S1a list (p. 47-59),
S1a:Hunter 1953,Hunter G.J. (1953) The oxidation of glycerol by mycobacteria. Biochemical Journal 55: 320-328.,S1a list (p. 47-59),
S1a:Ingram 1940,"Ingram M. (1940) The endogenous respiration of Bacillus cereus: III. The changes in the rate of respiration caused by sodium chloride, in relation to hydrogen-ion concentration. Journal of Bacteriology 40: 683-694.",S1a list (p. 47-59),
S1a:Isenberg et al. 1954,"Isenberg H.D., Schatz A., Angrist A.A., Schatz V., Trelawny G.S. (1954) Microbial metabolism of carbamates II.Nitrification of urethan by Strepto- myces nitrificans. Journal of Bacteriology 68: 5-9.",S1a list (p. 47-59),
S1a:Jacobs & Conti 1965,"Jacobs N.J., Conti S.F. (1965) Effect of hemin on the formation of the cytochrome system of anaerobically grown Staphylococcus epidermidis. Journal of Bacteriology 89: 675-679.",S1a list (p. 47-59),
S1a:Jacoby 1964,Jacoby GA. (1964) The induction and repression of amino acid oxidation in Pseudomonas fluorescens. Biochemical Journal 92: 1-8.,S1a list (p. 47-59),
S1a:Jenkins et al. 1987,"Jenkins O., Byrom D., Jones D. (1987) Methylophilus: a new genus of methanol-utilizing bacteria. International Journal of Systematic Bacteriology 37: 446-448.",S1a list (p. 47-59),
S1a:Jigami et al. 1979,"Jigami Y., Kawasaki Y., Omori T., Minoda Y. (1979) Coexistence of different pathways in the metabolism of n-propylbenzene by Pseudomonas sp. Applied and Environmental Microbiology 38: 783-788.",S1a list (p. 47-59),
S1a:Johnson et al. 1958,"Johnson E.J., Sobek J.M., Clifton C.E. (1958) Oxidative assimilation by Azotobacter agilis. Journal of Bacteriology 76: 658-661.",S1a list (p. 47-59),
S1a:Jones & Turner 1979,"Jones A., Turner J.M. (1979) Microbial metabolism of amino alcohols. 1-Aminopropan-2-ol and ethanolamine metabolism via propionaldehyde and acetaldehyde in a species of Pseudomonas. Biochemical Journal 134: 167-182.",S1a list (p. 47-59),
S1a:Jurtshuk et al. 1975,"Jurtshuk P. Jr., Marcucci O.M., McQuitty D.N. (1975) Tetramethyl-p-phenylenediamine oxidase reaction in Azotobacter vinelandii. Applied Microbi- ology 30: 951-958.",S1a list (p. 47-59),
S1a:Jurtshuk & McQuitty 1976,"Jurtshuk P. Jr., McQuitty D.N. (1976) Use of a quantitative oxidase test for characterizing oxidative metabolism in bacteria. Applied and Environ- mental Microbiology 31: 668-679.",S1a list (p. 47-59),
S1a:Kahn & Gromkova 1981,"Kahn M.E., Gromkova R. (1981) Occurrence of pili on and adhesive properties of Haemophilus parainfluenzae. Journal of Bacteriology 145: 1075-1078.",S1a list (p. 47-59),
S1a:Kanso et al. 2002,"Kanso S., Greene A.C., Patel B.K.C. (2002) Bacillus subterraneus sp. nov., an iron- and manganese-reducing bacterium from a deep subsurface Australian thermal aquifer. International Journal of Systematic and Evolutionary Microbiology 52: 869-874.",S1a list (p. 47-59),
S1a:Keevil & Anthony 1979,"Keevil C.W., Anthony C. (1979) Effect of growth conditions on the involvement of cytochrome c in electron transport, proton translocation and ATP synthesis in the facultative methylotroph Pseudomonas AM1. Biochemical Journal 182: 71-79.",S1a list (p. 47-59),
S1a:Kelly & Wood 2000,"Kelly D.P., Wood A.P. (2000) Reclassification of some species of Thiobacillus to the newly designated genera Acidithiobacillus gen. nov., Halothio- bacillus gen. nov. and Thermithiobacillus gen. nov. International Journal of Systematic and Evolutionary Microbiology 50: 511-516.",S1a list (p. 47-59),
S1a:Kenimer & Lapp 1978,"Kenimer E.A., Lapp D.F. (1978) Effects of elected inhibitors on electron transport in Neisseria gonorrhoeae. Journal of Bacteriology 134: 537-545.",S1a list (p. 47-59),
S1a:Kjelleberg et al. 1982,"Kjelleberg S. Humphrey B.A. Marshall K.C. (1982) Effect of interfaces on small, starved marine bacteria. Applied and Environmental Microbiology 43: 1166-1172.",S1a list (p. 47-59),
S1a:Kornberg 1958,"Kornberg H.L. (1958) The metabolism of C2 compounds in micro-organisms. 1. The incorporation of 2-14Cacetate by Pseudomonas fluorescens, and by a Corynebacterium, grown on ammonium acetate. Biochemical Journal 68: 535-542.",S1a list (p. 47-59),
S1a:Kornberg & Gotto 1961,"Kornberg H.L., Gotto A.M. (1961) The metabolism of C2 compounds in micro-organisms. 6. Synthesis of cell constituents from glycollate by Pseu- domonas sp. Biochemical Journal 78: 69-82.",S1a list (p. 47-59),
S1a:Kornberg & Morris 1965,"Kornberg H.L., Morris J.G. (1965) The utilization of glycollate by Micrococcus denitrificans: the β-hydroxyaspartate pathway. Biochemical Journal 95: 577-586.",S1a list (p. 47-59),
S1a:Kowalski et al. 1999,"Kowalski W., Bahnfleth W., Whittam T. (1999) Filtration of airborne microorganisms: modeling and prediction. ASHRAE Transactions 105: 4-17.",S1a list (p. 47-59),
S1a:Kratz & Myers 1955,"Kratz W.A., Myers J. (1955) Photosynthesis and respiration of three blue-green algae. Plant Physiology 30: 275-280.",S1a list (p. 47-59),
S1a:Krieg 1976,Krieg R. (1976) Biology of the chemoheterotrophic spirilla. Bacteriological Reviews 40: 55-115.,S1a list (p. 47-59),
S1a:Krzemiński et al. 1972,"Krzemiński Z., Mikucki J., Szarapińska-Kwaszewska J. (1972) Endogenous metabolism of Staphylococcus aureus. Folia Microbiologica 17: 46-54.",S1a list (p. 47-59),
S1a:Kubitschek 1969,Kubitschek H.E. (1969) Growth during the bacterial cell cycle: analysis of cell size distribution. Biophysical Journal 9: 792-809.,S1a list (p. 47-59),
S1a:Kumazawa et al. 1983,"Kumazawa S., Izawa S., Mitsui A. (1983) Proton efflux coupled to dark H2 oxidation in whole cells of a marine sulfur photosynthetic bacterium (Chromatium sp. strain Miami PBS1071). Journal of Bacteriology 154: 185-191.",S1a list (p. 47-59),
S1a:Kunz & Chapman 1981,"Kunz D.A., Chapman P.J. (1981) Catabolism of pseudocumene and 3-ethyltoluene by Pseudomonas putida (arvilla) mt-2: evidence for new func- tions of the TOL (pWWO) plasmid. Journal of Bacteriology 146: 179-191.",S1a list (p. 47-59),
S1a:Kushner et al. 1983,"Kushner D.J., Hamaide F., MacLeod R.A. (1983) Development of salt-resistant active transport in a moderately halophilic bacterium. Journal of Bacteriology 153: 1163-1171.",S1a list (p. 47-59),
S1a:Lawford & Haddock 1973,"Lawford H.G., Haddock B.A. (1973) Respiration-driven proton translocation in Escherichia coli. Biochemical Journal 136: 217-220.",S1a list (p. 47-59),
S1a:Lee & Chandler 1941,"Lee M., Chandler A.C. (1941) A study of the nature, growth and control of bacteria in cutting compounds. Journal of Bacteriology 41: 373-386.",S1a list (p. 47-59),
S1a:Levine & Krampitz 1952,"Levine S., Krampitz L.O. (1952) The oxidation of acetone by a soil diphtheroid. Journal of Bacteriology 64: 645-650.",S1a list (p. 47-59),
S1a:Lindmark et al. 1982,"Lindmark D.G., Jarroll E.L., Timoney P.J., Shin S.J. (1982) Energy metabolism of the contagious equine metritis bacterium. Infection and Immunity 36: 531-534.",S1a list (p. 47-59),
S1a:Loh 1984,Loh W.H.-T. (1984) Intermediary carbon metabolism of Azospirillum braziliense. Journal of Bacteriology 158: 264-268.,S1a list (p. 47-59),
S1a:London & Rittenberg 1966,"London J., Rittenberg S.C. (1966) Effects of organic matter on the growth of Thiobacillus intermedius. Journal of Bacteriology 91: 1062-1069.",S1a list (p. 47-59),
S1a:Lontoh et al. 1999,"Lontoh S., DiSpirito A.A., Semrau J.D. (1999) Dichloromethane and trichloroethylene inhibition of methane oxidation by the membrane-associated methane monooxygenase of Methylosinus trichosporium OB3b. Archives of Microbiology 171: 301-308.",S1a list (p. 47-59),
S1a:Maitra & Roy 1961,"Maitra P.K., Roy S.C. (1961) Tricarboxylic acid-cycle activity in Streptomyces olivaceus. Biochemical Journal 79: 446-456.",S1a list (p. 47-59),
S1a:Majtán & Majtánová 1999,"Majtán V., Majtánová Ľ. (1999) The effect of new disinfectant substances on the metabolism of Enterobacter cloacae. International Journal of Anti- microbial Agents 11: 59-64.",S1a list (p. 47-59),
S1a:Majtán et al. 1995,"Majtán V., Majtánová Ľ., Hoštacká A., Hybenová D., Mlynarčik D. (1995) Effect of quaternary ammonium salts and amine oxides on Pseudomonas aeruginosa. Microbios 84: 41-51.",S1a list (p. 47-59),
S1a:Makarieva et al. 2005,"Makarieva A.M., Gorshkov V.G., Li B.-L. (2005) Energetics of the smallest: Do bacteria breathe at the same rate as whales? Proceedings of the Royal Society of London, Biological Series 272: 2219-2224.",S1a list (p. 47-59),
S1a:Mallavia & Weiss 1970,"Mallavia L.P., Weiss E. (1970) Catabolic activities of Neisseria meningitidis: Utilization of glutamate. Journal of Bacteriology 101: 127-132.",S1a list (p. 47-59),
S1a:Mårdén et al. 1985,"Mårdén P., Tunlid A., Malmcrona-Friberg K., Odham G., Kjelleberg S. (1985) Physiological and morphological changes during short term starvation of marine bacterial isolates. Archives of Microbiology 142: 326-332.",S1a list (p. 47-59),
S1a:Marquis 1965,Marquis R.E. (1965) Nature of the bactericidal action of antimycin A for Bacillus megaterium. Journal of Bacteriology 89: 1453-1459.,S1a list (p. 47-59),
S1a:Martinez-Drets et al. 1984,"Martinez-Drets G., Del Gallo M., Burpee C., Burris R.H. (1984) Catabolism of carbohydrates and organic acids and expression of nitrogenase by Azospirilla. Journal of Bacteriology 159: 80-85.",S1a list (p. 47-59),
S1a:Mas et al. 1985,"Mas J., Pedrós-Alió C., Guerrero R. (1985) Mathematical model for determining the effects of intracytoplasmic inclusions on volume and density of microorganisms. Journal of Bacteriology 164: 749-756.",S1a list (p. 47-59),
S1a:Mathews & Sistrom 1959,"Mathews M.M., Sistrom W.R. (1959) Intracellular location of carotenoid pigments and some respiratory enzymes in Sarcina lutea. Journal of Bacte- riology 78: 778-787.",S1a list (p. 47-59),
S1a:McVittie et al. 1962,"McVittie A., Messik F., Zahler S.A. (1962) Developmental biology of Myxococcus. Journal of Bacteriology 84: 546-551.",S1a list (p. 47-59),
S1a:Meagher et al. 1972,"Meagher R.B., McCorkle G.M., Ornston M.K., Ornston L.N. (1972) Inducible uptake system for β-carboxy-cis, cis-muconate in a permeability mutant of Pseudomonas putida. Journal of Bacteriology 111: 465-473.",S1a list (p. 47-59),
S1a:Mescher & Strominger 1976,"Mescher M.F., Strominger J.L. (1976) Structural (shape-maintaining) role of the cell surface glycoprotein of Halobacterium salinarium. Proceedings of the National Academy of Sciences of the United States of America 73: 2687-2691.",S1a list (p. 47-59),
S1a:Mickelson 1967,Mickelson M.N. (1967) Aerobic metabolism of Streptococcus agalactiae. Journal of Bacteriology 94: 184-191.,S1a list (p. 47-59),
S1a:Midwinter & Batt 1960,"Midwinter G.G., Batt R.D. (1960) Endogenous respiration and oxidative assimilation in Nocardia corallina. Journal of Bacteriology 79: 9-17.",S1a list (p. 47-59),
S1a:Minami 1957,"Minami K. (1957) Bactericidal action of oleic acid for tubercle bacilli: I. Quantitative and analytical survey of the action. Journal of Bacteriology 73: 338-344. Jayasuriya G.C.N. (1956) The oxidative properties of an oxalate-decomposing organism, Pseudomonas OD1, with particular reference to the synthesis of citrate from glycollate. Biochemical Journal 64: 469-477.",S1a list (p. 47-59),
S1a:Mitruka et al. 1967,"Mitruka B.M., Costilow R.N., Black S.H., Pepper R.E. (1967) Comparisons of cells, refractile bodies, and spores of Bacillus popilliae. Journal of Bacteriology 94: 759-765.",S1a list (p. 47-59),
S1a:Montesinos et al. 1983,"Montesinos E., Esteve I., Guerrero R. (1983) Comparison between direct methods for determination of microbial cell volume: electron microscopy and electronic particle sizing. Applied and Environmental Microbiology 45: 1651-1658.",S1a list (p. 47-59),
S1a:Morawski et al. 1997,"Morawski B., Eaton R.W., Rossiter J.T., Guoping S., Griengl H., Ribbons D.W. (1997) 25: 2-Naphthoate catabolic pathway in Burkholderia strain JT 1500. Journal of Bacteriology 179: 115-121.",S1a list (p. 47-59),
S1a:Mori et al. 1985,"Mori T., Miyata Y., Kohsaka K., Makino M. (1985) Respiration in Mycobacterium leprae. International Journal of Leprosy 53: 600-609.",S1a list (p. 47-59),
S1a:Morton & Oliver 1994,"Morton D.S., Oliver J.D. (1994) Induction of carbon starvation-induced proteins in Vibrio vulnificus. Applied and Environmental Microbiology 60: 3653-3659.",S1a list (p. 47-59),
S1a:Nagata 1986,Nagata T. (1986) Carbon and nitrogen content of natural planktonic bacteria. Applied and Environmental Microbiology 52: 28-32.,S1a list (p. 47-59),
S1a:Nickerson & Sherman 1952,"Nickerson W.J., Sherman F.G. (1952) Metabolic aspects of bacterial growth in the absence of cell division II. Respiration of normal and filamentous cells of Bacillus cerrus. Journal of Bacteriology 64: 667-678.",S1a list (p. 47-59),
S1a:Niederpruem & Hackett 1961,"Niederpruem D.J., Hackett D.P. (1961) Respiratory chain of Streptomyces. Journal of Bacteriology 81: 557-563.",S1a list (p. 47-59),
S1a:Novitsky & Morita 1976,"Novitsky J.A., Morita R.Y. (1976) Morphological characterization of small cells resulting from nutrient starvation of a pyschrophilic marine vibrio. Ap- plied and Environmental Microbiology 32: 617-622.",S1a list (p. 47-59),
S1a:Novitsky & Morita 1977,"Novitsky J.A., Morita R.Y. (1977) Survival of a psychrophilic marine vibrio under long-term nutrient starvation. Applied and Environmental Microbiol- ogy 33: 635-641.",S1a list (p. 47-59),
S1a:O'Keeffe & Anthony 1978,"O'Keeffe D.T., Anthony C. (1978) The microbial metabolism of C1 compounds. The stoicheiometry of respiration-driven proton translocation in Pseudomonas AM1 and in a mutant lacking cytochrome c. Biochemical Journal 170: 561-567.",S1a list (p. 47-59),
S1a:Ougham & Trudgill 1982,"Ougham H.J., Trudgill P.W. (1982) Metabolism of cyclohexaneacetic acid and cyclohexanebutyric acid by Arthrobacter sp. strain CA1. Journal of Bacteriology 150: 1172-1182.",S1a list (p. 47-59),
S1a:Overmann & Pfennig 1992,"Overmann J., Pfennig N. (1992) Continuous chemotrophic growth and respiration of Chromatiaceae species at low oxygen concentrations. Archives of Microbiology 158: 59-67.",S1a list (p. 47-59),
S1a:Packer & Vishniac 1955,"Packer L., Vishniac W. (1955) Chemosynthetic fixation of carbon dioxide and characteristics of hydrogenase in resting cell suspensions of Hydro- genomonas ruhlandii nov. spec. Journal of Bacteriology 70: 216-223.",S1a list (p. 47-59),
S1a:Palese et al. 2003,"Palese L.L., Gaballo A., Technikova-Dobrova Z., Labonia N., Abbrescia A., Scacco S., Micelli L., Papa S. (2003) Characterization of plasma mem- brane respiratory chain and ATPase in the actinomycete Nonomuraea sp. ATCC 39727. FEMS Microbiology Letters 228: 233-239. Yu E.K., DeVoe I.W. (1980) Terminal branching of the respiratory electron transport chain in Neisseria meningitidis. Journal of Bacteriology 142: 879-887.",S1a list (p. 47-59),
S1a:Pan 1971,Pan P.H.C. (1971) Lack of distinction between Nitrobacter agilis and Nitrobacter winogradskyi. Journal of Bacteriology 108: 1416-1418.,S1a list (p. 47-59),
S1a:Peel & Quayle 1961,"Peel D., Quayle J.R. (1961) Microbial growth on C1 compounds. 1. Isolation and characterization of Pseudomonas AM1. Biochemical Journal 81: 465-469.",S1a list (p. 47-59),
S1a:Pepper & Costilow 1964,"Pepper R.E., Costilow R.N. (1964) Glucose catabolism by Bacillus popilliae and Bacillus lentimorbus. Journal of Bacteriology 87: 303-310.",S1a list (p. 47-59),
S1a:Peterson 1970,Peterson J.A. (1970) Cytochrome content of two pseudomonads containing mixed-function oxidase systems. Journal of Bacteriology 103: 714-721.,S1a list (p. 47-59),
S1a:Peterson & LaRue 1982,"Peterson J.B., LaRue T.A. (1982) Soluble aldehyde dehydrogenase and metabolism of aldehydes by soybean bacteroids. Journal of Bacteriology 151: 1473-1484.",S1a list (p. 47-59),
S1a:Ramsey 1962,Ramsey H.H. (1962) Endogenous respiration of Staphylococcus aureus. Journal of Bacteriology 83: 507-514.,S1a list (p. 47-59),
S1a:Raymond et al. 1967,"Raymond R.L., Jamison V.W., Hudson J.O. (1967) Microbial hydrocarbon co-oxidation: I. Oxidation of mono- and dicyclic hydrocarbons by soil iso- lates of the genus Nocardia. Applied Microbiology 15: 857-865.",S1a list (p. 47-59),
S1a:Reed & Dugan 1979,"Reed W.M., Dugan P.R. (1979) Study of developmental stages of Methylosinus trichosporium with the aid of fluorescent-antibody staining tech- niques. Applied and Environmental Microbiology 38: 1179-1183.",S1a list (p. 47-59),
S1a:Rittenberg & Shilo 1970,"Rittenberg SC, Shilo M. (1970) Early host damage in the infection cycle of Bdellovibrio bacteriovorus. Journal of Bacteriology 102: 149-160.",S1a list (p. 47-59),
S1a:Robertson & Batt 1973,"Robertson J.G., Batt R.D. (1973) Survival of Nocardia corallina and degradation of constituents during starvation. Journal of General Microbiology 78: 109-117.",S1a list (p. 47-59),
S1a:Rogoff 1962,Rogoff M.H. (1962) Chemistry of oxidation of polycyclic aromatic hydrocarbons by soil pseudomonads. Journal of Bacteriology 83: 998-1004.,S1a list (p. 47-59),
S1a:Sabina & Pivnick 1956,"Sabina L.R., Pivnick H. (1956) Oxidation of soluble oil emulsions and emulsifiers by Pseudomonas oleovorans and Pseudomonas formicans. Ap- plied Microbiology 4: 171-175.",S1a list (p. 47-59),
S1a:Sariaslani et al. 1982,"Sariaslani F.S., Sudmeier T.J.L., Focht D.D. (1982) Degradation of 3-phenylbutyric acid by Pseudomonas sp. Journal of Bacteriology 152: 411-421.",S1a list (p. 47-59),
S1a:Schatz & Bovell 1952,"Schatz A., Bovell C. Jr. (1952) Growth and hydrogenase activity of a new bacterium, Hydrogenomonas facilis. Journal of Bacteriology 63: 87-98.",S1a list (p. 47-59),
S1a:Schleper et al. 1995,"Schleper C., Puehler G., Holz I., Gambacorta A., Janekovic D., Santarius U., Klenk H.-P., Zillig W. (1995) Picrophilus gen. nov., fam. nov.: a novel aerobic, heterotrophic, thermoacidophilic genus and family comprising archaea capable of growth around pH 0. Journal of Bacteriology 177: 7050-7059.",S1a list (p. 47-59),
S1a:Sebek & Barker 1968,"Sebek O.K., Barker H.A. (1968) Metabolism of β-methylaspartate by a pseudomonad. Journal of Bacteriology 96: 2094-2098.",S1a list (p. 47-59),
S1a:Segal & Bloch 1956,"Segal W., Bloch H. (1956) Biochemical differentiation of Mycobacterium tuberculosis grown in vivo and in vitro. Journal of Bacteriology 72: 132-141.",S1a list (p. 47-59),
S1a:Shaw 1956,Shaw DR. (1956) Polyol dehydrogenases. 3. Galactitol dehydrogenase and D-iditol dehydrogenase. Biochemical Journal 64: 394-405.,S1a list (p. 47-59),
S1a:Sierra & Gibbons 1962,"Sierra G., Gibbons N.E. (1962) Role and oxidation pathway of poly-β-hydroxybutyric acid in Micrococcus halodenitrificans. Canadian Journal of Mi- crobiology 8: 255-269.",S1a list (p. 47-59),
S1a:Silver 1970,Silver M. (1970) Oxidation of elemental sulfur and sulfur compounds and CO2 fixation by Ferrobacillus ferrooxidans (Thiobacillus thiooxidans). Ca- nadian Journal of Microbiology 16: 845-848.,S1a list (p. 47-59),
S1a:Smith et al. 1968,"Smith A., Tranter E.K., Cain R.B. (1968) The utilization of some halogenated aromatic acids by Nocardia. Effects on the growth and enzyme induc- tion. Journal of Bacteriology 106: 203-209.",S1a list (p. 47-59),
S1a:Smith & Hoare 1968,"Smith A.J., Hoare D.S. (1968) Acetate assimilation by Nitrobacter agilis in relation to its ""obligate autotrophy"". Journal of Bacteriology 95: 844-855.",S1a list (p. 47-59),
S1a:Sobek et al. 1966,"Sobek J.M., Charba J.F., Foust W.N. (1966) Endogenous metabolism of Azotobacter agilis. Journal of Bacteriology 92: 687-695.",S1a list (p. 47-59),
S1a:Sobek & Talburt 1968,"Sobek J.M., Talburt D.E. (1968) Effects of the rare earth cerium on Escherichia coli. Journal of Bacteriology 95: 47-51.",S1a list (p. 47-59),
S1a:Sorokin et al. 2000,"Sorokin D.Y., Jones B.E., Kuenen J.G. (2000) An obligate methylotrophic, methane-oxidizing Methylomicrobium species from a highly alkaline envi- ronment. Extremophiles 4: 145-155.",S1a list (p. 47-59),
S1a:Sparnins & Chapman 1976,"Sparnins V.L., Chapman P.J. (1976) Catabolism of L-tyrosine by the homoprotocatechuate pathway in gram-positive bacteria. Journal of Bacteriol- ogy 127: 362-366.",S1a list (p. 47-59),
S1a:Sparnins et al. 1974,"Sparnins V.L., Chapman P.J., Dagley S. (1974) Bacterial degradation of 4-hydroxyphenylacetic acid and homoprotocatechuic acid. Journal of Bac- teriology 120: 159-167.",S1a list (p. 47-59),
S1a:Spendlove et al. 1957,"Spendlove R., Weiser H.H., Harper W.J. (1957) Factors affecting the initiation of respiration of Streptococcus lactis. Applied Microbiology 5: 281-285.",S1a list (p. 47-59),
S1a:Stevenson 1966,Stevenson J. (1966) The specific requirement for sodium chloride for the active uptake of l-glutamate by Halobacterium salinarium. Journal of Bac- teriology 99: 257-260.,S1a list (p. 47-59),
S1a:Stokes 1954,Stokes J.L. (1954) Studies on the filamentous sheathed iron bacterium Sphaerotilus natans. Journal of Bacteriology 67: 278-291.,S1a list (p. 47-59),
S1a:Straley et al. 1979,"Straley S.C., LaMarre A.G., Lawrence L.J., Conti S.F. (1979) Chemotaxis of Bdellovibrio bacteriovorus toward pure compounds. Journal of Bacteri- ology 140: 634-642.",S1a list (p. 47-59),
S1a:Subba-Rao & Alexander 1977,"Subba-Rao R.V., Alexander M. (1977) Products formed from analogues of 1,1,1-trichloro-2,2-bis(p-chlorophenyl)ethane (DDT) metabolites by Pseudomonas putida. Applied and Environmental Microbiology 33: 101-108.",S1a list (p. 47-59),
S1a:Subba-Rao & Alexander 1985,"Subba-Rao R.V., Alexander M. (1985) Bacterial and fungal cometabolism of 1,1,1-trichloro-2,2-bis(4-chlorophenyl)ethane (DDT) and its breakdown products. Applied and Environmental Microbiology 49: 509-516.",S1a list (p. 47-59),
S1a:Takayanagi et al. 1996,"Takayanagi S., Kawasaki H., Sugimori K., Yamada T., Sugai A., Ito T., Yamasato K., Shioda M. (1996) Sulfolobus hakonensis sp. nov., a novel species of acidothermophilic archaeon. International Journal of Systematic Bacteriology 46: 377-382.",S1a list (p. 47-59),
S1a:Takeo & Uesaka 1975,"Takeo K., Uesaka I. (1975) Existence of a simple configuration in the wall surface of Nocardia mycellium. Journal of General Microbiology 87: 373-376.",S1a list (p. 47-59),
S1a:Tappe et al. 1999,"Tappe W., Laverman A., Bohland M., Braster M., Rittershaus S., Groeneweg J., van Verseveld H.W. (1999) Maintenance energy demand and star- vation recovery dynamics of Nitrosomonas europaea and Nitrobacter winogradskyi cultivated in a retentostat with complete biomass retention. Applied and Environmental Microbiology 65: 2471-2477.",S1a list (p. 47-59),
S1a:Taylor 1983,Taylor B.F. (1983) Aerobic and anaerobic catabolism of vanillic acid and some other methoxy-aromatic compounds by Pseudomonas sp. strain PN-1. Applied and Environmental Microbiology 46: 1286-1292.,S1a list (p. 47-59),
S1a:Tepper 1968,Tepper B.S. (1968) Differences in the utilization of glycerol and glucose by Mycobacterium phlei. Journal of Bacteriology 95: 1713-1717.,S1a list (p. 47-59),
S1a:Tesh et al. 1983,"Tesh M.J., Morse S.A., Miller R.D. (1983) Intermediary metabolism in Legionella pneumophila: Utilization of amino acids and other compounds as energy sources. Journal of Bacteriology 154: 1104-1109.",S1a list (p. 47-59),
S1a:Tisa & Ensign 1987,"Tisa L.S., Ensign J.C. (1987) Isolation and nitrogenase activity of vesicles from Frankia sp. strain EANlpec. Journal of Bacteriology 169: 5054-5059.",S1a list (p. 47-59),
S1a:Tomlinson & Campbell 1963,"Tomlinson G.A., Campbell J.J. (1963) Patterns of oxidative assimilation in strains of Pseudomonas and Achromobacter. Journal of Bacteriology 86: 434-444.",S1a list (p. 47-59),
S1a:Tros et al. 1996,"Tros M.E., Bosma T.N.P., Schraa G., Zehnder A.J.B. (1996) Measurement of minimum substrate concentration (Smin) in a recycling fermentor and its prediction from the kinetic parameters of Pseudomonas sp. strain B13 from batch and chemostat cultures. Applied and Environmental Mi- crobiology 62: 3655-3661.",S1a list (p. 47-59),
S1a:Trudinger 1967,Trudinger P.A. (1967) Metabolism of thiosulfate and tetrathionate by heterotrophic bacteria from soil. Journal of Bacteriology 93: 550-559.,S1a list (p. 47-59),
S1a:Tsai et al. 1979,"Tsai J.C., Aladegbami S.L., Vela G.R. (1979) Phosphate-limited culture of Azotobacter vinelandii. Journal of Bacteriology 139: 639-645.",S1a list (p. 47-59),
S1a:Van de Vossenberg et al. 1998,"Van de Vossenberg J.L.C.M., Driessen A.J.M., Zillig W., Konings W.N. (1998) Bioenergetics and cytoplasmic membrane stability of the extreme acidophilic thermophilic archaeon Picrophilus oshimae. Extremophiles 2: 67-74.",S1a list (p. 47-59),
S1a:Van Ginkel et al. 1992,"Van Ginkel C.G., Van Dijk J.B., Kroon A.G.M. (1992) Metabolism of hexadecyltrimethylammonium chloride in Pseudomonas strain B1. Applied and Environmental Microbiology 58: 3083-3087.",S1a list (p. 47-59),
S1a:Van Niel & Gottschal 1998,"Van Niel E.W.J., Gottschal J.C. (1998) Oxygen consumption by Desulfovibrio strains with and without polyglucose. Applied and Environmental Mi- crobiology 64: 1034-1039.",S1a list (p. 47-59),
S1a:Van Veen et al. 1993,"Van Veen H.W., Abee T., Kortstee G.J., Konings W.N., Zehnder A.J. (1993) Characterization of two phosphate transport systems in Acinetobacter johnsonii 210A. Journal of Bacteriology 175: 200-206.",S1a list (p. 47-59),
S1a:Vangnai et al. 2002,"Vangnai A.S., Sayavedra-Soto S.A., Arp D.J. (2002) Roles for the two 1-butanol dehydrogenases of Pseudomonas butanovora in butane and 1- butanol metabolism. Journal of Bacteriology 184: 4343-4350.",S1a list (p. 47-59),
S1a:Ventosa et al. 1998,"Ventosa A., Nieto J.N.J., Oren A. (1998) Biology of moderately halophilic aerobic bacteria. Microbiology and Molecular Biology Reviews 62: 504-544.",S1a list (p. 47-59),
S1a:Vogler 1942a,Vogler K.G. (1942a) The presence of an endogenous respiration in the autotrophic bacteria. Journal of General Physiology 25: 617-622.,S1a list (p. 47-59),
S1a:Vogler 1942b,Vogler K.G. (1942b) Studies on the metabolism of autotrophic bacteria. II. The nature of the chemosynthetic reaction. Journal of General Physiology 26: 103-117.,S1a list (p. 47-59),
S1a:Walker 1959,Walker J.R. (1959) Pyruvate metabolism in Lactobacillus brevis. Biochemical Journal 72: 188-192.,S1a list (p. 47-59),
S1a:Warren et al. 1960,"Warren R.A., Ells A.F., Campbell J.J. (1960) Endogenous respiration of Pseudomonas aeruginosa. Journal of Bacteriology 79: 875-879.",S1a list (p. 47-59),
S1a:Watson & Cain 1975,"Watson G.K., Cain R.B. (1975) Microbial metabolism of the pyridine ring. Metabolic pathways of pyridine biodegradation by soil bacteria. Biochemi- cal Journal 146: 157-172.",S1a list (p. 47-59),
S1a:Weinstein et al. 1962,"Weinstein I., Guss M.L., Altenbern R.A. (1962) Pyruvate oxidation by Pasteurella tularensis strains of graded virulence. Journal of Bacteriology 83: 1010-1016.",S1a list (p. 47-59),
S1a:Welch et al. 1979,"Welch D.F., Sword C.P., Brehm S., Dusanic D. (1979) Relationship between superoxide dismutase and pathogenic mechanisms of Listeria mono- cytogenes. Infection and Immunity 23: 863-872.",S1a list (p. 47-59),
S1a:Wen et al. 1999,"Wen A., Fegan M., Hayward C., Chakraborty S., Sly L.I. (1999) Phylogenetic relationships among members of the Comamonadaceae, and descrip- tion of Delftia acidovorans (den Dooren de Jong 1926 and Tamaoka et al. 1987) gen. nov., comb. nov. International Journal of Systematic Bacteriology 49: 567-576.",S1a list (p. 47-59),
S1a:Wessman & Miller 1966,"Wessman G.E., Miller D.J. (1966) Biochemical and physical changes in shaken suspensions of Pasteurella pestis. Applied Microbiology 14: 636-642.",S1a list (p. 47-59),
S1a:White 1962,White D.C. (1962) Cytochrome and catalase patterns during growth of Haemophilus parainfluenzae. Journal of Bacteriology 83: 851-859.,S1a list (p. 47-59),
S1a:Wieslander et al. 1987,"Wieslander A., Nordström S., Dahlqvist A., Rilfors L., Lindblom G. (1987) Membrane lipid composition and cell size of Acholeplasma laidlawii strain A are strongly influenced by lipid acyl chain length. European Journal of Biochemistry 227: 734-744.",S1a list (p. 47-59),
S1a:Yotis 1963,Yotis W.W. (1963) Absorption of the antibacterial serum factor by staphylococci. Journal of Bacteriology 85: 911-917.,S1a list (p. 47-59),
S1a:Yotis & Ekstedt 1959,"Yotis W.W., Ekstedt R.D. (1959) Studies on staphylococci I. Effect of serum and coagulase on the metabolism of coagulase positive and coagulase negative strains. Journal of Bacteriology 78: 567-574.",S1a list (p. 47-59),
S1a:Youmans & Youmans 1962a,"Youmans A.S., Youmans G.P. (1962a) Effect of mycosuppressin on the course of experimental tuberculosis in mice. Journal of Bacteriology 84: 701-707.",S1a list (p. 47-59),
S1a:Youmans & Youmans 1962b,"Youmans A.S., Youmans G.P. (1962b) Effect of mycosuppressin on the respiration and growth of Mycobacterium tuberculosis. Journal of Bacteriol- ogy 84: 708-715.",S1a list (p. 47-59),
S1a:Youmans et al. 1960,"Youmans A.S., Youmans G.P., Hegre A. Jr. (1960) Effect of homogenates of organs from immunized guinea pigs on the respiration of Mycobacte- rium tuberculosis. Journal of Bacteriology 80: 394-399.",S1a list (p. 47-59),
S1a:Zubkov et al. 1999,"Zubkov M.V. Fuchs B.M., Eilers H., Burkill P.H., Amann R. (1999) Determination of total protein content of bacterial cells by SYPRO staining and flow cytometry. Applied and Environmental Microbiology 65: 3251-3257.",S1a list (p. 47-59),
S2a:Albritton 1955,"Albritton B.C. (Ed.) Handbook of Biological Data. Standard values in nutrition and metabolism. Philadelphia: Saunders, 1955, 330 p.",S2a list (p. 70-77),
S2a:Biczók 1969,"Biczók F. Photo-induced respiration of the sensitized Tetrahymena pyriformis GL, inhibited with KCN. - Acta biol. Szeged., 1969, v.15, N.1-4, p.89-92.",S2a list (p. 70-77),
S2a:Boell 1945,"Boell E.J. Respiratory enzymes in Paramecium: I. Cytochrome oxidase. - Proc. nat. Acad. Sci. USA, 1945, v.31, N.12, p.396-402.",S2a list (p. 70-77),
S2a:Boell & Woodruff 1940,"Boell E.J., Woodruff L.L. Mating and metabolism in Paramecium calkinsi. - Science, 1940, v.92, N.2392, p.417.",S2a list (p. 70-77),
S2a:Boell & Woodruff 1941,"Boell E.J., Woodruff L.L. Respiratory metabolism of mating types in Paramecium calkinsi. - J. exp. Zool., 1941, v.87, N.3, p.385-402.",S2a list (p. 70-77),
S2a:Burmeister 1972,"Burmeister J. Beeinflussung der Atmung und der Vitalität von Tetranymena pyriformis durch die Aufnahme einiger Vitalfarbstoffe. - Z. allg. Mikrobiol., 1972, Bd.12, H.5, S.385-391.",S2a list (p. 70-77),
S2a:Burmeister 1976,"Burmeister J. Einflus unterschiedlicher Temperaturen auf Stoffwechsel, Phagozytosevermogen und Vitalität von Tetrahymena pyriformis. - Z. allg. Mikrobiol., 1976, Bd.16, H.4, S.247-254.",S2a list (p. 70-77),
S2a:Čerkasovová 1970,"Čerkasovová A. Energy-producing metabolism of Tritrichomonas foetus. I. Evidence for control of intensity and the contribution of aerobiosis to total energy production. - Exp. Parasit., 1970, v.27, N.2, p.165-178.",S2a list (p. 70-77),
S2a:Chatterjee & Ghosh 1959,"Chatterjee A.N., Ghosh J.J. Studies on the metabolism of Leishmania donovani, the causative organism for Kalauazar. - Ann. biochem. exp. Med., 1959, v.19, N.2, p.37-50.",S2a list (p. 70-77),
S2a:Clark 1945,"Clark A.M. The effect of cyanide and carbon monoxide on the oxygen consumption of Paramecium caudatum. -Austr. J. exp. Biol. Med. Sci., 1945, v.23, N.4, p.317-322.",S2a list (p. 70-77),
S2a:Conner & Cline 1967,"Conner R.L., Cline S.G. Some factors governing respiration, glucose metabolism and iodoacetate sensitivity in Tetrahymena pyriformis. - J. Protozool., 1967, v.14, N.1, p.22-26.",S2a list (p. 70-77),
S2a:Cosgrove 1959,"Cosgrove W.B. Utilization of carbohydrates by the mosquito flagellate, Crithidia fasciculata. - Canad. J. Microbiol., 1959, v.5, N.6, p.573-578.",S2a list (p. 70-77),
S2a:Crawford et al. 1994,"Crawford D.W., Rogerson A., Laybourn-Parry J. (1994) Respiration of the marine amoeba Trichosphaerium sieboldi determined by 14C labelling and Cartesian diver methods. Marine Ecology Progress Series 112: 135-142.",S2a list (p. 70-77),
S2a:Cunningham & Kirk 1942,"Cunningham B., Kirk P.L. The oxygen consumption of single cells of Paramecium caudatum as measured by a cappillary respirometer. - J. Cell. Comp. Physiol., 1942, v.20, N.3, p.119-134.",S2a list (p. 70-77),
S2a:de Monge & Zeledón 1963,"de Monge E., Zeledón R. Effect of several organic compounds and metabolic inhibitors on the respiration of the culture form of a human strain of Leishmania braziliensis (O-CR). - J. Parasit., 1963, v.49, N.5, Suppl., p.22.",S2a list (p. 70-77),
S2a:Doran 1957,"Doran D.J. Studies on trichomonads. I. The metabolism of Tritrichomonas foetus and trichomonads from the nasal cavity and cecum of swine. - J. Protozool., 1957, v.4, N.3, p.182-190.",S2a list (p. 70-77),
S2a:Doran 1958,"Doran D.J. Studies on trichomonads. II. The metabolism of Trichomonas batrachorum-type flagellate from the cecum of swine. - J. Protozool,, 1958, v.5, N.1, p.89-93.",S2a list (p. 70-77),
S2a:Edwards & Lloyd 1977 [1],"Edwards S.W., Lloyd D. Changes in oxygen uptake rates, enzyme activities, cytochrome amounts and adenine nucleotide pool levels during growth of Acanthamoeba castellanii in batch culture. - J. gen. Microbiol., 1977, v.102, N.1, p.135-144.",S2a list (p. 70-77),
S2a:Edwards & Lloyd 1977 [2],"Edwards S.W., Lloyd D. Cyanide-insensitive respiration in Acanthamoeba castellanii. Changes in sensitivity of whole cell respiration during exponential growth. - J. gen. Microbiol., 1977, v.103, N.2, p.207-213.",S2a list (p. 70-77),record key year letter mapped to the position of the entry among the same-author same-year entries of the list
S2a:Eichel 1953,"Eichel H.J. The effect of X-irradiation on nuclease activity and respiration on Tetrahymena geleii W. - Biol. Bull., 1953, v.104, N.3, p.351-358.",S2a list (p. 70-77),
S2a:Evans 1946,"Evans E.A. Enzyme systems operating within the malarial parasite. Fed. Proc., 1946, v.5, N.3, p.390-396.",S2a list (p. 70-77),
S2a:Fenchel & Finlay 1983,"Fenchel T.B., Finlay J. Respiration rates in heterotrophic, free-living protozoa. - Microb. Ecol., 1983, v.9, p. 99-122.",S2a list (p. 70-77),
S2a:Fulton 1939,"Fulton J.D. Experiments on the utilization of sugars by malarial parasites (Plasmodium knowlesi). - Ann. trop. Med. Parasit., 1939, v.33, N.3-4, p.217-227.",S2a list (p. 70-77),
S2a:Fulton & Joyner 1949,"Fulton J.D., Joyner L.P. Studies on Protozoa. I. The metabolism of Leishman-Donovan bodies and flagellates of Leishmania donavani. - Trans. Roy. Soc. Trop. Med. Hyg., 1949, v.43, N.3, p.273-286.",S2a list (p. 70-77),
S2a:Ghosh & Chatterjee 1961,"Ghosh B.K., Chatterjee A.N. Action of an antifungal antibiotic, Nystatin, on the protozoa Leishmania donovani. I. Studies on the metabolism of Leishmania donovani. - Ann. Biochem. exp. Med., Calcutta, 1961, v.21, N.10, p.307-322.",S2a list (p. 70-77),
S2a:Greenblatt & Glaser 1965,"Greenblatt C.L., Glaser P. Temperature effect on Leishmania enriettii in vitro. - Exp. Parasit., 1965, v.16, N.1, p.36-52.",S2a list (p. 70-77),
S2a:Gregg 1950,"Gregg J.H. Oxygen utilization in relation to growth and morphogenesis of the slime mold Dictyostelium discoideum, - J. exp. Zool., 1950, v.114, N.1, p.173-196.",S2a list (p. 70-77),
S2a:Griffiths & Hughes 1968,"Griffiths A.J., Hughes D.E. Starvation and encystment of a soil amoeba Hartmanella castellanii. – J. Protozool., 1968, v.15, N.4, p.673-677.",S2a list (p. 70-77),
S2a:Hamburger & Zeuthen 1957,"Hamburger K., Zeuthen E. Synchronous divisions in Tetrahymena pyriformis as studied in an inorganic medium. The effect of 2,4- dinitrophenol. - Exp. Cell Res., 1957, v.13, N.3, p.443-453.",S2a list (p. 70-77),
S2a:Hamburger & Zeuthen 1971,"Hamburger K., Zeuthen E. Respiratory responses to dissolved food of starved, normal and division-synchronized Tetrahymena cells. - Comp. Rend. Trav. Lab. Carlsberg, 1971, v.38, N.9, p.145-161.",S2a list (p. 70-77),
S2a:Holter 1950,"Holter H. The function of cell inclusions in the metabolism of Chaos chaos. - Ann. New York Acad. Sci., 1950, v.50, N.8, p.1000-1009.",S2a list (p. 70-77),
S2a:Holter 1948,"Holter H., Zeuthen E, Metabolism and reduced weight in starving Chaos chaos. - Comp. Rend. Trav. Lab. Carlsberg, 1948, v.26, N.9, p.277-296.",S2a list (p. 70-77),
S2a:Holz 1954,"Holz G.G. The oxidative metabolism of a cryptomonad flagellate, Chilomonas paramecium. - J. Protozool., 1954, v.1, N.2, p.114-120.",S2a list (p. 70-77),
S2a:Holwill 1965,"Holwill M.E.J. The motion of Strigomonas oncopelti. - J. exp. Biol., 1965, v.42, p. 124-137.",S2a list (p. 70-77),
S2a:Howland & Bernstein 1931,"Howland R.B., Bernstein A. A method of determining the oxygen consumption of a single cell. - J. gen. Physiol., 1931, v.14, N.3, p.339-348.",S2a list (p. 70-77),
S2a:Hunter 1960,"Hunter F.R. Aerobic metabolism of Crithidia fasciculata. - Exp. Parasit., 1960, v.9, N.3, p.271-230.",S2a list (p. 70-77),
S2a:Hunter & Cosgrove 1956,"Hunter P.R., Cosgrove W.B. Aerobic metabolism of Crithidia fasciculata. - J. Protozool., 1956, v.3, Suppl., p.12.",S2a list (p. 70-77),
S2a:Hunter & Lee 1962,"Hunter P.R., Lee J.W. On the metabolism of Astasia longa (Jahn.), - J. Protozool., 1962, v.9, N.1, p.74-78.",S2a list (p. 70-77),
S2a:Hutchens et al. 1948,"Hutchens J.O., Podolsky B., Morales M.P. Studies on the kinetics and energetics of carbon and nitrogen metabolism of Chilomonas paramecium. - J. cell. comp. Physiol., 1948, v.32, N.2, p.117-141.",S2a list (p. 70-77),
S2a:Khlebovitch 1972,"Khlebovitch T.V. Determination of respiration intensity in infusoria with use of Cartesian diver. In: ""Energetic aspects of growth and metabolism of aquatic animals"". Kiev: Naukova dumka, 1972, p.227. (in Russian)",S2a list (p. 70-77),
S2a:Khlebovitch 1974,"Khlebovitch T.V. Respiration intensity in infusoria of different sizes. - Tsitologiya, 1974, v.16, N.1, p.103-106. (in Russian)",S2a list (p. 70-77),
S2a:Laybourn 1975,"Laybourn J. Respiratory energy losses in Stentor coeruleus Ehrenberg (Ciliophora). - Oecologia, 1975, v.21, N.3, p.273-278.",S2a list (p. 70-77),
S2a:Laybourn & Finlay 1976,"Laybourn J., Finlay B.J. Respiratory energy losses related to cell weight and temperature in ciliated Protozoa. - Oecologia, 1976, v.24, N.4, p.349-355.",S2a list (p. 70-77),
S2a:Lee & Barlow 1972,"Lee C.M., Barlow B.M. Trypanosoma lewisi: oxygen uptake by whole cells and trypanosomal mitochondria. - Inter. J. Biochem., 1972, v.3, N.18, p.665-670.",S2a list (p. 70-77),
S2a:Leiner et al. 1968,"Leiner M., Schweikhardt F., Blaschke G., König K., Fischer M. Die Gärung und Atmung von Pelomyxa palustris Greeff. - Biol. Z., 1968. Bd.87, H.5. S. 567-591.",S2a list (p. 70-77),
S2a:Levine & Howard 1955,"Levine M., Howard J.L. Respiratory studies on mate-killers and sensitives of Paramecium aurelia, variety 8. - Science, 1955. v.121, N.3140, p.336-337.",S2a list (p. 70-77),
S2a:Liddel & Wright 1961,"Liddel G.V., Wright B.E. The effect of glucose on respiration of the differentiating slime mold. - Develop. Biol., 1961, v.3, N.3, p.265-276.",S2a list (p. 70-77),
S2a:Lincicome & Hill 1965,"Lincicome D.R., Hill G.C. Oxygen uptake by Trypanosoma lewisi complex cells. I. ""L"" isolate. - Comp. Biochem. Physiol., 1965, v.14, N.3, P.425-435.",S2a list (p. 70-77),
S2a:Lincicome & Lee 1971,"Lincicome D.R., Lee C.M. Trypanosoma lewisi: physiologic adaptation of wild isolate to albino rats evi denced by cell populations and respiratory. - Exp. Parasit., 1971, v.29, N.2. p.179-193.",S2a list (p. 70-77),
S2a:Lincicome & Smith 1964,"Lincicome D.R., Smith A.S. Oxygen consumption of two isolates of Trypanosoma lewisi. - J. Parasit., 1964, v.50, N.3, Suppl., p.57.",S2a list (p. 70-77),
S2a:Lincicome & Smith 1966,"Lincicome D.R., Smith A.S. Oxygen uptake by Trypanosoma lewisi - complex cells. II. R and L isolates compared. - Comp. Biochem. Physiol., 1966, v.17, N.1, p.59-68.",S2a list (p. 70-77),
S2a:Lincicome & Warsi 1965,"Lincicome D.R., Warsi A.A. Oxygen uptake by two isolates of Trypanosoma lewisi. - J. Parasit., 1965, v.51, N.2, Sect.2, p.27.",S2a list (p. 70-77),
S2a:Lincicome & Warsi 1966,"Lincicome D.R., Warsi A.A. Oxygen uptake by Trypanosoma lewisi complex cells. III. C isolate. - Comp. Biochem. Physiol., 1966, v.17, N.3, p.871-381.",S2a list (p. 70-77),
S2a:Lincicome et al. 1968,"Lincicome D.R., Warsi A.A., Lee O.K. Oxygen uptake by Trypanosoma lewisi - complex cells. 4. ""E"" and ""Sp"" isolates. - Exp. Parasit., 1968, v.23, N.1, p.114-127.",S2a list (p. 70-77),
S2a:Lund 1918,"Lund B.J. Quantitative studies on intracellular respiration. III. Relation of the state of nutrition of Paramecium to the rate of intracellular oxidation. - Amer. J. Physiol., 1918, v.47, N.2. p.167-177.",S2a list (p. 70-77),
S2a:Lwoff 1934,"Lwoff M. Sur la respiration due cilié Glaucoma piriformis. - Comp. Rend. Soc. Biol., 1934, v.115, p.237-241.",S2a list (p. 70-77),
S2a:Maier & Coggeshall 1941,"Maier J., Coggeshall L.T. Respiration of malaria plasmodia. - J. inf. Dis., Chicago, I941, v.69, N.1, p.87-96.",S2a list (p. 70-77),
S2a:Makarieva et al. 2005,"Makarieva A.M., Gorshkov V.G., Li B.-L. Energetics of the smallest: Do bacteria breathe at the same rate as whales? - Proceedings of the Royal Society of London, Biological Series, 2005, v.272. p. 2219-2224.",S2a list (p. 70-77),
S2a:Marshall 1948 [1],"Marshall P.B. The metabolism of protozoal parasites. - Brit. Sci. News, 1948, v.1, N.8, p.16-19.",S2a list (p. 70-77),record key year letter mapped to the position of the entry among the same-author same-year entries of the list
S2a:Marshall 1948 [2],"Marshall P.B. The glucose metabolism of Plasmodium gallinaceum, and the action of antimalarial agents. - Brit. J. Pharmacol, 1948, v.3, N.1, p.1-7.",S2a list (p. 70-77),
S2a:Mast et al. 1936,"Mast S.O., Pace D.M., Mast L.R. The effect of sulfur on the rate of respiration and the respiratory quotient in Chilomonas paramecium. - J. cell. comp. Physiol., 1936, v.8, N.2, p.125-139.",S2a list (p. 70-77),
S2a:McKee et al. 1946,"McKee R.W., Ormsbee R.A., Anfinsen C.B., Geiman Q.M., Ball E.G. Studies on malarial parasites. VI. The chemistry and metabolism of normal and parasitised (P. knowlesi) monkey blood. - J. exp. Med., 1946, v.84, N.6, p.569-582.",S2a list (p. 70-77),
S2a:Montalvo et al. 1971,"Montalvo F.E., Reeves R.E., Warren L.G. Aerobic and anaerobic metabolism in Entamoeba histolytica. - Exp. Parasit., 1971, v.30, N.2, p.249-256.",S2a list (p. 70-77),
S2a:Nakamura & Anderson 1951,"Nakamura M., Anderson H.H. Effect of heat-treatment on the respiration of Trypanosoma cruzi used for the cultivation of Endamoeba histolytica. - Amer. J. trop. Med., 1951, v.31, N.4, p.438-441.",S2a list (p. 70-77),
S2a:Neff et al. 1958,"Neff R.J., Neff R.H., Taylor R.E. The nutrition and metabolism of a soil amoeba, Acanthamoeba sp. - Physiol. Zool., 1958, v.31, N.1, p.73-91.",S2a list (p. 70-77),
S2a:Nicol 1960,"Nicol J.A.C. The biology of marine animals. London: Pitman, 1960.",S2a list (p. 70-77),
S2a:Ormsbee 1942,"Ormsbee R.A. The normal growth and respiration of Tetrahymena geleii. - Biol. Bull., 1942, v.82, N.3, p.423-437.",S2a list (p. 70-77),
S2a:Ottova 1955,"Ottova L. The dependence of the consumption of oxygen of the ciliate Tetrahymena geleii Fung, on some biological, chemical and physical factors. - Vestnik Českosl. spol. zool. Praha, 1955, v.19, N.3, p.269-286.",S2a list (p. 70-77),
S2a:Pace 1945,"Pace D.M. The effect of cyanide on respiration in Paramecium caudatum and Paramecium aurelia. - Biol. Bull., 1945, v.89, N.1, p.76-83.",S2a list (p. 70-77),
S2a:Pace & Belda 1944 [1],"Pace D.M., Belda W.H. The effect of food content and temperature on respiration in Pelomyxa carolinensis Wilson. - Biol. Bull., 1944, v.86, N.3, p.146-153.",S2a list (p. 70-77),
S2a:Pace & Belda 1944 [2],"Pace D.M., Belda W.H. The effect of potassium cyanide, potassium arsenite, and ethyl urethane on respiration in Pelomyxa carolinensis. - Biol. Bull., 1944, v.87, N.2, p.138-144.",S2a list (p. 70-77),
S2a:Pace & Frost 1948,"Pace D.M., Frost B.L. The effects of ethyl alcohol on growth and respiration in Pelomyxa carolinensis and upon conjugation in Paramecium caudatum. - Anat. Rec., 1948, v.101, N.4, p.730.",S2a list (p. 70-77),
S2a:Pace & Kimura 1944,"Pace D.M., Kimura K.K. The effect of temperature on respiration in Paramecium aurelia and Paramecium caudatum. - J. cell. comp. Physiol., 1944, v.24, N.2, p.173-183.",S2a list (p. 70-77),
S2a:Pace & Kimura 1946,"Pace D.M., Kimura T.E. Relation between metabolic activity and cyanide inhibition in Pelomyxa carolinensis Wilson. - Proc. Soc. exp. Biol. Med., 1946, v.62, N.2, p.223-227.",S2a list (p. 70-77),
S2a:Pace & Lyman 1947,"Pace D.M., Lyman E.D. Oxygen consumption and carbon dioxide elimination in Tetrahymena geleii Furgason.- Biol. Bull., 1947, v.92, N.2, p.210-216.",S2a list (p. 70-77),
S2a:Pace & McCashland 1951,"Pace D.M., McCashland B.W. Effects of low concentration of cyanide on growth and respiration in Pelomyxa carolinensis Wilson. - Proc. Soc. exp. Biol. Med., 1951, v.76, N.1, p.165-168.",S2a list (p. 70-77),
S2a:Padilla 1960,"Padilla G.M. Cyclical changes in the respiratory activity of synchronized cells. - J. Protozool., 1960, v.7, N.3, Suppl., p.24.",S2a list (p. 70-77),
S2a:Padilla & James 1960,"Padilla G.M., James T.W. Synchronization of cell division in Astasia longa on a chemically defined medium. - Exp. Cell Res., 1960, v.20. N.2, p.401-415.",S2a list (p. 70-77),
S2a:Pigon 1955,"Pigon A. Respiration and respiratory enzymes in Infusoria. II. Spirostomum minus Roax, Spirostomum intermedium Kahl. - Folia biol. Warszawa, 1955, v.3, N.3, p.229-265.",S2a list (p. 70-77),
S2a:Pitts 1932,"Pitts R.А. The effect of cyanide on respiration of the protozoan, Colpidium campylum. - Proc. Soc. exp. Biol. Med., 1932, v.29, N.5, p.542-544.",S2a list (p. 70-77),
S2a:Rajagopal 1962,"Rajagopal P.K. Respiration of some marine planktonic organisms. - Proc. Indian Acad. Sci., 1962, v.55B, N.2, p.76-81.",S2a list (p. 70-77),
S2a:Read & Rothman 1955,"Read C.P., Rothman A.H. Preliminary notes on the metabolism of Trichomonas vaginalis. - Amer. J. Hyg., 1955, v.61, N.2, p.249-260.",S2a list (p. 70-77),
S2a:Reeves 1971,"Reeves R.E. Carbohydrate metabolism in Entamoeba histolytica. – In: Comparative Biochemistry of Parasites (Ed. H. van den Boossche). New York: Acad. Press, 1971, p.351-358.",S2a list (p. 70-77),
S2a:Reich 1948,"Reich K. Studies in the respiration of an Amoeba, Mayorella palestinensis. - Physiol. Zool., 1948, v.21, N.4, p.390-412.",S2a list (p. 70-77),
S2a:Roth & Eichel 1955,"Roth J.S., Eichel H.J. The effect of X-radiation on enzyme systems of Tetrahymena pyriformis. - Biol. Bull., 1955, v.108. N.3, p.308-317.",S2a list (p. 70-77),
S2a:Roth et al. 1954,"Roth J.S., Eichel H.J., Ginter E. The oxidation of amino acids by Tetrahymena pyriformis W. - Arch. Biochem. Biophys., 1954, v.48, N.1, p.112-119.",S2a list (p. 70-77),
S2a:Ryley 1951,"Ryley J.F. Studies on the metabolism of the Protozoa. I. Metabolism of the parasitic flagellate, Trypanosoma lewisi. - Biochem. J., 1951, v.49, N.5, p. 577-585.",S2a list (p. 70-77),
S2a:Ryley 1952,"Ryley J.F. Studies on the metabolism of the Protozoa. 3. Metabolism of the ciliate Tetrahymena pyriformis (Glaucoma pyriformis). - Biochem .J., 1952, v.52, N.3, p.483-492.",S2a list (p. 70-77),
S2a:Ryley 1953,"Ryley J.F. Carbohydrate metabolism in Protozoa and metal-binding substances. - Nature, I953, v.171, N.4356, p.747-748.",S2a list (p. 70-77),
S2a:Ryley 1955a,"Ryley J.F. Studies on the metabolism of the Protozoa. 5. Metabolism of the parasitic flagellate, Strigomonas oncopelti. - Biochem. J., 1955a, v.59, N.3, p. 353-361.",S2a list (p. 70-77),
S2a:Ryley 1955b,"Ryley J.F. Studies on the metabolism of the Protozoa. 5. Metabolism of the parasitic flagellate, Trichomonas foetus. - Biochem. J., 1955b, v.59, N.3, p. 361-369.",S2a list (p. 70-77),
S2a:Ryley 1956,"Ryley J.F. Studies on the metabolism of the Protozoa. 7. Comparative carbohydrate metabolism of eleven species of Trypanosoma. - Biochem. J., 1956, v.62, N.2, p.215-222.",S2a list (p. 70-77),
S2a:Sanchez & Dusanic 1968,"Sanchez G., Dusanic D.G. Respiratory activity of Trypanosoma lewisi during several phases of infection in the rat. - Exp. Parasit., 1968, v.23, N.3, p.361-370.",S2a list (p. 70-77),
S2a:Sarojini & Nagabhushanam 1966,"Sarojini R., Nagabhushanam R. The oxygen consumption of the ciliate, Coleps hirtus. - Brotéria, 1966, Ser. Ciênc. Nat., v.35, p.45-55.",S2a list (p. 70-77),
S2a:Scholander et al. 1952,"Scholander P.F., Claff C.L., Sveinsson S.L. Respiratory studies of single cells. II. Observations on the oxygen consumption in single protozoans. - Biol. Bull., 1952, v.102, N.2, p.178-184.",S2a list (p. 70-77),
S2a:Seaman 1949,"Seaman G.R. The presence of the tricarboxylic acid cycle in the ciliate, Colpidium campylum. - Biol. Bull., 1949, v.96, N.3, p.257-262.",S2a list (p. 70-77),
S2a:Seaman 1950,"Seaman G.R. Utilization of acetate by Tetrahymena geleii (S). - J. biol. Chem., 1950, v.186, N.1, p. 97-104.",S2a list (p. 70-77),
S2a:Seaman & Houlihan 1950,"Seaman G.R., Houlihan R.K. Trans-I,2-cyclopentanedicarboxylic acid, a succinic acid analog affecting the permeability of the cell membrane. - Arch. Biochem., 1950, v.26, N.3, p.436-441.",S2a list (p. 70-77),
S2a:Simonsen & Van Wagtendonk 1952,"Simonsen D.H., Van Wagtendonk W.J. Respiratory studies on Paramecium aurelia, variety 4, killers and sensitives.- Biochim. Biophys. Acta,1952, v.9, N.5, p.515-527.",S2a list (p. 70-77),
S2a:Smith & Herrick 1944,"Smith B.F., Herrick C.A. The respiration of the protozoan parasite, Eimeria tenella. - J. Parasit., 1944, v.30, N.5, p.295-302.",S2a list (p. 70-77),
S2a:Speck et al. 1946,"Speck J.F., Moulder J.W., Evans E.A. The biochemistry of the malaria parasite. V. Mechanism of pyruvate oxidation in the malaria parasite. - J. biol. Chem., 1946, v.164, N.1, p.119-144.",S2a list (p. 70-77),
S2a:Thurston 1958,"Thurston J.P. The oxygen uptake of Trypanosoma lewisi and Trypanosoma equiperdum, with especial reference to oxygen consumption in the presence of amino-acids. - Parasitology, 1958, v.48, N.1-2, p.149-164.",S2a list (p. 70-77),
S2a:Van de Vijver 1966,"Van de Vijver G. Studies on the metabolism of Tetrahymena pyriformis Gl. I. Influence of substrates on the respiratory rate. - Enzymologia, 1966, v.31, N.6, p.363-381.",S2a list (p. 70-77),
S2a:Vernberg & Coull 1974,"Vernberg W.B., Coull B.C. Respiration of an interstitial ciliate and benthic energy relationships. - Oecologia, 1974, v.16, N.4, p.259-264.",S2a list (p. 70-77),
S2a:Vladimirova & Zotin 1983,"Vladimirova I.G., Zotin A.I. Respiration rates of Protozoa. Manuscript No. 5500-B3 12.08.1983 deposited in the All-Russian Institute of Scientific and Technical Information (VINITI), 62 pp, 1983. (in Russian)",S2a list (p. 70-77),
S2a:Vladimirova & Zotin 1985,"Vladimirova I.G., Zotin A.I. Dependence of metabolic rate in Protozoa on body temperature and weight. - Zhurnal Obschei Biologii [Journal of General Biology], 1985, v.46, p.165-173. (in Russian)",S2a list (p. 70-77),
S2a:von Brand & Agosin 1955,"von Brand T., Agosin M. The utilization of Krebs cycle intermediates by the culture forms of Trypanosoma cruzi and Leishmania tropica. - J. inf. Dis., 1955, v.97, N.3, p.274-279.",S2a list (p. 70-77),
S2a:von Dach 1942,"von Dach H. Respiration of a colorless flagellate, Astasia klebsii. - Biol. Bull., 1942, v.82, N.3, p.356-371.",S2a list (p. 70-77),
S2a:von Dach 1950,"von Dach H. Effect of high osmotic pressures on growth and respiration of a fresh-water flagellate, Astasia klebsii. - J. exp. Zool., 1950, v.115, N.1, p.1-15.",S2a list (p. 70-77),
S2a:Wagenbach & Burns 1969,"Wagenbach G.E., Burns W.C. Structure and respiration of sporulating Eimeria stiedae and E. tenella oocysts. - J. Protozool., 1969, v.16, N.2, p.257-263.",S2a list (p. 70-77),
S2a:Waidyasekera & Kitching 1975,"Waidyasekera F.L.D., Kitching J.A. Oxygen consumption and Krebs cycle activity of Acantnamoeba castellanii at high hydrostatic pressure. - Arch. Protistenk., 1975, v.117, N.3, p.314-319.",S2a list (p. 70-77),
S2a:Weinbach & Diamond 1974,"Weinbach E.C., Diamond L.S. Entamoeba histolytica: I. Aerobic metabolism. - Exp. Parasit., 1974, v.35, N.2, p.232-242.",S2a list (p. 70-77),
S2a:Whiteley 1960,"Whiteley A.H. Interactions of nucleus and cytoplasm in controlling respiratory patterns ia regenerating Stentor coeruleus. - Comp. Rend. Trav. Lab. Carlsberg, 1960, v.32, N.4, p.49-62.",S2a list (p. 70-77),
S2a:Wilson 1963,"Wilson B.W. The oxidative assimilation of acetate by Astasia longa and the regulation of cell respiration. - J. cell. comp. Physiol., 1963, v.62, N.1, p.49-56.",S2a list (p. 70-77),
S2a:Wilson & James 1963,"Wilson B.W., James T.W. The respiration and growth of synchronised populations of the cell Astasia longa. - Exp. Cell Res., 1963, v.32, N.2, p.305-319.",S2a list (p. 70-77),
S2a:Wilson & Fairbairn 1961,"Wilson P.A.G., Fairbairn D. Biochemistry of sporulation in oocysts of Eimeria acervulina. - J. Protozool. 1961, v.8, N.4, p.410-416.",S2a list (p. 70-77),
S2a:Wirtschafter et al. 1956,"Wirtschafter S., Saltman P., Jahn T.L. The metabolism of Trichomonas vaginalis: the oxidative pathway. - J. Protozool., 1956, v.3, N.2, p.86-88.",S2a list (p. 70-77),
S2a:Wright 1964,"Wright B.E. Biochemistry of acrasiales. - In: Biochemistry and Physiology of Protozoa (Ed. S.H. Hutner). New York: Acad. Press, 1964, v.3, p.341-381.",S2a list (p. 70-77),
S2a:Zeledon 1960 [1],"Zeledon R. Comparative physiological studies on four species of Hemoflagellates in culture. I. Endogenous respiration and respiration in the presence of glucose. - J. Protozool., 1960, v.7, N.2, p.146-150.",S2a list (p. 70-77),record key year letter mapped to the position of the entry among the same-author same-year entries of the list
S2a:Zeledon 1960 [2],"Zeledon R. Comparative physiological studies on four species of Hemoflagellates in culture. II. Effect of carbohydrates and related substances and some amino compounds on the respiration. - J. Parasit., I960, v.46, N.5, p.541-551.",S2a list (p. 70-77),record key year letter mapped to the position of the entry among the same-author same-year entries of the list
S2a:Zeledon 1960 [3],"Zeledon R. Comparative physiological studies on four species of Hemoflagellates in culture. III. Effect of Krebs cycle intermediates on the respiration. - Rev. Biol. trop. Univ., Costa Rica, 1960, v.8, N.1, p.25-33.",S2a list (p. 70-77),
S2a:Zeledon 1960 [4],"Zeledon R. Comparative physiological studies on four species of Hemoflagellates in culture. IV. Effect of metabolic inhibitors on respiration. - Rev. Biol. trop. Univ., Costa Rica, I960, v.8, N.2, p.181-195.",S2a list (p. 70-77),
S2a:Zeledon & de Monge 1966,"Zeledon R., de Monge E. Physiological studies on Leishmania braziliensis. – In: Internat. Congr. Parasitology (Ed. A. Corradetii). Oxford: Pergamon Press, 1966, v.1, p.42-43.",S2a list (p. 70-77),
S2a:Zeledon & de Monge 1967,"Zeledon R., de Monge E. Physiological studies on the culture form of four strains of Leishmania braziliensis. I. Nitrogen content, substrate utilization, and effect of metabolic inhibitors on respiration and its relation to infectivity. - J. Parasit., 1967, v.53, N.5, p.937-945.",S2a list (p. 70-77),
S3:1,"May, M. L. Energy metabolism of dragonflies (Odonata: Anisoptera) at rest and during endothermic warm-up. Journal of Experimental Biology 83, 79-94 (1979).","S3 numbered list (p. 105-110) = Chown et al. 2007 Appendix S2 reference list; not keyed by the records, which route to the compilation (S3:Chown et al. 2007)",
S3:2,"Shelton, T. G. & Appel, A. G. Carbon dioxide release in Coptotermes formosanus Shiraki and Reticulitermes flavipes (Kollar): effects of caste, mass, and movement. Journal of Insect Physiology 47, 213-224 (2001).","S3 numbered list (p. 105-110) = Chown et al. 2007 Appendix S2 reference list; not keyed by the records, which route to the compilation (S3:Chown et al. 2007)",
S3:3,"Jeeva, D., Bignell, D. E., Eggleton, P. & Maryati, M. Respiratory gas exchanges of termites from the Sabah (Borneo) assemblage. Physiological Entomology 24, 11-17 (1999).","S3 numbered list (p. 105-110) = Chown et al. 2007 Appendix S2 reference list; not keyed by the records, which route to the compilation (S3:Chown et al. 2007)",
S3:4,"McComie, L. D. & Dhanarjan, G. Respiratory rate and energy utilization by Macrotermes carbonarius (Hagen) (Isoptera, Termitidae, Macrotermitinae) in Penang, Malaysia. Insect Science and its Applications 11, 197-204 (1990).","S3 numbered list (p. 105-110) = Chown et al. 2007 Appendix S2 reference list; not keyed by the records, which route to the compilation (S3:Chown et al. 2007)",
S3:5,"Gunn, D. L. Oxygen consumption of the cockroach in relation to moulting. Nature 125, 434-435 (1935).","S3 numbered list (p. 105-110) = Chown et al. 2007 Appendix S2 reference list; not keyed by the records, which route to the compilation (S3:Chown et al. 2007)",
S3:6,"Herreid, C. F. & Full, R. J. Cockroaches on a treadmill: aerobic running. Journal of Insect Physiology 30, 395-403 (1984).","S3 numbered list (p. 105-110) = Chown et al. 2007 Appendix S2 reference list; not keyed by the records, which route to the compilation (S3:Chown et al. 2007)",
S3:7,"Full, R. J., Zuccarello, D. A. & Tullis, A. Effect of variation in form on the cost of terrestrial locomotion. Journal of Experimental Biology 150, 233-246 (1990).","S3 numbered list (p. 105-110) = Chown et al. 2007 Appendix S2 reference list; not keyed by the records, which route to the compilation (S3:Chown et al. 2007)",
S3:8,"Slater, W. K. The aerobic and anaerobic metabolism of the common cockroach (Periplaneta orientalis). Biochemical Journal 21, 198-203 (1927).","S3 numbered list (p. 105-110) = Chown et al. 2007 Appendix S2 reference list; not keyed by the records, which route to the compilation (S3:Chown et al. 2007)",
S3:9,"Harvey, G. T. & Brown, A. W. A. The effect of insecticide on the rate of oxygen consumption in Blattella. Canadian Journal of Zoology 29, 42-53 (1951).","S3 numbered list (p. 105-110) = Chown et al. 2007 Appendix S2 reference list; not keyed by the records, which route to the compilation (S3:Chown et al. 2007)",
S3:10,"Herreid, C. F., Full, R. J. & Prawel, D. A. Energetics of cockroach locomotion. Journal of Experimental Biology 94, 189-202 (1981).","S3 numbered list (p. 105-110) = Chown et al. 2007 Appendix S2 reference list; not keyed by the records, which route to the compilation (S3:Chown et al. 2007)",
S3:11,"Reichle, D. E. Relation of body size to food intake, oxygen consumption, and trace element metabolism in forest floor arthropods. Ecology 49, 538-542 (1968).","S3 numbered list (p. 105-110) = Chown et al. 2007 Appendix S2 reference list; not keyed by the records, which route to the compilation (S3:Chown et al. 2007)",
S3:12,"Bartholomew, G. A. & Lighton, J. R. B. Ventilation and oxygen consumption during rest and locomotion in a tropical cockroach, Blaberus giganteus. Journal of Experimental Biology 118, 449-454 (1985).","S3 numbered list (p. 105-110) = Chown et al. 2007 Appendix S2 reference list; not keyed by the records, which route to the compilation (S3:Chown et al. 2007)",
S3:13,"Coelho, J. R. & Moore, A. J. Allometry of resting metabolic rate in cockroaches. Comparative Biochemistry and Physiology A 94, 587-590 (1989).","S3 numbered list (p. 105-110) = Chown et al. 2007 Appendix S2 reference list; not keyed by the records, which route to the compilation (S3:Chown et al. 2007)",
S3:14,"Marais, E. & Chown, S. L. Repeatability of standard metabolic rate and gas exchange characteristics in a highly variable cockroach, Perisphaeria sp. Journal of Experimental Biology 206, 4565-4574 (2003).","S3 numbered list (p. 105-110) = Chown et al. 2007 Appendix S2 reference list; not keyed by the records, which route to the compilation (S3:Chown et al. 2007)",
S3:15,"Bailey, C. G., Withers, P. C., Endersby, M. & Gaull, K. The energetic costs of calling in the bushcricket Requena verticalis (Orthoptera: Tettigoniidae: Listroscelidinae). Journal of Experimental Biology 178, 21-37 (1993).","S3 numbered list (p. 105-110) = Chown et al. 2007 Appendix S2 reference list; not keyed by the records, which route to the compilation (S3:Chown et al. 2007)",
S3:16,"Zachariassen, K. E., Andersen, J., Kamau, J. M. Z. & Maloiy, G. M. O. Water loss in insects from arid and humid habitats in East Africa. Acta Entomologica Bohemoslovaca 85, 81-93 (1988).","S3 numbered list (p. 105-110) = Chown et al. 2007 Appendix S2 reference list; not keyed by the records, which route to the compilation (S3:Chown et al. 2007)",
S3:17,"Nespolo, R. F., Lardies, M. A. & Bozinovic, F. Intra-populational variation in the standard metabolic rate of insects: repeatability, thermal dependence and sensitivity (Q10) of oxygen consumption in a cricket. Journal of Experimental Biology 206, 4309-4315 (2003).","S3 numbered list (p. 105-110) = Chown et al. 2007 Appendix S2 reference list; not keyed by the records, which route to the compilation (S3:Chown et al. 2007)",
S3:18,"Van Hook, R. I. Energy and nutrient dynamics of spider and Orthopteran populations in a grassland ecosystems. Ecological Monographs 41, 1-26 (1971).","S3 numbered list (p. 105-110) = Chown et al. 2007 Appendix S2 reference list; not keyed by the records, which route to the compilation (S3:Chown et al. 2007)",
S3:19,"Hack, M. A. The effects of mass and age on standard metabolic rate in house crickets. Physiological Entomology 22, 325-331 (1997).","S3 numbered list (p. 105-110) = Chown et al. 2007 Appendix S2 reference list; not keyed by the records, which route to the compilation (S3:Chown et al. 2007)",
S3:20,"Mispagel, M. E. Relation of oxygen consumption to size and temperature in desert arthropods. Ecological Entomology 6, 423-431 (1981).","S3 numbered list (p. 105-110) = Chown et al. 2007 Appendix S2 reference list; not keyed by the records, which route to the compilation (S3:Chown et al. 2007)",
S3:21,"Kavanagh, M. W. The efficiency of sound production on two cricket species, Gryllotalpa australis and Teleogryllus commodus (Orthoptera: Grylloidea). Journal of Experimental Biology 130, 107-119 (1987).","S3 numbered list (p. 105-110) = Chown et al. 2007 Appendix S2 reference list; not keyed by the records, which route to the compilation (S3:Chown et al. 2007)",
S3:22,"Stevens, E. D. & Josephson, R. K. Metabolic rate and body temperature in singing katydids. Physiological Zoology 50, 31-42 (1977).","S3 numbered list (p. 105-110) = Chown et al. 2007 Appendix S2 reference list; not keyed by the records, which route to the compilation (S3:Chown et al. 2007)",
S3:23,"Bailey, C. G. & Riegert, P. W. Energy dynamics of Encoptolophus sordidus costalis (Scudder) (Orthoptera: Acrididae) in a grassland ecosystem. Canadian Journal of Zoology 51, 91-100 (1973).","S3 numbered list (p. 105-110) = Chown et al. 2007 Appendix S2 reference list; not keyed by the records, which route to the compilation (S3:Chown et al. 2007)",
S3:24,"Loveridge, J. P. & Bursell, E. Studies on the water relations of adult locusts (Orthoptera, Acrididae) I. Respiration and the production of metabolic water. Bulletin of Entomological Research 65, 13-20 (1975).","S3 numbered list (p. 105-110) = Chown et al. 2007 Appendix S2 reference list; not keyed by the records, which route to the compilation (S3:Chown et al. 2007)",
S3:25,"Harrison, J. F., Philips, J. E. & Gleeson, T. T. Activity physiology of the two-striped grasshopper, Melanoplus bivittatus: gas exchange, hemolymph acid-base status, lactate production, and the effect of temperature. Physiological Zoology 64, 451-472 (1991).","S3 numbered list (p. 105-110) = Chown et al. 2007 Appendix S2 reference list; not keyed by the records, which route to the compilation (S3:Chown et al. 2007)",
S3:26,"Quinlan, M. C. & Hadley, N. F. Gas exchange, ventilatory patterns, and water loss in two lubber grasshoppers: quantifying cuticular and respiratory transpiration. Physiological Zoology 66, 628-642 (1993).","S3 numbered list (p. 105-110) = Chown et al. 2007 Appendix S2 reference list; not keyed by the records, which route to the compilation (S3:Chown et al. 2007)",
S3:27,"Massion, D. D. An altitudinal comparison of water and metabolic relations in two acridid grasshoppers (Orthopera). Comparative Biochemistry and Physiology A 74, 101-105 (1983).","S3 numbered list (p. 105-110) = Chown et al. 2007 Appendix S2 reference list; not keyed by the records, which route to the compilation (S3:Chown et al. 2007)",
S3:28,"Duke, K. M. & Crossley, D. A. Population energetics and ecology of the rock grasshopper, Trimerotropis saxatilis. Ecology 56, 1106-1117 (1975).","S3 numbered list (p. 105-110) = Chown et al. 2007 Appendix S2 reference list; not keyed by the records, which route to the compilation (S3:Chown et al. 2007)",
S3:29,"Ashby, P. D. Conservation of mass-specific metabolic rate among high- and low- elevation populations of the acridid grasshopper Xanthippus corallipes. Physiological Zoology 70, 701-711 (1997).","S3 numbered list (p. 105-110) = Chown et al. 2007 Appendix S2 reference list; not keyed by the records, which route to the compilation (S3:Chown et al. 2007)",
S3:30,"Keister, M. & Buck, J. in Physiology of Insecta Volume 3 (ed. Rockstein, M.) 617-658 (Academic Press, New York, 1964).","S3 numbered list (p. 105-110) = Chown et al. 2007 Appendix S2 reference list; not keyed by the records, which route to the compilation (S3:Chown et al. 2007)",
S3:31,"Hinton, J. M. Energy flow in a natural population of Neophilaenus lineatus (Homoptera). Oikos 22, 155-171 (1971).","S3 numbered list (p. 105-110) = Chown et al. 2007 Appendix S2 reference list; not keyed by the records, which route to the compilation (S3:Chown et al. 2007)",
S3:32,"Wiegert, R. G. Population energetics of meadow spittlebugs (Philaenus spumarius L.) as affected by migration and habitat. Ecological Monographs 34, 217-241 (1964).","S3 numbered list (p. 105-110) = Chown et al. 2007 Appendix S2 reference list; not keyed by the records, which route to the compilation (S3:Chown et al. 2007)",
S3:33,"Mac Nally, R. C. & Doolan, J. M. Comparative reproductive energetics of the sexes in the cicada Cystosoma saundersii. Oikos 39, 179-186 (1982).","S3 numbered list (p. 105-110) = Chown et al. 2007 Appendix S2 reference list; not keyed by the records, which route to the compilation (S3:Chown et al. 2007)",
S3:34,"Hadley, N. F., Quinlan, M. C. & Kennedy, M. L. Evaporative cooling in the desert cicada: thermal efficiency and water/metabolic costs. Journal of Experimental Biology 159, 269-283 (1991).","S3 numbered list (p. 105-110) = Chown et al. 2007 Appendix S2 reference list; not keyed by the records, which route to the compilation (S3:Chown et al. 2007)",
S3:35,"Bartholomew, G. A. & Barnhart, M. C. Tracheal gases, respiratory gas exchange, body temperature and flight in some tropical cicadas. Journal of Experimental Biology 111, 131-144 (1984).","S3 numbered list (p. 105-110) = Chown et al. 2007 Appendix S2 reference list; not keyed by the records, which route to the compilation (S3:Chown et al. 2007)",
S3:36,"Bradley, T. J., Brethorst, L., Robinson, S. & Hetz, S. Changes in the rate of CO2 release following feeding in the insect Rhodnius prolixus. Physiological and Biochemical Zoology 76, 302-309 (2003).","S3 numbered list (p. 105-110) = Chown et al. 2007 Appendix S2 reference list; not keyed by the records, which route to the compilation (S3:Chown et al. 2007)",
S3:37,"Brown, A. V. & Fitzpatrick, L. C. Life history and population energetics of the dobson fly, Corydalus cornutus. Ecology 59, 1091-1108 (1978).","S3 numbered list (p. 105-110) = Chown et al. 2007 Appendix S2 reference list; not keyed by the records, which route to the compilation (S3:Chown et al. 2007)",
S3:38,"Holter, P. & Spangenberg, A. Oxygen uptake in coprophilous beetles (Aphodius, Geotrupes, Sphaeridium) at low oxygen and high carbon dioxide concentrations. Physiological Entomology 22, 339-343 (1997).","S3 numbered list (p. 105-110) = Chown et al. 2007 Appendix S2 reference list; not keyed by the records, which route to the compilation (S3:Chown et al. 2007)",
S3:39,"Engelmann, M. D. The role of soil arthropods in the energetics of an old field community. Ecological Monographs 31, 221-238 (1961).","S3 numbered list (p. 105-110) = Chown et al. 2007 Appendix S2 reference list; not keyed by the records, which route to the compilation (S3:Chown et al. 2007)",
S3:40,"Bartholomew, G. A. & Casey, T. M. Body temperature and oxygen consumption during rest and activity in relation to body size in some tropical beetles. Journal of Thermal Biology 2, 173-176 (1977).","S3 numbered list (p. 105-110) = Chown et al. 2007 Appendix S2 reference list; not keyed by the records, which route to the compilation (S3:Chown et al. 2007)",
S3:41,"Bosch, M., Chown, S. L. & Scholtz, C. H. Discontinuous gas exchange and water loss in the keratin beetle Omorgus radula: further evidence against the water conservation hypothesis? Physiological Entomology 25, 309-314 (2000).","S3 numbered list (p. 105-110) = Chown et al. 2007 Appendix S2 reference list; not keyed by the records, which route to the compilation (S3:Chown et al. 2007)",
S3:42,"Chown, S. L. & Holter, P. Discontinuous gas exchange cycles in Aphodius fossor (Scarabaeidae): a test of hypotheses concerning origins and mechanisms. Journal of Experimental Biology 203, 397-403 (2000).","S3 numbered list (p. 105-110) = Chown et al. 2007 Appendix S2 reference list; not keyed by the records, which route to the compilation (S3:Chown et al. 2007)",
S3:43,"Holter, P. Resource utilization and local coexistence in a guild of scarabaeid dung beetles (Aphodius spp.). Oikos 39, 213-227 (1982).","S3 numbered list (p. 105-110) = Chown et al. 2007 Appendix S2 reference list; not keyed by the records, which route to the compilation (S3:Chown et al. 2007)",
S3:44,"Duncan, F. D. & Byrne, M. J. Discontinuous gas exchange in dung beetles: patterns and ecological implications. Oecologia 122, 452-458 (2000).","S3 numbered list (p. 105-110) = Chown et al. 2007 Appendix S2 reference list; not keyed by the records, which route to the compilation (S3:Chown et al. 2007)",
S3:45,"Chown, S. L., Scholtz, C. H., Klok, C. J., Joubert, F. J. & Coles, K. Ecophysiology, range contraction and survival of a geographically restricted African dung beetle (Coleoptera: Scarabaeidae). Functional Ecology 9, 30-39 (1995).","S3 numbered list (p. 105-110) = Chown et al. 2007 Appendix S2 reference list; not keyed by the records, which route to the compilation (S3:Chown et al. 2007)",
S3:46,"Chown, S. L. & Davis, A. L. V. Discontinuous gas exchange and the significance of respiratory water loss in scarabaeine beetles. Journal of Experimental Biology 206, 3547-3556 (2003).","S3 numbered list (p. 105-110) = Chown et al. 2007 Appendix S2 reference list; not keyed by the records, which route to the compilation (S3:Chown et al. 2007)",
S3:47,"Davis, A. L. V., Chown, S. L., McGeoch, M. A. & Scholtz, C. H. A comparative analysis of metabolic rate in six Scarabaeus species (Coleoptera : Scarabaeidae) from southern Africa: further caveats when inferring adaptation. Journal of Insect Physiology 46, 553-562 (2000).","S3 numbered list (p. 105-110) = Chown et al. 2007 Appendix S2 reference list; not keyed by the records, which route to the compilation (S3:Chown et al. 2007)",
S3:48,"Morgan, K. R. Temperature regulation, energy metabolism and mate-searching in rain beetles (Pleocoma spp.), winter-active, endothermic scarabs (Coleoptera). Journal of Experimental Biology 128, 107-122 (1987).","S3 numbered list (p. 105-110) = Chown et al. 2007 Appendix S2 reference list; not keyed by the records, which route to the compilation (S3:Chown et al. 2007)",
S3:49,"Strømme, J. A., Ngari, T. W. & Zachariassen, K. E. Physiological adaptations in Coleoptera on Spitzbergen. Polar Research 4, 199-204 (1986).","S3 numbered list (p. 105-110) = Chown et al. 2007 Appendix S2 reference list; not keyed by the records, which route to the compilation (S3:Chown et al. 2007)",
S3:50,"Birch, L. C. The oxygen consumption of the small strain of Calandra oryzae L. and Rhizopertha dominica Fab. as affected by temperature and humidity. Ecology 28, 17-25 (1947).","S3 numbered list (p. 105-110) = Chown et al. 2007 Appendix S2 reference list; not keyed by the records, which route to the compilation (S3:Chown et al. 2007)",
S3:51,"Acar, E. B., Smith, B. N., Hansen, L. D. & Booth, G. M. Use of calorespirometry to determine effects of temperature on metabolic efficiency of an insect. Environmental Entomology 30, 811-816 (2001).","S3 numbered list (p. 105-110) = Chown et al. 2007 Appendix S2 reference list; not keyed by the records, which route to the compilation (S3:Chown et al. 2007)",
S3:52,"Sømme, L., Ring, R. A., Block, W. & Worland, M. R. Respiratory metabolism of Hydromedion sparsutum and Perimylops antarcticus (Col., Perimylopidae) from South Georgia. Polar Biology 10, 135-139 (1989).","S3 numbered list (p. 105-110) = Chown et al. 2007 Appendix S2 reference list; not keyed by the records, which route to the compilation (S3:Chown et al. 2007)",
S3:53,"Zachariassen, K. E., Anderson, J., Maloiy, G. M. O. & Kamau, J. M. Z. Transpiratory water loss and metabolism of beetles from arid areas in East Africa. Comparative Biochemistry and Physiology A 86, 403-408 (1987).","S3 numbered list (p. 105-110) = Chown et al. 2007 Appendix S2 reference list; not keyed by the records, which route to the compilation (S3:Chown et al. 2007)",
S3:54,"Heatwole, H., Muir, R. & Davison, E. Oxygen consumption of some terrestrial invertebrates from the Pre-Saharan steppe of Tunisia. Journal of Arid Environments 11, 219-226 (1986).","S3 numbered list (p. 105-110) = Chown et al. 2007 Appendix S2 reference list; not keyed by the records, which route to the compilation (S3:Chown et al. 2007)",
S3:55,"Bartholomew, G. A., Lighton, J. R. B. & Louw, G. N. Energetics of locomotion and patterns of respiration in tenebrionid beetles from the Namib Desert. Journal of Comparative Physiology B 155, 155-162 (1985).","S3 numbered list (p. 105-110) = Chown et al. 2007 Appendix S2 reference list; not keyed by the records, which route to the compilation (S3:Chown et al. 2007)",
S3:56,"Lighton, J. R. B. Ventilation in Namib desert tenebrionid beetles: mass scaling and evidence of a novel quantized flutter-phase. Journal of Experimental Biology 159, 249-268 (1991).","S3 numbered list (p. 105-110) = Chown et al. 2007 Appendix S2 reference list; not keyed by the records, which route to the compilation (S3:Chown et al. 2007)",
S3:57,"Duncan, F. D. & Dickman, C. R. Respiratory patterns and metabolism in tenebrionid and carabid beetles from the Simpson Desert, Australia. Oecologia 129, 509-517 (2001).","S3 numbered list (p. 105-110) = Chown et al. 2007 Appendix S2 reference list; not keyed by the records, which route to the compilation (S3:Chown et al. 2007)",
S3:58,"Edwards, D. K. Effects of acclimatization and sex on respiration and thermal resistance in Tribolium (Coleoptera: Tenebrionidae). Canadian Journal of Zoology 36, 363-382 (1958).","S3 numbered list (p. 105-110) = Chown et al. 2007 Appendix S2 reference list; not keyed by the records, which route to the compilation (S3:Chown et al. 2007)",
S3:59,"Cooper, P. D. Field metabolic rates and cost of activity in two tenebrionid beetles from the Mojave Desert of North America. Journal of Arid Environments 24, 165-175 (1993).","S3 numbered list (p. 105-110) = Chown et al. 2007 Appendix S2 reference list; not keyed by the records, which route to the compilation (S3:Chown et al. 2007)",
S3:60,"Duncan, F. D., Krasnov, B. & McMaster, M. Novel case of a tenebrionid beetle using discontinuous gas exchange cycle when dehydrated. Physiological Entomology 27, 79-83 (2002).","S3 numbered list (p. 105-110) = Chown et al. 2007 Appendix S2 reference list; not keyed by the records, which route to the compilation (S3:Chown et al. 2007)",
S3:61,"Louw, G. N., Nicolson, S. W. & Seely, M. K. Respiration beneath desert sand: carbon dioxide diffusion and respiratory patterns in a tenebrionid beetle. Journal of Experimental Biology 120, 443-447 (1986).","S3 numbered list (p. 105-110) = Chown et al. 2007 Appendix S2 reference list; not keyed by the records, which route to the compilation (S3:Chown et al. 2007)",
S3:62,"Chappell, M. A. & Rogowitz, G. L. Mass, temperature and metabolic effects on discontinuous gas exchange cycles in Eucalyptus-boring beetles (Coleoptera: Cerambycidae). Journal of Experimental Biology 203, 3809-3820 (2000).","S3 numbered list (p. 105-110) = Chown et al. 2007 Appendix S2 reference list; not keyed by the records, which route to the compilation (S3:Chown et al. 2007)",
S3:63,"Gromadzka, J. Respiratory metabolism of the Colorado beetle (Leptinotarsa decemlineata Say). Ekologia Polska A 16, 1-9 (1968).","S3 numbered list (p. 105-110) = Chown et al. 2007 Appendix S2 reference list; not keyed by the records, which route to the compilation (S3:Chown et al. 2007)",
S3:64,"Klok, C. J. & Chown, S. L. Temperature- and body mass-related variation in cyclic gas exchange characteristics and metabolic rates of seven weevil species: broader implications. Journal of Insect Physiology (in press).","S3 numbered list (p. 105-110) = Chown et al. 2007 Appendix S2 reference list; not keyed by the records, which route to the compilation (S3:Chown et al. 2007)",
S3:65,"Gehrken, U. Physiology of diapuse in the adult bark beetle, Ips acuminatus Gyll., studied in relation to cold hardiness. Journal of Insect Physiology 31(12), 909-916 (1985).","S3 numbered list (p. 105-110) = Chown et al. 2007 Appendix S2 reference list; not keyed by the records, which route to the compilation (S3:Chown et al. 2007)",
S3:66,"Campbell, A., Singh, N. B. & Sinha, R. N. Bioenergetics of the granary weevil, Sitophilus granarius (L.) (Coleoptera: Curculionidae). Canadian Journal of Zoology 54, 786-798 (1976).","S3 numbered list (p. 105-110) = Chown et al. 2007 Appendix S2 reference list; not keyed by the records, which route to the compilation (S3:Chown et al. 2007)",
S3:67,"Sibul, I., Kuusik, A. & Voolma, K. Monitoring of gas exchange cycles and ventilatory movements in the pine weevil Hylobius abietis: respiratory failures evoked by a botanical insecticide. Entomologia Experimentalis et Applicata 110, 173-179 (2004).","S3 numbered list (p. 105-110) = Chown et al. 2007 Appendix S2 reference list; not keyed by the records, which route to the compilation (S3:Chown et al. 2007)",
S3:68,"Chown, S. L., Van Der Merwe, M. & Smith, V. R. The influence of habitat and altitude on oxygen uptake in sub-antarctic weevils. Physiological Zoology 70, 116-124 (1997).","S3 numbered list (p. 105-110) = Chown et al. 2007 Appendix S2 reference list; not keyed by the records, which route to the compilation (S3:Chown et al. 2007)",
S3:69,"Tombes, A. Respiratory and compositional study on the aestivating insect, Hypera postica (Gyll.)(Curculionidae). Journal of Insect Physiology 10, 997-1003 (1964).","S3 numbered list (p. 105-110) = Chown et al. 2007 Appendix S2 reference list; not keyed by the records, which route to the compilation (S3:Chown et al. 2007)",
S3:70,"Lighton, J. R. B. Minimum cost of transport and ventilatory patterns in three African beetles. Physiological Zoology 58, 390-399 (1985).","S3 numbered list (p. 105-110) = Chown et al. 2007 Appendix S2 reference list; not keyed by the records, which route to the compilation (S3:Chown et al. 2007)",
S3:71,"Schultz, T. D., Quinlan, M. C. & Hadley, N. F. Preferred body temperature, metabolic physiology, and water balance of adult Cicindela longilabris: A comparison of populations from boreal habitats and climatic refugia. Physiological Zoology 65, 226-242 (1992).","S3 numbered list (p. 105-110) = Chown et al. 2007 Appendix S2 reference list; not keyed by the records, which route to the compilation (S3:Chown et al. 2007)",
S3:72,"May, M. L., Pearson, D. L. & Casey, T. M. Oxygen consumption of active and inactive adult tiger beetles. Physiological Entomology 11, 171-179 (1986).","S3 numbered list (p. 105-110) = Chown et al. 2007 Appendix S2 reference list; not keyed by the records, which route to the compilation (S3:Chown et al. 2007)",
S3:73,"Chown, S. L. Thermal sensitivity of oxygen uptake of Diptera from sub-Antarctic South Georgia and Marion Island. Polar Biology 17, 81-86 (1997).","S3 numbered list (p. 105-110) = Chown et al. 2007 Appendix S2 reference list; not keyed by the records, which route to the compilation (S3:Chown et al. 2007)",
S3:74,"Chadwick, L. E. The respiratory quotient of Drosophila in flight. Biological Bulletin 93, 229-239 (1947).","S3 numbered list (p. 105-110) = Chown et al. 2007 Appendix S2 reference list; not keyed by the records, which route to the compilation (S3:Chown et al. 2007)",
S3:75,"Lehmann, F.-O., Dickinson, M. H. & Staunton, J. The scaling of carbon dioxide release and respiratory water loss in flying fruit flies (Drosophila spp.). Journal of Experimental Biology 203, 1613-1624 (2000).","S3 numbered list (p. 105-110) = Chown et al. 2007 Appendix S2 reference list; not keyed by the records, which route to the compilation (S3:Chown et al. 2007)",
S3:76,"Chadwick, L. E. & Gilmour, D. Respiration during flight in Drosophila repleta Wollaston: the oxygen consumption considered in relation to the wing-rate. Physiological Zoology 13, 398-410 (1940).","S3 numbered list (p. 105-110) = Chown et al. 2007 Appendix S2 reference list; not keyed by the records, which route to the compilation (S3:Chown et al. 2007)",
S3:77,"Rajagopal, P. K. & Bursell, E. The respiratory metabolism of resting tsetse flies. Journal of Insect Physiology 12, 287-297 (1966).","S3 numbered list (p. 105-110) = Chown et al. 2007 Appendix S2 reference list; not keyed by the records, which route to the compilation (S3:Chown et al. 2007)",
S3:78,"Terblanche, J. S., Klok, C. J. & Chown, S. L. Metabolic rate variation in Glossina pallidipes (Diptera : Glossinidae): gender, ageing and repeatability. Journal of Insect Physiology 50, 419-428 (2004).","S3 numbered list (p. 105-110) = Chown et al. 2007 Appendix S2 reference list; not keyed by the records, which route to the compilation (S3:Chown et al. 2007)",
S3:79,"Guerra, A. A. & Cochran, D. G. Respiration during the life cycle of the face fly. Journal of Economic Entomology 63, 918-921 (1970).","S3 numbered list (p. 105-110) = Chown et al. 2007 Appendix S2 reference list; not keyed by the records, which route to the compilation (S3:Chown et al. 2007)",
S3:80,"Montooth, K. L. & Gibbs, A. G. Cuticular pheremones and water balance in the house fly, Musca domestica. Comparative Biochemistry and Physiology A 135, 457-465 (2003).","S3 numbered list (p. 105-110) = Chown et al. 2007 Appendix S2 reference list; not keyed by the records, which route to the compilation (S3:Chown et al. 2007)",
S3:81,"Buck, J. B. & Keister, M. L. Respiration and water loss in the adult blowfly, Phormia regina, and their relation to the physiological action of DDT. Biological Bulletin 97, 64-81 (1949).","S3 numbered list (p. 105-110) = Chown et al. 2007 Appendix S2 reference list; not keyed by the records, which route to the compilation (S3:Chown et al. 2007)",
S3:82,"Berrigan, D. & Lighton, J. R. B. Energetics of pedestrian locomotion in adult male blowflies, Protophormia terraenovae (Diptera: Calliphoridae). Physiological Zoology 67, 1140-1153 (1994).","S3 numbered list (p. 105-110) = Chown et al. 2007 Appendix S2 reference list; not keyed by the records, which route to the compilation (S3:Chown et al. 2007)",
S3:83,"Morgan, K. R., Shelly, T. E. & Kimsey, L. S. Body temperature regulation, energy metabolism, and foraging in light-seeking and shade-seeking robber flies. Journal of Comparative Physiology B 155, 561-570 (1985).","S3 numbered list (p. 105-110) = Chown et al. 2007 Appendix S2 reference list; not keyed by the records, which route to the compilation (S3:Chown et al. 2007)",
S3:84,"Hocking, B. The intrinsic range and speed of flight of insects. Transactions of the Royal Entomological Society of London 104, 223-345 (1953).","S3 numbered list (p. 105-110) = Chown et al. 2007 Appendix S2 reference list; not keyed by the records, which route to the compilation (S3:Chown et al. 2007)",
S3:85,"Bartholomew, G. A. & Lighton, J. R. B. Endothermy and energy metabolism of a giant tropical fly, Pantophthalmus tabaninus Thunberg. Journal of Comparative Physiology B 156, 461-467 (1986).","S3 numbered list (p. 105-110) = Chown et al. 2007 Appendix S2 reference list; not keyed by the records, which route to the compilation (S3:Chown et al. 2007)",
S3:86,"Penttinen, O.-P. & Holopainen, I. J. Physiological energetics of a midge, Chironomus riparius Meigen (Insecta, Diptera): normoxic heat output over the whole life cycle and response of larva to hypoxia and anoxia. Oecologia 103, 419-424 (1995).","S3 numbered list (p. 105-110) = Chown et al. 2007 Appendix S2 reference list; not keyed by the records, which route to the compilation (S3:Chown et al. 2007)",
S3:87,"Gray, E. M. & Bradley, T. J. Metabolic rate in female Culex tarsalis (Diptera : Culicidae): Age, size, activity, and feeding effects. Journal of Medical Entomology 40, 903-911 (2003).","S3 numbered list (p. 105-110) = Chown et al. 2007 Appendix S2 reference list; not keyed by the records, which route to the compilation (S3:Chown et al. 2007)",
S3:88,"Fielden, L. J., Krasnov, B. R., Khokhlova, I. S. & Arakelyan, M. S. Respiratory gas exchange in the desert flea Xenopsylla ramesis (Siphonaptera : Pulicidae): response to temperature and blood-feeding. Comparative Biochemistry and Physiology A 137, 557-565 (2004).","S3 numbered list (p. 105-110) = Chown et al. 2007 Appendix S2 reference list; not keyed by the records, which route to the compilation (S3:Chown et al. 2007)",
S3:89,"Bartholomew, G. A. & Casey, T. M. Oxygen consumption of moths during rest, pre- flight warm-up, and flight in relation to body size and wing morphology. Journal of Experimental Biology 76, 11-25 (1978).","S3 numbered list (p. 105-110) = Chown et al. 2007 Appendix S2 reference list; not keyed by the records, which route to the compilation (S3:Chown et al. 2007)",
S3:90,"Bailey, C. G. & Singh, N. B. An energy budget for Mamestra configurata (Lepidoptera: Noctuidae). Canadian Entomology 109, 687-693 (1977).","S3 numbered list (p. 105-110) = Chown et al. 2007 Appendix S2 reference list; not keyed by the records, which route to the compilation (S3:Chown et al. 2007)",
S3:91,"Burkett, B. N. Respiration of Galleria mellonella in relation to temperature and oxygen. Entomologia Experimentalis et Applicata 5, 305-312 (1962).","S3 numbered list (p. 105-110) = Chown et al. 2007 Appendix S2 reference list; not keyed by the records, which route to the compilation (S3:Chown et al. 2007)",
S3:92,"Lewis, L. C., Mutchmor, J. A. & Lynch, R. E. Effect of Perezia pyraustae on oxygen consumption by the European corn borer, Ostrinia nubilalis. Journal of Insect Physiology 17, 2457-2468 (1971).","S3 numbered list (p. 105-110) = Chown et al. 2007 Appendix S2 reference list; not keyed by the records, which route to the compilation (S3:Chown et al. 2007)",
S3:93,"Lighton, J. R. B. & Lovegrove, B. G. A temperature-induced switch from diffusive to convective ventilation in the honeybee. Journal of Experimental Biology 154, 509-516 (1990).","S3 numbered list (p. 105-110) = Chown et al. 2007 Appendix S2 reference list; not keyed by the records, which route to the compilation (S3:Chown et al. 2007)",
S3:94,"Beekman, M. & Van Stratum, P. Respiration in bumblebee queens: effect of life phase on the discontinuous ventilation cycle. Entomologia Experimentalis et Applicata 92, 295-298 (1999).","S3 numbered list (p. 105-110) = Chown et al. 2007 Appendix S2 reference list; not keyed by the records, which route to the compilation (S3:Chown et al. 2007)",
S3:95,"Gäde, G. & Auerswald, L. Flight metabolism in carpenter bees and primary structure of their hypertrehalosaemic peptide. Experimental Biology Online 3 (1998).","S3 numbered list (p. 105-110) = Chown et al. 2007 Appendix S2 reference list; not keyed by the records, which route to the compilation (S3:Chown et al. 2007)",
S3:96,"Duncan, F. D. & Lighton, J. R. B. Discontinuous ventilation and energetics of locomotion in the desert-dwelling female mutillid wasp, Dasymutilla gloriosa. Physiological Entomology 22, 310-315 (1997).","S3 numbered list (p. 105-110) = Chown et al. 2007 Appendix S2 reference list; not keyed by the records, which route to the compilation (S3:Chown et al. 2007)",
S3:97,"Nielsen, M. G. Respiratory rates of ants from different climatic areas. Journal of Insect Physiology 32, 125-131 (1986).","S3 numbered list (p. 105-110) = Chown et al. 2007 Appendix S2 reference list; not keyed by the records, which route to the compilation (S3:Chown et al. 2007)",
S3:98,"Martin, P. J. Respiration of the ant Leptothorax unifasciatus (Hymenoptera, Formicidae) at individual and society levels. Journal of Insect Physiology 37, 311-318 (1991).","S3 numbered list (p. 105-110) = Chown et al. 2007 Appendix S2 reference list; not keyed by the records, which route to the compilation (S3:Chown et al. 2007)",
S3:99,"Beraldo, M. J. A. H. & Mendes, E. G. The influence of temperature on oxygen consumption rates of workers of two leaf cutting ants, Atta laevigata (F. Smith, 1958) and Atta sexdens rubropilosa (Forel, 1908). Comparative Biochemistry and Physiology A 71, 419-424 (1982).","S3 numbered list (p. 105-110) = Chown et al. 2007 Appendix S2 reference list; not keyed by the records, which route to the compilation (S3:Chown et al. 2007)",
S3:100,"Hebling, M. J. A., Penteado, C. H. S. & Mendes, E. G. Respiratory regulation in workers of the leaf cutting ant Atta sexdens rubropilosa Forel, 1908. Comparative Biochemistry and Physiology A 101, 319-322 (1992).","S3 numbered list (p. 105-110) = Chown et al. 2007 Appendix S2 reference list; not keyed by the records, which route to the compilation (S3:Chown et al. 2007)",
S3:101,"Jensen, T. F. & Nielsen, M. G. The influence of body size and temperature on worker ant respiration. Natura Jutlandica 18, 21-25 (1975).","S3 numbered list (p. 105-110) = Chown et al. 2007 Appendix S2 reference list; not keyed by the records, which route to the compilation (S3:Chown et al. 2007)",
S3:102,"Quinlan, M. C. & Lighton, J. R. B. Respiratory physiology and water relations of three species of Pogonomyrmex harvester ants (Hymenoptera: Formicidae). Physiological Entomology 24, 293-302 (1999).","S3 numbered list (p. 105-110) = Chown et al. 2007 Appendix S2 reference list; not keyed by the records, which route to the compilation (S3:Chown et al. 2007)",
S3:103,"Ettershank, G. & Whitford, W. G. Oxygen consumption of two species of Pogonomyrmex harverster ants (Hymenoptera: Formicidae). Comparative Biochemistry and Physiology A 46, 605-611 (1973).","S3 numbered list (p. 105-110) = Chown et al. 2007 Appendix S2 reference list; not keyed by the records, which route to the compilation (S3:Chown et al. 2007)",
S3:104,"Nielsen, M. G. & Baroni-Urbani, C. Energetics and foraging behaviour of the European seed harvesting ant Messor capitatus I. Respiratory metabolism and energy consumption of unloaded and loaded workers during locomotion. Physiological Entomology 15, 441-448 (1990).","S3 numbered list (p. 105-110) = Chown et al. 2007 Appendix S2 reference list; not keyed by the records, which route to the compilation (S3:Chown et al. 2007)",
S3:105,"Lighton, J. R. B. & Berrigan, D. Questioning paradigms: caste-specific ventilation in harvester ants, Messor pergandei and M. julianus (Hymenoptera: Formicidae). Journal of Experimental Biology 198, 521-530 (1995).","S3 numbered list (p. 105-110) = Chown et al. 2007 Appendix S2 reference list; not keyed by the records, which route to the compilation (S3:Chown et al. 2007)",
S3:106,"Davison, E. A. Respiration and energy flow in two Australian species of desert harvester ants, Chelaner rothsteini and Chelaner whitei. Journal of Arid Environments 12, 61-82 (1987).","S3 numbered list (p. 105-110) = Chown et al. 2007 Appendix S2 reference list; not keyed by the records, which route to the compilation (S3:Chown et al. 2007)",
S3:107,"Vogt, J. T. & Appel, A. G. Standard metabolic rate of the fire ant, Solenopsis invicta Buren: effects of temperature, mass, and caste. Journal of Insect Physiology 45, 655-666 (1999).","S3 numbered list (p. 105-110) = Chown et al. 2007 Appendix S2 reference list; not keyed by the records, which route to the compilation (S3:Chown et al. 2007)",
S3:108,"Lighton, J. R. B. Slow discontinuous ventilation in the Namib dune-sea ant Camponotus detritus (Hymenoptera, Formicidae). Journal of Experimental Biology 151, 71-82 (1990).","S3 numbered list (p. 105-110) = Chown et al. 2007 Appendix S2 reference list; not keyed by the records, which route to the compilation (S3:Chown et al. 2007)",
S3:109,"Lighton, J. R. B. Individual and whole-colony respiration in an African formicine ant. Functional Ecology 3, 523-230 (1989).","S3 numbered list (p. 105-110) = Chown et al. 2007 Appendix S2 reference list; not keyed by the records, which route to the compilation (S3:Chown et al. 2007)",
S3:110,"Lighton, J. R. B. & Gillespie, R. G. The energetics of mimicry: the cost of pedestrian transport in a formicine ant and its mimic, a clubionid spider. Physiological Entomology 14, 173-177 (1989).","S3 numbered list (p. 105-110) = Chown et al. 2007 Appendix S2 reference list; not keyed by the records, which route to the compilation (S3:Chown et al. 2007)",
S3:111,"Lighton, J. R. B. & Garrigan, D. Ant breathing: testing regulation mechanism hypotheses with hypoxia. Journal of Experimental Biology 198, 1613-1620 (1995).","S3 numbered list (p. 105-110) = Chown et al. 2007 Appendix S2 reference list; not keyed by the records, which route to the compilation (S3:Chown et al. 2007)",
S3:112,"Lighton, J. R. B. & Wehner, R. Ventilation and respiratory metabolism in the thermophilic desert ant, Cataglyphis bicolor (Hymenoptera, Formicidae). Journal of Comparative Physiology B 163, 11-17 (1993).","S3 numbered list (p. 105-110) = Chown et al. 2007 Appendix S2 reference list; not keyed by the records, which route to the compilation (S3:Chown et al. 2007)",
S3:113,"Duncan, F. D. & Crewe, R. M. A comparison of the energetics of foraging of three species of Leptogenys (Hymenoptera, Formicidae). Physiological Entomology 18, 372-378 (1993).","S3 numbered list (p. 105-110) = Chown et al. 2007 Appendix S2 reference list; not keyed by the records, which route to the compilation (S3:Chown et al. 2007)",
S3:114,"Fewell, J. H., Harrison, J. F., Lighton, J. R. B. & Breed, M. D. Foraging energetics of the ant, Paraponera clavata. Oecologia 105, 419-427 (1996).","S3 numbered list (p. 105-110) = Chown et al. 2007 Appendix S2 reference list; not keyed by the records, which route to the compilation (S3:Chown et al. 2007)",
S3:115,"Bartholomew, G. A., Lighton, J. R. B. & Feener, D. H. Energetics of trail running, load carriage, and emigration in the column-rading army ant Eciton hamatum. Physiological Zoology 61, 57-68 (1988).","S3 numbered list (p. 105-110) = Chown et al. 2007 Appendix S2 reference list; not keyed by the records, which route to the compilation (S3:Chown et al. 2007)",
S4:Abolmasova 1969,Abolmasova G.I. (1969) Respiration intensity in the crab Xantho hydrophylus (Herbst). Gidrobiologicheskiĭ zhurnal 5: 114-117. (in Russian),S4 list (p. 127-132),
S4:Abolmasova 1970,Abolmasova G.I. (1970) Feeding and analysis of some elements of energy balance in Black Sea crabs. Gidrobiologicheskiĭ zhurnal 6: 62-70. (in Russian),S4 list (p. 127-132),
S4:Adamczewska & Morris 1994,"Adamczewska A.M., Morris S. (1994) Exercise in the terrestrial Christmas Island red crab Gecarcoidea natalis. II. Energetics of locomotion. J. exp. Biol. 188: 257-274.",S4 list (p. 127-132),
S4:Aldrich 1975,Aldrich J.C. (1975) Individual variability in oxygen consumption rates of fed and starved Cancer pagurus and Maia squinado. Comparative Biochemistry and Physiology 51A: 175-183.,S4 list (p. 127-132),
S4:Alekseeva & Zotin 2001,"Alekseeva T.A., Zotin A.I. (2001) Standard metabolism and macrotaxonomy of crustaceans. Izv. Akad. Nauk Ser. Biol. 2001(2): 198-204. (in Russian)",S4 list (p. 127-132),
S4:Armitage & Lei 1979,"Armitage K.B., Lei C.-H. (1979) Temperature acclimatization in the filtering rates and oxygen consumption of Daphnia ambigua Scornfield. Comp. Biochem. Physiol. 62A:807-812.",S4 list (p. 127-132),
S4:Barnes & Barnes 1969,"Barnes H., Barnes M. (1969) Seasonal changes in the acutely determined oxygen consumption and effect of temperature for three common cirripedes, Balanus balanoides (L), B. Balanus (L) and Chthamalus stellatus (Poli). J. Exp. Marine Biol. Ecol. 4: 36-50.",S4 list (p. 127-132),
S4:Braginski 1957,Braginski L.P. (1957) Respiration intensity and oxygen limit in some Caspian peracarids from Black Sea lagoons. Zoologicheskiĭ zhurnal 36: 504-510. (in Russian),S4 list (p. 127-132),
S4:Bulnheim 1979,Bulnheim H.-P. (1979) Comparative studies on the physiological ecology of five euryhaline Gammarus species. Oecologia 44: 80-86.,S4 list (p. 127-132),
S4:Byzova 1973,"Byzova Yu.B. (1973) Respiration of soil invertebrates. In: Ecology of soil invertebrates, Moscow: Nauka, pp. 3-39. (in Russian)",S4 list (p. 127-132),
S4:Castellani et al. 2005,"Castellani C., Robinson C., Smith T., Lampitt R.S. (2005) Temperature affects respiration rate of Oithona similis. Marine Ecology Progress Series 285: 129-135.",S4 list (p. 127-132),
S4:Childress 1975,Childress J.J. (1975) The respiratory rates of midwater crustaceans as a function of depth of occurrence and relation of the oxyqen minimum layer off southern California. Comp. Biochem. Physiol. 50A: 787-799.,S4 list (p. 127-132),
S4:Childress et al. 1990,"Childress J.J., Cowles D.L., Favuzzi J.A., Mickel T.J. (1990) Metabolic rates of benthic deep-sea decapod crustaceans decline with increasing depth primarily due to the decline in temperature. Deep-Sea Research 37: 929-949.",S4 list (p. 127-132),
S4:Clark 1955,"Clark D.P. (1955) The influence of body weight, temperature and season upon the rate of oxygen consumption of the terrestrial amphipod Talitrus sylvaticus (Haswell). Biological Bulletin 108: 253-257.",S4 list (p. 127-132),
S4:Cameron 1975,Cameron J.N. (1975) Aerial gas exchange in the terrestrial Brachyura Gecarcinus lateralis and Cardisoma guanhumi. Comp. Biochem. Physiol. 52A:129-134.,S4 list (p. 127-132),
S4:Conover 1960,Conover R.J. (1960) The feeding behavior and respiration of some marine planktonic Crustacea. Biological Bulletin 119: 399-415.,S4 list (p. 127-132),
S4:Cowles et al. 1991,"Cowles D.L., Childress J.J., Wells M.E. (1991) Metabolic rates of midwater crustaceans as a function of depth of occurrence off the Hawaiian Islands: food availability as a selective factor? Marine Biology 110: 75-83.",S4 list (p. 127-132),
S4:Dehnel 1960,Dehnel P.A. (1960) Effect of temperature and salinity on the oxygen consumption of two interidal crabs. Biol. Bull. 118: 215-249.,S4 list (p. 127-132),
S4:Dye & van der Veen 1980,"Dye A.H., van der Veen L. (1980) Respiratory responses of winter acclimated grapsoid crabs to a number of environmental parameters. Comp. Biochem. Physiol. 67A: 643-648.",S4 list (p. 127-132),
S4:Edney 1964,Edney E.B. (1964) Acclimation to temperature in terrestrial isopods. II. Heart rate and standard metabolic rate. Physiological Zoology 37: 378-393.,S4 list (p. 127-132),
S4:Edney & Spencer 1955,"Edney E.B., Spencer J.O. (1955) Cutaneous respiration in woodlice. Journal of Experimental Biology 32: 256-269.",S4 list (p. 127-132),
S4:Edwards 1946,Edwards G.A. (1946) The influence of temperature upon the oxygen consumption of the beach flea Tolorchestia megalophthalma. Journal of Cellular and Comparative Physiology 21: 183-189.,S4 list (p. 127-132),
S4:Edwards & Irving 1943,"Edwards G.A., Irving L. (1943) The influence of season and temperature upon the oxygen consumption of the beach flea, Talorchestia megalophthalma. J. Cell. Comp. Physiol. 21: 183-189.",S4 list (p. 127-132),
S4:Ellis & Morris 1995,"Ellis B.A., Morris S. (1995) Effects of extreme pH on the physiology of the australian 'yabby' Cherax destructor: Acute and chronic changes in haemolymph oxygen levels, oxygen consumption and metabolite levels. Journal of Experimental Biology 198: 409-418.",S4 list (p. 127-132),
S4:Engelmann 1961,Engelmann M.D. (1961) The role of soil arthropods in the energetics of an old field community. Ecological Monographs 81: 221-238.,S4 list (p. 127-132),
S4:Fish & Preece 1970,"Fish J.D., Preece G.S. (1970) The ecophysiological complex of Bathyporeia pilosa and B. pelagica (Crustacea: Amphipoda). I. Respiration rate. Mar. Biol. 5: 22-28.",S4 list (p. 127-132),
S4:Foulds et al. 1976,"Foulds J.B., Roff J.C (1976) Oxygen consumption during simulated vertical migration in Mysis relicta (Crustacea, Mysidacea). Can. J. Zool. 54: 377-385.",S4 list (p. 127-132),
S4:Full 1987,Full R.Y. (1987) Locomotion energeties of the ghost crab. 1. Metabolic cost and endurance. J. exp. Biol. 130: 137-153.,S4 list (p. 127-132),
S4:Goss & Bunting 1980,"Goss L.B., Bunting D.L. (1980) Temperature effects on zooplankton respiration. Comp. Biochem. Physiol. 66A: 651-658.",S4 list (p. 127-132),
S4:Herreid & Full 1986,"Herreid C.F., Full X.Y. (1986) Energetic of hermit crabs during locomotion: the cost of carrying shell. J. Exp. Biol. 120: 297-308.",S4 list (p. 127-132),
S4:Herreid et al. 1983,"Herreid C.F., O'Mahoney P.M., Full R.J. (1983) Locomotion in land crabs: respiratory and cardiac response of Gecarcinus lateralis. Comp. Biochem. Physiol. 74A: 117-124.",S4 list (p. 127-132),
S4:Hervant et al. 1997,"Hervant, F., Mathieu, J., Barré, H., Simon, K. & Pinon, C. (1997) Comparative study on the behavioral, ventilatory and respiratory responses of hypogean and epigean crustaceans to long-term starvation and subsequent feeding. Comparative Biochemistry and Physiology 118A: 1277-1283.",S4 list (p. 127-132),
S4:Ikeda 1970,Ikeda T. (1970) Relationship between respiration rate and body size in marine plankton animals as a function of the temperature of habitat. Bull. Fac. Fish 21: 91-112.,S4 list (p. 127-132),
S4:Ikeda 1971,Ikeda T. (1971) Changes in respiration rate and in composition of organic matter in Calanus cristatus (Crustacea: Copepoda) under starvation. Bull. Fac. Fish 21: 280-298.,S4 list (p. 127-132),
S4:Ikeda 1988,Ikeda T. (1988) Metabolism and chemical composition of crustaceans from the Antarctic mesopelagic zone. Deep-Sea Research 35: 1991-2002.,S4 list (p. 127-132),
S4:Ikeda et al. 2001,"Ikeda T., Kanno Y., Ozaki K., Shinada A. (2001) Metabolic rates of epipelagic marine copepods as a function of body mass and temperature. Marine Biology 139: 587-596.",S4 list (p. 127-132),
S4:Ikeda & Mitchell 1982,"Ikeda T., Mitchell A.W. (1982) Oxygen uptake, ammonia excretion, and phosphate excretion by krill and other Antarctic zooplankton in relation to their body size and chemical composition. Marine Biology 71: 283-298.",S4 list (p. 127-132),
S4:Ikeda et al. 2004,"Ikeda T., Sano F., Yamaguchi A. (2004) Metabolism and body composition of a copepod (Neocalanus cristatus: Crustacea) from the bathypelagic zone of the Oyashio region, western subarctic Pacific. Marine Biology 145:1181-1190.",S4 list (p. 127-132),
S4:Ikeda & Skjoldal 1989,"Ikeda T., Skjoldal H.R. (1989) Metabolism and elemental composition of zooplankton from the Barents Sea during early Arctic summer. Marine Biology 100: 173-183.",S4 list (p. 127-132),
S4:Ivanova & Korobtsova 1974,"Ivanova M.B., Korobtsova E.V. (1974) Ecophysiological peculiarities of Polyartemia forcipata (Anostraca) from tundar water bodies in East Murman. Zoologicheskiĭ zhurnal 53: 1140-1147. (in Russian)",S4 list (p. 127-132),
S4:Ivlev & Sutschenya 1961,"Ivlev V.S., Sutschenya L.M. (1961) Intensity of atmospheric and aquatic respiration in some marine crustaceans. Zoologicheskiĭ zhurnal 40: 1345-1353. (in Russian)",S4 list (p. 127-132),
S4:Jawed 1973,Jawed M. (1973) Effects environmetal factors and body size on rates of oxygen consumption in Archaeomysis grebnitzkii and Neomysis awatschensis (Crustacea; Mysidae) Mar. Biol. 21: 173-179.,S4 list (p. 127-132),
S4:Kawall et al. 2001,"Kawall H.G., Torres J.T., Geiger S.P. (2001) Effects of the ice-edge bloom and season on the metabolism of copepods in the Weddell Sea, Antarctica. Hydrobiologia 453/454: 67-77.",S4 list (p. 127-132),
S4:Khmeleva 1973,"Khmeleva M.N. (1973) Energy metabolism of Idothea baltica basteri (Aud.). In: Energy metabolism of aquatic animals, Moscow: Nauka, pp. 5-27. (in Russian)",S4 list (p. 127-132),
S4:Kititsina 1980,Kititsina L.A. (1980) Ecophysiological peculiarities of the freshwater shrimp Dekerogammarus haemobaphes (Eich) in the region of Tripol hydropower hot water discharges. Gidrobiologicheskiĭ zhurnal 16: 77-85.,S4 list (p. 127-132),
S4:Klyashtorin & Kuzmicheva 1975,"Klyashtorin L.B., Kuzmicheva V.I. (1975) Level of energetic expenditures during active locomotion in planktonic crustaceans. Okeanologia 15: 891-897. (in Russian)",S4 list (p. 127-132),
S4:Kotaiah & Rajabai 1972,"Kotaiah K., Rajabai B.S. (1972) Influence of thermal acclimation on oxygen consumption in the tropical freshwater crab, Paratelphasa hydrodromus (Herbst), wiht reference to size, sex and sudden changes of temperature. Indian J. exp. Biol. 10: 375-378.",S4 list (p. 127-132),
S4:Kuzmicheva & Kukina 1974,"Kuzmicheva V.I., Kukina I.V. (1974) On respiration intensity in mysids at different numbers of individuals in repirometers. Okeanologia 14: 898-902. (in Russian)",S4 list (p. 127-132),
S4:Leffler 1973,Leffler C.W. (1973) Metabolic rate in relation to body size and environmental oxygen concentration in two species of xanthid crabs. Comp. Biochem. Physiol. 44A: 1047-1052.,S4 list (p. 127-132),
S4:Lewis & Haefner 1976,"Lewis E.G., Haefner P. A. (1976) Oxygen consumption of the blue crab, Callinectes sapidus Rathbun, from proecaysis to postecdysis. Comp. Biochem. Physiol. 54A: 55-60.",S4 list (p. 127-132),
S4:Luxmoore 1984,Luxmoore R.A. (1984) A comparison of the respiration rate of some Antarctic isopod with species from lower latitudes. Br. Antart. Surv. Bull. 62: 53-65.,S4 list (p. 127-132),
S4:MacMillen 1978,MacMillen R.E. (1978) Adjustments of energy and water metabolism to drought in an Australian arid-zone crab. Physiol. Zool. 51: 230-240.,S4 list (p. 127-132),
S4:Moots & Epifanio 1974,"Moots C.A., Epifanio C.E. (1974) An energy budget for Menippe mercenaria larvae fed Artemia nauplii. Biol. Bull. 146: 44-55.",S4 list (p. 127-132),
S4:Moreira et al. 1983,"Moreira G.S., McNamara J.C., Shumway S.E., Moreira P.S. (1983) Osmoregulation and respiratory metabolism in Brazilian Macrobrachium (Decapoda, Palaemonidae). Comp. Biochem. Physiol. 74A(1): 57-62.",S4 list (p. 127-132),
S4:Morrison 1946,Morrison P.R. (1946) Physiological observations on water loss and oxygen consumption in Peripatus. Biological Bulletin 91: 181-188.,S4 list (p. 127-132),
S4:Müller 1943,Müller I. (1943) Untersuchungen über die Gesetzlichkeit des Wachstums. X. Weiteres zur Frage der Abhängigkelt der Atmung von der Körpergrösse. Biol. Zbl. 63: 446-453.,S4 list (p. 127-132),
S4:Nival et al. 1972,"Nival P., Nival S., Palazzoli I. (1972) Données sur la respiration de différents organismes communs dans le plancton de Villeranche-sur-Mer. Mar. Biol. 17: 63-76.",S4 list (p. 127-132),
S4:Opalinski 1991,Opalinski K.W. (1991) Respiratory metabolism and metabolic adaptations of Antarctic krill Euphausia superba. Pol. Arch. Hydrobiol. 38: 183-263.,S4 list (p. 127-132),
S4:Pavlova 1961,Pavlova E.P. (1961) Oxygen consumption by some planktonic crustaceans of the Sevastopol Bay. Transactions of the Sevastopol Biological Station 14: 79-90. (in Russian),S4 list (p. 127-132),
S4:Pavlova 1975,"Pavlova E.P. (1975) Metabolism of Mediterranean zooplankton. Chapter 7 in: Biological structure and productivity of the planktonic communities in the Mediterranean, Kiev: Naukova Dumka, pp. 124-144.",S4 list (p. 127-132),
S4:Penkoff & Thurberg 1982,"Penkoff S.J., Thurberg F.P. (1982) Changes in oxygen consumption of the american lobster, Homarus americanus, during the moult cycle. Comp. Biochem. Physiol. 72A: 621-622.",S4 list (p. 127-132),
S4:Phillipson & Watson 1965,"Phillipson J., Watson J. (1965) Respiratory metabolism of the terrestrial isopod Oniscus asellus L. Oikos 16: 78-87.",S4 list (p. 127-132),
S4:Rajagopal 1962,Rajagopal P.K. (1962) Respiration of some marine planktonic organisms. Proc. Indian Acad. Sci. 55B: 76-81.,S4 list (p. 127-132),
S4:Reiche 1968,Reiche D.E. (1968) Relation of body size to food in take oxygen consumption and trace element metabolism in forest floor arthropods. Ecology 49: 538-542.,S4 list (p. 127-132),
S4:Robertson et al. 2001,"Robertson R.F., El-Haj A.J., Clarke A., Peck L.S., Taylor E.W. (2001) The effects of temperature on metabolic rate and protein synthesis following a meal in the isopod Glyptonotus antarcticus Eights (1852). Polar Biology 24: 677-686",S4 list (p. 127-132),
S4:Romanova & Khmeleva 1978,"Romanova Z.A., Khmeleva N.N. (1978) Respiration of crustaceans within their natural geographic range. Biologia morya 46: 29-35. (in Russian)",S4 list (p. 127-132),
S4:Saito 1965,Saito S. (1965) Structure and energetics of the population of Ligidium japonica (Isopoda) in a warm climate forest ecosystem. Japanese Journal of Ecology 15: 47-55.,S4 list (p. 127-132),
S4:Schindler 1968,"Schindler D.W. (1968) Feeding, assimilation and respiration rates of Daphnia magma under various environmental conditions and their relation to production estimates. J. anim. Ecol. 37:369-385.",S4 list (p. 127-132),
S4:Schmid 1996,Schmid M.K. (1996) Zur Verbreitung und Respiration ökologisch wichtiger Bodentiere in den Gewässern um Svålbard (Arktis). Berichte zur Polarförschung 202: 1-93.,S4 list (p. 127-132),
S4:Seibel 2007,Seibel B.A. (2007) On the depth and scale of metabolic rate variation: scaling of oxygen consumption rates and enzymatic activity in the Class Cephalopoda (Mollusca). J. Exp. Biol. 210: 1-11.,S4 list (p. 127-132),
S4:Silverthorn 1975,Silverthorn S.U. (1975) Hormonal involvement in thermal acclimation in the fiddler crab Uca pugilator (Bose). I. Effect of eyestalk extracts on whole animal respiration. Comp. Biochem. Physiol. 50A:281-284.,S4 list (p. 127-132),
S4:Simčič & Brancelj 2006,"Simčič T., Brancelj A. (2006) Effects of pH on electron transport system (ETS) activity and oxygen consumption in Gammarus fossarum. Asellus aquaticus and Niphargus sphagnicolus. Freshwater Biology 51: 686-694.",S4 list (p. 127-132),
S4:Simčič et al. 2005,"Simčič T., Lukančič S., Brancelj A. (2005) Comparative study of electron transport system activity and oxygen consumption of amphipods from caves and surface habitats. Freshwater Biology 50: 494-501.",S4 list (p. 127-132),
S4:Steffensen 2002,Steffensen J.F. (2002) Metabolic cold adaptation of polar fish based on measurements of aerobic oxygen consumption: fact or artefact? Artefact! Comparative Biochemistry and Physiology 132: 789-795.,S4 list (p. 127-132),
S4:Sutschenya & Abolmasova 1973,"Sutschenya L.M., Abolmasova G.I. (1973) Metabolic intensity in the crab Eriphia spinifrons (Herbst) Sav. from the Black Sea. In: Energy metabolism of aquatic animals, Mosow: Nauka, pp. 42-49. (in Russian)",S4 list (p. 127-132),
S4:Taylor & Davies 1981,"Taylor A.C., Davies P.S. (1981) Respiration in the land crab, Gecarcinus lateralis (Freminville). J. Exp Biol. 93: 197-208.",S4 list (p. 127-132),
S4:Taylor et al. 1977,"Taylor E.W., Butler P.J., Alwassia A. (1977) Effect of a decrease in salinity on respiration, osmoregulation and activity in shore crab, Carcinus- maenas L., at different acclimation temperature. J. Comp. Physiol. 119: 155-170.",S4 list (p. 127-132),
S4:Thuesen & Childress 1993,"Thuesen E.V., Childress J.J. (1993) Enzymatic activities and metabolic rates of pelagic chaetognaths: Lack of depth-related declines. Limnology & Oceanography 38: 935-948.",S4 list (p. 127-132),
S4:Thuesen & Childress 1994,"Thuesen E.V., Childress J.J. (1994) Oxygen consumption rates and metabolic enzyme activities of oceanic California medusae in relation to body size and habitat depth. Biological Bulletin 187: 84-98.",S4 list (p. 127-132),
S4:Thuesen et al. 1998,"Thuesen E.V., Miller C.B., Childress J.J. (1998) Ecophysiological interpretation of oxygen consumption rates and enzymatic activities of deep-sea copepods. Marine Ecology Progress Series 168: 95-107.",S4 list (p. 127-132),
S4:Tscherbakov & Muragina 1953,"Tscherbakov A.P., Muragina T.A. (1953) Respiration intensity in the tadpole shrimp (Apus cancriformis Schäff.). Zoologicheskiĭ zhurnal 32: 844-847. (in Russian)",S4 list (p. 127-132),
S4:Veerannan 1972,Veerannan K.M. (1972) Respiratory Metabolism of Crabs from Marine and Estuarine Habitats. I. Scylla serrata. Marine Biology 17: 284-290.,S4 list (p. 127-132),
S4:Veerannan 1974,Veerannan K.M. (1974) Respiratory metabolism of crabs from marine habitats: an interpecific comparison. Marine Biology 26: 35-43.,S4 list (p. 127-132),
S4:Vernberg 1959,Vernberg F.Y. (1959) Studies on the physiological variation between tropical and temperate zone fiddler crabs of the genus Uca. II. Oxygen consumption of whole organisms. Biol. Bull.117: 163-184.,S4 list (p. 127-132),
S4:White et al. 2006,"White C. R., Phillips N.R., Seymour R.S. (2006) The scaling and temperature dependence of vertebrate metabolism. Biological Letters 2: 125-127.",S4 list (p. 127-132),
S4:Wieser 1963,"Wieser W. (1963) Parameter des Sauerstoffverbrauches. II. Die Wirkung von Temperatur, Licht und anderen Haltungsbedingungen auf den Sauerstoffverbrauch von Porcellio scaber Latr. (Isopoda). Z. vergl. Physiol. 47: 1-16.",S4 list (p. 127-132),
S4:Wieser 1965,Wieser W. (1965) Untersuchungen uber die Ernährung und dem Gesamtstoffwechsel von Porcellio scaber (Crustacea: Isopoda). Pedobiologia 5: 304-331.,S4 list (p. 127-132),
S4:Will 1952,"Will A. (1952) Körpergrösse, Körperzeiten und Energiebilanz. VI. Körpergrösse unde O2-Konsum bei Schaben und Asellen (Isopoda). Z. vergl. Physiol. 341: 20-25.",S4 list (p. 127-132),
S6b:Gavrilov 1974a,"Gavrilov V.M. 1974a. Seasonal and daily variations of standard metabolic rate in passerine birds. Materialy 6 Vsesojusnoi Ornithologicheskoi Konferentzii (Proceedings of the 6 All-Union Ornithological Conference). Moscow: Moscow University Press. Vol.1, P.134-136. (in Russian)",S6b list (p. 153-154),
S6b:Gavrilov 1977,"Gavrilov, V.M. 1977. Penguin energetics. - Penguin adaptations. Moscow: Nauka. P.102-110. (in Russian)",S6b list (p. 153-154),
S6b:Gavrilov 1979a,"Gavrilov V.M. 1979a. Bioenergetics of large Passeriformes. 1. Metabolism of rest and energy of existence. Zool. Zh. Vol.58, N 4, P.530-541 (in Russian, English summary)",S6b list (p. 153-154),
S6b:Gavrilov 1979b,"Gavrilov V.M. 1979b. Bioenergetics of large Passeriformes. 2. Caloric equivalent on loss of body mass and dependence of bioenergetic parameters on body mass. Zool. Zh. Vol.58, N 5, P.693-703 (in Russian, English summary)",S6b list (p. 153-154),
S6b:Gavrilov 1980a,"Gavrilov, V.M. 1980a. Energy existence of Galliformes in relation to ambient temperatures, seasons and body mass. - Ornithologia. Vol.15. P.75-79 (in Russian)",S6b list (p. 153-154),
S6b:Gavrilov 1980b,"Gavrilov, V.M. 1980b. Trends of bioenergetic adaptations in birds to seasonal changes in climate. - Ecologia, geographia i okhrana ptitz. Ecology, Geography and Protection of Birds. Leningrad: Nauka. P.73-97.",S6b list (p. 153-154),
S6b:Gavrilov 1980c,"Gavrilov, V.M. 1980c. Seasonal changes of metabolism in migratory and sedentary passerine and non- passerine birds. - Ornithologia. Vol.15. P.208-211. (in Russian)",S6b list (p. 153-154),
S6b:Gavrilov 1981,"Gavrilov, V.M. 1981. Circadian changes of resting metabolism in birds. - Ornithologia. Vol.16. P.42-50. (in Russian)",S6b list (p. 153-154),
S6b:Gavrilov 1982a,"Gavrilov, V.M. 1982a. Energy existence and basal metabolism of insectivorous and granivorous passerine birds. - Ornithologia. Vol.17. P.66-71. (in Russian, English summary)",S6b list (p. 153-154),
S6b:Gavrilov 1982b,"Gavrilov, V.M. 1982b. Bioenergetic adaptations in birds to seasonal variations in climate. - Gavrilov, V.M. and Potapov, R.L., eds. Ornithological Studies in the USSR. Moscow: Nauka. Vol.2. P.377-402.",S6b list (p. 153-154),
S6b:Gavrilov 1985a,"Gavrilov, V.M. 1985a. Energy of existence at 0° and 30° and basal metabolism of insectivorous and granivorous Passeriformes: their seasonal change anddependence on body mass. - Ilyichov, V.D. and Gavrilov, V.M., eds. Acta XVIII Congress Internationalis Ornithologici. Moscow: Nauka. Vol.2. P.1220-1227.",S6b list (p. 153-154),
S6b:Gavrilov 1985b,"Gavrilov, V.M. 1985b. Seasonal and circadian changes of thermoregulation in passerine and non-passerine birds: which is more important? Ilyichov, V.D. and Gavrilov, V.M., eds. Acta XVIII Congress Internationalis Ornithologici. Moscow: Nauka. Vol.2. P.1254-1277.",S6b list (p. 153-154),
S6b:Gavrilov 1996a,"Gavrilov, V.M. 1996a. Basal metabolic rate in homoiothermal animals: 1. Scale of power and fundamental characteristics of energetics. - Zh. Obshch. Biol. Vol.57. N 3. P.326-345. (in Russian, English summary)",S6b list (p. 153-154),
S6b:Gavrilov 1996b,"Gavrilov, V.M. 1996b. Basal metabolic rate in homoiothermal animals: 2. Origin in the course of evolution, energetic and ecological effects. - Zh. Obsch. Biol. Vol.57. N 4. P.421-439. (in Russian, English summary)",S6b list (p. 153-154),
S6b:Gavrilov 1997,"Gavrilov V.M. 1997. Energetics and Avian behavior. Physiology and General Biology Reviews. Amsterdam B.V. Published in The Netherlands by Harwood Academic Publishers GmbH, 225p.",S6b list (p. 153-154),
S6b:Gavrilov 1999a,"Gavrilov, V.M. 1999a. Comparative energetics of passerine and non-passerine birds: differences in maximal, potential productive and normal levels of existence metabolism and their ecological implication. In: Adams, N. & Slotow, R. Eds), Proc. 22 Int. Ornithol. Congr., Durban: 338-369, Johannesburg: BirdLife South Africa.",S6b list (p. 153-154),
S6b:Gavrilov 1999b,"Gavrilov V.M. 1999b. Energy responses of passerine and non-passerine birds to their thermal environment: differences and ecological effects. Avian ecology and behaviour, vol. 3, p. 1-21.",S6b list (p. 153-154),
S6b:Gavrilov 1999c,"Gavrilov V.M. 1999c. Ecological phenomena of Passeriformes as a derivative of their energetics, Acta ornithologica, , vol.34(2): 165-172.",S6b list (p. 153-154),
S6b:Gavrilov 2001,Gavrilov V.M. 2001. Thermoregulation energetics of passerine and non-passerine birds. Ornithologia. Vol.29. P.162-182.,S6b list (p. 153-154),
S6b:Gavrilov & Dolnik 1985,"Gavrilov, V.M., Dolnik, V.R. 1985. Basal metabolism, thermoregulation and existence energy in birds: world data. In Acta XVIII Congress Internationalis Ornithologici, (Ilyichov, V.D. and Gavrilov, V.M., eds.) vol.1, 421-466 (Moscow: Nauka).",S6b list (p. 153-154),
S6b:Gavrilov et al. 1998,"Gavrilov V.M., A.B. Kerimov, T.B. Golubeva, E.V. Ivankina, T.A. Ilyina. 1998. Population and ecological effects of variation and interaction of energetic parameters in birds with special reference to Great Tit (Parus major) and Pied Flycatcher (Ficedula hypoleuca). Avian ecology and behaviour, vol. 1, pp. 87-101.",S6b list (p. 153-154),
S7:Alberte et al. 1986,"Alberte R.S., Cheng L., Lewin R.A. (1986) Photosynthetic characteristics of Prochloron sp./ascidian symbioses I. Light and temperature responses of the algal symbiont of Lissoclinum patella. Marine Biology 90: 575-587.",S7 list (p. 163-166),
S7:APHA 1992,"APHA (American Public Health Association, American Water Works Association and Water Pollution Control Federation) (1992) Standard Methods for the Examination of Water and Wastewater. 18th ed. Washington D.C.",S7 list (p. 163-166),
S7:Avendaño-Coletta & Schubert 2005,"Avendaño-Coletta D., Schubert H. (2005) Oxygen evolution and respiration of the cyanobacterium Synechocystis sp. PCC 6803 under two different light regimes applying light/dark intervals in the time scale of minutes. Physiologia Plantarum 125: 381-391.",S7 list (p. 163-166),
S7:Berman-Frank et al. 2001,"Berman-Frank I., Cullen J.T., ShakedY., Sherrell R.M., Falkowski P.G. (2001) Iron availability, cellular iron quotas, and nitrogen fixation in Trichodesmium. Limnology and Oceanography 46: 1249-1260.",S7 list (p. 163-166),
S7:Berry et al. 2003,"Berry S., Bolychevtseva Y.V., Rögner M., Karapetyan N.V. (2003) Photosynthetic and respiratory electron transport in the alkaliphilic cyanobacterium Arthrospira (Spirulina) platensis. Photosynthesis Research 78: 67-76.",S7 list (p. 163-166),
S7:Biggins 1969,Biggins J. (1969) Respiration in blue-green algae. Journal of Bacteriology 99: 570-575.,S7 list (p. 163-166),
S7:Bottomley & van Baalen 1978,"Bottomley P.J., van Baalen C. (1978) Dark hexose metabolism by photoautotrophically and heterotrophically grown cells of the blue- green alga (cyanobacterium) Nostoc sp. strain Mac. Journal of Bacteriology 135: 888-894.",S7 list (p. 163-166),
S7:Bratbak & Dundas 1984,"Bratbak G., Dundas I. (1984) Bacterial dry matter content and biomass estimations. Applied and Environmental Microbiology 48: 755-757.",S7 list (p. 163-166),
S7:Broady & Kibblewhite 1991,"Broady P.A., Kibblewhite A.L. (1991) Morphological characterization of Oscillatoriales (Cyanobacteria) from Ross Island and southern Victoria Land, Antarctica. Antarctic Science 3: 35-45.",S7 list (p. 163-166),
S7:Carpenter & Roenneberg 1995,"Carpenter E.J., Roenneberg T. (1995) The marine planktonic cyanobacterium Trichodesmium spp.: photosynthetic rate measurements in the SW Atlantic Ocean. Marine Ecology Progress Series 118: 267-273.",S7 list (p. 163-166),
S7:Carpenter et al. 2004,"Carpenter E.J., Subramaniam A., Capone D.G. (2004) Biomass and primary productivity of the cyanobacterium Trichodesmium spp.in the tropical N Atlantic ocean. Deep-Sea Research I 51: 173-203.",S7 list (p. 163-166),
S7:Chen et al. 1989,"Chen T.-H., Huang T.-C., Chow T.-J. (1989) Calcium is required for the increase of dark respiration during diurnal nitrogen fixation by Synechococcus RF-1. Plant Science 60: 195-198.",S7 list (p. 163-166),
S7:Ciferri 1983,"Ciferri O. (1983) Spirulina, the edible microorganism. Microbiological Reviews 47: 551-578.",S7 list (p. 163-166),
S7:Cox 1986,Cox G. (1986) Comparison of Prochloron from different hosts I. Structural and ultrastructural characteristics. New Phytologist 104: 429-445.,S7 list (p. 163-166),
S7:Davey 1989,Davey M.C. (1989) The effects of freezing and desiccation on photosynthesis and survival of terrestrial Antarctic algae and cyanobacteria. Polar Biology 10: 29-36.,S7 list (p. 163-166),
S7:de Magalhães et al. 2004,"de Magalhães, Cardoso D., dos Santos C.P., Chaloub R.M. (2004) Physiological and photosynthetic responses of Synechocystis aquatilis f. aquatilis (Cyanophyceae) to elevated levels of zinc. Journal of Phycology 40: 496-504.",S7 list (p. 163-166),
S7:Doolittle & Singer 1974,"Doolittle W.F., Singer R.A. (1974) Mutational analysis of dark endogenous metabolism in the blue-green bacterium Anacystis nidulans. Journal of Bacteriology 119: 677-683.",S7 list (p. 163-166),
S7:Fietz & Nicklisch 2002,"Fietz S., Nicklisch A. (2002) Acclimation of the diatom Stephanodiscus neoastraea and the cyanobacterium Planktothrix agardhii to simulated natural light fluctuations. Photosynthesis Research 72: 95-106.",S7 list (p. 163-166),
S7:Foy & Gibson 1982,"Foy R.H., Gibson C.E. (1982) Photosynthetic characteristics of planktonic blue-green algae: changes in phtotsynthetic capacity and pigmentation of Oscillatoria redekei van Goor under high and low light. British Phycological Journal 17: 183-193.",S7 list (p. 163-166),
S7:Geider & Osborne 1989,"Geider R.J., Osborne B.A. (1989) Respiration and microalgal growth: a review of the quantitative relationship between dark respiration and growth. New Phytologist 112: 327-394.",S7 list (p. 163-166),
S7:Gordillo et al. 1999,"Gordillo F.J.F., Jiménéz C., Figueroa F.L., Niell F.X. (1999) Effects of increased atmospheric CO2 and N supply on photosynthesis, growth and cell composition of the cyanobacterium Spirulina platensis (Arthrospira). Journal of Applied Phycology 10: 461-469.",S7 list (p. 163-166),
S7:Hammouda & El-Sheekh 1994,"Hammouda O.H.E., El-Sheekh M.M. (1994) Response of fresh water phytoplanktonic algae Chlorella kessleri and Synechocystis PCC 6803 to anthelmintic activity of the wild Egyptian plant Calendula micrantha officinalis. Archives of Environmental Contamination and Toxicology 27: 406-409.",S7 list (p. 163-166),
S7:Haury & Spiller 1981,"Haury J.F., Spiller H. (1981) Fructose uptake and influence on growth of and nitrogen fixation by Anabaena variabilis. Journal of Bacteriology 147: 227-235.",S7 list (p. 163-166),
S7:Ingram et al. 1973,"Ingram L.O., Calder J.A., van Baalen C., Plucker F.E., Parker P.L. (1973) Role of reduced exogenous organic compounds in the physiology of the blue-green bacteria (algae): photoheterotrophic growth of a ""heterotrophic"" blue-green bacterium. Journal of Bacteriology 114: 695-700.",S7 list (p. 163-166),
S7:Koenig & Schmidt 1995,"Koenig F., Schmidt M. (1995) Gloeobacter violaceus - investigation of an unusual photosynthetic apparatus. Absence of the long wavelength emission of photosystem I in 77 K fluorescence spectra. Physiologia Plantarum 94: 621-628.",S7 list (p. 163-166),
S7:Kratz & Myers 1955,"Kratz W.A., Myers J. (1955) Photosynthesis and respiration of three blue-green algae. Plant Physiology 30: 275-280.",S7 list (p. 163-166),
S7:LaRoche & Breitbarth 2005,"LaRoche J., Breitbarth E. (2005) Importance of the diazotrophs as a source of new nitrogen in the ocean. Journal of Sea Research 53: 67-91.",S7 list (p. 163-166),
S7:Li & Gao 2004,"Li Y., Gao K. (2004) Photosynthetic physiology and growth as a function of colony size in the cyanobacterium Nostoc sphaeroides. European Journal of Phycology 39: 9-15.",S7 list (p. 163-166),
S7:Otte et al. 1999,"Otte S., Kuenen J.G., Nielsen L.P., Paerl H.W., Zopfi J., Schulz H.N., Teske A., Strotmann B., Gallardo V.A., Jørgensen B.B. (1999) Nitrogen, carbon, and sulfur metabolism in natural Thioploca samples. Applied and Environmental Microbiology 65: 3148-3157.",S7 list (p. 163-166),
S7:Padan et al. 1971,"Padan E., Raboy B., Shilo M. (1971) Endogenous dark respiration of the blue-green alga, Plectonema boryanum. Journal of Bacteriology 106: 45-50.",S7 list (p. 163-166),
S7:Pereira et al. 2005,"Pereira I., Moya M., Reyes G., Kramm V. (2005) A survey of heterocystous nitrogen-fixing cyanobacteria in chilean rice fields. Gayana Botánica 62: 26-32.",S7 list (p. 163-166),
S7:Richardson & Castenholz 1987,"Richardson L.L., Castenholz R.W. (1987) Enhanced survival of the cyanobacterium Oscillatoria terebriformis in darkness under anaerobic conditions. Applied and Environmental Microbiology 53: 2151-2158.",S7 list (p. 163-166),
S7:Romero et al. 1989,"Romero J.M., Lara C., Sivak M.N. (1989) Changes in net O2 exchange induced by inorganic nitrogen in the blue-green alga Anacystis nidulans. Plant Physiology 91: 28-30.",S7 list (p. 163-166),
S7:Rubin et al. 1977,"Rubin P.M., Zetooney E., Mcgowan R.E. (1977) Uptake and utilization of sugar phosphates by Anabaena flos-aquae. Plant Physiology 60: 407-411.",S7 list (p. 163-166),
S7:Scherer et al. 1984,"Scherer S., Ernst A., Chen T.-W. Boger P. (1984) Rewetting of drought-resistant blue-green algae: Time course of water uptake and reappearance of respiration, photosynthesis, and nitrogen fixation. Oecologia 62: 418-423.",S7 list (p. 163-166),
S7:Stal & Moezelaar 1997,"Stal L.J., Moezelaar R. (1997) Fermentation in cyanobacteria. FEMS Microbiology Reviews 21: 179-211.",S7 list (p. 163-166),
S7:Stanier et al. 1971,"Stanier R.Y., Kunisawa R., Mandel M., Cohen-Bazire G. (1971) Purification and properties of unicellular blue-green algae (order Chroococcales). Bacteriological Reviews 35: 171-205. Coleman J.R., Colman B. (1980) Effect of oxygen and temperature on the efficiency of photosynthetic carbon assimilation in two microscopic algae. Plant Physiology 65: 980-983.",S7 list (p. 163-166),
S7:Tang & Vincent 2000,"Tang E.P.Y., Vincent W.F. (2000) Effects of daylength and temperature on the growth and photosynthesis of an Arctic cyanobacterium, Schizothrix calcicola (Oscillatoriaceae). European Journal of Phycology 35: 263-272.",S7 list (p. 163-166),
S7:Tonk et al. 2005,"Tonk L., Visser P.M., Christiansen G., Dittmann E., Snelder E.O.F.M., Wiedner C., Mur L.R., Huisman J. (2005) The microcystin composition of the cyanobacterium Planktothrix agardhii changes toward a more toxic variant with increasing light intensity. Applied and Environmental Microbiology 71: 5177-5181.",S7 list (p. 163-166),
S7:Zubkov et al. 1999,"Zubkov M.V. Fuchs B.M., Eilers H., Burkill P.H., Amann R. (1999) Determination of total protein content of bacterial cells by SYPRO staining and flow cytometry. Applied and Environmental Microbiology 65: 3251-3257.",S7 list (p. 163-166),
S3:Chown et al. 2007,"Chown, S. L. et al. (2007) Scaling of insect metabolic rate is inconsistent with the nutrient supply network model. Funct Ecol 21: 282–290.",Dataset S3 note: the insect table is Chown et al. (2007) Appendix S2 (compilation; the rows route to Chown_etal_2007 at hop 2),
S5:White et al. 2006,"White, C. R., Phillips, N. R. & Seymour, R. S. The scaling and temperature dependence of vertebrate metabolism. Biol. Lett. 2, 125–127 (2006).",Dataset S5 note: Tables S5a (amphibians) and S5b (reptiles) are the per-species minima of White et al. (2006) (compilation),
S5c:FishBase,"Database www.fishbase.org was searched for fish metabolism data, of which only routine and standard values obtained with non-stressed animals were considered. This yielded a total of 6,333 values of mass-specific metabolic rate for 266 species. For each species the minimum value was taken, listed below in Table S5c.","Dataset S5 note: Table S5c, per-species minima of the FishBase metabolism table (database)","database, no DOI: www.fishbase.org as searched in 2008"
S6:McKechnie & Wolf 2004,"McKechnie A.E., Wolf B.O. (2004) The allometry of avian basal metabolic rate: good predictions need good data. Physiological and Biochemical Zoology 77: 502-521.",Dataset S6 note: the MW rows of Table S6a are McKechnie & Wolf (2004) Tables A1 (Reynolds & Lee 1996 compilation) and A2 (compilation),
