"source_label","native_key","raw_citation","raw_doi","n_records","role","parsed_author1","parsed_year","parsed_title","parsed_container","parsed_volume","parsed_pages","doi","bibcite","cite_id","match_status","match_reason","services","title_sim","author_match","year_match","container_match","volume_match","pages_match","openalex_id","is_retracted","editorial_notice","verified_at","tool_version","decided_by","decided_at","year_override","notes","owner_review"
"Smith_2003","11","Martin, P.S. 1984. Prehistoric overkill: The global model. In Quaternary extinctions: a prehistoric revolution (P.S. Martin and R.G. Klein, eds.), pp. 354-403. Tucson, AZ: University of Arizona Press.",,1,"compilation","Martin",1984,"Prehistoric overkill: The global model","Quaternary extinctions: a prehistoric revolution (P.S. Martin and R.G. Klein, eds.), pp. 354-403. Tucson, AZ: University of Arizona Press",,,"10.2307/j.ctv264f91j.24",,,"pending","weak_match","crossref;openalex",1,TRUE,FALSE,TRUE,FALSE,FALSE,"https://openalex.org/W4206436755",FALSE,,"2026-10-06T00:06:14Z","tbmcite 0.1.0",,,,,
"Smith_2003","13","Murray, P. 1984. Extinctions down under: A bestiary of extinct Australian Late Pleistocene Monotremes and Marsupials. In Quaternary extinctions: a prehistoric revolution (P.S. Martin and R.G. Klein, eds.), pp. 600-628. Tucson, AZ: University of Arizona Press.",,1,"compilation","Murray",1984,"Extinctions down under: A bestiary of extinct Australian Late Pleistocene Monotremes and Marsupials","Quaternary extinctions: a prehistoric revolution (P.S. Martin and R.G. Klein, eds.), pp. 600-628. Tucson, AZ: University of Arizona Press",,,"10.2307/j.ctv264f91j.36",,,"pending","weak_match","crossref;openalex",0.826,TRUE,FALSE,TRUE,FALSE,FALSE,"https://openalex.org/W4206788458",FALSE,,"2026-10-06T00:06:14Z","tbmcite 0.1.0",,,,,
"Smith_2003","15","Keast, A., Erk, F.C., and Glass, B. 1972. Evolution, mammals, and southern continents, Albany : State University of New York Press.",,1,"compilation","Keast",1972,"Evolution, mammals, and southern continents, Albany : State University of New York Press",,,,"10.1126/science.180.4086.603",,,"not_found","below_threshold","crossref;openalex",0.5016,FALSE,TRUE,FALSE,FALSE,FALSE,"https://openalex.org/W2999388598",FALSE,,"2026-10-06T00:06:14Z","tbmcite 0.1.0",,,,,
"Smith_2003","25","Kurtén, B. and Anderson, E. 1980. Pleistocene mammals of North America, Columbia, NY : Columbia University Press.",,1,"compilation","Kurten",1980,"Pleistocene mammals of North America, Columbia, NY : Columbia University Press",,,,"10.2307/1380422",,,"not_found","below_threshold","crossref;openalex",0.4894,FALSE,TRUE,FALSE,FALSE,FALSE,"https://openalex.org/W1977527051",FALSE,,"2026-10-06T00:06:14Z","tbmcite 0.1.0",,,,,
"Smith_2003","56","Nowak, R.M. 1999. Walker’s Mammals of the World. Volume 1 and 2. Baltimore: John Hopkins University Press.",,12,"compilation","Nowak",1999,"Walker's Mammals of the World","Volume 1 and 2. Baltimore: John Hopkins University Press",,,"10.1017/s0030605300018810",,,"not_found","below_threshold","crossref;openalex",0.5011,FALSE,FALSE,FALSE,FALSE,FALSE,"https://openalex.org/W2141734742",FALSE,,"2026-10-06T00:06:14Z","tbmcite 0.1.0",,,,,
"Smith_2003","59","Strahan, R. 1995. Mammals of Australia. Washington, D.C.: Smithsonian Institution Press.",,224,"compilation","Strahan",1995,"Mammals of Australia","Washington, D.C.: Smithsonian Institution Press",,,"10.2307/1382547",,,"not_found","below_threshold","crossref;openalex",0.4892,FALSE,TRUE,FALSE,FALSE,FALSE,"https://openalex.org/W2013729425",FALSE,,"2026-10-06T00:06:14Z","tbmcite 0.1.0",,,,,
"Smith_2003","60","Silva, M., and Downing, J.A. 1995. CRC Handbook of Mammalian Body Masses. Boca Raton: CRC Press.",,991,"compilation","Silva",1995,"CRC Handbook of Mammalian Body Masses","Boca Raton: CRC Press",,,"10.1002/food.19960400524",,,"not_found","below_threshold","crossref;openalex",0.4307,FALSE,TRUE,FALSE,FALSE,FALSE,"https://openalex.org/W1993765919",FALSE,,"2026-10-06T00:06:14Z","tbmcite 0.1.0",,,,,
"Smith_2003","61","Marquet, P.A., and Cofre, H. 1999. Large temporal and spatial scales in the structure of mammalian assemblages in South America: a macroecological approach. Oikos, 85:299-309.",,504,"compilation","Marquet",1999,"Large temporal and spatial scales in the structure of mammalian assemblages in South America: a macroecological approach","Oikos","85","299-309","10.2307/3546496",,,"certain","two_service_agreement","crossref;openalex;consensus-mcp",1,TRUE,TRUE,TRUE,TRUE,TRUE,"https://openalex.org/W2328561724",FALSE,,"2026-10-05T21:13:14Z","tbmcite 0.1.0",,,,,
"Smith_2003","63","Kingdon, J. 1982. East African mammals: an atlas of evolution in Africa, Volumes 1-3. Chicago: University of Chicago Press.",,120,"compilation","Kingdon",1982,"East African mammals: an atlas of evolution in Africa, Volumes 1-3. Chicago: University of Chicago Press",,,,"10.1017/s0030605300024984",,,"not_found","below_threshold","crossref;openalex",0.6423,FALSE,TRUE,FALSE,FALSE,FALSE,"https://openalex.org/W2113501978",FALSE,,"2026-10-06T00:06:14Z","tbmcite 0.1.0",,,,,
"Smith_2003","64","Yom Tov, pers. comm.",,6,"measurement","Yom Tov",,"Yom Tov, pers. comm",,,,"10.2307/j.ctv1rmj4g.19",,,"pending","grey_literature","crossref;openalex",0.4982,FALSE,FALSE,FALSE,FALSE,FALSE,"https://openalex.org/W4233200907",FALSE,,"2026-10-06T00:06:14Z","tbmcite 0.1.0",,,,,
"Smith_2003","65","Haltenorth, T. and Diller, H. 1980. A field guide to the mammals of Africa including Madagascar. London: Collins.",,50,"compilation","Haltenorth",1980,"A field guide to the mammals of Africa including Madagascar","London: Collins",,,"10.2307/3800863",,,"not_found","below_threshold","crossref;openalex",0.5275,TRUE,FALSE,FALSE,FALSE,FALSE,"https://openalex.org/W2316582994",FALSE,,"2026-10-06T00:06:14Z","tbmcite 0.1.0",,,,,
"Smith_2003","66","Brown, J.H., and Nicoletto, P.F. 1991. Spatial scaling of species assemblages: body masses of North American land mammals. American Naturalist, 138:1478-1512.",,130,"compilation","Brown",1991,"Spatial scaling of species assemblages: body masses of North American land mammals","American Naturalist","138","1478-1512","10.1086/285297",,,"pending","weak_match","crossref;openalex",0.8584,TRUE,TRUE,TRUE,TRUE,TRUE,"https://openalex.org/W2103425042",FALSE,,"2026-10-06T00:06:14Z","tbmcite 0.1.0",,,,,
"Smith_2003","68","Ernest, S.K.M. Life history characteristics of placental nonvolant mammals. Ecological Archives, in press.",,323,"compilation","Ernest",,"Life history characteristics of placental nonvolant mammals","Ecological Archives, in press",,,"10.1890/02-9002",,,"pending","weak_match","crossref;openalex",1,TRUE,FALSE,FALSE,FALSE,FALSE,"https://openalex.org/W2144600565",FALSE,,"2026-10-06T00:06:14Z","tbmcite 0.1.0",,,,,
"Smith_2003","69","Damuth, J. 1987. Interspecific allometry of population density in mammals and other animals: the independence of body mass and population energy use. Biological Journal of the Linnean Society, 31:193-246.",,1,"compilation","Damuth",1987,"Interspecific allometry of population density in mammals and other animals: the independence of body mass and population energy use","Biological Journal of the Linnean Society","31","193-246","10.1111/j.1095-8312.1987.tb01990.x",,,"certain","two_service_agreement","crossref;openalex;consensus-mcp",1,TRUE,TRUE,TRUE,TRUE,TRUE,"https://openalex.org/W2152454003",FALSE,,"2026-10-05T21:13:14Z","tbmcite 0.1.0",,,,,
"Smith_2003","70","Kingdon, J. 1997. The Kingdon field guide to African Mammals. San Diego: Academic Press.",,175,"compilation","Kingdon",1997,"The Kingdon field guide to African Mammals","San Diego: Academic Press",,,"10.5134/143347",,,"not_found","below_threshold","crossref;openalex",0.6809,FALSE,TRUE,FALSE,FALSE,FALSE,"https://openalex.org/W158214643",FALSE,,"2026-10-06T00:06:14Z","tbmcite 0.1.0",,,,,
"Smith_2003","71","Van den Bergh, M.B. and M. Kappelle. Unpublished manuscript. Diversity and distribution of small terrestrial rodents along a disturbance gradient and montane Costa Rica. (March 2003: http://rbt.ots.ac.cr/revistas/46-2/bergh.htm)",,2,"measurement","Van den Bergh",2003,,,,,"10.15517/rbt.v46i2.19533",,,"pending","grey_literature","crossref;openalex",0,TRUE,FALSE,FALSE,FALSE,FALSE,"https://openalex.org/W2124388277",FALSE,,"2026-10-06T00:06:14Z","tbmcite 0.1.0",,,,,
"Smith_2003","72","Morand, S., Hafner, M.S., Page, R.D.M., and Reed, D.L. 2000. Comparative body size relationships in pocket gophers and their chewing lice. Biological Journal of the Linnean Society, 70:239-249.",,3,"measurement","Morand",2000,"Comparative body size relationships in pocket gophers and their chewing lice","Biological Journal of the Linnean Society","70","239-249","10.1006/bijl.1999.0370",,,"pending","ambiguous","crossref;openalex",1,TRUE,TRUE,TRUE,TRUE,TRUE,"https://openalex.org/W3022006454",FALSE,,"2026-10-06T00:06:14Z","tbmcite 0.1.0",,,,,
"Smith_2003","73","Myers, P. 1995. The animal diversity web. (March 2003; http://animaldiversity.ummz.umich.edu)",,2,"measurement","Myers",1995,"The Animal Diversity Web","(March 2003",,,"10.1525/abt.2013.75.7.9",,,"not_found","below_threshold","crossref;openalex",0.4039,FALSE,FALSE,FALSE,FALSE,FALSE,"https://openalex.org/W1922322394",FALSE,,"2026-10-06T00:06:14Z","tbmcite 0.1.0",,,,"URL: http://animaldiversity.ummz.umich.edu",
"Smith_2003","74","Harvey, P.H. and Cluttonbrock, T.H. 1985. Life-history variation in primates. Evolution, 39:559-581",,19,"compilation","Harvey",1985,"Life-history variation in primates","Evolution","39","559-581","10.1111/j.1558-5646.1985.tb00395.x",,,"pending","ambiguous","crossref;openalex",1,TRUE,TRUE,TRUE,TRUE,TRUE,"https://openalex.org/W2029890178",FALSE,,"2026-10-06T00:06:14Z","tbmcite 0.1.0",,,,,
"Smith_2003","75","Wootten, J.T. 1987. The effects of body-mass, phylogeny, habitat, and trophic level on mammalian age at 1st reproduction. Evolution, 41:732-749.",,48,"compilation","Wootten",1987,"The effects of body-mass, phylogeny, habitat, and trophic level on mammalian age at 1st reproduction","Evolution","41","732-749","10.1111/j.1558-5646.1987.tb05849.x",,,"pending","ambiguous","crossref;openalex",0.9058,FALSE,TRUE,TRUE,TRUE,TRUE,"https://openalex.org/W2314333886",FALSE,,"2026-10-06T00:06:14Z","tbmcite 0.1.0",,,,,
"Smith_2003","76","Jones, J. Knox Jr., and Baldassarre, G.A. 1982. Reithrodontyomys brevirostris and Reithrodontomys paradoxus. Mammalian Species, 192:1-3.",,1,"measurement","Jones",1982,"Reithrodontyomys brevirostris and Reithrodontomys paradoxus","Mammalian Species","192","1-3","10.2307/3503867",,,"pending","weak_match","crossref;openalex",0.8707,TRUE,TRUE,TRUE,FALSE,TRUE,"https://openalex.org/W2317901756",FALSE,,"2026-10-06T00:06:14Z","tbmcite 0.1.0",,,,,
"Smith_2003","77","Jones, J. Knox Jr. 1982. Reithrodontomys spectabilis. Mammalian Species, 192:1.",,1,"measurement","Jones",1982,"Reithrodontomys spectabilis","Mammalian Species","192","1","10.2307/3503774",,,"pending","unscreened","crossref;openalex;none",1,TRUE,TRUE,TRUE,FALSE,TRUE,"https://openalex.org/W4247702732",FALSE,"screening:none (no service answered; stays pending)","2026-10-06T00:06:14Z","tbmcite 0.1.0",,,,"Consensus screen: DOI in neither service (none); screen waived by owner 2026-10-05, DOI re-accepted as doi: decision",
"Smith_2003","78","Palmeirim, J.M. and Hoffmann, R.S. 1983. Galemys pyrenaicus. Mammalian Species, 207:1-5.",,1,"measurement","Palmeirim",1983,"Galemys pyrenaicus","Mammalian Species","207","1-5","10.2307/3503939",,,"pending","unscreened","crossref;openalex;none",1,TRUE,TRUE,TRUE,FALSE,TRUE,"https://openalex.org/W4237900322",FALSE,"screening:none (no service answered; stays pending)","2026-10-06T00:06:14Z","tbmcite 0.1.0",,,,"Consensus screen: DOI in neither service (none); screen waived by owner 2026-10-05, DOI re-accepted as doi: decision",
"Smith_2003","79","Nagorsen, D. 1985. Kogia simus. Mammalian Species, 239:1-6.",,1,"measurement","Nagorsen",1985,"Kogia simus","Mammalian Species","239","1-6","10.2307/3503937",,,"pending","unscreened","crossref;openalex;none",1,TRUE,TRUE,TRUE,FALSE,TRUE,"https://openalex.org/W4245263846",FALSE,"screening:none (no service answered; stays pending)","2026-10-06T00:06:14Z","tbmcite 0.1.0",,,,"Consensus screen: DOI in neither service (none); screen waived by owner 2026-10-05, DOI re-accepted as doi: decision",
"Smith_2003","80","Wang, X. and Hofmann, R.S. 1987. Pseudois nayaur and Pseudois schaeferi. Mammalian Specie,s 278:1-6.",,1,"measurement","Wang",1987,"Pseudois nayaur and Pseudois schaeferi","Mammalian Specie,s","278","1-6","10.2307/3503993",,,"pending","unscreened","crossref;openalex;none",1,TRUE,TRUE,TRUE,FALSE,TRUE,"https://openalex.org/W2330668634",FALSE,"screening:none (no service answered; stays pending)","2026-10-06T00:06:14Z","tbmcite 0.1.0",,,,"Consensus screen: DOI in neither service (none); screen waived by owner 2026-10-05, DOI re-accepted as doi: decision",
"Smith_2003","81","Jones, J. Knox. Jr. 1990. Peromyscus stirtoni. Mammalian Species, 361:1-2.",,1,"measurement","Jones",1990,"Peromyscus stirtoni","Mammalian Species","361","1-2","10.2307/3504308",,,"pending","unscreened","crossref;openalex;none",1,TRUE,TRUE,TRUE,FALSE,TRUE,"https://openalex.org/W4205904465",FALSE,"screening:none (no service answered; stays pending)","2026-10-06T00:06:14Z","tbmcite 0.1.0",,,,"Consensus screen: DOI in neither service (none); screen waived by owner 2026-10-05, DOI re-accepted as doi: decision",
"Smith_2003","82","Youngman, P.M. 1990. Mustela lutreola. Mammalian Species, 362:1-3.",,1,"measurement","Youngman",1990,"Mustela lutreola","Mammalian Species","362","1-3","10.2307/3504269",,,"pending","unscreened","crossref;openalex;none",1,TRUE,TRUE,TRUE,FALSE,TRUE,"https://openalex.org/W4251385514",FALSE,"screening:none (no service answered; stays pending)","2026-10-06T00:06:14Z","tbmcite 0.1.0",,,,"Consensus screen: DOI in neither service (none); screen waived by owner 2026-10-05, DOI re-accepted as doi: decision",
"Smith_2003","83","Baumgardner, G.D. 1991. Dipodomys compactus. Mammalian Species, 369:1-4.",,1,"measurement","Baumgardner",1991,"Dipodomys compactus","Mammalian Species","369","1-4","10.2307/3504093",,,"pending","unscreened","crossref;openalex;none",1,TRUE,TRUE,TRUE,FALSE,TRUE,"https://openalex.org/W4251637924",FALSE,"screening:none (no service answered; stays pending)","2026-10-06T00:06:14Z","tbmcite 0.1.0",,,,"Consensus screen: DOI in neither service (none); screen waived by owner 2026-10-05, DOI re-accepted as doi: decision",
"Smith_2003","84","Best, T.L. and Thomas, H.H. 1991. Dipodomys insularis. Mammalian Species, 374:1-3.",,1,"measurement","Best",1991,"Dipodomys insularis","Mammalian Species","374","1-3","10.1093/mspecies/374.1",,,"pending","unscreened","crossref;openalex;none",1,TRUE,TRUE,TRUE,FALSE,FALSE,"https://openalex.org/W4239443196",FALSE,"screening:none (no service answered; stays pending)","2026-10-06T00:06:14Z","tbmcite 0.1.0",,,,"Consensus screen: DOI in neither service (none); screen waived by owner 2026-10-05, DOI re-accepted as doi: decision",
"Smith_2003","85","Van Rompaey, H. and Colyn, M. 1992. Crossarchus ansorgei. Mammalian Species, 402:1-3",,1,"measurement","Van Rompaey",1992,"Crossarchus ansorgei","Mammalian Species","402","1-3","10.2307/3504101",,,"pending","unscreened","crossref;openalex;none",1,TRUE,TRUE,TRUE,FALSE,TRUE,"https://openalex.org/W4251553033",FALSE,"screening:none (no service answered; stays pending)","2026-10-06T00:06:14Z","tbmcite 0.1.0",,,,"Consensus screen: DOI in neither service (none); screen waived by owner 2026-10-05, DOI re-accepted as doi: decision",
"Smith_2003","86","Best, T.L., Bartig, J.L., and Burt, S.L. 1992. Tamias canipes. Mammalian Species, 411:1-5.",,1,"measurement","Best",1992,"Tamias canipes","Mammalian Species","411","1-5","10.2307/0.411.1",,,"pending","unscreened","crossref;openalex;none",1,TRUE,TRUE,TRUE,FALSE,FALSE,"https://openalex.org/W4237247913",FALSE,"screening:none (no service answered; stays pending)","2026-10-06T00:06:14Z","tbmcite 0.1.0",,,,"Consensus screen: DOI in neither service (none); screen waived by owner 2026-10-05, DOI re-accepted as doi: decision",
"Smith_2003","87","Heath, M.E. 1992. Manis pentadactyla. Mammalian Species, 414:1-6.",,1,"measurement","Heath",1992,"Manis pentadactyla","Mammalian Species","414","1-6","10.2307/3504143",,,"pending","unscreened","crossref;openalex;none",1,TRUE,TRUE,TRUE,FALSE,TRUE,"https://openalex.org/W4250223594",FALSE,"screening:none (no service answered; stays pending)","2026-10-06T00:06:14Z","tbmcite 0.1.0",,,,"Consensus screen: DOI in neither service (none); screen waived by owner 2026-10-05, DOI re-accepted as doi: decision",
"Smith_2003","88","Jefferson, T.A. and Newcomer, M.W. 1993. Lissodelphis borealis. Mammalian Species, 425:1-6",,1,"measurement","Jefferson",1993,"Lissodelphis borealis","Mammalian Species","425","1-6","10.2307/3504154",,,"pending","unscreened","crossref;openalex;none",1,TRUE,TRUE,TRUE,FALSE,TRUE,"https://openalex.org/W4250113587",FALSE,"screening:none (no service answered; stays pending)","2026-10-06T00:06:14Z","tbmcite 0.1.0",,,,"Consensus screen: DOI in neither service (none); screen waived by owner 2026-10-05, DOI re-accepted as doi: decision",
"Smith_2003","89","Best, R.C. and da Silva, V.M.F. 1993. Inia geoffrensis. Mammalian Species, 426:1-8",,1,"measurement","Best",1993,"Inia geoffrensis","Mammalian Species","426","1-8","10.2307/3504090",,,"pending","unscreened","crossref;openalex;none",1,TRUE,TRUE,TRUE,FALSE,TRUE,"https://openalex.org/W3128559977",FALSE,"screening:none (no service answered; stays pending)","2026-10-06T00:06:14Z","tbmcite 0.1.0",,,,"Consensus screen: DOI in neither service (none); screen waived by owner 2026-10-05, DOI re-accepted as doi: decision",
"Smith_2003","90","Burt, S.L. and Best. T.L. 1994. Tamias rufus. Mammalian Species, 460:1-6.",,1,"measurement","Burt",1994,"Tamias rufus","Mammalian Species","460","1-6","10.2307/3504294",,,"pending","unscreened","crossref;openalex;none",1,TRUE,TRUE,TRUE,FALSE,TRUE,"https://openalex.org/W4241647963",FALSE,"screening:none (no service answered; stays pending)","2026-10-06T00:06:14Z","tbmcite 0.1.0",,,,"Consensus screen: DOI in neither service (none); screen waived by owner 2026-10-05, DOI re-accepted as doi: decision",
"Smith_2003","91","Kingswood, S.C. and Blank, D.A. 1996. Gazella subgutturosa. Mammalian Species, 518:1-10.",,1,"measurement","Kingswood",1996,"Gazella subgutturosa","Mammalian Species","518","1-10","10.2307/3504241",,,"pending","unscreened","crossref;openalex;none",1,TRUE,TRUE,TRUE,FALSE,TRUE,"https://openalex.org/W4253133634",FALSE,"screening:none (no service answered; stays pending)","2026-10-06T00:06:14Z","tbmcite 0.1.0",,,,"Consensus screen: DOI in neither service (none); screen waived by owner 2026-10-05, DOI re-accepted as doi: decision",
"Smith_2003","92","Custodio, C.C., Lepiten, M.V. and Heaney, L.R. 1996. Bubalus mindorensis. Mammalian Species, 520:1-5",,1,"measurement","Custodio",1996,"Bubalus mindorensis","Mammalian Species","520","1-5","10.2307/3504276",,,"pending","unscreened","crossref;openalex;none",1,TRUE,TRUE,TRUE,FALSE,TRUE,"https://openalex.org/W4249441087",FALSE,"screening:none (no service answered; stays pending)","2026-10-06T00:06:14Z","tbmcite 0.1.0",,,,"Consensus screen: DOI in neither service (none); screen waived by owner 2026-10-05, DOI re-accepted as doi: decision",
"Smith_2003","93","Newcomer, M.W., Jefferson, T.A., and Brownell, R.L. Jr. 1996. Lissodephis peronii. Mammalian Species, 531:1-5",,1,"measurement","Newcomer",1996,"Lissodephis peronii","Mammalian Species","531","1-5","10.2307/3504326",,,"not_found","below_threshold","crossref;openalex",0.6617,TRUE,TRUE,TRUE,FALSE,TRUE,"https://openalex.org/W4235894116",FALSE,,"2026-10-06T00:06:14Z","tbmcite 0.1.0",,,,,
"Smith_2003","94","Garcia-Perea, R. Ventura, J., Lopez-Fuster, J. and Gisbert, J. 1997. Soxes granarius. Mammalian Species, 554:1-4.",,1,"measurement","Garcia-Perea",1997,"Soxes granarius","Mammalian Species","554","1-4","10.2307/3504323",,,"not_found","below_threshold","crossref;openalex",0.6108,TRUE,TRUE,TRUE,FALSE,TRUE,"https://openalex.org/W4210893633",FALSE,,"2026-10-06T00:06:14Z","tbmcite 0.1.0",,,,,
"Smith_2003","95","Sokolov, V.E. and Lushchekina, A.A. 1997. Procrapa gutterosa. Mammalian Species, 571:1-5",,1,"measurement","Sokolov",1997,"Procrapa gutterosa","Mammalian Species","571","1-5","10.2307/3504329",,,"not_found","below_threshold","crossref;openalex",0.4801,TRUE,TRUE,TRUE,FALSE,TRUE,"https://openalex.org/W4242941844",FALSE,,"2026-10-06T00:06:14Z","tbmcite 0.1.0",,,,,
"Smith_2003","96","Lariviere, S. 1998. Lontra felina. Mammalian Species, 575:1-5",,1,"measurement","Lariviere",1998,"Lontra felina","Mammalian Species","575","1-5","10.2307/3504377",,,"pending","unscreened","crossref;openalex;none",1,TRUE,TRUE,TRUE,FALSE,TRUE,"https://openalex.org/W4250778214",FALSE,"screening:none (no service answered; stays pending)","2026-10-06T00:06:14Z","tbmcite 0.1.0",,,,"Consensus screen: DOI in neither service (none); screen waived by owner 2026-10-05, DOI re-accepted as doi: decision",
"Smith_2003","97","Adam, M.D. and Hayes, J.P. 1998. Arborimus pomo. Mammalian Species, 593:1-5.",,1,"measurement","Adam",1998,"Arborimus pomo","Mammalian Species","593","1-5","10.2307/3504418",,,"pending","unscreened","crossref;openalex;none",1,TRUE,TRUE,TRUE,FALSE,TRUE,"https://openalex.org/W4205593548",FALSE,"screening:none (no service answered; stays pending)","2026-10-06T00:06:14Z","tbmcite 0.1.0",,,,"Consensus screen: DOI in neither service (none); screen waived by owner 2026-10-05, DOI re-accepted as doi: decision",
"Smith_2003","98","Alvarez-Castaneda, S.T. and Yensen, E. 1999. Neotoma bryanti. Mammalian Species, 619:1-3",,1,"measurement","Alvarez-Castaneda",1999,"Neotoma bryanti","Mammalian Species","619","1-3","10.2307/3504345",,,"pending","unscreened","crossref;openalex;none",1,TRUE,TRUE,TRUE,FALSE,TRUE,"https://openalex.org/W4231275337",FALSE,"screening:none (no service answered; stays pending)","2026-10-06T00:06:14Z","tbmcite 0.1.0",,,,"Consensus screen: DOI in neither service (none); screen waived by owner 2026-10-05, DOI re-accepted as doi: decision",
"Smith_2003","99","Norris, C.A. 1999. Phalanger lullulae. Mammalian Species, 620:1-4",,1,"measurement","Norris",1999,"Phalanger lullulae","Mammalian Species","620","1-4","10.2307/3504488",,,"pending","unscreened","crossref;openalex;none",1,TRUE,TRUE,TRUE,FALSE,TRUE,"https://openalex.org/W4239114516",FALSE,"screening:none (no service answered; stays pending)","2026-10-06T00:06:14Z","tbmcite 0.1.0",,,,"Consensus screen: DOI in neither service (none); screen waived by owner 2026-10-05, DOI re-accepted as doi: decision",
"Smith_2003","100","Mead, J.I. and Nadachowski, A. 1999. Alticola stoliczkanus. Mammalian Species, 624:1-4.",,1,"measurement","Mead",1999,"Alticola stoliczkanus","Mammalian Species","624","1-4","10.2307/0.624.1",,,"pending","unscreened","crossref;openalex;none",1,TRUE,TRUE,TRUE,FALSE,FALSE,"https://openalex.org/W4243134771",FALSE,"screening:none (no service answered; stays pending)","2026-10-06T00:06:14Z","tbmcite 0.1.0",,,,"Consensus screen: DOI in neither service (none); screen waived by owner 2026-10-05, DOI re-accepted as doi: decision",
"Smith_2003","101","Storz, J.F. and Wozencraft. W.C. 1999. Melogale moschata. Mammalian Species, 631:1-4",,1,"measurement","Storz",1999,"Melogale moschata","Mammalian Species","631","1-4","10.2307/3504333",,,"pending","unscreened","crossref;openalex;none",1,TRUE,TRUE,TRUE,FALSE,TRUE,"https://openalex.org/W4245099310",FALSE,"screening:none (no service answered; stays pending)","2026-10-06T00:06:14Z","tbmcite 0.1.0",,,,"Consensus screen: DOI in neither service (none); screen waived by owner 2026-10-05, DOI re-accepted as doi: decision",
"Smith_2003","103","McCay, T. S. 2001. Blarina carolinensis. Mammalian Species, 673:1-7.",,1,"measurement","McCay",2001,"Blarina carolinensis","Mammalian Species","673","1-7","10.1644/1545-1410(2001)673<0001:bc>2.0.co;2",,,"pending","ambiguous","crossref;openalex",1,TRUE,TRUE,TRUE,TRUE,TRUE,"https://openalex.org/W4249512671",FALSE,,"2026-10-06T00:06:14Z","tbmcite 0.1.0",,,,,
"Smith_2003","104","Fedosenko, A.K. and Blank, D.A. 2001. Capra sibirica. Mammalian Species, 675:1-13",,1,"measurement","Fedosenko",2001,"Capra sibirica","Mammalian Species","675","1-13","10.1644/1545-1410(2001)675<0001:cs>2.0.co;2",,,"pending","ambiguous","crossref;openalex",1,TRUE,TRUE,TRUE,TRUE,TRUE,"https://openalex.org/W4234468226",FALSE,,"2026-10-06T00:06:14Z","tbmcite 0.1.0",,,,,
"Smith_2003","105","Belcher, R.L. and Lee, T, Jr. 2002. Arctocephalus townsendi. Mammalian Species, 700:1-5.",,1,"measurement","Belcher",2002,"Arctocephalus townsendi","Mammalian Species","700","1-5","10.1644/1545-1410(2002)700<0001:at>2.0.co;2",,,"pending","ambiguous","crossref;openalex",1,TRUE,TRUE,TRUE,TRUE,TRUE,"https://openalex.org/W4237805259",FALSE,,"2026-10-06T00:06:14Z","tbmcite 0.1.0",,,,,
"Smith_2003","106","Stuart, C. and Stuart, T. 1988. Field guide to the mammals of Southern Africa. London: New Holland Publishers.",,16,"compilation","Stuart",1988,"Field guide to the mammals of Southern Africa","London: New Holland Publishers",,,"10.5860/choice.45-3203",,,"pending","weak_match","crossref;openalex",0.9679,FALSE,FALSE,FALSE,FALSE,FALSE,"https://openalex.org/W4234624566",FALSE,,"2026-10-06T00:06:14Z","tbmcite 0.1.0",,,,,
"Smith_2003","107","Dorst, J. 1969. A field guide to the larger mammals of Africa. Boston: Houghton Mifflin Company.",,2,"compilation","Dorst",1969,"A field guide to the larger mammals of Africa","Boston: Houghton Mifflin Company",,,"10.2307/3799805",,,"pending","weak_match","crossref;openalex",1,FALSE,FALSE,FALSE,FALSE,FALSE,"https://openalex.org/W2042666927",FALSE,,"2026-10-06T00:06:14Z","tbmcite 0.1.0",,,,,
"Smith_2003","108","Kingdon, J. 1984. East African mammals. Volume IIA. Insectivores and Bats. Chicago: University of Chicago Press.",,14,"compilation","Kingdon",1984,"East African mammals","Volume IIA. Insectivores and Bats. Chicago: University of Chicago Press",,,"10.1111/j.1365-2028.1983.tb00334.x",,,"not_found","below_threshold","crossref;openalex",0.6892,FALSE,TRUE,FALSE,FALSE,FALSE,"https://openalex.org/W1998568510",FALSE,,"2026-10-06T00:06:14Z","tbmcite 0.1.0",,,,,
"Smith_2003","109","Kingdon, J. 1984. East African mammals. Volume IIB. Hares and Rodents. Chicago: University of Chicago Press.",,3,"compilation","Kingdon",1984,"East African mammals","Volume IIB. Hares and Rodents. Chicago: University of Chicago Press",,,"10.1111/j.1365-2028.1983.tb00334.x",,,"not_found","below_threshold","crossref;openalex",0.6892,FALSE,TRUE,FALSE,FALSE,FALSE,"https://openalex.org/W1998568510",FALSE,,"2026-10-06T00:06:14Z","tbmcite 0.1.0",,,,,
"Smith_2003","110","Flannery, T. 1995. Mammals of the Southwest Pacific and Moluccan Islands. New York: Cornell University Press.",,38,"compilation","Flannery",1995,"Mammals of the Southwest Pacific and Moluccan Islands","New York: Cornell University Press",,,"10.5860/choice.33-2131",,,"pending","weak_match","crossref;openalex",0.7603,FALSE,TRUE,FALSE,FALSE,FALSE,"https://openalex.org/W577068840",FALSE,,"2026-10-06T00:06:14Z","tbmcite 0.1.0",,,,,
"Smith_2003","111","Van Den Brink, F.H. 1968. A field guide to the mammals of Britain and Europe. Boston: Houghton Mifflin Company Boston.",,42,"compilation","Van Den Brink",1968,"A field guide to the mammals of Britain and Europe","Boston: Houghton Mifflin Company Boston",,,"10.2307/1378663",,,"pending","weak_match","crossref;openalex",1,FALSE,TRUE,FALSE,FALSE,FALSE,"https://openalex.org/W2002660849",FALSE,,"2026-10-06T00:06:14Z","tbmcite 0.1.0",,,,,
"Smith_2003","113","Lynch, C.D. 1994. The mammals of Lesotho. Navorsinge: Van Die Nasionale Museum Bloemfontein. (Journal of the National Museum, Bloemfontein) 10:1- 241.",,7,"compilation","Lynch",1994,"The mammals of Lesotho","Navorsinge: Van Die Nasionale Museum Bloemfontein. (Journal of the National Museum, Bloemfontein)","10","1-241","10.1038/188986e0",,,"not_found","below_threshold","crossref;openalex",0.4168,FALSE,FALSE,FALSE,FALSE,FALSE,"https://openalex.org/W4239111798",FALSE,,"2026-10-06T00:06:14Z","tbmcite 0.1.0",,,,,
"Smith_2003","114","Krystufek, Boris. 1991. Sesalci Slovenije. Slovenije: Prirodoslovni muzej Slovenije.",,22,"compilation","Krystufek",1991,"Sesalci Slovenije","Slovenije: Prirodoslovni muzej Slovenije",,,"10.4312/9789612975777",,,"not_found","below_threshold","crossref;openalex",0.4472,FALSE,FALSE,FALSE,FALSE,FALSE,"https://openalex.org/W4410322319",FALSE,,"2026-10-06T00:06:14Z","tbmcite 0.1.0",,,,,
"Smith_2003","115","Prater, S.H. 1971. The book of Indian animals. Bombay Natural History Society. Oxford: Oxford University Press.",,28,"compilation","Prater",1971,"The book of Indian animals","Bombay Natural History Society. Oxford: Oxford University Press",,,"10.1177/001946466600300307",,,"not_found","below_threshold","crossref;openalex",0.3415,FALSE,FALSE,FALSE,FALSE,FALSE,"https://openalex.org/W2047177523",FALSE,,"2026-10-06T00:06:14Z","tbmcite 0.1.0",,,,,
"Smith_2003","116","Kingdon, J. 1982. Ostafrikanische Säugetiere. Frankfurt: Senckenbergische Naturforschende Gesellschaft.",,4,"compilation","Kingdon",1982,"Ostafrikanische Saugetiere","Frankfurt: Senckenbergische Naturforschende Gesellschaft",,,"10.5962/bhl.title.5746",,,"not_found","below_threshold","crossref;openalex",0.2921,FALSE,FALSE,FALSE,FALSE,FALSE,"https://openalex.org/W2494709582",FALSE,,"2026-10-06T00:06:14Z","tbmcite 0.1.0",,,,,
"Smith_2003","117","Roberts, T.J. 1977. The mammals of Pakistan. London: Ernest Benn Limited",,34,"compilation","Roberts",1977,"The mammals of Pakistan","London: Ernest Benn Limited",,,"10.1016/0305-4403(78)90065-1",,,"pending","weak_match","crossref;openalex",1,FALSE,TRUE,FALSE,FALSE,FALSE,"https://openalex.org/W2314572614",FALSE,,"2026-10-06T00:06:14Z","tbmcite 0.1.0",,,,,
"Smith_2003","118","Payne, J., Frances, C.M., and Phillipps, K. 1985. A field guide to the mammals of Borneo. Kuala Lumpur: The Sabah Society with World Wildlife Fund Malaysia.",,80,"compilation","Payne",1985,"A field guide to the mammals of Borneo","Kuala Lumpur: The Sabah Society with World Wildlife Fund Malaysia",,,"10.1017/s0266467400001851",,,"not_found","below_threshold","crossref;openalex",0.3637,FALSE,FALSE,FALSE,FALSE,FALSE,"https://openalex.org/W2152048402",FALSE,,"2026-10-06T00:06:14Z","tbmcite 0.1.0",,,,,
"Smith_2003","119","Harrison, J. 1966. An introduction to the mammals of Singapore and Malaya. Malayan Nature Society. Singapore: Tien Wah Press.",,71,"compilation","Harrison",1966,"An introduction to the mammals of Singapore and Malaya","Malayan Nature Society. Singapore: Tien Wah Press",,,"10.1086/407439",,,"pending","weak_match","crossref;openalex",0.7771,FALSE,FALSE,FALSE,FALSE,FALSE,"https://openalex.org/W2518090731",FALSE,,"2026-10-06T00:06:14Z","tbmcite 0.1.0",,,,,
"Smith_2003","120","Marshall, P. 1967. Wild mammals of Hong Kong. Oxford: Oxford University Press.",,11,"compilation","Marshall",1967,"Wild mammals of Hong Kong","Oxford: Oxford University Press",,,"10.1017/s0026749x00001621",,,"not_found","below_threshold","crossref;openalex",0.3263,FALSE,TRUE,FALSE,FALSE,FALSE,"https://openalex.org/W1971331311",FALSE,,"2026-10-06T00:06:14Z","tbmcite 0.1.0",,,,,
"Smith_2003","121","Heaney, L.R., Balete, D.S., Rickart, E.A., Utzurrum, R.C.B., and Gonzales, P.C. 1999. Mammalian diversity on Mount Isarog, a threatened center of endemism of souther Luzon Island, Philippines. Fieldiana, 95: 1-62.",,11,"measurement","Heaney",1999,"Mammalian diversity on Mount Isarog, a threatened center of endemism of souther Luzon Island, Philippines","Fieldiana","95","1-62","10.5962/bhl.title.3369",,,"pending","weak_match","crossref;openalex",0.7581,TRUE,TRUE,TRUE,FALSE,FALSE,"https://openalex.org/W2493265131",FALSE,,"2026-10-06T00:06:14Z","tbmcite 0.1.0",,,,,
"Smith_2003","122","Rickart, E.A., Heaney, L.R., Heideman, P.D., Utzurrum, R.C.B. 1993. The distribution and ecology of mammals on Leyte, Biliran, and Maripipi Islands, Philippines. Fieldiana, 72:1-62.",,24,"measurement","Rickart",1993,"The distribution and ecology of mammals on Leyte, Biliran, and Maripipi Islands, Philippines","Fieldiana","72","1-62","10.5962/bhl.title.3152",,,"certain","two_service_agreement","crossref;openalex;consensus-mcp",1,TRUE,TRUE,TRUE,TRUE,TRUE,"https://openalex.org/W2253238820",FALSE,,"2026-10-05T21:13:14Z","tbmcite 0.1.0",,,,,
"Smith_2003","123","Shukor, M.N. 1996. The mammalian fauna on the islands at the northern tip of Sabah, Borneo. Fieldiana, 83:1-51.",,14,"measurement","Shukor",1996,"The mammalian fauna on the islands at the northern tip of Sabah, Borneo","Fieldiana","83","1-51","10.5962/bhl.title.5582",,,"pending","weak_match","crossref;openalex",0.8333,TRUE,TRUE,TRUE,FALSE,FALSE,"https://openalex.org/W2582921791",FALSE,,"2026-10-06T00:06:14Z","tbmcite 0.1.0",,,,,
"Smith_2003","124","Stanley, W.T., Goodman, S.M., and Hutterer, R. 1996. Notes on the insectivores and elephant shrews of the Chome Forest, South Pare Mountains, Tanzania (Mammalia: Insectivora et Macroscelidea). Zoologische Abhandlungen: Staatliches Museum fur Tierkunde Dresden, 49:131-147.",,1,"measurement","Stanley",1996,"Notes on the insectivores and elephant shrews of the Chome Forest, South Pare Mountains, Tanzania (Mammalia: Insectivora et Macroscelidea)","Zoologische Abhandlungen: Staatliches Museum fur Tierkunde Dresden","49","131-147","10.1515/9783112652985-001",,,"not_found","below_threshold","crossref;openalex",0.3099,FALSE,FALSE,FALSE,FALSE,FALSE,"https://openalex.org/W4297885331",FALSE,,"2026-10-06T00:06:14Z","tbmcite 0.1.0",,,,,
"Smith_2003","125","Stanley, W.T., Goodman, S.M., and Kihaule, P.M. 1998. Results of two surveys of rodents in the Chome Forest Reserve, South Pare Mountains, Tanzania (Mammalia: Rodentia). Zoologische Abhandlungen: Staatliches Museum fur Tierkunde Dresden, 50:145-160.",,11,"measurement","Stanley",1998,"Results of two surveys of rodents in the Chome Forest Reserve, South Pare Mountains, Tanzania (Mammalia: Rodentia)","Zoologische Abhandlungen: Staatliches Museum fur Tierkunde Dresden","50","145-160","10.1515/9783112652985-001",,,"not_found","below_threshold","crossref;openalex",0.3133,FALSE,FALSE,FALSE,FALSE,FALSE,"https://openalex.org/W4297885331",FALSE,,"2026-10-06T00:06:14Z","tbmcite 0.1.0",,,,,
"Smith_2003","126","Stanley, W.T. and Hutterer, R. 2000. A new species of Myosorex Gray, 1832 (Mammalia: Soricidae) from the Eastern Arc mountains, Tanzania. Bonner Zoologische Beiträge, 49:19-29.",,1,"measurement","Stanley",2000,"A new species of Myosorex Gray, 1832 (Mammalia: Soricidae) from the Eastern Arc mountains, Tanzania","Bonner Zoologische Beitrage","49","19-29","10.1017/s0952836904006314",,,"not_found","below_threshold","crossref;openalex",0.6214,TRUE,FALSE,FALSE,FALSE,FALSE,"https://openalex.org/W1991533911",FALSE,,"2026-10-06T00:06:14Z","tbmcite 0.1.0",,,,,
"Smith_2003","127","Stanley, W.T., Goodman, S.M., Kihaule, P.M., and Howell, K.M. 2000. A survey of the small mammals of the Gonja forest reserve, Tanzania. Journal of East African Natural History, 89:73-83",,1,"measurement","Stanley",2000,"A survey of the small mammals of the Gonja forest reserve, Tanzania","Journal of East African Natural History","89","73-83","10.2982/0012-8317(2000)89[73:asotsm]2.0.co;2",,,"certain","two_service_agreement","crossref;openalex;consensus-mcp",1,TRUE,TRUE,TRUE,TRUE,TRUE,"https://openalex.org/W2006608103",FALSE,,"2026-10-05T21:13:14Z","tbmcite 0.1.0",,,,,
"Smith_2003","128","Osborn, D.J., and Helmy, I. 1980. The contemporary land mammals of Egypt (including Sinai). Fieldiana, 5:1-579.",,22,"compilation","Osborn",1980,"The contemporary land mammals of Egypt (including Sinai)","Fieldiana","5","1-579","10.5962/bhl.title.2801",,,"pending","weak_match","crossref;openalex",1,TRUE,TRUE,FALSE,FALSE,FALSE,"https://openalex.org/W1565958065",FALSE,,"2026-10-06T00:06:14Z","tbmcite 0.1.0",,,,,
"Smith_2003","129","Smithers, R.H.N. 1983. The mammals of the southern African subregion. Pretoria: University of Pretoria Press.",,28,"compilation","Smithers",1983,"The mammals of the southern African subregion","Pretoria: University of Pretoria Press",,,"10.1017/s0030605300019888",,,"not_found","below_threshold","crossref;openalex",0.5375,FALSE,FALSE,FALSE,FALSE,FALSE,"https://openalex.org/W2064810746",FALSE,,"2026-10-06T00:06:14Z","tbmcite 0.1.0",,,,,
"Smith_2003","130","Happold, D.C.D. 1987. The mammals of Nigeria. Oxford: Clarendon Press.",,67,"compilation","Happold",1987,"The mammals of Nigeria","Oxford: Clarendon Press",,,"10.1016/0006-3207(87)90094-2",,,"pending","ambiguous","crossref;openalex",1,FALSE,TRUE,FALSE,FALSE,FALSE,"https://openalex.org/W2317610202",FALSE,,"2026-10-06T00:06:14Z","tbmcite 0.1.0",,,,,
"Smith_2003","131","Pocock, R.I. 1941. The fauna of British India, including Ceylon and Burma. Mammalia. Volume II. Carnivora. London: Taylor and Francis, Ltd.",,17,"compilation","Pocock",1941,"The fauna of British India, including Ceylon and Burma","Mammalia. Volume II. Carnivora. London: Taylor and Francis, Ltd",,,"10.5962/bhl.title.100742",,,"pending","ambiguous","crossref;openalex",1,FALSE,FALSE,TRUE,FALSE,FALSE,"https://openalex.org/W4244977614",FALSE,,"2026-10-06T00:06:14Z","tbmcite 0.1.0",,,,,
"Smith_2003","132","Phillips, W.W.A. 1935. Manual of the mammals of Ceylon. London: Dulau and Company, Ltd.",,36,"compilation","Phillips",1935,"Manual of the mammals of Ceylon","London: Dulau and Company, Ltd",,,"10.1038/137968a0",,,"pending","weak_match","crossref;openalex",1,FALSE,TRUE,FALSE,FALSE,FALSE,"https://openalex.org/W4245026697",FALSE,,"2026-10-06T00:06:14Z","tbmcite 0.1.0",,,,,
"Smith_2003","133","Blandford, W.T. 1891. The fauna of British India, including Ceylon and Burma. London: Taylor and Francis, Ltd.",,28,"compilation","Blandford",1891,"The fauna of British India, including Ceylon and Burma","London: Taylor and Francis, Ltd",,,"10.5962/bhl.title.100742",,,"pending","ambiguous","crossref;openalex",1,FALSE,FALSE,TRUE,FALSE,FALSE,"https://openalex.org/W4244977614",FALSE,,"2026-10-06T00:06:14Z","tbmcite 0.1.0",,,,,
"Smith_2003","134","MacDonald, D.W., Barrett, P. McDonald, D. 1993. Mammals of Britain and Europe. London: Harper and Collins.",,35,"compilation","MacDonald",1993,"Mammals of Britain and Europe","London: Harper and Collins",,,"10.1017/s0030605300006700",,,"not_found","below_threshold","crossref;openalex",0.4419,FALSE,FALSE,FALSE,FALSE,FALSE,"https://openalex.org/W2140744444",FALSE,,"2026-10-06T00:06:14Z","tbmcite 0.1.0",,,,,
"Smith_2003","135","Delany, M.J. 1975. The Rodents of Uganda. British Museum of Natural History Publication No. 764, Kettering: Staples Printers Ltd.",,27,"compilation","Delany",1975,"The Rodents of Uganda","British Museum of Natural History Publication No. 764, Kettering: Staples Printers Ltd",,,"10.5962/bhl.part.16753",,,"not_found","below_threshold","crossref;openalex",0.3753,TRUE,FALSE,FALSE,FALSE,FALSE,"https://openalex.org/W2290693221",FALSE,,"2026-10-06T00:06:14Z","tbmcite 0.1.0",,,,,
"Smith_2003","136","1990. Grzimek's Encylopedia of Mammals, Volume 5. New York: Mcgraw Hill.",,11,"compilation","Grzimek",1990,"Grzimek's Encylopedia of Mammals, Volume 5. New York: Mcgraw Hill",,,,"10.1002/sce.3730240746",,,"not_found","below_threshold","crossref;openalex",0.4221,FALSE,FALSE,FALSE,FALSE,FALSE,"https://openalex.org/W2049426691",FALSE,,"2026-10-06T00:06:14Z","tbmcite 0.1.0",,,,,
"Smith_2003","137","1990. Grzimek's Encylopedia of Mammals, Volume 4. New York: Mcgraw Hill.",,20,"compilation","Grzimek",1990,"Grzimek's Encylopedia of Mammals, Volume 4. New York: Mcgraw Hill",,,,"10.1002/sce.3730240746",,,"not_found","below_threshold","crossref;openalex",0.4267,FALSE,FALSE,FALSE,FALSE,FALSE,"https://openalex.org/W2049426691",FALSE,,"2026-10-06T00:06:14Z","tbmcite 0.1.0",,,,,
"Smith_2003","138","1990. Grzimek's Encylopedia of Mammals, Volume 3. New York: Mcgraw Hill.",,8,"compilation","Grzimek",1990,"Grzimek's Encylopedia of Mammals, Volume 3. New York: Mcgraw Hill",,,,"10.1002/sce.3730240746",,,"not_found","below_threshold","crossref;openalex",0.4543,FALSE,FALSE,FALSE,FALSE,FALSE,"https://openalex.org/W2049426691",FALSE,,"2026-10-06T00:06:14Z","tbmcite 0.1.0",,,,,
"Smith_2003","139","1990. Grzimek's Encylopedia of Mammals, Volume 2. New York: Mcgraw Hill.",,7,"compilation","Grzimek",1990,"Grzimek's Encylopedia of Mammals, Volume 2. New York: Mcgraw Hill",,,,"10.1002/sce.3730240746",,,"not_found","below_threshold","crossref;openalex",0.4221,FALSE,FALSE,FALSE,FALSE,FALSE,"https://openalex.org/W2049426691",FALSE,,"2026-10-06T00:06:14Z","tbmcite 0.1.0",,,,,
"Smith_2003","140","1990. Grzimek's Encylopedia of Mammals, Volume 1. New York: Mcgraw Hill.",,15,"compilation","Grzimek",1990,"Grzimek's Encylopedia of Mammals, Volume 1. New York: Mcgraw Hill",,,,"10.1002/sce.3730240746",,,"not_found","below_threshold","crossref;openalex",0.4267,FALSE,FALSE,FALSE,FALSE,FALSE,"https://openalex.org/W2049426691",FALSE,,"2026-10-06T00:06:14Z","tbmcite 0.1.0",,,,,
"Smith_2003","141","Macdonald, D. 1985. The Encyclopedia of Mammals. New York: Facts on File Publications.",,18,"compilation","Macdonald",1985,"The Encyclopedia of Mammals","New York: Facts on File Publications",,,"10.1093/acref/9780199206087.001.0001/acref-9780199206087",,,"pending","weak_match","crossref;openalex",1,TRUE,TRUE,FALSE,FALSE,FALSE,"https://openalex.org/W1597281812",FALSE,,"2026-10-06T00:06:14Z","tbmcite 0.1.0",,,,,
"Smith_2003","142","Medway, L. 1969. The wild mammals of Malaya and offshore islands including Singapore. London: Oxford University Press.",,11,"compilation","Medway",1969,"The wild mammals of Malaya and offshore islands including Singapore","London: Oxford University Press",,,"10.2307/3346",,,"pending","ambiguous","crossref;openalex",1,FALSE,FALSE,FALSE,FALSE,FALSE,"https://openalex.org/W2331135433",FALSE,,"2026-10-06T00:06:14Z","tbmcite 0.1.0",,,,,
"Smith_2003","144","Thai Society for the Conservation of Wild Animals. 2002. (March 2003; http://www.tscwa.org/wildlife/rare_or_extinct_09.html)",,2,"measurement","Thai Society for the Conservation of Wild Animals",2002,"Rare or extinct wildlife (web page)",,,,"10.1002/9781444317688.ch14",,,"not_found","below_threshold","crossref;openalex",0.351,FALSE,FALSE,FALSE,FALSE,FALSE,"https://openalex.org/W1608227875",FALSE,,"2026-10-06T00:06:14Z","tbmcite 0.1.0",,,,"URL: http://www.tscwa.org/wildlife/rare_or_extinct_09.html",
"Smith_2003","146","Woodland Park Zoo, Seattle, WA. 2002. Woodland Park Zoo – Animal fact sheets. (March 2003; http://www.zoo.org/educate/fact_sheets).",,1,"measurement","Woodland Park Zoo",2002,"Woodland Park Zoo animal fact sheets","(March 2003",,,"10.2307/jj.41379811.5",,,"not_found","below_threshold","crossref;openalex",0.6972,FALSE,FALSE,FALSE,FALSE,FALSE,"https://openalex.org/W7160106061",FALSE,,"2026-10-06T00:06:14Z","tbmcite 0.1.0",,,,"URL: http://www.zoo.org/educate/fact_sheets",
"Smith_2003","147","Whitehead, K.G. 1993. The Whitehead Encyclopedia of Deer. Stillwater: Voyageur Press, Inc.",,2,"compilation","Whitehead",1993,"The Whitehead Encyclopedia of Deer","Stillwater: Voyageur Press, Inc",,,"10.3366/edinburgh/9781474429566.003.0002",,,"not_found","below_threshold","crossref;openalex",0.4527,FALSE,FALSE,FALSE,FALSE,FALSE,"https://openalex.org/W2804843265",FALSE,,"2026-10-06T00:06:14Z","tbmcite 0.1.0",,,,,
"Smith_2003","148","Kappeler, P.M., and Pereira, M.A., eds. 2003. Primate life histories and socioecology. Chicago: University of Chicago Press.",,16,"compilation","Kappeler",2003,"Primate life histories and socioecology","Chicago: University of Chicago Press",,,"10.1046/j.1439-0310.2003.00950.x",,,"pending","ambiguous","crossref;openalex",1,FALSE,TRUE,FALSE,FALSE,FALSE,"https://openalex.org/W1997840308",FALSE,,"2026-10-06T00:06:14Z","tbmcite 0.1.0",,,,,
"Smith_2003","150","Garbutt, M. 1999. Mammals of Madagascar. New Haven: Yale University Press.",,44,"compilation","Garbutt",1999,"Mammals of Madagascar","New Haven: Yale University Press",,,"10.5281/zenodo.13501287",,,"pending","ambiguous","crossref;openalex",1,TRUE,TRUE,FALSE,FALSE,FALSE,"https://openalex.org/W1496536234",FALSE,,"2026-10-06T00:06:14Z","tbmcite 0.1.0",,,,,
"Smith_2003","151","Flannery, T. 1995. Mammals of New Guinea: Ithaca: Cornell Unversity Press.",,119,"compilation","Flannery",1995,"Mammals of New Guinea: Ithaca: Cornell Unversity Press",,,,"10.7202/020996ar",,,"not_found","below_threshold","crossref;openalex",0.4446,FALSE,FALSE,FALSE,FALSE,FALSE,"https://openalex.org/W643988909",FALSE,,"2026-10-06T00:06:14Z","tbmcite 0.1.0",,,,,
"Smith_2003","152","Verts, B.J., and Carraway, L.N. 1998. Land mammals of Oregon. Berkeley: University of California Press.",,2,"measurement","Verts",1998,"Land mammals of Oregon","Berkeley: University of California Press",,,"10.5860/choice.36-2177",,,"pending","ambiguous","crossref;openalex",1,FALSE,TRUE,FALSE,FALSE,FALSE,"https://openalex.org/W2076744214",FALSE,,"2026-10-06T00:06:14Z","tbmcite 0.1.0",,,,,
"Smith_2003","153","Jones, K.E., Purvis, A., and Gittleman, J.L. 2003. Biological correlates of extinction risk in bats. American Naturalist, 161:601-614.",,1000,"compilation","Jones",2003,"Biological correlates of extinction risk in bats","American Naturalist","161","601-614","10.1086/368289",,,"certain","two_service_agreement","crossref;openalex;consensus-mcp",1,TRUE,TRUE,TRUE,TRUE,TRUE,"https://openalex.org/W2049807903",FALSE,,"2026-10-05T21:13:14Z","tbmcite 0.1.0",,,,,
"Smith_2003","154","Link Olson, 2002. in litt.",,19,"measurement","Link Olson",2002,"in litt",,,,"10.56373/2003-02-16",,,"not_found","below_threshold","crossref;openalex",0.4262,FALSE,TRUE,FALSE,FALSE,FALSE,"https://openalex.org/W4296664836",FALSE,,"2026-10-06T00:06:14Z","tbmcite 0.1.0",,,,,
"Smith_2003","161","Wilson, D. E. and Ruff, S. 1999. The Smithsonian book of North American mammals. Washington, D.C.: Smithsonian Institution Press.",,15,"compilation","Wilson",1999,"The Smithsonian book of North American mammals","Washington, D.C.: Smithsonian Institution Press",,,"10.1644/1545-1542(2000)081<0621:br>2.0.co;2",,,"pending","weak_match","crossref;openalex",1,FALSE,TRUE,FALSE,FALSE,FALSE,"https://openalex.org/W588847606",FALSE,,"2026-10-06T00:06:14Z","tbmcite 0.1.0",,,,,
"Smith_2003","162","Smithers, R. H. N. 1971. The mammals of Botswana. Museum Memoir No. 4, The Trustees of the national Museums of Rodesia. Printed by Mardon Printers Ltd., Salisbury Rhodesia. 340pp.",,1,"compilation","Smithers",1971,"The mammals of Botswana","Museum Memoir No. 4, The Trustees of the national Museums of Rodesia. Printed by Mardon Printers Ltd., Salisbury Rhodesia",,,"10.1017/s0030605300010474",,,"pending","grey_literature","crossref;openalex",0.468,FALSE,TRUE,FALSE,FALSE,FALSE,"https://openalex.org/W2106977798",FALSE,,"2026-10-06T00:06:14Z","tbmcite 0.1.0",,,,,
"Smith_2003","163","Hutterer, R. and Happold, D. C. D. 1983. The shrews of Nigeria (Mammalia: Soricidae). Bonner Zoologische Monographien, Nr. 18. Zoologisches Forschungsinstitut Und Museum Alexander Koenig, Bonn. 79pp.",,10,"compilation","Hutterer",1983,"The shrews of Nigeria (Mammalia: Soricidae)","Bonner Zoologische Monographien, Nr. 18. Zoologisches Forschungsinstitut Und Museum Alexander Koenig, Bonn",,,"10.5281/zenodo.16241179",,,"pending","weak_match","crossref;openalex",1,TRUE,TRUE,FALSE,FALSE,FALSE,"https://openalex.org/W2951459107",FALSE,,"2026-10-06T00:06:14Z","tbmcite 0.1.0",,,,,
"Smith_2003","164","Davies, Glyn, Matt Heydon, Nigel Leader-Williams, John MacKinnon, and Helen Newing. 2001. The effects of logging on forest ungulates. Ch. 5 (www.earthscape.org/r3/ES14447/fimb_ch5.pdf ) pg. 93-124 in: The Cutting Edge: Conserving Wildlife in Logged Tropical Forests (Robert A. Fimbel, John G. Robinson, Alejandro eds. Grajal, eds.). Columbia university press.",,1,"measurement","Davies",2001,"The effects of logging on forest ungulates","Ch. 5 (www.earthscape.org/r3/ES14447/fimb_ch5.pdf ) pg. 93-124 in: The Cutting Edge: Conserving Wildlife in Logged Tropical Forests (Robert A. Fimbel, John G. Robinson, Alejandro eds. Grajal, eds.). Columbia university press",,,"10.7312/fimb11454-009",,,"pending","weak_match","crossref;openalex",0.7273,TRUE,TRUE,TRUE,FALSE,FALSE,"https://openalex.org/W2274426960",FALSE,,"2026-10-06T00:06:14Z","tbmcite 0.1.0",,,,,
"Smith_2003","165","Brook, B. W., and M. J. S. Bowman. 2004. The uncertain blitzkrieg of Pleistocene megafauna. Journal of Biogeography 31:517-523.",,7,"measurement","Brook",2004,"The uncertain blitzkrieg of Pleistocene megafauna","Journal of Biogeography","31","517-523","10.1046/j.1365-2699.2003.01028.x",,,"certain","two_service_agreement","crossref;openalex;consensus-mcp",1,TRUE,TRUE,TRUE,TRUE,TRUE,"https://openalex.org/W1483600372",FALSE,,"2026-10-05T21:13:14Z","tbmcite 0.1.0",,,,,
"Smith_2003","166","Daniel, M. J. 1990. New Zealand long-tailed bat. Pp. 117-122 IN: The handbook of New Zealand Mammals (C. M. King, ed.). Oxford University Press, Oxford. 600pp.",,1,"compilation","Daniel",1990,"New Zealand long-tailed bat","Pp. 117-122 IN: The handbook of New Zealand Mammals (C. M. King, ed.). Oxford University Press, Oxford",,,"10.1080/03014223.2001.9517638",,,"not_found","below_threshold","crossref;openalex",0.5961,FALSE,FALSE,FALSE,FALSE,FALSE,"https://openalex.org/W1979181807",FALSE,,"2026-10-06T00:06:14Z","tbmcite 0.1.0",,,,,
"Smith_2003","167","Zhang, Y., Zhang, Z., and Liu, J. 2003. Burrowing rodents as ecosystem engineers: the ecology and management of plateau zokors Myospalax fontanierii in alpine meadow ecosystems on the Tibetan Plateau. Mammal Rev . Volume 33, No. 3, 284–294.",,1,"measurement","Zhang",2003,"Burrowing rodents as ecosystem engineers: the ecology and management of plateau zokors Myospalax fontanierii in alpine meadow ecosystems on the Tibetan Plateau","Mammal Rev . Volume 33, No","3","284-294","10.1046/j.1365-2907.2003.00020.x",,,"certain","two_service_agreement","crossref;openalex;consensus-mcp",1,TRUE,TRUE,TRUE,FALSE,TRUE,"https://openalex.org/W2166785277",FALSE,,"2026-10-05T21:13:14Z","tbmcite 0.1.0",,,,,
"Smith_2003","168","GOMBOBAATAR S, SUMIYA D., SAMIYA R., BAYARLKHAGVA D. Current research and future trends of cooperative raptor research between Mongolia and Korea. 2003 Symposium on Cooperation between Korea and Mongolia for Wildlife Conservation.",,1,"measurement","Gombobaatar",2003,"Symposium on Cooperation between Korea and Mongolia for Wildlife Conservation",,,,"10.5564/jis.v45i114.1892",,,"not_found","below_threshold","crossref;openalex",0.5699,FALSE,FALSE,FALSE,FALSE,FALSE,"https://openalex.org/W4283812795",FALSE,,"2026-10-06T00:06:14Z","tbmcite 0.1.0",,,,,
"Smith_2003","169","Nechay, Gabor. 2000. Status of Hamsters: Cricetus cricetus, Cricetus migratorius, Mesocricetus Newtoni and other hamster species in Europe Nature and Environment Series, No. 106 pp. 1-73.",,1,"measurement","Nechay",2000,"Status of Hamsters: Cricetus cricetus, Cricetus migratorius, Mesocricetus Newtoni and other hamster species in Europe Nature and Environment Series, No","106 pp. 1-73",,,"10.1159/000130745",,,"not_found","below_threshold","crossref;openalex",0.4784,FALSE,FALSE,FALSE,FALSE,FALSE,"https://openalex.org/W2072729853",FALSE,,"2026-10-06T00:06:14Z","tbmcite 0.1.0",,,,,
"Smith_2003","170","Liu, J.S., Wang, D.H., Sun, R.Y. Metabolism and thermoregulation in striped hamsters(Cricetulus barabensis)from the Northeast of China. Acta Zoologica Sinica, Aug. 2003, 49(4):451 - 457",,1,"measurement","Liu",2003,,,"49","451-457","10.1016/s0306-4565(03)00051-2",,,"not_found","below_threshold","crossref;openalex",0,FALSE,TRUE,FALSE,FALSE,FALSE,"https://openalex.org/W2072113373",FALSE,,"2026-10-06T00:06:14Z","tbmcite 0.1.0",,,,,
"Smith_2003","171","Koh, H.S., Chun, T.Y., Yoo, H.S., Zhang, Y.P., Wang, J., Zhang, M., and Wu, C.H. 2001. Mitochondrial Cytochrome b Gene Sequence Diversity in the Korean Hare, Lepus coreanus Thomas (Mammalia, Lagomorpha) Biochemical Genetics 39 (11-12): 417-429, December 2001",,1,"measurement","Koh",2001,"Mitochondrial Cytochrome b Gene Sequence Diversity in the Korean Hare, Lepus coreanus Thomas (Mammalia, Lagomorpha) Biochemical Genetics 39 (11-12): 417-429, December 2001",,,,"10.1023/a:1013815720609",,,"pending","weak_match","crossref;openalex",0.7636,TRUE,TRUE,FALSE,FALSE,FALSE,"https://openalex.org/W1522237414",FALSE,,"2026-10-06T00:06:14Z","tbmcite 0.1.0",,,,,
"Smith_2003","172","Christiane Mauget, Robert Mauget, and Antoine Sempéré. 1999. Energy expenditure in European roe deer fawns during the suckling period and its relationship with maternal reproductive cost. Can. J. Zool. 77: 389–396.",,1,"measurement","Christiane Mauget",1999,"Energy expenditure in European roe deer fawns during the suckling period and its relationship with maternal reproductive cost","Can. J. Zool","77","389-396","10.1139/z98-230",,,"pending","ambiguous","crossref;openalex",1,TRUE,TRUE,TRUE,TRUE,TRUE,"https://openalex.org/W1981326458",FALSE,,"2026-10-06T00:06:14Z","tbmcite 0.1.0",,,,,
"Smith_2003","173","JUN SHENG LI, YAN LING SONG* and ZHI GAO ZENG . 2003. Elevational gradients of small mammal diversity on the northern slopes of Mt. Qilian, China Global Ecology & Biogeography (2003) 12 , 449–460",,15,"measurement","Sheng",2003,"Elevational gradients of small mammal diversity on the northern slopes of Mt","Qilian, China Global Ecology & Biogeography (2003)","12","449-460","10.1046/j.1466-822x.2003.00052.x",,,"pending","weak_match","crossref;openalex",0.8854,FALSE,TRUE,TRUE,TRUE,TRUE,"https://openalex.org/W2118697020",FALSE,,"2026-10-06T00:06:14Z","tbmcite 0.1.0",,,,,
"Smith_2003","174","www.iiasa.ac.at/~sendzim/MammalDataSets/ Trop%20Wet%20Forest%20Mamm.xls - Supplemental Result",,4,"compilation","Sendzimir",,"www.iiasa.ac.at/~sendzim/MammalDataSets/ Trop%20Wet%20Forest%20Mamm.xls - Supplemental Result","IIASA mammal data sets (www.iiasa.ac.at/~sendzim/MammalDataSets/)",,,"10.1007/978-1-4757-2135-5_18",,,"not_found","below_threshold","crossref;openalex",0.3104,FALSE,FALSE,FALSE,FALSE,FALSE,"https://openalex.org/W115824627",FALSE,,"2026-10-06T00:06:14Z","tbmcite 0.1.0",,,,,
"Smith_2003","175","Steinlechner, S. 1998. DJUNGARIAN HAMSTER AND/OR SIBERIAN HAMSTER: WHO IS WHO? Reprinted from European Pineal Society NEWS, 1998, number 38 (April): 7-11",,1,"measurement","Steinlechner",1998,"DJUNGARIAN HAMSTER AND/OR SIBERIAN HAMSTER: WHO IS WHO?","Reprinted from European Pineal Society NEWS, 1998, number","38","7-11","10.1016/s0031-9384(97)00465-4",,,"not_found","below_threshold","crossref;openalex",0.4265,FALSE,TRUE,FALSE,FALSE,FALSE,"https://openalex.org/W2011265753",FALSE,,"2026-10-06T00:06:14Z","tbmcite 0.1.0",,,,,
"Smith_2003","176","Yüksel COfiKUN, Servet ULUTÜRK 2003. Observations on the Mole Vole, Ellobius lutescensThomas 1897, (Mammalia: Rodentia) in Turkey Research Article Turk J Zool 27 (2003) 81-87 © TÜB‹TAK",,1,"measurement","Yuksel COfiKUN",2003,"Observations on the Mole Vole, Ellobius lutescensThomas 1897, (Mammalia: Rodentia) in Turkey Research Article Turk J Zool 27 (2003) 81-87 (c) TUB<TAK",,,,"10.1080/09397140.2001.10637861",,,"not_found","below_threshold","crossref;openalex",0.5326,FALSE,FALSE,FALSE,FALSE,FALSE,"https://openalex.org/W2329172922",FALSE,,"2026-10-06T00:06:14Z","tbmcite 0.1.0",,,,,
"Smith_2003","177","Charudutt Mishra1,2, Sipke E. Van Wieren1, Ignas M. A. Heitkönig1 and Herbert H. T. Prins1 (2002) A theoretical analysis of competitive exclusion in a Trans-Himalayan large-herbivore assemblage Animal Conservation 5, 251–258 ©2002 The Zoological Society of London",,1,"measurement","Charudutt Mishra",2002,"A theoretical analysis of competitive exclusion in a Trans-Himalayan large-herbivore assemblage Animal Conservation 5, 251-258 (c)2002 The Zoological Society of London",,,,"10.1017/s1367943002002305",,,"not_found","below_threshold","crossref;openalex",0.6944,TRUE,TRUE,FALSE,FALSE,FALSE,"https://openalex.org/W2053822547",FALSE,,"2026-10-06T00:06:14Z","tbmcite 0.1.0",,,,,
"Smith_2003","178","Juskaitis, Rimvydas. 1999. Pygmy field mouse (Apodemus uralensis pallas): a new mammal species in lithuania. Acta Zoologica lituanica. Biodiversity. 9: 118-119.",,1,"measurement","Juskaitis",1999,"Pygmy field mouse (Apodemus uralensis pallas): a new mammal species in lithuania","Acta Zoologica lituanica. Biodiversity","9","118-119","10.1080/13921657.1999.10512305",,,"certain","two_service_agreement","crossref;openalex",1,TRUE,TRUE,TRUE,TRUE,TRUE,"https://openalex.org/W2051686347",FALSE,,"2026-10-06T00:06:14Z","tbmcite 0.1.0",,,,,
"Smith_2003","179","PASCALE CHEVRET, PAULINA JENKINS and FRANÇOIS CATZEFLIS. 2003. Evolutionary systematics of the Indian mouse Mus famulus Bonhote, 1898: molecular (DNA/DNA hybridization and 12S rRNA sequences) and morphological evidence Zoological Journal of the Linnean Society , 2003, 137 , 385–401.",,1,"measurement","Pascale Chevret",2003,"Evolutionary systematics of the Indian mouse Mus famulus Bonhote, 1898: molecular (DNA/DNA hybridization and 12S rRNA sequences) and morphological evidence Zoological Journal of the Linnean Society , 2003",,"137","385-401","10.1046/j.1096-3642.2003.00050.x",,,"pending","weak_match","crossref;openalex",0.7656,TRUE,TRUE,FALSE,TRUE,TRUE,"https://openalex.org/W1981550197",FALSE,,"2026-10-06T00:06:14Z","tbmcite 0.1.0",,,,,
"Smith_2003","180","Ochocinska, D. and Taylor, J. R. E. 2003. Bergmann's rule in shrews: geographical variation of body size in Palearctic Sorex species. Biological Journal of the Linnean Society. 78. 365-381.",,2,"measurement","Ochocinska",2003,"Bergmann's rule in shrews: geographical variation of body size in Palearctic Sorex species","Biological Journal of the Linnean Society. 78. 365-381",,,"10.1046/j.1095-8312.2003.00150.x",,,"certain","two_service_agreement","crossref;openalex",1,TRUE,TRUE,TRUE,FALSE,FALSE,"https://openalex.org/W2135302225",FALSE,,"2026-10-06T00:06:14Z","tbmcite 0.1.0",,,,,
"Smith_2003","181","Barrioneuvo, F. J., Zurita, F., Burgos, M. and Jimenez, R. 2004. Developmental stages and growth rate of the mole Talpa occidentalis (Insectivora, Mammalia). Journal of Mammalogy. 85:120-125.",,1,"measurement","Barrioneuvo",2004,"Developmental stages and growth rate of the mole Talpa occidentalis (Insectivora, Mammalia)","Journal of Mammalogy","85","120-125","10.1644/bpr-010",,,"pending","weak_match","crossref;openalex",1,FALSE,TRUE,TRUE,TRUE,TRUE,"https://openalex.org/W2176816556",FALSE,,"2026-10-06T00:06:14Z","tbmcite 0.1.0",,,,,
"Smith_2003","182","SARÀ, M. and MORAND, S. 2002. Island incidence and mainland population density: mammals from Mediterranean islands. Diversity and Distributions. 8:1-9.",,6,"measurement","Sara",2002,"Island incidence and mainland population density: mammals from Mediterranean islands","Diversity and Distributions","8","1-9","10.1046/j.1366-9516.2001.00119.x",,,"certain","two_service_agreement","crossref;openalex",1,TRUE,TRUE,TRUE,TRUE,TRUE,"https://openalex.org/W2074758471",FALSE,,"2026-10-06T00:06:14Z","tbmcite 0.1.0",,,,,
"Smith_2003","183","Alves, P. C., and Rocha, A. 2003. Environmental factors have little influence on the reproductive activity of the Iberian hare (Lepus granatensis). Wildlife Research. 30:639-647.",,1,"measurement","Alves",2003,"Environmental factors have little influence on the reproductive activity of the Iberian hare (Lepus granatensis)","Wildlife Research","30","639-647","10.1071/wr02035",,,"certain","two_service_agreement","crossref;openalex",1,TRUE,TRUE,TRUE,TRUE,TRUE,"https://openalex.org/W2089874111",FALSE,,"2026-10-06T00:06:14Z","tbmcite 0.1.0",,,,,
"Smith_2003","184","Vinogradov, A.E., Anatskaya, O.V., and Kudryavtsev, B. N. 2001. Relationship of hepatocyte ploidy levels with body size and growth rate in mammals. Genome 44: 350-360.",,1,"compilation","Vinogradov",2001,"Relationship of hepatocyte ploidy levels with body size and growth rate in mammals","Genome","44","350-360","10.1139/g01-015",,,"pending","ambiguous","crossref;openalex",1,TRUE,TRUE,TRUE,TRUE,TRUE,"https://openalex.org/W1963720462",FALSE,,"2026-10-06T00:06:14Z","tbmcite 0.1.0",,,,,
"Smith_2003","185","Sutou, S. Mitsui, Y., Tsuchiya, K. 2001. Sex determination without the Y chromosome in two japanese rodents Tokudaia osimensis osimensis and Tokudaia osimensis spp. Mammalian Genome. 12:17-21.",,2,"measurement","Sutou",2001,"Sex determination without the Y chromosome in two japanese rodents Tokudaia osimensis osimensis and Tokudaia osimensis spp","Mammalian Genome","12","17-21","10.1007/s003350010228",,,"certain","two_service_agreement","crossref;openalex",1,TRUE,TRUE,TRUE,TRUE,TRUE,"https://openalex.org/W2089159455",FALSE,,"2026-10-06T00:06:14Z","tbmcite 0.1.0",,,,,
"Smith_2003","186","Robert S. Hoffmann . 1996. A research information system for mammals with Palaearctic examples. in: Conserving China's Biodiversity (II) (PETER Johan Schei, WANG Sung and XIE Yan eds.). China Environmental Science Press. Beijing. 231-246p",,1,"measurement","Robert Hoffmann",1996,"A research information system for mammals with Palaearctic examples. in: Conserving China's Biodiversity (II) (PETER Johan Schei, WANG Sung and XIE Yan eds.)","China Environmental Science Press. Beijing. 231-246p",,,"10.17520/biods.2022117",,,"not_found","below_threshold","crossref;openalex",0.4125,FALSE,FALSE,FALSE,FALSE,FALSE,"https://openalex.org/W4320153087",FALSE,,"2026-10-06T00:06:14Z","tbmcite 0.1.0",,,,,
"Smith_2003","187","Tchabovsky, A. and Bazykin, G. 2004. Females delay dispersal and breeding in a solitary gerbil, Meriones tamariscinus. Journal of Mammalogy. 85:105-112.",,1,"measurement","Tchabovsky",2004,"Females delay dispersal and breeding in a solitary gerbil, Meriones tamariscinus","Journal of Mammalogy","85","105-112","10.1644/1545-1542(2004)085<0105:fddabi>2.0.co;2",,,"certain","two_service_agreement","crossref;openalex",1,TRUE,TRUE,TRUE,TRUE,TRUE,"https://openalex.org/W2090136402",FALSE,,"2026-10-06T00:06:14Z","tbmcite 0.1.0",,,,,
"Smith_2003","188","Degen, A. A., Kam. M, Khokhlova, I. S., Krasnov, B. R., and Barraclough, T. G. 1998. Average daily metabolic rate of rodents: habitat and dietary comparisons. Functional Ecology 12:63-73.",,6,"measurement","Degen",1998,"Average daily metabolic rate of rodents: habitat and dietary comparisons","Functional Ecology","12","63-73","10.1046/j.1365-2435.1998.00162.x",,,"certain","two_service_agreement","crossref;openalex",1,TRUE,TRUE,TRUE,TRUE,TRUE,"https://openalex.org/W1984265796",FALSE,,"2026-10-06T00:06:14Z","tbmcite 0.1.0",,,,,
"Smith_2003","189","Qolak, E., Yigit, N., and Sozen, M. 1998. A study on taxonomic status of Microtus subterraneus (de Selys Longchamps, 1836) and Microtus majori Thomas, 1906 (Mammalia: Rodentia) in Turkey. Turkey Journal of Zoology. 22: 119-129.",,1,"measurement","Qolak",1998,"A study on taxonomic status of Microtus subterraneus (de Selys Longchamps, 1836) and Microtus majori Thomas, 1906 (Mammalia: Rodentia) in Turkey","Turkey Journal of Zoology","22","119-129","10.32800/abc.2023.46.0057",,,"not_found","below_threshold","crossref;openalex",0.5154,FALSE,FALSE,FALSE,FALSE,FALSE,"https://openalex.org/W4321367748",FALSE,,"2026-10-06T00:06:14Z","tbmcite 0.1.0",,,,,
"Smith_2003","190","Haim, A., Shabtay, A. and Arad, Z. 1999. The thermoregulatory and metabolic responses to photoperiod manipulations of the Macedonian mouse (Mus macedonicus), a post-fire invader. Journal of Thermal Biology 24: 279-286.",,1,"measurement","Haim",1999,"The thermoregulatory and metabolic responses to photoperiod manipulations of the Macedonian mouse (Mus macedonicus), a post-fire invader","Journal of Thermal Biology","24","279-286","10.1016/s0306-4565(99)00024-8",,,"certain","two_service_agreement","crossref;openalex",1,TRUE,TRUE,TRUE,TRUE,TRUE,"https://openalex.org/W2016828995",FALSE,,"2026-10-06T00:06:14Z","tbmcite 0.1.0",,,,,
"Smith_2003","191","Yigit, N. Qolak, E. Qolak, R., Ozkan, B. and Ozkurt, S. 2003. ON THE TURKISH POPULATIONS OF DRYOMYS NITEDULA (PALLAS, 1779) AND DRYOMYS LANIGER FELTEN AND STORCH, 1968 (MAMMALIA: RODENTIA). Acta Zoologica Academiae Scientiarum Hungaricae 49 (Suppl. 1), pp. 147-158. Available at: http://216.239.57.104/search?q=cache:2mznwwa3v-8J:zoo.zoo.nhmus.hu/publication/actazool/49/S1/yigit.pdf+Dryomys+laniger+weight&hl=en",,1,"measurement","Yigit",2003,"ON THE TURKISH POPULATIONS OF DRYOMYS NITEDULA (PALLAS, 1779) AND DRYOMYS LANIGER FELTEN AND STORCH, 1968 (MAMMALIA: RODENTIA)","Acta Zoologica Academiae Scientiarum Hungaricae 49 (Suppl. 1), pp. 147-158. Available at",,,"10.21426/b613110340",,,"not_found","below_threshold","crossref;openalex",0.5125,FALSE,FALSE,FALSE,FALSE,FALSE,"https://openalex.org/W2586984254",FALSE,,"2026-10-06T00:06:14Z","tbmcite 0.1.0",,,,,
"Smith_2003","192","""Desert Dormouse."" Encyclopædia Britannica. 2004. Encyclopædia Britannica Premium Service. 26 July 200 <http://www.britannica.com/eb/article?eu=68394>.",,1,"compilation","Desert Dormouse Encyclopaedia Britannica",2004,"Encyclopaedia Britannica Premium Service","26 July 200 <",,,"10.1093/ref:odnb/1783",,,"not_found","below_threshold","crossref;openalex",0.4007,FALSE,TRUE,FALSE,FALSE,FALSE,"https://openalex.org/W4241113451",FALSE,,"2026-10-06T00:06:14Z","tbmcite 0.1.0",,,,,
"Smith_2003","193","Zahler, P. 1996. Rediscovery of the woolly flying squirrel (Eupetaurus cinereus). Journal of Mammalogy. 77:54-57.",,1,"measurement","Zahler",1996,"Rediscovery of the woolly flying squirrel (Eupetaurus cinereus)","Journal of Mammalogy","77","54-57","10.2307/1382708",,,"certain","two_service_agreement","crossref;openalex",1,TRUE,TRUE,TRUE,TRUE,TRUE,"https://openalex.org/W2003902103",FALSE,,"2026-10-06T00:06:14Z","tbmcite 0.1.0",,,,,
"Smith_2003","194","Iriarte-Diaz, J. 2002. Differential scaling of locomotor performance in small and large terrestrial mammals. The Journal of Experimental Biology. 205:2897-2908.",,1,"compilation","Iriarte-Diaz",2002,"Differential scaling of locomotor performance in small and large terrestrial mammals","The Journal of Experimental Biology","205","2897-2908","10.1242/jeb.205.18.2897",,,"certain","two_service_agreement","crossref;openalex",1,TRUE,TRUE,TRUE,TRUE,TRUE,"https://openalex.org/W2135267830",FALSE,,"2026-10-06T00:06:14Z","tbmcite 0.1.0",,,,,
"Smith_2003","195","Yigit, N. Qolak, E., Sozen, M. and Ozkurt, S. 2000. A study on the hibernation of Spermophilus xanthoprymnus (Bennet, 1835) (Mammalia: Rodentia) in Turkey. Turkey Journal of Zoology. 24: 87-93.",,1,"measurement","Yigit",2000,"A study on the hibernation of Spermophilus xanthoprymnus (Bennet, 1835) (Mammalia: Rodentia) in Turkey","Turkey Journal of Zoology","24","87-93","10.1560/b12r-nlfr-gwvh-0b83",,,"not_found","below_threshold","crossref;openalex",0.5726,FALSE,TRUE,FALSE,FALSE,FALSE,"https://openalex.org/W4248860561",FALSE,,"2026-10-06T00:06:14Z","tbmcite 0.1.0",,,,,
"Smith_2003","196","Woodland savanah mammals (excel file) Available at: www.iiasa.ac.at/~sendzim/MammalDataSets/ Woodland%20Savanna%20Mamm.xls",,2,"compilation","Sendzimir",,"Woodland savanah mammals (excel file) Available at: www.iiasa.ac.at/~sendzim/MammalDataSets/ Woodland%20Savanna%20Mamm.xls","IIASA mammal data sets (www.iiasa.ac.at/~sendzim/MammalDataSets/)",,,"10.1177/146045829700300110",,,"not_found","below_threshold","crossref;openalex",0.3021,FALSE,FALSE,FALSE,FALSE,FALSE,"https://openalex.org/W4210889673",FALSE,,"2026-10-06T00:06:14Z","tbmcite 0.1.0",,,,,
"Smith_2003","197","Panteleev, P. A. 2002. Justified predictions about new (different) species comfirm the theory. Russian Journal of Ecology 34:141-143.",,3,"measurement","Panteleev",2002,"Justified predictions about new (different) species comfirm the theory","Russian Journal of Ecology","34","141-143","10.1023/a:1023011417146",,,"pending","weak_match","crossref;openalex",0.883,TRUE,TRUE,TRUE,TRUE,TRUE,"https://openalex.org/W16247295",FALSE,,"2026-10-06T00:06:14Z","tbmcite 0.1.0",,,,,
"Smith_2003","198","Dippenaar, M.J. 1995. Geographic variation in Myosorex longicaudatus (soricidae) in the Southern Cape Province, South Africa. Journal of Mammalogy 76:1071-1087.",,1,"measurement","Dippenaar",1995,"Geographic variation in Myosorex longicaudatus (soricidae) in the Southern Cape Province, South Africa","Journal of Mammalogy","76","1071-1087","10.2307/1382600",,,"certain","two_service_agreement","crossref;openalex",1,TRUE,TRUE,TRUE,TRUE,TRUE,"https://openalex.org/W2323449527",FALSE,,"2026-10-06T00:06:14Z","tbmcite 0.1.0",,,,,
"Smith_2003","199","Aeschimann, J., Bourquin, L., Engels, B., Thomas, C. and Vogel, P. 1998. Comparative winter thermoregulation and body temperature in three sympatric Apodemus species (A. alpicola, A. flavicollis, and A. sylvaticus). Z. Säugetierkunde. 63. 273-284.",,1,"measurement","Aeschimann",1998,"Comparative winter thermoregulation and body temperature in three sympatric Apodemus species (A. alpicola, A. flavicollis, and A. sylvaticus)","Z. Saugetierkunde. 63. 273-284",,,"10.5281/zenodo.13432500",,,"pending","weak_match","crossref;openalex",1,FALSE,TRUE,FALSE,FALSE,FALSE,"https://openalex.org/W2623630058",FALSE,,"2026-10-06T00:06:14Z","tbmcite 0.1.0",,,,,
"Smith_2003","200","Yeboah, S. and Dakwa, K. B. 2002. Aspects of the feeding habits and reproductive biology of the Ghana mole-rat Cryptomys zechi (Rodentia, Bathyergidae). African Journal of Ecology. 40:110-119.",,1,"measurement","Yeboah",2002,"Aspects of the feeding habits and reproductive biology of the Ghana mole-rat Cryptomys zechi (Rodentia, Bathyergidae)","African Journal of Ecology","40","110-119","10.1046/j.1365-2028.2002.00326.x",,,"certain","two_service_agreement","crossref;openalex",1,TRUE,TRUE,TRUE,TRUE,TRUE,"https://openalex.org/W1976685749",FALSE,,"2026-10-06T00:06:14Z","tbmcite 0.1.0",,,,,
"Smith_2003","201","Lacas. S., Allevard, A. M., Ag'Atteinine, S., Gallo-Bona, N., Gauquelin-Koch, G., Hardin-Pouzet, H., Gharib, C., Sicard, B., and Maurel, D. 2000. Cardiac Natriuretic peptide response to water restriction in the hormonal adaptation of two semidesert rodents from West Africa (Steatomys caurinus, Taterillus gracilis). General and Comparative Endocrinology. 120:176-189.",,1,"measurement","Lacas",2000,"Cardiac Natriuretic peptide response to water restriction in the hormonal adaptation of two semidesert rodents from West Africa (Steatomys caurinus, Taterillus gracilis)","General and Comparative Endocrinology","120","176-189","10.1006/gcen.2000.7545",,,"certain","two_service_agreement","crossref;openalex",1,TRUE,TRUE,TRUE,TRUE,TRUE,"https://openalex.org/W2091497935",FALSE,,"2026-10-06T00:06:14Z","tbmcite 0.1.0",,,,,
"Smith_2003","202","Key, N. Cervus alfredi (Visayan spotted deer). [28 July 2004; online] Available at : http://animaldiversity.ummz.umich.edu/site/accounts/information/Cervus_alfredi.html",,1,"measurement","Key",2004,"online] Available at ",,,,"10.1038/sj.bdj.4811819",,,"not_found","below_threshold","crossref;openalex",0.534,FALSE,TRUE,FALSE,FALSE,FALSE,"https://openalex.org/W4255355909",FALSE,,"2026-10-06T00:06:14Z","tbmcite 0.1.0",,,,,
"Smith_2003","203","Edmison, N. Melogale everetti (Everett's ferret-badger). [29 July 2004; online] Available at: http://animaldiversity.ummz.umich.edu/site/accounts/information/Melogale_everetti.html.",,1,"measurement","Edmison",2004,"online] Available at",,,,"10.1038/sj.bdj.4811819",,,"not_found","below_threshold","crossref;openalex",0.534,FALSE,TRUE,FALSE,FALSE,FALSE,"https://openalex.org/W4255355909",FALSE,,"2026-10-06T00:06:14Z","tbmcite 0.1.0",,,,,
"Smith_2003","204","Costa, D. P. and Gales, N. J. 2000. Foraging energetics and diving behavior of lactating New Zealand sea lions, Phocarctos hookeri. The Journal of Experimental Biology. 203: 3655-3665.",,1,"measurement","Costa",2000,"Foraging energetics and diving behavior of lactating New Zealand sea lions, Phocarctos hookeri","The Journal of Experimental Biology","203","3655-3665","10.1242/jeb.203.23.3655",,,"certain","two_service_agreement","crossref;openalex",1,TRUE,TRUE,TRUE,TRUE,TRUE,"https://openalex.org/W2114274856",FALSE,,"2026-10-06T00:06:14Z","tbmcite 0.1.0",,,,,
"Smith_2003","205","Cockrum, E. L. 1977. Status of the hairy footed gerbil, Gerbillus latastei Thomas and Trouessart. Mammalia 41: 75-80.",,1,"measurement","Cockrum",1977,"Status of the hairy footed gerbil, Gerbillus latastei Thomas and Trouessart","Mammalia","41","75-80","10.1515/mamm.1977.41.1.75",,,"certain","two_service_agreement","crossref;openalex",1,TRUE,TRUE,TRUE,TRUE,FALSE,"https://openalex.org/W2048952181",FALSE,,"2026-10-06T00:06:14Z","tbmcite 0.1.0",,,,,
"Smith_2003","206","Pearch, M. J., Bates, P. J. J., Magin, C. 2001. A review of the small mammal fauna of Djibouti and the results of a recent survey. Mammalia 65: 387-409",,1,"measurement","Pearch",2001,"A review of the small mammal fauna of Djibouti and the results of a recent survey","Mammalia","65","387-409","10.1515/mamm.2001.65.3.387",,,"certain","two_service_agreement","crossref;openalex",1,TRUE,TRUE,TRUE,TRUE,TRUE,"https://openalex.org/W1985339007",FALSE,,"2026-10-06T00:06:14Z","tbmcite 0.1.0",,,,,
"Smith_2003","207","Dieterlen, F. and Van Der Straeten, E. 1984. New specimens of Malacomys vershureni from Eastern Zaïre (Mammalia, Muridae). Revue de Zoologie Africaine. 98(4): 861-868.",,1,"measurement","Dieterlen",1984,"New specimens of Malacomys vershureni from Eastern Zaire (Mammalia, Muridae)","Revue de Zoologie Africaine","98","861-868","10.5962/bhl.part.81575",,,"not_found","below_threshold","crossref;openalex",0.3956,FALSE,TRUE,FALSE,FALSE,FALSE,"https://openalex.org/W2085708747",FALSE,,"2026-10-06T00:06:14Z","tbmcite 0.1.0",,,,,
"Smith_2003","208","Lazell, J., Lu, W., Xia, W., Li, S. Y., and Smith, A. 1995. Status of the Hainan Hare. Species 25: Available at: http://www.ualberta.ca/~dhik/lsg/speciesreports.htm#December%201995,%20Number%2025.",,1,"measurement","Lazell",1995,"Status of the Hainan Hare","Species 25: Available at",,,"10.1111/j.0107-055x.2007.00067_17.x",,,"not_found","below_threshold","crossref;openalex",0.3741,FALSE,FALSE,FALSE,FALSE,FALSE,"https://openalex.org/W2028902495",FALSE,,"2026-10-06T00:06:14Z","tbmcite 0.1.0",,,,,
"Smith_2003","211","Rowe, N. 1996. The Pictorial Guide to the Living Primates. Pogonias Press: East Hampton, New York.",,1,"compilation","Rowe",1996,"The Pictorial Guide to the Living Primates","Pogonias Press: East Hampton, New York",,,"10.5860/choice.35-2112",,,"pending","weak_match","crossref;openalex",1,FALSE,TRUE,FALSE,FALSE,FALSE,"https://openalex.org/W1600622653",FALSE,,"2026-10-06T00:06:14Z","tbmcite 0.1.0",,,,,
"Smith_2003","212","Verheyen, W. N. 1964. Description of Lophuromys rahmia new species of Murdiae from Central Africa. Revue de Zollogie et de Botanique Africaines 28: 206-213",,1,"measurement","Verheyen",1964,"Description of Lophuromys rahmia new species of Murdiae from Central Africa","Revue de Zollogie et de Botanique Africaines","28","206-213","10.2307/3666619",,,"not_found","below_threshold","crossref;openalex",0.5835,FALSE,FALSE,FALSE,FALSE,FALSE,"https://openalex.org/W2801426820",FALSE,,"2026-10-06T00:06:14Z","tbmcite 0.1.0",,,,,
"Smith_2003","213","Kitchener, A.C., Clegg, T., Thompson, N. M. J., Wiik, H. and MacDonald, A. A. 1993. First records of the Malay civit, Viverra tangalunga Gray, 1832, on Seram with notes on the Seram bandicoot Rhynchomeles prattorum Thomas, 1920. Z. Säugetierkunde 58: 378-380.",,1,"measurement","Kitchener",1993,"First records of the Malay civit, Viverra tangalunga Gray, 1832, on Seram with notes on the Seram bandicoot Rhynchomeles prattorum Thomas, 1920","Z. Saugetierkunde","58","378-380","10.1007/s11284-016-1338-y",,,"not_found","below_threshold","crossref;openalex",0.4876,FALSE,FALSE,FALSE,FALSE,FALSE,"https://openalex.org/W2278887792",FALSE,,"2026-10-06T00:06:14Z","tbmcite 0.1.0",,,,,
"Smith_2003","214","Dobigny, G., Gradjon, L. Aniskin, V. Ba, K. and Volobouev, V. 2003. A new sibling species of Taterillus (Muridae, Gerbillinae) from West Africa. Mammalian Biology 68:299-316.",,1,"measurement","Dobigny",2003,"A new sibling species of Taterillus (Muridae, Gerbillinae) from West Africa","Mammalian Biology","68","299-316","10.1078/1616-5047-00098",,,"certain","two_service_agreement","crossref;openalex",1,TRUE,TRUE,TRUE,TRUE,TRUE,"https://openalex.org/W2017751424",FALSE,,"2026-10-06T00:06:14Z","tbmcite 0.1.0",,,,,
"Smith_2003","215","Burton, J. A., and Pearson, B. 1987. The collins guide to the rare mammals of the world. The Stephen Greene Press. Lexington, Massachusetts. 240pp.",,4,"compilation","Burton",1987,"The collins guide to the rare mammals of the world","The Stephen Greene Press. Lexington, Massachusetts",,,"10.1130/0-8137-5405-4.205",,,"not_found","below_threshold","crossref;openalex",0.4034,FALSE,TRUE,FALSE,FALSE,FALSE,"https://openalex.org/W2502178893",FALSE,,"2026-10-06T00:06:14Z","tbmcite 0.1.0",,,,,
"Smith_2003","216","White, C. R., and Seymour, R. S. 2003. Mammalian basal metabolic rate is proportional to body mass^2/3. PNAS 100:4046-4049.",,1,"compilation","White",2003,"Mammalian basal metabolic rate is proportional to body mass^2/3. PNAS",,"100","4046-4049","10.1073/pnas.0436428100",,,"certain","two_service_agreement","crossref;openalex",0.9472,TRUE,TRUE,FALSE,TRUE,TRUE,"https://openalex.org/W2118836965",FALSE,,"2026-10-06T00:06:14Z","tbmcite 0.1.0",,,,,
"Smith_2003","217","Yom-Tov, Y., and Dayan, T. 1996. Body mass overlap and interspecific interference competition among desert gerbils? Oikos 75:536-538.",,2,"measurement","Yom-Tov",1996,"Body mass overlap and interspecific interference competition among desert gerbils?","Oikos","75","536-538","10.2307/3545896",,,"certain","two_service_agreement","crossref;openalex",1,TRUE,TRUE,TRUE,TRUE,TRUE,"https://openalex.org/W2331325750",FALSE,,"2026-10-06T00:06:14Z","tbmcite 0.1.0",,,,,
"Smith_2003","218","McCain, C. M. and R. M. Timm. Sigmodontomys aphrastus (Rodentia: Muridae): Re-evaluation and re-description of the species. For Submittal to Proceedings of the Biological Society of Washington.",,1,"measurement","McCain",,"R. M. Timm","Sigmodontomys aphrastus (Rodentia: Muridae): Re-evaluation and re-description of the species. For Submittal to Proceedings of the Biological Society of Washington",,,"10.2305/iucn.uk.2017-3.rlts.t115554360a22387922.en",,,"not_found","below_threshold","crossref;openalex",0.4794,FALSE,FALSE,FALSE,FALSE,FALSE,"https://openalex.org/W4237849788",FALSE,,"2026-10-06T00:06:14Z","tbmcite 0.1.0",,,,,
"Smith_2003","219","Dos Reis, S. F. and L. M. Pessoa. 2004. Thrichomys apereoides. Mammalian Species No. 741, 1-5. The American Society of Mammalogists.",,1,"measurement","Dos Reis",2004,"Thrichomys apereoides","Mammalian Species No. 741, 1-5. The American Society of Mammalogists",,,"10.1644/741",,,"certain","two_service_agreement","crossref;openalex",1,TRUE,TRUE,TRUE,FALSE,FALSE,"https://openalex.org/W4232138322",FALSE,,"2026-10-06T00:06:14Z","tbmcite 0.1.0",,,,"Consensus screen: DOI in neither service (none); owner waiver extended 2026-10-05, DOI re-accepted pre-emptively as doi: decision",
"Smith_2003","220","Gillihan, S. W. and K. R. Foresman. 2004. Sorex vagrans. Mammalian Species no. 744: 1-5. The American Society of Mammalogists.",,1,"measurement","Gillihan",2004,"Sorex vagrans","Mammalian Species no. 744: 1-5. The American Society of Mammalogists",,,"10.1644/1545-1410(2004)744<0001:sv>2.0.co;2",,,"pending","ambiguous","crossref;openalex",1,TRUE,TRUE,TRUE,FALSE,FALSE,"https://openalex.org/W4233681001",FALSE,,"2026-10-06T00:06:14Z","tbmcite 0.1.0",,,,,
"Smith_2003","221","Herron, M. D. and J. M. Waterman. 2004. Xerus erythropus. Mammalian Species No. 748:1-4. The American Society of Mammalogists.",,1,"measurement","Herron",2004,"Xerus erythropus","Mammalian Species No. 748:1-4. The American Society of Mammalogists",,,"10.1644/748",,,"certain","two_service_agreement","crossref;openalex",1,TRUE,TRUE,TRUE,FALSE,FALSE,"https://openalex.org/W4250256013",FALSE,,"2026-10-06T00:06:14Z","tbmcite 0.1.0",,,,,
"Smith_2003","222","Woodman, N., and R. M. Timm. 1999. Geographic variation and evolutionary relationships among broad-clawed shrews of the Cryptotis goldmani-group (Mammalia: Insectivora: Soricidae). Fieldiana: Zoology (new series) 91:1–35.",,1,"measurement","Woodman",1999,"Geographic variation and evolutionary relationships among broad-clawed shrews of the Cryptotis goldmani-group (Mammalia: Insectivora: Soricidae)","Fieldiana: Zoology (new series)","91","1-35","10.5281/zenodo.13466089",,,"pending","single_service","crossref;openalex",1,TRUE,TRUE,FALSE,TRUE,TRUE,"https://openalex.org/W2150318561",FALSE,,"2026-10-06T00:06:14Z","tbmcite 0.1.0",,,,,
"Smith_2003","223","Pine, R. H., N. Woodman, and R. M. Timm. 2002. Rediscovery of Enders’s small-eared shrew, Cryptotis endersi (Insectivora: Soricidae), with a redescription of the species. Mammalian Biology 67:372 –377.",,1,"measurement","Pine",2002,"Rediscovery of Enders's small-eared shrew, Cryptotis endersi (Insectivora: Soricidae), with a redescription of the species","Mammalian Biology","67","372-377","10.1078/1616-5047-00052",,,"certain","two_service_agreement","crossref;openalex",1,TRUE,TRUE,TRUE,TRUE,TRUE,"https://openalex.org/W1986499137",FALSE,,"2026-10-06T00:06:14Z","tbmcite 0.1.0",,,,,
"Smith_2003","224","Woodman, N. 2000. Cryptotis merriami Choate in Costa Rica: syntopy with Cryptotis nigrescens (Allen) and possible character displacement. Caribbean Journal of Science 36(3–4): 289–299.",,2,"measurement","Woodman",2000,"Cryptotis merriami Choate in Costa Rica: syntopy with Cryptotis nigrescens (Allen) and possible character displacement","Caribbean Journal of Science","36","289-299","10.1093/mspecies/sead011",,,"not_found","below_threshold","crossref;openalex",0.473,TRUE,FALSE,FALSE,FALSE,FALSE,"https://openalex.org/W4389657498",FALSE,,"2026-10-06T00:06:14Z","tbmcite 0.1.0",,,,,
"Smith_2003","225","Woodman, N., and R. M. Timm. 1993. Intraspecific and interspecific variation in the Cryptotis nigrescens species complex of small-eared shrews (Insectivora: Soricidae), with the description of a new species from Colombia. Fieldiana: Zoology (new series), 74:1–30.",,1,"measurement","Woodman",1993,"Intraspecific and interspecific variation in the Cryptotis nigrescens species complex of small-eared shrews (Insectivora: Soricidae), with the description of a new species from Colombia","Fieldiana: Zoology (new series)","74","1-30","10.5281/zenodo.13471731",,,"pending","single_service","crossref;openalex",1,TRUE,TRUE,FALSE,TRUE,TRUE,"https://openalex.org/W2153927503",FALSE,,"2026-10-06T00:06:14Z","tbmcite 0.1.0",,,,,
"Smith_2003","226","Goodman, S.M., Hutterer, R., and P.R. Ngnegueu. 2001. A report on the community of shrews (Mammalia: Soricidae) occurrring in the Minkebe Forest, northeastern Gabon. Mammalian Biology 66:22-34.",,6,"measurement","Goodman",2001,"A report on the community of shrews (Mammalia: Soricidae) occurrring in the Minkebe Forest, northeastern Gabon","Mammalian Biology","66","22-34","10.1078/1616-5047-00085",,,"pending","grey_literature","crossref;openalex",0.5001,FALSE,FALSE,TRUE,FALSE,FALSE,"https://openalex.org/W1964087275",FALSE,,"2026-10-06T00:06:14Z","tbmcite 0.1.0",,,,,
"Smith_2003","227","OHDACHI, A. 1992. Female reproduction in three species of Sorex in Hokkaido, Japan. Journal of Mammalogy 73:455-457.",,1,"measurement","Ohdachi",1992,"Female reproduction in three species of Sorex in Hokkaido, Japan","Journal of Mammalogy","73","455-457","10.2307/1382084",,,"certain","two_service_agreement","crossref;openalex",1,TRUE,TRUE,TRUE,TRUE,TRUE,"https://openalex.org/W2030260241",FALSE,,"2026-10-06T00:06:14Z","tbmcite 0.1.0",,,,,
"Smith_2003","228","Withers, P.C. 2000. Metablic physiology of Notoryctes caurinus. Australian Journal of Zoology 48:241-258.",,1,"measurement","Withers",2000,"Metablic physiology of Notoryctes caurinus","Australian Journal of Zoology","48","241-258","10.1071/zo99073",,,"not_found","below_threshold","crossref;openalex;consensus-mcp",0.5363,TRUE,TRUE,TRUE,TRUE,TRUE,"https://openalex.org/W1926670065",FALSE,,"2026-10-06T00:06:14Z","tbmcite 0.1.0",,,,,
"Smith_2003","229","www.animalinfo.org/species/crypzyli.htm (August 2004)",,1,"measurement","animalinfo.org",2004,"www.animalinfo.org/species/crypzyli.htm (August 2004)",,,,"10.1002/ejoc.200490035",,,"not_found","below_threshold","crossref;openalex",0.3914,FALSE,TRUE,FALSE,FALSE,FALSE,"https://openalex.org/W4236183937",FALSE,,"2026-10-06T00:06:14Z","tbmcite 0.1.0",,,,"URL: www.animalinfo.org/species/crypzyli.htm (August",
"Smith_2003","230","www.animalinfo.org/species/chryvisa.htm (August 2004)",,1,"measurement","animalinfo.org",2004,"www.animalinfo.org/species/chryvisa.htm (August 2004)",,,,"10.1002/ejoc.200490031",,,"not_found","below_threshold","crossref;openalex",0.4076,FALSE,TRUE,FALSE,FALSE,FALSE,"https://openalex.org/W4232503541",FALSE,,"2026-10-06T00:06:14Z","tbmcite 0.1.0",,,,"URL: www.animalinfo.org/species/chryvisa.htm (August",
"Smith_2003","231","Www. Columbia.edu/~kj2107/research/databases/jonesbraindata.htm (August 2004)",,1,"compilation","Www Columbiaedukjresearchdatabasesjonesbraindatahtm August",2004,,,,,"10.1145/1010432.1010489",,,"not_found","below_threshold","crossref;openalex",0,FALSE,TRUE,FALSE,FALSE,FALSE,"https://openalex.org/W4246374265",FALSE,,"2026-10-06T00:06:14Z","tbmcite 0.1.0",,,,,
"Smith_2003","232","Www.it is.usda.gov/servlet/singlerpt/singlerpt?search_topic=aus (August 2004)",,1,"measurement","Wwwit isusdagovservletsinglerptsinglerptsearchtopicaus August",2004,,,,,"10.1093/bioinformatics/bth046",,,"not_found","below_threshold","crossref;openalex",0,FALSE,TRUE,FALSE,FALSE,FALSE,"https://openalex.org/W2126371626",FALSE,,"2026-10-06T00:06:14Z","tbmcite 0.1.0",,,,,
"Smith_2003","233","Jass, C. N. and Mead, J. I. 2004. Capricornis crispus. Mammalian Species No. 750, pp. 1-10. The American Society of Mammalogists.",,2,"measurement","Jass",2004,"Capricornis crispus","Mammalian Species No. 750, pp. 1-10. The American Society of Mammalogists",,,"10.1644/750",,,"certain","two_service_agreement","crossref;openalex",1,TRUE,TRUE,TRUE,FALSE,FALSE,"https://openalex.org/W4211026198",FALSE,,"2026-10-06T00:06:14Z","tbmcite 0.1.0",,,,"Consensus screen: DOI in neither service (none); owner waiver extended 2026-10-05, DOI re-accepted pre-emptively as doi: decision",
"Smith_2003","234","Waterman, J. M. and Herron, M. D. 2004. Xerus princeps. Mammalian Species No. 751, pp. 1-3. The American Society of Mammalogists.",,1,"measurement","Waterman",2004,"Xerus princeps","Mammalian Species No. 751, pp. 1-3. The American Society of Mammalogists",,,"10.1644/751",,,"certain","two_service_agreement","crossref;openalex",1,TRUE,TRUE,TRUE,FALSE,FALSE,"https://openalex.org/W4243743518",FALSE,,"2026-10-06T00:06:14Z","tbmcite 0.1.0",,,,"Consensus screen: DOI in neither service (none); owner waiver extended 2026-10-05, DOI re-accepted pre-emptively as doi: decision",
"Smith_2003","235","Haynes, M. A. and Lee Jr., T. E. 2004. Artibeus obscurus. Mammalian Species No. 752, pp. 1-5. The American Society of Mammalogists.",,1,"measurement","Haynes",2004,"Artibeus obscurus","Mammalian Species No. 752, pp. 1-5. The American Society of Mammalogists",,,"10.1644/752",,,"certain","two_service_agreement","crossref;openalex",1,TRUE,TRUE,TRUE,FALSE,FALSE,"https://openalex.org/W4250378538",FALSE,,"2026-10-06T00:06:14Z","tbmcite 0.1.0",,,,,
"Smith_2003","236","Cain III, J. W., Krausman, P. R. and Germaine, H. L. 2004. Antidorcas marsupialis. Mammalian Species No. 753, pp. 1-7. The American Society of Mammalogists.",,1,"measurement","Cain",2004,"Antidorcas marsupialis","Mammalian Species No. 753, pp. 1-7. The American Society of Mammalogists",,,"10.1644/753",,,"certain","two_service_agreement","crossref;openalex",1,TRUE,TRUE,TRUE,FALSE,FALSE,"https://openalex.org/W4230770772",FALSE,,"2026-10-06T00:06:14Z","tbmcite 0.1.0",,,,"Consensus screen: DOI in neither service (none); owner waiver extended 2026-10-05, DOI re-accepted pre-emptively as doi: decision",
"Smith_2003","237","Hunt, J. L., Morris, J. E., and Best, T. L. 2004. Nyctomys sumichrasti. Mammalian Species No. 754, pp. 1-6. The American Society of Mammalogists.",,1,"measurement","Hunt",2004,"Nyctomys sumichrasti","Mammalian Species No. 754, pp. 1-6. The American Society of Mammalogists",,,"10.1644/754",,,"certain","two_service_agreement","crossref;openalex",1,TRUE,TRUE,TRUE,FALSE,FALSE,"https://openalex.org/W4255283493",FALSE,,"2026-10-06T00:06:14Z","tbmcite 0.1.0",,,,,
"Smith_2003","238","Maston, J. O., and McCarthy, T. J. 2004. Sturnira mordax. Mammalian Species No. 755, pp. 1-3. The American Society of Mammalogists.",,1,"measurement","Maston",2004,"Sturnira mordax","Mammalian Species No. 755, pp. 1-3. The American Society of Mammalogists",,,"10.1644/755",,,"pending","ambiguous","crossref;openalex",1,FALSE,TRUE,TRUE,FALSE,FALSE,"https://openalex.org/W4205220036",FALSE,,"2026-10-06T00:06:14Z","tbmcite 0.1.0",,,,,
"Smith_2003","239","Bennett, N. C. and Jarvis, J. U. M. 2004. Cryptomys damarensis. Mammalian Species No. 756, pp. 1-5. The American Society of Mammalogists.",,1,"measurement","Bennett",2004,"Cryptomys damarensis","Mammalian Species No. 756, pp. 1-5. The American Society of Mammalogists",,,"10.1644/756",,,"certain","two_service_agreement","crossref;openalex",1,TRUE,TRUE,TRUE,FALSE,FALSE,"https://openalex.org/W4205153443",FALSE,,"2026-10-06T00:06:14Z","tbmcite 0.1.0",,,,,
"Smith_2003","240","Hwang, Y. T. and Lariviére, S. 2004. Mydays marchei. Mammalian Species No. 757, pp. 1-3. The American Society of Mammalogists.",,1,"measurement","Hwang",2004,"Mydays marchei","Mammalian Species No. 757, pp. 1-3. The American Society of Mammalogists",,,"10.1644/757",,,"not_found","below_threshold","crossref;openalex",0.6524,TRUE,TRUE,TRUE,FALSE,FALSE,"https://openalex.org/W4250936942",FALSE,,"2026-10-06T00:06:14Z","tbmcite 0.1.0",,,,,
"Smith_2003","241","Spotorno, A. E., Zuleta, C. A., Valladares, J. P., Deane, A. L., and Jiménez, J. E. 2004. Chinchilla laniger. Mammalian Species No. 758, pp. 1-9. The American Society of Mammalogists.",,1,"measurement","Spotorno",2004,"Chinchilla laniger","Mammalian Species No. 758, pp. 1-9. The American Society of Mammalogists",,,"10.1644/758",,,"pending","ambiguous","crossref;openalex",1,TRUE,TRUE,TRUE,FALSE,FALSE,"https://openalex.org/W4253005677",FALSE,,"2026-10-06T00:06:14Z","tbmcite 0.1.0",,,,,
"Smith_2003","242","Woodman, N. And Díaz de Pascual, A. 2004. Cryptotis meridensis. Mammalian Species No. 761, pp. 1-5. The American Society of Mammalogists.",,1,"measurement","Woodman",2004,"Cryptotis meridensis","Mammalian Species No. 761, pp. 1-5. The American Society of Mammalogists",,,"10.1644/761",,,"certain","two_service_agreement","crossref;openalex",1,TRUE,TRUE,TRUE,FALSE,FALSE,"https://openalex.org/W4233130668",FALSE,,"2026-10-06T00:06:14Z","tbmcite 0.1.0",,,,,
"Smith_2003","243","Stanley, W.T. and Olson, L. E. 2005. Phylogeny, phylogeography, and geographic variation of Sylvisorex howelli (Family Soricidae), an endemic shrew of the Eastern Arc Mountains, Tanzania. Journal of Zoology (in press)",,1,"measurement","Stanley",2005,"Phylogeny, phylogeography, and geographic variation of Sylvisorex howelli (Family Soricidae), an endemic shrew of the Eastern Arc Mountains, Tanzania","Journal of Zoology (in press)",,,"10.1017/s0952836905007016",,,"certain","two_service_agreement","crossref;openalex",0.9381,TRUE,TRUE,TRUE,FALSE,FALSE,"https://openalex.org/W2151236099",FALSE,,"2026-10-06T00:06:14Z","tbmcite 0.1.0",,,,,
"Smith_2003","244","Goodman, S. M., and Hutterer, R. 2004. A report on the shrews (Mammalia: Soricidae) of Monts Doudou, Gabon: Elevational Distribution and preliminary insights into their ecology. California Academy of Sciences Memoir. 28: 93-105.",,4,"measurement","Goodman",2004,"A report on the shrews (Mammalia: Soricidae) of Monts Doudou, Gabon: Elevational Distribution and preliminary insights into their ecology","California Academy of Sciences Memoir","28","93-105","10.1078/1616-5047-00085",,,"pending","grey_literature","crossref;openalex",0.522,FALSE,TRUE,FALSE,FALSE,FALSE,"https://openalex.org/W1964087275",FALSE,,"2026-10-06T00:06:14Z","tbmcite 0.1.0",,,,,
"Smith_2003","246","Lim, B. K. and Engstrom, M. D. 2001. Bat community structure at Iwokrama Guyana. Journal of Tropical Ecology. 17:647-665.",,5,"measurement","Lim",2001,"Bat community structure at Iwokrama Guyana","Journal of Tropical Ecology","17","647-665","10.1017/s0266467401001481",,,"pending","weak_match","crossref;openalex",0.9024,TRUE,TRUE,TRUE,TRUE,TRUE,"https://openalex.org/W2115561712",FALSE,,"2026-10-06T00:06:14Z","tbmcite 0.1.0",,,,,
"Smith_2003","247","McCarthy, T. J., Albuja V., L. And Manzano, I. 2000. Rediscovery of the brown sac-wing bat Balantiopteryx infusca (Thomas, 1897), in Ecuador. Journal of Mammalogy. 81: 958-961.",,1,"measurement","McCarthy",2000,"Rediscovery of the brown sac-wing bat Balantiopteryx infusca (Thomas, 1897), in Ecuador","Journal of Mammalogy","81","958-961","10.1644/1545-1542(2000)081<0958:rotbsw>2.0.co;2",,,"certain","two_service_agreement","crossref;openalex",1,TRUE,TRUE,TRUE,TRUE,TRUE,"https://openalex.org/W2105686925",FALSE,,"2026-10-06T00:06:14Z","tbmcite 0.1.0",,,,,
"Smith_2003","248","Dávalos, L. M. 2004. New Chocoan species of Lonchophylla (Chiroptera: Phyllostomidae). American Museum Novitates. Number 3426:1-14.",,1,"measurement","Davalos",2004,"New Chocoan species of Lonchophylla (Chiroptera: Phyllostomidae)","American Museum Novitates. Number","3426","1-14","10.1206/0003-0082(2004)426<0001:ancsol>2.0.co;2",,,"pending","weak_match","crossref;openalex",0.9155,TRUE,TRUE,TRUE,TRUE,TRUE,"https://openalex.org/W2174037517",FALSE,,"2026-10-06T00:06:14Z","tbmcite 0.1.0",,,,,
"Smith_2003","249","Fenton, M. B., Bernard, E., Bouchard, S., Hollis, L., Johnston, D. S., Lausen, C. L., Ratcliffe, J. M., Riskin, D. K., Taylor, J. R., and Zigouris, J. 2001. The bat fauna of Lamanai, Belize: roosts and trophic roles. Journal of Tropical Ecology. 17:511-524.",,2,"measurement","Fenton",2001,"The bat fauna of Lamanai, Belize: roosts and trophic roles","Journal of Tropical Ecology","17","511-524","10.1017/s0266467401001389",,,"certain","two_service_agreement","crossref;openalex",1,TRUE,TRUE,TRUE,TRUE,TRUE,"https://openalex.org/W2018104094",FALSE,,"2026-10-06T00:06:14Z","tbmcite 0.1.0",,,,,
"Smith_2003","250","Ibañez, C. Ramo, C. and Busto, B. 1992. Notes on the food habits of the black and white owl. Condor 94:529-531.",,2,"measurement","Ibanez",1992,"Notes on the food habits of the black and white owl","Condor","94","529-531","10.2307/1369226",,,"pending","weak_match","crossref;openalex",0.9581,FALSE,TRUE,TRUE,TRUE,TRUE,"https://openalex.org/W2042018898",FALSE,,"2026-10-06T00:06:14Z","tbmcite 0.1.0",,,,,
"Smith_2003","251","Canaals, M. Iriarte-Díaz, J., Olivares, R., and Novoa, F. 2001. Comparison of the wing morphology of Tadarida brasiliensis (Chiroptera: Molossidae) and Myotic chiloensis (Chiroptera: Vespertilionidae) as representatives of two flight patterns. Revista Chilena de Historia Natural. 74: 699-704",,1,"measurement","Canaals",2001,"Comparison of the wing morphology of Tadarida brasiliensis (Chiroptera: Molossidae) and Myotic chiloensis (Chiroptera: Vespertilionidae) as representatives of two flight patterns","Revista Chilena de Historia Natural","74","699-704","10.4067/s0716-078x2001000300015",,,"not_found","below_threshold","crossref;openalex",0.5541,FALSE,TRUE,TRUE,TRUE,FALSE,"https://openalex.org/W2158666379",FALSE,,"2026-10-06T00:06:14Z","tbmcite 0.1.0",,,,,
"Smith_2003","252","Riskin, D. K. and Fenton, M. B. 2001. Sticking ability in Spix's disk-winged bat, Thyroptera tricolor (Microchioptera: Thyropteridae). Canadian Journal of Zoology 79:2261-2267.",,2,"measurement","Riskin",2001,"Sticking ability in Spix's disk-winged bat, Thyroptera tricolor (Microchioptera: Thyropteridae)","Canadian Journal of Zoology","79","2261-2267","10.1139/z01-192",,,"pending","weak_match","crossref;openalex",0.9068,TRUE,TRUE,TRUE,TRUE,TRUE,"https://openalex.org/W2149329003",FALSE,,"2026-10-06T00:06:14Z","tbmcite 0.1.0",,,,,
"Smith_2003","253","Flannery, T. 1995a. Mammals of the South-West Pacific & Moluccan Islands. Comstock/Cornell, Ithaca NY, USA",,1,"compilation","Flannery",1995,"Mammals of the Southwest Pacific and Moluccan Islands","New York: Cornell University Press",,,"10.5860/choice.33-2131",,,"pending","weak_match","crossref;openalex",1,FALSE,TRUE,FALSE,FALSE,FALSE,"https://openalex.org/W577068840",FALSE,,"2026-10-06T00:06:14Z","tbmcite 0.1.0",,,,"owner decision 2026-10-05: parsed_* aligned to entry 110 (the same book) so that one DOI-less entry is built",
"Smith_2003","254","Webster, W. D. and Knox Jr., J. J. 1983. Artibeus hirsutus and Artibeus inopinatus. Mammalian Species No. 199:1-3. The American Society of Mammalogists.",,1,"measurement","Webster",1983,"Artibeus hirsutus and Artibeus inopinatus","Mammalian Species No. 199:1-3. The American Society of Mammalogists",,,"10.2307/3503811",,,"pending","ambiguous","crossref;openalex",1,TRUE,TRUE,TRUE,FALSE,FALSE,"https://openalex.org/W2321709851",FALSE,,"2026-10-06T00:06:14Z","tbmcite 0.1.0",,,,,
"Smith_2003","255","Bouchard, S. 2001. Chaerephon ansorgei. Mammalian Species No. 660:1-3. The American Society of Mammalogists.",,1,"measurement","Bouchard",2001,"Chaerephon ansorgei","Mammalian Species No. 660:1-3. The American Society of Mammalogists",,,"10.1644/1545-1410(2001)660<0001:ca>2.0.co;2",,,"pending","ambiguous","crossref;openalex",1,TRUE,TRUE,TRUE,FALSE,FALSE,"https://openalex.org/W4249491150",FALSE,,"2026-10-06T00:06:14Z","tbmcite 0.1.0",,,,,
"Smith_2003","256","Young, R. A. and Ford, G. I. 2000. Bat fauna of a semi-arid environment in central western Queensland, Australia. Wildlife Research. 27:203-215.",,1,"measurement","Young",2000,"Bat fauna of a semi-arid environment in central western Queensland, Australia","Wildlife Research","27","203-215","10.1071/wr98071",,,"certain","two_service_agreement","crossref;openalex",1,TRUE,TRUE,TRUE,TRUE,TRUE,"https://openalex.org/W1553714201",FALSE,,"2026-10-06T00:06:14Z","tbmcite 0.1.0",,,,,
"Smith_2003","257","Yasuma, S., Andau, M., Apin, L. Tuh Yit Yu, F., and Kimsui, L. 2003. Identification keys to the mammals of Borneo. Bornean Biodiversity & Ecosystem conservation programme in Sabah. Park Management Component BBEC Programme.",,84,"compilation","Yasuma",2003,"Identification keys to the mammals of Borneo","Bornean Biodiversity & Ecosystem conservation programme in Sabah. Park Management Component BBEC Programme",,,"10.3403/30322449",,,"not_found","below_threshold","crossref;openalex",0.3617,FALSE,FALSE,FALSE,FALSE,FALSE,"https://openalex.org/W4235876981",FALSE,,"2026-10-06T00:06:14Z","tbmcite 0.1.0",,,,,
"Smith_2003","258","Kitchener, D. J., and Maharadtunkamsi. 1996. Geographic variation in morphology of Cynopterus nusatenggara (Chiroptera; Pteropodidae) in south-eastern Indonesia and description of two new subspecies. Mammalia. Vol:60, page:255-276. 1996 1996.",,1,"measurement","Kitchener",1996,"Geographic variation in morphology of Cynopterus nusatenggara (Chiroptera; Pteropodidae) in south-eastern Indonesia and description of two new subspecies","Mammalia. Vol:60, page:255-276. 1996 1996",,,"10.1515/mamm.1996.60.2.255",,,"pending","weak_match","crossref;openalex",0.8255,TRUE,TRUE,TRUE,FALSE,FALSE,"https://openalex.org/W2073388612",FALSE,,"2026-10-06T00:06:14Z","tbmcite 0.1.0",,,,,
"Smith_2003","259","Bonaccorso, F. J. 1998. Bats of Papua New Guinea. Conservation International Tropical Field guide Series 2. Conservation International, Washington D. C.",,13,"compilation","Bonaccorso",1998,"Bats of Papua New Guinea","Conservation International Tropical Field guide Series 2. Conservation International, Washington D. C",,,"10.5281/zenodo.7316516",,,"pending","weak_match","crossref;openalex",1,TRUE,TRUE,FALSE,FALSE,FALSE,"https://openalex.org/W4308861043",FALSE,,"2026-10-06T00:06:14Z","tbmcite 0.1.0",,,,,
"Smith_2003","260","Taylor, P. 1998. The smaller mammals of KwaZulu-Natal. University of Natal Press. Pietermaritzburg",,32,"compilation","Taylor",1998,"The smaller mammals of KwaZulu-Natal","University of Natal Press. Pietermaritzburg",,,"10.7196/samj.2022.v112i4.15986",,,"not_found","below_threshold","crossref;openalex",0.3078,FALSE,FALSE,FALSE,FALSE,FALSE,"https://openalex.org/W4226141478",FALSE,,"2026-10-06T00:06:14Z","tbmcite 0.1.0",,,,,
"Smith_2003","261","Goodwin, G. G. and Greenhall, A. M. 1961. A review of the bats of Trinidad and Tobago: Descriptions, rabies infection, and ecology. Bulletin of the American Museum of Natural History. 122:191-301.",,26,"compilation","Goodwin",1961,"A review of the bats of Trinidad and Tobago: Descriptions, rabies infection, and ecology","Bulletin of the American Museum of Natural History","122","191-301","10.5281/zenodo.8204791",,,"pending","ambiguous","crossref;openalex",1,TRUE,TRUE,FALSE,FALSE,FALSE,"https://openalex.org/W4385440000",FALSE,,"2026-10-06T00:06:14Z","tbmcite 0.1.0",,,,,
"Smith_2003","264","Álvarez-Castañeda, S. T. 2005. Peromyscus winkelmanni. Mammalian Species No. 765:1-3. The American Society of Mammalogists.",,1,"measurement","Alvarez-Castaneda",2005,"Peromyscus winkelmanni","Mammalian Species No. 765:1-3. The American Society of Mammalogists",,,"10.1644/1545-1410(2005)765[0001:pw]2.0.co;2",,,"pending","ambiguous","crossref;openalex",1,TRUE,TRUE,TRUE,FALSE,FALSE,"https://openalex.org/W4249920141",FALSE,,"2026-10-06T00:06:14Z","tbmcite 0.1.0",,,,,
"Smith_2003","265","Mantooth, S. J. and Best, T. L. 2005. Chaetodipus penicillatus. Mammalian Species No. 767:1-7. The American Society of Mammalogists.",,1,"measurement","Mantooth",2005,"Chaetodipus penicillatus","Mammalian Species No. 767:1-7. The American Society of Mammalogists",,,"10.1644/1545-1410(2005)767[0001:cp]2.0.co;2",,,"pending","ambiguous","crossref;openalex",1,TRUE,TRUE,TRUE,FALSE,FALSE,"https://openalex.org/W4242751981",FALSE,,"2026-10-06T00:06:14Z","tbmcite 0.1.0",,,,,
"Smith_2003","266","Krausman, P. R. and Morales, S. M. 2005. Acinonyx jubatus. Mammalian Species No. 771:1-6. The American Society of Mammalogists.",,1,"measurement","Krausman",2005,"Acinonyx jubatus","Mammalian Species No. 771:1-6. The American Society of Mammalogists",,,"10.1644/1545-1410(2005)771[0001:aj]2.0.co;2",,,"pending","ambiguous","crossref;openalex",1,TRUE,TRUE,TRUE,FALSE,FALSE,"https://openalex.org/W4230154861",FALSE,,"2026-10-06T00:06:14Z","tbmcite 0.1.0",,,,,
"Smith_2003","267","Adam, P. J. Lobodon carcinophaga. Mammalian Species No. 772:1-14. The American Society of Mammalogists.",,1,"measurement","Adam",,"Lobodon carcinophaga","Mammalian Species No. 772:1-14. The American Society of Mammalogists",,,"10.1644/1545-1410(2005)772[0001:lc]2.0.co;2",,,"pending","ambiguous","crossref;openalex",1,TRUE,FALSE,TRUE,FALSE,FALSE,"https://openalex.org/W4210953241",FALSE,,"2026-10-06T00:06:14Z","tbmcite 0.1.0",,,,,
"Smith_2003","269","Barnett, A. A. 2005. Cacajao melanocephalus. Mammalian Species No. 776:1-6. The American Society of Mammalogists.",,1,"measurement","Barnett",2005,"Cacajao melanocephalus","Mammalian Species No. 776:1-6. The American Society of Mammalogists",,,"10.1644/1545-1410(2005)776[0001:cm]2.0.co;2",,,"pending","ambiguous","crossref;openalex",1,TRUE,TRUE,TRUE,FALSE,FALSE,"https://openalex.org/W4214737580",FALSE,,"2026-10-06T00:06:14Z","tbmcite 0.1.0",,,,,
"Smith_2003","270","Rosi, M. I., Cona, M. I., Roig, V. G., Massarini, A. I., and Verzi, D. H. 2005. Ctenomys mendocinus. Mammalian Species No. 777:1-6. The American Society of Mammalogists.",,1,"measurement","Rosi",2005,"Ctenomys mendocinus","Mammalian Species No. 777:1-6. The American Society of Mammalogists",,,"10.1644/777.1",,,"certain","two_service_agreement","crossref;openalex",1,TRUE,TRUE,TRUE,FALSE,FALSE,"https://openalex.org/W4234873444",FALSE,,"2026-10-06T00:06:14Z","tbmcite 0.1.0",,,,"Consensus screen: DOI in neither service (none); owner waiver extended 2026-10-05, DOI re-accepted pre-emptively as doi: decision",
"Smith_2003","271","Mancina, C.A. 2005. Pteronotus macleayii. Mammalian Species No. 778: 1-3. The American Society of Mammalogists.",,1,"measurement","Mancina",2005,"Pteronotus macleayii","Mammalian Species No. 778: 1-3. The American Society of Mammalogists",,,"10.1644/778.1",,,"certain","two_service_agreement","crossref;openalex",1,TRUE,TRUE,TRUE,FALSE,FALSE,"https://openalex.org/W4242388974",FALSE,,"2026-10-06T00:06:14Z","tbmcite 0.1.0",,,,"Consensus screen: DOI in neither service (none); owner waiver extended 2026-10-05, DOI re-accepted pre-emptively as doi: decision",
"Smith_2003","272","Gorsuch, W. A., and Lariviére, S. 2005. Vormela peregusna. Mammalian Species No. 779:1-5. The American Society of Mammalogists.",,1,"measurement","Gorsuch",2005,"Vormela peregusna","Mammalian Species No. 779:1-5. The American Society of Mammalogists",,,"10.1644/779.1",,,"certain","two_service_agreement","crossref;openalex",1,TRUE,TRUE,TRUE,FALSE,FALSE,"https://openalex.org/W4248975629",FALSE,,"2026-10-06T00:06:14Z","tbmcite 0.1.0",,,,,
"Smith_2003","273","Barreto, G. R., and García-Rangel, S. 2005. Holochilus sciureus. Mammalian Species No. 780:1-5. The American Society of Mammalogists.",,1,"measurement","Barreto",2005,"Holochilus sciureus","Mammalian Species No. 780:1-5. The American Society of Mammalogists",,,"10.1644/780.1",,,"certain","two_service_agreement","crossref;openalex",1,TRUE,TRUE,TRUE,FALSE,FALSE,"https://openalex.org/W4251302888",FALSE,,"2026-10-06T00:06:14Z","tbmcite 0.1.0",,,,"Consensus screen: DOI in neither service (none); owner waiver extended 2026-10-05, DOI re-accepted pre-emptively as doi: decision",
"Smith_2003","274","Skurski, D. A., and Waterman, J. M. 2005. Xerus inauris. Mammalian Species No. 781:1-4. The American Society of Mammalogists",,1,"measurement","Skurski",2005,"Xerus inauris","Mammalian Species No. 781:1-4. The American Society of Mammalogists",,,"10.1644/781.1",,,"certain","two_service_agreement","crossref;openalex",1,TRUE,TRUE,TRUE,FALSE,FALSE,"https://openalex.org/W4238474822",FALSE,,"2026-10-06T00:06:14Z","tbmcite 0.1.0",,,,,
"Smith_2003","275","Yamada, F. and Cervantes, F. A. 2005. Pentalagus furnessi. Mammalian Species No. 782:1-5. The American Society of Mammalogists.",,1,"measurement","Yamada",2005,"Pentalagus furnessi","Mammalian Species No. 782:1-5. The American Society of Mammalogists",,,"10.1644/782.1",,,"certain","two_service_agreement","crossref;openalex",1,TRUE,TRUE,TRUE,FALSE,FALSE,"https://openalex.org/W4237736675",FALSE,,"2026-10-06T00:06:14Z","tbmcite 0.1.0",,,,,
"Smith_2003","276","De Mello Beisiegel, B. and Zuercher, G. L. 2005. Speothos venaticus. Mammalian Species No. 783:1-6. The American Society of Mammalogists.",,1,"measurement","De Mello Beisiegel",2005,"Speothos venaticus","Mammalian Species No. 783:1-6. The American Society of Mammalogists",,,"10.1644/783.1",,,"certain","two_service_agreement","crossref;openalex",1,TRUE,TRUE,TRUE,FALSE,FALSE,"https://openalex.org/W4245510192",FALSE,,"2026-10-06T00:06:14Z","tbmcite 0.1.0",,,,"Consensus screen: DOI in neither service (none); owner waiver extended 2026-10-05, DOI re-accepted pre-emptively as doi: decision",
"Smith_2003","277","Lausen, C. L. and Barclay, R. M. R. 2005. Pipistrellus nanus. Mammalian Species No. 784:1-7. The American Society of Mammalogists",,1,"measurement","Lausen",2005,"Pipistrellus nanus","Mammalian Species No. 784:1-7. The American Society of Mammalogists",,,"10.1644/784.1",,,"pending","ambiguous","crossref;openalex",1,TRUE,TRUE,TRUE,FALSE,FALSE,"https://openalex.org/W4249772156",FALSE,,"2026-10-06T00:06:14Z","tbmcite 0.1.0",,,,,
"Smith_2003","278","Hernández-Meza, B., Domínguez-Castellanos, Y. and Ortega, J. 2005. Mammalian Species No. 785:1-3. The American Society of Mammalogists",,1,"measurement","Hernandez-Meza",2005,"Myotis keaysi","785:1-3. The American Society of Mammalogists",,,"10.1016/j.bioelechem.2004.06.011",,,"not_found","below_threshold","crossref;openalex",0.4879,FALSE,TRUE,FALSE,FALSE,FALSE,"https://openalex.org/W2038419286",FALSE,,"2026-10-06T00:06:14Z","tbmcite 0.1.0",,,,"the list entry omits the species name of Mammalian Species 785; species filled from Crossref (Mammalian Species 785 = Myotis keaysi, 10.1644/785.1)",
"Smith_2003","279","Hwang, Y. T., and Lariviére, S. 2005. Lutrogale perspicillata. Mammalian Species No. 786:1-4. The American Society of Mammalogists",,1,"measurement","Hwang",2005,"Lutrogale perspicillata","Mammalian Species No. 786:1-4. The American Society of Mammalogists",,,"10.1644/786.1",,,"certain","two_service_agreement","crossref;openalex",1,TRUE,TRUE,TRUE,FALSE,FALSE,"https://openalex.org/W4244854868",FALSE,,"2026-10-06T00:06:14Z","tbmcite 0.1.0",,,,,
"Smith_2003","280","Sherwin, R. E. and Gannon, W. L. 2005. Ariteus flavescens.Mammalian Species No. 787:1-3. The American Society of Mammalogists",,1,"measurement","Sherwin",2005,"Ariteus flavescens.Mammalian Species No","787:1-3. The American Society of Mammalogists",,,"10.1644/787.1",,,"not_found","below_threshold","crossref;openalex",0.6462,TRUE,TRUE,FALSE,FALSE,FALSE,"https://openalex.org/W4250011730",FALSE,,"2026-10-06T00:06:14Z","tbmcite 0.1.0",,,,,
"Smith_2003","281","Lim, B. K., and Engstrom, M. D. 2001. Species diversity of bats (Mammalia: Chiroptera) in Iwokrama Forest, Guyana, and the Guianan subregion: implications for conservation. Biodiversity and Conservation 10:613-657.",,1,"measurement","Lim",2001,"Species diversity of bats (Mammalia: Chiroptera) in Iwokrama Forest, Guyana, and the Guianan subregion: implications for conservation","Biodiversity and Conservation","10","613-657","10.1023/a:1016660123189",,,"certain","two_service_agreement","crossref;openalex",1,TRUE,TRUE,TRUE,TRUE,TRUE,"https://openalex.org/W87356681",FALSE,,"2026-10-06T00:06:14Z","tbmcite 0.1.0",,,,,
"Smith_2003","282","Webala, P. W., Oguge, N. O. and Bekele, A. 2004. Bat species diversity and distribution in three vegetation communities of Meru National Park, Kenya. African Journal of Ecology 42: 171-179.",,1,"measurement","Webala",2004,"Bat species diversity and distribution in three vegetation communities of Meru National Park, Kenya","African Journal of Ecology","42","171-179","10.1111/j.1365-2028.2004.00505.x",,,"certain","two_service_agreement","crossref;openalex",1,TRUE,TRUE,TRUE,TRUE,TRUE,"https://openalex.org/W2136468620",FALSE,,"2026-10-06T00:06:14Z","tbmcite 0.1.0",,,,,
"Smith_2003","283","Wang, J-M, Zhang, Y-M, Wang, D-H. 2006. Seasonal thermogenesis and body mass regulation in plateau pikas (Ochotona curzoniae).",,1,"measurement","Wang",2006,"Seasonal thermogenesis and body mass regulation in plateau pikas (Ochotona curzoniae)",,,,"10.1007/s00442-006-0469-1",,,"pending","weak_match","crossref;openalex",1,TRUE,TRUE,FALSE,FALSE,FALSE,"https://openalex.org/W2008354121",FALSE,,"2026-10-06T00:06:14Z","tbmcite 0.1.0",,,,,
"Smith_2003","WalkersOnline","walkers online",,15,"compilation","Nowak",1999,"Walker's Mammals of the World","Volume 1 and 2. Baltimore: John Hopkins University Press",,,"10.1017/s0030605300018810",,,"not_found","below_threshold","crossref;openalex",0.5011,FALSE,FALSE,FALSE,FALSE,FALSE,"https://openalex.org/W2141734742",FALSE,,"2026-10-06T00:06:14Z","tbmcite 0.1.0",,,,"text key of the Mass Reference column (15 kept rows); Walker's Mammals of the World consulted online; the printed sixth edition is entry 56 (Nowak 1999); METADATA: ""Masses for additional species provided by Morgan Ernest (Walker's Mammals of the World)""; owner decision 2026-10-05: folded into entry 56 (Nowak 1999) as one DOI-less entry",
"Smith_2003","Walkers","walkers",,4,"compilation","Nowak",1999,"Walker's Mammals of the World","Volume 1 and 2. Baltimore: John Hopkins University Press",,,"10.1017/s0030605300018810",,,"not_found","below_threshold","crossref;openalex",0.5011,FALSE,FALSE,FALSE,FALSE,FALSE,"https://openalex.org/W2141734742",FALSE,,"2026-10-06T00:06:14Z","tbmcite 0.1.0",,,,"text key of the Mass Reference column (4 kept rows); Walker's Mammals of the World, edition unstated (entry 56 is the printed sixth edition, WalkersOnline the online form); owner decision 2026-10-05: folded into entry 56 (Nowak 1999) as one DOI-less entry",
"Smith_2003","DamuthWG","Damuth working group",,11,"compilation","Damuth working group",,"Damuth working group",,,,"10.7490/f1000research.1114856.1",,,"not_found","below_threshold","crossref;openalex",0.5176,FALSE,FALSE,FALSE,FALSE,FALSE,"https://openalex.org/W2944651285",FALSE,,"2026-10-06T00:06:14Z","tbmcite 0.1.0",,,,"text key of the Mass Reference column (11 kept rows); unpublished data of a working group around J. Damuth (the NCEAS body-size working group of the data paper); cf. METADATA: ""Kate Jones (sources: Damuth, 1998 and Lovegrove 2001)""",
"Smith_2003","Goheen","Jake Goheen",,11,"measurement","Jake Goheen",,"Jake Goheen",,,,"10.1093/benz/9780199773787.article.b00018177",,,"not_found","below_threshold","crossref;openalex",0.4452,FALSE,FALSE,FALSE,FALSE,FALSE,"https://openalex.org/W4251587875",FALSE,,"2026-10-06T00:06:14Z","tbmcite 0.1.0",,,,"text key of the Mass Reference column (11 kept rows, written 'Jake Goheen' or 'jake'); masses sent by Jake Goheen from the Nairobi Museum (METADATA entries of 2004-06-22 and 2005-07-02); personal communication",
"Smith_2003","MorganErnest","Morgans dataset",,4,"compilation","Morgans dataset",,"Morgans dataset",,,,"10.1093/oseo/instance.00284333",,,"not_found","below_threshold","crossref;openalex",0.306,FALSE,FALSE,FALSE,FALSE,FALSE,"https://openalex.org/W635226216",FALSE,,"2026-10-06T00:06:14Z","tbmcite 0.1.0",,,,"text key of the Mass Reference column (4 kept rows, 'Morgans dataset' or 'Morgan'); S. K. Morgan Ernest's data set (METADATA: Australia from Strahan 1995; additional species from Walker's Mammals of the World); unpublished",
"Smith_2003","Woodman","Neal Woodman pers. Com",,3,"measurement","Neal Woodman pers",,"Neal Woodman pers","Com",,,"10.1093/benz/9780199773787.article.b2236058",,,"not_found","below_threshold","crossref;openalex",0.4696,FALSE,FALSE,FALSE,FALSE,FALSE,"https://openalex.org/W4231233750",FALSE,,"2026-10-06T00:06:14Z","tbmcite 0.1.0",,,,"text key of the Mass Reference column (3 kept rows, 'Neal Woodman_ pers com.' and 'Neal Woodman pers. Com'); Cryptotis body sizes given by Neal Woodman (METADATA 2004-08-13); personal communication",
"Smith_2003","PanTHERIA","Pantheria",,3,"compilation","Pantheria",,"Pantheria",,,,"10.1890/08-1494.1",,,"not_found","below_threshold","crossref;openalex;consensus-mcp",0.4498,FALSE,FALSE,FALSE,FALSE,FALSE,"https://openalex.org/W2146713153",FALSE,,"2026-10-06T00:06:14Z","tbmcite 0.1.0",,,,"text key of the Mass Reference column (3 kept rows, 'Pantheria' or 'Pantehria'); PanTHERIA (Jones et al. 2009), the database source Jones_2009; METADATA 2010-05-18: ""SKL added body size for Moschus fuscus, Ochotona curzoniae, Ochotona cansus, Sciurus lis from Pantheria""",
"Smith_2003","MammSpp249","Mammalian species No.249",,1,"measurement","Mammalian species No",,"Mammalian species No.249",,,,"10.2307/3503804",,,"not_found","below_threshold","crossref;openalex",0.3044,FALSE,FALSE,FALSE,FALSE,FALSE,"https://openalex.org/W4254637745",FALSE,,"2026-10-06T00:06:14Z","tbmcite 0.1.0",,,,"text key of the Mass Reference column (1 kept row, Syntheosciurus brochus); Mammalian Species account no. 249, not among the numbered entries; owner decision 2026-10-05: Mammalian Species account 249 identified at Crossref as Wells 1985, Syntheosciurus brochus, 10.2307/3504006",
"Smith_2003","MammSpp459","mammalian spp. Account No. 459",,1,"measurement","mammalian spp",,"mammalian spp","Account No. 459",,,"10.3389/fimmu.2017.01614",,,"not_found","below_threshold","crossref;openalex",0.4401,FALSE,FALSE,FALSE,FALSE,FALSE,"https://openalex.org/W2768123055",FALSE,,"2026-10-06T00:06:14Z","tbmcite 0.1.0",,,,"text key of the Mass Reference column (1 kept row, Phodopus roborovskii); Mammalian Species account no. 459, not among the numbered entries; owner decision 2026-10-05: Mammalian Species account 459 identified at Crossref as Ross 1994, Phodopus roborovskii, 10.2307/3504098",
"Smith_2003","AfghanPDF","mammals of afghan.pdf",,3,"measurement","mammals of afghan",,"mammals of afghan.pdf",,,,"10.29171/azu_acku_serial_ds371_2_a544_v1986_n53",,,"not_found","below_threshold","crossref;openalex",0.3558,FALSE,FALSE,FALSE,FALSE,FALSE,"https://openalex.org/W4250148494",FALSE,,"2026-10-06T00:06:14Z","tbmcite 0.1.0",,,,"text key of the Mass Reference column (3 kept rows, 'Afghan mammals.pdf' or 'mammals of afghan.pdf'); an unidentified PDF on the mammals of Afghanistan; owner decision 2026-10-05: dropped (no author or title; the records cite the compilation)",
"Smith_2003","IiasaTropMoist","www.iiasa.ac.at/~sendzim/MammalDataSets/ Tropical%20Moist%20Forest%20Mammals.xls",,3,"compilation","Sendzimir",,"www.iiasa.ac.at/~sendzim/MammalDataSets/ Tropical%20Moist%20Forest%20Mammals.xls","IIASA mammal data sets (www.iiasa.ac.at/~sendzim/MammalDataSets/)",,,"10.1007/978-1-4757-2135-5_18",,,"not_found","below_threshold","crossref;openalex",0.3093,FALSE,FALSE,FALSE,FALSE,FALSE,"https://openalex.org/W115824627",FALSE,,"2026-10-06T00:06:14Z","tbmcite 0.1.0",,,,"URL key of the Mass Reference column (3 kept rows); a third IIASA mammal data set of J. Sendzimir (entries 174 and 196 are the other two)",
"Smith_2003","IiasaAfrRainfor","www.iiasa.ac.at/~sendzim/MammalDataSets/ African%20Rainfor%20Mamm.xls",,1,"compilation","Sendzimir",,"www.iiasa.ac.at/~sendzim/MammalDataSets/ African%20Rainfor%20Mamm.xls","IIASA mammal data sets (www.iiasa.ac.at/~sendzim/MammalDataSets/)",,,"10.1007/springerreference_5637",,,"not_found","below_threshold","crossref;openalex",0.4013,FALSE,FALSE,FALSE,FALSE,FALSE,"https://openalex.org/W4242556285",FALSE,,"2026-10-06T00:06:14Z","tbmcite 0.1.0",,,,"URL key of the Mass Reference column (1 kept row); a fourth IIASA mammal data set of J. Sendzimir",
"Smith_2003","web.vienna.talpinae.mogera","http://members.vienna.at/shrew/itsesAP95-talpinae.htmlNo.mogera",,3,"measurement","members.vienna.at/shrew (Eurasian insectivore pages)",,"http://members.vienna.at/shrew/itsesAP95-talpinae.htmlNo.mogera",,,,"10.3724/sp.j.1141.2012.01067",,,"not_found","below_threshold","crossref;openalex",0.371,FALSE,FALSE,FALSE,FALSE,FALSE,"https://openalex.org/W2349063600",FALSE,,"2026-10-06T00:06:14Z","tbmcite 0.1.0",,,,"URL key of the Mass Reference column (3 kept rows); species page of the shrew site members.vienna.at/shrew (itsesAP95 pages); URL: http://members.vienna.at/shrew/itsesAP95-talpinae.htmlNo.mogera",
"Smith_2003","web.vienna.erinaceidae.hylomys","http://members.vienna.at/shrew/itsesAP95-erinaceidae.htmlNo.hylomys",,2,"measurement","members.vienna.at/shrew (Eurasian insectivore pages)",,"http://members.vienna.at/shrew/itsesAP95-erinaceidae.htmlNo.hylomys",,,,"10.3724/sp.j.1141.2012.01067",,,"not_found","below_threshold","crossref;openalex",0.3831,FALSE,FALSE,FALSE,FALSE,FALSE,"https://openalex.org/W2349063600",FALSE,,"2026-10-06T00:06:14Z","tbmcite 0.1.0",,,,"URL key of the Mass Reference column (2 kept rows); species page of the shrew site members.vienna.at/shrew (itsesAP95 pages); URL: http://members.vienna.at/shrew/itsesAP95-erinaceidae.htmlNo.hylomys",
"Smith_2003","web.vienna.erinaceidae.mesechinus","http://members.vienna.at/shrew/itsesAP95-erinaceidae.htmlNo.mesechinus",,1,"measurement","members.vienna.at/shrew (Eurasian insectivore pages)",,"http://members.vienna.at/shrew/itsesAP95-erinaceidae.htmlNo.mesechinus",,,,"10.3724/sp.j.1141.2012.01067",,,"not_found","below_threshold","crossref;openalex",0.3909,FALSE,FALSE,FALSE,FALSE,FALSE,"https://openalex.org/W2349063600",FALSE,,"2026-10-06T00:06:14Z","tbmcite 0.1.0",,,,"URL key of the Mass Reference column (1 kept row); species page of the shrew site members.vienna.at/shrew (itsesAP95 pages); URL: http://members.vienna.at/shrew/itsesAP95-erinaceidae.htmlNo.mesechinus",
"Smith_2003","web.vienna.sorex.asper","http://members.vienna.at/shrew/itsesAP95-sorex.htmlNo.asper",,1,"measurement","members.vienna.at/shrew (Eurasian insectivore pages)",,"http://members.vienna.at/shrew/itsesAP95-sorex.htmlNo.asper",,,,"10.2307/jj.30297277.46",,,"not_found","below_threshold","crossref;openalex",0.4236,FALSE,FALSE,FALSE,FALSE,FALSE,"https://openalex.org/W4411474263",FALSE,,"2026-10-06T00:06:14Z","tbmcite 0.1.0",,,,"URL key of the Mass Reference column (1 kept row); species page of the shrew site members.vienna.at/shrew (itsesAP95 pages); URL: http://members.vienna.at/shrew/itsesAP95-sorex.htmlNo.asper",
"Smith_2003","web.vienna.sorex.gracillimus","http://members.vienna.at/shrew/itsesAP95-sorex.htmlNo.gracillimus",,1,"measurement","members.vienna.at/shrew (Eurasian insectivore pages)",,"http://members.vienna.at/shrew/itsesAP95-sorex.htmlNo.gracillimus",,,,"10.2307/jj.30297277.46",,,"not_found","below_threshold","crossref;openalex",0.4243,FALSE,FALSE,FALSE,FALSE,FALSE,"https://openalex.org/W4411474263",FALSE,,"2026-10-06T00:06:14Z","tbmcite 0.1.0",,,,"URL key of the Mass Reference column (1 kept row); species page of the shrew site members.vienna.at/shrew (itsesAP95 pages); URL: http://members.vienna.at/shrew/itsesAP95-sorex.htmlNo.gracillimus",
"Smith_2003","web.vienna.sorex.roboratus","http://members.vienna.at/shrew/itsesAP95-sorex.htmlNo.roboratus",,1,"measurement","members.vienna.at/shrew (Eurasian insectivore pages)",,"http://members.vienna.at/shrew/itsesAP95-sorex.htmlNo.roboratus",,,,"10.2307/jj.30297277.46",,,"not_found","below_threshold","crossref;openalex",0.4343,FALSE,FALSE,FALSE,FALSE,FALSE,"https://openalex.org/W4411474263",FALSE,,"2026-10-06T00:06:14Z","tbmcite 0.1.0",,,,"URL key of the Mass Reference column (1 kept row); species page of the shrew site members.vienna.at/shrew (itsesAP95 pages); URL: http://members.vienna.at/shrew/itsesAP95-sorex.htmlNo.roboratus",
"Smith_2003","web.vienna.sorex.sinalis","http://members.vienna.at/shrew/itsesAP95-sorex.htmlNo.sinalis",,1,"measurement","members.vienna.at/shrew (Eurasian insectivore pages)",,"http://members.vienna.at/shrew/itsesAP95-sorex.htmlNo.sinalis",,,,"10.1007/s12686-017-0780-7",,,"not_found","below_threshold","crossref;openalex",0.4592,FALSE,FALSE,FALSE,FALSE,FALSE,"https://openalex.org/W2618853453",FALSE,,"2026-10-06T00:06:14Z","tbmcite 0.1.0",,,,"URL key of the Mass Reference column (1 kept row); species page of the shrew site members.vienna.at/shrew (itsesAP95 pages); URL: http://members.vienna.at/shrew/itsesAP95-sorex.htmlNo.sinalis",
"Smith_2003","web.vienna.soricinae.schelkovnikovi","http://members.vienna.at/shrew/itsesAP95-soricinae.htmlNo.schelkovnikovi",,1,"measurement","members.vienna.at/shrew (Eurasian insectivore pages)",,"http://members.vienna.at/shrew/itsesAP95-soricinae.htmlNo.schelkovnikovi",,,,"10.3724/sp.j.1141.2012.01067",,,"not_found","below_threshold","crossref;openalex",0.3724,FALSE,FALSE,FALSE,FALSE,FALSE,"https://openalex.org/W2349063600",FALSE,,"2026-10-06T00:06:14Z","tbmcite 0.1.0",,,,"URL key of the Mass Reference column (1 kept row); species page of the shrew site members.vienna.at/shrew (itsesAP95 pages); URL: http://members.vienna.at/shrew/itsesAP95-soricinae.htmlNo.schelkovnikovi",
"Smith_2003","web.vienna.soriculus.caudatus","http://members.vienna.at/shrew/itsesAP95-soriculus.htmlNo.caudatus",,1,"measurement","members.vienna.at/shrew (Eurasian insectivore pages)",,"http://members.vienna.at/shrew/itsesAP95-soriculus.htmlNo.caudatus",,,,"10.1111/j.1749-4877.2008.00097.x",,,"not_found","below_threshold","crossref;openalex",0.4153,FALSE,FALSE,FALSE,FALSE,FALSE,"https://openalex.org/W2017320158",FALSE,,"2026-10-06T00:06:14Z","tbmcite 0.1.0",,,,"URL key of the Mass Reference column (1 kept row); species page of the shrew site members.vienna.at/shrew (itsesAP95 pages); URL: http://members.vienna.at/shrew/itsesAP95-soriculus.htmlNo.caudatus",
"Smith_2003","web.vienna.soriculus.leucops","http://members.vienna.at/shrew/itsesAP95-soriculus.htmlNo.leucops",,1,"measurement","members.vienna.at/shrew (Eurasian insectivore pages)",,"http://members.vienna.at/shrew/itsesAP95-soriculus.htmlNo.leucops",,,,"10.3724/sp.j.1141.2012.01067",,,"not_found","below_threshold","crossref;openalex",0.3665,FALSE,FALSE,FALSE,FALSE,FALSE,"https://openalex.org/W2349063600",FALSE,,"2026-10-06T00:06:14Z","tbmcite 0.1.0",,,,"URL key of the Mass Reference column (1 kept row); species page of the shrew site members.vienna.at/shrew (itsesAP95 pages); URL: http://members.vienna.at/shrew/itsesAP95-soriculus.htmlNo.leucops",
"Smith_2003","web.vienna.soriculus.macrurus","http://members.vienna.at/shrew/itsesAP95-soriculus.htmlNo.macrurus",,1,"measurement","members.vienna.at/shrew (Eurasian insectivore pages)",,"http://members.vienna.at/shrew/itsesAP95-soriculus.htmlNo.macrurus",,,,"10.3724/sp.j.1141.2012.01067",,,"not_found","below_threshold","crossref;openalex",0.3683,FALSE,FALSE,FALSE,FALSE,FALSE,"https://openalex.org/W2349063600",FALSE,,"2026-10-06T00:06:14Z","tbmcite 0.1.0",,,,"URL key of the Mass Reference column (1 kept row); species page of the shrew site members.vienna.at/shrew (itsesAP95 pages); URL: http://members.vienna.at/shrew/itsesAP95-soriculus.htmlNo.macrurus",
"Smith_2003","web.vienna.talpinae","http://members.vienna.at/shrew/itsesAP95-talpinae.html",,1,"measurement","members.vienna.at/shrew (Eurasian insectivore pages)",,"http://members.vienna.at/shrew/itsesAP95-talpinae.html",,,,"10.3724/sp.j.1141.2012.01067",,,"not_found","below_threshold","crossref;openalex",0.3649,FALSE,FALSE,FALSE,FALSE,FALSE,"https://openalex.org/W2349063600",FALSE,,"2026-10-06T00:06:14Z","tbmcite 0.1.0",,,,"URL key of the Mass Reference column (1 kept row); family page of the shrew site members.vienna.at/shrew (itsesAP95 pages); URL: http://members.vienna.at/shrew/itsesAP95-talpinae.html",
"Smith_2003","web.vienna.talpinae.scapanulus","http://members.vienna.at/shrew/itsesAP95-talpinae.htmlNo.scapanulus",,1,"measurement","members.vienna.at/shrew (Eurasian insectivore pages)",,"http://members.vienna.at/shrew/itsesAP95-talpinae.htmlNo.scapanulus",,,,"10.3724/sp.j.1141.2012.01067",,,"not_found","below_threshold","crossref;openalex",0.3756,FALSE,FALSE,FALSE,FALSE,FALSE,"https://openalex.org/W2349063600",FALSE,,"2026-10-06T00:06:14Z","tbmcite 0.1.0",,,,"URL key of the Mass Reference column (1 kept row); species page of the shrew site members.vienna.at/shrew (itsesAP95 pages); URL: http://members.vienna.at/shrew/itsesAP95-talpinae.htmlNo.scapanulus",
"Smith_2003","web.vienna.talpinae.scaptonyx","http://members.vienna.at/shrew/itsesAP95-talpinae.htmlNo.scaptonyx",,1,"measurement","members.vienna.at/shrew (Eurasian insectivore pages)",,"http://members.vienna.at/shrew/itsesAP95-talpinae.htmlNo.scaptonyx",,,,"10.3724/sp.j.1141.2012.01067",,,"not_found","below_threshold","crossref;openalex",0.3652,FALSE,FALSE,FALSE,FALSE,FALSE,"https://openalex.org/W2349063600",FALSE,,"2026-10-06T00:06:14Z","tbmcite 0.1.0",,,,"URL key of the Mass Reference column (1 kept row); species page of the shrew site members.vienna.at/shrew (itsesAP95 pages); URL: http://members.vienna.at/shrew/itsesAP95-talpinae.htmlNo.scaptonyx",
"Smith_2003","web.napak.marmots","http://www.napak.com/marmots_of_the_world.html",,2,"measurement","napak.com",,"http://www.napak.com/marmots_of_the_world.html",,,,"10.33021/exp.v2i1.437",,,"not_found","below_threshold","crossref;openalex",0.3511,FALSE,FALSE,FALSE,FALSE,FALSE,"https://openalex.org/W2953605751",FALSE,,"2026-10-06T00:06:14Z","tbmcite 0.1.0",,,,"URL key of the Mass Reference column (2 kept rows); web page; URL: http://www.napak.com/marmots_of_the_world.html",
"Smith_2003","web.aciar.mn100","www.aciar.gov.au/web.nsf/ doc/ACIA-5UFV6V/$file/MN100-Part%203.pd",,2,"measurement","www",,"www.aciar.gov.au/web.nsf/ doc/ACIA-5UFV6V/$file/MN100-Part%203.pd",,,,"10.1145/1060745.1060746",,,"not_found","below_threshold","crossref;openalex",0.4101,FALSE,FALSE,FALSE,FALSE,FALSE,"https://openalex.org/W2029749589",FALSE,,"2026-10-06T00:06:14Z","tbmcite 0.1.0",,,,"URL key of the Mass Reference column (2 kept rows); an ACIAR monograph PDF (MN100, part 3); URL: www.aciar.gov.au/web.nsf/ doc/ACIA-5UFV6V/$file/MN100-Part%203.pd",
"Smith_2003","web.adw.moschus-fuscus","http://animaldiversity.ummz.umich.edu/site/accounts/information/Moschus_fuscus.html",,1,"measurement","Animal Diversity Web",,"http://animaldiversity.ummz.umich.edu/site/accounts/information/Moschus_fuscus.html",,,,"10.1016/b978-1-59-749951-4.00002-3",,,"not_found","below_threshold","crossref;openalex",0.4432,FALSE,FALSE,FALSE,FALSE,FALSE,"https://openalex.org/W2499200734",FALSE,,"2026-10-06T00:06:14Z","tbmcite 0.1.0",,,,"URL key of the Mass Reference column (1 kept row); Animal Diversity Web species account (the site itself is entry 73); URL: http://animaldiversity.ummz.umich.edu/site/accounts/information/Moschus_fuscus.html",
"Smith_2003","web.lyon.marmot.himalayana","http://cons-dev.univ-lyon1.fr/MARMOTTE/MARMOT.EN/SAGA.EN/WORLD.MARMOT/Species/entexthima.html",,1,"measurement","cons-dev.univ-lyon1.fr (World Marmot pages)",,"http://cons-dev.univ-lyon1.fr/MARMOTTE/MARMOT.EN/SAGA.EN/WORLD.MARMOT/Species/entexthima.html",,,,"10.31219/osf.io/kztrc_v2",,,"not_found","below_threshold","crossref;openalex",0.3465,FALSE,FALSE,FALSE,FALSE,FALSE,"https://openalex.org/W4413779846",FALSE,,"2026-10-06T00:06:14Z","tbmcite 0.1.0",,,,"URL key of the Mass Reference column (1 kept row); web page; URL: http://cons-dev.univ-lyon1.fr/MARMOTTE/MARMOT.EN/SAGA.EN/WORLD.MARMOT/Species/entexthima.html",
"Smith_2003","web.tripod.trachypithecus-auratus","http://members.tripod.com/uakari/trachypithecus_auratus.html",,1,"measurement","members.tripod.com/uakari",,"http://members.tripod.com/uakari/trachypithecus_auratus.html",,,,"10.31420/uakari.v8i2.114",,,"not_found","below_threshold","crossref;openalex",0.3464,FALSE,FALSE,FALSE,FALSE,FALSE,"https://openalex.org/W1598562262",FALSE,,"2026-10-06T00:06:14Z","tbmcite 0.1.0",,,,"URL key of the Mass Reference column (1 kept row); web page; URL: http://members.tripod.com/uakari/trachypithecus_auratus.html",
"Smith_2003","web.animalinfo.anthor","http://www.animalinfo.org/species/bat/anthor .htm",,1,"measurement","http",,"http://www.animalinfo.org/species/bat/anthor .htm",,,,"10.1007/978-3-642-95855-7_10",,,"not_found","below_threshold","crossref;openalex",0.4456,FALSE,FALSE,FALSE,FALSE,FALSE,"https://openalex.org/W4229510177",FALSE,,"2026-10-06T00:06:14Z","tbmcite 0.1.0",,,,"URL key of the Mass Reference column (1 kept row); animalinfo.org species page (entries 229 and 230 are two other pages of the site); URL: http://www.animalinfo.org/species/bat/anthor .htm",
"Smith_2003","web.animalinfo.embadian","http://www.animalinfo.org/species/bat/embadian.htm",,1,"measurement","animalinfo.org",,"http://www.animalinfo.org/species/bat/embadian.htm",,,,"10.1353/rom.0.0016",,,"not_found","below_threshold","crossref;openalex",0.3234,FALSE,FALSE,FALSE,FALSE,FALSE,"https://openalex.org/W1529364779",FALSE,,"2026-10-06T00:06:14Z","tbmcite 0.1.0",,,,"URL key of the Mass Reference column (1 kept row); animalinfo.org species page; URL: http://www.animalinfo.org/species/bat/embadian.htm",
"Smith_2003","web.animalinfo.nesonets","http://www.animalinfo.org/species/nesonets.htm",,1,"measurement","animalinfo.org",,"http://www.animalinfo.org/species/nesonets.htm",,,,"10.1353/rom.0.0005",,,"not_found","below_threshold","crossref;openalex",0.3316,FALSE,FALSE,FALSE,FALSE,FALSE,"https://openalex.org/W2124073436",FALSE,,"2026-10-06T00:06:14Z","tbmcite 0.1.0",,,,"URL key of the Mass Reference column (1 kept row); animalinfo.org species page; URL: http://www.animalinfo.org/species/nesonets.htm",
"Smith_2003","web.ukraine.bobac","http://www.encyclopediaofukraine.com/pages/B/O/Bobac.htm",,1,"measurement","Encyclopedia of Ukraine",,"http://www.encyclopediaofukraine.com/pages/B/O/Bobac.htm",,,,"10.3917/ethn.083.0561e",,,"not_found","below_threshold","crossref;openalex",0.365,FALSE,FALSE,FALSE,FALSE,FALSE,"https://openalex.org/W7116846732",FALSE,,"2026-10-06T00:06:14Z","tbmcite 0.1.0",,,,"URL key of the Mass Reference column (1 kept row); web page; URL: http://www.encyclopediaofukraine.com/pages/B/O/Bobac.htm",
"Smith_2003","web.glirarium.chaetocauda","http://www.glirarium.org/dormouse/biology-chaetocauda.html",,1,"measurement","glirarium.org",,"http://www.glirarium.org/dormouse/biology-chaetocauda.html",,,,"10.1007/978-3-662-63701-2_27",,,"not_found","below_threshold","crossref;openalex",0.4697,FALSE,FALSE,FALSE,FALSE,FALSE,"https://openalex.org/W3216140819",FALSE,,"2026-10-06T00:06:14Z","tbmcite 0.1.0",,,,"URL key of the Mass Reference column (1 kept row); web page; URL: http://www.glirarium.org/dormouse/biology-chaetocauda.html",
"Smith_2003","web.kyrgyz-taigan.gallery","http://www.kyrgyz-taigan.elcat.kg/eng-gallery%205%203.htm",,1,"measurement","kyrgyz-taigan.elcat.kg",,"http://www.kyrgyz-taigan.elcat.kg/eng-gallery%205%203.htm",,,,,,,"not_found","no_candidates","crossref;openalex",,,,,,,,FALSE,,"2026-10-06T00:06:14Z","tbmcite 0.1.0",,,,"URL key of the Mass Reference column (1 kept row); web page; URL: http://www.kyrgyz-taigan.elcat.kg/eng-gallery%205%203.htm",
"Smith_2003","web.tiho.gibbons","http://www.tiho-hannover.de/gibbons/main2/index.html",,1,"measurement","tiho-hannover.de (gibbon pages)",,"http://www.tiho-hannover.de/gibbons/main2/index.html",,,,"10.1055/s-0034-1396235",,,"not_found","below_threshold","crossref;openalex",0.3625,FALSE,FALSE,FALSE,FALSE,FALSE,"https://openalex.org/W2317555554",FALSE,,"2026-10-06T00:06:14Z","tbmcite 0.1.0",,,,"URL key of the Mass Reference column (1 kept row); web page; URL: http://www.tiho-hannover.de/gibbons/main2/index.html",
"Smith_2003","web.traveltaiwan.em","http://www.traveltaiwan.com/e/em.html",,1,"measurement","traveltaiwan.com",,"http://www.traveltaiwan.com/e/em.html",,,,"10.46430/phpt0030",,,"not_found","below_threshold","crossref;openalex",0.4298,FALSE,FALSE,FALSE,FALSE,FALSE,"https://openalex.org/W4308004604",FALSE,,"2026-10-06T00:06:14Z","tbmcite 0.1.0",,,,"URL key of the Mass Reference column (1 kept row); web page; URL: http://www.traveltaiwan.com/e/em.html",
"Smith_2003","web.ultimateungulate.dama-mesopotamica","http://www.ultimateungulate.com/Artiodactyla/Dama_mesopotamica.html",,1,"measurement","ultimateungulate.com",,"http://www.ultimateungulate.com/Artiodactyla/Dama_mesopotamica.html",,,,"10.1007/978-3-662-63701-2_27",,,"not_found","below_threshold","crossref;openalex",0.4636,FALSE,FALSE,FALSE,FALSE,FALSE,"https://openalex.org/W3216140819",FALSE,,"2026-10-06T00:06:14Z","tbmcite 0.1.0",,,,"URL key of the Mass Reference column (1 kept row); web page; URL: http://www.ultimateungulate.com/Artiodactyla/Dama_mesopotamica.html",
"Smith_2003","web.ultimateungulate.sus-celebensis","http://www.ultimateungulate.com/Artiodactyla/Sus_celebensis.html",,1,"measurement","ultimateungulate.com",,"http://www.ultimateungulate.com/Artiodactyla/Sus_celebensis.html",,,,"10.1007/978-3-662-63701-2_27",,,"not_found","below_threshold","crossref;openalex",0.4714,FALSE,FALSE,FALSE,FALSE,FALSE,"https://openalex.org/W3216140819",FALSE,,"2026-10-06T00:06:14Z","tbmcite 0.1.0",,,,"URL key of the Mass Reference column (1 kept row); web page; URL: http://www.ultimateungulate.com/Artiodactyla/Sus_celebensis.html",
"Smith_2003","web.earthscape.robinson23","www.earthscape.org/r3/robinson/robinson23.pdf",,1,"measurement","www",,"www.earthscape.org/r3/robinson/robinson23.pdf",,,,"10.1007/978-3-642-18963-0_3",,,"not_found","below_threshold","crossref;openalex",0.4243,FALSE,FALSE,FALSE,FALSE,FALSE,"https://openalex.org/W329442461",FALSE,,"2026-10-06T00:06:14Z","tbmcite 0.1.0",,,,"URL key of the Mass Reference column (1 kept row); PDF; URL: www.earthscape.org/r3/robinson/robinson23.pdf",
"Smith_2003","web.hokudai.oriilist08","www.hokudai.ac.jp/fsc/ bg/muse/PDF/oriipdf/oriilist08.pdf",,1,"measurement","www",,"www.hokudai.ac.jp/fsc/ bg/muse/PDF/oriipdf/oriilist08.pdf",,,,"10.55277/researchhub.2q1iiwny.1",,,"not_found","below_threshold","crossref;openalex",0.401,FALSE,FALSE,FALSE,FALSE,FALSE,"https://openalex.org/W7160275550",FALSE,,"2026-10-06T00:06:14Z","tbmcite 0.1.0",,,,"URL key of the Mass Reference column (1 kept row); PDF; URL: www.hokudai.ac.jp/fsc/ bg/muse/PDF/oriipdf/oriilist08.pdf",
"Smith_2003","655",,,1,"measurement",,,,,,,,,,"rejected","owner_drop",,,,,,,,,,,,"tbmcite 0.1.0","owner","2026-10-05",,"key not in reference list; dropped (owner decision 2026-10-05)",
