"source_label","native_key","raw_citation","raw_doi","n_records","role","parsed_author1","parsed_year","parsed_title","parsed_container","parsed_volume","parsed_pages","doi","bibcite","cite_id","match_status","match_reason","services","title_sim","author_match","year_match","container_match","volume_match","pages_match","openalex_id","is_retracted","editorial_notice","verified_at","tool_version","decided_by","decided_at","year_override","notes","owner_review"
"Faurby_etal_2018","h:003f9b03","Flannery TM. Mammals of New Guinea (1995)",,20,"compilation","Flannery Mammals of New Guinea",1995,,,,,,,,,,,,,,,,,,,,,"tbmcite 0.1.0",,,,,
"Faurby_etal_2018","h:00bf2c9e","Bulletin of the American Museum of Natural History 168: 225-334 (1981)",,1,"measurement","Bulletin of the American Museum of Natural History  -",1981,,,,,,,,,,,,,,,,,,,,,"tbmcite 0.1.0",,,,,
"Faurby_etal_2018","h:01d82ae4","North American Fauna 10: 5-35 (1895)",,2,"measurement","North American Fauna  -",1895,,,,,,,,,,,,,,,,,,,,,"tbmcite 0.1.0",,,,,
"Faurby_etal_2018","h:020b5419","Bulletin of the American Museum of Natural History 5: 203-234 (1893)",,1,"measurement","Bulletin of the American Museum of Natural History  -",1893,,,,,,,,,,,,,,,,,,,,,"tbmcite 0.1.0",,,,,
"Faurby_etal_2018","h:03e93098","Tropical Zoology 9: 73-164 (1986)",,1,"measurement","Tropical Zoology  -",1986,,,,,,,,,,,,,,,,,,,,,"tbmcite 0.1.0",,,,,
"Faurby_etal_2018","h:0425283f","American Museum Novitates 3358: 1-14 (2002)",,1,"measurement","American Museum Novitates  -",2002,,,,,,,,,,,,,,,,,,,,,"tbmcite 0.1.0",,,,,
"Faurby_etal_2018","h:04e388ae","Bulletin of the British Museum. Zoology 63: 123-128(1997)",,1,"measurement","Bulletin of the British Museum Zoology  -",1997,,,,,,,,,,,,,,,,,,,,,"tbmcite 0.1.0",,,,,
"Faurby_etal_2018","h:05082bb2","Mammalia 27: 238-255 (1963)",,1,"measurement","Mammalia  -",1963,,,,,,,,,,,,,,,,,,,,,"tbmcite 0.1.0",,,,,
"Faurby_etal_2018","h:0531f081","Journal of Biogeography 35: 1087-1094 (2008)",,12,"measurement","Journal of Biogeography  -",2008,,,,,,,,,,,,,,,,,,,,,"tbmcite 0.1.0",,,,,
"Faurby_etal_2018","h:05416547","Records of the Western Australian Museum 16: 399-417 (1993)",,2,"measurement","Records of the Western Australian Museum  -",1993,,,,,,,,,,,,,,,,,,,,,"tbmcite 0.1.0",,,,,
"Faurby_etal_2018","h:06ef4985","Mittermeier RA, Rylands AB,  Wilson DE Handbook of the Mammals of the World - Volume 3 (2013) (as S. hypoleucus southern form)",,1,"compilation","Mittermeier",2013,"(as S. hypoleucus southern form)",,,,,,,,,,,,,,,,,,,,"tbmcite 0.1.0",,,,,
"Faurby_etal_2018","h:07a95d0d","Mammalian Biology 74:1-7 (2009)",,1,"measurement","Mammalian Biology -",2009,,,,,,,,,,,,,,,,,,,,,"tbmcite 0.1.0",,,,,
"Faurby_etal_2018","h:07b109c0","Journal of Zoology 189: 315-332 (1979)",,1,"measurement","Journal of Zoology  -",1979,,,,,,,,,,,,,,,,,,,,,"tbmcite 0.1.0",,,,,
"Faurby_etal_2018","h:07eeb8f2","Smith, A. T., et al., editors. 2008. A Guide to the Mammals of China. Princeton University Press, Princeton.",,1,"compilation","Smith",2008,"A Guide to the Mammals of China","Princeton University Press, Princeton",,,,,,,,,,,,,,,,,,,"tbmcite 0.1.0",,,,,
"Faurby_etal_2018","h:08ed8c3e","Proceedings of the Biological Society of Washington 86: 163-174 (1972)",,1,"measurement","Proceedings of the Biological Society of Washington  -",1972,,,,,,,,,,,,,,,,,,,,,"tbmcite 0.1.0",,,,,
"Faurby_etal_2018","h:08f2b71b","Mammalian Species 658: 1-2 (2001)",,1,"measurement","Mammalian Species  -",2001,,,,,,,,,,,,,,,,,,,,,"tbmcite 0.1.0",,,,,
"Faurby_etal_2018","h:0959ebc4","Mammalia 66: 533-542 (2002)",,1,"measurement","Mammalia  -",2002,,,,,,,,,,,,,,,,,,,,,"tbmcite 0.1.0",,,,,
"Faurby_etal_2018","h:0a05a4d2","Annals and Magazine of Natural History 9 5:473-478 (1920)",,2,"measurement","Annals Magazine of Natural History  -",1920,,,,,,,,,,,,,,,,,,,,,"tbmcite 0.1.0",,,,,
"Faurby_etal_2018","h:0b99ed66","Mammalian Species 763: 1-7 (2005)",,1,"measurement","Mammalian Species  -",2005,,,,,,,,,,,,,,,,,,,,,"tbmcite 0.1.0",,,,,
"Faurby_etal_2018","h:0bdf7875","Proceedings of the Biological Society of Washington 115: 249-272 (2003)",,3,"measurement","Proceedings of the Biological Society of Washington  -",2003,,,,,,,,,,,,,,,,,,,,,"tbmcite 0.1.0",,,,,
"Faurby_etal_2018","h:0c1861c2","Journal of Mammalogy 79: 624-630 (1998)",,1,"measurement","Journal of Mammalogy  -",1998,,,,,,,,,,,,,,,,,,,,,"tbmcite 0.1.0",,,,,
"Faurby_etal_2018","h:0c479337","Primate Conservation 9: 61-66(1988)",,1,"measurement","Primate Conservation  -",1988,,,,,,,,,,,,,,,,,,,,,"tbmcite 0.1.0",,,,,
"Faurby_etal_2018","h:0c4a12b3","Bulletin of the American Museum of Natural History 97: 183-430 (1951)",,4,"measurement","Bulletin of the American Museum of Natural History  -",1951,,,,,,,,,,,,,,,,,,,,,"tbmcite 0.1.0",,,,,
"Faurby_etal_2018","h:0cbed9dd","Stuttgarter Beiträge zur Naturkunde - Series A 286: 1-5 (1976)",,2,"measurement","Stuttgarter Beitrage zur Naturkunde - Series  -",1976,,,,,,,,,,,,,,,,,,,,,"tbmcite 0.1.0",,,,,
"Faurby_etal_2018","h:0cca99f8","Tamura, T., et al. 2009. Feeding habits and prey consumption of Antarctic minke whale (Balaenoptera bonaerensis) in the Southern Ocean. Journal of Northwest Atlantic Fishery Science 42:13-25.",,1,"measurement","Tamura",2009,"Feeding habits and prey consumption of Antarctic minke whale (Balaenoptera bonaerensis) in the Southern Ocean","Journal of Northwest Atlantic Fishery Science","42","13-25",,,,,,,,,,,,,,,,,"tbmcite 0.1.0",,,,,
"Faurby_etal_2018","h:0e13b6dd","Journal of Mammalogy 89: 306-315 (2008)",,4,"measurement","Journal of Mammalogy  -",2008,,,,,,,,,,,,,,,,,,,,,"tbmcite 0.1.0",,,,,
"Faurby_etal_2018","h:0e400004","Bonner Zoologische Beiträge 50: 1-14 (2001)",,2,"measurement","Bonner Zoologische Beitrage  -",2001,,,,,,,,,,,,,,,,,,,,,"tbmcite 0.1.0",,,,,
"Faurby_etal_2018","h:0ed30a6e","Mammalian Species 705: 1-2 (2002)",,1,"measurement","Mammalian Species  -",2002,,,,,,,,,,,,,,,,,,,,,"tbmcite 0.1.0",,,,,
"Faurby_etal_2018","h:0efb1b01","Rozzi, R. 2017. A new extinct dwarfed buffalo from Sulawesi and the evolution of the subgenus Anoa: an interdisciplinary perspective. Quaternary Science Reviews 157:188-205.",,3,"measurement","Rozzi",2017,"A new extinct dwarfed buffalo from Sulawesi and the evolution of the subgenus Anoa: an interdisciplinary perspective","Quaternary Science Reviews","157","188-205",,,,,,,,,,,,,,,,,"tbmcite 0.1.0",,,,,
"Faurby_etal_2018","h:0f2d3f84","Zoological Journal of the Linnean Society 115: 211-265 (1995)",,8,"measurement","Zoological Journal of the Linnean Society  -",1995,,,,,,,,,,,,,,,,,,,,,"tbmcite 0.1.0",,,,,
"Faurby_etal_2018","h:0f4d8a16","Bonner Zoologische Beiträge 39: 59-72 (1991)",,1,"measurement","Bonner Zoologische Beitrage  -",1991,,,,,,,,,,,,,,,,,,,,,"tbmcite 0.1.0",,,,,
"Faurby_etal_2018","h:1014f4d0","Bonner Zoologische Beiträge 30: 276-283 (1980)",,1,"measurement","Bonner Zoologische Beitrage  -",1980,,,,,,,,,,,,,,,,,,,,,"tbmcite 0.1.0",,,,,
"Faurby_etal_2018","h:10b6b745","Journal of Mammalogy 81: 758-768 (2000)",,1,"measurement","Journal of Mammalogy  -",2000,,,,,,,,,,,,,,,,,,,,,"tbmcite 0.1.0",,,,,
"Faurby_etal_2018","h:10d06fe3","Journal of Zoology 256: 165-179 (2002)",,1,"measurement","Journal of Zoology  -",2002,,,,,,,,,,,,,,,,,,,,,"tbmcite 0.1.0",,,,,
"Faurby_etal_2018","h:113e2a30","Mammalia 69: 223-231 (2005)",,1,"measurement","Mammalia  -",2005,,,,,,,,,,,,,,,,,,,,,"tbmcite 0.1.0",,,,,
"Faurby_etal_2018","h:11838da2","Senckenbergiana Biologica: 80 233-239 (2000)",,1,"measurement","Senckenbergiana Biologica  -",2000,,,,,,,,,,,,,,,,,,,,,"tbmcite 0.1.0",,,,,
"Faurby_etal_2018","h:11c3f088","Happold DCD (2013) Mammals of Africa, Volume III. Pp 471-472. Herwig Leirs . Mastomys shortridgei",,1,"compilation","Happold",2013,"Mammals of Africa, Volume III","Pp 471-472. Herwig Leirs . Mastomys shortridgei",,,,,,,,,,,,,,,,,,,"tbmcite 0.1.0",,,,,
"Faurby_etal_2018","h:12bec2e6","Fieldiana Zoology 27: 1-46 (1985)",,2,"measurement","Fieldiana Zoology  -",1985,,,,,,,,,,,,,,,,,,,,,"tbmcite 0.1.0",,,,,
"Faurby_etal_2018","h:12d75b9e","Canadian Journal of Zoology 59: 828−843 (1981)",,1,"measurement","Canadian Journal of Zoology  -",1981,,,,,,,,,,,,,,,,,,,,,"tbmcite 0.1.0",,,,,
"Faurby_etal_2018","h:131f81eb","International Journal of Primatology 29: 723-741 (2008)",,1,"measurement","International Journal of Primatology  -",2008,,,,,,,,,,,,,,,,,,,,,"tbmcite 0.1.0",,,,,
"Faurby_etal_2018","h:1384f602","Patton, J. L., et al., editors. 2015. Mammals of South America: 2. The University of Chicago Press, Chicago.",,1,"compilation","Patton",2015,"Mammals of South America: 2. The University of Chicago Press, Chicago",,,,,,,,,,,,,,,,,,,,"tbmcite 0.1.0",,,,,
"Faurby_etal_2018","h:13d147e9","EDGE. Evoutionary distinct and Globally Endengared. www.edgeofexistence.org",,2,"compilation","Edge",,"EDGE","Evoutionary distinct and Globally Endengared. www.edgeofexistence.org",,,,,,,,,,,,,,,,,,,"tbmcite 0.1.0",,,,,
"Faurby_etal_2018","h:13f9bce6","Records of the Western Australian Museum 21: 9-33 (2002)",,1,"measurement","Records of the Western Australian Museum  -",2002,,,,,,,,,,,,,,,,,,,,,"tbmcite 0.1.0",,,,,
"Faurby_etal_2018","h:1414f09d","American Museum Novitates 3382: 1-26 (2002)",,2,"measurement","American Museum Novitates  -",2002,,,,,,,,,,,,,,,,,,,,,"tbmcite 0.1.0",,,,,
"Faurby_etal_2018","h:14a54de0","Happold DCD (2013) Mammals of Africa, Volume III. Pp 468-470. Herwig Leirs . Mastomys natalensis",,1,"compilation","Happold",2013,"Mammals of Africa, Volume III","Pp 468-470. Herwig Leirs . Mastomys natalensis",,,,,,,,,,,,,,,,,,,"tbmcite 0.1.0",,,,,
"Faurby_etal_2018","h:153748ef","Journal of Zoology 243:485-506 (1997)",,1,"measurement","Journal of Zoology -",1997,,,,,,,,,,,,,,,,,,,,,"tbmcite 0.1.0",,,,,
"Faurby_etal_2018","h:15beb27e","Records of the Western Australian Museum 15: 97-107 (1991)",,1,"measurement","Records of the Western Australian Museum  -",1991,,,,,,,,,,,,,,,,,,,,,"tbmcite 0.1.0",,,,,
"Faurby_etal_2018","h:163e4009","Bulletin of the American Museum of Natural History 154: 353-444 (1975)",,2,"measurement","Bulletin of the American Museum of Natural History  -",1975,,,,,,,,,,,,,,,,,,,,,"tbmcite 0.1.0",,,,,
"Faurby_etal_2018","h:17112ddb","University of Kansas Publications Museum of Natural History 14 : 73-98 (1961)",,1,"measurement","University of Kansas Publications Museum of Natural History   -",1961,,,,,,,,,,,,,,,,,,,,,"tbmcite 0.1.0",,,,,
"Faurby_etal_2018","h:172b775c","Annals and Magazine of Natural History  8 16: 66-79 124-146, 357-380, 506-514 (1915)",,1,"measurement","Annals Magazine of Natural History   - -",1915,,,,,,,,,,,,,,,,,,,,,"tbmcite 0.1.0",,,,,
"Faurby_etal_2018","h:17841415","Mammalian Biology 66: 228-237 (2001)",,1,"measurement","Mammalian Biology  -",2001,,,,,,,,,,,,,,,,,,,,,"tbmcite 0.1.0",,,,,
"Faurby_etal_2018","h:17855313","Mammalia 52: 590-592 (1988)",,1,"measurement","Mammalia  -",1988,,,,,,,,,,,,,,,,,,,,,"tbmcite 0.1.0",,,,,
"Faurby_etal_2018","h:18637c76","Mammalian Species 612: 1-8 (1999)",,1,"measurement","Mammalian Species  -",1999,,,,,,,,,,,,,,,,,,,,,"tbmcite 0.1.0",,,,,
"Faurby_etal_2018","h:186a91a0","Bulletin of the American Museum of Natural History 37:1838-1921 (1917)",,1,"measurement","Bulletin of the American Museum of Natural History -",1917,,,,,,,,,,,,,,,,,,,,,"tbmcite 0.1.0",,,,,
"Faurby_etal_2018","h:196d4801","Mammalia 42: 427-434 (1978)",,1,"measurement","Mammalia  -",1978,,,,,,,,,,,,,,,,,,,,,"tbmcite 0.1.0",,,,,
"Faurby_etal_2018","h:19ae617a","National Audubon Society. National Audubon Society Field Guide to North American Mammals (1996)",,10,"compilation","National Audubon Society National Audubon Society Field Guide to North American Mammals",1996,,,,,,,,,,,,,,,,,,,,,"tbmcite 0.1.0",,,,,
"Faurby_etal_2018","h:19b53b78","Bulletin of the British Museum. Zoology 32: 29-43 (1977)",,1,"measurement","Bulletin of the British Museum Zoology  -",1977,,,,,,,,,,,,,,,,,,,,,"tbmcite 0.1.0",,,,,
"Faurby_etal_2018","h:1a001ca7","Oryx 43: 608-613 (2009)",,1,"measurement","Oryx  -",2009,,,,,,,,,,,,,,,,,,,,,"tbmcite 0.1.0",,,,,
"Faurby_etal_2018","h:1a8d68b2","Mammalian Species 177: 1-3 (1982)",,1,"measurement","Mammalian Species  -",1982,,,,,,,,,,,,,,,,,,,,,"tbmcite 0.1.0",,,,,
"Faurby_etal_2018","h:1b5b982d","Proceedings of the Biological Society of Washington 15: 243-244 (1902)",,1,"measurement","Proceedings of the Biological Society of Washington  -",1902,,,,,,,,,,,,,,,,,,,,,"tbmcite 0.1.0",,,,,
"Faurby_etal_2018","h:1c0e6d46","Acta Chiropterologica 6: 249-268 (2004)",,1,"measurement","Acta Chiropterologica  -",2004,,,,,,,,,,,,,,,,,,,,,"tbmcite 0.1.0",,,,,
"Faurby_etal_2018","h:1c65bf3e","Journal of the Royal Society of New Zealand 29 235-244 (1999) (as. M ginkgodens)",,1,"measurement","Journal of the Royal Society of New Zealand  -",1999,"(as","M ginkgodens)",,,,,,,,,,,,,,,,,,,"tbmcite 0.1.0",,,,,
"Faurby_etal_2018","h:1d3b4c46","Mammalian Species 792: 1-5 (2006)",,1,"measurement","Mammalian Species  -",2006,,,,,,,,,,,,,,,,,,,,,"tbmcite 0.1.0",,,,,
"Faurby_etal_2018","h:1d684a22","Records of the Western Australian Museum 10: 427-436 (1993)",,1,"measurement","Records of the Western Australian Museum  -",1993,,,,,,,,,,,,,,,,,,,,,"tbmcite 0.1.0",,,,,
"Faurby_etal_2018","h:1da7b5e6","Asian Wild Pig News 2: 33-39 (2002)",,2,"measurement","Asian Wild Pig News  -",2002,,,,,,,,,,,,,,,,,,,,,"tbmcite 0.1.0",,,,,
"Faurby_etal_2018","h:1dfed1c5","Mastozoología Neotropical 14: 201-225 (2007)",,1,"measurement","Mastozoologia Neotropical  -",2007,,,,,,,,,,,,,,,,,,,,,"tbmcite 0.1.0",,,,,
"Faurby_etal_2018","h:1e72446d","Journal of Mammalogy 89:292-305 (2008)",,1,"measurement","Journal of Mammalogy -",2008,,,,,,,,,,,,,,,,,,,,,"tbmcite 0.1.0",,,,,
"Faurby_etal_2018","h:1f502d48","Occasional Papers of the Museum of Texas Tech University 217: 1-12 (2002)",,1,"measurement","Occasional Papers of the Museum of Texas Tech University  -",2002,,,,,,,,,,,,,,,,,,,,,"tbmcite 0.1.0",,,,,
"Faurby_etal_2018","h:204b2ff5","Flores, P. A. C., et al. 2008. Tucuxi and Guiana Dolphin. Pages 1188-1192 in W. F. Perrin, et al., editors. Encyclopedia of Marine Mammals. Elsevier.",,2,"compilation","Flores",2008,"Tucuxi and Guiana Dolphin","Pages 1188-1192 in W. F. Perrin, et al., editors. Encyclopedia of Marine Mammals. Elsevier",,,,,,,,,,,,,,,,,,,"tbmcite 0.1.0",,,,,
"Faurby_etal_2018","h:216acd2e","Journal of Mammalogy 89: 852-873 (2008)",,31,"measurement","Journal of Mammalogy  -",2008,,,,,,,,,,,,,,,,,,,,,"tbmcite 0.1.0",,,,,
"Faurby_etal_2018","h:218af9f2","Happold DCD (2013) Mammals of Africa, Volume III. Pp 444-445. Erik Van der Straeten . Lemniscomys belleri",,1,"compilation","Happold",2013,"Mammals of Africa, Volume III","Pp 444-445. Erik Van der Straeten . Lemniscomys belleri",,,,,,,,,,,,,,,,,,,"tbmcite 0.1.0",,,,,
"Faurby_etal_2018","h:21af60a3","Folia Primatologica 74: 312-336 (2003)",,1,"measurement","Folia Primatologica  -",2003,,,,,,,,,,,,,,,,,,,,,"tbmcite 0.1.0",,,,,
"Faurby_etal_2018","h:21e13536","Mammalian Species 602: 1-2 (1998)",,3,"measurement","Mammalian Species  -",1998,,,,,,,,,,,,,,,,,,,,,"tbmcite 0.1.0",,,,,
"Faurby_etal_2018","h:21f7ae2c","Happold M, Happold DCD (2013) Mammals of Africa, Volume IV. pp. 122-123. R. Hutterer 2013. Crocidura picea",,1,"compilation","Happold",2013,"Mammals of Africa, Volume IV. pp","122-123. R. Hutterer 2013. Crocidura picea",,,,,,,,,,,,,,,,,,,"tbmcite 0.1.0",,,,,
"Faurby_etal_2018","h:2214a510","Journal of Natural History 33: 289-303 (1999)",,1,"measurement","Journal of Natural History  -",1999,,,,,,,,,,,,,,,,,,,,,"tbmcite 0.1.0",,,,,
"Faurby_etal_2018","h:22160f2b","Acta Chiropterologica 9:445-450 (2007)",,1,"measurement","Acta Chiropterologica -",2007,,,,,,,,,,,,,,,,,,,,,"tbmcite 0.1.0",,,,,
"Faurby_etal_2018","h:224ae19e","Primate Conservation 20: 29-39 (2006)",,1,"measurement","Primate Conservation  -",2006,,,,,,,,,,,,,,,,,,,,,"tbmcite 0.1.0",,,,,
"Faurby_etal_2018","h:227a6c92","Journal of Mammalogy 81 1157-1165 (2000)",,1,"measurement","Journal of Mammalogy  -",2000,,,,,,,,,,,,,,,,,,,,,"tbmcite 0.1.0",,,,,
"Faurby_etal_2018","h:231be729","Jefferson TA, Leatherwood S, Webber MA (1993). Marine Mammals of the World",,1,"compilation","Jefferson",1993,"Marine Mammals of the World",,,,,,,,,,,,,,,,,,,,"tbmcite 0.1.0",,,,,
"Faurby_etal_2018","h:236585ba","Annals and Magazine of Natural History 8 12: 395-403 (1912)",,1,"measurement","Annals Magazine of Natural History   -",1912,,,,,,,,,,,,,,,,,,,,,"tbmcite 0.1.0",,,,,
"Faurby_etal_2018","h:23d3f1ba","Bulletin of the American Museum of Natural History 211: 1-138 (1992)",,2,"measurement","Bulletin of the American Museum of Natural History  -",1992,,,,,,,,,,,,,,,,,,,,,"tbmcite 0.1.0",,,,,
"Faurby_etal_2018","h:253216ad","Davis, M. 2017. What North America's skeleton crew of megafauna tells us about community disassembly. Proceedings of the Royal Socieity B 284:20162116.",,3,"measurement","Davis",2017,"What North America's skeleton crew of megafauna tells us about community disassembly","Proceedings of the Royal Socieity B","284","20162116",,,,,,,,,,,,,,,,,"tbmcite 0.1.0",,,,,
"Faurby_etal_2018","h:257bc643","Revista Brasileira de Zoologia 24: 426-435 (2007)",,1,"measurement","Revista Brasileira de Zoologia  -",2007,,,,,,,,,,,,,,,,,,,,,"tbmcite 0.1.0",,,,,
"Faurby_etal_2018","h:25c6b7ff","Mekonnen T. Population status and diet of Starck's hare (Lepus starcki Petter, 1963) in Bale Mountains National Park, Ethiopia. Master Thesis (2007)",,1,"measurement","Mekonnen",2007,"Population status and diet of Starck's hare (Lepus starcki Petter, 1963) in Bale Mountains National Park, Ethiopia","Master Thesis",,,,,,,,,,,,,,,,,,,"tbmcite 0.1.0",,,,,"thesis (owner rule: theses always queue)"
"Faurby_etal_2018","h:26259527","Journal of Zoology 264:117-124 (2004)",,2,"measurement","Journal of Zoology -",2004,,,,,,,,,,,,,,,,,,,,,"tbmcite 0.1.0",,,,,
"Faurby_etal_2018","h:26ee51d4","American Museum Novitates 1101: 1-9 (1942)",,1,"measurement","American Museum Novitates  -",1942,,,,,,,,,,,,,,,,,,,,,"tbmcite 0.1.0",,,,,
"Faurby_etal_2018","h:27268bfc","Ravosa, M. J. 2006. Cranial ontogeny, diet, and ecogeographic variation in African lorises. American Journal of Primatology 69:59-73.",,2,"measurement","Ravosa",2006,"Cranial ontogeny, diet, and ecogeographic variation in African lorises","American Journal of Primatology","69","59-73",,,,,,,,,,,,,,,,,"tbmcite 0.1.0",,,,,
"Faurby_etal_2018","h:27d0bd7f","Annals and Magazine of Natural History 8 5: 191-202 (1910)",,1,"measurement","Annals Magazine of Natural History   -",1910,,,,,,,,,,,,,,,,,,,,,"tbmcite 0.1.0",,,,,
"Faurby_etal_2018","h:28514b46","American Journal of Physical Anthropology 145: 55-66 (2007)",,2,"measurement","American Journal of Physical Anthropology  -",2007,,,,,,,,,,,,,,,,,,,,,"tbmcite 0.1.0",,,,,
"Faurby_etal_2018","h:28847385","Journal of Mammalogy 91: 1467-1472 (2010)",,3,"measurement","Journal of Mammalogy  -",2010,,,,,,,,,,,,,,,,,,,,,"tbmcite 0.1.0",,,,,
"Faurby_etal_2018","h:293dcb9f","Happold M, Happold DCD (2013) Mammals of Africa, Volume IV. pp. 63-64. S. Churchfield, R. Hutterer & A. Dudu 2013. Crocidura caliginea.",,1,"compilation","Happold",2013,"Mammals of Africa, Volume IV. pp","63-64. S. Churchfield, R. Hutterer & A. Dudu 2013. Crocidura caliginea",,,,,,,,,,,,,,,,,,,"tbmcite 0.1.0",,,,,
"Faurby_etal_2018","h:2988abbd","Happold DCD (2013) Mammals of Africa, Volume III. Pp 105-107. Mary Ellen Holden. Eliomys melanurus",,1,"compilation","Happold",2013,"Mammals of Africa, Volume III","Pp 105-107. Mary Ellen Holden. Eliomys melanurus",,,,,,,,,,,,,,,,,,,"tbmcite 0.1.0",,,,,
"Faurby_etal_2018","h:2a083d73","Proceedings of the Biological Society of Washington 114: 1-33 (2001)",,1,"measurement","Proceedings of the Biological Society of Washington  -",2001,,,,,,,,,,,,,,,,,,,,,"tbmcite 0.1.0",,,,,
"Faurby_etal_2018","h:2a0b8fe0","Forearm larger than 44 mm following Royal Ontario Museum. Lifescience occational papers 29 ( 1973) but a likely superbwith a forearm of 40 mm is reported in African Bat Conservation News 28:2 (2012)",,1,"measurement","Forearm larger than  mm following Royal Ontario Museum Lifescience occational papers    but a likely superbwith a forearm of  mm is reported in African Bat Conservation News",2012,,,,,,,,,,,,,,,,,,,,,"tbmcite 0.1.0",,,,,"not a citation: a note on a forearm-length comparison with a museum paper (owner decision)"
"Faurby_etal_2018","h:2a7c57f7","Zoological Science 18: 1153-1160 (2001)",,1,"measurement","Zoological Science  -",2001,,,,,,,,,,,,,,,,,,,,,"tbmcite 0.1.0",,,,,
"Faurby_etal_2018","h:2a93b74c","Wilson, D. E., et al., editors. 2016. Handbook of the Mammals of the World: 6. Lagomorphs and Rodents I. First edition. Lynx Edicions, Barcelona.",,8,"compilation","Wilson",2016,"Handbook of the Mammals of the World: 6. Lagomorphs and Rodents I. First edition","Lynx Edicions, Barcelona",,,,,,,,,,,,,,,,,,,"tbmcite 0.1.0",,,,,
"Faurby_etal_2018","h:2b8af82a","American Museum Novitates 2451: 1-10 (1971)",,2,"measurement","American Museum Novitates  -",1971,,,,,,,,,,,,,,,,,,,,,"tbmcite 0.1.0",,,,,
"Faurby_etal_2018","h:2ba21679","Tropical Zoology 7: 73-86 (1994)",,1,"measurement","Tropical Zoology  -",1994,,,,,,,,,,,,,,,,,,,,,"tbmcite 0.1.0",,,,,
"Faurby_etal_2018","h:2bc4d142","African Bat Conservation News 27:3-5 (2012)",,1,"measurement","African Bat Conservation News -",2012,,,,,,,,,,,,,,,,,,,,,"tbmcite 0.1.0",,,,,
"Faurby_etal_2018","h:2bce3489","Belgian Journal of Zoology 135: 21-29 (2005)",,2,"measurement","Belgian Journal of Zoology  -",2005,,,,,,,,,,,,,,,,,,,,,"tbmcite 0.1.0",,,,,
"Faurby_etal_2018","h:2c097695","Bulletin of the American Museum of Natural History 353:1-140 (2011)",,10,"measurement","Bulletin of the American Museum of Natural History -",2011,,,,,,,,,,,,,,,,,,,,,"tbmcite 0.1.0",,,,,
"Faurby_etal_2018","h:2d8fb14a","Happold M, Happold DCD (2013) Mammals of Africa, Volume IV. pp. 73-74. R. Hutterer 2013. Crocidura eisentrauti",,1,"compilation","Happold",2013,"Mammals of Africa, Volume IV. pp","73-74. R. Hutterer 2013. Crocidura eisentrauti",,,,,,,,,,,,,,,,,,,"tbmcite 0.1.0",,,,,
"Faurby_etal_2018","h:2d9e22a4","Bulletin of the American Musem of Natural History 37: 405-567 (1917)",,1,"measurement","Bulletin of the American Musem of Natural History  -",1917,,,,,,,,,,,,,,,,,,,,,"tbmcite 0.1.0",,,,,
"Faurby_etal_2018","h:2e034313","Journal of Zoology 274: 126-133 (2008)",,1,"measurement","Journal of Zoology  -",2008,,,,,,,,,,,,,,,,,,,,,"tbmcite 0.1.0",,,,,
"Faurby_etal_2018","h:2e6b83a8","Annals and Magazine of Natural History 8 20: 192-198 (1917)",,1,"measurement","Annals Magazine of Natural History   -",1917,,,,,,,,,,,,,,,,,,,,,"tbmcite 0.1.0",,,,,
"Faurby_etal_2018","h:2e975ec6","Happold M, Happold DCD (2013) Mammals of Africa, Volume IV. pp. 102-103. S. Churchfield & P. D. Jenkins 2013. Crocidura macowi",,1,"compilation","Happold",2013,"Mammals of Africa, Volume IV. pp","102-103. S. Churchfield & P. D. Jenkins 2013. Crocidura macowi",,,,,,,,,,,,,,,,,,,"tbmcite 0.1.0",,,,,
"Faurby_etal_2018","h:2ec35173","Mastozoología Neotropical 13: 175-191 (2006)",,1,"measurement","Mastozoologia Neotropical  -",2006,,,,,,,,,,,,,,,,,,,,,"tbmcite 0.1.0",,,,,
"Faurby_etal_2018","h:2f819626","Acta Chiropterologica 8: 21-37 (2006)",,1,"measurement","Acta Chiropterologica  -",2006,,,,,,,,,,,,,,,,,,,,,"tbmcite 0.1.0",,,,,
"Faurby_etal_2018","h:30a1fed3","Mammalia 34: 622-627 (1970)",,1,"measurement","Mammalia  -",1970,,,,,,,,,,,,,,,,,,,,,"tbmcite 0.1.0",,,,,
"Faurby_etal_2018","h:30d476c7","Dumbacher, J. P., et al. 2014. A new species of round-eared sengi (genus Macroscelides) from Namibia. Journal of Mammalogy 95:443-454.",,1,"measurement","Dumbacher",2014,"A new species of round-eared sengi (genus Macroscelides) from Namibia","Journal of Mammalogy","95","443-454",,,,,,,,,,,,,,,,,"tbmcite 0.1.0",,,,,
"Faurby_etal_2018","h:30f45efb","Annals and Magazine of Natural History 8 10: 403- 411 (1912)",,1,"measurement","Annals Magazine of Natural History   -",1912,,,,,,,,,,,,,,,,,,,,,"tbmcite 0.1.0",,,,,
"Faurby_etal_2018","h:31b2950c","Journal of Zoology 265: 269-280 (2005)",,3,"measurement","Journal of Zoology  -",2005,,,,,,,,,,,,,,,,,,,,,"tbmcite 0.1.0",,,,,
"Faurby_etal_2018","h:31cfca6e","Journal of Mammalogy 88: 302-318 (2007)",,2,"measurement","Journal of Mammalogy  -",2007,,,,,,,,,,,,,,,,,,,,,"tbmcite 0.1.0",,,,,
"Faurby_etal_2018","h:31d83882","Marine Mammal Science 18: 577-608 (2002)",,1,"measurement","Marine Mammal Science  -",2002,,,,,,,,,,,,,,,,,,,,,"tbmcite 0.1.0",,,,,
"Faurby_etal_2018","h:3267c76e","Mammalian Species 589: 1-3 (1998)",,1,"measurement","Mammalian Species  -",1998,,,,,,,,,,,,,,,,,,,,,"tbmcite 0.1.0",,,,,
"Faurby_etal_2018","h:332409f8","Wilson, D. E., et al., editors. 2013. Handbook of the Mammals of the World: 3. Primates. First edition. Lynx Edicions, Barcelona.",,23,"compilation","Wilson",2013,"Handbook of the Mammals of the World: 3. Primates","First edition. Lynx Edicions, Barcelona",,,,,,,,,,,,,,,,,,,"tbmcite 0.1.0",,,,,
"Faurby_etal_2018","h:333f63a9","Mammalia 34: 451-458 (1970)",,1,"measurement","Mammalia  -",1970,,,,,,,,,,,,,,,,,,,,,"tbmcite 0.1.0",,,,,
"Faurby_etal_2018","h:3350be3f","Journal of Mammalogy 86: 873: 880 (2005)",,1,"measurement","Journal of Mammalogy",2005,,,,,,,,,,,,,,,,,,,,,"tbmcite 0.1.0",,,,,
"Faurby_etal_2018","h:335574c9","Mammalia 58: 601-612 (2009)",,1,"measurement","Mammalia  -",2009,,,,,,,,,,,,,,,,,,,,,"tbmcite 0.1.0",,,,,
"Faurby_etal_2018","h:33732c7d","Iranian journal of Animal Biosystematics 2:57-76 (2006)",,3,"measurement","Iranian journal of Animal Biosystematics -",2006,,,,,,,,,,,,,,,,,,,,,"tbmcite 0.1.0",,,,,
"Faurby_etal_2018","h:34089c59","PC Wright, EL Simons and S Gursky (eds), Tarsiers: Past, Present, and Future, pp. 179-195 (2003) Rutgers University Press, New Brunswick, NJ. Groves CP. The tarsiers of Sulawesi",,1,"measurement","Wright",2003,"Rutgers University Press, New Brunswick, NJ","Groves CP. The tarsiers of Sulawesi",,,,,,,,,,,,,,,,,,,"tbmcite 0.1.0",,,,,"book chapter or edited volume cited without the chapter (owner rule: books and chapters queue)"
"Faurby_etal_2018","h:34ac38ca","International Journal of Primatology 27: 465-485 (2006)",,1,"measurement","International Journal of Primatology  -",2006,,,,,,,,,,,,,,,,,,,,,"tbmcite 0.1.0",,,,,
"Faurby_etal_2018","h:35254153","Happold DCD (2013) Mammals of Africa, Volume III. Pp 430-431. Justina C. Ray & Jay R. Malcolm . Hylomyscus aeta",,1,"compilation","Happold",2013,"Mammals of Africa, Volume III","Pp 430-431. Justina C. Ray & Jay R. Malcolm . Hylomyscus aeta",,,,,,,,,,,,,,,,,,,"tbmcite 0.1.0",,,,,
"Faurby_etal_2018","h:35299730","Proceedings of the Zoological Society of London 1903 294-301(1903)",,1,"measurement","Proceedings of the Zoological Society of London  -",1903,,,,,,,,,,,,,,,,,,,,,"tbmcite 0.1.0",,,,,
"Faurby_etal_2018","h:362bc6d9","University of California Publications in Zoology 132: 1-118 (2003)",,2,"measurement","University of California Publications in Zoology  -",2003,,,,,,,,,,,,,,,,,,,,,"tbmcite 0.1.0",,,,,
"Faurby_etal_2018","h:36dafa05","Tree Kangaroos A curoius Natural History. Flannery TF, Martin R, Szalay A (1996)",,4,"compilation","Tree Kangaroos curoius Natural History Flannery",1996,,,,,,,,,,,,,,,,,,,,,"tbmcite 0.1.0",,,,,
"Faurby_etal_2018","h:3725dc91","Acta Chiropterologica 7: 9-21 (2005)",,3,"measurement","Acta Chiropterologica  -",2005,,,,,,,,,,,,,,,,,,,,,"tbmcite 0.1.0",,,,,
"Faurby_etal_2018","h:3742f5a2","Neotropical Primates 11: 1-10 (2003)",,1,"measurement","Neotropical Primates  -",2003,,,,,,,,,,,,,,,,,,,,,"tbmcite 0.1.0",,,,,
"Faurby_etal_2018","h:378adbf7","Journal of Animal Ecology 75: 1212-1223 (2006)",,1,"measurement","Journal of Animal Ecology  -",2006,,,,,,,,,,,,,,,,,,,,,"tbmcite 0.1.0",,,,,
"Faurby_etal_2018","h:384cefbc","Isreal Journal of Zoology 40: 215-246 (1994)",,2,"measurement","Isreal Journal of Zoology  -",1994,,,,,,,,,,,,,,,,,,,,,"tbmcite 0.1.0",,,,,
"Faurby_etal_2018","h:386ae3d1","Bonner Zoologische Beiträge 49: 19-29 (1999)",,1,"measurement","Bonner Zoologische Beitrage  -",1999,,,,,,,,,,,,,,,,,,,,,"tbmcite 0.1.0",,,,,
"Faurby_etal_2018","h:38be8687","Bottoto-Paez R, Mancina CA. Maniferos en Cuba (2011)",,7,"compilation","Bottoto-Paez",2011,"Mancina CA","Maniferos en Cuba",,,,,,,,,,,,,,,,,,,"tbmcite 0.1.0",,,,,
"Faurby_etal_2018","h:38e26d48","Annals and Magazine of Natural History 8 9: 269-274 (1912)",,1,"measurement","Annals Magazine of Natural History   -",1912,,,,,,,,,,,,,,,,,,,,,"tbmcite 0.1.0",,,,,
"Faurby_etal_2018","h:38f77d3f","Journal of Mammalogy 79: 1355-1378 (1998)",,2,"measurement","Journal of Mammalogy  -",1998,,,,,,,,,,,,,,,,,,,,,"tbmcite 0.1.0",,,,,
"Faurby_etal_2018","h:39172162","Happold DCD (2013) Mammals of Africa, Volume III. Pp 448-449. Fritz Dieterlen. Lemniscomys macculus",,1,"compilation","Happold",2013,"Mammals of Africa, Volume III","Pp 448-449. Fritz Dieterlen. Lemniscomys macculus",,,,,,,,,,,,,,,,,,,"tbmcite 0.1.0",,,,,
"Faurby_etal_2018","h:39be2ed1","Mammalian Species 687: 1-3 (2001)",,1,"measurement","Mammalian Species  -",2001,,,,,,,,,,,,,,,,,,,,,"tbmcite 0.1.0",,,,,
"Faurby_etal_2018","h:3a4a787f","Revue Suisse de Zoologie 64: 289-214 (1957)",,1,"measurement","Revue Suisse de Zoologie  -",1957,,,,,,,,,,,,,,,,,,,,,"tbmcite 0.1.0",,,,,
"Faurby_etal_2018","h:3a6c2d2c","Journal of Mammalogy 89: 1316-1327 (2008)",,1,"measurement","Journal of Mammalogy  -",2008,,,,,,,,,,,,,,,,,,,,,"tbmcite 0.1.0",,,,,
"Faurby_etal_2018","h:3aa8cb89","Special Publications of The Museum of Texas Tech University 42:1-275 (1999)",,1,"measurement","Special Publications of The Museum of Texas Tech University -",1999,,,,,,,,,,,,,,,,,,,,,"tbmcite 0.1.0",,,,,
"Faurby_etal_2018","h:3cd9288a","Mammalia 45: 55-70 (1981)",,1,"measurement","Mammalia  -",1981,,,,,,,,,,,,,,,,,,,,,"tbmcite 0.1.0",,,,,
"Faurby_etal_2018","h:3d39061a","Mammal Review 22: 115-150 (1992)",,6,"measurement","Mammal Review  -",1992,,,,,,,,,,,,,,,,,,,,,"tbmcite 0.1.0",,,,,
"Faurby_etal_2018","h:3eeeb6f8","Journal of Mammalogy 83: 834-842 (2002)",,4,"measurement","Journal of Mammalogy  -",2002,,,,,,,,,,,,,,,,,,,,,"tbmcite 0.1.0",,,,,
"Faurby_etal_2018","h:3f303dac","Stuart C, Stuart T. Field Guide to Mammals of Southern Africa (2007)",,2,"compilation","Stuart",2007,"Field Guide to Mammals of Southern Africa",,,,,,,,,,,,,,,,,,,,"tbmcite 0.1.0",,,,,
"Faurby_etal_2018","h:3f39ae92","Journal of Human Evolution 32: 523-559 (2002)",,7,"measurement","Journal of Human Evolution  -",2002,,,,,,,,,,,,,,,,,,,,,"tbmcite 0.1.0",,,,,
"Faurby_etal_2018","h:3f590379","Marine Mammal Science 21: 365-400 (2005)",,1,"measurement","Marine Mammal Science  -",2005,,,,,,,,,,,,,,,,,,,,,"tbmcite 0.1.0",,,,,
"Faurby_etal_2018","h:401f44b5","Bonner Zoologische Beiträge 31: 217-247 (1981)",,2,"measurement","Bonner Zoologische Beitrage  -",1981,,,,,,,,,,,,,,,,,,,,,"tbmcite 0.1.0",,,,,
"Faurby_etal_2018","h:40405bba","Revista de Biologia Tropical 49: 369-381 (2001)",,1,"measurement","Revista de Biologia Tropical  -",2001,,,,,,,,,,,,,,,,,,,,,"tbmcite 0.1.0",,,,,
"Faurby_etal_2018","h:40a996ac","Happold DCD (2013) Mammals of Africa, Volume III. Pp 454-455. D. C. D. Happold & Fritz Dieterlen . Lemniscomys zebra",,1,"compilation","Happold",2013,"Mammals of Africa, Volume III","Pp 454-455. D. C. D. Happold & Fritz Dieterlen . Lemniscomys zebra",,,,,,,,,,,,,,,,,,,"tbmcite 0.1.0",,,,,
"Faurby_etal_2018","h:41119bbb","Happold M, Happold DCD (2013) Mammals of Africa, Volume IV. pp. 135-136. P. D. Jenkins & S. Churchfield 2013. Crocidura tarella",,1,"compilation","Happold",2013,"Mammals of Africa, Volume IV. pp","135-136. P. D. Jenkins & S. Churchfield 2013. Crocidura tarella",,,,,,,,,,,,,,,,,,,"tbmcite 0.1.0",,,,,
"Faurby_etal_2018","h:412296fd","Annals and Magazine of Natural History 9 4: 154-156 (1919)",,1,"measurement","Annals Magazine of Natural History   -",1919,,,,,,,,,,,,,,,,,,,,,"tbmcite 0.1.0",,,,,
"Faurby_etal_2018","h:42349907","Happold DCD (2013) Mammals of Africa, Volume III. Pp 451. Erik Van der Straeten . Lemniscomys roseveari",,1,"compilation","Happold",2013,"Mammals of Africa, Volume III","Pp 451. Erik Van der Straeten . Lemniscomys roseveari",,,,,,,,,,,,,,,,,,,"tbmcite 0.1.0",,,,,
"Faurby_etal_2018","h:423993cd","Journal of Mammalogy 91: 1011-1024 (2010)",,5,"measurement","Journal of Mammalogy  -",2010,,,,,,,,,,,,,,,,,,,,,"tbmcite 0.1.0",,,,,
"Faurby_etal_2018","h:424c0a82","Happold M, Happold DCD (2013) Mammals of Africa, Volume IV. pp. 143. D.C.D. Happold, R. Hutterer 2013. Crocidura virgata",,1,"compilation","Happold",2013,"Mammals of Africa, Volume IV. pp","143. D.C.D. Happold, R. Hutterer 2013. Crocidura virgata",,,,,,,,,,,,,,,,,,,"tbmcite 0.1.0",,,,,
"Faurby_etal_2018","h:42976958","Bulletin of the American Museum of Natural History 244: 1-306 (2000)",,5,"measurement","Bulletin of the American Museum of Natural History  -",2000,,,,,,,,,,,,,,,,,,,,,"tbmcite 0.1.0",,,,,
"Faurby_etal_2018","h:42a80afc","Mammalogy Papers: University of Nebraska State Museum 144: 1-13 (2004)",,1,"measurement","Mammalogy Papers University of Nebraska State Museum  -",2004,,,,,,,,,,,,,,,,,,,,,"tbmcite 0.1.0",,,,,
"Faurby_etal_2018","h:432aa2cd","The Journal of the Bombay Natural History Society 14: 782-803 (1902)",,1,"measurement","The Journal of the Bombay Natural History Society  -",1902,,,,,,,,,,,,,,,,,,,,,"tbmcite 0.1.0",,,,,
"Faurby_etal_2018","h:432c5f89","Happold DCD (2013) Mammals of Africa, Volume III. Pp 313-314. D. C. D. Happold . Gerbillus juliani",,1,"compilation","Happold",2013,"Mammals of Africa, Volume III","Pp 313-314. D. C. D. Happold . Gerbillus juliani",,,,,,,,,,,,,,,,,,,"tbmcite 0.1.0",,,,,
"Faurby_etal_2018","h:444ff9df","Western Bat Working Group. www.wbwg.org",,1,"compilation","Western Bat Working Group",,"Western Bat Working Group. www.wbwg.org",,,,,,,,,,,,,,,,,,,,"tbmcite 0.1.0",,,,,
"Faurby_etal_2018","h:445f5a9f","Systematics and Biodiversity 4: 489-501 (2006)",,1,"measurement","Systematics Biodiversity  -",2006,,,,,,,,,,,,,,,,,,,,,"tbmcite 0.1.0",,,,,
"Faurby_etal_2018","h:449af9d0","North American Fauna 8: 1-220(1895)",,4,"measurement","North American Fauna  -",1895,,,,,,,,,,,,,,,,,,,,,"tbmcite 0.1.0",,,,,
"Faurby_etal_2018","h:44e74f93","Bonner zoologische Beiträge 56 151-157 (2009)",,1,"measurement","Bonner zoologische Beitrage  -",2009,,,,,,,,,,,,,,,,,,,,,"tbmcite 0.1.0",,,,,
"Faurby_etal_2018","h:451846b8","Gardner Al. Mammals of South America Volume 1 Marsupial Shrews and Bats (2008)",,3,"compilation","Gardner Mammals of South America Volume  Marsupial Shrews Bats",2008,,,,,,,,,,,,,,,,,,,,,"tbmcite 0.1.0",,,,,
"Faurby_etal_2018","h:45299435","Arquivos do Museu Nacional Rio de Janeiro 63: 113-130 (2005)",,3,"measurement","Arquivos do Museu Nacional Rio de Janeiro  -",2005,,,,,,,,,,,,,,,,,,,,,"tbmcite 0.1.0",,,,,
"Faurby_etal_2018","h:45337693","Annals and Magazine of Natural History  6 10: 477-478 (1892)",,1,"measurement","Annals Magazine of Natural History   -",1892,,,,,,,,,,,,,,,,,,,,,"tbmcite 0.1.0",,,,,
"Faurby_etal_2018","h:45377f2b","Fieldiana Zoology 75: 1-18 (1993)",,1,"measurement","Fieldiana Zoology  -",1993,,,,,,,,,,,,,,,,,,,,,"tbmcite 0.1.0",,,,,
"Faurby_etal_2018","h:456a5752","Caribbean Journal of Science 45: 73-79 (2009)",,1,"measurement","Caribbean Journal of Science  -",2009,,,,,,,,,,,,,,,,,,,,,"tbmcite 0.1.0",,,,,
"Faurby_etal_2018","h:45cd6f52","Bonner zoologische Beiträge 56: 133-149 (2009)",,2,"measurement","Bonner zoologische Beitrage  -",2009,,,,,,,,,,,,,,,,,,,,,"tbmcite 0.1.0",,,,,
"Faurby_etal_2018","h:45dc4eac","Mammalia 64: 339-352 (2000)",,1,"measurement","Mammalia  -",2000,,,,,,,,,,,,,,,,,,,,,"tbmcite 0.1.0",,,,,
"Faurby_etal_2018","h:4647cdd3","Journal of Mammalogy 80: 786-798 (1999)",,1,"measurement","Journal of Mammalogy  -",1999,,,,,,,,,,,,,,,,,,,,,"tbmcite 0.1.0",,,,,
"Faurby_etal_2018","h:465c0223","Canadian Journal of Zoology 80: 94-99 (2002)",,1,"measurement","Canadian Journal of Zoology  -",2002,,,,,,,,,,,,,,,,,,,,,"tbmcite 0.1.0",,,,,
"Faurby_etal_2018","h:48b94f26","Corbet GB. The mammals of the Palaearctic region: A taxonomic review. (1978)",,3,"compilation","Corbet The mammals of the Palaearctic region taxonomic review",1978,,,,,,,,,,,,,,,,,,,,,"tbmcite 0.1.0",,,,,
"Faurby_etal_2018","h:49d17d2c","Proceedings of the Biological Society of Washington 12: 115-129 (1898)",,2,"measurement","Proceedings of the Biological Society of Washington  -",1898,,,,,,,,,,,,,,,,,,,,,"tbmcite 0.1.0",,,,,
"Faurby_etal_2018","h:4a168dd6","Bonner zoologische Beiträge 29: 287-299 (1979)",,1,"measurement","Bonner zoologische Beitrage  -",1979,,,,,,,,,,,,,,,,,,,,,"tbmcite 0.1.0",,,,,
"Faurby_etal_2018","h:4ae55c0a","Mittermeier RA, Rylands AB,  Wilson DE Handbook of the Mammals of the World - Volume 3 (2013)",,13,"compilation","Mittermeier",2013,"Handbook of the Mammals of the World - Volume 3",,,,,,,,,,,,,,,,,,,,"tbmcite 0.1.0",,,,,
"Faurby_etal_2018","h:4b0647ef","Acta Oecologica 41-49 (2012)",,3,"measurement","Acta Oecologica -",2012,,,,,,,,,,,,,,,,,,,,,"tbmcite 0.1.0",,,,,
"Faurby_etal_2018","h:4b44a511","Annals and Magazine of Natural History 9 3: 115-118 (1919)",,1,"measurement","Annals Magazine of Natural History   -",1919,,,,,,,,,,,,,,,,,,,,,"tbmcite 0.1.0",,,,,
"Faurby_etal_2018","h:4b4f2d19","American Museum Novitates 3482:1-34 (2005)",,4,"measurement","American Museum Novitates -",2005,,,,,,,,,,,,,,,,,,,,,"tbmcite 0.1.0",,,,,
"Faurby_etal_2018","h:4b7d8611","Journal of East African Natural History 96: 215-226 (2007)",,1,"measurement","Journal of East African Natural History  -",2007,,,,,,,,,,,,,,,,,,,,,"tbmcite 0.1.0",,,,,
"Faurby_etal_2018","h:4bfccb21","Journal of Mammalogy 83: 421-436 (2002)",,1,"measurement","Journal of Mammalogy  -",2002,,,,,,,,,,,,,,,,,,,,,"tbmcite 0.1.0",,,,,
"Faurby_etal_2018","h:4c7263e9","Folia Primatologica 56: 39-49 (1991)",,2,"measurement","Folia Primatologica  -",1991,,,,,,,,,,,,,,,,,,,,,"tbmcite 0.1.0",,,,,
"Faurby_etal_2018","h:4ce5c8a5","Acta Chiropterologica 8: 299-324 (2006)",,1,"measurement","Acta Chiropterologica  -",2006,,,,,,,,,,,,,,,,,,,,,"tbmcite 0.1.0",,,,,
"Faurby_etal_2018","h:4d10fd2f","American Museum Novitates 3243: 1-6 (1998)",,4,"measurement","American Museum Novitates  -",1998,,,,,,,,,,,,,,,,,,,,,"tbmcite 0.1.0",,,,,
"Faurby_etal_2018","h:4d387026","Records of the Western Australian Museum 46: 145-169 (1995",,3,"measurement","Records of the Western Australian Museum  -",1995,,,,,,,,,,,,,,,,,,,,,"tbmcite 0.1.0",,,,,
"Faurby_etal_2018","h:4e18f10f","Fieldiana Zoology 112: 1-63 (2006) (listed as Cynopterus_brachyotis)",,1,"measurement","Fieldiana Zoology  -",2006,"(listed as Cynopterus_brachyotis)",,,,,,,,,,,,,,,,,,,,"tbmcite 0.1.0",,,,,
"Faurby_etal_2018","h:4e1d4828","Systematics and Biodiversity 3: 433-453 (2005)",,1,"measurement","Systematics Biodiversity  -",2005,,,,,,,,,,,,,,,,,,,,,"tbmcite 0.1.0",,,,,
"Faurby_etal_2018","h:4ec62f58","Mammalia 68: 1-33 (2004)",,3,"measurement","Mammalia  -",2004,,,,,,,,,,,,,,,,,,,,,"tbmcite 0.1.0",,,,,
"Faurby_etal_2018","h:4f2bb381","Zeitchrift für Saugertierkunde 8: 180-183 (1933)",,1,"measurement","Zeitchrift fur Saugertierkunde  -",1933,,,,,,,,,,,,,,,,,,,,,"tbmcite 0.1.0",,,,,
"Faurby_etal_2018","h:4f514781","Fieldiana Zoology 55: 1-109 (1990)",,1,"measurement","Fieldiana Zoology  -",1990,,,,,,,,,,,,,,,,,,,,,"tbmcite 0.1.0",,,,,
"Faurby_etal_2018","h:5036cdab","Science 308: 1161-1164 (2005)",,1,"measurement","Science  -",2005,,,,,,,,,,,,,,,,,,,,,"tbmcite 0.1.0",,,,,
"Faurby_etal_2018","h:509f77e1","Global Ecology and Biogeography 18: 19-29 (2009)",,91,"measurement","Global Ecology Biogeography  -",2009,,,,,,,,,,,,,,,,,,,,,"tbmcite 0.1.0",,,,,
"Faurby_etal_2018","h:50c5da4b","Zoological Journal of the Linnean Society 140: 63-102 (2004)",,2,"measurement","Zoological Journal of the Linnean Society  -",2004,,,,,,,,,,,,,,,,,,,,,"tbmcite 0.1.0",,,,,
"Faurby_etal_2018","h:50efcf1f","Annals and Magazine of Natural History 8 14: 488-489 (1914)",,1,"measurement","Annals Magazine of Natural History   -",1914,,,,,,,,,,,,,,,,,,,,,"tbmcite 0.1.0",,,,,
"Faurby_etal_2018","h:5143e3c6","Annals and Magazine of Natural History 7 18: 300-306 (1906)",,1,"measurement","Annals Magazine of Natural History   -",1906,,,,,,,,,,,,,,,,,,,,,"tbmcite 0.1.0",,,,,
"Faurby_etal_2018","h:516f405f","American Museum Novitates 2778: 1-48 (1984)",,1,"measurement","American Museum Novitates  -",1984,,,,,,,,,,,,,,,,,,,,,"tbmcite 0.1.0",,,,,
"Faurby_etal_2018","h:521bfc01","Proceedings of the Biological Society of Washington 105 : 413-421 (1992)",,1,"measurement","Proceedings of the Biological Society of Washington   -",1992,,,,,,,,,,,,,,,,,,,,,"tbmcite 0.1.0",,,,,
"Faurby_etal_2018","h:5220f5d5","Global Ecology and Biogeography 17: 274-283 (2008)",,32,"measurement","Global Ecology Biogeography  -",2008,,,,,,,,,,,,,,,,,,,,,"tbmcite 0.1.0",,,,,
"Faurby_etal_2018","h:525f9396","Keamey TC. Systematic revision of the Southern African species in the genera Eptesicus, Neoromicia, Hypsugo and Pipistrellus (Chiroptera: Vespertillionidae). PhD Thesis (2005)",,3,"measurement","Keamey Systematic revision of the Southern African species in the genera Eptesicus",2005,,,,,,,,,,,,,,,,,,,,,"tbmcite 0.1.0",,,,,"thesis (owner rule: theses always queue)"
"Faurby_etal_2018","h:529f1dbb","The Journal of the Bombay Natural History Society 23: 413-416 (1914)",,1,"measurement","The Journal of the Bombay Natural History Society  -",1914,,,,,,,,,,,,,,,,,,,,,"tbmcite 0.1.0",,,,,
"Faurby_etal_2018","h:52ad14b5","Zootaxa 913: 1-20 (2005)",,3,"measurement","Zootaxa  -",2005,,,,,,,,,,,,,,,,,,,,,"tbmcite 0.1.0",,,,,
"Faurby_etal_2018","h:52e3b942","Corbet GB, Hill JE. The Mammals of the Indomalayan Region (1992)",,1,"compilation","Corbet",1992,"Hill JE","The Mammals of the Indomalayan Region",,,,,,,,,,,,,,,,,,,"tbmcite 0.1.0",,,,,
"Faurby_etal_2018","h:532040a2","American Journal of Primatology 69: 16-26 (2007)",,2,"measurement","American Journal of Primatology  -",2007,,,,,,,,,,,,,,,,,,,,,"tbmcite 0.1.0",,,,,
"Faurby_etal_2018","h:534752b4","Smith AT, Xie Y, Hoffmann RS, Lunde D, MacKinnon J, Wilson DE, Wozencraft WD. A Guide to the Mammals of China (2008)",,115,"compilation","Smith",2008,"Wozencraft WD","A Guide to the Mammals of China",,,,,,,,,,,,,,,,,,,"tbmcite 0.1.0",,,,,
"Faurby_etal_2018","h:535e3531","American Museum Novitates 3624 : 1-60 (2008)",,1,"measurement","American Museum Novitates   -",2008,,,,,,,,,,,,,,,,,,,,,"tbmcite 0.1.0",,,,,
"Faurby_etal_2018","h:53dc405d","Revista Brasileira de Zoologia 16: 531-551 (1999)",,1,"measurement","Revista Brasileira de Zoologia  -",1999,,,,,,,,,,,,,,,,,,,,,"tbmcite 0.1.0",,,,,
"Faurby_etal_2018","h:552a1f07","Bulletin of the American Museum of Natural History 80: 221-297 (1942)",,1,"measurement","Bulletin of the American Museum of Natural History  -",1942,,,,,,,,,,,,,,,,,,,,,"tbmcite 0.1.0",,,,,
"Faurby_etal_2018","h:55450c09","Trillmich, F. 2015. Zalophus wollebaeki. The IUCN Red List of Threatened Species. e.T41668A45230540. http://dx.doi.org/10.2305/IUCN.UK.2015-2.RLTS.T41668A45230540.en. Downloaded on 30 January 2018.","10.2305/iucn.uk.2015-2.rlts.t41668a45230540.en",1,"compilation","Trillmich",2015,"Zalophus wollebaeki","The IUCN Red List of Threatened Species. e.T41668A45230540. http://dx.doi.org/10.2305/IUCN.UK.2015-2.RLTS.T41668A45230540.en. Downloaded on 30 January 2018",,,,,,,,,,,,,,,,,,,"tbmcite 0.1.0",,,,,
"Faurby_etal_2018","h:555162bf","Proceedings of the Academy of Natural Sciences of Philadelphia 1898: 368-371 (1898)",,2,"measurement","Proceedings of the Academy of Natural Sciences of Philadelphia  -",1898,,,,,,,,,,,,,,,,,,,,,"tbmcite 0.1.0",,,,,
"Faurby_etal_2018","h:55b2f75e","Records of the Western Australian Museum 17: 43-50 (1995)",,1,"measurement","Records of the Western Australian Museum  -",1995,,,,,,,,,,,,,,,,,,,,,"tbmcite 0.1.0",,,,,
"Faurby_etal_2018","h:55ba09a2","Acta Theriologica 47: 307-322 (2002)",,1,"measurement","Acta Theriologica  -",2002,,,,,,,,,,,,,,,,,,,,,"tbmcite 0.1.0",,,,,
"Faurby_etal_2018","h:55cb129f","Kingdon J. Kingdon Field Guide to African Mammals (2003)",,1,"compilation","Kingdon",2003,"Kingdon Field Guide to African Mammals",,,,,,,,,,,,,,,,,,,,"tbmcite 0.1.0",,,,,
"Faurby_etal_2018","h:567b768d","Bonner Zoologische Beiträge 32: 241-248 (1982)",,1,"measurement","Bonner Zoologische Beitrage  -",1982,,,,,,,,,,,,,,,,,,,,,"tbmcite 0.1.0",,,,,
"Faurby_etal_2018","h:5756b347","Časopis Národního muzea, Řada přírodovědná 175: 27-30 (2006)",,1,"measurement","Casopis Narodniho muzea",2006,,,,,,,,,,,,,,,,,,,,,"tbmcite 0.1.0",,,,,
"Faurby_etal_2018","h:5783a6fa","Mammalia 42: 391-425 (1978)",,3,"measurement","Mammalia  -",1978,,,,,,,,,,,,,,,,,,,,,"tbmcite 0.1.0",,,,,
"Faurby_etal_2018","h:584d6e91","Mammalian Species 852: 41-48 (2010)",,1,"measurement","Mammalian Species  -",2010,,,,,,,,,,,,,,,,,,,,,"tbmcite 0.1.0",,,,,
"Faurby_etal_2018","h:59b596c2","Annals and Magazine of Natural History 7 1: 451-357 (1898)",,1,"measurement","Annals Magazine of Natural History   -",1898,,,,,,,,,,,,,,,,,,,,,"tbmcite 0.1.0",,,,,
"Faurby_etal_2018","h:59fa8256","American Museum Novitates 2440: 1-35 (1970)",,1,"measurement","American Museum Novitates  -",1970,,,,,,,,,,,,,,,,,,,,,"tbmcite 0.1.0",,,,,
"Faurby_etal_2018","h:5a20bda2","Oryx 43: 18-34 (2009)",,2,"measurement","Oryx  -",2009,,,,,,,,,,,,,,,,,,,,,"tbmcite 0.1.0",,,,,
"Faurby_etal_2018","h:5adcf074","Bonner zoologische Beiträge 38: 183-194 (1987)",,1,"measurement","Bonner zoologische Beitrage  -",1987,,,,,,,,,,,,,,,,,,,,,"tbmcite 0.1.0",,,,,
"Faurby_etal_2018","h:5b23eb0a","Mammalia 72: 237-252 (2008)",,5,"measurement","Mammalia  -",2008,,,,,,,,,,,,,,,,,,,,,"tbmcite 0.1.0",,,,,
"Faurby_etal_2018","h:5c58e9d6","Journal of Mammalogy 74: 901-907 (1993)",,1,"measurement","Journal of Mammalogy  -",1993,,,,,,,,,,,,,,,,,,,,,"tbmcite 0.1.0",,,,,
"Faurby_etal_2018","h:5c80bfc8","Australian Mammalogy 23: 145 - 162 (2001)",,1,"measurement","Australian Mammalogy   -",2001,,,,,,,,,,,,,,,,,,,,,"tbmcite 0.1.0",,,,,
"Faurby_etal_2018","h:5c89b0c4","Annals and Magazine of Natural History  7 1: 251-254 (1898)",,1,"measurement","Annals Magazine of Natural History   -",1898,,,,,,,,,,,,,,,,,,,,,"tbmcite 0.1.0",,,,,
"Faurby_etal_2018","h:5cb319cd","Fieldiana Zoology 105: 1-54 (2005)",,7,"measurement","Fieldiana Zoology  -",2005,,,,,,,,,,,,,,,,,,,,,"tbmcite 0.1.0",,,,,
"Faurby_etal_2018","h:5d299e1f","Shenbrot GI, Sokolov VE, Geptner VG, Kovalskaya YM The Mammals of Russia and Adjacent Regions: Dipodoidea (1995) (Information kindly retrieved by Katerina Tsytsulina)",,1,"compilation","Shenbrot",1995,"(Information kindly retrieved by Katerina Tsytsulina)",,,,,,,,,,,,,,,,,,,,"tbmcite 0.1.0",,,,,
"Faurby_etal_2018","h:5d7d1427","Proceedings of the Biological Society of Washington 113: 302-318 (2000)",,2,"measurement","Proceedings of the Biological Society of Washington  -",2000,,,,,,,,,,,,,,,,,,,,,"tbmcite 0.1.0",,,,,
"Faurby_etal_2018","h:5d948e14","Happold DCD (2013) Mammals of Africa, Volume III. Pp 452-453. D. C. D. Happold . Lemniscomys striatus",,1,"compilation","Happold",2013,"Mammals of Africa, Volume III","Pp 452-453. D. C. D. Happold . Lemniscomys striatus",,,,,,,,,,,,,,,,,,,"tbmcite 0.1.0",,,,,
"Faurby_etal_2018","h:5dfbbc23","Bulletin of the American Museum of Natural History 263:1-236 (2001)",,11,"measurement","Bulletin of the American Museum of Natural History -",2001,,,,,,,,,,,,,,,,,,,,,"tbmcite 0.1.0",,,,,
"Faurby_etal_2018","h:5e18e47e","Records of the Western Australian Museum 16: 119-173 (1995)",,1,"measurement","Records of the Western Australian Museum  -",1995,,,,,,,,,,,,,,,,,,,,,"tbmcite 0.1.0",,,,,
"Faurby_etal_2018","h:5e26875c","Journal of Mammalogy 59: 519-530 (1978)",,1,"measurement","Journal of Mammalogy  -",1978,,,,,,,,,,,,,,,,,,,,,"tbmcite 0.1.0",,,,,
"Faurby_etal_2018","h:5e3c3fe0","Annals and Magazine of Natural History 2: 361-370 (1908)",,1,"measurement","Annals Magazine of Natural History  -",1908,,,,,,,,,,,,,,,,,,,,,"tbmcite 0.1.0",,,,,
"Faurby_etal_2018","h:5e5a8a37","North American Mammals database. Smithsonian museum database. www.mnh.si.edu/mna",,1,"compilation","North American Mammals database",,"North American Mammals database","Smithsonian museum database. www.mnh.si.edu/mna",,,,,,,,,,,,,,,,,,,"tbmcite 0.1.0",,,,,
"Faurby_etal_2018","h:5e6d103c","Mammalian Biology 72: 93-105 (2007)",,1,"measurement","Mammalian Biology  -",2007,,,,,,,,,,,,,,,,,,,,,"tbmcite 0.1.0",,,,,
"Faurby_etal_2018","h:5ea5d0b5","Miscellaneous Publications Museum of Zoology University of Michigan 58: 1-109 (1944)",,2,"measurement","Miscellaneous Publications Museum of Zoology University of Michigan  -",1944,,,,,,,,,,,,,,,,,,,,,"tbmcite 0.1.0",,,,,
"Faurby_etal_2018","h:5faa0e12","Bonner Zoologische Beiträge 52: 127-147 (2004)",,1,"measurement","Bonner Zoologische Beitrage  -",2004,,,,,,,,,,,,,,,,,,,,,"tbmcite 0.1.0",,,,,
"Faurby_etal_2018","h:5fd9938b","American Museum Novitates 2726: 1-30 (1982)",,2,"measurement","American Museum Novitates  -",1982,,,,,,,,,,,,,,,,,,,,,"tbmcite 0.1.0",,,,,
"Faurby_etal_2018","h:6028a671","Proceedings of the Biological Society of Washington 121: 411-428 (2008)",,1,"measurement","Proceedings of the Biological Society of Washington  -",2008,,,,,,,,,,,,,,,,,,,,,"tbmcite 0.1.0",,,,,
"Faurby_etal_2018","h:6113be6a","Happold DCD (2013) Mammals of Africa, Volume III. Pp 438-439. F. Dieterlen . Hylomyscus stella",,1,"compilation","Happold",2013,"Mammals of Africa, Volume III","Pp 438-439. F. Dieterlen . Hylomyscus stella",,,,,,,,,,,,,,,,,,,"tbmcite 0.1.0",,,,,
"Faurby_etal_2018","h:613afb83","Zootaxa 1665: 19-30 (2007)",,1,"measurement","Zootaxa  -",2007,,,,,,,,,,,,,,,,,,,,,"tbmcite 0.1.0",,,,,
"Faurby_etal_2018","h:61b02490","Bulletin of the American Museum of Natural History 206:322-413 (1991)",,3,"measurement","Bulletin of the American Museum of Natural History -",1991,,,,,,,,,,,,,,,,,,,,,"tbmcite 0.1.0",,,,,
"Faurby_etal_2018","h:61d11354","Revista Brasileira de Zoologia 23: 64-144 (2006)",,5,"measurement","Revista Brasileira de Zoologia  -",2006,,,,,,,,,,,,,,,,,,,,,"tbmcite 0.1.0",,,,,
"Faurby_etal_2018","h:61d23286","Journal of Zoological Systematics and Evolutionary Research 39: 235-245 (2001)",,1,"measurement","Journal of Zoological Systematics Evolutionary Research  -",2001,,,,,,,,,,,,,,,,,,,,,"tbmcite 0.1.0",,,,,
"Faurby_etal_2018","h:6213e23f","Fieldiana Zoology 113: 1-58 (2007)",,1,"measurement","Fieldiana Zoology  -",2007,,,,,,,,,,,,,,,,,,,,,"tbmcite 0.1.0",,,,,
"Faurby_etal_2018","h:6251fde9","Proceedings of the Biological Society of Washington 9: 117-128 (1894)",,1,"measurement","Proceedings of the Biological Society of Washington  -",1894,,,,,,,,,,,,,,,,,,,,,"tbmcite 0.1.0",,,,,
"Faurby_etal_2018","h:62a88e95","Reid FA. A field guide to the Mammals of Central America and South East Mexico (2009)",,32,"compilation","Reid field guide to the Mammals of Central America South East Mexico",2009,,,,,,,,,,,,,,,,,,,,,"tbmcite 0.1.0",,,,,
"Faurby_etal_2018","h:62ec58b7","Journal of Mammalogy 88: 319-329 (2007)",,4,"measurement","Journal of Mammalogy  -",2007,,,,,,,,,,,,,,,,,,,,,"tbmcite 0.1.0",,,,,
"Faurby_etal_2018","h:62f51fae","Patterson, B. D., et al. 2006. A distinctive new cloud-forest rodent (Hystricognathi: Echimyidae) from the Manu Biosphere Reserve, Peru. Mastozoología Neotropical 13:175-191.",,1,"measurement","Patterson",2006,"A distinctive new cloud-forest rodent (Hystricognathi: Echimyidae) from the Manu Biosphere Reserve, Peru","Mastozoologia Neotropical","13","175-191",,,,,,,,,,,,,,,,,"tbmcite 0.1.0",,,,,
"Faurby_etal_2018","h:63cee4bc","Bioacoustics: The International Journal of Animal Sound and its Recording, 15:175-193 (2005)",,1,"measurement","Bioacoustics The International Journal of Animal Sound its Recording",2005,,,,,,,,,,,,,,,,,,,,,"tbmcite 0.1.0",,,,,
"Faurby_etal_2018","h:63fdfd14","Bulletin of the American Museum of Natural History 331: 314-355 (2009)",,3,"measurement","Bulletin of the American Museum of Natural History  -",2009,,,,,,,,,,,,,,,,,,,,,"tbmcite 0.1.0",,,,,
"Faurby_etal_2018","h:65e85b55","Mammal study 28: 111-120 (2003)",,1,"measurement","Mammal study  -",2003,,,,,,,,,,,,,,,,,,,,,"tbmcite 0.1.0",,,,,
"Faurby_etal_2018","h:663d438d","Journal of Mammalogy 86: 415-428",,3,"measurement","Journal of Mammalogy",,"Journal of Mammalogy",,"86","415-428",,,,,,,,,,,,,,,,,"tbmcite 0.1.0",,,,,
"Faurby_etal_2018","h:672fad5e","Mammalian Species 577: 1-5 (1998)",,1,"measurement","Mammalian Species  -",1998,,,,,,,,,,,,,,,,,,,,,"tbmcite 0.1.0",,,,,
"Faurby_etal_2018","h:682f99a9","Physiological Zoology 65: 77-96 (1992)",,1,"measurement","Physiological Zoology  -",1992,,,,,,,,,,,,,,,,,,,,,"tbmcite 0.1.0",,,,,
"Faurby_etal_2018","h:683b1c35","Actualidades Biologicas 75:53-61 (2001)",,1,"measurement","Actualidades Biologicas -",2001,,,,,,,,,,,,,,,,,,,,,"tbmcite 0.1.0",,,,,
"Faurby_etal_2018","h:68a5d269","Bulletin of the American Musem of Natural History 237: 1-219 (1998)",,6,"measurement","Bulletin of the American Musem of Natural History  -",1998,,,,,,,,,,,,,,,,,,,,,"tbmcite 0.1.0",,,,,
"Faurby_etal_2018","h:68b50843","Acta Oecologica 40: 41-49 (2012)",,2,"measurement","Acta Oecologica  -",2012,,,,,,,,,,,,,,,,,,,,,"tbmcite 0.1.0",,,,,
"Faurby_etal_2018","h:68d8b982","Mittermeier RA, Rylands AB,  Wilson DE Handbook of the Mammals of the World - Volume 3 (2013) (as S. hypoleucus northern form)",,1,"compilation","Mittermeier",2013,"(as S. hypoleucus northern form)",,,,,,,,,,,,,,,,,,,,"tbmcite 0.1.0",,,,,
"Faurby_etal_2018","h:6930c336","Bulletin of the American Museum of Natural History 236: 1-376 (1998)",,4,"measurement","Bulletin of the American Museum of Natural History  -",1998,,,,,,,,,,,,,,,,,,,,,"tbmcite 0.1.0",,,,,
"Faurby_etal_2018","h:6a2d6c8e","Journal of Mammalogy 86: 814-825 (2005)",,1,"measurement","Journal of Mammalogy  -",2005,,,,,,,,,,,,,,,,,,,,,"tbmcite 0.1.0",,,,,
"Faurby_etal_2018","h:6a324397","Bonner zoologische Beiträge 26: 293-318 (1975)",,2,"measurement","Bonner zoologische Beitrage  -",1975,,,,,,,,,,,,,,,,,,,,,"tbmcite 0.1.0",,,,,
"Faurby_etal_2018","h:6a7d58aa","Annals and Magazine of Natural History  8, 11: 144-145 (1913)",,1,"measurement","Annals Magazine of Natural History",1913,,,,,,,,,,,,,,,,,,,,,"tbmcite 0.1.0",,,,,
"Faurby_etal_2018","h:6b486bab","Mastozoología Neotropical 15: 117-123 (2008)",,1,"measurement","Mastozoologia Neotropical  -",2008,,,,,,,,,,,,,,,,,,,,,"tbmcite 0.1.0",,,,,
"Faurby_etal_2018","h:6b563135","Proceedings of the Biological Society of Washington 46: 195-198 (1933)",,1,"measurement","Proceedings of the Biological Society of Washington  -",1933,,,,,,,,,,,,,,,,,,,,,"tbmcite 0.1.0",,,,,
"Faurby_etal_2018","h:6bc0f5b5","Occasional Papers of the Museum of Texas Tech University 231: 1-12. (2004)",,1,"measurement","Occasional Papers of the Museum of Texas Tech University  -",2004,,,,,,,,,,,,,,,,,,,,,"tbmcite 0.1.0",,,,,
"Faurby_etal_2018","h:6d0f00fe","Zeitchrift für Saugertierkunde 44: 65-80 (1979)",,2,"measurement","Zeitchrift fur Saugertierkunde  -",1979,,,,,,,,,,,,,,,,,,,,,"tbmcite 0.1.0",,,,,
"Faurby_etal_2018","h:6d4b3ded","Mammalia 64 :41-54 (2000)",,1,"measurement","Mammalia  -",2000,,,,,,,,,,,,,,,,,,,,,"tbmcite 0.1.0",,,,,
"Faurby_etal_2018","h:6d6a0aaf","Journal of Mammalogy 89: 1257-1268 (2008)",,1,"measurement","Journal of Mammalogy  -",2008,,,,,,,,,,,,,,,,,,,,,"tbmcite 0.1.0",,,,,
"Faurby_etal_2018","h:6da8f20e","Natural History Museum The University of Kansas 29:1-47 (2003)",,2,"measurement","Natural History Museum The University of Kansas -",2003,,,,,,,,,,,,,,,,,,,,,"tbmcite 0.1.0",,,,,
"Faurby_etal_2018","h:6dbe6d16","Journal of Mammalogy 91: 387-400 (2010)",,1,"measurement","Journal of Mammalogy  -",2010,,,,,,,,,,,,,,,,,,,,,"tbmcite 0.1.0",,,,,
"Faurby_etal_2018","h:6e5ad78e","Annals and Magazine of Natural History 8 11: 314-321 (1913)",,1,"measurement","Annals Magazine of Natural History   -",1913,,,,,,,,,,,,,,,,,,,,,"tbmcite 0.1.0",,,,,
"Faurby_etal_2018","h:6e7e5aab","Journal of Mammalogy 75: 965-978 (1994)",,1,"measurement","Journal of Mammalogy  -",1994,,,,,,,,,,,,,,,,,,,,,"tbmcite 0.1.0",,,,,
"Faurby_etal_2018","h:6ed0e452","American Museum Novitates 3279: 1-14 (1999)",,2,"measurement","American Museum Novitates  -",1999,,,,,,,,,,,,,,,,,,,,,"tbmcite 0.1.0",,,,,
"Faurby_etal_2018","h:6f005b68","Journal of Mammalogy 85:825-833 (2004)",,1,"measurement","Journal of Mammalogy -",2004,,,,,,,,,,,,,,,,,,,,,"tbmcite 0.1.0",,,,,
"Faurby_etal_2018","h:6f0e185e","American Museum Novitates 3466:1-40 (2004)",,5,"measurement","American Museum Novitates -",2004,,,,,,,,,,,,,,,,,,,,,"tbmcite 0.1.0",,,,,
"Faurby_etal_2018","h:6f3a8698","Journal of Mammalogy 77: 25-40 (1996)",,1,"measurement","Journal of Mammalogy  -",1996,,,,,,,,,,,,,,,,,,,,,"tbmcite 0.1.0",,,,,
"Faurby_etal_2018","h:6fd54449","International Journal of Primatology 21: 943-962 (2000)",,2,"measurement","International Journal of Primatology  -",2000,,,,,,,,,,,,,,,,,,,,,"tbmcite 0.1.0",,,,,
"Faurby_etal_2018","h:726b5058","Hansford, J., et al. 2012. Taxonomy-testing and the “Goldilocks Hypothesis”: morphometric analysis of species diversity in living and extinct Hispaniolan hutias. Systematics and Biodiversity 10:491-507.",,2,"measurement","Hansford",2012,"Taxonomy-testing and the ""Goldilocks Hypothesis"": morphometric analysis of species diversity in living and extinct Hispaniolan hutias","Systematics and Biodiversity","10","491-507",,,,,,,,,,,,,,,,,"tbmcite 0.1.0",,,,,
"Faurby_etal_2018","h:72973a52","Mammalian Biology 70: 46-60 (2005)",,1,"measurement","Mammalian Biology  -",2005,,,,,,,,,,,,,,,,,,,,,"tbmcite 0.1.0",,,,,
"Faurby_etal_2018","h:72be58fa","Journal of Mammalogy 88: 1170-1178 (2007)",,1,"measurement","Journal of Mammalogy  -",2007,,,,,,,,,,,,,,,,,,,,,"tbmcite 0.1.0",,,,,
"Faurby_etal_2018","h:72e0e47b","Special Publications of The Museum of Texas Tech University 51: 1-60 (2007)",,4,"measurement","Special Publications of The Museum of Texas Tech University  -",2007,,,,,,,,,,,,,,,,,,,,,"tbmcite 0.1.0",,,,,
"Faurby_etal_2018","h:73085b3e","Proceedings of the Biological Society of Washington 97: 395-403 (1984)",,1,"measurement","Proceedings of the Biological Society of Washington  -",1984,,,,,,,,,,,,,,,,,,,,,"tbmcite 0.1.0",,,,,
"Faurby_etal_2018","h:73714301","Natural History Museum of Los Angeles County, Contributions in Science 442: 35 (1994)",,1,"measurement","Natural History Museum of Los Angeles County",1994,,,,,,,,,,,,,,,,,,,,,"tbmcite 0.1.0",,,,,
"Faurby_etal_2018","h:7381fa3f","Zoologischer Anzeiger 247: 67-80 (2008)",,1,"measurement","Zoologischer Anzeiger  -",2008,,,,,,,,,,,,,,,,,,,,,"tbmcite 0.1.0",,,,,
"Faurby_etal_2018","h:7397df9a","Proceedings of the Biological Society of Washington 120: 117-136 (2007)",,1,"measurement","Proceedings of the Biological Society of Washington  -",2007,,,,,,,,,,,,,,,,,,,,,"tbmcite 0.1.0",,,,,
"Faurby_etal_2018","h:743e5a14","Annals and Magazine of Natural History 6 14: 346-366 (1894)",,1,"measurement","Annals Magazine of Natural History   -",1894,,,,,,,,,,,,,,,,,,,,,"tbmcite 0.1.0",,,,,
"Faurby_etal_2018","h:7478ea63","Bulletin of the American Museum of Natural History 76: 457-632 (1940)",,1,"measurement","Bulletin of the American Museum of Natural History  -",1940,,,,,,,,,,,,,,,,,,,,,"tbmcite 0.1.0",,,,,
"Faurby_etal_2018","h:7692309c","Bulletin of the American Museum of Natural History 231: 1-652 (1997) (as Calomys callidus",,1,"measurement","Bulletin of the American Museum of Natural History  -",1997,"(as Calomys callidus",,,,,,,,,,,,,,,,,,,,"tbmcite 0.1.0",,,,,
"Faurby_etal_2018","h:770347df","American Museum Novitates 802: 1-10 (1935)",,2,"measurement","American Museum Novitates  -",1935,,,,,,,,,,,,,,,,,,,,,"tbmcite 0.1.0",,,,,
"Faurby_etal_2018","h:77a70129","Occasional Papers of the Museum of Texas Tech University 276: 1-12 (2008)",,2,"measurement","Occasional Papers of the Museum of Texas Tech University  -",2008,,,,,,,,,,,,,,,,,,,,,"tbmcite 0.1.0",,,,,
"Faurby_etal_2018","h:77ff293d","Zeitchrift für Saugertierkunde 64: 36-50 (1999)",,2,"measurement","Zeitchrift fur Saugertierkunde  -",1999,,,,,,,,,,,,,,,,,,,,,"tbmcite 0.1.0",,,,,
"Faurby_etal_2018","h:783d6a86","Mammalia 62: 367-396 (1998)",,2,"measurement","Mammalia  -",1998,,,,,,,,,,,,,,,,,,,,,"tbmcite 0.1.0",,,,,
"Faurby_etal_2018","h:7893c749","Mammalian Species 768: 1-3 (2005)",,1,"measurement","Mammalian Species  -",2005,,,,,,,,,,,,,,,,,,,,,"tbmcite 0.1.0",,,,,
"Faurby_etal_2018","h:78bec9e7","Wilson DE, Mittermeier RA. Handbook of the Mammals of the World - Volume 1 (2009)",,19,"compilation","Wilson",2009,"Mittermeier RA","Handbook of the Mammals of the World - Volume 1",,,,,,,,,,,,,,,,,,,"tbmcite 0.1.0",,,,,
"Faurby_etal_2018","h:78f07528","Journal of Mammalogy 84: 1443-1455 (2003)",,2,"measurement","Journal of Mammalogy  -",2003,,,,,,,,,,,,,,,,,,,,,"tbmcite 0.1.0",,,,,
"Faurby_etal_2018","h:791004ea","ZoologicaI Joumal of the Linnean Society  113: 329-349 (1995)",,1,"measurement","ZoologicaI Joumal of the Linnean Society  -",1995,,,,,,,,,,,,,,,,,,,,,"tbmcite 0.1.0",,,,,
"Faurby_etal_2018","h:794928bf","Journal of Mammalogy  87:238-246(2006)",,1,"measurement","Journal of Mammalogy -",2006,,,,,,,,,,,,,,,,,,,,,"tbmcite 0.1.0",,,,,
"Faurby_etal_2018","h:7a128a96","Gromov IM, Erbajeva MA [The mammals of Russia and adjacent territories Lagomorphs and Rodents) (1995)",,4,"compilation","Gromov",1995,"Russia and adjacent territories Lagomorphs and Rodents)",,,,,,,,,,,,,,,,,,,,"tbmcite 0.1.0",,,,,
"Faurby_etal_2018","h:7a67797b","Mammalian Species 464: 1-2 (1994)",,1,"measurement","Mammalian Species  -",1994,,,,,,,,,,,,,,,,,,,,,"tbmcite 0.1.0",,,,,
"Faurby_etal_2018","h:7a8748e8","Happold DCD (2013) Mammals of Africa, Volume III. Pp 433-434. D. C. D. Happold . Hylomyscus carillus",,1,"compilation","Happold",2013,"Mammals of Africa, Volume III","Pp 433-434. D. C. D. Happold . Hylomyscus carillus",,,,,,,,,,,,,,,,,,,"tbmcite 0.1.0",,,,,
"Faurby_etal_2018","h:7b5ef0e6","American Museum Novitates 3478: 1-26 (2005)",,1,"measurement","American Museum Novitates  -",2005,,,,,,,,,,,,,,,,,,,,,"tbmcite 0.1.0",,,,,
"Faurby_etal_2018","h:7b91356d","Proceedings of the Biological Society of Washington 108: 302-318 (1995)",,1,"measurement","Proceedings of the Biological Society of Washington  -",1995,,,,,,,,,,,,,,,,,,,,,"tbmcite 0.1.0",,,,,
"Faurby_etal_2018","h:7bf2d9d3","American Museum Novitates 3421:1-47 (2003)",,3,"measurement","American Museum Novitates -",2003,,,,,,,,,,,,,,,,,,,,,"tbmcite 0.1.0",,,,,
"Faurby_etal_2018","h:7c1fff2f","Occasional Papers of the Museum of Texas Tech University 232: 1-16 (2003)",,1,"measurement","Occasional Papers of the Museum of Texas Tech University  -",2003,,,,,,,,,,,,,,,,,,,,,"tbmcite 0.1.0",,,,,
"Faurby_etal_2018","h:7df4d2cf","Garbutt N. Mammals of Madagascar a Complete Guide (2007)",,101,"compilation","Garbutt",2007,"Mammals of Madagascar a Complete Guide",,,,,,,,,,,,,,,,,,,,"tbmcite 0.1.0",,,,,
"Faurby_etal_2018","h:7e376496","Journal of Mammalogy 44: 213-247 (1963)",,4,"measurement","Journal of Mammalogy  -",1963,,,,,,,,,,,,,,,,,,,,,"tbmcite 0.1.0",,,,,
"Faurby_etal_2018","h:7ecea751","Barrett L Developments in Primatology: Progress and Prospects (2010)",,2,"measurement","Barrett Developments in Primatology Progress Prospects",2010,,,,,,,,,,,,,,,,,,,,,"tbmcite 0.1.0",,,,,"book chapter or edited volume cited without the chapter (owner rule: books and chapters queue)"
"Faurby_etal_2018","h:7f199c9a","BMC Evolutionary Biology 7: 83 (2007)",,1,"measurement","Bmc",2007,"Evolutionary Biology",,"7","83",,,,,,,,,,,,,,,,,"tbmcite 0.1.0",,,,,
"Faurby_etal_2018","h:7f4ef5f1","Bonner Zoologische Beiträge 46: 111-131 (1997)",,3,"measurement","Bonner Zoologische Beitrage  -",1997,,,,,,,,,,,,,,,,,,,,,"tbmcite 0.1.0",,,,,
"Faurby_etal_2018","h:7f6c9ceb","Mammalia 57: 255-272 (1993)",,1,"measurement","Mammalia  -",1993,,,,,,,,,,,,,,,,,,,,,"tbmcite 0.1.0",,,,,
"Faurby_etal_2018","h:8057a4ed","Proceedings of the Biological Society of Washington 105: 841-866 (1992)",,1,"measurement","Proceedings of the Biological Society of Washington  -",1992,,,,,,,,,,,,,,,,,,,,,"tbmcite 0.1.0",,,,,
"Faurby_etal_2018","h:809ff079","IUCN species fact sheet",,8,"compilation","IUCN species fact sheet",,"IUCN species fact sheet",,,,,,,,,,,,,,,,,,,,"tbmcite 0.1.0",,,,,
"Faurby_etal_2018","h:80e7e92d","The Rafles Bulletin of Zoology 12: 413-421 (2005)",,1,"measurement","The Rafles Bulletin of Zoology  -",2005,,,,,,,,,,,,,,,,,,,,,"tbmcite 0.1.0",,,,,
"Faurby_etal_2018","h:81bef974","Special Publications of The Museum of Texas Tech University 48:1-154 (2005)",,1,"measurement","Special Publications of The Museum of Texas Tech University -",2005,,,,,,,,,,,,,,,,,,,,,"tbmcite 0.1.0",,,,,
"Faurby_etal_2018","h:81e99dc1","Proceedings of the Zoological Society of London 118: 765-816(1948-1949)",,1,"measurement","Proceedings of the Zoological Society of London  -",1948,"-1949)",,,,,,,,,,,,,,,,,,,,"tbmcite 0.1.0",,,,,
"Faurby_etal_2018","h:82248346","American Museum Novitates 3280: 1-15 (1999)",,2,"measurement","American Museum Novitates  -",1999,,,,,,,,,,,,,,,,,,,,,"tbmcite 0.1.0",,,,,
"Faurby_etal_2018","h:8235087a","Happold DCD (2013) Mammals of Africa, Volume III. Pp 467-468. Herwig Leirs . Mastomys kollmannspergeri",,1,"compilation","Happold",2013,"Mammals of Africa, Volume III","Pp 467-468. Herwig Leirs . Mastomys kollmannspergeri",,,,,,,,,,,,,,,,,,,"tbmcite 0.1.0",,,,,
"Faurby_etal_2018","h:826f7281","Mammalian Species 703: 1-3 (2002)",,5,"measurement","Mammalian Species  -",2002,,,,,,,,,,,,,,,,,,,,,"tbmcite 0.1.0",,,,,
"Faurby_etal_2018","h:82de3c1f","Annals and Magazine of Natural History  6 20: 544-553 (1897)",,1,"measurement","Annals Magazine of Natural History   -",1897,,,,,,,,,,,,,,,,,,,,,"tbmcite 0.1.0",,,,,
"Faurby_etal_2018","h:831a0ae3","American Museum Novitates 708: 1-15 (1934)",,1,"measurement","American Museum Novitates  -",1934,,,,,,,,,,,,,,,,,,,,,"tbmcite 0.1.0",,,,,
"Faurby_etal_2018","h:8355bc39","American Museum Novitates 3622: 1-46 (2008)",,4,"measurement","American Museum Novitates  -",2008,,,,,,,,,,,,,,,,,,,,,"tbmcite 0.1.0",,,,,
"Faurby_etal_2018","h:83a161ff","Mammalia 31: 610-628 (1967)",,1,"measurement","Mammalia  -",1967,,,,,,,,,,,,,,,,,,,,,"tbmcite 0.1.0",,,,,
"Faurby_etal_2018","h:84182016","Journal of Thermal Biology 31: 583-587",,1,"measurement","Journal of Thermal Biology",,"Journal of Thermal Biology",,"31","583-587",,,,,,,,,,,,,,,,,"tbmcite 0.1.0",,,,,
"Faurby_etal_2018","h:84b77ded","Records of the Western Australian Museum 15: 739-738 (1991)",,3,"measurement","Records of the Western Australian Museum  -",1991,,,,,,,,,,,,,,,,,,,,,"tbmcite 0.1.0",,,,,
"Faurby_etal_2018","h:855bab9f","Mammalian Species 790: 1-8 (2006)",,1,"measurement","Mammalian Species  -",2006,,,,,,,,,,,,,,,,,,,,,"tbmcite 0.1.0",,,,,
"Faurby_etal_2018","h:8581edb8","International Journal of Primatology 31: 693-714 (2010)",,3,"measurement","International Journal of Primatology  -",2010,,,,,,,,,,,,,,,,,,,,,"tbmcite 0.1.0",,,,,
"Faurby_etal_2018","h:8602d43b","Campbell, C., Fuentes, A., MacKinnon, K., Panger, M., & Bearder, S (2007)  Primates in Perspective. pp. 139-150. Fernandez-Duque, E. (2007). ""Aotinae"".",,1,"compilation","Campbell",2007,"Primates in Perspective. pp","139-150. Fernandez-Duque, E. (2007). ""Aotinae""",,,,,,,,,,,,,,,,,,,"tbmcite 0.1.0",,,,,
"Faurby_etal_2018","h:8623f88e","Happold DCD (2013) Mammals of Africa, Volume III. Pp 463-464. Herwig Leirs . Mastomys coucha",,1,"compilation","Happold",2013,"Mammals of Africa, Volume III","Pp 463-464. Herwig Leirs . Mastomys coucha",,,,,,,,,,,,,,,,,,,"tbmcite 0.1.0",,,,,
"Faurby_etal_2018","h:863e241f","Happold DCD (2013) Mammals of Africa, Volume III. Pp 465-467. Herwig Leirs . Mastomys huberti",,1,"compilation","Happold",2013,"Mammals of Africa, Volume III","Pp 465-467. Herwig Leirs . Mastomys huberti",,,,,,,,,,,,,,,,,,,"tbmcite 0.1.0",,,,,
"Faurby_etal_2018","h:86759823","Annals and Magazine of Natural History 7 2: 124-125 (1898)",,1,"measurement","Annals Magazine of Natural History   -",1898,,,,,,,,,,,,,,,,,,,,,"tbmcite 0.1.0",,,,,
"Faurby_etal_2018","h:86a343bc","Fieldiana Zoology 106: 14-27 (2006)",,1,"measurement","Fieldiana Zoology  -",2006,,,,,,,,,,,,,,,,,,,,,"tbmcite 0.1.0",,,,,
"Faurby_etal_2018","h:88b38f31","Proceedings of the Biological Society of Washington 84: 259-264 (1971)",,2,"measurement","Proceedings of the Biological Society of Washington  -",1971,,,,,,,,,,,,,,,,,,,,,"tbmcite 0.1.0",,,,,
"Faurby_etal_2018","h:88dfd257","Zeitchrift für Saugertierkunde 50:240-241 (1985)",,1,"measurement","Zeitchrift fur Saugertierkunde -",1985,,,,,,,,,,,,,,,,,,,,,"tbmcite 0.1.0",,,,,
"Faurby_etal_2018","h:8950c1e3","Journal of Mammalogy 48: 210-218 (1967)",,1,"measurement","Journal of Mammalogy  -",1967,,,,,,,,,,,,,,,,,,,,,"tbmcite 0.1.0",,,,,
"Faurby_etal_2018","h:89e20ba0","Smith, F. A., et al. 2003. Body mass of late Quaternary mammals. Ecology 84:3403 (Updated Version 4.1 obtained from senior author).",,3421,"compilation","Smith",2003,"Body mass of late Quaternary mammals","Ecology 84:3403 (Updated Version 4.1 obtained from senior author)",,,,,,,,,,,,,,,,,,,"tbmcite 0.1.0",,,,,
"Faurby_etal_2018","h:8a451f7f","Fieldiana Zoology 79: 1- 43 (1994)",,1,"measurement","Fieldiana Zoology  -",1994,,,,,,,,,,,,,,,,,,,,,"tbmcite 0.1.0",,,,,
"Faurby_etal_2018","h:8a52733e","Mammalian Species 465: 1-3 (1994)",,1,"measurement","Mammalian Species  -",1994,,,,,,,,,,,,,,,,,,,,,"tbmcite 0.1.0",,,,,
"Faurby_etal_2018","h:8a625734","Zeitschrift fur Saugetierkunde 59: 27-41 (1994)",,1,"measurement","Zeitschrift fur Saugetierkunde  -",1994,,,,,,,,,,,,,,,,,,,,,"tbmcite 0.1.0",,,,,
"Faurby_etal_2018","h:8a89c97c","Proceedings of the Biological Society of Washington 118:442-449 (2005)",,4,"measurement","Proceedings of the Biological Society of Washington -",2005,,,,,,,,,,,,,,,,,,,,,"tbmcite 0.1.0",,,,,
"Faurby_etal_2018","h:8adfbea8","American Museum Novitates 3380: 1-40 (2002)",,4,"measurement","American Museum Novitates  -",2002,,,,,,,,,,,,,,,,,,,,,"tbmcite 0.1.0",,,,,
"Faurby_etal_2018","h:8b811127","Bulletin of the American Museum of Natural History 35: 523-530 (1916)",,1,"measurement","Bulletin of the American Museum of Natural History  -",1916,,,,,,,,,,,,,,,,,,,,,"tbmcite 0.1.0",,,,,
"Faurby_etal_2018","h:8c12b4bc","American Museum Novitates 2889: 1-45 (1987)",,1,"measurement","American Museum Novitates  -",1987,,,,,,,,,,,,,,,,,,,,,"tbmcite 0.1.0",,,,,
"Faurby_etal_2018","h:8c154ca7","Annals and Magazine of Natural History 9 6: 417-422 (1920)",,1,"measurement","Annals Magazine of Natural History   -",1920,,,,,,,,,,,,,,,,,,,,,"tbmcite 0.1.0",,,,,
"Faurby_etal_2018","h:8c5e48fa","Proceedings of the Biological Society of Washington 86: 163-174 (1973)",,2,"measurement","Proceedings of the Biological Society of Washington  -",1973,,,,,,,,,,,,,,,,,,,,,"tbmcite 0.1.0",,,,,
"Faurby_etal_2018","h:8c63386a","Happold DCD (2013) Mammals of Africa, Volume III. Pp 107-109. Mary Ellen Holden. Eliomys munbyanus",,1,"compilation","Happold",2013,"Mammals of Africa, Volume III","Pp 107-109. Mary Ellen Holden. Eliomys munbyanus",,,,,,,,,,,,,,,,,,,"tbmcite 0.1.0",,,,,
"Faurby_etal_2018","h:8d5d31f2","Bonner Zoologische Beiträge 50: 313-327 (2001)",,1,"measurement","Bonner Zoologische Beitrage  -",2001,,,,,,,,,,,,,,,,,,,,,"tbmcite 0.1.0",,,,,
"Faurby_etal_2018","h:8dbcdbec","Bonner Zoologische Beiträge 38: 1-7 (1990)",,1,"measurement","Bonner Zoologische Beitrage  -",1990,,,,,,,,,,,,,,,,,,,,,"tbmcite 0.1.0",,,,,
"Faurby_etal_2018","h:8e026280","Eisenberg JF, Redford KH Mammals of the Neotropics (Volume 3 ): The Central Neotropics: Ecuador, Peru, Bolivia, Brazil (2000)",,38,"compilation","Eisenberg",2000,"Mammals of the Neotropics (Volume 3 ): The Central Neotropics: Ecuador, Peru, Bolivia, Brazil",,,,,,,,,,,,,,,,,,,,"tbmcite 0.1.0",,,,,
"Faurby_etal_2018","h:8e7c89e9","Records of the Western Australian Museum 15: 611-626 (1991)",,2,"measurement","Records of the Western Australian Museum  -",1991,,,,,,,,,,,,,,,,,,,,,"tbmcite 0.1.0",,,,,
"Faurby_etal_2018","h:8f53e913","Mammalian Species 797: 1-7 (2006)",,1,"measurement","Mammalian Species  -",2006,,,,,,,,,,,,,,,,,,,,,"tbmcite 0.1.0",,,,,
"Faurby_etal_2018","h:8f54f39f","Bonner Zoologische Beiträge 43: 393-414 (1992)",,2,"measurement","Bonner Zoologische Beitrage  -",1992,,,,,,,,,,,,,,,,,,,,,"tbmcite 0.1.0",,,,,
"Faurby_etal_2018","h:900f4550","Records of the Australian Museum 45: 33-42 (1993)",,2,"measurement","Records of the Australian Museum  -",1993,,,,,,,,,,,,,,,,,,,,,"tbmcite 0.1.0",,,,,
"Faurby_etal_2018","h:90622706","Proceedings of the Biological Society of Washington 105 : 1-12 (1992)",,4,"measurement","Proceedings of the Biological Society of Washington   -",1992,,,,,,,,,,,,,,,,,,,,,"tbmcite 0.1.0",,,,,
"Faurby_etal_2018","h:90adddc4","Van Dyck S, Straham R. The Mammals of Australia Third edition (2008)",,49,"compilation","Van Dyck",2008,"The Mammals of Australia Third edition",,,,,,,,,,,,,,,,,,,,"tbmcite 0.1.0",,,,,
"Faurby_etal_2018","h:90c01ab3","Primates 36: 101-120 (1995)",,11,"measurement","Primates  -",1995,,,,,,,,,,,,,,,,,,,,,"tbmcite 0.1.0",,,,,
"Faurby_etal_2018","h:9145fd35","Happold M, Happold DCD (2013) Mammals of Africa, Volume IV. pp. 110-111. Justina C. Ray & Rainer Hutterer 2013. Crocidura mutesae",,1,"compilation","Happold",2013,"Mammals of Africa, Volume IV. pp","110-111. Justina C. Ray & Rainer Hutterer 2013. Crocidura mutesae",,,,,,,,,,,,,,,,,,,"tbmcite 0.1.0",,,,,
"Faurby_etal_2018","h:916432d5","Mammalian Species 651: 1-3 (2001)",,1,"measurement","Mammalian Species  -",2001,,,,,,,,,,,,,,,,,,,,,"tbmcite 0.1.0",,,,,
"Faurby_etal_2018","h:9183e61f","Belgian Journal of Zoology 135: 97-102 (2005)",,1,"measurement","Belgian Journal of Zoology  -",2005,,,,,,,,,,,,,,,,,,,,,"tbmcite 0.1.0",,,,,
"Faurby_etal_2018","h:920cc76a","Kipps, E. K., et al. 2002. Skin density and its influence on buoyancy in the manatee (Trichechus manatus latirostris), harbor porpoise (Phocoena phocoena), and bottlenose dolphin (Tursiops truncatus). Marine Mammal Science 18:765-778.",,1,"measurement","Kipps",2002,"Skin density and its influence on buoyancy in the manatee (Trichechus manatus latirostris), harbor porpoise (Phocoena phocoena), and bottlenose dolphin (Tursiops truncatus)","Marine Mammal Science","18","765-778",,,,,,,,,,,,,,,,,"tbmcite 0.1.0",,,,,
"Faurby_etal_2018","h:9225c6fe","Zeitchrift für Saugertierkunde 60:176-185 (1995)",,1,"measurement","Zeitchrift fur Saugertierkunde -",1995,,,,,,,,,,,,,,,,,,,,,"tbmcite 0.1.0",,,,,
"Faurby_etal_2018","h:9298a707","American Museum Novitates 3044: 1-16 (1992)",,1,"measurement","American Museum Novitates  -",1992,,,,,,,,,,,,,,,,,,,,,"tbmcite 0.1.0",,,,,
"Faurby_etal_2018","h:92c7de92","Bulletin de L'Institut Royal des Sciences Naturelles de Belgique, Biologie, 66:241 -273 (1996)",,3,"measurement","Bulletin de L'Institut Royal des Sciences Naturelles de Belgique",1996,,,,,,,,,,,,,,,,,,,,,"tbmcite 0.1.0",,,,,
"Faurby_etal_2018","h:92d95dc7","Emmons LH, Feer F. Neotropical Ranforest Mammals. A Field Guide (1990)",,1,"compilation","Emmons",1990,"Neotropical Ranforest Mammals","A Field Guide",,,,,,,,,,,,,,,,,,,"tbmcite 0.1.0",,,,,
"Faurby_etal_2018","h:92fd5ebd","Taylor PJ, Kumirai A. Craniometric relationships between the Southern African vlei rat, Otomys irroratus (Rodentia, Muridae, Otomyinae) and allied species from north of the Zambezi River. In: C. Denys, L. Granjon and A. Poulet (eds), African small mammals, pp. 161-181. IRD Éditions, Collection Colloques et Séminaires, Paris, France. (2001)",,1,"measurement","Taylor",2001,"Craniometric relationships between the Southern African vlei rat, Otomys irroratus (Rodentia, Muridae, Otomyinae) and allied species from north of the Zambezi River","C. Denys, L. Granjon and A. Poulet (eds), African small mammals, pp. 161-181. IRD Editions, Collection Colloques et Seminaires, Paris, France",,,,,,,,,,,,,,,,,,,"tbmcite 0.1.0",,,,,
"Faurby_etal_2018","h:93cafe53","Mammalia 50: 43-56 (1986)",,1,"measurement","Mammalia  -",1986,,,,,,,,,,,,,,,,,,,,,"tbmcite 0.1.0",,,,,
"Faurby_etal_2018","h:93e85b3d","Bulletin of the British Museum. Zoology 11:1-129 (1963)",,14,"measurement","Bulletin of the British Museum Zoology -",1963,,,,,,,,,,,,,,,,,,,,,"tbmcite 0.1.0",,,,,
"Faurby_etal_2018","h:9405a2ef","Acta Theriologica 51: 163-168 (2006)",,1,"measurement","Acta Theriologica  -",2006,,,,,,,,,,,,,,,,,,,,,"tbmcite 0.1.0",,,,,
"Faurby_etal_2018","h:9470816d","Journal of zoology 235: 143-161 (1995)",,1,"measurement","Journal of zoology  -",1995,,,,,,,,,,,,,,,,,,,,,"tbmcite 0.1.0",,,,,
"Faurby_etal_2018","h:957f91b8","Bonner Zoologische Beiträge 50: 15-26 (2002)",,1,"measurement","Bonner Zoologische Beitrage  -",2002,,,,,,,,,,,,,,,,,,,,,"tbmcite 0.1.0",,,,,
"Faurby_etal_2018","h:95a2e466","Monographs of the Western North American Naturalist 3: 1-91 (2007)",,3,"measurement","Monographs of the Western North American Naturalist  -",2007,,,,,,,,,,,,,,,,,,,,,"tbmcite 0.1.0",,,,,
"Faurby_etal_2018","h:96a42173","Annals and Magazine of Natural History  7 7: 45-46 (1901)",,1,"measurement","Annals Magazine of Natural History   -",1901,,,,,,,,,,,,,,,,,,,,,"tbmcite 0.1.0",,,,,
"Faurby_etal_2018","h:96e49e21","Proceedings of the United States National Museum 45: 1-188 (1913)",,3,"measurement","Proceedings of the United States National Museum  -",1913,,,,,,,,,,,,,,,,,,,,,"tbmcite 0.1.0",,,,,
"Faurby_etal_2018","h:97832ca8","Mammalian Species 774: 1-3 (2005)",,1,"measurement","Mammalian Species  -",2005,,,,,,,,,,,,,,,,,,,,,"tbmcite 0.1.0",,,,,
"Faurby_etal_2018","h:9801ddaa","Annals and Magazine of Natural History 8 5: 419-422 (1910)",,1,"measurement","Annals Magazine of Natural History   -",1910,,,,,,,,,,,,,,,,,,,,,"tbmcite 0.1.0",,,,,
"Faurby_etal_2018","h:98403057","Bonner zoologische Beiträge 45: 173-190 (1995)",,1,"measurement","Bonner zoologische Beitrage  -",1995,,,,,,,,,,,,,,,,,,,,,"tbmcite 0.1.0",,,,,
"Faurby_etal_2018","h:9858702a","Annals and Magazine of Natural History 7 14: 94-105 (1904)",,1,"measurement","Annals Magazine of Natural History   -",1904,,,,,,,,,,,,,,,,,,,,,"tbmcite 0.1.0",,,,,
"Faurby_etal_2018","h:986bfee3","Mammals of Tanzania. archive.fieldmuseum.org",,6,"compilation","Mammals of Tanzania",,"Mammals of Tanzania. archive.fieldmuseum.org",,,,,,,,,,,,,,,,,,,,"tbmcite 0.1.0",,,,,
"Faurby_etal_2018","h:986e1582","Revue Suisse de Zoologie 100: 317-326 (1993)",,1,"measurement","Revue Suisse de Zoologie  -",1993,,,,,,,,,,,,,,,,,,,,,"tbmcite 0.1.0",,,,,
"Faurby_etal_2018","h:9884275d","Fieldiana Zoology 69: 1-44 (1992)",,5,"measurement","Fieldiana Zoology  -",1992,,,,,,,,,,,,,,,,,,,,,"tbmcite 0.1.0",,,,,
"Faurby_etal_2018","h:99272f05","Global Ecology and Biogeography 19: 475-484 (2010)",,8,"measurement","Global Ecology Biogeography  -",2010,,,,,,,,,,,,,,,,,,,,,"tbmcite 0.1.0",,,,,
"Faurby_etal_2018","h:9a0a8b15","Genoways HH., Baker RJ eds A memorial volume in honor of J. Knox Jones, Jr (1996)",,1,"measurement","Genoways",1996,,,,,,,,,,,,,,,,,,,,,"tbmcite 0.1.0",,,,,"book chapter or edited volume cited without the chapter (owner rule: books and chapters queue)"
"Faurby_etal_2018","h:9ae5ee78","Proceedings of the Washington Academy of Sciences 3: 547-558 (1901)",,1,"measurement","Proceedings of the Washington Academy of Sciences  -",1901,,,,,,,,,,,,,,,,,,,,,"tbmcite 0.1.0",,,,,
"Faurby_etal_2018","h:9b66fc7b","Annals and Magazine of Natural History  7 2: 265-275 (1898)",,1,"measurement","Annals Magazine of Natural History   -",1898,,,,,,,,,,,,,,,,,,,,,"tbmcite 0.1.0",,,,,
"Faurby_etal_2018","h:9b8788d5","American Museum Novitates 3720 :1-36 (2011)",,1,"measurement","American Museum Novitates  -",2011,,,,,,,,,,,,,,,,,,,,,"tbmcite 0.1.0",,,,,
"Faurby_etal_2018","h:9eda60ef","Annals and Magazine of Natural History 8 11: 136-143 (1913)",,1,"measurement","Annals Magazine of Natural History   -",1913,,,,,,,,,,,,,,,,,,,,,"tbmcite 0.1.0",,,,,
"Faurby_etal_2018","h:9f0a96cf","Annals and Magazine of Natural History 9 7: 523-524 (1921)",,1,"measurement","Annals Magazine of Natural History   -",1921,,,,,,,,,,,,,,,,,,,,,"tbmcite 0.1.0",,,,,
"Faurby_etal_2018","h:9f75b4c1","Proceedings of the Biological Society of Washington 118: 605-618 (2005)",,3,"measurement","Proceedings of the Biological Society of Washington  -",2005,,,,,,,,,,,,,,,,,,,,,"tbmcite 0.1.0",,,,,
"Faurby_etal_2018","h:9ff11f32","Happold DCD (2013) Mammals of Africa, Volume III. Pp 470-471. Herwig Leirs . Mastomys peranus",,1,"compilation","Happold",2013,"Mammals of Africa, Volume III","Pp 470-471. Herwig Leirs . Mastomys peranus",,,,,,,,,,,,,,,,,,,"tbmcite 0.1.0",,,,,
"Faurby_etal_2018","h:a0839575","Bulletin of the American Museum of Natural History 78: 1-211 (1941)",,4,"measurement","Bulletin of the American Museum of Natural History  -",1941,,,,,,,,,,,,,,,,,,,,,"tbmcite 0.1.0",,,,,
"Faurby_etal_2018","h:a099c47b","Flores, M. G., et al. 2015. Distribution of Promops davisoni Thomas, 1921 (Chiroptera: Molossidae) in Peru with a new record and southward range extension. Check List 11:1573.",,1,"measurement","Flores",2015,"Distribution of Promops davisoni Thomas, 1921 (Chiroptera: Molossidae) in Peru with a new record and southward range extension","Check List","11","1573",,,,,,,,,,,,,,,,,"tbmcite 0.1.0",,,,,
"Faurby_etal_2018","h:a0bf21ef","Mammalia 33: 118-123.(1969)",,1,"measurement","Mammalia  -",1969,,,,,,,,,,,,,,,,,,,,,"tbmcite 0.1.0",,,,,
"Faurby_etal_2018","h:a16e6e90","Bulletin of the American Museum of Natural History 244: 3-306 (2000)",,1,"measurement","Bulletin of the American Museum of Natural History  -",2000,,,,,,,,,,,,,,,,,,,,,"tbmcite 0.1.0",,,,,
"Faurby_etal_2018","h:a232ad83","Bonner Zoologische Beiträge 37: 23-33 (1987)",,1,"measurement","Bonner Zoologische Beitrage  -",1987,,,,,,,,,,,,,,,,,,,,,"tbmcite 0.1.0",,,,,
"Faurby_etal_2018","h:a2567f3f","Canadian Journal of Zoology 60: 1580-1587 (1982)",,3,"measurement","Canadian Journal of Zoology  -",1982,,,,,,,,,,,,,,,,,,,,,"tbmcite 0.1.0",,,,,
"Faurby_etal_2018","h:a278c419","Ohdachi SD, Ishibashi I, Iwasa MA, Saitih T. The Wild Mammals of Japan. (2009)",,19,"compilation","Ohdachi",2009,"The Wild Mammals of Japan",,,,,,,,,,,,,,,,,,,,"tbmcite 0.1.0",,,,,
"Faurby_etal_2018","h:a3423b66","Journal of Mammalogy 88: 287-301 (2007)",,4,"measurement","Journal of Mammalogy  -",2007,,,,,,,,,,,,,,,,,,,,,"tbmcite 0.1.0",,,,,
"Faurby_etal_2018","h:a46ce564","Flannery TM. Mammals of the South West Pacific & Moluccan Islands (1994)",,28,"compilation","Flannery Mammals of the South West Pacific Moluccan Islands",1994,,,,,,,,,,,,,,,,,,,,,"tbmcite 0.1.0",,,,,
"Faurby_etal_2018","h:a4986d91","Mammalia 50: 507-520 (1986)",,2,"measurement","Mammalia  -",1986,,,,,,,,,,,,,,,,,,,,,"tbmcite 0.1.0",,,,,
"Faurby_etal_2018","h:a4f91cbe","Bulletin of the American Museum of Natural History 331: 230-313 (2009)",,1,"measurement","Bulletin of the American Museum of Natural History  -",2009,,,,,,,,,,,,,,,,,,,,,"tbmcite 0.1.0",,,,,
"Faurby_etal_2018","h:a61cc100","Proceedings of the Academy of Natural Sciences of Philadelphia 1896 517-546 (1896)",,1,"measurement","Proceedings of the Academy of Natural Sciences of Philadelphia  -",1896,,,,,,,,,,,,,,,,,,,,,"tbmcite 0.1.0",,,,,
"Faurby_etal_2018","h:a7306756","American Museum Novitates 3154: 1-16 (1995)",,2,"measurement","American Museum Novitates  -",1995,,,,,,,,,,,,,,,,,,,,,"tbmcite 0.1.0",,,,,
"Faurby_etal_2018","h:a7b04f66","Happold M, Happold DCD (2013) Mammals of Africa, Volume IV. pp. 123-124. S. Churchfield & P. D. Jenkins 2013 Crocidura pitmani",,1,"compilation","Happold",2013,"Mammals of Africa, Volume IV. pp","123-124. S. Churchfield & P. D. Jenkins 2013 Crocidura pitmani",,,,,,,,,,,,,,,,,,,"tbmcite 0.1.0",,,,,
"Faurby_etal_2018","h:a7e40552","Happold M, Happold DCD (2013) Mammals of Africa, Volume IV. pp. 95 S. Churchfield, R. Hutterer & A. Dudu 2013. Crocidura latona",,1,"compilation","Happold",2013,"Mammals of Africa, Volume IV. pp","95 S. Churchfield, R. Hutterer & A. Dudu 2013. Crocidura latona",,,,,,,,,,,,,,,,,,,"tbmcite 0.1.0",,,,,
"Faurby_etal_2018","h:a836c281","American Museum Novitates 3050: 1-56 (1992)",,1,"measurement","American Museum Novitates  -",1992,,,,,,,,,,,,,,,,,,,,,"tbmcite 0.1.0",,,,,
"Faurby_etal_2018","h:a8bd8cdd","Records of the Western Australian Museum 17: 1:28 (1995)",,1,"measurement","Records of the Western Australian Museum",1995,,,,,,,,,,,,,,,,,,,,,"tbmcite 0.1.0",,,,,
"Faurby_etal_2018","h:a9c6fa7f","American Museum Novitates 3351: 1-36 (2001)",,4,"measurement","American Museum Novitates  -",2001,,,,,,,,,,,,,,,,,,,,,"tbmcite 0.1.0",,,,,
"Faurby_etal_2018","h:aa61d4e3","Myotis 38: 5-17 (2000)",,1,"measurement","Myotis  -",2000,,,,,,,,,,,,,,,,,,,,,"tbmcite 0.1.0",,,,,
"Faurby_etal_2018","h:aa62e3e3","Mammalian Biology 73: 14-24 (2007)",,1,"measurement","Mammalian Biology  -",2007,,,,,,,,,,,,,,,,,,,,,"tbmcite 0.1.0",,,,,
"Faurby_etal_2018","h:aab9fdab","Journal of Mammalogy 86: 1121-1135 (2005)",,1,"measurement","Journal of Mammalogy  -",2005,,,,,,,,,,,,,,,,,,,,,"tbmcite 0.1.0",,,,,
"Faurby_etal_2018","h:ab0039f7","Journal of Mammalogy 86: 866-872 (2005)",,1,"measurement","Journal of Mammalogy  -",2005,,,,,,,,,,,,,,,,,,,,,"tbmcite 0.1.0",,,,,
"Faurby_etal_2018","h:ab53e8c7","Happold M, Happold DCD (2013) Mammals of Africa, Volume IV. pp. 65-66 S. Churchfield, R. Hutterer & A. Dudu 2013. Crocidura congobelgica.",,1,"compilation","Happold",2013,"Mammals of Africa, Volume IV. pp","65-66 S. Churchfield, R. Hutterer & A. Dudu 2013. Crocidura congobelgica",,,,,,,,,,,,,,,,,,,"tbmcite 0.1.0",,,,,
"Faurby_etal_2018","h:ac270029","Fieldiana Zoology 34: 229-252 (1953)",,1,"measurement","Fieldiana Zoology  -",1953,,,,,,,,,,,,,,,,,,,,,"tbmcite 0.1.0",,,,,
"Faurby_etal_2018","h:ac3818a9","Bulgarian Journal of Veterinary Medicine 8: 13-22 (2005)",,1,"measurement","Bulgarian Journal of Veterinary Medicine  -",2005,,,,,,,,,,,,,,,,,,,,,"tbmcite 0.1.0",,,,,
"Faurby_etal_2018","h:acbd713a","American Museum Novitates 2989: 1-20 (1990)",,1,"measurement","American Museum Novitates  -",1990,,,,,,,,,,,,,,,,,,,,,"tbmcite 0.1.0",,,,,
"Faurby_etal_2018","h:acf37324","Bulletin of the American Museum of Natural History 322 :1-177 (2009)",,2,"measurement","Bulletin of the American Museum of Natural History  -",2009,,,,,,,,,,,,,,,,,,,,,"tbmcite 0.1.0",,,,,
"Faurby_etal_2018","h:ad2460ca","Annals and Magazine of Natural History  7 3: 40-44 (1899)",,1,"measurement","Annals Magazine of Natural History   -",1899,,,,,,,,,,,,,,,,,,,,,"tbmcite 0.1.0",,,,,
"Faurby_etal_2018","h:ad449ee5","Annals and Magazine of Natural History 7 20: 196-202 (1910)",,1,"measurement","Annals Magazine of Natural History   -",1910,,,,,,,,,,,,,,,,,,,,,"tbmcite 0.1.0",,,,,
"Faurby_etal_2018","h:ad9dee78","Bonner Zoologische Beiträge 47: 193-256 (1998)",,3,"measurement","Bonner Zoologische Beitrage  -",1998,,,,,,,,,,,,,,,,,,,,,"tbmcite 0.1.0",,,,,
"Faurby_etal_2018","h:adc31942","Small Carnivore Conservation 12: 12-13 (1995)",,1,"measurement","Small Carnivore Conservation  -",1995,,,,,,,,,,,,,,,,,,,,,"tbmcite 0.1.0",,,,,
"Faurby_etal_2018","h:ade3ede6","American Museum Novitates 3646: 1-37 (2009)",,1,"measurement","American Museum Novitates  -",2009,,,,,,,,,,,,,,,,,,,,,"tbmcite 0.1.0",,,,,
"Faurby_etal_2018","h:adf7f549","Bulletin of the British Museum. Zoology 43: 103-208 (1983)",,1,"measurement","Bulletin of the British Museum Zoology  -",1983,,,,,,,,,,,,,,,,,,,,,"tbmcite 0.1.0",,,,,
"Faurby_etal_2018","h:aeb63656","Mammalian Species 615: 1-4 (1999)",,2,"measurement","Mammalian Species  -",1999,,,,,,,,,,,,,,,,,,,,,"tbmcite 0.1.0",,,,,
"Faurby_etal_2018","h:af7222c1","Societa Italiana de Scienze Naturali e del Museo Civico di Storia Naturale di Milano Alli Delle 62: 247-316 (1924)",,1,"measurement","Societa Italiana de Scienze Naturali e del Museo Civico di Storia Naturale di Milano Alli Delle  -",1924,,,,,,,,,,,,,,,,,,,,,"tbmcite 0.1.0",,,,,
"Faurby_etal_2018","h:b0256c69","Journal of Mammalogy 81: 838-841 (2000)",,1,"measurement","Journal of Mammalogy  -",2000,,,,,,,,,,,,,,,,,,,,,"tbmcite 0.1.0",,,,,
"Faurby_etal_2018","h:b04595e5","Mammalia 36: 171-181 (1972)",,1,"measurement","Mammalia  -",1972,,,,,,,,,,,,,,,,,,,,,"tbmcite 0.1.0",,,,,
"Faurby_etal_2018","h:b06ea0d3","Journal of Evolutionary Biology 12: 970-979 (1999)",,1,"measurement","Journal of Evolutionary Biology  -",1999,,,,,,,,,,,,,,,,,,,,,"tbmcite 0.1.0",,,,,
"Faurby_etal_2018","h:b17d8ec6","Revista Brasileria de Zoologia 20: 301-307 (2003)",,1,"measurement","Revista Brasileria de Zoologia  -",2003,,,,,,,,,,,,,,,,,,,,,"tbmcite 0.1.0",,,,,
"Faurby_etal_2018","h:b222d80c","Plecotus et al 11-12: 3-13 (2009)",,1,"measurement","Plecotus - -",2009,,,,,,,,,,,,,,,,,,,,,"tbmcite 0.1.0",,,,,
"Faurby_etal_2018","h:b24768ea","Proceedings of the Biological Society of Washington 116: 853-872 (2003)",,3,"measurement","Proceedings of the Biological Society of Washington  -",2003,,,,,,,,,,,,,,,,,,,,,"tbmcite 0.1.0",,,,,
"Faurby_etal_2018","h:b27a27ed","Annals and Magazine of Natural History 9 8: 214-221 (1921)",,1,"measurement","Annals Magazine of Natural History   -",1921,,,,,,,,,,,,,,,,,,,,,"tbmcite 0.1.0",,,,,
"Faurby_etal_2018","h:b27f5633","Happold M, Happold DCD (2013) Mammals of Africa, Volume IV. pp. 86-87. P. D. Jenkins & S. Churchfield 2013. Crocidura greenwoodi",,1,"compilation","Happold",2013,"Mammals of Africa, Volume IV. pp","86-87. P. D. Jenkins & S. Churchfield 2013. Crocidura greenwoodi",,,,,,,,,,,,,,,,,,,"tbmcite 0.1.0",,,,,
"Faurby_etal_2018","h:b295b568","Wilson, D. E., et al., editors. 2016. Handbook of the Mammals of the World: 5. Monotremes and Marsupials. First edition. Lynx Edicions, Barcelona.",,7,"compilation","Wilson",2016,"Handbook of the Mammals of the World: 5. Monotremes and Marsupials","First edition. Lynx Edicions, Barcelona",,,,,,,,,,,,,,,,,,,"tbmcite 0.1.0",,,,,
"Faurby_etal_2018","h:b445ce29","Granjon, L., et al. 2002. Sand‐dwellers in rocky habitats: a new species of Gerbillus (Mammalia: Rodentia) from Mali. Journal of Zoology 256:181-190.",,1,"measurement","Granjon",2002,"Sand-dwellers in rocky habitats: a new species of Gerbillus (Mammalia: Rodentia) from Mali","Journal of Zoology","256","181-190",,,,,,,,,,,,,,,,,"tbmcite 0.1.0",,,,,
"Faurby_etal_2018","h:b4d0baf4","Acta Chiropterologica 12: 117-141 (2010)",,2,"measurement","Acta Chiropterologica  -",2010,,,,,,,,,,,,,,,,,,,,,"tbmcite 0.1.0",,,,,
"Faurby_etal_2018","h:b4fa1a02","American Midland Naturalist 106: 192-196 (1981)",,2,"measurement","American Midland Naturalist  -",1981,,,,,,,,,,,,,,,,,,,,,"tbmcite 0.1.0",,,,,
"Faurby_etal_2018","h:b5160cda","Mammalian Species 733: 1-5 (2003)",,1,"measurement","Mammalian Species  -",2003,,,,,,,,,,,,,,,,,,,,,"tbmcite 0.1.0",,,,,
"Faurby_etal_2018","h:b52a56c0","Proceedings of the Biological Society of Washington 118: 863-873 (2005)",,2,"measurement","Proceedings of the Biological Society of Washington  -",2005,,,,,,,,,,,,,,,,,,,,,"tbmcite 0.1.0",,,,,
"Faurby_etal_2018","h:b6da35ed","Happold DCD (2013) Mammals of Africa, Volume III. Pp 437. J.M. Duplantier . Hylomyscus parvus",,1,"compilation","Happold",2013,"Mammals of Africa, Volume III","Pp 437. J.M. Duplantier . Hylomyscus parvus",,,,,,,,,,,,,,,,,,,"tbmcite 0.1.0",,,,,
"Faurby_etal_2018","h:b6e04671","Zoosystema 27: 867-882 (2005)",,1,"measurement","Zoosystema  -",2005,,,,,,,,,,,,,,,,,,,,,"tbmcite 0.1.0",,,,,
"Faurby_etal_2018","h:b7d1f8e5","Myotis 40:95-126 (2002)",,3,"measurement","Myotis -",2002,,,,,,,,,,,,,,,,,,,,,"tbmcite 0.1.0",,,,,
"Faurby_etal_2018","h:b8d3ccf5","Happold DCD (2013) Mammals of Africa, Volume III. Pp 431-432. Justina C. Ray . Hylomyscus alleni",,1,"compilation","Happold",2013,"Mammals of Africa, Volume III","Pp 431-432. Justina C. Ray . Hylomyscus alleni",,,,,,,,,,,,,,,,,,,"tbmcite 0.1.0",,,,,
"Faurby_etal_2018","h:ba42a81e","Annals and Magazine of Natural History 8 12: 212-217 (1913)",,1,"measurement","Annals Magazine of Natural History   -",1913,,,,,,,,,,,,,,,,,,,,,"tbmcite 0.1.0",,,,,
"Faurby_etal_2018","h:bad2b32e","Aulagnier S, Haffner P, Mitchell-Jones AJ, Moutou F, Zima, J. The Mammals of Europe, North Africa and the Middle East (2009)",,77,"compilation","Aulagnier",2009,"The Mammals of Europe, North Africa and the Middle East",,,,,,,,,,,,,,,,,,,,"tbmcite 0.1.0",,,,,
"Faurby_etal_2018","h:baffd49f","Bulletin of the American Museum of Natural History 231: 1-652 (1997)",,2,"measurement","Bulletin of the American Museum of Natural History  -",1997,,,,,,,,,,,,,,,,,,,,,"tbmcite 0.1.0",,,,,
"Faurby_etal_2018","h:bc5a2309","Bulletin of the American Museum of Natural History 35: 357-376 (1916)",,1,"measurement","Bulletin of the American Museum of Natural History  -",1916,,,,,,,,,,,,,,,,,,,,,"tbmcite 0.1.0",,,,,
"Faurby_etal_2018","h:bd1109d9","Mammalian Species 679: 1-3 (2001)",,1,"measurement","Mammalian Species  -",2001,,,,,,,,,,,,,,,,,,,,,"tbmcite 0.1.0",,,,,
"Faurby_etal_2018","h:bdf27e41","Happold DCD (2013) Mammals of Africa, Volume III. Pp 433. D. C. D. Happold . Hylomyscus baeri",,1,"compilation","Happold",2013,"Mammals of Africa, Volume III","Pp 433. D. C. D. Happold . Hylomyscus baeri",,,,,,,,,,,,,,,,,,,"tbmcite 0.1.0",,,,,
"Faurby_etal_2018","h:bdf58a86","Wilson, D. E., et al., editors. 2013. Handbook of the Mammals of the World: 5. Monotremes and Marsupials. First edition. Lynx Edicions, Barcelona.",,1,"compilation","Wilson",2013,"Handbook of the Mammals of the World: 5. Monotremes and Marsupials","First edition. Lynx Edicions, Barcelona",,,,,,,,,,,,,,,,,,,"tbmcite 0.1.0",,,,,
"Faurby_etal_2018","h:be0f3a47","Bulletin of the American Museum of Natural History 31: 71-95 (1912)",,1,"measurement","Bulletin of the American Museum of Natural History  -",1912,,,,,,,,,,,,,,,,,,,,,"tbmcite 0.1.0",,,,,
"Faurby_etal_2018","h:bed7c7b8","Happold DCD (2013) Mammals of Africa, Volume III. Pp 464-465. Herwig Leirs . Mastomys erythroleucus",,1,"compilation","Happold",2013,"Mammals of Africa, Volume III","Pp 464-465. Herwig Leirs . Mastomys erythroleucus",,,,,,,,,,,,,,,,,,,"tbmcite 0.1.0",,,,,
"Faurby_etal_2018","h:bf04373e","Occasional Papers, Museum of Zoology, Louisiana State University 43:1-1 (1972)",,1,"measurement","Occasional Papers",1972,,,,,,,,,,,,,,,,,,,,,"tbmcite 0.1.0",,,,,
"Faurby_etal_2018","h:bff75466","Happold DCD (2013) Mammals of Africa, Volume III. Pp 330-331. D. C. D. Happold . Gerbillus stigmonyx.",,1,"compilation","Happold",2013,"Mammals of Africa, Volume III","Pp 330-331. D. C. D. Happold . Gerbillus stigmonyx",,,,,,,,,,,,,,,,,,,"tbmcite 0.1.0",,,,,
"Faurby_etal_2018","h:c1c9a416","Hystrix Italian Journal of Mammalogy 10: 131-143 (2000)",,1,"measurement","Hystrix Italian Journal of Mammalogy  -",2000,,,,,,,,,,,,,,,,,,,,,"tbmcite 0.1.0",,,,,
"Faurby_etal_2018","h:c1dbf5ee","Happold DCD (2013) Mammals of Africa, Volume III. Pp 449. Erik Van der Straeten. Lemniscomys mittendorfi",,1,"compilation","Happold",2013,"Mammals of Africa, Volume III","Pp 449. Erik Van der Straeten. Lemniscomys mittendorfi",,,,,,,,,,,,,,,,,,,"tbmcite 0.1.0",,,,,
"Faurby_etal_2018","h:c1ee3533","Bulletin of the American Musem of Natural History 80: 221-297 (1942)",,2,"measurement","Bulletin of the American Musem of Natural History  -",1942,,,,,,,,,,,,,,,,,,,,,"tbmcite 0.1.0",,,,,
"Faurby_etal_2018","h:c250bfac","Mammalia 62: 241-252 (1998)",,1,"measurement","Mammalia  -",1998,,,,,,,,,,,,,,,,,,,,,"tbmcite 0.1.0",,,,,
"Faurby_etal_2018","h:c2cf1bd8","American Museum Novitates 3157: 1-44 (1996)",,1,"measurement","American Museum Novitates  -",1996,,,,,,,,,,,,,,,,,,,,,"tbmcite 0.1.0",,,,,
"Faurby_etal_2018","h:c3680043","Annals and Magazine of Natural History  5 6: 164-167 (1880)",,2,"measurement","Annals Magazine of Natural History   -",1880,,,,,,,,,,,,,,,,,,,,,"tbmcite 0.1.0",,,,,
"Faurby_etal_2018","h:c37ce46f","Fieldiana Zoology 72: 65-73 (1978)",,1,"measurement","Fieldiana Zoology  -",1978,,,,,,,,,,,,,,,,,,,,,"tbmcite 0.1.0",,,,,
"Faurby_etal_2018","h:c3a2a91b","Mammalian Species 811: 1-7 (2006)",,1,"measurement","Mammalian Species  -",2006,,,,,,,,,,,,,,,,,,,,,"tbmcite 0.1.0",,,,,
"Faurby_etal_2018","h:c4055440","Mammalian Species 76: 1-2 (1977)",,1,"measurement","Mammalian Species  -",1977,,,,,,,,,,,,,,,,,,,,,"tbmcite 0.1.0",,,,,
"Faurby_etal_2018","h:c4886aa2","Oryx 34: 109-117 (2000)",,2,"measurement","Oryx  -",2000,,,,,,,,,,,,,,,,,,,,,"tbmcite 0.1.0",,,,,
"Faurby_etal_2018","h:c562452a","Journal of Threathened taxa 2: 1001-1076 (2010)",,2,"measurement","Journal of Threathened taxa  -",2010,,,,,,,,,,,,,,,,,,,,,"tbmcite 0.1.0",,,,,
"Faurby_etal_2018","h:c5f1b80e","Proceedings of the Zoological Society of London 1923: 247-271 (1923)",,4,"measurement","Proceedings of the Zoological Society of London  -",1923,,,,,,,,,,,,,,,,,,,,,"tbmcite 0.1.0",,,,,
"Faurby_etal_2018","h:c5fe9f51","Russian Journal of Theriology 1:117-123 (2002)",,1,"measurement","Russian Journal of Theriology -",2002,,,,,,,,,,,,,,,,,,,,,"tbmcite 0.1.0",,,,,
"Faurby_etal_2018","h:c637ea17","Studies on Neotropical Fauna and Environment 36: 1-8 (2001)",,1,"measurement","Studies on Neotropical Fauna Environment  -",2001,,,,,,,,,,,,,,,,,,,,,"tbmcite 0.1.0",,,,,
"Faurby_etal_2018","h:c6407af0","Nowak RM. Walker's mammals of the world (1999)",,7,"compilation","Nowak Walker's mammals of the world",1999,,,,,,,,,,,,,,,,,,,,,"tbmcite 0.1.0",,,,,
"Faurby_etal_2018","h:c6cdb7f4","Annals and Magazine of Natural History 7 5: 354-357 (1900)",,1,"measurement","Annals Magazine of Natural History   -",1900,,,,,,,,,,,,,,,,,,,,,"tbmcite 0.1.0",,,,,
"Faurby_etal_2018","h:c75734b5","Mammalia 34: 467-477 (1970)",,1,"measurement","Mammalia  -",1970,,,,,,,,,,,,,,,,,,,,,"tbmcite 0.1.0",,,,,
"Faurby_etal_2018","h:c815f01a","Francis CM. A Guide to the Mammals of Southeast Asia (2008)",,67,"compilation","Francis Guide to the Mammals of Southeast Asia",2008,,,,,,,,,,,,,,,,,,,,,"tbmcite 0.1.0",,,,,
"Faurby_etal_2018","h:ca1564e1","Journal of Mammalogy 86: 951-958 (2007)",,1,"measurement","Journal of Mammalogy  -",2007,,,,,,,,,,,,,,,,,,,,,"tbmcite 0.1.0",,,,,
"Faurby_etal_2018","h:ca2cc17c","Bonner zoologische Beiträge 50:329-345 (1999)",,1,"measurement","Bonner zoologische Beitrage -",1999,,,,,,,,,,,,,,,,,,,,,"tbmcite 0.1.0",,,,,
"Faurby_etal_2018","h:ca350e89","Australian Mammalogy 23: 115-124 (2001)",,1,"measurement","Australian Mammalogy  -",2001,,,,,,,,,,,,,,,,,,,,,"tbmcite 0.1.0",,,,,
"Faurby_etal_2018","h:ca4db50b","Happold DCD (2013) Mammals of Africa, Volume III. Pp 304. D. C. D. Happold . Gerbillus cosensis",,1,"compilation","Happold",2013,"Mammals of Africa, Volume III","Pp 304. D. C. D. Happold . Gerbillus cosensis",,,,,,,,,,,,,,,,,,,"tbmcite 0.1.0",,,,,
"Faurby_etal_2018","h:cac72733","Bulletin of the American Museum of Natural History 168: 61-224 (1981)",,1,"measurement","Bulletin of the American Museum of Natural History  -",1981,,,,,,,,,,,,,,,,,,,,,"tbmcite 0.1.0",,,,,
"Faurby_etal_2018","h:cb99c35f","Primate Conservation 21: 63-79 (2006)",,1,"measurement","Primate Conservation  -",2006,,,,,,,,,,,,,,,,,,,,,"tbmcite 0.1.0",,,,,
"Faurby_etal_2018","h:cba8df28","Journal of Mammalogy 87: 224-237 (2006)",,3,"measurement","Journal of Mammalogy  -",2006,,,,,,,,,,,,,,,,,,,,,"tbmcite 0.1.0",,,,,
"Faurby_etal_2018","h:cba8ead7","Journal of Mammalogy 46: 254-264 (1965)",,1,"measurement","Journal of Mammalogy  -",1965,,,,,,,,,,,,,,,,,,,,,"tbmcite 0.1.0",,,,,
"Faurby_etal_2018","h:cbae8d65","Happold DCD (2013) Mammals of Africa, Volume III. Pp 434-436. F. Dieterlen . Hylomyscus denniae",,1,"compilation","Happold",2013,"Mammals of Africa, Volume III","Pp 434-436. F. Dieterlen . Hylomyscus denniae",,,,,,,,,,,,,,,,,,,"tbmcite 0.1.0",,,,,
"Faurby_etal_2018","h:cbe81849","Mammalian Biology 73: 199-213 (2008)",,2,"measurement","Mammalian Biology  -",2008,,,,,,,,,,,,,,,,,,,,,"tbmcite 0.1.0",,,,,
"Faurby_etal_2018","h:cbe833b0","Wada, S., et al. 2003. A newly discovered species of living baleen whale. Nature 426:278-281.",,1,"measurement","Wada",2003,"A newly discovered species of living baleen whale","Nature","426","278-281",,,,,,,,,,,,,,,,,"tbmcite 0.1.0",,,,,
"Faurby_etal_2018","h:cbf7c1f2","Annals and Magazine of Natural History  8 17: 272-276 (1916)",,1,"measurement","Annals Magazine of Natural History   -",1916,,,,,,,,,,,,,,,,,,,,,"tbmcite 0.1.0",,,,,
"Faurby_etal_2018","h:cc7647cc","Records of the Australian Museum 57: 321-340 (2005)",,4,"measurement","Records of the Australian Museum  -",2005,,,,,,,,,,,,,,,,,,,,,"tbmcite 0.1.0",,,,,
"Faurby_etal_2018","h:cccd3e27","Contributions from the Zoological Institute, Russian Academy of Sciences 3: 1-22 (2000)",,1,"measurement","Contributions from the Zoological Institute",2000,,,,,,,,,,,,,,,,,,,,,"tbmcite 0.1.0",,,,,
"Faurby_etal_2018","h:cd1657ef","Mammalian Species 550: 1-2 (1997)",,1,"measurement","Mammalian Species  -",1997,,,,,,,,,,,,,,,,,,,,,"tbmcite 0.1.0",,,,,
"Faurby_etal_2018","h:cda796a8","Bronner Systematic revision of the golden mole genera : Amblysomus, Chlorotalpa and Calcochloris (Insectivora : Chrysochloromorpha ; Chrysochloridae) Thesis (Ph.D.)-University of Natal (1995)",,4,"measurement","Bronner Systematic revision of the golden mole genera  Amblysomus",1995,,,,,,,,,,,,,,,,,,,,,"tbmcite 0.1.0",,,,,"thesis (owner rule: theses always queue)"
"Faurby_etal_2018","h:ce1e16b5","Gabor C. Taxonomy of the horseshoe bats fo the world. Phd Thesis. (2008)",,18,"measurement","Gabor",2008,"Taxonomy of the horseshoe bats fo the world","Phd Thesis",,,,,,,,,,,,,,,,,,,"tbmcite 0.1.0",,,,,"thesis (owner rule: theses always queue)"
"Faurby_etal_2018","h:ce328c8c","Kelt, D. A., Lessa, E. P., Salazar-Bravo, J. and Patton, J. L. (eds), The Quintessential Naturalist: Honoring the Life and Legacy of Oliver P. Pearson, pp. 775-798. University of California Publications in Zoology.(2007). Jayat JP, D'Elía G, Pardiñas UFJ, Namen JG A new species of Phyllotis (Rodentia, Cricetidae, Sigmodontinae) from the upper montane forest of the Yungas of northwestern Argentina",,1,"measurement","Kelt",2007,"Jayat JP, D'Elia G, Pardinas UFJ, Namen JG A new species of Phyllotis (Rodentia, Cricetidae, Sigmodontinae) from the upper montane forest of the Yungas of northwestern Argentina",,,,,,,,,,,,,,,,,,,,"tbmcite 0.1.0",,,,,"book chapter or edited volume cited without the chapter (owner rule: books and chapters queue)"
"Faurby_etal_2018","h:ce4ed75b","Mastozoología Neotropical 2: 5-13 (1995)",,1,"measurement","Mastozoologia Neotropical  -",1995,,,,,,,,,,,,,,,,,,,,,"tbmcite 0.1.0",,,,,
"Faurby_etal_2018","h:ce7d6f9d","Proceedings of the Biological Society of Washington 34: 67-76 (1921)",,1,"measurement","Proceedings of the Biological Society of Washington  -",1921,,,,,,,,,,,,,,,,,,,,,"tbmcite 0.1.0",,,,,
"Faurby_etal_2018","h:cf8d44b0","Happold DCD (2013) Mammals of Africa, Volume III. Pp 443-444. D. C. D. Happold . Lemniscomys barbarus",,1,"compilation","Happold",2013,"Mammals of Africa, Volume III","Pp 443-444. D. C. D. Happold . Lemniscomys barbarus",,,,,,,,,,,,,,,,,,,"tbmcite 0.1.0",,,,,
"Faurby_etal_2018","h:cfa5fa08","Proceedings of the Biological Society of Washington 113: 339-355 (2000)",,4,"measurement","Proceedings of the Biological Society of Washington  -",2000,,,,,,,,,,,,,,,,,,,,,"tbmcite 0.1.0",,,,,
"Faurby_etal_2018","h:cffd36a0","Records of the Western Australian Museum 18: 113-119 (1996).",,1,"measurement","Records of the Western Australian Museum  -",1996,,,,,,,,,,,,,,,,,,,,,"tbmcite 0.1.0",,,,,
"Faurby_etal_2018","h:d057c4ce","Journal of Mammalogy 62: 513-525 (1981)",,1,"measurement","Journal of Mammalogy  -",1981,,,,,,,,,,,,,,,,,,,,,"tbmcite 0.1.0",,,,,
"Faurby_etal_2018","h:d0bd8679","Acta Chiropterologica 10: 183-192 (2008)",,3,"measurement","Acta Chiropterologica  -",2008,,,,,,,,,,,,,,,,,,,,,"tbmcite 0.1.0",,,,,
"Faurby_etal_2018","h:d15bb413","Journal of Zoology 261: 165-172 (2003)",,6,"measurement","Journal of Zoology  -",2003,,,,,,,,,,,,,,,,,,,,,"tbmcite 0.1.0",,,,,
"Faurby_etal_2018","h:d17127d0","Happold DCD (2013) Mammals of Africa, Volume III. Pp 449-451A. Monadjem . Lemniscomys rosalia.",,1,"compilation","Happold",2013,"Mammals of Africa, Volume III","Pp 449-451A. Monadjem . Lemniscomys rosalia",,,,,,,,,,,,,,,,,,,"tbmcite 0.1.0",,,,,
"Faurby_etal_2018","h:d1d19415","Bonner Zoologische Beiträge 43: 355-365 (1995)",,1,"measurement","Bonner Zoologische Beitrage  -",1995,,,,,,,,,,,,,,,,,,,,,"tbmcite 0.1.0",,,,,
"Faurby_etal_2018","h:d1deb909","American Museum Novitates 3202: 1-15 (1997)",,3,"measurement","American Museum Novitates  -",1997,,,,,,,,,,,,,,,,,,,,,"tbmcite 0.1.0",,,,,
"Faurby_etal_2018","h:d1e51360","Notulas Faunisticas 84: 1-3 (1995)",,1,"measurement","Notulas Faunisticas  -",1995,,,,,,,,,,,,,,,,,,,,,"tbmcite 0.1.0",,,,,
"Faurby_etal_2018","h:d3134ddb","Mammalian Species 601: 1-3 (1998)",,1,"measurement","Mammalian Species  -",1998,,,,,,,,,,,,,,,,,,,,,"tbmcite 0.1.0",,,,,
"Faurby_etal_2018","h:d40f085e","Mammalian biology 69: 289-301 (2004)",,2,"measurement","Mammalian biology  -",2004,,,,,,,,,,,,,,,,,,,,,"tbmcite 0.1.0",,,,,
"Faurby_etal_2018","h:d66ad1b0","Belgian Journal of Zoology 135: 141-144 (2005)",,1,"measurement","Belgian Journal of Zoology  -",2005,,,,,,,,,,,,,,,,,,,,,"tbmcite 0.1.0",,,,,
"Faurby_etal_2018","h:d6f3a1e3","Happold DCD (2013) Mammals of Africa, Volume III. Pp 717. D. C. D. Happold 2013. Pronolagus_saundersiae",,1,"compilation","Happold",2013,"Mammals of Africa, Volume III","Pp 717. D. C. D. Happold 2013. Pronolagus_saundersiae",,,,,,,,,,,,,,,,,,,"tbmcite 0.1.0",,,,,
"Faurby_etal_2018","h:d7144ba7","Journal of Mammalogy 52: 833-834 (1971)",,1,"measurement","Journal of Mammalogy  -",1971,,,,,,,,,,,,,,,,,,,,,"tbmcite 0.1.0",,,,,
"Faurby_etal_2018","h:d73df761","Bulletin of the American Museum of Natural History 329: 1-139 (2009)",,1,"measurement","Bulletin of the American Museum of Natural History  -",2009,,,,,,,,,,,,,,,,,,,,,"tbmcite 0.1.0",,,,,
"Faurby_etal_2018","h:d7d34ccd","Proceedings of the Zoological Society of London 1906 859-864 (1906)",,1,"measurement","Proceedings of the Zoological Society of London  -",1906,,,,,,,,,,,,,,,,,,,,,"tbmcite 0.1.0",,,,,
"Faurby_etal_2018","h:d7d96dfc","American Museum Novitates 3740: 1-12 (2012)",,1,"measurement","American Museum Novitates  -",2012,,,,,,,,,,,,,,,,,,,,,"tbmcite 0.1.0",,,,,
"Faurby_etal_2018","h:d84a05a2","Zoologicheskii Zhurnal 73: 195-208 (1994)",,1,"measurement","Zoologicheskii Zhurnal  -",1994,,,,,,,,,,,,,,,,,,,,,"tbmcite 0.1.0",,,,,
"Faurby_etal_2018","h:d92e8c38","Zoologische Abhandlungen Dresden 34: 187-197 (1977)",,1,"measurement","Zoologische Abhandlungen Dresden  -",1977,,,,,,,,,,,,,,,,,,,,,"tbmcite 0.1.0",,,,,
"Faurby_etal_2018","h:d98d34d4","Neotropical Primates 10: 1-52 (2002)",,2,"measurement","Neotropical Primates  -",2002,,,,,,,,,,,,,,,,,,,,,"tbmcite 0.1.0",,,,,
"Faurby_etal_2018","h:d9ed4ade","Acta Theriologica 49: 1-15 (2004)",,2,"measurement","Acta Theriologica  -",2004,,,,,,,,,,,,,,,,,,,,,"tbmcite 0.1.0",,,,,
"Faurby_etal_2018","h:d9fe031a","Happold DCD (2013) Mammals of Africa, Volume III. Pp 436. D. C. D. Happold . Hylomyscus grandis",,1,"compilation","Happold",2013,"Mammals of Africa, Volume III","Pp 436. D. C. D. Happold . Hylomyscus grandis",,,,,,,,,,,,,,,,,,,"tbmcite 0.1.0",,,,,
"Faurby_etal_2018","h:da126af5","Wilson, D. E., et al. 2011. Handbook of the Mammals of the World: 2. Hoofed Mammals. First edition. Lynx Edicions, Barcelona.",,7,"compilation","Wilson",2011,"Handbook of the Mammals of the World: 2. Hoofed Mammals","First edition. Lynx Edicions, Barcelona",,,,,,,,,,,,,,,,,,,"tbmcite 0.1.0",,,,,
"Faurby_etal_2018","h:da4b1416","Mammalian Species 534: 1-8 (1996)",,1,"measurement","Mammalian Species  -",1996,,,,,,,,,,,,,,,,,,,,,"tbmcite 0.1.0",,,,,
"Faurby_etal_2018","h:dab46d67","Proceedings of the Biological Society of Washington 68: 165-166 (1955)",,1,"measurement","Proceedings of the Biological Society of Washington  -",1955,,,,,,,,,,,,,,,,,,,,,"tbmcite 0.1.0",,,,,
"Faurby_etal_2018","h:db60706a","Eisenberg JF, Mammals of the Neotropics (Volume 1): The Northern Neotropics: Panama, Colombia, Venezuela, Guyana, Suriname, French Guiana (1989)",,3,"compilation","Eisenberg",1989,"Mammals of the Neotropics (Volume 1): The Northern Neotropics: Panama, Colombia, Venezuela, Guyana, Suriname, French Guiana",,,,,,,,,,,,,,,,,,,,"tbmcite 0.1.0",,,,,
"Faurby_etal_2018","h:db8cd2ae","Proceedings of the Unites States National Museum 106: 447-583 (1959)",,2,"measurement","Proceedings of the Unites States National Museum  -",1959,,,,,,,,,,,,,,,,,,,,,"tbmcite 0.1.0",,,,,
"Faurby_etal_2018","h:dbb59a61","Meng, F., et al. 2016. Bats: Body mass index, forearm mass index, blood glucose levels and SLC2A2 genes for diabetes. Scientific Reports 6:29960.",,8,"measurement","Meng",2016,"Bats: Body mass index, forearm mass index, blood glucose levels and SLC2A2 genes for diabetes","Scientific Reports","6","29960",,,,,,,,,,,,,,,,,"tbmcite 0.1.0",,,,,"data descriptor (Scientific Data): the authors' own measurements or a compilation? role to confirm"
"Faurby_etal_2018","h:dbc0c4f6","Happold DCD (2013) Mammals of Africa, Volume III. Pp 446-447. Fritz Dieterlen. Lemniscomys hoogstraali",,1,"compilation","Happold",2013,"Mammals of Africa, Volume III","Pp 446-447. Fritz Dieterlen. Lemniscomys hoogstraali",,,,,,,,,,,,,,,,,,,"tbmcite 0.1.0",,,,,
"Faurby_etal_2018","h:dc61a937","Annals and Magazine of Natural History 9 6: 116-120 (1920)",,1,"measurement","Annals Magazine of Natural History   -",1920,,,,,,,,,,,,,,,,,,,,,"tbmcite 0.1.0",,,,,
"Faurby_etal_2018","h:dc96658a","Wilson DE, Mittermeier RA. Handbook of the Mammals of the World - Volume 2 (2011)",,29,"compilation","Wilson",2011,"Mittermeier RA","Handbook of the Mammals of the World - Volume 2",,,,,,,,,,,,,,,,,,,"tbmcite 0.1.0",,,,,
"Faurby_etal_2018","h:dcd14061","Mammalian Species 672: 1-3 (2001)",,1,"measurement","Mammalian Species  -",2001,,,,,,,,,,,,,,,,,,,,,"tbmcite 0.1.0",,,,,
"Faurby_etal_2018","h:dcf967db","South African Journal of Zoology 34: 80-90 (1999)",,1,"measurement","South African Journal of Zoology  -",1999,,,,,,,,,,,,,,,,,,,,,"tbmcite 0.1.0",,,,,
"Faurby_etal_2018","h:de1e4acd","Journal of Mammalogy 78: 811-817 (1997)",,1,"measurement","Journal of Mammalogy  -",1997,,,,,,,,,,,,,,,,,,,,,"tbmcite 0.1.0",,,,,
"Faurby_etal_2018","h:de9fd486","Bonner Zoologische Beiträge 19: 15-42 (1968)",,1,"measurement","Bonner Zoologische Beitrage  -",1968,,,,,,,,,,,,,,,,,,,,,"tbmcite 0.1.0",,,,,
"Faurby_etal_2018","h:dfc34945","Micronesia 21:39-51 (1988)",,2,"measurement","Micronesia -",1988,,,,,,,,,,,,,,,,,,,,,"tbmcite 0.1.0",,,,,
"Faurby_etal_2018","h:e02ab5d7","Journal of Mammalogy 86: 462-474 (2005)",,1,"measurement","Journal of Mammalogy  -",2005,,,,,,,,,,,,,,,,,,,,,"tbmcite 0.1.0",,,,,
"Faurby_etal_2018","h:e0787893","Gromov IM, Polyakov IY. Fauna of the USSR Vol III no 8 Voles (1977) [English translation from 1992]",,2,"compilation","Gromov",1977,"[English translation from 1992]",,,,,,,,,,,,,,,,,,,,"tbmcite 0.1.0",,,,,
"Faurby_etal_2018","h:e0787f63","Bulletin of the American Museum of Natural History 169: 67-176 (1981)",,2,"measurement","Bulletin of the American Museum of Natural History  -",1981,,,,,,,,,,,,,,,,,,,,,"tbmcite 0.1.0",,,,,
"Faurby_etal_2018","h:e0b5b696","Journal of Mammalogy 86: 403-414 (2005)",,1,"measurement","Journal of Mammalogy  -",2005,,,,,,,,,,,,,,,,,,,,,"tbmcite 0.1.0",,,,,
"Faurby_etal_2018","h:e0c0c265","American Museum Novitates 55: 1-14 (1923)",,1,"measurement","American Museum Novitates  -",1923,,,,,,,,,,,,,,,,,,,,,"tbmcite 0.1.0",,,,,
"Faurby_etal_2018","h:e16957f6","Happold DCD (2013) Mammals of Africa, Volume III. Pp 462. Leonid A. Lavrenchenko & Herwig Leirs . Mastomys awashensis",,1,"compilation","Happold",2013,"Mammals of Africa, Volume III","Pp 462. Leonid A. Lavrenchenko & Herwig Leirs . Mastomys awashensis",,,,,,,,,,,,,,,,,,,"tbmcite 0.1.0",,,,,
"Faurby_etal_2018","h:e193618c","Mammalian Biology 68: 193-204 (2003)",,1,"measurement","Mammalian Biology  -",2003,,,,,,,,,,,,,,,,,,,,,"tbmcite 0.1.0",,,,,
"Faurby_etal_2018","h:e21221e8","Diversity and Distributions 17: 530-541 (2011)",,2,"measurement","Diversity Distributions  -",2011,,,,,,,,,,,,,,,,,,,,,"tbmcite 0.1.0",,,,,
"Faurby_etal_2018","h:e25decb9","Mammalian Biology 68: 129-143 (2003)",,2,"measurement","Mammalian Biology  -",2003,,,,,,,,,,,,,,,,,,,,,"tbmcite 0.1.0",,,,,
"Faurby_etal_2018","h:e2a0e46f","Journal of Mammalogy 88: 935-945 (2007)",,1,"measurement","Journal of Mammalogy  -",2007,,,,,,,,,,,,,,,,,,,,,"tbmcite 0.1.0",,,,,
"Faurby_etal_2018","h:e2bf57ef","Proceedings of the Unites States National Museum 17: 1-16 (1894)",,1,"measurement","Proceedings of the Unites States National Museum  -",1894,,,,,,,,,,,,,,,,,,,,,"tbmcite 0.1.0",,,,,
"Faurby_etal_2018","h:e2e70f7b","Zeitchrift für Saugertierkunde 58: 181-190 (1993)",,3,"measurement","Zeitchrift fur Saugertierkunde  -",1993,,,,,,,,,,,,,,,,,,,,,"tbmcite 0.1.0",,,,,
"Faurby_etal_2018","h:e31b2350","Zoologische Mededelingen 63: 97-122 (1989)",,2,"measurement","Zoologische Mededelingen  -",1989,,,,,,,,,,,,,,,,,,,,,"tbmcite 0.1.0",,,,,
"Faurby_etal_2018","h:e350b818","Mammalian Species 240: 1-4 (1985)",,1,"measurement","Mammalian Species  -",1985,,,,,,,,,,,,,,,,,,,,,"tbmcite 0.1.0",,,,,
"Faurby_etal_2018","h:e4b9c7d8","Mammalian Species 622: 1-3 (1999)",,1,"measurement","Mammalian Species  -",1999,,,,,,,,,,,,,,,,,,,,,"tbmcite 0.1.0",,,,,
"Faurby_etal_2018","h:e4f33552","Australian Journal of Zoology 44: 367-426 (1996)",,2,"measurement","Australian Journal of Zoology  -",1996,,,,,,,,,,,,,,,,,,,,,"tbmcite 0.1.0",,,,,
"Faurby_etal_2018","h:e4fb410e","Information kindly provided by Robert Bradley. Texas Tech University",,1,"measurement","Information kindly provided by Robert Bradley",,"Information kindly provided by Robert Bradley","Texas Tech University",,,,,,,,,,,,,,,,,,,"tbmcite 0.1.0",,,,,"personal communication, not a work (options: drop, or self-style note)"
"Faurby_etal_2018","h:e58fd6a5","Mammalia 54: 457-469 (1978)",,1,"measurement","Mammalia  -",1978,,,,,,,,,,,,,,,,,,,,,"tbmcite 0.1.0",,,,,
"Faurby_etal_2018","h:e59f5118","Beaufortia 51: 119-152 (2001)",,3,"measurement","Beaufortia  -",2001,,,,,,,,,,,,,,,,,,,,,"tbmcite 0.1.0",,,,,
"Faurby_etal_2018","h:e5c55ca8","Journal of Biogeography 34: 1439-1454 (2007)",,31,"measurement","Journal of Biogeography  -",2007,,,,,,,,,,,,,,,,,,,,,"tbmcite 0.1.0",,,,,
"Faurby_etal_2018","h:e5d902cf","Acta Zoologica Lituanica 18: 228-239 (2008)",,2,"measurement","Acta Zoologica Lituanica  -",2008,,,,,,,,,,,,,,,,,,,,,"tbmcite 0.1.0",,,,,
"Faurby_etal_2018","h:e64cf312","Synapsis of Philippine Mammals. archive.fieldmuseum.org",,8,"compilation","Synapsis of Philippine Mammals",,"Synapsis of Philippine Mammals. archive.fieldmuseum.org",,,,,,,,,,,,,,,,,,,,"tbmcite 0.1.0",,,,,
"Faurby_etal_2018","h:e658c871","Journal of Zoology 270: 384-398 (2004)",,1,"measurement","Journal of Zoology  -",2004,,,,,,,,,,,,,,,,,,,,,"tbmcite 0.1.0",,,,,
"Faurby_etal_2018","h:e6de1301","Philosophical Transactions fo the Royal Society of London Series B 366: 2564-2576 (2011)",,8,"measurement","Philosophical Transactions fo the Royal Society of London Series  -",2011,,,,,,,,,,,,,,,,,,,,,"tbmcite 0.1.0",,,,,
"Faurby_etal_2018","h:e7a294ad","Journal of Primatology 73: 458-473 (2011)",,1,"measurement","Journal of Primatology  -",2011,,,,,,,,,,,,,,,,,,,,,"tbmcite 0.1.0",,,,,
"Faurby_etal_2018","h:e84e4d14","American Museum Novitates 3396: 1-43 (2003)",,1,"measurement","American Museum Novitates  -",2003,,,,,,,,,,,,,,,,,,,,,"tbmcite 0.1.0",,,,,
"Faurby_etal_2018","h:e86c5889","Biology Letters 3: 398-400 (2007)",,5,"measurement","Biology Letters  -",2007,,,,,,,,,,,,,,,,,,,,,"tbmcite 0.1.0",,,,,
"Faurby_etal_2018","h:e9024a1c","Mammalian Biology 68 :199-316 (2003)",,1,"measurement","Mammalian Biology  -",2003,,,,,,,,,,,,,,,,,,,,,"tbmcite 0.1.0",,,,,
"Faurby_etal_2018","h:e9bd039f","Journal of Mammalogy 82: 1059-1079 (2001)",,2,"measurement","Journal of Mammalogy  -",2001,,,,,,,,,,,,,,,,,,,,,"tbmcite 0.1.0",,,,,
"Faurby_etal_2018","h:eb8f0ff4","Zoological Journal of the Linnean Society 120: 163-191 (1997)",,2,"measurement","Zoological Journal of the Linnean Society  -",1997,,,,,,,,,,,,,,,,,,,,,"tbmcite 0.1.0",,,,,
"Faurby_etal_2018","h:ebc9f0e7","Fieldiana Zoology 89: 1-24 (1998)",,1,"measurement","Fieldiana Zoology  -",1998,,,,,,,,,,,,,,,,,,,,,"tbmcite 0.1.0",,,,,
"Faurby_etal_2018","h:ec2ff10f","Mammal Study 27: 113-120.",,3,"measurement","Mammal Study",,"Mammal Study",,"27","113-120",,,,,,,,,,,,,,,,,"tbmcite 0.1.0",,,,,
"Faurby_etal_2018","h:ec4f6824","Annals and Magazine of Natural History 6 12: 230-236 (1893)",,1,"measurement","Annals Magazine of Natural History   -",1893,,,,,,,,,,,,,,,,,,,,,"tbmcite 0.1.0",,,,,
"Faurby_etal_2018","h:ec7816cd","Annals and Magazine of Natural History 9 2: 146-151 (1918)",,1,"measurement","Annals Magazine of Natural History   -",1918,,,,,,,,,,,,,,,,,,,,,"tbmcite 0.1.0",,,,,
"Faurby_etal_2018","h:ecc09359","Bonner zoologische Beiträge 43: 383-392 (1992)",,4,"measurement","Bonner zoologische Beitrage  -",1992,,,,,,,,,,,,,,,,,,,,,"tbmcite 0.1.0",,,,,
"Faurby_etal_2018","h:ece86906","Zeitchrift für Saugertierkunde 60: 85-96 (1995)",,1,"measurement","Zeitchrift fur Saugertierkunde  -",1995,,,,,,,,,,,,,,,,,,,,,"tbmcite 0.1.0",,,,,
"Faurby_etal_2018","h:ed0e235a","Wilson, D. E., et al., editors. 2016. Handbook of the Mammals of the World: 1. Carnivores. First edition. Lynx Edicions, Barcelona.",,4,"compilation","Wilson",2016,"Handbook of the Mammals of the World: 1. Carnivores","First edition. Lynx Edicions, Barcelona",,,,,,,,,,,,,,,,,,,"tbmcite 0.1.0",,,,,
"Faurby_etal_2018","h:ee156392","Zoologische Verhandelingen 248: 1-14 (1988)",,1,"measurement","Zoologische Verhandelingen  -",1988,,,,,,,,,,,,,,,,,,,,,"tbmcite 0.1.0",,,,,
"Faurby_etal_2018","h:f18c1b8a","Records of the Western Australian Museum 16: 119-173 (1992)",,2,"measurement","Records of the Western Australian Museum  -",1992,,,,,,,,,,,,,,,,,,,,,"tbmcite 0.1.0",,,,,
"Faurby_etal_2018","h:f18df201","Beaufortia 38: 751-46 (1988)",,3,"measurement","Beaufortia  -",1988,,,,,,,,,,,,,,,,,,,,,"tbmcite 0.1.0",,,,,
"Faurby_etal_2018","h:f19e65cf","Dixon AF. Primate Sexuality: Comparative Studies of the Prosimians, Monkeys, Apes, and Human Beings (1998)",,1,"compilation","Dixon Primate Sexuality Comparative Studies of the Prosimians",1998,,,,,,,,,,,,,,,,,,,,,"tbmcite 0.1.0",,,,,
"Faurby_etal_2018","h:f1da9ec1","Australian Mammalogy 15: 7-23 (1992)",,1,"measurement","Australian Mammalogy  -",1992,,,,,,,,,,,,,,,,,,,,,"tbmcite 0.1.0",,,,,
"Faurby_etal_2018","h:f1ebb9c2","Papeis Avulsos de Zoologia (Sao Paulo) 45: 51-60 (2005)",,1,"measurement","Papeis Avulsos de Zoologia Sao Paulo  -",2005,,,,,,,,,,,,,,,,,,,,,"tbmcite 0.1.0",,,,,
"Faurby_etal_2018","h:f2420da2","Mammalia 45: 313-320 (1981)",,1,"measurement","Mammalia  -",1981,,,,,,,,,,,,,,,,,,,,,"tbmcite 0.1.0",,,,,
"Faurby_etal_2018","h:f2eae45b","Comparative Biochemistry and Physiology part A: Physiology 91: 105-202 (1988)",,2,"measurement","Comparative Biochemistry Physiology part A Physiology  -",1988,,,,,,,,,,,,,,,,,,,,,"tbmcite 0.1.0",,,,,
"Faurby_etal_2018","h:f302a95d","Mammalian Species 551: 1-6 (1997)",,1,"measurement","Mammalian Species  -",1997,,,,,,,,,,,,,,,,,,,,,"tbmcite 0.1.0",,,,,
"Faurby_etal_2018","h:f4cdd570","Mammalian Species 574: 1-6 (1998)",,2,"measurement","Mammalian Species  -",1998,,,,,,,,,,,,,,,,,,,,,"tbmcite 0.1.0",,,,,
"Faurby_etal_2018","h:f54948d1","Mammalia 45: 313-320 (1972)",,1,"measurement","Mammalia  -",1972,,,,,,,,,,,,,,,,,,,,,"tbmcite 0.1.0",,,,,
"Faurby_etal_2018","h:f62638ac","Proceedings of the Biological Society of Washington 109: 1-9 (1996)",,1,"measurement","Proceedings of the Biological Society of Washington  -",1996,,,,,,,,,,,,,,,,,,,,,"tbmcite 0.1.0",,,,,
"Faurby_etal_2018","h:f6f6ab36","Kays RW , Wilson DE. Mammals of North America. (2009)",,1,"compilation","Kays",2009,"Wilson DE","Mammals of North America",,,,,,,,,,,,,,,,,,,"tbmcite 0.1.0",,,,,
"Faurby_etal_2018","h:f6faad08","Mammalia 27: 443-444 (1963)",,1,"measurement","Mammalia  -",1963,,,,,,,,,,,,,,,,,,,,,"tbmcite 0.1.0",,,,,
"Faurby_etal_2018","h:f8117e15","Mammal Study 28: 31-46 (2003)",,1,"measurement","Mammal Study  -",2003,,,,,,,,,,,,,,,,,,,,,"tbmcite 0.1.0",,,,,
"Faurby_etal_2018","h:f8e42762","Bulletin of the American Museum of Natural History 331 :157-182 (2009)",,1,"measurement","Bulletin of the American Museum of Natural History  -",2009,,,,,,,,,,,,,,,,,,,,,"tbmcite 0.1.0",,,,,
"Faurby_etal_2018","h:f932f32e","Annals and Magazine of Natural History 7 18: 50-65 (1906)",,1,"measurement","Annals Magazine of Natural History   -",1906,,,,,,,,,,,,,,,,,,,,,"tbmcite 0.1.0",,,,,
"Faurby_etal_2018","h:f9bf73db","Acta Chiropterologica 9: 13-26 (2007)",,1,"measurement","Acta Chiropterologica  -",2007,,,,,,,,,,,,,,,,,,,,,"tbmcite 0.1.0",,,,,
"Faurby_etal_2018","h:f9fae958","Acta Chiropterologica 13: 245-270 (2011)",,1,"measurement","Acta Chiropterologica  -",2011,,,,,,,,,,,,,,,,,,,,,"tbmcite 0.1.0",,,,,
"Faurby_etal_2018","h:fa2a178f","Journal of Mammalogy 81:758-768",,1,"measurement","Journal of Mammalogy",,"Journal of Mammalogy",,"81","758-768",,,,,,,,,,,,,,,,,"tbmcite 0.1.0",,,,,
"Faurby_etal_2018","h:faafbd35","Occasional Papers of the Museum of Texas Tech University 276: 2-10 (2008)",,1,"measurement","Occasional Papers of the Museum of Texas Tech University  -",2008,,,,,,,,,,,,,,,,,,,,,"tbmcite 0.1.0",,,,,
"Faurby_etal_2018","h:fb0478e4","Annals and Magazine of Natural History 8 14: 240- 244 (1914)",,1,"measurement","Annals Magazine of Natural History   -",1914,,,,,,,,,,,,,,,,,,,,,"tbmcite 0.1.0",,,,,
"Faurby_etal_2018","h:fb44e444","Societe de Physique et d'Historie Naturelle de Geneve. Archieves des Sciences 2:217-235 (1959)",,1,"measurement","Societe de Physique d'Historie Naturelle de Geneve Archieves des Sciences -",1959,,,,,,,,,,,,,,,,,,,,,"tbmcite 0.1.0",,,,,
"Faurby_etal_2018","h:fb8a9ab8","Molecular Phylogenetics and Evolution 43: 916-935 (2007)",,1,"measurement","Molecular Phylogenetics Evolution  -",2007,,,,,,,,,,,,,,,,,,,,,"tbmcite 0.1.0",,,,,
"Faurby_etal_2018","h:fc79cad0","Occasional Papers of the Museum of Texas Tech University 34: 1-7 (1975)",,1,"measurement","Occasional Papers of the Museum of Texas Tech University  -",1975,,,,,,,,,,,,,,,,,,,,,"tbmcite 0.1.0",,,,,
"Faurby_etal_2018","h:fd189ce4","Arquivos do Museu Nacional Rio de Janeiro 63: 75-88 (2005)",,3,"measurement","Arquivos do Museu Nacional Rio de Janeiro  -",2005,,,,,,,,,,,,,,,,,,,,,"tbmcite 0.1.0",,,,,
"Faurby_etal_2018","h:fd930f36","Happold DCD (2013) Mammals of Africa, Volume III. Pp 447-448. Erik Van der Straeten . Lemniscomys limulus",,1,"compilation","Happold",2013,"Mammals of Africa, Volume III","Pp 447-448. Erik Van der Straeten . Lemniscomys limulus",,,,,,,,,,,,,,,,,,,"tbmcite 0.1.0",,,,,
"Faurby_etal_2018","h:fd9585a5","The Journal of the Bombay Natural History Society 24: 57-63 (1914)",,1,"measurement","The Journal of the Bombay Natural History Society  -",1914,,,,,,,,,,,,,,,,,,,,,"tbmcite 0.1.0",,,,,
"Faurby_etal_2018","h:fdce8ca2","Annals and Magazine of Natural History 7 11: 484-487 (1903)",,1,"measurement","Annals Magazine of Natural History   -",1903,,,,,,,,,,,,,,,,,,,,,"tbmcite 0.1.0",,,,,
"Faurby_etal_2018","h:fe97d293","American Museum Novitates 803: 1-10 (1935)",,1,"measurement","American Museum Novitates  -",1935,,,,,,,,,,,,,,,,,,,,,"tbmcite 0.1.0",,,,,
"Faurby_etal_2018","h:feb8f106","Zeitschrift fur Saugetierkunde 31: 105-117 (1935)",,2,"measurement","Zeitschrift fur Saugetierkunde  -",1935,,,,,,,,,,,,,,,,,,,,,"tbmcite 0.1.0",,,,,
"Faurby_etal_2018","h:ff50c9aa","Mammalian Species 493: 1-5 (1995)",,1,"measurement","Mammalian Species  -",1995,,,,,,,,,,,,,,,,,,,,,"tbmcite 0.1.0",,,,,
"Faurby_etal_2018","h:ff715e3f","Novitates Zoolooicae 27: 315-320 (1920)",,1,"measurement","Novitates Zoolooicae  -",1920,,,,,,,,,,,,,,,,,,,,,"tbmcite 0.1.0",,,,,
"Faurby_etal_2018","h:ffe021de","Journal of Mammalogy 83: 1-19 (2002)",,5,"measurement","Journal of Mammalogy  -",2002,,,,,,,,,,,,,,,,,,,,,"tbmcite 0.1.0",,,,,
