"folder","label","path","role","bytes","sha256","licence_class","statement_source","redistributable","attribution","check_url","notes"
"conversion_factors/Brey_2010","Brey_2010","sources/conversion_factors/Brey_2010/Conversion04.zip","raw","2892959","65b6baa7e59f2e1420da5e0b90d98edc5a76930aedf7ed42177c6d6b874eaf65","unknown; owner to check","not on disk","unknown","Brey et al. (2010) Journal of Sea Research 64:334-340; Conversion04 data bank (Virtual Handbook, thomas-brey.de)","http://www.thomas-brey.de/science/DBconversion/","the zip holds Conversion04.xlsm only, no licence file; ask T. Brey"
"conversion_factors/Brey_2010","Brey_2010","sources/conversion_factors/Brey_2010/README.md","doc","2345","1946bab2e5f655d1521795e2ef10899940625c94dc2c07fc23d1d732379de814","repository (CC BY 4.0)","repository LICENSE","yes","","",""
"conversion_factors/Brey_2010","Brey_2010","sources/conversion_factors/Brey_2010/conversion04_energy_medians.csv","derived","928","1d8cad52b33d2e61cee02ce0f24c31ac3691462d91b7d2f4d2d5e60d800bb573","repository (CC BY 4.0)","repository LICENSE","yes","","","our own working table (repository licence)"
"conversion_factors/Brey_2010","Brey_2010","sources/conversion_factors/Brey_2010/conversion04_group_medians.csv","derived","1421","4c4b365d397b42cc09bd8767b43dd8fe5f40b601209f255414a57a85c7331a86","repository (CC BY 4.0)","repository LICENSE","yes","","","our own working table (repository licence)"
"conversion_factors/Brey_2010","Brey_2010","sources/conversion_factors/Brey_2010/summarise_conversion04.py","code","3593","c5d578639ca484fba439a8c414df3ea6a2792766ae96fc33fba2ea9bed227586","repository (CC BY 4.0)","repository LICENSE","yes","","",""
"conversion_factors/Brey_2010","Brey_2010","sources/conversion_factors/Brey_2010/summarise_conversion04_energy.py","code","4096","1a8f581d7a17ef3dc28d33de923cea43a04c15e127f530e95935d101e78d8105","repository (CC BY 4.0)","repository LICENSE","yes","","",""
"conversion_factors/Horn_2016","Horn_2016","sources/conversion_factors/Horn_2016/PANGAEA_894380_birds.tab","raw","8707","c5ca0d37deab287baf706a6f9a4a800ae1fda9612f87576467c7377324754290","CC BY 3.0","in-file","yes","Horn & de la Vega (2016) Journal of Experimental Marine Biology and Ecology 481:41-48; PANGAEA 10.1594/PANGAEA.894380, 894400; CC BY 3.0","https://doi.org/10.1594/PANGAEA.894380","PANGAEA file headers: ""License: Creative Commons Attribution 3.0 Unported"""
"conversion_factors/Horn_2016","Horn_2016","sources/conversion_factors/Horn_2016/PANGAEA_894400_seals.tab","raw","9725","fca5e17a7b03fbe053a2e18b063f30ce1aa8d318fdb6618538c41a78ac5cc87d","CC BY 3.0","in-file","yes","Horn & de la Vega (2016) Journal of Experimental Marine Biology and Ecology 481:41-48; PANGAEA 10.1594/PANGAEA.894380, 894400; CC BY 3.0","https://doi.org/10.1594/PANGAEA.894380","PANGAEA file headers: ""License: Creative Commons Attribution 3.0 Unported"""
"conversion_factors/Horn_2016","Horn_2016","sources/conversion_factors/Horn_2016/README.md","doc","2727","da14a2f838c0411662a6d7c3bc4ff9985bf76292096032f49112b702fa4b4e4e","repository (CC BY 4.0)","repository LICENSE","yes","","",""
"conversion_factors/Horn_2016","Horn_2016","sources/conversion_factors/Horn_2016/horn2016_species_ratios.csv","derived","483","4d3b549e783ad552c4960cf9c7e692216deddfd5af72aa38fa725910df98128e","repository (CC BY 4.0)","repository LICENSE","yes","","","our own working table (repository licence)"
"conversion_factors/Horn_2016","Horn_2016","sources/conversion_factors/Horn_2016/summarise_pangaea.py","code","3121","e1b311721288782201535ccbf41c147e04cd14f722fcb8cfe782adef173e2e0d","repository (CC BY 4.0)","repository LICENSE","yes","","",""
"conversion_factors/Kiorboe_2013","Kiorboe_2013","sources/conversion_factors/Kiorboe_2013/1843a_TableA1_raw.html","raw","618788","0d044b068aafd8a4a6beccb3bfe9f3dfeb51f88f02c78f1acf0d629e6b79cfa6","publisher file","README","no","Kiorboe (2013) Limnology and Oceanography 58:1843-1850, Web Appendix Table A1","https://doi.org/10.4319/lo.2013.58.5.1843","Wiley web-appendix html (duplicate of the databases copy); the parsed csv is a transcription"
"conversion_factors/Kiorboe_2013","Kiorboe_2013","sources/conversion_factors/Kiorboe_2013/Kiorboe2013_TableA1.csv","parsed","47761","c0197572fbf3fc10271cd0486179fab7f2b255ec986971e7c169bf8c200bf307","transcription (facts)","README","yes","Kiorboe (2013) Limnology and Oceanography 58:1843-1850, Web Appendix Table A1","https://doi.org/10.4319/lo.2013.58.5.1843","our transcription/parse of the source table (facts)"
"conversion_factors/Kiorboe_2013","Kiorboe_2013","sources/conversion_factors/Kiorboe_2013/Kiorboe2013_TableA1_references.csv","parsed","3511","a82724567d470cd26ab6532b67f95e1ca1e511d62e7cee44dc43940e04cc0165","transcription (facts)","README","yes","Kiorboe (2013) Limnology and Oceanography 58:1843-1850, Web Appendix Table A1","https://doi.org/10.4319/lo.2013.58.5.1843","our transcription/parse of the source table (facts)"
"conversion_factors/Kiorboe_2013","Kiorboe_2013","sources/conversion_factors/Kiorboe_2013/README.md","doc","1533","59608091b51d8a78dcb267d38d9899990f39cd9d701e0135a29b76565a968e8c","repository (CC BY 4.0)","repository LICENSE","yes","","",""
"conversion_factors/Kiorboe_2013","Kiorboe_2013","sources/conversion_factors/Kiorboe_2013/summarise_tableA1.py","code","2405","65229f0567d4cc1a7c4dd7b916a3dc1fe41cef815a34884e2946544035026123","repository (CC BY 4.0)","repository LICENSE","yes","","",""
"conversion_factors/Kiorboe_2013","Kiorboe_2013","sources/conversion_factors/Kiorboe_2013/tableA1_group_medians.csv","derived","1462","89508cd560101afb7b54b7f4067d1998c87e7292d082f0dcf54ed22725a2d9d9","repository (CC BY 4.0)","repository LICENSE","yes","","","our own working table (repository licence)"
"conversion_factors/Rizzuto_2019","Rizzuto_2019","sources/conversion_factors/Rizzuto_2019/HH_MorphRawData.csv","raw","12212","462f47c9c5e381d8d6c6c53feabecedf525a5c43809a29d1f1eff090b4e5a779","CC BY 4.0","README","yes","Rizzuto et al. (2019) Ecology and Evolution 9:14453-14464; figshare 10.6084/m9.figshare.7884854; CC BY 4.0","https://doi.org/10.6084/m9.figshare.7884854",""
"conversion_factors/Rizzuto_2019","Rizzuto_2019","sources/conversion_factors/Rizzuto_2019/README.md","doc","2102","30d27e61e73af8f8db3f5d5550d217669fef7a443f83461fa109e45b4230ce35","repository (CC BY 4.0)","repository LICENSE","yes","","",""
"conversion_factors/Rizzuto_2019","Rizzuto_2019","sources/conversion_factors/Rizzuto_2019/README_figshare.md","raw","1747","7376c04383f550f6d60acd91fad094bbe97e5bb5046200b19ae175fe832dc9e9","CC BY 4.0","README","yes","Rizzuto et al. (2019) Ecology and Evolution 9:14453-14464; figshare 10.6084/m9.figshare.7884854; CC BY 4.0","https://doi.org/10.6084/m9.figshare.7884854",""
"conversion_factors/Rizzuto_2019","Rizzuto_2019","sources/conversion_factors/Rizzuto_2019/SSH_C_data.csv","raw","5823","c058bea3e7984c927126426abbc3587f548c75c4737a684a4193d4900d9024b3","CC BY 4.0","README","yes","Rizzuto et al. (2019) Ecology and Evolution 9:14453-14464; figshare 10.6084/m9.figshare.7884854; CC BY 4.0","https://doi.org/10.6084/m9.figshare.7884854",""
"conversion_factors/Rizzuto_2019","Rizzuto_2019","sources/conversion_factors/Rizzuto_2019/rizzuto2019_hare_ratios.csv","derived","1469","f1faa6b9fe176930862d105f4e0d95d0117d31ec4c876be0035d9e9a29e84690","repository (CC BY 4.0)","repository LICENSE","yes","","","our own working table (repository licence)"
"conversion_factors/Rizzuto_2019","Rizzuto_2019","sources/conversion_factors/Rizzuto_2019/summarise_hares.py","code","2052","720f3133436a8acf28d4fbfc217d38ba6290cf1a83b747b10fd1157ec3cd4d59","repository (CC BY 4.0)","repository LICENSE","yes","","",""
"databases/AmphiBIO","AmphiBIO","sources/databases/AmphiBIO/AmphiBIO_v1.csv","raw","1062319","6ca9c3d0b2c35b58c9dd784c9a5b8debd38f03fcfa7b0f9e475de2806026c09d","unknown; owner to check","not on disk","unknown","AmphiBIO v1 (Oliveira et al. 2017, Scientific Data 4:170123), figshare 10.6084/m9.figshare.4644424","https://doi.org/10.6084/m9.figshare.4644424","the 2026-10-02 audit read CC BY 4.0 on the figshare record; not restated in the files, the README or the bib"
"databases/AmphiBIO","AmphiBIO","sources/databases/AmphiBIO/AmphiBIO_v1_literature_cited.pdf","raw","1367194","d8e5340f9e004f53329cdb97ff98f3e34f518e20be120ebdc6cd1ebb442f02ef","unknown; owner to check","not on disk","unknown","AmphiBIO v1 (Oliveira et al. 2017, Scientific Data 4:170123), figshare 10.6084/m9.figshare.4644424","https://doi.org/10.6084/m9.figshare.4644424","the 2026-10-02 audit read CC BY 4.0 on the figshare record; not restated in the files, the README or the bib"
"databases/AmphiBIO","AmphiBIO","sources/databases/AmphiBIO/AmphiBIO_v1_references.csv","raw","744367","2b2d5c22807e5faf58f5211658310ae404ed95ab1b22fd018ac37e53434cf650","unknown; owner to check","not on disk","unknown","AmphiBIO v1 (Oliveira et al. 2017, Scientific Data 4:170123), figshare 10.6084/m9.figshare.4644424","https://doi.org/10.6084/m9.figshare.4644424","the 2026-10-02 audit read CC BY 4.0 on the figshare record; not restated in the files, the README or the bib"
"databases/AmphiBIO","AmphiBIO","sources/databases/AmphiBIO/BodyMass_AmphiBIO.r","code","730","99fc334fe2127faad1d2b058af695411a0c30146c7db6151b8ee4ef14706f588","repository (CC BY 4.0)","repository LICENSE","yes","","",""
"databases/AmphiBIO","AmphiBIO","sources/databases/AmphiBIO/Citation.bib","doc","1990","90fb98001be216526c7d6b71a81e83d42ac4770fb07563d0e8af7b283e0c202c","repository (CC BY 4.0)","repository LICENSE","yes","","",""
"databases/AmphiBIO","AmphiBIO","sources/databases/AmphiBIO/Metadata.pdf","raw","151797","e735ff9695c55e447ada7e4b69abb5af4911321f9fe63e5e5f4e9c7e0bb8cbc0","unknown; owner to check","not on disk","unknown","AmphiBIO v1 (Oliveira et al. 2017, Scientific Data 4:170123), figshare 10.6084/m9.figshare.4644424","https://doi.org/10.6084/m9.figshare.4644424","the 2026-10-02 audit read CC BY 4.0 on the figshare record; not restated in the files, the README or the bib"
"databases/AmphiBIO","AmphiBIO","sources/databases/AmphiBIO/README.md","doc","1047","e94d2532d41b6cd4e66c0495c14cf7deeeb703011cb568fc6ab9d5c67c98b3b6","repository (CC BY 4.0)","repository LICENSE","yes","","",""
"databases/AnAge","AnAge","sources/databases/AnAge/AnAge_data.csv","raw","711261","1cec24681fdfc8c7f31540e084c9e2cc5da0558c7a42020098e66fc378440bac","unknown; owner to check","not on disk","unknown","AnAge Build 13 (de Magalhaes & Costa 2009), Human Ageing Genomic Resources, https://genomics.senescence.info/species/","https://genomics.senescence.info/species/","the 2026-10-02 audit read CC BY 3.0 on the HAGR legal page; release.html is silent"
"databases/AnAge","AnAge","sources/databases/AnAge/BodyMass_AnAge.r","code","1846","3de0be5d8c7f730fe9f2011ad55f9cec4a73257a86d8895e1c3115fe3785d043","repository (CC BY 4.0)","repository LICENSE","yes","","",""
"databases/AnAge","AnAge","sources/databases/AnAge/Citation.bib","doc","549","85e57e1000e988d71d4ec0c03bcbfc6cd8d9e3aa815413df5dbc3806b6bc2287","repository (CC BY 4.0)","repository LICENSE","yes","","",""
"databases/AnAge","AnAge","sources/databases/AnAge/README.md","doc","3247","33dd42a4e08b3e4a13cc99538a7cc5988c94b6a61adfc8888387c379b853169c","repository (CC BY 4.0)","repository LICENSE","yes","","",""
"databases/AnAge","AnAge","sources/databases/AnAge/release.html","raw","2606","4393accf2d52cc0939ff1b5fa8ae752eb228d6e848f73aabdbb2c90b6c0bfc4c","unknown; owner to check","not on disk","unknown","AnAge Build 13 (de Magalhaes & Costa 2009), Human Ageing Genomic Resources, https://genomics.senescence.info/species/","https://genomics.senescence.info/species/","the 2026-10-02 audit read CC BY 3.0 on the HAGR legal page; release.html is silent"
"databases/AndersonGillooly_2017","AndersonGillooly_2017","sources/databases/AndersonGillooly_2017/AndersonGillooly_2017_EER_data.csv","parsed","21881","a11b366b9d6a7ba09acc169fbec61c656d4bc2ec46c7f87995df351d25c35dea","transcription (facts)","README","yes","Anderson & Gillooly (2017) Evolutionary Ecology Research 18:693-707; values transcribed from the published table","","our transcription/parse of the source table (facts)"
"databases/AndersonGillooly_2017","AndersonGillooly_2017","sources/databases/AndersonGillooly_2017/BodyMass_AndersonGillooly_2017.r","code","335","9d8045b4e231c816130cfa7ece0eaeabd1c5d09344d041fa216e149a3ca1eaa8","repository (CC BY 4.0)","repository LICENSE","yes","","",""
"databases/AndersonGillooly_2017","AndersonGillooly_2017","sources/databases/AndersonGillooly_2017/Citation.bib","doc","620","e07dd6c259795c1bf7d84e83124386166311e0bd5a0d8e17c5d01da468861b79","repository (CC BY 4.0)","repository LICENSE","yes","","",""
"databases/AndersonGillooly_2017","AndersonGillooly_2017","sources/databases/AndersonGillooly_2017/README.md","doc","924","893a5b315a13644c0f6bbb50a77420a23ba7770f76502550f6bbb2788606cb5f","repository (CC BY 4.0)","repository LICENSE","yes","","",""
"databases/Anunciacao_etal_2025","Anunciacao_etal_2025","sources/databases/Anunciacao_etal_2025/ATLANTIC_DUNG_BEETLE_TRAITS_revised.csv","raw","414710","fbee6283084e4064d7376eb645c1691f112a49642a2490dd30400df5308a11ac","unknown; owner to check","README (conflict)","unknown","Atlantic Dung Beetle Traits (Ribeiro Anunciacao et al. 2025), figshare 10.6084/m9.figshare.29951609","https://doi.org/10.6084/m9.figshare.29951609","the README says CC0, the 2026-10-02 audit read CC BY 4.0 on the figshare record; owner to settle and fix the README"
"databases/Anunciacao_etal_2025","Anunciacao_etal_2025","sources/databases/Anunciacao_etal_2025/BodyMass_Anunciacao_etal_2025.r","code","1723","33e92a53fe982123f5c1a778148a412433d88ffcac1829440a018f2a68fd76d1","repository (CC BY 4.0)","repository LICENSE","yes","","",""
"databases/Anunciacao_etal_2025","Anunciacao_etal_2025","sources/databases/Anunciacao_etal_2025/Citation.bib","doc","766","c2cbdde07bcf383da3b52ff18bc2c77c3b46fd1a248583fb42c86b7cbf463079","repository (CC BY 4.0)","repository LICENSE","yes","","",""
"databases/Anunciacao_etal_2025","Anunciacao_etal_2025","sources/databases/Anunciacao_etal_2025/README.md","doc","1411","fc45166ad627675ad8d35dad89f29094522b540a1d385291983084c150c862f1","repository (CC BY 4.0)","repository LICENSE","yes","","",""
"databases/AyalaBerdon_2025","AyalaBerdon_2025","sources/databases/AyalaBerdon_2025/360_2025_1630_MOESM1_ESM_table1.csv","parsed","12916","68ea082e57b2c49c8c2a9352326e97a96cd77305661a24c1e79bc2e92910b072","transcription (facts)","README","yes","Ayala-Berdon et al. (2025) Journal of Comparative Physiology B 195:577-587, Supplementary material table 1; values transcribed","https://doi.org/10.1007/s00360-025-01630-3","our transcription/parse of the source table (facts)"
"databases/AyalaBerdon_2025","AyalaBerdon_2025","sources/databases/AyalaBerdon_2025/BodyMass_AyalaBerdon_2025.r","code","2198","d43c31b899243d4bb0c024bebed145db3f892c6c60a9745e79e204aab7b9d6f3","repository (CC BY 4.0)","repository LICENSE","yes","","",""
"databases/AyalaBerdon_2025","AyalaBerdon_2025","sources/databases/AyalaBerdon_2025/Citation.bib","doc","974","6d4586fc43fe38d9edcc047077a1c62ac044ef076a2565c5a54cdcca6a6f9ead","repository (CC BY 4.0)","repository LICENSE","yes","","",""
"databases/AyalaBerdon_2025","AyalaBerdon_2025","sources/databases/AyalaBerdon_2025/README.md","doc","8626","08e232231d823a752bc712422de9265f4acaeab80b49f41583f6763d367f1e80","repository (CC BY 4.0)","repository LICENSE","yes","","",""
"databases/AyalaBerdon_2025","AyalaBerdon_2025","sources/databases/AyalaBerdon_2025/primary_references.csv","derived","14473","76929c0627811406ad40bb4cc9cc6af633e4a9aa99ca6f683e43738d317d5c15","repository (CC BY 4.0)","repository LICENSE","yes","","","our own working table (repository licence)"
"databases/AyalaBerdon_2025","AyalaBerdon_2025","sources/databases/AyalaBerdon_2025/references.csv","derived","4925","cc6844a9aec6876ad008e358fa67e7e4b46a7f5af69b1e929f1454c6c99d94d1","repository (CC BY 4.0)","repository LICENSE","yes","","","our own working table (repository licence)"
"databases/Baach_2026","Baach_2026","sources/databases/Baach_2026/Abundance Richness - References.csv","raw","11090","b6b109ebadc126524b0704f28f4bc3eb1cfd139ce4d097792fb6e8b617155616","unknown; owner to check","README (article only)","unknown","Baach & Dormann (2026) Scientific Data 13:1132 (CC BY 4.0); data: Zenodo 10.5281/zenodo.18630029","https://doi.org/10.5281/zenodo.18630029","the README records the article licence (CC BY 4.0) but not the Zenodo record licence of the spreadsheets the exports come from"
"databases/Baach_2026","Baach_2026","sources/databases/Baach_2026/BodyMass_Baach_2026.r","code","4891","744316c5d0bcbdb09025b25594d1bf81e0c70777430210f778718ea1de8e9a16","repository (CC BY 4.0)","repository LICENSE","yes","","",""
"databases/Baach_2026","Baach_2026","sources/databases/Baach_2026/Citation.bib","doc","2082","195746e320514879de01c0856759982fa4a0bd726a527912d4f0363d1f741ff3","repository (CC BY 4.0)","repository LICENSE","yes","","",""
"databases/Baach_2026","Baach_2026","sources/databases/Baach_2026/README.md","doc","9542","449d75822ca313cff89c999c3544d9db5f49314adbcc6dc5e3c09f7972bf0c0f","repository (CC BY 4.0)","repository LICENSE","yes","","",""
"databases/Baach_2026","Baach_2026","sources/databases/Baach_2026/individual mass.csv","raw","158248","8c4db77595a04ca08fa9901f41123cc040e25866cd89ec601f6796d4bcbf6f58","unknown; owner to check","README (article only)","unknown","Baach & Dormann (2026) Scientific Data 13:1132 (CC BY 4.0); data: Zenodo 10.5281/zenodo.18630029","https://doi.org/10.5281/zenodo.18630029","the README records the article licence (CC BY 4.0) but not the Zenodo record licence of the spreadsheets the exports come from"
"databases/Baach_2026","Baach_2026","sources/databases/Baach_2026/primary_references.csv","derived","6926","45d3d14ba975aa6771937dd953d9ac81e0c44a129d8556d0241ef6aebb00e89f","repository (CC BY 4.0)","repository LICENSE","yes","","","our own working table (repository licence)"
"databases/Baach_2026","Baach_2026","sources/databases/Baach_2026/references.csv","derived","6505","d252f4a9b9b2da9ce18fd089a14b113913c6d235664c97c09800c3685575e362","repository (CC BY 4.0)","repository LICENSE","yes","","","our own working table (repository licence)"
"databases/Barnes_2008","Barnes_2008","sources/databases/Barnes_2008/BodyMass_Barnes_2008.r","code","2891","4453e8b326738610f201e9597cc65c9ddaf32db7c5d72e12b08ff7fb015f84f5","repository (CC BY 4.0)","repository LICENSE","yes","","",""
"databases/Barnes_2008","Barnes_2008","sources/databases/Barnes_2008/Citation.bib","doc","736","a8b3d164f5efe2403d08ebcf67fc481546d95d0306335ae05f61bd4aa42291a7","repository (CC BY 4.0)","repository LICENSE","yes","","",""
"databases/Barnes_2008","Barnes_2008","sources/databases/Barnes_2008/Predator_and_prey_body_sizes_in_marine_food_webs_vsn4.txt","raw","22575326","4bb486397e10b7d423fa9a353122487a608a63b9e359916a4b83edc56f5b717e","no copyright restrictions (Ecological Archives)","in-file","yes","Barnes et al. (2008) Predator and prey body sizes in marine food webs. Ecology 89:881, Ecological Archives E089-051","https://doi.org/10.1890/07-1551.1","metadata.htm: ""Copyright restrictions: None. Proprietary restrictions: None. Costs: None."""
"databases/Barnes_2008","Barnes_2008","sources/databases/Barnes_2008/README.md","doc","2050","6277775328cbcb6e808d8e7fa9e481c2e681fc28c006e7538ba9d3e08ce9e253","repository (CC BY 4.0)","repository LICENSE","yes","","",""
"databases/Barnes_2008","Barnes_2008","sources/databases/Barnes_2008/default.htm","raw","9061","e9125e73102915dbd42d40a8d870d0144c756e9c2526997f0d0e835c5cfe0c76","no copyright restrictions (Ecological Archives)","in-file","yes","Barnes et al. (2008) Predator and prey body sizes in marine food webs. Ecology 89:881, Ecological Archives E089-051","https://doi.org/10.1890/07-1551.1","metadata.htm: ""Copyright restrictions: None. Proprietary restrictions: None. Costs: None."""
"databases/Barnes_2008","Barnes_2008","sources/databases/Barnes_2008/metadata.htm","raw","298390","36e87194c692db5bd7d80fb99d5334771feec0f51b2a1b8e7080bf2cf92ee5dd","no copyright restrictions (Ecological Archives)","in-file","yes","Barnes et al. (2008) Predator and prey body sizes in marine food webs. Ecology 89:881, Ecological Archives E089-051","https://doi.org/10.1890/07-1551.1","metadata.htm: ""Copyright restrictions: None. Proprietary restrictions: None. Costs: None."""
"databases/Brocher_etal_2025","Brocher_etal_2025","sources/databases/Brocher_etal_2025/703_10_datastructure.txt","raw","9975","b54dfa63cc83c0caf30d7e49a9575f287c3fe2ed61c71f28b9cc74ccd901b0f1","unknown; owner to check","not on disk","unknown","Brocher et al. (2025) Ecology 106:e70077; data: JEXIS dataset 703 v10, 10.25829/Q570-JR82","https://doi.org/10.25829/Q570-JR82","the local json/xml carry no access-policy field; the JEXIS page shows no licence and offers login; terms.txt is the BEXIS2 sample Terms and Conditions, not the dataset terms"
"databases/Brocher_etal_2025","Brocher_etal_2025","sources/databases/Brocher_etal_2025/BodyMass_Brocher_etal_2025.r","code","1192","6ac29191bddb97b3df6f3363089938b5642af4581307bf14c1d0f76e483c703c","repository (CC BY 4.0)","repository LICENSE","yes","","",""
"databases/Brocher_etal_2025","Brocher_etal_2025","sources/databases/Brocher_etal_2025/Citation.bib","doc","731","62e1b17fb5b070987b3ae80e72e15242c7d03ce178cb23d75b02d6c2305fb3fa","repository (CC BY 4.0)","repository LICENSE","yes","","",""
"databases/Brocher_etal_2025","Brocher_etal_2025","sources/databases/Brocher_etal_2025/JExIS_703_data_structure_401.csv","raw","1843","8a41b0e9c61a557e90687a3a9c5fc7e0b525a1e7534b3a8160652a681b5570b4","unknown; owner to check","not on disk","unknown","Brocher et al. (2025) Ecology 106:e70077; data: JEXIS dataset 703 v10, 10.25829/Q570-JR82","https://doi.org/10.25829/Q570-JR82","the local json/xml carry no access-policy field; the JEXIS page shows no licence and offers login; terms.txt is the BEXIS2 sample Terms and Conditions, not the dataset terms"
"databases/Brocher_etal_2025","Brocher_etal_2025","sources/databases/Brocher_etal_2025/JExIS_703_data_structure_401.html","raw","11988","53a148e1b1793d1ff5682dac58af68f9211d02f07885b2a493fcf31e519b82c2","unknown; owner to check","not on disk","unknown","Brocher et al. (2025) Ecology 106:e70077; data: JEXIS dataset 703 v10, 10.25829/Q570-JR82","https://doi.org/10.25829/Q570-JR82","the local json/xml carry no access-policy field; the JEXIS page shows no licence and offers login; terms.txt is the BEXIS2 sample Terms and Conditions, not the dataset terms"
"databases/Brocher_etal_2025","Brocher_etal_2025","sources/databases/Brocher_etal_2025/JExIS_703_data_structure_401.json","raw","18812","9893cb01ea46cd7d61c5bc3f63c925d981424d405c437e6290903c5977f7d427","unknown; owner to check","not on disk","unknown","Brocher et al. (2025) Ecology 106:e70077; data: JEXIS dataset 703 v10, 10.25829/Q570-JR82","https://doi.org/10.25829/Q570-JR82","the local json/xml carry no access-policy field; the JEXIS page shows no licence and offers login; terms.txt is the BEXIS2 sample Terms and Conditions, not the dataset terms"
"databases/Brocher_etal_2025","Brocher_etal_2025","sources/databases/Brocher_etal_2025/JExIS_703_v10_data.csv","raw","182270","6bb02c58e24c651aaefb03977ae0a3f708ce17b52ba55627f8f3d06cafdb0f9e","unknown; owner to check","not on disk","unknown","Brocher et al. (2025) Ecology 106:e70077; data: JEXIS dataset 703 v10, 10.25829/Q570-JR82","https://doi.org/10.25829/Q570-JR82","the local json/xml carry no access-policy field; the JEXIS page shows no licence and offers login; terms.txt is the BEXIS2 sample Terms and Conditions, not the dataset terms"
"databases/Brocher_etal_2025","Brocher_etal_2025","sources/databases/Brocher_etal_2025/JExIS_703_v10_general_metadata.json","raw","3696","9b19f0286e3c6a0da8cfc1e45c1506fea41a410a03adc91fef0ba0172c18522c","unknown; owner to check","not on disk","unknown","Brocher et al. (2025) Ecology 106:e70077; data: JEXIS dataset 703 v10, 10.25829/Q570-JR82","https://doi.org/10.25829/Q570-JR82","the local json/xml carry no access-policy field; the JEXIS page shows no licence and offers login; terms.txt is the BEXIS2 sample Terms and Conditions, not the dataset terms"
"databases/Brocher_etal_2025","Brocher_etal_2025","sources/databases/Brocher_etal_2025/JExIS_703_v10_metadata.html","raw","133033","25f6381c882004e76e13ce03adebea1215badf8f6e8caaf3d445eb595f405a91","unknown; owner to check","not on disk","unknown","Brocher et al. (2025) Ecology 106:e70077; data: JEXIS dataset 703 v10, 10.25829/Q570-JR82","https://doi.org/10.25829/Q570-JR82","the local json/xml carry no access-policy field; the JEXIS page shows no licence and offers login; terms.txt is the BEXIS2 sample Terms and Conditions, not the dataset terms"
"databases/Brocher_etal_2025","Brocher_etal_2025","sources/databases/Brocher_etal_2025/JExIS_703_v10_metadata.xml","raw","8551","5a6fb92d1365a912ad9facbd817dc16415cb97f49929e68032a01d1b9fa91427","unknown; owner to check","not on disk","unknown","Brocher et al. (2025) Ecology 106:e70077; data: JEXIS dataset 703 v10, 10.25829/Q570-JR82","https://doi.org/10.25829/Q570-JR82","the local json/xml carry no access-policy field; the JEXIS page shows no licence and offers login; terms.txt is the BEXIS2 sample Terms and Conditions, not the dataset terms"
"databases/Brocher_etal_2025","Brocher_etal_2025","sources/databases/Brocher_etal_2025/README.md","doc","1254","58ee14b8c324420d7902891884c5eaf2c7e52be35e14d1846ff58d2977a4b43e","repository (CC BY 4.0)","repository LICENSE","yes","","",""
"databases/Brocher_etal_2025","Brocher_etal_2025","sources/databases/Brocher_etal_2025/S1_references.docx","raw","54582","616ab4f24e4bfc965213393f90e6cc8d338e57e77cdbe4faf998f7ef044d87f8","unknown; owner to check","not on disk","unknown","Brocher et al. (2025) Ecology 106:e70077; data: JEXIS dataset 703 v10, 10.25829/Q570-JR82","https://doi.org/10.25829/Q570-JR82","the local json/xml carry no access-policy field; the JEXIS page shows no licence and offers login; terms.txt is the BEXIS2 sample Terms and Conditions, not the dataset terms"
"databases/Brocher_etal_2025","Brocher_etal_2025","sources/databases/Brocher_etal_2025/Schema/schema_JE_bexis8.xsd","raw","40795","2f41dda734954d66634ea3aa47db1ebb7af6de4443c35d6690af55a20f57edd1","unknown; owner to check","not on disk","unknown","Brocher et al. (2025) Ecology 106:e70077; data: JEXIS dataset 703 v10, 10.25829/Q570-JR82","https://doi.org/10.25829/Q570-JR82","the local json/xml carry no access-policy field; the JEXIS page shows no licence and offers login; terms.txt is the BEXIS2 sample Terms and Conditions, not the dataset terms"
"databases/Brocher_etal_2025","Brocher_etal_2025","sources/databases/Brocher_etal_2025/terms.txt","raw","2153","d1a0dac757f57694ba6a592403ff665133d2f42db97f8473642f98575ba3d3b5","unknown; owner to check","not on disk","unknown","Brocher et al. (2025) Ecology 106:e70077; data: JEXIS dataset 703 v10, 10.25829/Q570-JR82","https://doi.org/10.25829/Q570-JR82","BEXIS2 sample Terms and Conditions shipped with the download, not the dataset terms"
"databases/Brose_etal_2018","Brose_etal_2018","sources/databases/Brose_etal_2018/283_2_FoodWebDataBase_2018_12_10.csv","raw","96399280","0862d9f94bd144cb33a635e905bfab186236b122a773236d2521970bf2e9032f","unknown; owner to check","in-file (conflict)","unknown","GATEWAy v1.0 (Brose 2018), iDiv Data Repository 283 v3, 10.25829/idiv.283-3-756","https://doi.org/10.25829/idiv.283-3-756","iDiv metadata xml: Data_Access_Policy ""Open (CC BY 4.0)""; the portal default policy is CC BY-NC and the DataCite rightsList is empty; the owner's 2026-10-02 check against Brose et al. 2019 is pending"
"databases/Brose_etal_2018","Brose_etal_2018","sources/databases/Brose_etal_2018/283_2_FoodWebDatabase_metadata.doc","raw","65024","71d360b3fe82a14a9ef4370deeaabadb8c3902cf43872e79a0002fddb42809b3","unknown; owner to check","in-file (conflict)","unknown","GATEWAy v1.0 (Brose 2018), iDiv Data Repository 283 v3, 10.25829/idiv.283-3-756","https://doi.org/10.25829/idiv.283-3-756","iDiv metadata xml: Data_Access_Policy ""Open (CC BY 4.0)""; the portal default policy is CC BY-NC and the DataCite rightsList is empty; the owner's 2026-10-02 check against Brose et al. 2019 is pending"
"databases/Brose_etal_2018","Brose_etal_2018","sources/databases/Brose_etal_2018/BodyMass_Brose_etal_2018.r","code","2477","8291685a520ffcff48e20c3261d930fdf0fee3e96abaaa6e7782e7cd2b0f23be","repository (CC BY 4.0)","repository LICENSE","yes","","",""
"databases/Brose_etal_2018","Brose_etal_2018","sources/databases/Brose_etal_2018/Citation.bib","doc","515","c10043cf68976803a77cc015a0653fa03e87c999961aa669ba273400904871da","repository (CC BY 4.0)","repository LICENSE","yes","","",""
"databases/Brose_etal_2018","Brose_etal_2018","sources/databases/Brose_etal_2018/README.md","doc","17623","cce205ebd0ac761a8eeb7c434fa221743e9cbb2fcfc902eebbee1d124143be6f","repository (CC BY 4.0)","repository LICENSE","yes","","",""
"databases/Brose_etal_2018","Brose_etal_2018","sources/databases/Brose_etal_2018/foodweb_units.csv","derived","275354","9d4a3eadb361ce251bdd86392ccb77cb9a7da879bfe27df1be5c66840c525b63","repository (CC BY 4.0)","repository LICENSE","yes","","","our own working table (repository licence)"
"databases/Brose_etal_2018","Brose_etal_2018","sources/databases/Brose_etal_2018/foodweb_units_analysis.r","code","9534","32f9f8da3cce9c3d2a87ce6fc6a1e7ae0dfef2fe15b45cb25468185cb4a9140a","repository (CC BY 4.0)","repository LICENSE","yes","","",""
"databases/Brose_etal_2018","Brose_etal_2018","sources/databases/Brose_etal_2018/foodweb_units_decisions.csv","derived","25737","ad029986161dc65a8e1a1a9ba2a60f8e5d1405ba261c03e90834ff07c5af54c5","repository (CC BY 4.0)","repository LICENSE","yes","","","our own working table (repository licence)"
"databases/Brose_etal_2018","Brose_etal_2018","sources/databases/Brose_etal_2018/foodweb_units_groups.csv","derived","77436","427425b6df2a9c9512b4d4d8ac42ccf3853cd9465dc901f7b0a076bbe1b10a6f","repository (CC BY 4.0)","repository LICENSE","yes","","","our own working table (repository licence)"
"databases/Brose_etal_2018","Brose_etal_2018","sources/databases/Brose_etal_2018/iDiv Data Repository_283_v3_general_metadata.json","raw","1352","b802c39baa7a23599046a99b63a9e0658cd150de361af5f8c0cd494353af3a48","unknown; owner to check","in-file (conflict)","unknown","GATEWAy v1.0 (Brose 2018), iDiv Data Repository 283 v3, 10.25829/idiv.283-3-756","https://doi.org/10.25829/idiv.283-3-756","iDiv metadata xml: Data_Access_Policy ""Open (CC BY 4.0)""; the portal default policy is CC BY-NC and the DataCite rightsList is empty; the owner's 2026-10-02 check against Brose et al. 2019 is pending"
"databases/Brose_etal_2018","Brose_etal_2018","sources/databases/Brose_etal_2018/iDiv Data Repository_283_v3_metadata.html","raw","48145","aa8fdc2181643941bff04099661ee0ed48de287f2a6559d947683decaedc474a","unknown; owner to check","in-file (conflict)","unknown","GATEWAy v1.0 (Brose 2018), iDiv Data Repository 283 v3, 10.25829/idiv.283-3-756","https://doi.org/10.25829/idiv.283-3-756","iDiv metadata xml: Data_Access_Policy ""Open (CC BY 4.0)""; the portal default policy is CC BY-NC and the DataCite rightsList is empty; the owner's 2026-10-02 check against Brose et al. 2019 is pending"
"databases/Brose_etal_2018","Brose_etal_2018","sources/databases/Brose_etal_2018/iDiv Data Repository_283_v3_metadata.xml","raw","1753","5226102a3f3e9545ae639dc97e10d87935374183141dd268c2be3af1aad0167b","unknown; owner to check","in-file (conflict)","unknown","GATEWAy v1.0 (Brose 2018), iDiv Data Repository 283 v3, 10.25829/idiv.283-3-756","https://doi.org/10.25829/idiv.283-3-756","iDiv metadata xml: Data_Access_Policy ""Open (CC BY 4.0)""; the portal default policy is CC BY-NC and the DataCite rightsList is empty; the owner's 2026-10-02 check against Brose et al. 2019 is pending"
"databases/Brose_etal_2018","Brose_etal_2018","sources/databases/Brose_etal_2018/primary_references.csv","derived","19291","4acf8cf5cbec6ee68bf9c5f21b87f692701528ffc9fca091b33044383b85747f","repository (CC BY 4.0)","repository LICENSE","yes","","","our own working table (repository licence)"
"databases/Brose_etal_2018","Brose_etal_2018","sources/databases/Brose_etal_2018/references.csv","derived","10559","3923d7005e0052229fd8ffb31d43c69727e3fab94917129b32614c43cb34dda9","repository (CC BY 4.0)","repository LICENSE","yes","","","our own working table (repository licence)"
"databases/Brown_etal_2018","Brown_etal_2018","sources/databases/Brown_etal_2018/41559_2017_430_MOESM2_ESM.csv","raw","4011","8e1b95939107ad3a32433b2d84d626e0b6618ce50abc493001f7888ff565e7c3","publisher file","README","no","Brown, Hall & Sibly (2018) Nature Ecology & Evolution 2:262-268, Supplementary Tables 2 and 3","https://doi.org/10.1038/s41559-017-0430-1","Springer Nature supplementary files; copyright with the publisher; kept for reproducibility of the parser"
"databases/Brown_etal_2018","Brown_etal_2018","sources/databases/Brown_etal_2018/41559_2017_430_MOESM3_ESM.csv","raw","135553","cfa3af54fdf36aefa0560b582b50a45c5002f144d542134ef9d35ada4cbbaf0b","publisher file","README","no","Brown, Hall & Sibly (2018) Nature Ecology & Evolution 2:262-268, Supplementary Tables 2 and 3","https://doi.org/10.1038/s41559-017-0430-1","Springer Nature supplementary files; copyright with the publisher; kept for reproducibility of the parser"
"databases/Brown_etal_2018","Brown_etal_2018","sources/databases/Brown_etal_2018/BodyMass_Brown_etal_2018.r","code","1249","878272b3165bde0039a01fa7c6630530ed8d5c99a2079610b8220cc393a0bbea","repository (CC BY 4.0)","repository LICENSE","yes","","",""
"databases/Brown_etal_2018","Brown_etal_2018","sources/databases/Brown_etal_2018/Citation.bib","doc","769","fc5c790cbb2173e0edc13954b9b6b14558a6d7457bbdfaf7f169eafcec5a76a8","repository (CC BY 4.0)","repository LICENSE","yes","","",""
"databases/Brown_etal_2018","Brown_etal_2018","sources/databases/Brown_etal_2018/README.md","doc","1894","14b8031b222d1d297694c4d369876b78de4daabb5e60c767202afce6ea07e853","repository (CC BY 4.0)","repository LICENSE","yes","","",""
"databases/Cai_etal_2025","Cai_etal_2025","sources/databases/Cai_etal_2025/BodyMass_Cai_etal_2025.r","code","1556","2621c908b2ffa544eaf1722a56e370482dd2990264e37123aa1ee0979b9e20e7","repository (CC BY 4.0)","repository LICENSE","yes","","",""
"databases/Cai_etal_2025","Cai_etal_2025","sources/databases/Cai_etal_2025/Citation.bib","doc","6639","04c2e9c5c328ff3606cfc9c381524420a194baa8ba74afff96e93f81f543273c","repository (CC BY 4.0)","repository LICENSE","yes","","",""
"databases/Cai_etal_2025","Cai_etal_2025","sources/databases/Cai_etal_2025/Dataset S27.csv","raw","1731626","308d2fe1f5d788f34cbcb6671c87219e1dd644c2c8a6d5a6eaacaf00cca1d0e8","CC BY-NC-ND 4.0","owner decision 2026-10-06","non-commercial","Cai, Wen, Jiang & Zhen (2025) PNAS 122:e2423386122, Dataset S27; CC BY-NC-ND 4.0","https://doi.org/10.1073/pnas.2423386122","PNAS open-access licence line (2026-10-02 audit, not on disk); disclosed as a non-commercial carve-out; the SI appendix PDF is not committed"
"databases/Cai_etal_2025","Cai_etal_2025","sources/databases/Cai_etal_2025/README.md","doc","2096","a78afe5481d1799c8ce416b7bd9602afc182c1a0f0fb1eee6c1b6829359d460a","repository (CC BY 4.0)","repository LICENSE","yes","","",""
"databases/Castro_2025","Castro_2025","sources/databases/Castro_2025/BodyMass_Castro_2025.r","code","1147","01708c1e0777813d425c18c877afd0c54095a3597c43b45c13bf070dd95f6162","repository (CC BY 4.0)","repository LICENSE","yes","","",""
"databases/Castro_2025","Castro_2025","sources/databases/Castro_2025/Citation.bib","doc","599","7d2fdfa1a4c30a82f907b636d083de15c4e41afa1ce182c97e1741f106ffe7e2","repository (CC BY 4.0)","repository LICENSE","yes","","",""
"databases/Castro_2025","Castro_2025","sources/databases/Castro_2025/FieldMR_SciDataPub.csv","raw","703479","b95472c04c13a29b1ecdf0c25262fdd84b75ab759529161c1e32ddfac56559d7","unknown; owner to check","not on disk","unknown","FmrBT (de Castro 2025, Scientific Data 12:1589), Zenodo 10.5281/zenodo.16894769","https://doi.org/10.5281/zenodo.16894769","the 2026-10-02 audit read CC BY 4.0 on the Zenodo record"
"databases/Castro_2025","Castro_2025","sources/databases/Castro_2025/README.md","doc","860","cc69c7aa41f0253f507f571c6137f52d874481b55c9b319476e58dd05d25d2cc","repository (CC BY 4.0)","repository LICENSE","yes","","",""
"databases/Chown_etal_2007","Chown_etal_2007","sources/databases/Chown_etal_2007/AppendixS1_ant_mass_parsed.csv","parsed","7937","84169813861360a285cae97c2e5956d75afabbe77db80d090e099fe5c8400e7c","transcription (facts)","README","yes","Chown et al. (2007) Functional Ecology 21:282-290, Supporting Information (Appendix S1, S2)","https://doi.org/10.1111/j.1365-2435.2007.01245.x","our transcription/parse of the source table (facts)"
"databases/Chown_etal_2007","Chown_etal_2007","sources/databases/Chown_etal_2007/AppendixS2_insect_mass_parsed.csv","parsed","25650","ff9e48a7b53497aa99d6d0489eabaa6ccb9108d53bc774627f100ef1a9736e34","transcription (facts)","README","yes","Chown et al. (2007) Functional Ecology 21:282-290, Supporting Information (Appendix S1, S2)","https://doi.org/10.1111/j.1365-2435.2007.01245.x","our transcription/parse of the source table (facts)"
"databases/Chown_etal_2007","Chown_etal_2007","sources/databases/Chown_etal_2007/BodyMass_Chown_etal_2007.r","code","3187","10e64f9ae34ff8aff277435d5600018499300466982d1d1b686c35d5dc4d713d","repository (CC BY 4.0)","repository LICENSE","yes","","",""
"databases/Chown_etal_2007","Chown_etal_2007","sources/databases/Chown_etal_2007/Citation.bib","doc","671","8deb9baec83053c442e01d740782942d7d54ac94f7979c00c1a070bf459fffb5","repository (CC BY 4.0)","repository LICENSE","yes","","",""
"databases/Chown_etal_2007","Chown_etal_2007","sources/databases/Chown_etal_2007/README.md","doc","7112","d5eebb0b2b3ba5beab487bd6a6fd4c8a31070588bceb8e8067b94e67df3deb1f","repository (CC BY 4.0)","repository LICENSE","yes","","",""
"databases/Chown_etal_2007","Chown_etal_2007","sources/databases/Chown_etal_2007/fec1245_supmat.pdf","raw","304058","917c99f3a040de53720fb37447392eb34ff6a72f2b3c0fb070d9b0894427c1cc","publisher file","README","no","Chown et al. (2007) Functional Ecology 21:282-290, Supporting Information (Appendix S1, S2)","https://doi.org/10.1111/j.1365-2435.2007.01245.x","Wiley supplementary PDF tracked since 2026-10-04; copyright with the publisher; the parsed tables are transcriptions"
"databases/Chown_etal_2007","Chown_etal_2007","sources/databases/Chown_etal_2007/parse_chown_supmat.py","code","18103","1467123c02ecf88404b6156a37e234f8d34c8fa0bcf64417e18517cf1e1d3c17","repository (CC BY 4.0)","repository LICENSE","yes","","",""
"databases/Chown_etal_2007","Chown_etal_2007","sources/databases/Chown_etal_2007/primary_references.csv","derived","72484","eb1c223f08f14c095be9a57628951ea4183afa46d96ae75fc5f94d754d1066ad","repository (CC BY 4.0)","repository LICENSE","yes","","","our own working table (repository licence)"
"databases/Chown_etal_2007","Chown_etal_2007","sources/databases/Chown_etal_2007/references.csv","derived","21578","f54c0858f20eb684ea37c90e5ca80ef27e7b5c98544d51e616ef2f6b8f2e8383","repository (CC BY 4.0)","repository LICENSE","yes","","","our own working table (repository licence)"
"databases/Cohen_2014","Cohen_2014","sources/databases/Cohen_2014/135FoodWebs.txt","raw","1289463","963bcb56a886145b78e6d70e9c7d5f322089628ece1fa43d6511a4ef4255c16c","no copyright restrictions (Ecological Archives)","in-file","yes","Cohen & Mulder (2014) SIZEWEB. Ecology 95:578, Ecological Archives E095-051","https://doi.org/10.1890/13-1337.1","metadata.htm: ""No copyright restrictions, royalty-free access.""; the authors ask to be notified of publications"
"databases/Cohen_2014","Cohen_2014","sources/databases/Cohen_2014/BodyMass_Cohen_2014.r","code","1821","7247ee8ce949d9a48986e3f801178b76be7ae8aee0cd72248b52bac7e4564d14","repository (CC BY 4.0)","repository LICENSE","yes","","",""
"databases/Cohen_2014","Cohen_2014","sources/databases/Cohen_2014/Citation.bib","doc","655","5f7d4b12f331b8f0067570652f68dac118d13973de0bb41a4cb205e27e2232de","repository (CC BY 4.0)","repository LICENSE","yes","","",""
"databases/Cohen_2014","Cohen_2014","sources/databases/Cohen_2014/README.md","doc","1376","91bbee49aad10ba14643c6320dc094f2e353d7b5b4ca835fbd9b8044e14e5eee","repository (CC BY 4.0)","repository LICENSE","yes","","",""
"databases/Cohen_2014","Cohen_2014","sources/databases/Cohen_2014/default.htm","raw","6626","b0e74c3b729230afc3a962e043348e08c46a0f6f3c7886df64a64e2d72227ccc","no copyright restrictions (Ecological Archives)","in-file","yes","Cohen & Mulder (2014) SIZEWEB. Ecology 95:578, Ecological Archives E095-051","https://doi.org/10.1890/13-1337.1","metadata.htm: ""No copyright restrictions, royalty-free access.""; the authors ask to be notified of publications"
"databases/Cohen_2014","Cohen_2014","sources/databases/Cohen_2014/metadata.htm","raw","714157","dbef7c37c9c2b3a8bb936ff770c6a17ad876e39d781e3a74e1ef15f6e7a419ac","no copyright restrictions (Ecological Archives)","in-file","yes","Cohen & Mulder (2014) SIZEWEB. Ecology 95:578, Ecological Archives E095-051","https://doi.org/10.1890/13-1337.1","metadata.htm: ""No copyright restrictions, royalty-free access.""; the authors ask to be notified of publications"
"databases/DataRetriever","Brose_2005; Ernest_2003; Jones_2009; Myhrvold_2015; Raymond_2011","sources/databases/DataRetriever/README.md","doc","17007","c0d7c9043dbdebeed64e4b6753b473b89cf67aea0d892bea8741c47021477133","repository (CC BY 4.0)","repository LICENSE","yes","","",""
"databases/DataRetriever","Brose_2005; Ernest_2003; Jones_2009; Myhrvold_2015; Raymond_2011","sources/databases/DataRetriever/brose2005_references.csv","derived","8757","0198e83ffc6e6c191881d39ec5b32d23a59d7cdbb6cbd73d126a2d8a3286edf0","repository (CC BY 4.0)","repository LICENSE","yes","","","our own working table (repository licence)"
"databases/DataRetriever","Brose_2005; Ernest_2003; Jones_2009; Myhrvold_2015; Raymond_2011","sources/databases/DataRetriever/brose2005_units.csv","derived","10579","e940c8a829b108d436f35fa27b116b22decfa25240c5187025effcd5e6660d1a","repository (CC BY 4.0)","repository LICENSE","yes","","","our own working table (repository licence)"
"databases/DataRetriever","Brose_2005; Ernest_2003; Jones_2009; Myhrvold_2015; Raymond_2011","sources/databases/DataRetriever/brose2005_units_analysis.r","code","7079","834ffc47eb2fc4c3f548e839d1c070bfe2e9ea2ce4f189b085b502bbdf8edf60","repository (CC BY 4.0)","repository LICENSE","yes","","",""
"databases/DataRetriever","Brose_2005; Ernest_2003; Jones_2009; Myhrvold_2015; Raymond_2011","sources/databases/DataRetriever/brose2005_units_decisions.csv","derived","8277","78b4e1532f50c871b9b3f80d82829f10a56d02b3d00c4dce1f6984e2c0490fc3","repository (CC BY 4.0)","repository LICENSE","yes","","","our own working table (repository licence)"
"databases/DataRetriever","Brose_2005; Ernest_2003; Jones_2009; Myhrvold_2015; Raymond_2011","sources/databases/DataRetriever/brose2005_units_groups.csv","derived","89519","d6ac95af0720a20008e458454320aa19d9e43d57a00eb43dcfa5acdc0986d44e","repository (CC BY 4.0)","repository LICENSE","yes","","","our own working table (repository licence)"
"databases/DataRetriever","Brose_2005; Ernest_2003; Jones_2009; Myhrvold_2015; Raymond_2011","sources/databases/DataRetriever/primary_references_Brose_2005.csv","derived","10697","46e280477c282e8004c9603ec46718b65914e545862cb1057eba48c8501862c2","repository (CC BY 4.0)","repository LICENSE","yes","","","our own working table (repository licence)"
"databases/DeLong_etal_2010","DeLong_etal_2010","sources/databases/DeLong_etal_2010/BodyMass_DeLong_etal_2010.r","code","4768","300083dc4aac599d9d3ca012e9825daca4b4a49d6ad8e4656548765e6ad953aa","repository (CC BY 4.0)","repository LICENSE","yes","","",""
"databases/DeLong_etal_2010","DeLong_etal_2010","sources/databases/DeLong_etal_2010/Citation.bib","doc","1912","747ba5cafe83ea9bff342a0360da61de5cbe4a75c7f1427d698be6653005a12d","repository (CC BY 4.0)","repository LICENSE","yes","","",""
"databases/DeLong_etal_2010","DeLong_etal_2010","sources/databases/DeLong_etal_2010/README.md","doc","12053","6fc34550739c78625bf2b70ed37135c4b2f03a7a3e9b9bbd896551b689d1bf12","repository (CC BY 4.0)","repository LICENSE","yes","","",""
"databases/DeLong_etal_2010","DeLong_etal_2010","sources/databases/DeLong_etal_2010/sd01.csv","parsed","21051","d5521e18cc2d547a728550061ffb93466da41792a4f457c4bffe3bf62e8997c4","transcription (facts)","README","yes","DeLong et al. (2010) PNAS 107:12941-12945, Supplemental Data 1 and 2","https://doi.org/10.1073/pnas.1007783107","our transcription/parse of the source table (facts)"
"databases/DeLong_etal_2010","DeLong_etal_2010","sources/databases/DeLong_etal_2010/sd01.doc","raw","486400","0b3cd3b4ad98ae072ab36d16ed901b8c15470389a8b261f767e75fa86c503631","publisher file","README","no","DeLong et al. (2010) PNAS 107:12941-12945, Supplemental Data 1 and 2","https://doi.org/10.1073/pnas.1007783107","PNAS supplementary .doc files; copyright with the publisher; sd01.csv/sd02.csv are our transcriptions"
"databases/DeLong_etal_2010","DeLong_etal_2010","sources/databases/DeLong_etal_2010/sd02.csv","parsed","7885","2a3050e2625bd2b43b4d6e9ab64ffef586812b16107dfe00dd6063c914321566","transcription (facts)","README","yes","DeLong et al. (2010) PNAS 107:12941-12945, Supplemental Data 1 and 2","https://doi.org/10.1073/pnas.1007783107","our transcription/parse of the source table (facts)"
"databases/DeLong_etal_2010","DeLong_etal_2010","sources/databases/DeLong_etal_2010/sd02.doc","raw","233984","9347a3039e8df8a4bcf09eb9c80d08373d3bd2446f212394c4726b127f8af83d","publisher file","README","no","DeLong et al. (2010) PNAS 107:12941-12945, Supplemental Data 1 and 2","https://doi.org/10.1073/pnas.1007783107","PNAS supplementary .doc files; copyright with the publisher; sd01.csv/sd02.csv are our transcriptions"
"databases/DeLong_etal_2018","DeLong_etal_2018","sources/databases/DeLong_etal_2018/BodyMass_DeLong_etal_2018.r","code","2273","51ff1c8c36dfd12350022edc496c114610b97c67d2e1fd3dc375a21383133d4d","repository (CC BY 4.0)","repository LICENSE","yes","","",""
"databases/DeLong_etal_2018","DeLong_etal_2018","sources/databases/DeLong_etal_2018/Citation.bib","doc","647","fdce650b9014c8d5ed5dc4c4e878bd38e1802eab20a6c7e2cea9eeb50f110214","repository (CC BY 4.0)","repository LICENSE","yes","","",""
"databases/DeLong_etal_2018","DeLong_etal_2018","sources/databases/DeLong_etal_2018/FoRAGE_db_12_19_18_data_set.csv","raw","868429","0872d17250e7fd5443760fe9285825d14c6645e474aca5bf54301be572f253b8","unknown; owner to check","not on disk","unknown","FoRAGE (DeLong & Uiterwaal 2018), Knowledge Network for Biocomplexity 10.5063/F17H1GTQ","https://doi.org/10.5063/F17H1GTQ","the 2026-10-02 audit read CC0 in the KNB EML; not restated in the csv"
"databases/DeLong_etal_2018","DeLong_etal_2018","sources/databases/DeLong_etal_2018/README.md","doc","2035","88aaf5d55cb505ff281e6ab202050c098d192c6b3fff9386dd85c87da89d63ad","repository (CC BY 4.0)","repository LICENSE","yes","","",""
"databases/Ehnes_etal_2011","Ehnes_etal_2011","sources/databases/Ehnes_etal_2011/BodyMass_Ehnes_etal_2011.r","code","1928","613c93f012459650b9048fa40b87c9970af36febe68749cc034dc56e7311402a","repository (CC BY 4.0)","repository LICENSE","yes","","",""
"databases/Ehnes_etal_2011","Ehnes_etal_2011","sources/databases/Ehnes_etal_2011/Citation.bib","doc","657","518e3d3036a88ff5088d9a2e6afaae0f3f5c8e77b0d89aebc41ce25528c2cd27","repository (CC BY 4.0)","repository LICENSE","yes","","",""
"databases/Ehnes_etal_2011","Ehnes_etal_2011","sources/databases/Ehnes_etal_2011/README.md","doc","1743","87346bdcf7fddeebb5710a2242409c0eeff3c2b67ebccc02731986f5702b8028","repository (CC BY 4.0)","repository LICENSE","yes","","",""
"databases/Ehnes_etal_2011","Ehnes_etal_2011","sources/databases/Ehnes_etal_2011/ehnes2011_appendix_a.csv","parsed","427032","2fefa0730928d9c82f79202a34e13e95f79770b1c8c1e0c3c2cc3cb9b97fd850","transcription (facts)","README","yes","Ehnes, Rall & Brose (2011) Ecology Letters 14:993-1000, supplementary appendix","https://doi.org/10.1111/j.1461-0248.2011.01660.x","our transcription/parse of the source table (facts)"
"databases/Ehnes_etal_2011","Ehnes_etal_2011","sources/databases/Ehnes_etal_2011/ele_1660_sm_meta-scaling-appendix.pdf","raw","3451082","6c51e94c94ec9e5ffab70412c8d90a62bc989feb85c741ec4bc18f6d8fdfa5ff","publisher file","Citation.bib","no","Ehnes, Rall & Brose (2011) Ecology Letters 14:993-1000, supplementary appendix","https://doi.org/10.1111/j.1461-0248.2011.01660.x","Wiley supplementary PDF; copyright with the publisher; the parsed csv is a transcription"
"databases/Ehnes_etal_2011","Ehnes_etal_2011","sources/databases/Ehnes_etal_2011/parse_ehnes_appendix.py","code","2078","eecea005f8e9d44871210dd87e1ee24b83c8f713f3083bd8e2a95fe4e00857fe","repository (CC BY 4.0)","repository LICENSE","yes","","",""
"databases/Eklof_etal_2017","Eklof_etal_2017","sources/databases/Eklof_etal_2017/BodyMass_Eklof_etal_2017.r","code","2949","0e62be2a6c300f4c64db63be2b920cd7bc265636eee41833e14f7150725fab96","repository (CC BY 4.0)","repository LICENSE","yes","","",""
"databases/Eklof_etal_2017","Eklof_etal_2017","sources/databases/Eklof_etal_2017/Citation.bib","doc","703","4d8cd745abee470250d888394278e2acad8a62522e30cb5e548acefced388c16","repository (CC BY 4.0)","repository LICENSE","yes","","",""
"databases/Eklof_etal_2017","Eklof_etal_2017","sources/databases/Eklof_etal_2017/Eklof_etal_2017.csv","parsed","17935","0bf1827fff528bab0a2fa26392fd342cf1b3c1e0ec755d13b646a3b57c2fce91","transcription (facts)","README","yes","Eklof et al. (2017) PeerJ 5:e2906, supplemental data set","https://doi.org/10.7717/peerj.2906","csv export of the supplemental workbook"
"databases/Eklof_etal_2017","Eklof_etal_2017","sources/databases/Eklof_etal_2017/Eklof_etal_2017.xlsx","raw","56242","dee4af037799fac95c92d96014da25767b0c80d912ab6b6c75d8ef870613a49e","unknown; owner to check","not on disk","unknown","Eklof et al. (2017) PeerJ 5:e2906, supplemental data set","https://doi.org/10.7717/peerj.2906","the 2026-10-02 audit read CC BY 4.0 (PeerJ); not restated in the files"
"databases/Eklof_etal_2017","Eklof_etal_2017","sources/databases/Eklof_etal_2017/README.md","doc","3526","5edb58dfba210d161e2c0e1e045466cbadae9f107f20ab4228fe61a1232fbf61","repository (CC BY 4.0)","repository LICENSE","yes","","",""
"databases/Faurby_etal_2018","Faurby_etal_2018","sources/databases/Faurby_etal_2018/BodyMass_Faurby_etal_2018.r","code","1664","c46de3b4fac001807d43ecb2066c3045558838b0e756c487e14dbc4feda00397","repository (CC BY 4.0)","repository LICENSE","yes","","",""
"databases/Faurby_etal_2018","Faurby_etal_2018","sources/databases/Faurby_etal_2018/Citation.bib","doc","2842","10ccc975c82a2c8760e1cee3c6e4ba9ea97429be487914870695e9e921ef1798","repository (CC BY 4.0)","repository LICENSE","yes","","",""
"databases/Faurby_etal_2018","Faurby_etal_2018","sources/databases/Faurby_etal_2018/README.md","doc","1616","f6c9f5c84d16fe30a484d4e5c5a8dfb1d29b7f2d123cba06625ac465d1d5205f","repository (CC BY 4.0)","repository LICENSE","yes","","",""
"databases/Faurby_etal_2018","Faurby_etal_2018","sources/databases/Faurby_etal_2018/Trait_data.csv","raw","2697707","83b09f4db0b75f219649f076a0b614155eea79b1c4f0fa78af3788db78209d3b","unknown; owner to check","not on disk","unknown","PHYLACINE 1.2 (Faurby et al. 2018, Ecology 99:2626), github.com/MegaPast2Future/PHYLACINE_1.2","https://github.com/MegaPast2Future/PHYLACINE_1.2","the 2026-10-02 audit found a CC0 footer in the repository README and no LICENSE file"
"databases/Feldman_etal_2016","Feldman_etal_2016","sources/databases/Feldman_etal_2016/Appendix S1 - Lepidosaur body sizes.csv","raw","1202982","4c438c5310474dc490bfefb7d55a9bf7928faf12459ee4e12973e086808e10b1","publisher file","README","no","Feldman et al. (2016) Global Ecology and Biogeography 25:187-197, Appendices S1-S5","https://doi.org/10.1111/geb.12398","Wiley Supporting Information; no public deposit found (2026-10-02); copyright with the publisher; 9,474 species depend on Appendix S1"
"databases/Feldman_etal_2016","Feldman_etal_2016","sources/databases/Feldman_etal_2016/Appendix S1 - Lepidosaur body sizes.xlsx","raw","1001318","41701aaa72cbd6ced2ee0063ed904e8447a67a254d186e165c9bc21e84a669e8","publisher file","README","no","Feldman et al. (2016) Global Ecology and Biogeography 25:187-197, Appendices S1-S5","https://doi.org/10.1111/geb.12398","Wiley Supporting Information; no public deposit found (2026-10-02); copyright with the publisher; 9,474 species depend on Appendix S1"
"databases/Feldman_etal_2016","Feldman_etal_2016","sources/databases/Feldman_etal_2016/Appendix S2 - length-mass conversion equations.docx","raw","486925","b1d15b6d55b5be463756dbb21062a6f927a37e509bfd2f8c049221e89db50558","publisher file","README","no","Feldman et al. (2016) Global Ecology and Biogeography 25:187-197, Appendices S1-S5","https://doi.org/10.1111/geb.12398","Wiley Supporting Information; no public deposit found (2026-10-02); copyright with the publisher; 9,474 species depend on Appendix S1"
"databases/Feldman_etal_2016","Feldman_etal_2016","sources/databases/Feldman_etal_2016/Appendix S3.docx","raw","28377","e40e2fb726c015c6f0c394e283c1c68dfff3aafa89eb22ff1a1e0541512e1387","publisher file","README","no","Feldman et al. (2016) Global Ecology and Biogeography 25:187-197, Appendices S1-S5","https://doi.org/10.1111/geb.12398","Wiley Supporting Information; no public deposit found (2026-10-02); copyright with the publisher; 9,474 species depend on Appendix S1"
"databases/Feldman_etal_2016","Feldman_etal_2016","sources/databases/Feldman_etal_2016/Appendix S4 - MacroCAIC.docx","raw","23941","27ba34d6fc59c6360e4765a03e8b74117e309dd60e6f3f79546a159e3aa7152a","publisher file","README","no","Feldman et al. (2016) Global Ecology and Biogeography 25:187-197, Appendices S1-S5","https://doi.org/10.1111/geb.12398","Wiley Supporting Information; no public deposit found (2026-10-02); copyright with the publisher; 9,474 species depend on Appendix S1"
"databases/Feldman_etal_2016","Feldman_etal_2016","sources/databases/Feldman_etal_2016/Appendix S5 - Size-frequency distributions of amphisbaenians, lizards and snakes.docx","raw","61041","494edf4c567c0e5d20ec40f9857d92574831117c64e29a77c9e49faaaf11eae8","publisher file","README","no","Feldman et al. (2016) Global Ecology and Biogeography 25:187-197, Appendices S1-S5","https://doi.org/10.1111/geb.12398","Wiley Supporting Information; no public deposit found (2026-10-02); copyright with the publisher; 9,474 species depend on Appendix S1"
"databases/Feldman_etal_2016","Feldman_etal_2016","sources/databases/Feldman_etal_2016/BodyMass_Feldman_etal_2016.r","code","772","6b5c7898196daacf2b5089fcdb0467f956444f58d0881ceed303f1d5b4ddac8d","repository (CC BY 4.0)","repository LICENSE","yes","","",""
"databases/Feldman_etal_2016","Feldman_etal_2016","sources/databases/Feldman_etal_2016/Citation.bib","doc","669","fcded43a571ed9abe1fb1371b1618ff740cc98a9f70f819a109e09e4d0e9b323","repository (CC BY 4.0)","repository LICENSE","yes","","",""
"databases/Feldman_etal_2016","Feldman_etal_2016","sources/databases/Feldman_etal_2016/README.md","doc","1349","49b557e865e1792e5415438af685a27fc5dc657f6e11fb8b3694f0b8f07a5fe5","repository (CC BY 4.0)","repository LICENSE","yes","","",""
"databases/Fishbase","fishbase","sources/databases/Fishbase/BodyMass_Fishbase.r","code","450","c738f6be7bc8720babf0d5c83b1a6ecfdc9f589493328ab6abd16a655fcdcac0","repository (CC BY 4.0)","repository LICENSE","yes","","",""
"databases/Fishbase","fishbase","sources/databases/Fishbase/Citation.bib","doc","410","3acc05d00372f15d70216a735c56a7a4f4f8fd2df2c8e3b51918b2a42009eda3","repository (CC BY 4.0)","repository LICENSE","yes","","",""
"databases/Fishbase","fishbase","sources/databases/Fishbase/README.md","doc","1145","d5bd73fa3fbf3f91126366b9105376484305fd092cf2f50ecde529ef052436a5","repository (CC BY 4.0)","repository LICENSE","yes","","",""
"databases/Fisher_2001","Fisher_2001","sources/databases/Fisher_2001/BodyMass_Fisher_2001.r","code","844","e37ab6b69f9ce4150378e6be41972a3a554cc304a087563b31e55a4996ff1da6","repository (CC BY 4.0)","repository LICENSE","yes","","",""
"databases/Fisher_2001","Fisher_2001","sources/databases/Fisher_2001/Citation.bib","doc","2742","21c33009c67135d323c7b15a47f19483dc971e014bfc2a207bb47f464239db94","repository (CC BY 4.0)","repository LICENSE","yes","","",""
"databases/Fisher_2001","Fisher_2001","sources/databases/Fisher_2001/README.md","doc","1007","86898ac62d2d71a5a2fea8a06030be3f8b8b6de8a01f1e039d4d9e9988abba3b","repository (CC BY 4.0)","repository LICENSE","yes","","",""
"databases/Fisher_2001","Fisher_2001","sources/databases/Fisher_2001/appendixA.csv","parsed","70082","13d9b9f3143c9586d2101a9a96308498166c9a9916cc2d1c6316a0c087928e90","transcription (facts)","README","yes","Fisher, Owens & Johnson (2001) Ecology 82:3531-3540, Appendix A; values transcribed","https://doi.org/10.1890/0012-9658(2001)082[3531:TEBOLH]2.0.CO;2","our transcription/parse of the source table (facts)"
"databases/Fisher_2001","Fisher_2001","sources/databases/Fisher_2001/appendixA_references.bib","parsed","161684","676f85e47e5ef8577da5ccd6cc8b46cc4bdfd4ff2731d3c1433657273d749d12","transcription (facts)","README","yes","Fisher, Owens & Johnson (2001) Ecology 82:3531-3540, Appendix A; values transcribed","https://doi.org/10.1890/0012-9658(2001)082[3531:TEBOLH]2.0.CO;2","our transcription/parse of the source table (facts)"
"databases/GalanAcedo_etal_2026","GalanAcedo_etal_2026","sources/databases/GalanAcedo_etal_2026/BodyMass.csv","raw","63262","c288ae427a52b25e4ee10b51c583ed5f1fda743cea19204dac9cfea54a99be0f","unknown; owner to check","not on disk","unknown","Galan-Acedo et al. (2019) Ecological traits of the world's primates. Scientific Data 6:55; data: Zenodo 10.5281/zenodo.2600338","https://doi.org/10.5281/zenodo.2600338","the 2026-10-02 audit read CC BY 4.0 on the Zenodo record; the folder year (2026) and the bib (2019) disagree (side issue)"
"databases/GalanAcedo_etal_2026","GalanAcedo_etal_2026","sources/databases/GalanAcedo_etal_2026/BodyMass_GalanAcedo_etal_2026.r","code","773","ef07d7e52f0e3d966b91fce15f61cf0d87dbe5f68817fcca66275d3ce8f43a1d","repository (CC BY 4.0)","repository LICENSE","yes","","",""
"databases/GalanAcedo_etal_2026","GalanAcedo_etal_2026","sources/databases/GalanAcedo_etal_2026/Citation.bib","doc","1898","beed2ac31aa02d1fb0a9f21d6c050e6fee848fe9e49f833629064fd05d665748","repository (CC BY 4.0)","repository LICENSE","yes","","",""
"databases/GalanAcedo_etal_2026","GalanAcedo_etal_2026","sources/databases/GalanAcedo_etal_2026/README.md","doc","1015","466336aef1364c1db71fde4c138d148f4f62f35616979eca46522c302fcebda8","repository (CC BY 4.0)","repository LICENSE","yes","","",""
"databases/Ghaderi_2026","Ghaderi_2026","sources/databases/Ghaderi_2026/1-s2.0-S0929139325007437-mmc1.xlsx","raw","847582","4a3e7a6107013ebe7ab704ca2bc43b0d217928958d87fae015a0173ea0cb4945","CC BY 4.0","README","yes","Ghaderi, Nielsen & He (2026) Applied Soil Ecology 217:106605, supplementary workbook mmc1; CC BY 4.0","https://doi.org/10.1016/j.apsoil.2025.106605","confirmed by the owner 2026-10-05"
"databases/Ghaderi_2026","Ghaderi_2026","sources/databases/Ghaderi_2026/BodyMass_Ghaderi_2026.r","code","4030","e9a2bb4cf8b14db38233c8028757037ec5016c7cb7efcb6552ce15f34d56c453","repository (CC BY 4.0)","repository LICENSE","yes","","",""
"databases/Ghaderi_2026","Ghaderi_2026","sources/databases/Ghaderi_2026/Citation.bib","doc","1018","c16ae600e96b1940acee36e5a8cf14a8e5f0e8ea695f819b33479e72b6a365fe","repository (CC BY 4.0)","repository LICENSE","yes","","",""
"databases/Ghaderi_2026","Ghaderi_2026","sources/databases/Ghaderi_2026/README.md","doc","9541","01460560e9ffa03d070416243881f64e7a437e304bd19ad08d5afe194fe34e6c","repository (CC BY 4.0)","repository LICENSE","yes","","",""
"databases/Gillooly_etal_2016","Gillooly_etal_2016","sources/databases/Gillooly_etal_2016/BodyMass_Gillooly_etal_2016.r","code","371","abae39dae90d3d70faab3430e449227a0790b7596ba1fe73b14f4cd191a9a377","repository (CC BY 4.0)","repository LICENSE","yes","","",""
"databases/Gillooly_etal_2016","Gillooly_etal_2016","sources/databases/Gillooly_etal_2016/Citation.bib","doc","697","8946883d79215bc1e8dc5e3c77d2a9b94b2681c152e8a96c69375b9b14d0f824","repository (CC BY 4.0)","repository LICENSE","yes","","",""
"databases/Gillooly_etal_2016","Gillooly_etal_2016","sources/databases/Gillooly_etal_2016/Gillooly_etal_2016.csv","parsed","5224","8a592e6a27ec85ec5c0db479ae6a26fe019e4fafe91425af96367c2f58067525","transcription (facts)","README","yes","Gillooly et al. (2016) PNAS 113:5340-5345","https://doi.org/10.1073/pnas.1519617113","our transcription/parse of the source table (facts)"
"databases/Gillooly_etal_2016","Gillooly_etal_2016","sources/databases/Gillooly_etal_2016/Gillooly_etal_2016.pdf","raw","1359273","18a33fb6f22a5720ba65aa8782f7a6e63045a1d30546e669d9e10e27340d6ffe","publisher file","README","no","Gillooly et al. (2016) PNAS 113:5340-5345","https://doi.org/10.1073/pnas.1519617113","article PDF (PNAS); copyright with the publisher; the csv is our transcription"
"databases/Gillooly_etal_2016","Gillooly_etal_2016","sources/databases/Gillooly_etal_2016/README.md","doc","1078","19dc5881aba0b753b9597adb2ecd755518cca265fbe7823769ed2dbe36bfd46d","repository (CC BY 4.0)","repository LICENSE","yes","","",""
"databases/Gonzalez_2025","Gonzalez_2025","sources/databases/Gonzalez_2025/BodyMass_Gonzalez_2025.r","code","9786","8cf81cefc1e8a19831acf7e0e0aaa1a4d76b71110b6e13161b898a12ea9cc9f1","repository (CC BY 4.0)","repository LICENSE","yes","","",""
"databases/Gonzalez_2025","Gonzalez_2025","sources/databases/Gonzalez_2025/Citation.bib","doc","2868","9c29d6026f1d6579dfd0eaff5d55a18c49c1da195261f32176e7d0d7d6e4c05b","repository (CC BY 4.0)","repository LICENSE","yes","","",""
"databases/Gonzalez_2025","Gonzalez_2025","sources/databases/Gonzalez_2025/README.md","doc","17936","3fc6bd1a95af2c5b9e0634e7037b2822877912d92ca89fee0056095eb3828368","repository (CC BY 4.0)","repository LICENSE","yes","","",""
"databases/Gonzalez_2025","Gonzalez_2025","sources/databases/Gonzalez_2025/README_dryad.md","raw","5049","9ec7ddabdeca4ac38a923e211c9511966c22cda912aed90c910a47898d25b41e","CC0 1.0","README","yes","StoichLife (Gonzalez et al. 2025, Scientific Data 12:569), Dryad 10.5061/dryad.3tx95x6r2; CC0 1.0","https://doi.org/10.5061/dryad.3tx95x6r2","CC0 per the Dryad record (README)"
"databases/Gonzalez_2025","Gonzalez_2025","sources/databases/Gonzalez_2025/build_references.r","code","6026","67f4d44b49f2f8b49af4e9db0833c165174385f5f413b334fde86462c53c4040","repository (CC BY 4.0)","repository LICENSE","yes","","",""
"databases/Gonzalez_2025","Gonzalez_2025","sources/databases/Gonzalez_2025/datapaper_2025_02_11_data.csv","raw","10457420","88714c2e786d8cb8260fcee09895144ce4cf4a99fb991d57db772e655ee0a7a8","CC0 1.0","README","yes","StoichLife (Gonzalez et al. 2025, Scientific Data 12:569), Dryad 10.5061/dryad.3tx95x6r2; CC0 1.0","https://doi.org/10.5061/dryad.3tx95x6r2","CC0 per the Dryad record (README)"
"databases/Gonzalez_2025","Gonzalez_2025","sources/databases/Gonzalez_2025/datapaper_2025_02_11_metadata.csv","raw","3794","a8fbe87f0603d710b3a97971d99d1dd64497a44a3677a25ec30f58dd41ce87a7","CC0 1.0","README","yes","StoichLife (Gonzalez et al. 2025, Scientific Data 12:569), Dryad 10.5061/dryad.3tx95x6r2; CC0 1.0","https://doi.org/10.5061/dryad.3tx95x6r2","CC0 per the Dryad record (README)"
"databases/Gonzalez_2025","Gonzalez_2025","sources/databases/Gonzalez_2025/datapaper_2025_02_11_references.csv","raw","18567","01a5b99a78aa5a5f5ae13bc70fed6872cccd81ffdeb9a840be1b6c8c3940f407","CC0 1.0","README","yes","StoichLife (Gonzalez et al. 2025, Scientific Data 12:569), Dryad 10.5061/dryad.3tx95x6r2; CC0 1.0","https://doi.org/10.5061/dryad.3tx95x6r2","CC0 per the Dryad record (README)"
"databases/Gonzalez_2025","Gonzalez_2025","sources/databases/Gonzalez_2025/primary_references.csv","derived","30761","0bd4e23a4455117cb14acecf17e499a62e38436d36cbdf8539803c91653cd92b","repository (CC BY 4.0)","repository LICENSE","yes","","","our own working table (repository licence)"
"databases/Gonzalez_2025","Gonzalez_2025","sources/databases/Gonzalez_2025/references.csv","derived","30528","4327a20babdd2c9b7566261b6a156487a04ee91a646cca9b344bbf71cb59bda7","repository (CC BY 4.0)","repository LICENSE","yes","","","our own working table (repository licence)"
"databases/GuoBailly_2024","GuoBailly_2024","sources/databases/GuoBailly_2024/BodyMass_GuoBailly_2024.r","code","958","fc990833e028af82cc8658c374473164f2cf48b864d4ebafb526e01b8e6cf44b","repository (CC BY 4.0)","repository LICENSE","yes","","",""
"databases/GuoBailly_2024","GuoBailly_2024","sources/databases/GuoBailly_2024/Citation.bib","doc","1318","2956b47b9db117e2aab28b6a2d2a81e528e53a3a524aa19b0d51707d495b6e38","repository (CC BY 4.0)","repository LICENSE","yes","","",""
"databases/GuoBailly_2024","GuoBailly_2024","sources/databases/GuoBailly_2024/GuoBailly_2024_AppendixTable1.csv","parsed","14842","9f5e88786df99b4c5a56770e1233d98771eadd9a360de53616b7643a5569fc3f","transcription (facts)","README","yes","Guo & Bailly (2024) in Pauly & Ruiz-Leotaud (eds), Fisheries Centre Research Reports; Appendix Table 1 transcribed","","our transcription/parse of the source table (facts)"
"databases/GuoBailly_2024","GuoBailly_2024","sources/databases/GuoBailly_2024/README.md","doc","4251","a225bee212aa09d80eb7e816cdfbee54268083fb8c468b77e2cc1594a6cc8bc2","repository (CC BY 4.0)","repository LICENSE","yes","","",""
"databases/Hebert_etal_2016","Hebert_etal_2016","sources/databases/Hebert_etal_2016/BodyMass_Hebert_etal_2016.r","code","2591","51a6915b2296cdc73316a6e91946abfbf2539a76a92720bb104dfdeb97ddddd9","repository (CC BY 4.0)","repository LICENSE","yes","","",""
"databases/Hebert_etal_2016","Hebert_etal_2016","sources/databases/Hebert_etal_2016/Citation.bib","doc","544","6c6d9f7ba6ed6ffa08390460d5502b60a8c3ef50c21195cab97f0e24beca0074","repository (CC BY 4.0)","repository LICENSE","yes","","",""
"databases/Hebert_etal_2016","Hebert_etal_2016","sources/databases/Hebert_etal_2016/README.md","doc","4260","6c1d5e8e6ea6f8e988c23a606bf9852f9bb92dfa3187d6c7037cc3173ec219c3","repository (CC BY 4.0)","repository LICENSE","yes","","",""
"databases/Hebert_etal_2016","Hebert_etal_2016","sources/databases/Hebert_etal_2016/ecy1337-sup-0001-metadatas1.docx","raw","123014","13a4307c74e3c68f55e47beee6f8a24adf91011088928660090db432cb275e83","no copyright restrictions (Ecological Archives)","in-file","yes","Hebert, Beisner & Maranger (2016) Ecology 97:1081, data paper supplement","https://doi.org/10.1890/15-1275.1","metadata docx: ""Copyright and proprietary restrictions: none."""
"databases/Hebert_etal_2016","Hebert_etal_2016","sources/databases/Hebert_etal_2016/primary_references.csv","derived","32500","b869d040638e6a169803d832ad78fd479bb4fa4de9af21db5f262014345f1bd6","repository (CC BY 4.0)","repository LICENSE","yes","","","our own working table (repository licence)"
"databases/Hebert_etal_2016","Hebert_etal_2016","sources/databases/Hebert_etal_2016/references.csv","raw","35493","01c6b1d920ed6a869250fa586a2545575e4dd64c648a828de73ae60ba6776c9d","no copyright restrictions (Ecological Archives)","in-file","yes","Hebert, Beisner & Maranger (2016) Ecology 97:1081, data paper supplement","https://doi.org/10.1890/15-1275.1","metadata docx: ""Copyright and proprietary restrictions: none."""
"databases/Hebert_etal_2016","Hebert_etal_2016","sources/databases/Hebert_etal_2016/zooplankton_traits.csv","raw","356533","c2a00536210b3d2b712672e1fa44e75a485cd803a812559d7197baba06aa950b","no copyright restrictions (Ecological Archives)","in-file","yes","Hebert, Beisner & Maranger (2016) Ecology 97:1081, data paper supplement","https://doi.org/10.1890/15-1275.1","metadata docx: ""Copyright and proprietary restrictions: none."""
"databases/Hechinger_etal_2011","Hechinger_etal_2011","sources/databases/Hechinger_etal_2011/BodyMass_Hechinger_etal_2011.r","code","1979","ce8e291cdf3b3250d29b8835efb1644c32425b5ead4b1c2e5188db3c55b17936","repository (CC BY 4.0)","repository LICENSE","yes","","",""
"databases/Hechinger_etal_2011","Hechinger_etal_2011","sources/databases/Hechinger_etal_2011/Citation.bib","doc","861","2c83111b4e816141d5011f31f76b078d2953ee549d3b5b8cd3820be4adc7771e","repository (CC BY 4.0)","repository LICENSE","yes","","",""
"databases/Hechinger_etal_2011","Hechinger_etal_2011","sources/databases/Hechinger_etal_2011/Metaweb_Nodes.txt","raw","673546","0596cf2e13c3e010b0d4403628644120b7f70372f49caada5d8555c39710d8ed","non-commercial (author statement)","in-file","non-commercial","Hechinger et al. (2011) Ecology 92:791, Ecological Archives E092-066","https://doi.org/10.1890/10-1383.1","metadata.htm: ""freely available for non-commercial scientific use, given the appropriate scholarly citation""; disclosed as a non-commercial carve-out"
"databases/Hechinger_etal_2011","Hechinger_etal_2011","sources/databases/Hechinger_etal_2011/README.md","doc","1467","8344859dee722d34a7bf243496cdbe47b74ca8f967b6ad3b170dc5c295d10a0d","repository (CC BY 4.0)","repository LICENSE","yes","","",""
"databases/Hechinger_etal_2011","Hechinger_etal_2011","sources/databases/Hechinger_etal_2011/metadata.htm","raw","58107","cfe01fc223bd7359f3b615a1c4a957b5cafb797cc3ca94f3a46579b2efc97cd5","non-commercial (author statement)","in-file","non-commercial","Hechinger et al. (2011) Ecology 92:791, Ecological Archives E092-066","https://doi.org/10.1890/10-1383.1","metadata.htm: ""freely available for non-commercial scientific use, given the appropriate scholarly citation""; disclosed as a non-commercial carve-out"
"databases/Herberstein_etal_2022","Herberstein_etal_2022","sources/databases/Herberstein_etal_2022/BodyMass_Herberstein_etal_2022.r","code","2055","bff74b9a5323299edc59e345e1601cad45f6c3d43199a70f57d200e39a7a2634","repository (CC BY 4.0)","repository LICENSE","yes","","",""
"databases/Herberstein_etal_2022","Herberstein_etal_2022","sources/databases/Herberstein_etal_2022/Citation.bib","doc","1039","ed6dcc45f087003c010dcdd5585f27ad486cf8a2b2b2199b22d38dfb7ebaaed5","repository (CC BY 4.0)","repository LICENSE","yes","","",""
"databases/Herberstein_etal_2022","Herberstein_etal_2022","sources/databases/Herberstein_etal_2022/README.md","doc","3958","41bc4ae905f42820d77d4676505d51614f51606618bb6617fd8553a6715bebb8","repository (CC BY 4.0)","repository LICENSE","yes","","",""
"databases/Herberstein_etal_2022","Herberstein_etal_2022","sources/databases/Herberstein_etal_2022/column-documentation.csv","raw","4082","90053032e80fa5505fa7771b2eed3d777f0e6850bb4452654ad3823b0bae4bbd","CC0 1.0","README","yes","AnimalTraits (Herberstein et al. 2022, Scientific Data 9:265), Zenodo 10.5281/zenodo.6468938; CC0","https://doi.org/10.5281/zenodo.6468938",""
"databases/Herberstein_etal_2022","Herberstein_etal_2022","sources/databases/Herberstein_etal_2022/observations.csv","raw","1644415","151a77e6e9d6c27878e7c94321b3d686b81088d4845c0a510fcdb0d3a45fb44d","CC0 1.0","README","yes","AnimalTraits (Herberstein et al. 2022, Scientific Data 9:265), Zenodo 10.5281/zenodo.6468938; CC0","https://doi.org/10.5281/zenodo.6468938",""
"databases/Herberstein_etal_2022","Herberstein_etal_2022","sources/databases/Herberstein_etal_2022/primary_references.csv","derived","137472","9cd760648f5e612a72b5679b6546c50ed855ec5a4364054dfb9987db3b08f4d0","repository (CC BY 4.0)","repository LICENSE","yes","","","our own working table (repository licence)"
"databases/Hirt_etal_2017","Hirt_etal_2017","sources/databases/Hirt_etal_2017/41559_2017_241_MOESM1_ESM.pdf","raw","664125","18ad2a886ab56880895e82151a6347ce3076d6549829b4a0e834a24d9552329c","publisher file","README","no","Hirt et al. (2017) Nature Ecology & Evolution 1:1116-1122, Supplementary Information","https://doi.org/10.1038/s41559-017-0241-4","Springer Nature supplementary PDF; copyright with the publisher; the csv is our transcription"
"databases/Hirt_etal_2017","Hirt_etal_2017","sources/databases/Hirt_etal_2017/BodyMass_Hirt_etal_2017.r","code","362","49237c8cccd3cb84a771c49e27a9dbd21459454268e7149fb426bb8926074f57","repository (CC BY 4.0)","repository LICENSE","yes","","",""
"databases/Hirt_etal_2017","Hirt_etal_2017","sources/databases/Hirt_etal_2017/Citation.bib","doc","647","3bd276f7c9ebd579b94c8c8355a3cb5148366dfdc72d504ad117d889a1543881","repository (CC BY 4.0)","repository LICENSE","yes","","",""
"databases/Hirt_etal_2017","Hirt_etal_2017","sources/databases/Hirt_etal_2017/Hirt_etal_2017.csv","parsed","45962","66c3f9ef45d25c634321cfbbb0414b681aec96459ca30a6a087ae60bd27abc58","transcription (facts)","README","yes","Hirt et al. (2017) Nature Ecology & Evolution 1:1116-1122, Supplementary Information","https://doi.org/10.1038/s41559-017-0241-4","our transcription/parse of the source table (facts)"
"databases/Hirt_etal_2017","Hirt_etal_2017","sources/databases/Hirt_etal_2017/README.md","doc","1100","0b7eb8d1b6c896c85736fffaa1046f93a092205b3a19c1b87b1fc5413d82a926","repository (CC BY 4.0)","repository LICENSE","yes","","",""
"databases/Hishi_etal_2019","Hishi_etal_2019","sources/databases/Hishi_etal_2019/BodyMass_Hishi_etal_2019.r","code","1626","ded9624cd0e32e09deea345e0c18a4961ff97347274ca0b1367b9dfc35027d89","repository (CC BY 4.0)","repository LICENSE","yes","","",""
"databases/Hishi_etal_2019","Hishi_etal_2019","sources/databases/Hishi_etal_2019/Citation.bib","doc","657","ff139024a98e62e60940cbec6f69c4c6dea9996bfe5ed1f107d569c0580b709f","repository (CC BY 4.0)","repository LICENSE","yes","","",""
"databases/Hishi_etal_2019","Hishi_etal_2019","sources/databases/Hishi_etal_2019/ERDP_2019_03_1_2.xml","raw","30250","8ecf4eaae064bf0751c296f12ae50e647cb100d5e4813a0230d7b7875cc01a56","CC BY 4.0","in-file","yes","Hishi et al. (2019) Ecological Research 34:8; JaLTER ERDP-2019-03; CC BY 4.0","https://doi.org/10.1111/1440-1703.12022","EML intellectualRights: CC BY 4.0"
"databases/Hishi_etal_2019","Hishi_etal_2019","sources/databases/Hishi_etal_2019/ERDP_2019_03_2_1_A_sptaxon.csv","raw","59334","c09fc24160355b8afac6bcefd8f2068a5ee9ad1b2f957d8275af09eceba7c67e","CC BY 4.0","in-file","yes","Hishi et al. (2019) Ecological Research 34:8; JaLTER ERDP-2019-03; CC BY 4.0","https://doi.org/10.1111/1440-1703.12022","EML intellectualRights: CC BY 4.0"
"databases/Hishi_etal_2019","Hishi_etal_2019","sources/databases/Hishi_etal_2019/ERDP_2019_03_5_1_D_trait.csv","raw","38114","7a8fe202d76f857c33f1ec477dc4e9c2895a82824c712ce2202b14c054e713bc","CC BY 4.0","in-file","yes","Hishi et al. (2019) Ecological Research 34:8; JaLTER ERDP-2019-03; CC BY 4.0","https://doi.org/10.1111/1440-1703.12022","EML intellectualRights: CC BY 4.0"
"databases/Hishi_etal_2019","Hishi_etal_2019","sources/databases/Hishi_etal_2019/README.md","doc","1397","4472323e279fc4024b66d3bdd912f2a63138d27e325184522b017a26ec524d39","repository (CC BY 4.0)","repository LICENSE","yes","","",""
"databases/Hishi_etal_2019","Hishi_etal_2019","sources/databases/Hishi_etal_2019/Taxonomy_Distribution_and_Trait_Data_Sets_of.xml","raw","10198","00b7e0412090e86aec370f873d72ac5252e338f9547c6b42ee865e9b46072204","CC BY 4.0","in-file","yes","Hishi et al. (2019) Ecological Research 34:8; JaLTER ERDP-2019-03; CC BY 4.0","https://doi.org/10.1111/1440-1703.12022","EML intellectualRights: CC BY 4.0"
"databases/Hoehler_etal_2023","Hoehler_etal_2023","sources/databases/Hoehler_etal_2023/BodyMass_Hoehler_etal_2023.r","code","3814","83d39a0814ad868f29cc78a2279bb8c2f923cdeaab223b05c0302da87be9e78b","repository (CC BY 4.0)","repository LICENSE","yes","","",""
"databases/Hoehler_etal_2023","Hoehler_etal_2023","sources/databases/Hoehler_etal_2023/Citation.bib","doc","705","d6f1448aa097b210f599057ee4c363e0a157a928c4c05616232870ef9d73f26f","repository (CC BY 4.0)","repository LICENSE","yes","","",""
"databases/Hoehler_etal_2023","Hoehler_etal_2023","sources/databases/Hoehler_etal_2023/README.md","doc","7028","06ad8c5025dd9e80587e204d6ca853495597358a34c5a4537df1f8a601a0e024","repository (CC BY 4.0)","repository LICENSE","yes","","",""
"databases/Hoehler_etal_2023","Hoehler_etal_2023","sources/databases/Hoehler_etal_2023/pnas.2303764120.sapp.pdf","raw","1638478","d83524ce67e7e75553bc366e7bbc29a361231d2a47a408c39539d4f999e8b940","publisher file","owner decision 2026-10-06","no","Hoehler et al. (2023) PNAS 120:e2303764120, Dataset S01; CC BY-NC-ND 4.0","https://doi.org/10.1073/pnas.2303764120","PNAS SI appendix PDF; copyright with the publisher"
"databases/Hoehler_etal_2023","Hoehler_etal_2023","sources/databases/Hoehler_etal_2023/pnas.2303764120.sd01.xlsx","raw","1805074","6e6c93a02477aa421971cf9f0d153b50531ceb2b1680af2a4f9e31662a525897","CC BY-NC-ND 4.0","owner decision 2026-10-06","non-commercial","Hoehler et al. (2023) PNAS 120:e2303764120, Dataset S01; CC BY-NC-ND 4.0","https://doi.org/10.1073/pnas.2303764120","PNAS open-access licence line (2026-10-02 audit, not on disk); the SI appendix PDF is a publisher file; disclosed as a non-commercial carve-out"
"databases/Hoehler_etal_2023","Hoehler_etal_2023","sources/databases/Hoehler_etal_2023/primary_references.csv","derived","11718","06097f661e46a7614b0cd21881860adfa1f4d430e5a0dfa23131cb1dbab0b6db","repository (CC BY 4.0)","repository LICENSE","yes","","","our own working table (repository licence)"
"databases/Hoehler_etal_2023","Hoehler_etal_2023","sources/databases/Hoehler_etal_2023/references.csv","derived","4358","ff337d66001eed9199e1f61d7d2e960f0271ea3c5c06bc2d9752a8834a209177","repository (CC BY 4.0)","repository LICENSE","yes","","","our own working table (repository licence)"
"databases/Hrycik_2024","Hrycik_2024","sources/databases/Hrycik_2024/BodyMass_Hrycik_2024.r","code","950","e97e71635263babcc8482393b8eb780e4c3d7e69023361d5d7a50008c429d9b2","repository (CC BY 4.0)","repository LICENSE","yes","","",""
"databases/Hrycik_2024","Hrycik_2024","sources/databases/Hrycik_2024/Citation.bib","doc","618","b95cc0c808f443898eb4f6d67ee791e74e4f3e7fbf8f9822a7a60691d844840a","repository (CC BY 4.0)","repository LICENSE","yes","","",""
"databases/Hrycik_2024","Hrycik_2024","sources/databases/Hrycik_2024/IndividualWeights_AllData.csv","raw","17835","015bc4f87bc58a99e05a385639436eaf7281969dd143936f8009aa79e0d302d7","unknown; owner to check","not on disk","unknown","Hrycik et al., Individual weight estimates for Great Lakes benthic invertebrates, Dryad 10.5061/dryad.tx95x6b42","https://doi.org/10.5061/dryad.tx95x6b42","the folder README is the Dryad README and states no licence; Dryad deposits are CC0 by repository policy"
"databases/Hrycik_2024","Hrycik_2024","sources/databases/Hrycik_2024/README.md","doc","5879","52612039afafdf62596b9b93d50bbe1eaf680d2493de5f74da8bce016b30ff67","repository (CC BY 4.0)","repository LICENSE","yes","","",""
"databases/Hrycik_2024","Hrycik_2024","sources/databases/Hrycik_2024/SpeciesList.csv","raw","4448","51a98710a24fbb5d96872b6217b5d62015bfd7090d9021797e5f371bb5d00550","unknown; owner to check","not on disk","unknown","Hrycik et al., Individual weight estimates for Great Lakes benthic invertebrates, Dryad 10.5061/dryad.tx95x6b42","https://doi.org/10.5061/dryad.tx95x6b42","the folder README is the Dryad README and states no licence; Dryad deposits are CC0 by repository policy"
"databases/Hudson_2013","Hudson_2013","sources/databases/Hudson_2013/BodyMass_Hudson_2013.r","code","2690","19d64a00ad6f635907ab0d91aed29d9b56927e063aa224a3d90fdcdec6e04cff","repository (CC BY 4.0)","repository LICENSE","yes","","",""
"databases/Hudson_2013","Hudson_2013","sources/databases/Hudson_2013/Citation.bib","doc","1107","59bdd55c88276eaadabf60b4efbd26132d1eefbd8b1aab381b969f51e70d675a","repository (CC BY 4.0)","repository LICENSE","yes","","",""
"databases/Hudson_2013","Hudson_2013","sources/databases/Hudson_2013/README.md","doc","9542","7563b20534e65ebaaa9cf3de4ff5b753386ba0199f58a7dbc8fe1ee9e9fc32dd","repository (CC BY 4.0)","repository LICENSE","yes","","",""
"databases/Hudson_2013","Hudson_2013","sources/databases/Hudson_2013/jane12086-sup-0003-AppendixS5.csv","raw","141646","977174ade7ddfea6f29cd362df79c05d8088ebf2da71346bef1b1cb18aef2875","unknown; owner to check","README (open access, version not stated)","unknown","Hudson, Isaac & Reuman (2013) Journal of Animal Ecology 82:1009-1020, Appendix S5","https://doi.org/10.1111/1365-2656.12086","open-access article (README); the CC licence version is not on disk; the Appendix S1-S4 PDF is not committed"
"databases/Hudson_2013","Hudson_2013","sources/databases/Hudson_2013/parse_hudson_s6.py","code","9745","d9a47dacb3732a3e6b66b6466e3a6127e76c25cf5f540e086dbbcfa0df5abb0c","repository (CC BY 4.0)","repository LICENSE","yes","","",""
"databases/Hudson_2013","Hudson_2013","sources/databases/Hudson_2013/primary_references.csv","derived","75346","664eaee341e6dc20004534e60e7ffde7e6c061b0c7c1cb1b4540425b29ce53bb","repository (CC BY 4.0)","repository LICENSE","yes","","","our own working table (repository licence)"
"databases/Hudson_2013","Hudson_2013","sources/databases/Hudson_2013/references.csv","derived","26856","16bd2ee53a9be8f79f8b156cc89baf8430bf88730916081adcd975e617fddec5","repository (CC BY 4.0)","repository LICENSE","yes","","","our own working table (repository licence)"
"databases/Ikeda_2014","Ikeda_2014","sources/databases/Ikeda_2014/227_2014_2540_MOESM1_ESM.pdf","raw","188381","882bf490f5d6653cc621734b2849fef4ee89f4e83c2f4a1571c0d3ba2ef5538c","publisher file","README","no","Ikeda (2014) Marine Biology 161:2753-2766, Electronic Supplementary Material","https://doi.org/10.1007/s00227-014-2540-5","Springer ESM PDF; copyright with the publisher; the parsed csv is a transcription"
"databases/Ikeda_2014","Ikeda_2014","sources/databases/Ikeda_2014/BodyMass_Ikeda_2014.r","code","4127","a102f4a03370beba90cd7790e4863f55f72a39967149659d2a7e99ecf0763bf7","repository (CC BY 4.0)","repository LICENSE","yes","","",""
"databases/Ikeda_2014","Ikeda_2014","sources/databases/Ikeda_2014/Citation.bib","doc","592","4a2388ee7ea291f51037cefdda018f8d3b7f7f583172b0f08ca59947cfae9e0a","repository (CC BY 4.0)","repository LICENSE","yes","","",""
"databases/Ikeda_2014","Ikeda_2014","sources/databases/Ikeda_2014/README.md","doc","12118","12901607df9a2da376cbb0036124f36f900262cee6b0c747e596d686498ec62b","repository (CC BY 4.0)","repository LICENSE","yes","","",""
"databases/Ikeda_2014","Ikeda_2014","sources/databases/Ikeda_2014/ikeda2014_esm_parsed.csv","parsed","84834","2777602f734acc780119466bf2be7f8e6c38138764ae4fb5eafd005cbb0781d5","transcription (facts)","README","yes","Ikeda (2014) Marine Biology 161:2753-2766, Electronic Supplementary Material","https://doi.org/10.1007/s00227-014-2540-5","our transcription/parse of the source table (facts)"
"databases/Ikeda_2014","Ikeda_2014","sources/databases/Ikeda_2014/parse_ikeda_esm.py","code","9709","822e9eb8ccf67a46aa443ef90cfab36ad2d1c3f4fa715b983e10ff7d2871383b","repository (CC BY 4.0)","repository LICENSE","yes","","",""
"databases/Ikeda_2014","Ikeda_2014","sources/databases/Ikeda_2014/primary_references.csv","derived","24905","0bf84ab945eb2dea0a705460d49a5f8f7b4a39fc157fce0b1e9211afda16f1a7","repository (CC BY 4.0)","repository LICENSE","yes","","","our own working table (repository licence)"
"databases/Jennings_2002","Jennings_2002","sources/databases/Jennings_2002/BodyMass_Jennings_2002.r","code","307","a7e2883ed7f9952a6992d45044ac82379fc42889c4f0ca1ef25536f992c0839c","repository (CC BY 4.0)","repository LICENSE","yes","","",""
"databases/Jennings_2002","Jennings_2002","sources/databases/Jennings_2002/Citation.bib","doc","593","b65c39608f4bf2fc0aa66375ad18b5c2456d26cfa7fb24ace47b8e3ad4ce7089","repository (CC BY 4.0)","repository LICENSE","yes","","",""
"databases/Jennings_2002","Jennings_2002","sources/databases/Jennings_2002/Jennings_2002.csv","parsed","1603","30ca8196a6351ed5f8e4a949432bdaa300099cf4edb82497bfc2b33f5e5bb88f","transcription (facts)","README","yes","Jennings et al. (2002) Marine Ecology Progress Series 226:77-85; values transcribed","","our transcription/parse of the source table (facts)"
"databases/Jennings_2002","Jennings_2002","sources/databases/Jennings_2002/README.md","doc","868","0ea79df48f44ba9e19bace9a144025dc17175c61258302cb5c741442068f6859","repository (CC BY 4.0)","repository LICENSE","yes","","",""
"databases/Kendall_etal_2019","Kendall_etal_2019","sources/databases/Kendall_etal_2019/BodyMass_Kendall_etal_2019.r","code","1258","1b9b38b4baa421cce9232658e545a41accfffebb293238c28ea2117cf105fa99","repository (CC BY 4.0)","repository LICENSE","yes","","",""
"databases/Kendall_etal_2019","Kendall_etal_2019","sources/databases/Kendall_etal_2019/Citation.bib","doc","1059","ad5a0dbaa779c0b9c0ef437be96ce939a7156ccc2015d8139caf9339b2078884","repository (CC BY 4.0)","repository LICENSE","yes","","",""
"databases/Kendall_etal_2019","Kendall_etal_2019","sources/databases/Kendall_etal_2019/README.md","doc","1287","57327a5c625ea0ca94af2128abe3446b911e7cae543a2611281977c847f3061a","repository (CC BY 4.0)","repository LICENSE","yes","","",""
"databases/Kendall_etal_2019","Kendall_etal_2019","sources/databases/Kendall_etal_2019/pollimetry_dataset.rdata","raw","71160","984a289a8e1f16c594e869a2a32a926a27bfc7691b528119e9c98b9e9adf8911","unknown; owner to check","not on disk","unknown","pollimetry specimen data set (Kendall et al. 2019, Ecology and Evolution 9:1702-1714), github.com/liamkendall/pollimetry","https://github.com/liamkendall/pollimetry","the 2026-10-02 audit read GPL (>= 2) in the package DESCRIPTION; not restated in the rdata"
"databases/Killen_etal_2016","Killen_etal_2016","sources/databases/Killen_etal_2016/BodyMass_Killen_etal_2016.r","code","682","b9cc59f8ae1a0a3e1b4de289186ee10405c30b3b1c49668691872194ed3009ae","repository (CC BY 4.0)","repository LICENSE","yes","","",""
"databases/Killen_etal_2016","Killen_etal_2016","sources/databases/Killen_etal_2016/Citation.bib","doc","769","edcf6cc8d5c55a87aee64c85942da7588ce115f40c19403fa6da0fa69fdf9013","repository (CC BY 4.0)","repository LICENSE","yes","","",""
"databases/Killen_etal_2016","Killen_etal_2016","sources/databases/Killen_etal_2016/README.md","doc","1018","06fcec45f61e5c5e14cae49a16d6249a33cbf1720378ab0ad2bb5c74c66fe70c","repository (CC BY 4.0)","repository LICENSE","yes","","",""
"databases/Killen_etal_2016","Killen_etal_2016","sources/databases/Killen_etal_2016/TableS1.csv","raw","55250","c3b34005c93849321b8b95762526c44c57401e7e9c60b1135fb4315e5d8441fe","unknown; owner to check","not on disk","unknown","Killen et al. (2016) American Naturalist 187:592-606, Table S1; Dryad 10.5061/dryad.dg6jk","https://doi.org/10.5061/dryad.dg6jk","the 2026-10-02 audit read CC0 on the Dryad record"
"databases/Killen_etal_2016","Killen_etal_2016","sources/databases/Killen_etal_2016/TableS1.xlsx","raw","39497","a78405f37cd3663374e7564c5a18b72931c2a6992f7631fe5249fad1ac27f973","unknown; owner to check","not on disk","unknown","Killen et al. (2016) American Naturalist 187:592-606, Table S1; Dryad 10.5061/dryad.dg6jk","https://doi.org/10.5061/dryad.dg6jk","the 2026-10-02 audit read CC0 on the Dryad record"
"databases/Kinsella_etal_2020","Kinsella_etal_2020","sources/databases/Kinsella_etal_2020/BodyMass_Kinsella_etal_2020.r","code","1251","e6954368d078046f3dc8125c44f05d3d3cc1b7220d083414e8a2da6ad3428324","repository (CC BY 4.0)","repository LICENSE","yes","","",""
"databases/Kinsella_etal_2020","Kinsella_etal_2020","sources/databases/Kinsella_etal_2020/Citation.bib","doc","798","e7744dd5e3d38a6b665bcf6961934e618ac13fccca5f3d8a138be4b89a98ad16","repository (CC BY 4.0)","repository LICENSE","yes","","",""
"databases/Kinsella_etal_2020","Kinsella_etal_2020","sources/databases/Kinsella_etal_2020/README.md","doc","1223","c88a2554fb11674af1c5fd5d46a1ebb8a728251925538c16fffc1ce404c660ef","repository (CC BY 4.0)","repository LICENSE","yes","","",""
"databases/Kinsella_etal_2020","Kinsella_etal_2020","sources/databases/Kinsella_etal_2020/Species_macro.csv","raw","132165","6b9d9b1f2363c74e395ac1693ec3087d72e6f842375dfbb46b87cb046212e4ae","unknown; owner to check","README (no licence upstream)","unknown","Kinsella et al. (2020) Ecology and Evolution 10:8394-8404; data: Zenodo 10.5281/zenodo.3786303","https://doi.org/10.5281/zenodo.3786303","the GitHub/Zenodo repository carries no LICENSE file; the article is CC BY; ask C. Macgregor"
"databases/Kinsella_etal_2020","Kinsella_etal_2020","sources/databases/Kinsella_etal_2020/moth_data.csv","raw","42680","05f0bf6a45d8759dd2529262c44e77cb0da32f874c4f4c0d3aebd50b1e9233f9","unknown; owner to check","README (no licence upstream)","unknown","Kinsella et al. (2020) Ecology and Evolution 10:8394-8404; data: Zenodo 10.5281/zenodo.3786303","https://doi.org/10.5281/zenodo.3786303","the GitHub/Zenodo repository carries no LICENSE file; the article is CC BY; ask C. Macgregor"
"databases/Kiorboe_2013","Kiorboe_2013","sources/databases/Kiorboe_2013/1843a_TableA1_raw.html","raw","618788","0d044b068aafd8a4a6beccb3bfe9f3dfeb51f88f02c78f1acf0d629e6b79cfa6","publisher file","Citation.bib","no","Kiorboe (2013) Limnology and Oceanography 58:1843-1850, Web Appendix Table A1","https://doi.org/10.4319/lo.2013.58.5.1843","Wiley web-appendix html (duplicate of the conversion_factors copy); the parsed csv is a transcription"
"databases/Kiorboe_2013","Kiorboe_2013","sources/databases/Kiorboe_2013/BodyMass_Kiorboe_2013.r","code","4171","7223ee4f046ffe30a4b0ad893a4de6a057a10451668ad135fb8a67c3f3a6a3e3","repository (CC BY 4.0)","repository LICENSE","yes","","",""
"databases/Kiorboe_2013","Kiorboe_2013","sources/databases/Kiorboe_2013/Citation.bib","doc","554","06ef6187335546e7f4bd34d579cb7addc0516fec2f23cc5f353e28fb2d8ba5a0","repository (CC BY 4.0)","repository LICENSE","yes","","",""
"databases/Kiorboe_2013","Kiorboe_2013","sources/databases/Kiorboe_2013/Kiorboe2013_TableA1.csv","parsed","47761","c0197572fbf3fc10271cd0486179fab7f2b255ec986971e7c169bf8c200bf307","transcription (facts)","README","yes","Kiorboe (2013) Limnology and Oceanography 58:1843-1850, Web Appendix Table A1","https://doi.org/10.4319/lo.2013.58.5.1843","our transcription/parse of the source table (facts)"
"databases/Kiorboe_2013","Kiorboe_2013","sources/databases/Kiorboe_2013/Kiorboe2013_TableA1_references.csv","parsed","3511","a82724567d470cd26ab6532b67f95e1ca1e511d62e7cee44dc43940e04cc0165","transcription (facts)","README","yes","Kiorboe (2013) Limnology and Oceanography 58:1843-1850, Web Appendix Table A1","https://doi.org/10.4319/lo.2013.58.5.1843","our transcription/parse of the source table (facts)"
"databases/Kiorboe_2013","Kiorboe_2013","sources/databases/Kiorboe_2013/README.md","doc","3716","689e068b18bc632d6a723ebc49e68bdcb9738c90d9858027b04b445a87d5687a","repository (CC BY 4.0)","repository LICENSE","yes","","",""
"databases/Kiorboe_2013","Kiorboe_2013","sources/databases/Kiorboe_2013/primary_references.csv","derived","11605","eaf77149df949cfda888b8bd8c0bf4f2a085433781aa5913c620db6c49738209","repository (CC BY 4.0)","repository LICENSE","yes","","","our own working table (repository licence)"
"databases/Kiorboe_2014","Kiorboe_2014","sources/databases/Kiorboe_2014/BodyMass_Kiorboe_2014.r","code","3765","da5462442138dd99a75640d1c2611ecb18cd15d004336ce6a0bd055de4238528","repository (CC BY 4.0)","repository LICENSE","yes","","",""
"databases/Kiorboe_2014","Kiorboe_2014","sources/databases/Kiorboe_2014/Citation.bib","doc","698","34d19633b6a7b9d1e54ebdbb433efbfbee52ea230e321690954e688e8d5ba9d6","repository (CC BY 4.0)","repository LICENSE","yes","","",""
"databases/Kiorboe_2014","Kiorboe_2014","sources/databases/Kiorboe_2014/PANGAEA_819850_respiration.txt","raw","423823","09014426758e293773f85fd3c66850c8427e7bc7fcca183aa6cc08133b5cf413","CC BY 3.0","in-file","yes","Kiorboe & Hirst (2014) American Naturalist 183:E118-E130; PANGAEA 10.1594/PANGAEA.819850, 819855, 819856; CC BY 3.0","https://doi.org/10.1594/PANGAEA.819850","PANGAEA file headers: ""License: Creative Commons Attribution 3.0 Unported"""
"databases/Kiorboe_2014","Kiorboe_2014","sources/databases/Kiorboe_2014/PANGAEA_819855_growth.txt","raw","185867","0d5b285e9345be2c6a1750970445beb6a9c52904eaf7587264b2bee92230990c","CC BY 3.0","in-file","yes","Kiorboe & Hirst (2014) American Naturalist 183:E118-E130; PANGAEA 10.1594/PANGAEA.819850, 819855, 819856; CC BY 3.0","https://doi.org/10.1594/PANGAEA.819850","PANGAEA file headers: ""License: Creative Commons Attribution 3.0 Unported"""
"databases/Kiorboe_2014","Kiorboe_2014","sources/databases/Kiorboe_2014/PANGAEA_819856_feeding.txt","raw","244794","1769fa3038ea40b2c84ee38a62306eec31d0e680f4bd4b4bdd5298d8a3d5fb7e","CC BY 3.0","in-file","yes","Kiorboe & Hirst (2014) American Naturalist 183:E118-E130; PANGAEA 10.1594/PANGAEA.819850, 819855, 819856; CC BY 3.0","https://doi.org/10.1594/PANGAEA.819850","PANGAEA file headers: ""License: Creative Commons Attribution 3.0 Unported"""
"databases/Kiorboe_2014","Kiorboe_2014","sources/databases/Kiorboe_2014/README.md","doc","2031","01991f3be0bfd441f8aa9b1df7f66f78051b7b77235d59aa79096da162aef344","repository (CC BY 4.0)","repository LICENSE","yes","","",""
"databases/Kiorboe_2014","Kiorboe_2014","sources/databases/Kiorboe_2014/taxon_groups.csv","derived","57640","c4e60681fef72f117c760c0527a1dc046f8036e7d8e7736e210938427edd5275","repository (CC BY 4.0)","repository LICENSE","yes","","","our own working table (repository licence)"
"databases/Lagrue_etal_2015","Lagrue_etal_2015","sources/databases/Lagrue_etal_2015/BodyMass_Lagrue_etal_2015.r","code","1904","43443738c4fedb6b114d3c25b1c5ee0d37d60c97937abcae191d73b5c65b6181","repository (CC BY 4.0)","repository LICENSE","yes","","",""
"databases/Lagrue_etal_2015","Lagrue_etal_2015","sources/databases/Lagrue_etal_2015/Citation.bib","doc","741","0ebe6838e5244e8f4477ff7a4b037dda37f5df9d7f8be242ef1a074185c2eab8","repository (CC BY 4.0)","repository LICENSE","yes","","",""
"databases/Lagrue_etal_2015","Lagrue_etal_2015","sources/databases/Lagrue_etal_2015/README.md","doc","1683","42707e1a35e3f140706cd6875a6f21ca76400e6f0d42557c6ae9b3c63473cb75","repository (CC BY 4.0)","repository LICENSE","yes","","",""
"databases/Lagrue_etal_2015","Lagrue_etal_2015","sources/databases/Lagrue_etal_2015/pnas.1422475112.sapp.pdf","raw","300629","3ff17fd1f81460c71438250570f9a4ba74f338a96db762a385e77e971403531f","publisher file","README","no","Lagrue, Poulin & Cohen (2015) PNAS 112:1791-1796, Dataset S1 and SI Appendix","https://doi.org/10.1073/pnas.1422475112","PNAS supplementary files; copyright with the publisher"
"databases/Lagrue_etal_2015","Lagrue_etal_2015","sources/databases/Lagrue_etal_2015/pnas.1422475112.sd01.txt","raw","133299","bcb7cf9615cb15a2fb5163642acaa8729ff259bf779a79010c2eab7529b4d3d4","publisher file","README","no","Lagrue, Poulin & Cohen (2015) PNAS 112:1791-1796, Dataset S1 and SI Appendix","https://doi.org/10.1073/pnas.1422475112","PNAS supplementary files; copyright with the publisher"
"databases/Lane_2019","Lane_2019","sources/databases/Lane_2019/BodyMass_Lane_2019.r","code","465","56088919da39d41296663c375f303148a839bba4f4fe62282199e26614eb3781","repository (CC BY 4.0)","repository LICENSE","yes","","",""
"databases/Lane_2019","Lane_2019","sources/databases/Lane_2019/Citation.bib","doc","606","b0744a89f9ca2f25f4b51ee0f8d08fef769cf20a6802e582655af49445a02d65","repository (CC BY 4.0)","repository LICENSE","yes","","",""
"databases/Lane_2019","Lane_2019","sources/databases/Lane_2019/PRSB_data.csv","raw","1154","a5134a2a470c3ffce9ceb7e179819747188b07e8c305967ba8faa66fb0485e56","CC BY-NC 4.0","owner decision 2026-10-06","non-commercial","Lane, Moran, Shishido & Woods (2019) Size scaling of oxygen physiology and metabolic rate of Antarctic sea spiders; USAP-DC dataset 601150; CC BY-NC 4.0","https://www.usap-dc.org/view/dataset/601150","USAP-DC record licence (2026-10-02 audit, not on disk); disclosed as a non-commercial carve-out (9 species)"
"databases/Lane_2019","Lane_2019","sources/databases/Lane_2019/README.md","doc","964","374eeb3cea5e3a732a3b78afb62f3163b7efbee8fdf7aafa7b40efe27ad28952","repository (CC BY 4.0)","repository LICENSE","yes","","",""
"databases/Leahy_2025","Leahy_2025","sources/databases/Leahy_2025/BodyMass_Leahy_2025.r","code","2356","11747c5ffd4fbc314b450eb20e36cd7de5b7a21a20edc71a7c28c3ed5c9a8896","repository (CC BY 4.0)","repository LICENSE","yes","","",""
"databases/Leahy_2025","Leahy_2025","sources/databases/Leahy_2025/Citation.bib","doc","840","5d6237f8a93b8154801dbee2ec5123b79e691e0491aa8b7c00289cd9c2047bda","repository (CC BY 4.0)","repository LICENSE","yes","","",""
"databases/Leahy_2025","Leahy_2025","sources/databases/Leahy_2025/README.md","doc","6748","4b92d62875790ec474c04250fbb0ade69702c7893876a8fa7dbf359e3dff83e0","repository (CC BY 4.0)","repository LICENSE","yes","","",""
"databases/Leahy_2025","Leahy_2025","sources/databases/Leahy_2025/dryad_README.md","raw","5649","43151af001cbef39eed4657a9c1ff3a6ce3fc688faa6ea6a00a3a8cb066e44fa","CC0 1.0","README","yes","Leahy et al. (2025) PNAS 122:e2501541122; data: Dryad 10.5061/dryad.d7wm37qb7; CC0","https://doi.org/10.5061/dryad.d7wm37qb7","CC0 by Dryad repository terms, not restated on the record (README)"
"databases/Leahy_2025","Leahy_2025","sources/databases/Leahy_2025/metadata_mr_ant.csv","raw","3399","315718f38e3753f3c46626aa5d39830b1f4703dbd722553a87719367f4c05dda","CC0 1.0","README","yes","Leahy et al. (2025) PNAS 122:e2501541122; data: Dryad 10.5061/dryad.d7wm37qb7; CC0","https://doi.org/10.5061/dryad.d7wm37qb7","CC0 by Dryad repository terms, not restated on the record (README)"
"databases/Leahy_2025","Leahy_2025","sources/databases/Leahy_2025/mr_ant_525.csv","raw","1025513","3a951f417b4624c2574d5fde6718d413dfffdff44c28a32554781728aa37ed4f","CC0 1.0","README","yes","Leahy et al. (2025) PNAS 122:e2501541122; data: Dryad 10.5061/dryad.d7wm37qb7; CC0","https://doi.org/10.5061/dryad.d7wm37qb7","CC0 by Dryad repository terms, not restated on the record (README)"
"databases/Leahy_2025","Leahy_2025","sources/databases/Leahy_2025/primary_references.csv","derived","1112","2f5c0146ff48c1c3ec2b250e4c0d6603627a9b0657c8d7094bf5716cd12ad81d","repository (CC BY 4.0)","repository LICENSE","yes","","","our own working table (repository licence)"
"databases/Leahy_2025","Leahy_2025","sources/databases/Leahy_2025/references.csv","derived","386","931a3da44ab57b545462176d648066d2ec4a5da47a6da9a316f8194dd1cb0179","repository (CC BY 4.0)","repository LICENSE","yes","","","our own working table (repository licence)"
"databases/Lemoine_2026","Lemoine_2026","sources/databases/Lemoine_2026/BodyMass_Lemoine_2026.r","code","4868","51ca525548f143bf1e0a18be109c7242f3f8c2bc2ed4baa78f0b7ebac3425553","repository (CC BY 4.0)","repository LICENSE","yes","","",""
"databases/Lemoine_2026","Lemoine_2026","sources/databases/Lemoine_2026/Citation.bib","doc","2308","3dbb776128cb6125242ef55b1bcaeff4fc6e8bfef36417f3ca51132e93097755","repository (CC BY 4.0)","repository LICENSE","yes","","",""
"databases/Lemoine_2026","Lemoine_2026","sources/databases/Lemoine_2026/README.md","doc","8672","c8e8c1c13388a504f84f7545cd8bc277be65ed364855df7456a6b8f4e03e8f30","repository (CC BY 4.0)","repository LICENSE","yes","","",""
"databases/Lemoine_2026","Lemoine_2026","sources/databases/Lemoine_2026/mass_surface_data.csv","raw","335919","327f7bfc49386f89b5595c9254c495b611fa239ffc37ec8d876d0d84f60ca2a7","CC BY 4.0","README","yes","Coulis, M. (2026) An individual-level dataset combining fresh and dry biomass of soil macrofauna ...; CIRAD Dataverse 10.18167/DVN1/SCH4AV; CC BY 4.0","https://doi.org/10.18167/DVN1/SCH4AV",""
"databases/Lemoine_2026","Lemoine_2026","sources/databases/Lemoine_2026/mass_surface_labels.csv","raw","8030","80b633551d220b387615fc07521cb00dad833922d7c23795617925b9dcee8ebd","CC BY 4.0","README","yes","Coulis, M. (2026) An individual-level dataset combining fresh and dry biomass of soil macrofauna ...; CIRAD Dataverse 10.18167/DVN1/SCH4AV; CC BY 4.0","https://doi.org/10.18167/DVN1/SCH4AV",""
"databases/Lislevand_etal_2007","Lislevand_etal_2007","sources/databases/Lislevand_etal_2007/BodyMass_Lislevand_etal_2007.r","code","1841","431f43f1c1ef1791bd5fabd21877f6a1320264b31591c5a8c6ecfc9af217e542","repository (CC BY 4.0)","repository LICENSE","yes","","",""
"databases/Lislevand_etal_2007","Lislevand_etal_2007","sources/databases/Lislevand_etal_2007/Citation.bib","doc","666","e43c4b8cffdbbbed909c3fb36f6797cd555d1644a0fc30e36cd8d215f7c6ae75","repository (CC BY 4.0)","repository LICENSE","yes","","",""
"databases/Lislevand_etal_2007","Lislevand_etal_2007","sources/databases/Lislevand_etal_2007/README.md","doc","7520","c49d8904916fcc3e9c8538864db92978c060fa35a311ca64d7e2a05c88a33f43","repository (CC BY 4.0)","repository LICENSE","yes","","",""
"databases/Lislevand_etal_2007","Lislevand_etal_2007","sources/databases/Lislevand_etal_2007/avian_ssd_jan07.txt","raw","801127","0a26ef0f32b02de238250f966b450e6dde31e28f5b3047fe89f6368b6595e0c5","no copyright restrictions (Ecological Archives)","in-file","yes","Lislevand, Figuerola & Szekely (2007) Ecology 88:1605, Ecological Archives E088-096","https://doi.org/10.1890/06-2054","metadata.htm: ""Copyright restrictions: None. Proprietary restrictions: None."""
"databases/Lislevand_etal_2007","Lislevand_etal_2007","sources/databases/Lislevand_etal_2007/build_references.py","code","1882","04c91e4ee5482853f847648ac9bb65b0b9a060a14f0214df1830d83ca17e33e6","repository (CC BY 4.0)","repository LICENSE","yes","","",""
"databases/Lislevand_etal_2007","Lislevand_etal_2007","sources/databases/Lislevand_etal_2007/default.htm","raw","5812","ba9fb74933be5d209340f753cfa9ae8b588fff7ea7e30517853c6e1cc14f910b","no copyright restrictions (Ecological Archives)","in-file","yes","Lislevand, Figuerola & Szekely (2007) Ecology 88:1605, Ecological Archives E088-096","https://doi.org/10.1890/06-2054","metadata.htm: ""Copyright restrictions: None. Proprietary restrictions: None."""
"databases/Lislevand_etal_2007","Lislevand_etal_2007","sources/databases/Lislevand_etal_2007/metadata.htm","raw","94165","1a03c105725e0367510725db8ab8ab2a8b6dc93f3e2fa9c74c1df1c1dd7ae561","no copyright restrictions (Ecological Archives)","in-file","yes","Lislevand, Figuerola & Szekely (2007) Ecology 88:1605, Ecological Archives E088-096","https://doi.org/10.1890/06-2054","metadata.htm: ""Copyright restrictions: None. Proprietary restrictions: None."""
"databases/Lislevand_etal_2007","Lislevand_etal_2007","sources/databases/Lislevand_etal_2007/primary_references.csv","derived","53060","aac8465e3f3dd2d44c8e3f5ea448640b4d81a475a4c7b137a408656551c5cd14","repository (CC BY 4.0)","repository LICENSE","yes","","","our own working table (repository licence)"
"databases/Lislevand_etal_2007","Lislevand_etal_2007","sources/databases/Lislevand_etal_2007/references.csv","derived","11437","60e9700a90a5e141023aa40c6b80ff5547460f6451c2c77a117ebd4ee0c25038","repository (CC BY 4.0)","repository LICENSE","yes","","","our own working table (repository licence)"
"databases/Lukic_2022","Lukic_2022","sources/databases/Lukic_2022/BodyMass_Lukic_2022.r","code","1314","92312cb09077333ab79e09925b93c07e90555cfdc8825d32489aad2cf4928c24","repository (CC BY 4.0)","repository LICENSE","yes","","",""
"databases/Lukic_2022","Lukic_2022","sources/databases/Lukic_2022/Citation.bib","doc","768","6ad9b9d2133a660e56916fa344e2cb329382b26bc2f5a1ed8f6b97ee0c2ffe6b","repository (CC BY 4.0)","repository LICENSE","yes","","",""
"databases/Lukic_2022","Lukic_2022","sources/databases/Lukic_2022/Dataset_v2.xlsx","raw","23442","e69285edc8c177878c340c1be9b4ecbe5ed8a8014d4da4be8616e47e88cde8b1","CC0 1.0","README","yes","Lukic et al. (2022) Limnology and Oceanography Letters; Dryad 10.5061/dryad.ksn02v76k; CC0","https://doi.org/10.5061/dryad.ksn02v76k",""
"databases/Lukic_2022","Lukic_2022","sources/databases/Lukic_2022/README.md","doc","1400","c2f139967f6556814756c2b7216b1302a5545d01372b237c659da710f27090af","repository (CC BY 4.0)","repository LICENSE","yes","","",""
"databases/Lukic_2022","Lukic_2022","sources/databases/Lukic_2022/README_file.txt","raw","517","e2a631e6c226346f9ee19d3d005d1cf0b8a31ae2539a819b7526d5eeb2aeff84","CC0 1.0","README","yes","Lukic et al. (2022) Limnology and Oceanography Letters; Dryad 10.5061/dryad.ksn02v76k; CC0","https://doi.org/10.5061/dryad.ksn02v76k",""
"databases/Lukic_2022","Lukic_2022","sources/databases/Lukic_2022/References.xlsx","raw","17612","818245f779a13511b7e22529133ca264a7679bde4b7674fa8550e61f60a06813","CC0 1.0","README","yes","Lukic et al. (2022) Limnology and Oceanography Letters; Dryad 10.5061/dryad.ksn02v76k; CC0","https://doi.org/10.5061/dryad.ksn02v76k",""
"databases/Lukic_2022","Lukic_2022","sources/databases/Lukic_2022/Units_table.xlsx","raw","10132","95074c9c6bc72c7d734278e295894f97b92835bf4a1b92cedc02dfa79a60a267","CC0 1.0","README","yes","Lukic et al. (2022) Limnology and Oceanography Letters; Dryad 10.5061/dryad.ksn02v76k; CC0","https://doi.org/10.5061/dryad.ksn02v76k",""
"databases/Mahe_2023","Mahe_2023","sources/databases/Mahe_2023/BodyMass_Mahe_2023.r","code","532","19513e3f811b8a9e8d21a7537b2834e152e469ca4e1978a6ed5091ab9e8f5954","repository (CC BY 4.0)","repository LICENSE","yes","","",""
"databases/Mahe_2023","Mahe_2023","sources/databases/Mahe_2023/Citation.bib","doc","711","3a68eae3546dafe4b684525ac08724d164bca82fc6c54cd7d1fd6712a57e6c15","repository (CC BY 4.0)","repository LICENSE","yes","","",""
"databases/Mahe_2023","Mahe_2023","sources/databases/Mahe_2023/README.md","doc","996","e3d5d91f45de2b54277194c068a2d9a56be5f8df225e2469ce645875798730fb","repository (CC BY 4.0)","repository LICENSE","yes","","",""
"databases/Mahe_2023","Mahe_2023","sources/databases/Mahe_2023/TableS1.csv","raw","9446","2681c446edd528c05b12e13ee0bc0f906bb93b3c2d773030d28b93c85dca4b71","unknown; owner to check","not on disk","unknown","Mahe et al. (2023) Animals 13:3852, Tables S1 and S5","https://doi.org/10.3390/ani13243852","the 2026-10-02 audit read CC BY 4.0 (MDPI); not restated in the files"
"databases/Mahe_2023","Mahe_2023","sources/databases/Mahe_2023/TableS5.csv","raw","1376664","bc4b83652aa260ff3e50194e9fc464579ba2c80aa78f53e6147c90396e2a0e41","unknown; owner to check","not on disk","unknown","Mahe et al. (2023) Animals 13:3852, Tables S1 and S5","https://doi.org/10.3390/ani13243852","the 2026-10-02 audit read CC BY 4.0 (MDPI); not restated in the files"
"databases/Makarieva_etal_2008","Makarieva_2008","sources/databases/Makarieva_etal_2008/BodyMass_Makarieva_etal_2008.r","code","5154","bd2954bd9427eb9607cffbfda5a293bd5dc1a642fc0b62814ad67d8482254fa5","repository (CC BY 4.0)","repository LICENSE","yes","","",""
"databases/Makarieva_etal_2008","Makarieva_2008","sources/databases/Makarieva_etal_2008/Citation.bib","doc","891","64f506e6ea7f8461c0e7038f3a7617929b622a99223bc53d5ecba67ee4259827","repository (CC BY 4.0)","repository LICENSE","yes","","",""
"databases/Makarieva_etal_2008","Makarieva_2008","sources/databases/Makarieva_etal_2008/README.md","doc","15596","8bf918cc173ab235b7d90dddf63fc50ac234a1eed42aad05b86bbf65d23270ee","repository (CC BY 4.0)","repository LICENSE","yes","","",""
"databases/Makarieva_etal_2008","Makarieva_2008","sources/databases/Makarieva_etal_2008/S1a.csv","parsed","156186","e1c088d011d341776d20815da516c14246f76caffadacde9f1cbec27d8cd4771","transcription (facts)","README","yes","Makarieva et al. (2008) PNAS 105:16994-16999, SI tables; values transcribed. Copyright (2008) National Academy of Sciences","https://doi.org/10.1073/pnas.0802148105","our transcription/parse of the source table (facts)"
"databases/Makarieva_etal_2008","Makarieva_2008","sources/databases/Makarieva_etal_2008/S2a_parsed.csv","parsed","15226","a17d439a4d3ddcc155b26ac4abb1c34c554a16c5320009380a25d862bbae9735","transcription (facts)","README","yes","Makarieva et al. (2008) PNAS 105:16994-16999, Supporting Information (pnas08SI.pdf, Datasets S1-S11). Copyright (2008) National Academy of Sciences","https://doi.org/10.1073/pnas.0802148105","our parse of SI Table S2a (facts) by parse_makarieva_si.py"
"databases/Makarieva_etal_2008","Makarieva_2008","sources/databases/Makarieva_etal_2008/S2b.csv","parsed","3806","d181bd9ded4a27e82029ee175305a7025b0d5f5ade59929e1ddf4d2e82907ebf","transcription (facts)","README","yes","Makarieva et al. (2008) PNAS 105:16994-16999, SI tables; values transcribed. Copyright (2008) National Academy of Sciences","https://doi.org/10.1073/pnas.0802148105","our transcription/parse of the source table (facts)"
"databases/Makarieva_etal_2008","Makarieva_2008","sources/databases/Makarieva_etal_2008/S3.csv","parsed","25061","a3d8776f34282b56ae30095caf2e1ac84f8104c6060b363cd97f419558d39eaf","transcription (facts)","README","yes","Makarieva et al. (2008) PNAS 105:16994-16999, SI tables; values transcribed. Copyright (2008) National Academy of Sciences","https://doi.org/10.1073/pnas.0802148105","our transcription/parse of the source table (facts)"
"databases/Makarieva_etal_2008","Makarieva_2008","sources/databases/Makarieva_etal_2008/S3_parsed.csv","parsed","26732","1988d0b53f279bd45119c525edfdfe37d47d0d54e49b1948340f61a6ef6b812e","transcription (facts)","README","yes","Makarieva et al. (2008) PNAS 105:16994-16999, Supporting Information (pnas08SI.pdf, Datasets S1-S11). Copyright (2008) National Academy of Sciences","https://doi.org/10.1073/pnas.0802148105","our parse of SI Table S3 with its superscript marks (facts) by parse_makarieva_si.py"
"databases/Makarieva_etal_2008","Makarieva_2008","sources/databases/Makarieva_etal_2008/S4.csv","parsed","81253","c80666bcb97600df3e42a563e33d6ea8ae466a98c529ef8fb3663ae6a2624c9e","transcription (facts)","README","yes","Makarieva et al. (2008) PNAS 105:16994-16999, SI tables; values transcribed. Copyright (2008) National Academy of Sciences","https://doi.org/10.1073/pnas.0802148105","our transcription/parse of the source table (facts)"
"databases/Makarieva_etal_2008","Makarieva_2008","sources/databases/Makarieva_etal_2008/S5a.csv","parsed","9115","d5d5404b3f091f26913a8abddd48ba381b6e94c6f48f1092e0a1f8c3c8b8de82","transcription (facts)","README","yes","Makarieva et al. (2008) PNAS 105:16994-16999, SI tables; values transcribed. Copyright (2008) National Academy of Sciences","https://doi.org/10.1073/pnas.0802148105","our transcription/parse of the source table (facts)"
"databases/Makarieva_etal_2008","Makarieva_2008","sources/databases/Makarieva_etal_2008/S5b.csv","parsed","9056","e5aa7f05bc6a20efcb367ec87b4bfd1636c127fa36eaf5c93122796599771e9f","transcription (facts)","README","yes","Makarieva et al. (2008) PNAS 105:16994-16999, SI tables; values transcribed. Copyright (2008) National Academy of Sciences","https://doi.org/10.1073/pnas.0802148105","our transcription/parse of the source table (facts)"
"databases/Makarieva_etal_2008","Makarieva_2008","sources/databases/Makarieva_etal_2008/S5c.csv","parsed","17838","b6fcb7570361af552df6270f19f5d930455f8832812561f2c28149c22596ed99","transcription (facts)","README","yes","Makarieva et al. (2008) PNAS 105:16994-16999, SI tables; values transcribed. Copyright (2008) National Academy of Sciences","https://doi.org/10.1073/pnas.0802148105","our transcription/parse of the source table (facts)"
"databases/Makarieva_etal_2008","Makarieva_2008","sources/databases/Makarieva_etal_2008/S6a.csv","parsed","15948","d145632963bbd495a9f7823ddc9b8b7cf443a61d320016f433d3e9133eddc2ca","transcription (facts)","README","yes","Makarieva et al. (2008) PNAS 105:16994-16999, SI tables; values transcribed. Copyright (2008) National Academy of Sciences","https://doi.org/10.1073/pnas.0802148105","our transcription/parse of the source table (facts)"
"databases/Makarieva_etal_2008","Makarieva_2008","sources/databases/Makarieva_etal_2008/S6b.csv","parsed","12832","0fa3190e86ef08cfb6dc236c7635a3bbc74ecb0c731ef4d3d42bc21fdbf043bf","transcription (facts)","README","yes","Makarieva et al. (2008) PNAS 105:16994-16999, SI tables; values transcribed. Copyright (2008) National Academy of Sciences","https://doi.org/10.1073/pnas.0802148105","our transcription/parse of the source table (facts)"
"databases/Makarieva_etal_2008","Makarieva_2008","sources/databases/Makarieva_etal_2008/S6b_parsed.csv","parsed","33043","d13f095e1fbc3e27bcf986a77593e988bdc115c82f3744e8f3c6189af8d79c7a","transcription (facts)","README","yes","Makarieva et al. (2008) PNAS 105:16994-16999, Supporting Information (pnas08SI.pdf, Datasets S1-S11). Copyright (2008) National Academy of Sciences","https://doi.org/10.1073/pnas.0802148105","our parse of SI Table S6b (facts) by parse_makarieva_si.py"
"databases/Makarieva_etal_2008","Makarieva_2008","sources/databases/Makarieva_etal_2008/S7.csv","parsed","27328","920a25b4098ecfcd0b3bb55409a4543529248c6687f2c1cf7a6eaffd3f330109","transcription (facts)","README","yes","Makarieva et al. (2008) PNAS 105:16994-16999, SI tables; values transcribed. Copyright (2008) National Academy of Sciences","https://doi.org/10.1073/pnas.0802148105","our transcription/parse of the source table (facts)"
"databases/Makarieva_etal_2008","Makarieva_2008","sources/databases/Makarieva_etal_2008/parse_makarieva_si.py","code","64895","b8f6d97a35ed36f60152dcf760e58c6ff11febac98294425f0c3059e7a0551aa","repository (CC BY 4.0)","repository LICENSE","yes","","",""
"databases/Makarieva_etal_2008","Makarieva_2008","sources/databases/Makarieva_etal_2008/pnas08SI.pdf","raw","1205257","0419a830c8f8859e1c5967e68c0af7195da199ae2b44fc37d196262502b9d872","publisher file","README","no","Makarieva et al. (2008) PNAS 105:16994-16999, Supporting Information (pnas08SI.pdf, Datasets S1-S11). Copyright (2008) National Academy of Sciences","https://doi.org/10.1073/pnas.0802148105","PNAS Supporting Information PDF (212 pages), tracked since 2026-10-06 (owner rule, issue #124; before fetched from the authors mirror http://www.bioticregulation.ru/common/pdf/pnas08/pnas08SI.pdf and kept untracked); copyright with the publisher; kept for reproducibility of parse_makarieva_si.py"
"databases/Makarieva_etal_2008","Makarieva_2008","sources/databases/Makarieva_etal_2008/primary_references.csv","derived","210763","3930feee20d01fc0033ccbff6f683d520d0dbeb3cc258de5e57d9dbd8eef84a7","repository (CC BY 4.0)","repository LICENSE","yes","","",""
"databases/Makarieva_etal_2008","Makarieva_2008","sources/databases/Makarieva_etal_2008/record_refs.csv","derived","223391","e6403ead46f53a862086749e66fb0f41e55d49454d8dc599a42346662c9bbeba","repository (CC BY 4.0)","repository LICENSE","yes","","","reference keys per table row for the citation tooling (issue #1)"
"databases/Makarieva_etal_2008","Makarieva_2008","sources/databases/Makarieva_etal_2008/references.csv","derived","151429","ec2770454a68328f94a8209b5270cc0270edd8bd75d995c8e61f24959b4dd604","repository (CC BY 4.0)","repository LICENSE","yes","","","the SI reference lists keyed for the citation tooling (issue #1)"
"databases/Mathieu_2014","Mathieu_2014","sources/databases/Mathieu_2014/BodyMass_Mathieu_2014.r","code","1123","2f4e736cf6dcbf8a4dca3997362f88f9d2ec1c3860feea26a109a7c0f51ccdd7","repository (CC BY 4.0)","repository LICENSE","yes","","",""
"databases/Mathieu_2014","Mathieu_2014","sources/databases/Mathieu_2014/Citation.bib","doc","591","2b177015cd0aaa36f6272c48c1ef70a37edf7f87dc93e337cabffc5c80c7bb1c","repository (CC BY 4.0)","repository LICENSE","yes","","",""
"databases/Mathieu_2014","Mathieu_2014","sources/databases/Mathieu_2014/README.md","doc","967","08a6bb446b69b7b8644ad01a71d6250bdf9cdcdfba42c59cf831604b34036ac5","repository (CC BY 4.0)","repository LICENSE","yes","","",""
"databases/Mathieu_2014","Mathieu_2014","sources/databases/Mathieu_2014/README_for_sites&species.txt","raw","994","426d85b61b050e6e127cd819fe473f740c743da795d23d89572786d90e3850fb","unknown; owner to check","not on disk","unknown","Mathieu & Davies (2014) Journal of Biogeography 41:1204-1214; Dryad 10.5061/dryad.g7046","https://doi.org/10.5061/dryad.g7046","the 2026-10-02 audit read CC0 on the Dryad record"
"databases/Mathieu_2014","Mathieu_2014","sources/databases/Mathieu_2014/sites&species.txt","raw","334303","242698855aa1739a17ed99eb0471f7d56dbe4cee48437033557b8ab6b90b1410","unknown; owner to check","not on disk","unknown","Mathieu & Davies (2014) Journal of Biogeography 41:1204-1214; Dryad 10.5061/dryad.g7046","https://doi.org/10.5061/dryad.g7046","the 2026-10-02 audit read CC0 on the Dryad record"
"databases/Mathieu_2014","Mathieu_2014","sources/databases/Mathieu_2014/traits.txt","raw","20559","a7a92d683c89cdf2f982044835dd992c571bde721a8b9be2cb590011fcd36f1a","unknown; owner to check","not on disk","unknown","Mathieu & Davies (2014) Journal of Biogeography 41:1204-1214; Dryad 10.5061/dryad.g7046","https://doi.org/10.5061/dryad.g7046","the 2026-10-02 audit read CC0 on the Dryad record"
"databases/McCoy_2008","McCoy_2008","sources/databases/McCoy_2008/BodyMass_McCoy_2008.r","code","14884","8e13a196f76df5c5ac7529ef5e8cba7691c2cc9c6b43c25176b9902bc8ccbdf0","repository (CC BY 4.0)","repository LICENSE","yes","","",""
"databases/McCoy_2008","McCoy_2008","sources/databases/McCoy_2008/Citation.bib","doc","870","6b46c422df9f0cbfebc27411aff181dd00b0175771d38e7a5b42b4c7a67c32c8","repository (CC BY 4.0)","repository LICENSE","yes","","",""
"databases/McCoy_2008","McCoy_2008","sources/databases/McCoy_2008/McCoy_2008_appendixS1.csv","parsed","116289","938bb8eb182f13f935ac1d2344257b9e410b4dc96654fc7e467f7884a1e3c559","transcription (facts)","README","yes","McCoy & Gillooly (2008) Ecology Letters 11:710-716, Appendix S1 (erratum version); values transcribed","https://doi.org/10.1111/j.1461-0248.2008.01190.x","our transcription/parse of the source table (facts)"
"databases/McCoy_2008","McCoy_2008","sources/databases/McCoy_2008/README.md","doc","19735","85772f87b3725407c0559185f80bf1c161d713b10415c6e38c9c6b9fa0011d25","repository (CC BY 4.0)","repository LICENSE","yes","","",""
"databases/McCoy_2008","McCoy_2008","sources/databases/McCoy_2008/appendixS1_references.csv","parsed","5729","2e660abe1912f99cf4d4f3b22b2bef2fad9d31a6c49ad34ed4911efbf56433b3","transcription (facts)","README","yes","McCoy & Gillooly (2008) Ecology Letters 11:710-716, Appendix S1 (erratum version); values transcribed","https://doi.org/10.1111/j.1461-0248.2008.01190.x","our transcription/parse of the source table (facts)"
"databases/McCoy_2008","McCoy_2008","sources/databases/McCoy_2008/parse_mcg_appendixS1.py","code","23254","b20d66ea1c474e7aad108d79ff9492554e32dfe9806310a348d07b6694a4159b","repository (CC BY 4.0)","repository LICENSE","yes","","",""
"databases/Meiri_2018","Meiri_2018","sources/databases/Meiri_2018/BodyMass_Meiri_2018.r","code","3324","b368b11afddb324c841056ec1556b8cf8d2023b03929ae7659cddf643ad2d779","repository (CC BY 4.0)","repository LICENSE","yes","","",""
"databases/Meiri_2018","Meiri_2018","sources/databases/Meiri_2018/Citation.bib","doc","589","485990ca4c7aa3d48c46eddba5eb2a6a751ba6983416ee1dfe3d0a685b04344d","repository (CC BY 4.0)","repository LICENSE","yes","","",""
"databases/Meiri_2018","Meiri_2018","sources/databases/Meiri_2018/README.md","doc","15484","61695ae844515f7fb35e8f1f1741ce34b1033c1096a86826b3ad6c180ace265a","repository (CC BY 4.0)","repository LICENSE","yes","","",""
"databases/Meiri_2018","Meiri_2018","sources/databases/Meiri_2018/build_references.r","code","9539","e1dbc1744a198ad85221628c7320c6ae345e1b269c61e62f3e6066e6404e419d","repository (CC BY 4.0)","repository LICENSE","yes","","",""
"databases/Meiri_2018","Meiri_2018","sources/databases/Meiri_2018/geb12773-sup-0001-appendixs1.csv","raw","5135504","bea65a229560aa80ecc6024a86e8c43db9d48916fcb0065484422824b06040a6","unknown; owner to check","not on disk","unknown","Meiri (2018) Traits of lizards of the world. Global Ecology and Biogeography 27:1168-1172; Dryad 10.5061/dryad.f6t39kj","https://doi.org/10.5061/dryad.f6t39kj","the 2026-10-06 audit fetched the Dryad record (CC0 1.0, Appendix S1 and S2 only); confirm and record"
"databases/Meiri_2018","Meiri_2018","sources/databases/Meiri_2018/geb12773-sup-0002-appendixs2.csv","raw","8583","57dafe772ba8e86d5ba07e99ec43704d7aa1788726fb016a7cfa8792d1d6e7b7","unknown; owner to check","not on disk","unknown","Meiri (2018) Traits of lizards of the world. Global Ecology and Biogeography 27:1168-1172; Dryad 10.5061/dryad.f6t39kj","https://doi.org/10.5061/dryad.f6t39kj","the 2026-10-06 audit fetched the Dryad record (CC0 1.0, Appendix S1 and S2 only); confirm and record"
"databases/Meiri_2018","Meiri_2018","sources/databases/Meiri_2018/geb12773-sup-0003-appendixs3.txt","raw","2950912","6800f9a9d92414c51d28d58f36a6231f4c9e14d3b43b2d82a7c58ac91fe1a0c4","publisher file","not on disk","no","Meiri (2018) Traits of lizards of the world. Global Ecology and Biogeography 27:1168-1172; Dryad 10.5061/dryad.f6t39kj","https://doi.org/10.5061/dryad.f6t39kj","Appendix S3 (reference key) is a Wiley-only supplement, not in the Dryad deposit"
"databases/Meiri_2018","Meiri_2018","sources/databases/Meiri_2018/key_map.csv","derived","886263","63c7c35e9a67e2260ae2d0305cc43e7cb2c1f578fcbc9874e0228261fffe939e","repository (CC BY 4.0)","repository LICENSE","yes","","","our own working table (repository licence)"
"databases/Meiri_2018","Meiri_2018","sources/databases/Meiri_2018/primary_references.csv","derived","3274945","41c0eda7cf05166ace73d9273a603277662a9372587d61be604be79034a35d47","repository (CC BY 4.0)","repository LICENSE","yes","","","our own working table (repository licence)"
"databases/Meiri_2018","Meiri_2018","sources/databases/Meiri_2018/references.csv","derived","3029209","6344ace246e5fe8dc25fa43e8802034f789a49730ddfb39faa20c8bd1c14ffe7","repository (CC BY 4.0)","repository LICENSE","yes","","","our own working table (repository licence)"
"databases/Meiri_2024","Meiri_2024","sources/databases/Meiri_2024/BodyMass_Meiri_2024.r","code","1102","4d96c78bf3209079260d6d44e62b50aff611484af0239aad1a92ea99dbbc4cd0","repository (CC BY 4.0)","repository LICENSE","yes","","",""
"databases/Meiri_2024","Meiri_2024","sources/databases/Meiri_2024/Citation.bib","doc","599","8a8fbb1c8e37f770b7b700fb7c5fc6697a3b5d40b5641a685ee3a680fc13a511","repository (CC BY 4.0)","repository LICENSE","yes","","",""
"databases/Meiri_2024","Meiri_2024","sources/databases/Meiri_2024/README.md","doc","1024","8199a7a2e8899db40394a0a231c45856c6d7f1ed99f74bc861a7144e01e50f14","repository (CC BY 4.0)","repository LICENSE","yes","","",""
"databases/Meiri_2024","Meiri_2024","sources/databases/Meiri_2024/Supplementary_Table_S1_squamBase1.xlsx","raw","7290045","e850eb807240e1012d0af3e5f2c33a84dab406d50e86a8e3dc591f51a64912af","CC0 1.0","README","yes","SquamBase (Meiri 2024, Global Ecology and Biogeography 33:e13812), Zenodo 10.5281/zenodo.10602503; CC0","https://doi.org/10.5281/zenodo.10602503",""
"databases/Mercer_etal_2001","Mercer_etal_2001","sources/databases/Mercer_etal_2001/BodyMass_Mercer_etal_2001.r","code","1089","94c9ce8203f81e660f92fbd22739e4d173fcff54d85d5b90b890074e5f3f36ef","repository (CC BY 4.0)","repository LICENSE","yes","","",""
"databases/Mercer_etal_2001","Mercer_etal_2001","sources/databases/Mercer_etal_2001/Citation.bib","doc","610","348d4d40eb8742245fba0a46aedefd2e1221c3dc45c5827046264f47998fb908","repository (CC BY 4.0)","repository LICENSE","yes","","",""
"databases/Mercer_etal_2001","Mercer_etal_2001","sources/databases/Mercer_etal_2001/Invertebrate_body_sizes_from_Marion_Island.pdf","raw","932393","b3cd2185808c2b85e853577f043158e98a7fe8a00bd4ab4177fe0a150993b9da","publisher file","README","no","Mercer, Chown & Marshall (2001) Antarctic Science 13:135-143","https://doi.org/10.1017/S0954102001000219","article PDF (Cambridge University Press); copyright with the publisher; the csv is our transcription"
"databases/Mercer_etal_2001","Mercer_etal_2001","sources/databases/Mercer_etal_2001/Mercer_2001_adult_fresh_mass_transcribed.csv","parsed","5641","8a2c536dcaf15f1a7d13bceb7ac7cf2bb01554aa50093220bbff5506fd51a677","transcription (facts)","README","yes","Mercer, Chown & Marshall (2001) Antarctic Science 13:135-143","https://doi.org/10.1017/S0954102001000219","our transcription/parse of the source table (facts)"
"databases/Mercer_etal_2001","Mercer_etal_2001","sources/databases/Mercer_etal_2001/README.md","doc","1590","7105e711e2b8699e5c895e923000cc35add5dc5a531dc923f537b7974c806625","repository (CC BY 4.0)","repository LICENSE","yes","","",""
"databases/Mulder_2011","Mulder_2011","sources/databases/Mulder_2011/BodyMass_Mulder_2011.r","code","1513","762519b9a838429a5abe144c034a03d4abff4acb002dc3b1c08d63e4ad4187dc","repository (CC BY 4.0)","repository LICENSE","yes","","",""
"databases/Mulder_2011","Mulder_2011","sources/databases/Mulder_2011/Citation.bib","doc","655","1e09265c036e5617f4ee62900bad422dd1c66911501b46dc8091baba1c2bdb96","repository (CC BY 4.0)","repository LICENSE","yes","","",""
"databases/Mulder_2011","Mulder_2011","sources/databases/Mulder_2011/Dutchagroecosystems.txt","raw","23792","e28df4aac37f514742a688e36a82a737accb0155fdb14f359e41c03872b9e5b9","no copyright restrictions (Ecological Archives)","in-file","yes","Mulder & Vonk (2011) Ecology 92:2071, Ecological Archives E092-171","https://doi.org/10.1890/11-0546.1","metadata.htm: ""Copyright restrictions: None. Proprietary restrictions: None."""
"databases/Mulder_2011","Mulder_2011","sources/databases/Mulder_2011/README.md","doc","1412","2b28ba6afd3d632b4038c1aa518dbf94fd9cc19d0b999eb6c162e43225591066","repository (CC BY 4.0)","repository LICENSE","yes","","",""
"databases/Mulder_2011","Mulder_2011","sources/databases/Mulder_2011/Traitsoilnematofauna.txt","raw","6375581","1395dac0d6879186ae52488c1ae43d2e8f9ea33984675a8ac8add1984af82cde","no copyright restrictions (Ecological Archives)","in-file","yes","Mulder & Vonk (2011) Ecology 92:2071, Ecological Archives E092-171","https://doi.org/10.1890/11-0546.1","metadata.htm: ""Copyright restrictions: None. Proprietary restrictions: None."""
"databases/Mulder_2011","Mulder_2011","sources/databases/Mulder_2011/default.htm","raw","5640","b4159cbf875e15c8f9f1ab382b5d79c9740990b51e24b7fa62253b312a0c58c2","no copyright restrictions (Ecological Archives)","in-file","yes","Mulder & Vonk (2011) Ecology 92:2071, Ecological Archives E092-171","https://doi.org/10.1890/11-0546.1","metadata.htm: ""Copyright restrictions: None. Proprietary restrictions: None."""
"databases/Mulder_2011","Mulder_2011","sources/databases/Mulder_2011/metadata.htm","raw","186809","9a7ffa4ab4fcd30145fb2420dbd4b05e17f0d78c9620e9e0137e0f06cebb49a4","no copyright restrictions (Ecological Archives)","in-file","yes","Mulder & Vonk (2011) Ecology 92:2071, Ecological Archives E092-171","https://doi.org/10.1890/11-0546.1","metadata.htm: ""Copyright restrictions: None. Proprietary restrictions: None."""
"databases/Mull_etal_2022","Mull_etal_2022","sources/databases/Mull_etal_2022/BodyMass_Mull_etal_2022.r","code","1428","99056f8f8beec1b36ce7d34613fff4f74e1081d468c1408b389b17edebfcca45","repository (CC BY 4.0)","repository LICENSE","yes","","",""
"databases/Mull_etal_2022","Mull_etal_2022","sources/databases/Mull_etal_2022/Citation.bib","doc","835","53f9728bf16c53d2cf4adc8f525e5dca7c66e4c3d0455c6f4d092569a217bd18","repository (CC BY 4.0)","repository LICENSE","yes","","",""
"databases/Mull_etal_2022","Mull_etal_2022","sources/databases/Mull_etal_2022/README.md","doc","1074","1b53e822728656ed49c60a3576c9b1ce7fa65237fa4587608dddc22e3d46f285","repository (CC BY 4.0)","repository LICENSE","yes","","",""
"databases/Mull_etal_2022","Mull_etal_2022","sources/databases/Mull_etal_2022/Sharkipedia-Traits-v1.0-22-01-25.csv","raw","812477","7b2dc405e7fb9fa69ba8c908a77fcc09cf8724b296a546b86c223996f8308718","unknown; owner to check","not on disk","unknown","Sharkipedia (Mull et al. 2022, Scientific Data 9:559), traits export v1.0 from sharkipedia.org","https://www.sharkipedia.org","the 2026-10-02 audit read CC BY 4.0 on Zenodo 6656525; the export is from the website, whose terms are to be checked"
"databases/Oskyrko_2024","Oskyrko_2024","sources/databases/Oskyrko_2024/BodyMass_Oskyrko_2024.r","code","8631","c887355c1b3a29995b346d91894e88f3da982ca5a5e5a35b3c721ec7524283be","repository (CC BY 4.0)","repository LICENSE","yes","","",""
"databases/Oskyrko_2024","Oskyrko_2024","sources/databases/Oskyrko_2024/Citation.bib","doc","1714","63c4206f62d8c8058011b6f296f7e317b55356a2c47e27d1e011601a68ef2da6","repository (CC BY 4.0)","repository LICENSE","yes","","",""
"databases/Oskyrko_2024","Oskyrko_2024","sources/databases/Oskyrko_2024/README.md","doc","9661","9d45f5710255a69436076e07a9f600c2b5860e397acd2bf817b3b24fad3f4cbe","repository (CC BY 4.0)","repository LICENSE","yes","","",""
"databases/Oskyrko_2024","Oskyrko_2024","sources/databases/Oskyrko_2024/ReptTraits dataset v1-2_data.csv","raw","3753745","14c40597902f089ed0b4c8d0077a7aa994aa2d43a9d02f1d892e087107057def","CC BY 4.0","README","yes","ReptTraits (Oskyrko et al. 2024, Scientific Data 11:243), figshare 10.6084/m9.figshare.24572683; CC BY 4.0","https://doi.org/10.6084/m9.figshare.24572683",""
"databases/Oskyrko_2024","Oskyrko_2024","sources/databases/Oskyrko_2024/ReptTraits dataset v1-2_references.csv","raw","230999","b03d2e1e1b35c6d21703aaa2ef5f5538228046fe3e5b41c60c10e6e21e0dc322","CC BY 4.0","README","yes","ReptTraits (Oskyrko et al. 2024, Scientific Data 11:243), figshare 10.6084/m9.figshare.24572683; CC BY 4.0","https://doi.org/10.6084/m9.figshare.24572683",""
"databases/Oskyrko_2024","Oskyrko_2024","sources/databases/Oskyrko_2024/ReptTraits dataset v1-2_sources.csv","raw","6328977","3614695a30591820488391f8bad6fad004938f062411ef885f492d43ab955dd1","CC BY 4.0","README","yes","ReptTraits (Oskyrko et al. 2024, Scientific Data 11:243), figshare 10.6084/m9.figshare.24572683; CC BY 4.0","https://doi.org/10.6084/m9.figshare.24572683",""
"databases/Oskyrko_2024","Oskyrko_2024","sources/databases/Oskyrko_2024/ReptTraits dataset v1-2_traitdefinitions.csv","raw","6153","88485be18db341c67bd13cf14847d03a9b12462a09daf4742ae1cf140f516afb","CC BY 4.0","README","yes","ReptTraits (Oskyrko et al. 2024, Scientific Data 11:243), figshare 10.6084/m9.figshare.24572683; CC BY 4.0","https://doi.org/10.6084/m9.figshare.24572683",""
"databases/Oskyrko_2024","Oskyrko_2024","sources/databases/Oskyrko_2024/primary_references.csv","derived","12654","6ff4bc14dcdb88ea003f07637c745a4ce650b812e55e444bf66b0e7d39379046","repository (CC BY 4.0)","repository LICENSE","yes","","","our own working table (repository licence)"
"databases/Oskyrko_2024","Oskyrko_2024","sources/databases/Oskyrko_2024/references.csv","derived","3622","45865c88332ece0851a21fbd3a1935d6ef51e63189822e4acb3bce1caaa9c04e","repository (CC BY 4.0)","repository LICENSE","yes","","","our own working table (repository licence)"
"databases/Pata_2025","Pata_2025","sources/databases/Pata_2025/BodyMass_Pata_2025.r","code","1208","ad0d8b18c6d9366c4d2cef4901c3fa7e4ead97ae0684492d146a5d5257039763","repository (CC BY 4.0)","repository LICENSE","yes","","",""
"databases/Pata_2025","Pata_2025","sources/databases/Pata_2025/Citation.bib","doc","2520","87816ab2884a589ecd2a1d1c34f98059a0ebf212979034eef9cc3cfc272ee81c","repository (CC BY 4.0)","repository LICENSE","yes","","",""
"databases/Pata_2025","Pata_2025","sources/databases/Pata_2025/License.txt","raw","20138","187442db4df3afd21f2f0525739fd4beac28a62daaba3ee8d3533f60e7c33ec7","CC BY-SA 4.0","in-file","share-alike","Zooplankton trait database, level 2 (Pata & Hunt, 2023-09-14); CC BY-SA 4.0","https://doi.org/10.1002/lno.12478","License.txt is the CC BY-SA 4.0 legal code; disclosed as a share-alike carve-out; query to Pata & Hunt pending"
"databases/Pata_2025","Pata_2025","sources/databases/Pata_2025/README.md","doc","4450","507392aa9f4832f717ef7f68d80c67b3b30f33a1f599c4136396cf859fa73841","repository (CC BY 4.0)","repository LICENSE","yes","","",""
"databases/Pata_2025","Pata_2025","sources/databases/Pata_2025/data_input/Trait_dataset_level2/trait_dataset_level2-2023-09-14.csv","raw","12676271","79de19fd93585f7fb01ea76421d90a226fc4de19c820a0bd567e57cc22e450a7","CC BY-SA 4.0","in-file","share-alike","Zooplankton trait database, level 2 (Pata & Hunt, 2023-09-14); CC BY-SA 4.0","https://doi.org/10.1002/lno.12478","License.txt is the CC BY-SA 4.0 legal code; disclosed as a share-alike carve-out; query to Pata & Hunt pending"
"databases/Pekar_etal_2021","Pekar_etal_2021","sources/databases/Pekar_etal_2021/BodyMass_Pekar_etal_2021.r","code","1098","e98ab9a1af59f9af54feb9b79864faa14a074a2d07d2a394c448d3cbeba758cc","repository (CC BY 4.0)","repository LICENSE","yes","","",""
"databases/Pekar_etal_2021","Pekar_etal_2021","sources/databases/Pekar_etal_2021/Citation.bib","doc","3089","3f250ebd4ddd37bde947c9efa881d985da0709cbffbd6ec3249ea6f5b76c8597","repository (CC BY 4.0)","repository LICENSE","yes","","",""
"databases/Pekar_etal_2021","Pekar_etal_2021","sources/databases/Pekar_etal_2021/README.md","doc","1058","fefdb5c7d8f33c375f3ab47fd6564518212ef9ac2a29d0e7928bbd0d9b863dd5","repository (CC BY 4.0)","repository LICENSE","yes","","",""
"databases/Pekar_etal_2021","Pekar_etal_2021","sources/databases/Pekar_etal_2021/wstdb-1785518160391.csv","raw","432211","46beaead04508b1c04736d7f506151e4dbfb40c1d4cb17306abe3f9815153565","unknown; owner to check","not on disk","unknown","World Spider Trait database (Pekar et al. 2021, Database 2021:baab064), export","https://spidertraits.sci.muni.cz","the 2026-10-02 audit read CC BY 4.0; not restated in the export"
"databases/Quaardvark","Quaardvark","sources/databases/Quaardvark/BodyMass_Quaardvark.r","code","595","4c4f162fab7eb24b38c9404bdb0343a4e3ebfd4663c75a688c4edb34a2e434e9","repository (CC BY 4.0)","repository LICENSE","yes","","",""
"databases/Quaardvark","Quaardvark","sources/databases/Quaardvark/README.md","doc","1252","23b83c7fcda3cb4f9ece250fd1d9bcc12e38aebf86b00e677bba90049abe069b","repository (CC BY 4.0)","repository LICENSE","yes","","",""
"databases/Quaardvark","Quaardvark","sources/databases/Quaardvark/report-201802270108.csv","raw","121974","3007f9b0de917a08e3147c0c8d5a472225502cf432a36c6ea693ead5c2cc6175","CC BY-NC-SA 3.0","owner decision 2026-10-06","non-commercial","Animal Diversity Web (Myers et al.), Quaardvark report of 2018-02-27; CC BY-NC-SA 3.0. Citation form: Author. Year. ""Species"" (On-line), Animal Diversity Web. Accessed <date> at <URL>","https://animaldiversity.org","ADW conditions-of-use page (owner's note of 2026-10-02, not on disk); disclosed as a non-commercial share-alike carve-out; no README and no Citation.bib before 2026-10-06"
"databases/Reum_2012","Reum_2012","sources/databases/Reum_2012/BodyMass_Reum_2012.r","code","369","bb5e314ffc9b6cf250807527bd9db65d1cfe7bdc899aeba32a012ebb57a74d98","repository (CC BY 4.0)","repository LICENSE","yes","","",""
"databases/Reum_2012","Reum_2012","sources/databases/Reum_2012/Citation.bib","doc","589","097a811f936ad3a1198618291e8909d4f7ca5dee1ad2bb3bbda91d338c11ffb1","repository (CC BY 4.0)","repository LICENSE","yes","","",""
"databases/Reum_2012","Reum_2012","sources/databases/Reum_2012/README.md","doc","861","5f3651870185316b7bed28840bb68033742e8ee580fef4032ed2bd957bc76f6f","repository (CC BY 4.0)","repository LICENSE","yes","","",""
"databases/Reum_2012","Reum_2012","sources/databases/Reum_2012/Reum_2012.csv","parsed","882","acc0466d9015e5bc20701fe48f3652db77b4d2f538d5ccdbd3209dbb206c8c08","transcription (facts)","README","yes","Reum & Hunsicker (2012) Marine Ecology Progress Series 466:167-175; values transcribed","","our transcription/parse of the source table (facts)"
"databases/Reum_2013","Reum_2013","sources/databases/Reum_2013/BodyMass_Reum_2013.r","code","807","fc4fccf08f97fc2c487230336b617c1a7296d6818b89d8f43f6994cadf065bde","repository (CC BY 4.0)","repository LICENSE","yes","","",""
"databases/Reum_2013","Reum_2013","sources/databases/Reum_2013/Citation.bib","doc","791","09b459e80bcf512322d973b755d97a07006e59ed51738e2fe7c71336ab99f2ce","repository (CC BY 4.0)","repository LICENSE","yes","","",""
"databases/Reum_2013","Reum_2013","sources/databases/Reum_2013/README.md","doc","877","777d5cb3f209c97dacd9f54cadf550dfb98a9bd0d11c3b5d9ec0c9ea662326b8","repository (CC BY 4.0)","repository LICENSE","yes","","",""
"databases/Reum_2013","Reum_2013","sources/databases/Reum_2013/Reum_2013_Appendix2_BodyMass.csv","parsed","2569","7b921ef376f44c5cb39269ec0f75528a0f4395d6e62bb585e6cc8a6b5800f122","transcription (facts)","README","yes","Reum & Marshall (2013) Oecologia 173:1159-1168, Appendix 2; values transcribed","https://doi.org/10.1007/s00442-013-2715-7","our transcription/parse of the source table (facts)"
"databases/Sarmiento-Lezcano_2023","Sarmiento-Lezcano_2023","sources/databases/Sarmiento-Lezcano_2023/BodyMass_Sarmiento-Lezcano_2023.r","code","507","4a8beb211b4771c9010fcac2abd052730445f18337f2ff99117ae587228a63ee","repository (CC BY 4.0)","repository LICENSE","yes","","",""
"databases/Sarmiento-Lezcano_2023","Sarmiento-Lezcano_2023","sources/databases/Sarmiento-Lezcano_2023/Citation.bib","doc","1906","d6099412d765cc2643b7880bac496de49a49e995be5055254745a9b2289211e9","repository (CC BY 4.0)","repository LICENSE","yes","","",""
"databases/Sarmiento-Lezcano_2023","Sarmiento-Lezcano_2023","sources/databases/Sarmiento-Lezcano_2023/Cyclothone_body_mass_density.tab","raw","44501","82969eae0e903397dd5e7a82c73431a19dcd0c4e83d2602ef558812be1e72240","CC BY 4.0","in-file","yes","Sarmiento-Lezcano et al. (2023) Body mass-density of Cyclothone species ...; PANGAEA 10.1594/PANGAEA.954923; CC BY 4.0","https://doi.org/10.1594/PANGAEA.954923","PANGAEA file header: ""License: Creative Commons Attribution 4.0 International"""
"databases/Sarmiento-Lezcano_2023","Sarmiento-Lezcano_2023","sources/databases/Sarmiento-Lezcano_2023/README.md","doc","1027","aaa0ae335e8df33a0538ab50ae1d57fe1093300c2cba4d3d1cf7a739e776825d","repository (CC BY 4.0)","repository LICENSE","yes","","",""
"databases/Sealifebase","sealifebase","sources/databases/Sealifebase/BodyMass_Sealifebase.r","code","456","29ca78d500e4ab39d9637a4a8c443184080f3caeab869a112d5d879a2a9de6d3","repository (CC BY 4.0)","repository LICENSE","yes","","",""
"databases/Sealifebase","sealifebase","sources/databases/Sealifebase/Citation.bib","doc","430","121ca3d3a9bc716e596c691145aa1beef08fbac26d607de8d6b93ee63e1f8367","repository (CC BY 4.0)","repository LICENSE","yes","","",""
"databases/Sealifebase","sealifebase","sources/databases/Sealifebase/README.md","doc","1184","c7fe90973fd3586d6a1efa22c79c8096c7117e09858dbcc444cfd22370a03e10","repository (CC BY 4.0)","repository LICENSE","yes","","",""
"databases/Smith_etal_2003","Smith_2003","sources/databases/Smith_etal_2003/BodyMass_Smith_etal_2003.r","code","3437","96fe42a19507089d4681deac79d50137b05011191e32331dcfdb665250d3add8","repository (CC BY 4.0)","repository LICENSE","yes","","",""
"databases/Smith_etal_2003","Smith_2003","sources/databases/Smith_etal_2003/Citation.bib","doc","4681","5647e12d969b3265696ddacadd2a0255141a7c639126cf8819e1009f7bc8f7a1","repository (CC BY 4.0)","repository LICENSE","yes","","",""
"databases/Smith_etal_2003","Smith_2003","sources/databases/Smith_etal_2003/MOM v10.2.xlsx","raw","1010803","eca4370dff8ce2e307a22fee06a0a9a132c3be1c5d62ba9bd1f3b2f06ed6e4e4","unpublished","README","no","Smith et al. (2003) Ecology 84:3403 (MOM); lab version v10.2, unpublished Smith-lab update","https://github.com/TaxonBodyMassML/TaxonBodyMass_DB/issues/4","terms of the unpublished workbook not recorded (issue #4); kept tracked while F. Smith's answer is pending (owner decision 2026-10-06)"
"databases/Smith_etal_2003","Smith_2003","sources/databases/Smith_etal_2003/MOMv10.2.csv","raw","1195602","42d472d5534cfea11c57c26bdcad5a32dd061a9e6ef8426f6256c73c6737a57f","unpublished","README","no","Smith et al. (2003) Ecology 84:3403 (MOM); lab version v10.2, unpublished Smith-lab update","https://github.com/TaxonBodyMassML/TaxonBodyMass_DB/issues/4","terms of the unpublished workbook not recorded (issue #4); kept tracked while F. Smith's answer is pending (owner decision 2026-10-06)"
"databases/Smith_etal_2003","Smith_2003","sources/databases/Smith_etal_2003/README.md","doc","14349","71311b1af05c43c8036ed5d5d61d304850bda928b32e3ce3d617105d353d629b","repository (CC BY 4.0)","repository LICENSE","yes","","",""
"databases/Smith_etal_2003","Smith_2003","sources/databases/Smith_etal_2003/build_references.r","code","3122","d4dbe0de4162e7304e3efb92a283202f1e97a9aba88b571f2092aac0cb9fd9a7","repository (CC BY 4.0)","repository LICENSE","yes","","",""
"databases/Smith_etal_2003","Smith_2003","sources/databases/Smith_etal_2003/primary_references.csv","derived","145741","538b23ace63269d8aee54d11e0dcc33e7d3896c9b17255b29bcd198ef0a36c39","repository (CC BY 4.0)","repository LICENSE","yes","","","our own working table (repository licence)"
"databases/Smith_etal_2003","Smith_2003","sources/databases/Smith_etal_2003/references.csv","derived","53999","9850f9e25c3ae4f097d37bb592ca7a679b765333670124e56b19b221f4e024c2","repository (CC BY 4.0)","repository LICENSE","yes","","","our own working table (repository licence)"
"databases/Smith_etal_2003","Smith_2003","sources/databases/Smith_etal_2003/text_keys.csv","derived","9011","8516031529ff7cc0189b8f616cceb304c65ef1a64deea30bafda8448a5103325","repository (CC BY 4.0)","repository LICENSE","yes","","","our own working table (repository licence)"
"databases/Soria_etal_2021","Soria_etal_2021","sources/databases/Soria_etal_2021/BodyMass_Soria_etal_2021.r","code","1000","9c55aa9072982035b7c33b305362f8532f1c7b089bde3f810ca74db2223dedb8","repository (CC BY 4.0)","repository LICENSE","yes","","",""
"databases/Soria_etal_2021","Soria_etal_2021","sources/databases/Soria_etal_2021/Citation.bib","doc","708","d132623402048b94ec400e33c0bfb29449305364946fbe0fb0c725a5991cabe3","repository (CC BY 4.0)","repository LICENSE","yes","","",""
"databases/Soria_etal_2021","Soria_etal_2021","sources/databases/Soria_etal_2021/README.md","doc","1249","264962194c8789499dbd845703a60ebf20672cdad08143a494582fd2f044be09","repository (CC BY 4.0)","repository LICENSE","yes","","",""
"databases/Soria_etal_2021","Soria_etal_2021","sources/databases/Soria_etal_2021/trait_data_reported.csv","raw","1612538","14ace2dff03b71c20dc923a9eb293aaadc29934e21c6f11fa30d1b70e5abab92","CC BY 4.0","README","yes","COMBINE (Soria et al. 2021, Ecology 102:e03344), figshare 10.6084/m9.figshare.13028255; CC BY 4.0","https://doi.org/10.6084/m9.figshare.13028255",""
"databases/Tobias_etal_2022","Tobias_2022","sources/databases/Tobias_etal_2022/AVONET_Supplementary_dataset_1.xlsx","raw","21524673","eb645e83dddb40f1654a3e8d721998dbca76eff540231b7b809267c1e96f8d3e","CC BY 4.0","README","yes","AVONET (Tobias et al. 2022, Ecology Letters 25:581-597), figshare 10.6084/m9.figshare.16586228; CC BY 4.0","https://doi.org/10.6084/m9.figshare.16586228",""
"databases/Tobias_etal_2022","Tobias_2022","sources/databases/Tobias_etal_2022/BodyMass_Tobias_etal_2022.r","code","2648","4af25f2bcedaa8627a60d7045dd718b61bcc0b6d67a36171c7df5416c5d1a2ab","repository (CC BY 4.0)","repository LICENSE","yes","","",""
"databases/Tobias_etal_2022","Tobias_2022","sources/databases/Tobias_etal_2022/Citation.bib","doc","745","9a6d769f8c38b8e2fe367b91e9ab37f65da91bad53ba9210e098c66adcde2e6f","repository (CC BY 4.0)","repository LICENSE","yes","","",""
"databases/Tobias_etal_2022","Tobias_2022","sources/databases/Tobias_etal_2022/README.md","doc","5999","e58213736c206832326cc7d59e68d2ba8a9b966fa54af8721da0e0c258258990","repository (CC BY 4.0)","repository LICENSE","yes","","",""
"databases/Tobias_etal_2022","Tobias_2022","sources/databases/Tobias_etal_2022/primary_references.csv","derived","38113","7068228c95790afe0b5ea6ebd60b3826289c9abe4864aa8b732d8abaf1486061","repository (CC BY 4.0)","repository LICENSE","yes","","","our own working table (repository licence)"
"databases/Tobias_etal_2022","Tobias_2022","sources/databases/Tobias_etal_2022/references.csv","derived","9464","e7992e67adcc157901df16155ef59f55d96b422af8ae7c4e444a031831408eac","repository (CC BY 4.0)","repository LICENSE","yes","","","our own working table (repository licence)"
"databases/Trochet_2014","Trochet_2014","sources/databases/Trochet_2014/BodyMass_Trochet_2014.r","code","386","501616e6ed2b182d74916d05b936853f819e6f85a3dddd25512f8e339d3a1f87","repository (CC BY 4.0)","repository LICENSE","yes","","",""
"databases/Trochet_2014","Trochet_2014","sources/databases/Trochet_2014/Citation.bib","doc","1930","b14a71dee63d7deb64be9e792359945513e33604eca8eb538b83af0cc0674b02","repository (CC BY 4.0)","repository LICENSE","yes","","",""
"databases/Trochet_2014","Trochet_2014","sources/databases/Trochet_2014/README.md","doc","970","fb063bf50321483599e059a82388cbaa921033d9f7a2e11bcd1c11df7134ee8c","repository (CC BY 4.0)","repository LICENSE","yes","","",""
"databases/Trochet_2014","Trochet_2014","sources/databases/Trochet_2014/oo_32985.csv","raw","61619","6924aa0f77ddd31bf01e607a7ac7a9041953b2f0a77c152165d1060c6165bf6f","unknown; owner to check","not on disk","unknown","Trochet et al. (2014) Biodiversity Data Journal 2:e4123, supplementary tables","https://doi.org/10.3897/BDJ.2.e4123","the 2026-10-02 audit read CC BY 4.0 (BDJ); not restated in the files"
"databases/Trochet_2014","Trochet_2014","sources/databases/Trochet_2014/oo_32986.csv","raw","44838","dd9c94c32968f9d9df6bd999e07be806847f927f649b80c0c49f5e5928fd68b6","unknown; owner to check","not on disk","unknown","Trochet et al. (2014) Biodiversity Data Journal 2:e4123, supplementary tables","https://doi.org/10.3897/BDJ.2.e4123","the 2026-10-02 audit read CC BY 4.0 (BDJ); not restated in the files"
"databases/Tsuboi_etal_2018","Tsuboi_etal_2018","sources/databases/Tsuboi_etal_2018/BodyMass_Tsuboi_etal_2018.r","code","2167","d7a9d5820e9a62ce740448bbe3c0bc19cf53c42cab0ef4b71173de9f75deb6bd","repository (CC BY 4.0)","repository LICENSE","yes","","",""
"databases/Tsuboi_etal_2018","Tsuboi_etal_2018","sources/databases/Tsuboi_etal_2018/Citation.bib","doc","852","e43b1b8bc55b0e3dab64f0bccedefefeddfaa3fc40d9d99d8846511a3c5338f6","repository (CC BY 4.0)","repository LICENSE","yes","","",""
"databases/Tsuboi_etal_2018","Tsuboi_etal_2018","sources/databases/Tsuboi_etal_2018/README.md","doc","1564","e7e86ff3fd072d1ffa34d414ad8c6cd3ea29434f97be5624285b75002ad8ee36","repository (CC BY 4.0)","repository LICENSE","yes","","",""
"databases/Tsuboi_etal_2018","Tsuboi_etal_2018","sources/databases/Tsuboi_etal_2018/amphibian.xlsx","raw","89709","79a5540dad712fbbf9399a973a8cfb175967b081a40d8c52f45baffb566fe1ce","CC0 1.0","README","yes","Tsuboi et al. (2018) Nature Ecology & Evolution 2:1492-1500; Springer Nature figshare 10.6084/m9.figshare.6803276; CC0","https://doi.org/10.6084/m9.figshare.6803276",""
"databases/Tsuboi_etal_2018","Tsuboi_etal_2018","sources/databases/Tsuboi_etal_2018/bird.xlsx","raw","1126942","fa996676035be9f042699aafca23b06869d82ffb41e72d31341a2626320fbb21","CC0 1.0","README","yes","Tsuboi et al. (2018) Nature Ecology & Evolution 2:1492-1500; Springer Nature figshare 10.6084/m9.figshare.6803276; CC0","https://doi.org/10.6084/m9.figshare.6803276",""
"databases/Tsuboi_etal_2018","Tsuboi_etal_2018","sources/databases/Tsuboi_etal_2018/mammal.xlsx","raw","373510","fda61dbdff684abd678713bcbaf0cfcdd9e26d99522ddacf55584fe36b90964c","CC0 1.0","README","yes","Tsuboi et al. (2018) Nature Ecology & Evolution 2:1492-1500; Springer Nature figshare 10.6084/m9.figshare.6803276; CC0","https://doi.org/10.6084/m9.figshare.6803276",""
"databases/Tsuboi_etal_2018","Tsuboi_etal_2018","sources/databases/Tsuboi_etal_2018/reptile.xlsx","raw","56289","1f5e85648f916617461e019ea3b78c5e40d449ea4fe87d6e78a8d8d6a91e6f43","CC0 1.0","README","yes","Tsuboi et al. (2018) Nature Ecology & Evolution 2:1492-1500; Springer Nature figshare 10.6084/m9.figshare.6803276; CC0","https://doi.org/10.6084/m9.figshare.6803276",""
"databases/Tsuboi_etal_2018","Tsuboi_etal_2018","sources/databases/Tsuboi_etal_2018/shark_ray.xlsx","raw","86236","587b834fe66d507bfca831ed83c9bb6381cb0922a595943ea31cc2d3a4e03d83","CC0 1.0","README","yes","Tsuboi et al. (2018) Nature Ecology & Evolution 2:1492-1500; Springer Nature figshare 10.6084/m9.figshare.6803276; CC0","https://doi.org/10.6084/m9.figshare.6803276",""
"databases/Tsuboi_etal_2018","Tsuboi_etal_2018","sources/databases/Tsuboi_etal_2018/teleost.xlsx","raw","310372","53376eb85a61001fc4a95e49f4863353b866f6a785b7ef1e8f827b012eee8db4","CC0 1.0","README","yes","Tsuboi et al. (2018) Nature Ecology & Evolution 2:1492-1500; Springer Nature figshare 10.6084/m9.figshare.6803276; CC0","https://doi.org/10.6084/m9.figshare.6803276",""
"databases/Tucker_etal_2014a","Tucker_etal_2014a","sources/databases/Tucker_etal_2014a/BodyMass_Tucker_etal_2014a.r","code","382","ad65a461ec3df442004288e92287d740cd749176d0b4defa8c77370223e8e843","repository (CC BY 4.0)","repository LICENSE","yes","","",""
"databases/Tucker_etal_2014a","Tucker_etal_2014a","sources/databases/Tucker_etal_2014a/Citation.bib","doc","641","3c1c420d122fbb8c515f7ba948529403a393e2c401966983a64f483ade476780","repository (CC BY 4.0)","repository LICENSE","yes","","",""
"databases/Tucker_etal_2014a","Tucker_etal_2014a","sources/databases/Tucker_etal_2014a/README.md","doc","1135","ef242833bc9edffe8b2f4fb02a5fc9efd3af28cf0dcd8b737c089fb14997699c","repository (CC BY 4.0)","repository LICENSE","yes","","",""
"databases/Tucker_etal_2014a","Tucker_etal_2014a","sources/databases/Tucker_etal_2014a/TrophicLevel_Appendix1.csv","raw","28588","a2240cf717bfaa67950d833ddf842eafd39d1f6ceafb69b978835882f1a2733c","unknown; owner to check","not on disk","unknown","Tucker & Rogers (2014) Proceedings of the Royal Society B 281:20142103, Appendix 1; figshare 10.6084/m9.figshare.988696","https://doi.org/10.6084/m9.figshare.988696","the 2026-10-02 audit read CC BY 4.0 on the figshare record; the 2014a/2014b Citation.bib entries are swapped (side issue)"
"databases/Tucker_etal_2014a","Tucker_etal_2014a","sources/databases/Tucker_etal_2014a/TrophicLevel_Appendix1.xlsx","raw","59582","97d98e259a56f93be97b08f6bac4bf3fac19bc15b6eec78b6f478eb634c1674e","unknown; owner to check","not on disk","unknown","Tucker & Rogers (2014) Proceedings of the Royal Society B 281:20142103, Appendix 1; figshare 10.6084/m9.figshare.988696","https://doi.org/10.6084/m9.figshare.988696","the 2026-10-02 audit read CC BY 4.0 on the figshare record; the 2014a/2014b Citation.bib entries are swapped (side issue)"
"databases/Tucker_etal_2014b","Tucker_etal_2014b","sources/databases/Tucker_etal_2014b/BodyMass_Tucker_etal_2014b.r","code","377","0b0ec8ad5d381cb4e4a452e03826f93161b2bba6b1dc4ac74a78d11c05c21c77","repository (CC BY 4.0)","repository LICENSE","yes","","",""
"databases/Tucker_etal_2014b","Tucker_etal_2014b","sources/databases/Tucker_etal_2014b/Citation.bib","doc","658","356c9383b779efd854942bd5198b7916e49d39e59888004446bd4e2eed2044af","repository (CC BY 4.0)","repository LICENSE","yes","","",""
"databases/Tucker_etal_2014b","Tucker_etal_2014b","sources/databases/Tucker_etal_2014b/README.md","doc","1208","f92e32b1c579d8bb363434a95723a3afcadedcfcf45340bcb40de17e7001ae15","repository (CC BY 4.0)","repository LICENSE","yes","","",""
"databases/Tucker_etal_2014b","Tucker_etal_2014b","sources/databases/Tucker_etal_2014b/Tucker_etal_2014b.csv","parsed","39925","e91a236e9b1fd6553a0deaab226145c3eaafa78d466ad12d7f621c2810fe1d38","transcription (facts)","README","yes","Tucker, Ord & Rogers (2014) Global Ecology and Biogeography 23:1105-1114, Supporting Information","https://doi.org/10.1111/geb.12194","our transcription/parse of the source table (facts)"
"databases/Tucker_etal_2014b","Tucker_etal_2014b","sources/databases/Tucker_etal_2014b/geb12194-sup-0001-si-2.pdf","raw","753598","322bcb46d5edefda4380d6ca44b06acd62e19e24ebeeee476b0bce0ec61e08bc","publisher file","README","no","Tucker, Ord & Rogers (2014) Global Ecology and Biogeography 23:1105-1114, Supporting Information","https://doi.org/10.1111/geb.12194","Wiley supplementary PDF; copyright with the publisher; the csv is our transcription; the 2014a/2014b Citation.bib entries are swapped (side issue)"
"databases/Uyeda_etal_2017","Uyeda_etal_2017","sources/databases/Uyeda_etal_2017/BodyMass_Uyeda_etal_2017.r","code","1516","2043a506b884166c5711d8c01f8e8f42631bbb5b795fd1e96c8c0bf6f6c56095","repository (CC BY 4.0)","repository LICENSE","yes","","",""
"databases/Uyeda_etal_2017","Uyeda_etal_2017","sources/databases/Uyeda_etal_2017/Citation.bib","doc","670","518e7b7c7e700cda43963e8214b25eeb76168289990938b7655ec477073133ac","repository (CC BY 4.0)","repository LICENSE","yes","","",""
"databases/Uyeda_etal_2017","Uyeda_etal_2017","sources/databases/Uyeda_etal_2017/README.md","doc","908","ecb67b4fca19aea5173b59b8cfc11b9a9e9b57af493ff5e5bf469ee8bbe6ccc9","repository (CC BY 4.0)","repository LICENSE","yes","","",""
"databases/Uyeda_etal_2017","Uyeda_etal_2017","sources/databases/Uyeda_etal_2017/kolokotronesData.csv","raw","52441","a2523ff833cf3d19b50ee2336e52f08745903face8a293c08a2d104f3fa37e0f","CC0 1.0","README","yes","Uyeda et al. (2017) American Naturalist 190:185-199; Dryad 10.5061/dryad.3c6d2; CC0","https://doi.org/10.5061/dryad.3c6d2",""
"databases/Uyeda_etal_2017","Uyeda_etal_2017","sources/databases/Uyeda_etal_2017/kolokotronesTree.tre","raw","25983","4122e3ca3ccc527e4338286273783032abe5c13aa468828117f4dadb54f440d7","CC0 1.0","README","yes","Uyeda et al. (2017) American Naturalist 190:185-199; Dryad 10.5061/dryad.3c6d2; CC0","https://doi.org/10.5061/dryad.3c6d2",""
"databases/Uyeda_etal_2017","Uyeda_etal_2017","sources/databases/Uyeda_etal_2017/vertData.csv","raw","71058","33558215609190269457aee5d9a1ff9937d850b86423f1f711e34ef578087e2e","CC0 1.0","README","yes","Uyeda et al. (2017) American Naturalist 190:185-199; Dryad 10.5061/dryad.3c6d2; CC0","https://doi.org/10.5061/dryad.3c6d2",""
"databases/Uyeda_etal_2017","Uyeda_etal_2017","sources/databases/Uyeda_etal_2017/vertTree.tre","raw","35227","c51480e55f20add2b04582be2c128ee68722ba6b072f3bcc49d38610fc5c74c9","CC0 1.0","README","yes","Uyeda et al. (2017) American Naturalist 190:185-199; Dryad 10.5061/dryad.3c6d2; CC0","https://doi.org/10.5061/dryad.3c6d2",""
"databases/Vanni_2017","Vanni_2017","sources/databases/Vanni_2017/Aquatic_animal_excretion_data.csv","raw","3394636","b313f9821fa2aebe0f23ecdaf3671b135a7ab424e2bb0c8b3e35b584e8c07006","author permission (free to use with attribution)","README","yes","Vanni et al. (2017) A global database of nitrogen and phosphorus excretion rates of aquatic animals. Ecology 98:1475, Supporting Information","https://doi.org/10.1002/ecy.1792","the authors' statement in the data paper (""free to use and analyze ... attribution""); the Metadata S1 PDF is not committed; owner's call 2026-10-05"
"databases/Vanni_2017","Vanni_2017","sources/databases/Vanni_2017/Aquatic_animal_excretion_variable_descriptions.csv","raw","5195","2d738cff05c2fd0965aea98b59c046b5d5bb5c781437124b54f175bf28a9c9dd","author permission (free to use with attribution)","README","yes","Vanni et al. (2017) A global database of nitrogen and phosphorus excretion rates of aquatic animals. Ecology 98:1475, Supporting Information","https://doi.org/10.1002/ecy.1792","the authors' statement in the data paper (""free to use and analyze ... attribution""); the Metadata S1 PDF is not committed; owner's call 2026-10-05"
"databases/Vanni_2017","Vanni_2017","sources/databases/Vanni_2017/BodyMass_Vanni_2017.r","code","9248","c45c29d181a22359015d916d6b854bc30e2d2d16238f288337454c20968f5332","repository (CC BY 4.0)","repository LICENSE","yes","","",""
"databases/Vanni_2017","Vanni_2017","sources/databases/Vanni_2017/Citation.bib","doc","694","86c1a036cedc83b3acdf760a9681c3bcd9ef9a10829ef676ba57d02f751c018c","repository (CC BY 4.0)","repository LICENSE","yes","","",""
"databases/Vanni_2017","Vanni_2017","sources/databases/Vanni_2017/README.md","doc","20256","a4a989dfeca23ed7b458d450ca8c82854f7c11fc09a319ca10cb078f35fa42d4","repository (CC BY 4.0)","repository LICENSE","yes","","",""
"databases/Vanni_2017","Vanni_2017","sources/databases/Vanni_2017/build_references.py","code","10855","2215d19c45dbc6801e2fe1f03a5e14c2b0fb8b47f86db22a888a4f7c1cbffc0b","repository (CC BY 4.0)","repository LICENSE","yes","","",""
"databases/Vanni_2017","Vanni_2017","sources/databases/Vanni_2017/primary_references.csv","derived","47789","8456c6bb46c0644365b96c9044f3cea32bd5525d255a04979260d02646d5e472","repository (CC BY 4.0)","repository LICENSE","yes","","","our own working table (repository licence)"
"databases/Vanni_2017","Vanni_2017","sources/databases/Vanni_2017/references.csv","derived","19323","a12510879d20bf31ebccbb2c3d9d7af05ac2d7b31eba8fa4a23a9be5bfcac800","repository (CC BY 4.0)","repository LICENSE","yes","","","our own working table (repository licence)"
"databases/Verberk_2020","Verberk_2020","sources/databases/Verberk_2020/BodyMass_Verberk_2020.r","code","383","cf6a79c59fcaf6ffec1e2c470a37fc7cee86f9a0fe0f648a2acc3d1592b14046","repository (CC BY 4.0)","repository LICENSE","yes","","",""
"databases/Verberk_2020","Verberk_2020","sources/databases/Verberk_2020/Citation.bib","doc","700","c563fdcc53ceb6630b13c912be48b126a05bd06e9b8371a060e1dc827c29c237","repository (CC BY 4.0)","repository LICENSE","yes","","",""
"databases/Verberk_2020","Verberk_2020","sources/databases/Verberk_2020/Diving_dataset.csv","raw","589398","e4041466c0cebb8ce0ab8aebabd7bc9218a408db16b3636e44137005363d8b2e","unknown; owner to check","not on disk","unknown","Verberk et al. (2020) Proceedings of the Royal Society B 287:20200488; Dryad 10.5061/dryad.tqjq2bvv9","https://doi.org/10.5061/dryad.tqjq2bvv9","the 2026-10-02 audit read CC0 on the Dryad record"
"databases/Verberk_2020","Verberk_2020","sources/databases/Verberk_2020/README.md","doc","944","33344da853921210176699d42dd065ffaa5083f31cd3d5bfa14241ed430d78c5","repository (CC BY 4.0)","repository LICENSE","yes","","",""
"databases/Wascher_2025","Wascher_2025","sources/databases/Wascher_2025/BodyMass_Wascher_2025.r","code","3715","987fe8644e21e6d3a08bcc93b8ec77b282af8f2a084443c333532c3e9c4d64db","repository (CC BY 4.0)","repository LICENSE","yes","","",""
"databases/Wascher_2025","Wascher_2025","sources/databases/Wascher_2025/CORVIDATA.xlsx","raw","67946","b67cee7cb2cda64cc121d9030a9d78b53f89078402cf1e7995633ab6b0c7db26","CC BY 4.0","README","yes","CORVIDATA (Wascher 2025, Scientific Data 12:2032), Zenodo 10.5281/zenodo.17531251; CC BY 4.0","https://doi.org/10.5281/zenodo.17531251",""
"databases/Wascher_2025","Wascher_2025","sources/databases/Wascher_2025/CORVIDATA_metadata.csv","raw","19292","e5351adbb58be404e766e6df3e56a0bf22e23510e36a4fcbf132514977932c34","CC BY 4.0","README","yes","CORVIDATA (Wascher 2025, Scientific Data 12:2032), Zenodo 10.5281/zenodo.17531251; CC BY 4.0","https://doi.org/10.5281/zenodo.17531251",""
"databases/Wascher_2025","Wascher_2025","sources/databases/Wascher_2025/Citation.bib","doc","1785","593dbd1dc4c1a2b648b39195dcbff2f85b18c1f86ee4d89c6947ceb570b7b9e5","repository (CC BY 4.0)","repository LICENSE","yes","","",""
"databases/Wascher_2025","Wascher_2025","sources/databases/Wascher_2025/README.md","doc","7378","03f372a709978092c96f9c6b206e6732b8384f8118f25a78dd1b92f1439ba8fd","repository (CC BY 4.0)","repository LICENSE","yes","","",""
"databases/Wascher_2025","Wascher_2025","sources/databases/Wascher_2025/primary_references.csv","derived","3405","3ef9f7eeb04ff3aa9bcb3a5423f4a4b6ec21edb6c5b223686f28655d88df09fc","repository (CC BY 4.0)","repository LICENSE","yes","","","our own working table (repository licence)"
"databases/Wascher_2025","Wascher_2025","sources/databases/Wascher_2025/references.csv","derived","819","75cc1d7f9faa334f3258162f942dc31ff9530b5edbbe03d6c3d8405cc29e5c3c","repository (CC BY 4.0)","repository LICENSE","yes","","","our own working table (repository licence)"
"databases/Weisse_2024","Weisse_2024","sources/databases/Weisse_2024/BodyMass_Weisse_2024.r","code","1753","8c8886737a430e187f204e9db540fe039d505c8e0e64664e52752d67c8230e6d","repository (CC BY 4.0)","repository LICENSE","yes","","",""
"databases/Weisse_2024","Weisse_2024","sources/databases/Weisse_2024/Citation.bib","doc","614","26498b7d06080f9b0291ede9e960dcdd67c9120471414c61a886dede60ac8843","repository (CC BY 4.0)","repository LICENSE","yes","","",""
"databases/Weisse_2024","Weisse_2024","sources/databases/Weisse_2024/README.md","doc","1269","3d27b5e6791a1936bd3a9cf2e01628aec4446d81a11dab4c480c35fc59fd2239","repository (CC BY 4.0)","repository LICENSE","yes","","",""
"databases/Weisse_2024","Weisse_2024","sources/databases/Weisse_2024/README_dryad.md","raw","1110","97f653e63af24d45d2b733125c031eeba5abb7c695a0c94960663b2d7379b512","CC0 1.0","README","yes","Weisse (2024) Limnology and Oceanography 69:524-532; Dryad 10.5061/dryad.cnp5hqc99; CC0","https://doi.org/10.5061/dryad.cnp5hqc99",""
"databases/Weisse_2024","Weisse_2024","sources/databases/Weisse_2024/References.xlsx","raw","16419","b42232d942bcc6c9b6c37248516b041914e853d6de5903f0de4f8e28831388e1","CC0 1.0","README","yes","Weisse (2024) Limnology and Oceanography 69:524-532; Dryad 10.5061/dryad.cnp5hqc99; CC0","https://doi.org/10.5061/dryad.cnp5hqc99",""
"databases/Weisse_2024","Weisse_2024","sources/databases/Weisse_2024/Units_table.xlsx","raw","10810","ad025c0376f38ac4ea3a15b6a3c8749d7215512d1d3586c5d6ffd30d0d7d3de0","CC0 1.0","README","yes","Weisse (2024) Limnology and Oceanography 69:524-532; Dryad 10.5061/dryad.cnp5hqc99; CC0","https://doi.org/10.5061/dryad.cnp5hqc99",""
"databases/Weisse_2024","Weisse_2024","sources/databases/Weisse_2024/dataset_v2.xlsx","raw","22844","bed65e09497ba341ae84a0c894e56c7dad9ee91fe6cef1a4ce44f1f9c931bf40","CC0 1.0","README","yes","Weisse (2024) Limnology and Oceanography 69:524-532; Dryad 10.5061/dryad.cnp5hqc99; CC0","https://doi.org/10.5061/dryad.cnp5hqc99",""
"databases/Wilman_etal_2014","Wilman_etal_2014","sources/databases/Wilman_etal_2014/BirdFuncDat.txt","raw","2199507","97216eb1797da077169ebb1ebea275db293b09fc62f8bb8911f9beb98c50d321","no copyright restrictions (Ecological Archives)","in-file","yes","EltonTraits 1.0 (Wilman et al. 2014, Ecology 95:2027), Ecological Archives E095-178","https://doi.org/10.1890/13-1917.1","metadata.htm: ""Copyright restrictions: None. Proprietary restrictions: None. Costs: None."""
"databases/Wilman_etal_2014","Wilman_etal_2014","sources/databases/Wilman_etal_2014/BirdFuncDatSources.txt","raw","7667","b2b06482f1c189ff094ea33a66fbe8b45342048fb6b5661df59b887f1fd6736b","no copyright restrictions (Ecological Archives)","in-file","yes","EltonTraits 1.0 (Wilman et al. 2014, Ecology 95:2027), Ecological Archives E095-178","https://doi.org/10.1890/13-1917.1","metadata.htm: ""Copyright restrictions: None. Proprietary restrictions: None. Costs: None."""
"databases/Wilman_etal_2014","Wilman_etal_2014","sources/databases/Wilman_etal_2014/BodyMass_Wilman_etal_2014.r","code","6017","fdfd552c00efb9e99407e3c705517d8df74fd9d9c6dda34501dd6afaabe6fbc3","repository (CC BY 4.0)","repository LICENSE","yes","","",""
"databases/Wilman_etal_2014","Wilman_etal_2014","sources/databases/Wilman_etal_2014/Citation.bib","doc","3174","0355129af1fdc70dc0e4887379902766a11e290cbd460a11d9e1572602477964","repository (CC BY 4.0)","repository LICENSE","yes","","",""
"databases/Wilman_etal_2014","Wilman_etal_2014","sources/databases/Wilman_etal_2014/MamFuncDat.txt","raw","579107","51acbe6215b3c1f742463ff3fb37ef607150c052e0f7a9dc0d97fcaca61d3f76","no copyright restrictions (Ecological Archives)","in-file","yes","EltonTraits 1.0 (Wilman et al. 2014, Ecology 95:2027), Ecological Archives E095-178","https://doi.org/10.1890/13-1917.1","metadata.htm: ""Copyright restrictions: None. Proprietary restrictions: None. Costs: None."""
"databases/Wilman_etal_2014","Wilman_etal_2014","sources/databases/Wilman_etal_2014/MamFuncDatSources.txt","raw","31927","2fa49c7e493355201e2be5b1cc1402d3d1009f5d15c03644d54bbf87e6447c64","no copyright restrictions (Ecological Archives)","in-file","yes","EltonTraits 1.0 (Wilman et al. 2014, Ecology 95:2027), Ecological Archives E095-178","https://doi.org/10.1890/13-1917.1","metadata.htm: ""Copyright restrictions: None. Proprietary restrictions: None. Costs: None."""
"databases/Wilman_etal_2014","Wilman_etal_2014","sources/databases/Wilman_etal_2014/README.md","doc","9633","3c0cee10715882bec1bfc04b5c80138f3aabb1259efc5e923323e26b7c233f91","repository (CC BY 4.0)","repository LICENSE","yes","","",""
"databases/Wilman_etal_2014","Wilman_etal_2014","sources/databases/Wilman_etal_2014/default.htm","raw","8547","2bc0a07410b1989e838dcdd26f39d11181fe249349e9a4b23a535793118bd99a","no copyright restrictions (Ecological Archives)","in-file","yes","EltonTraits 1.0 (Wilman et al. 2014, Ecology 95:2027), Ecological Archives E095-178","https://doi.org/10.1890/13-1917.1","metadata.htm: ""Copyright restrictions: None. Proprietary restrictions: None. Costs: None."""
"databases/Wilman_etal_2014","Wilman_etal_2014","sources/databases/Wilman_etal_2014/metadata.htm","raw","51747","be3425118c2087a2795dff699d8264cbbc1b0c65fdbb93f0a7533b2d4ea54962","no copyright restrictions (Ecological Archives)","in-file","yes","EltonTraits 1.0 (Wilman et al. 2014, Ecology 95:2027), Ecological Archives E095-178","https://doi.org/10.1890/13-1917.1","metadata.htm: ""Copyright restrictions: None. Proprietary restrictions: None. Costs: None."""
"databases/Wilman_etal_2014","Wilman_etal_2014","sources/databases/Wilman_etal_2014/primary_references.csv","derived","43551","2cba3247dc782f941a3f0848725c8a036a0ef4d2412c1cf67104825942e9bb32","repository (CC BY 4.0)","repository LICENSE","yes","","","our own working table (repository licence)"
"databases/Wilman_etal_2014","Wilman_etal_2014","sources/databases/Wilman_etal_2014/references.csv","derived","32439","00174048c1780614e368673a41f0ed6c5903752229f51cce5994f9958b7723db","repository (CC BY 4.0)","repository LICENSE","yes","","","our own working table (repository licence)"
"databases/Wisnionski_2026","Wisnionski_2026","sources/databases/Wisnionski_2026/BodyMass_Wisnionski_2026.r","code","6624","072b59d04c03d534a1ab3d6ff14787b46a8b905e8c94e57daee138ae346a192a","repository (CC BY 4.0)","repository LICENSE","yes","","",""
"databases/Wisnionski_2026","Wisnionski_2026","sources/databases/Wisnionski_2026/Citation.bib","doc","685","8b49c9de824aff1b559c05a7ed44ea49cf8ffb4e24659e8d16c946cb0f7c996a","repository (CC BY 4.0)","repository LICENSE","yes","","",""
"databases/Wisnionski_2026","Wisnionski_2026","sources/databases/Wisnionski_2026/README.md","doc","9022","190eb99c1d2fe8125d927bd69e88884f8a541826479f83f367e2ea75aedf26b6","repository (CC BY 4.0)","repository LICENSE","yes","","",""
"databases/Wisnionski_2026","Wisnionski_2026","sources/databases/Wisnionski_2026/README_dryad.md","raw","8743","2282a45cb0ab3e583a7ce4306cb766708fcf33899032f86890f1857f796ef9a8","unknown; owner to check","not on disk","unknown","Wisnionski et al. (2026) Ecology and Evolution 16:e74243 (CC BY 4.0); data: Dryad 10.5061/dryad.79cnp5jbt","https://doi.org/10.5061/dryad.79cnp5jbt","the Dryad record licence is not restated (README); the supinfo PDF is the owner's rendering of the CC BY 4.0 article supplement"
"databases/Wisnionski_2026","Wisnionski_2026","sources/databases/Wisnionski_2026/TableS1_parsed.csv","parsed","10527","4a5564d00d6cf7babd2656c433d73d3e9551b1729acd3c93ec3e82516ee9c1e1","transcription (facts)","README","yes","Wisnionski et al. (2026) Ecology and Evolution 16:e74243 (CC BY 4.0); data: Dryad 10.5061/dryad.79cnp5jbt","https://doi.org/10.5061/dryad.79cnp5jbt","our transcription/parse of the source table (facts)"
"databases/Wisnionski_2026","Wisnionski_2026","sources/databases/Wisnionski_2026/VertData_birds.csv","raw","8031","1129fc60460659e6d3206af140475c821e5c0ea1b235d08c64a5ff2c315647af","unknown; owner to check","not on disk","unknown","Wisnionski et al. (2026) Ecology and Evolution 16:e74243 (CC BY 4.0); data: Dryad 10.5061/dryad.79cnp5jbt","https://doi.org/10.5061/dryad.79cnp5jbt","the Dryad record licence is not restated (README); the supinfo PDF is the owner's rendering of the CC BY 4.0 article supplement"
"databases/Wisnionski_2026","Wisnionski_2026","sources/databases/Wisnionski_2026/VertData_mammals.csv","raw","3230","b4837b8ae78545584af2f81f8a8de97d8d39edd713b61a47f164e5fdacb3c103","unknown; owner to check","not on disk","unknown","Wisnionski et al. (2026) Ecology and Evolution 16:e74243 (CC BY 4.0); data: Dryad 10.5061/dryad.79cnp5jbt","https://doi.org/10.5061/dryad.79cnp5jbt","the Dryad record licence is not restated (README); the supinfo PDF is the owner's rendering of the CC BY 4.0 article supplement"
"databases/Wisnionski_2026","Wisnionski_2026","sources/databases/Wisnionski_2026/VertData_reptiles.csv","raw","5213","7ceb99449fcfb83f2dbf0a5b5adfca14a71355626f35feb1158e707fe59e7b97","unknown; owner to check","not on disk","unknown","Wisnionski et al. (2026) Ecology and Evolution 16:e74243 (CC BY 4.0); data: Dryad 10.5061/dryad.79cnp5jbt","https://doi.org/10.5061/dryad.79cnp5jbt","the Dryad record licence is not restated (README); the supinfo PDF is the owner's rendering of the CC BY 4.0 article supplement"
"databases/Wisnionski_2026","Wisnionski_2026","sources/databases/Wisnionski_2026/ece374243-sup-0001-supinfo.pdf","raw","3341616","669de11334a773a8089c966371103705d803aa84c720c9b387777cc4468c2520","CC BY 4.0","not on disk","yes","Wisnionski et al. (2026) Ecology and Evolution 16:e74243 (CC BY 4.0); data: Dryad 10.5061/dryad.79cnp5jbt","https://doi.org/10.5061/dryad.79cnp5jbt","the owner's PDF rendering of the Word supplement of the CC BY 4.0 article (README)"
"databases/Wisnionski_2026","Wisnionski_2026","sources/databases/Wisnionski_2026/parse_wisnionski_supmat.py","code","10226","8b72167d43ed5bc6be648b868ae7dd651fe030d0b7a36924c48c7f0dbbb59276","repository (CC BY 4.0)","repository LICENSE","yes","","",""
"databases/Wisnionski_2026","Wisnionski_2026","sources/databases/Wisnionski_2026/primary_references.csv","derived","40294","e64195b7de693a8bad6b7fa22d90d4d5b847ff403b51ecf83985b373ee5417d6","repository (CC BY 4.0)","repository LICENSE","yes","","","our own working table (repository licence)"
"databases/Wisnionski_2026","Wisnionski_2026","sources/databases/Wisnionski_2026/references.csv","derived","36352","d57a13203f4190b589eff090cb1de2e335f2445e0a53df52f0fb8ba4588639ee","repository (CC BY 4.0)","repository LICENSE","yes","","","our own working table (repository licence)"
"VertNet","vertnet-amphibia-sept2016; vertnet-aves-sept2016; vertnet-fishes-sept2016; vertnet-mammalia-sept2016; vertnet-reptilia-sept2016; vertnet-traits-sept2016","sources/VertNet/","live","","","unknown; owner to check","not on disk","unknown","VertNet September 2016 CyVerse snapshots (six dumps); per-record licences","http://vertnet.org/resources/norms.html","the snapshots are git-ignored (sources/VertNet/); every record carries its own licence field; nothing is redistributed here"
"databases/DataRetriever","Brose_2005; Ernest_2003; Jones_2009; Myhrvold_2015; Raymond_2011","sources/databases/DataRetriever/","live","","","unknown; owner to check","not on disk","unknown","Ecological Archives data papers fetched by rdataretriever: Ernest (2003) E084-093, Brose et al. (2005) E086-135, Jones et al. (2009) E090-184, Myhrvold et al. (2015) E096-269, Raymond et al. (2011) E092-097","https://retriever.readthedocs.io","fetched at run time by the Python retriever; nothing stored; each data paper's Ecological Archives metadata states its terms (owner to check)"
"databases/Fishbase","fishbase","sources/databases/Fishbase/","live","","","CC BY-NC 4.0","owner decision 2026-10-06","non-commercial","FishBase (Froese & Pauly, eds, 2025), www.fishbase.org; CC BY-NC 4.0","https://www.fishbase.org","live download through rfishbase at run time; nothing stored in the repository; site terms not on disk; disclosed as a non-commercial carve-out"
"databases/Sealifebase","sealifebase","sources/databases/Sealifebase/","live","","","CC BY-NC 4.0","owner decision 2026-10-06","non-commercial","SeaLifeBase (Palomares & Pauly, eds, 2025), www.sealifebase.org; CC BY-NC 4.0","https://www.sealifebase.org","live download through rfishbase at run time; nothing stored in the repository; site terms not on disk; disclosed as a non-commercial carve-out"
