name,Family,tax_cat,trophic_level,trophic_niche,indiv_mass,ref,alt refs,notes,,,,,,,,,,,,,,,,,,
Pomatias rivularis,Pomatiidae,invertebrate,herbivore,folivore,6.18600000,Bába_K. 2000,EICHWALD 1829,all mass converted to g and as text to protect values from conversion with download,,,,,,,,,,,,,,,,,,
Tandonia budapestensis,Milacidae,invertebrate,herbivore,folivore,0.43550000,Bába_K. 2000,HAZAY 1881,,,,,,,,,,,,,,,,,,,
Limax cinereoniger,Limacidae,invertebrate,herbivore,gran/frug,10.03720000,Bába_K. 2000,Wolf 1803,,,,,,,,,,,,,,,,,,,
Deroceras agreste,Agriolimacidae,invertebrate,herbivore,folivore,0.04610000,Bába_K. 2000,LINNE 1758,,,,,,,,,,,,,,,,,,,
Deroceras reticulatum,Agriolimacidae,invertebrate,herbivore,folivore,0.36290000,Bába_K. 2000,MÜLLER 1774,,,,,,,,,,,,,,,,,,,
Bradybaena fruticum,Camaenidae,invertebrate,herbivore,folivore,1.98620000,Bába_K. 2000,MÜLLER 1774,,,,,,,,,,,,,,,,,,,
Perforatella vicinus,Hygromiidae,invertebrate,herbivore,folivore,0.48270000,Bába_K. 2000,ROSSMASSLER 1842,,,,,,,,,,,,,,,,,,,
Chilostoma banaticum,Helicidae,invertebrate,herbivore,folivore,1.75180000,Bába_K. 2000,ROSSMASSLER 1838,,,,,,,,,,,,,,,,,,,
Helix pomatia,Helicidae,invertebrate,herbivore,folivore,29.02340000,Bába_K. 2000,LlNNE 1758,,,,,,,,,,,,,,,,,,,
Sorex cinereus,Soricidae,mammal,carnivore,insectivore,3.60000000,Golley Petrusewicz and Ryszowski 2009,Buckner 1964,,,,,,,,,,,,,,,,,,,
Sorex arcticus,Soricidae,mammal,carnivore,insectivore,5.40000000,Golley Petrusewicz and Ryszowski 2009,Buckner 1964,,,,,,,,,,,,,,,,,,,
Sorex araneus,Soricidae,mammal,carnivore,insectivore,8.50000000,Golley Petrusewicz and Ryszowski 2009,Hawkins and Jewell 1962,,,,,,,,,,,,,,,,,,,
Sorex hoyi,Soricidae,mammal,carnivore,insectivore,3.50000000,Golley Petrusewicz and Ryszowski 2009,Buckner 1964,formerly Microsorex hoyi,,,,,,,,,,,,,,,,,,
Cryptotis parva,Soricidae,mammal,carnivore,insectivore,3.60000000,Golley Petrusewicz and Ryszowski 2009,Barrett 1969,,,,,,,,,,,,,,,,,,,
Neomys fodiens,Soricidae,mammal,carnivore,insectivore,12.40000000,Golley Petrusewicz and Ryszowski 2009,Hawkins and Jewell 1962,,,,,,,,,,,,,,,,,,,
Blarina brevicauda,Soricidae,mammal,carnivore,insectivore,20.10000000,Golley Petrusewicz and Ryszowski 2009,Buckner 1964,,,,,,,,,,,,,,,,,,,
Lasiurus cinereus,Vespertilionidae,mammal,carnivore,insectivore,23.60000000,Golley Petrusewicz and Ryszowski 2009,Brisbin 1966,,,,,,,,,,,,,,,,,,,
Mustela nivalis,Mustelidae,mammal,carnivore,carnivore,60.00000000,Golley Petrusewicz and Ryszowski 2009,Golley 1960,formerly Mustela rixosa,,,,,,,,,,,,,,,,,,
Lynx rufus,Felidae,mammal,carnivore,carnivore,6250.00000000,Golley Petrusewicz and Ryszowski 2009,Golley et al. 1965,,,,,,,,,,,,,,,,,,,
Ochotona princeps,Ochotonidae,mammal,herbivore,folivore,171.00000000,Golley Petrusewicz and Ryszowski 2009,Johnson and Maxell 1963,,,,,,,,,,,,,,,,,,,
Sylvilagus floridanus,Leporidae,mammal,herbivore,folivore,312.00000000,Golley Petrusewicz and Ryszowski 2009,Davis and Golley 1963,,,,,,,,,,,,,,,,,,,
Lepus europaeus,Leporidae,mammal,herbivore,folivore,3800.00000000,Golley Petrusewicz and Ryszowski 2009,Myrcha 1968,,,,,,,,,,,,,,,,,,,
Neotamias minimus,Sciuridae,mammal,omnivore,omnivore,34.00000000,Golley Petrusewicz and Ryszowski 2009,Maxell 1973,formerly Eutamias minimus,,,,,,,,,,,,,,,,,,
Spermophilus richardsonii,Sciuridae,mammal,omnivore,omnivore,303.00000000,Golley Petrusewicz and Ryszowski 2009,Johnson and Groepper 1970,also as Urocitellus richardsonii,,,,,,,,,,,,,,,,,,
Spermophilus tridecemlineatus,Sciuridae,mammal,omnivore,omnivore,132.00000000,Golley Petrusewicz and Ryszowski 2009,Johnson and Groepper 1970,also as Ictidomys tridecemlineatus,,,,,,,,,,,,,,,,,,
Spermophilus lateralis,Sciuridae,mammal,omnivore,omnivore,270.00000000,Golley Petrusewicz and Ryszowski 2009,Maxell 1973,also as Callospermophilus lateralis,,,,,,,,,,,,,,,,,,
Cynomys ludovicianus,Sciuridae,mammal,herbivore,folivore,885.00000000,Golley Petrusewicz and Ryszowski 2009,Hansen and Cavender 1973,,,,,,,,,,,,,,,,,,,
Cynomys leucurus,Sciuridae,mammal,herbivore,folivore,1050.00000000,Golley Petrusewicz and Ryszowski 2009,Maxell 1973,,,,,,,,,,,,,,,,,,,
Sciurus carolinensis,Sciuridae,mammal,omnivore,omnivore,520.00000000,Golley Petrusewicz and Ryszowski 2009,Ludwick et al. 1968,,,,,,,,,,,,,,,,,,,
Glis glis,Gliridae,mammal,herbivore,gran/frug,147.00000000,Golley Petrusewicz and Ryszowski 2009,Gebczynski et al. 1972,,,,,,,,,,,,,,,,,,,
Thomomys talpoides,Geomyidae,mammal,herbivore,folivore,73.00000000,Golley Petrusewicz and Ryszowski 2009,Maxell 1973,,,,,,,,,,,,,,,,,,,
Perognathus fasciatus,Heteromyidae,mammal,herbivore,gran/frug,11.00000000,Golley Petrusewicz and Ryszowski 2009,Johnson and Groepper 1970,,,,,,,,,,,,,,,,,,,
Dipodomys ordii,Heteromyidae,mammal,herbivore,gran/frug,60.00000000,Golley Petrusewicz and Ryszowski 2009,Johnson and Groepper 1970,,,,,,,,,,,,,,,,,,,
Oryzomys palustris,Cricetidae,mammal,omnivore,omnivore,37.00000000,Golley Petrusewicz and Ryszowski 2009,Sharp 1967,,,,,,,,,,,,,,,,,,,
Peromyscus maniculatus,Cricetidae,mammal,omnivore,omnivore,20.00000000,Golley Petrusewicz and Ryszowski 2009,Johnson and Groepper 1970,,,,,,,,,,,,,,,,,,,
Peromyscus polionotus,Cricetidae,mammal,herbivore,gran/frug,13.00000000,Golley Petrusewicz and Ryszowski 2009,Davis and Golley 1963,,,,,,,,,,,,,,,,,,,
Onychomys leucogaster,Cricetidae,mammal,carnivore,insectivore,30.00000000,Golley Petrusewicz and Ryszowski 2009,Maxell 1973,,,,,,,,,,,,,,,,,,,
Sigmodon hispidus,Cricetidae,mammal,herbivore,folivore,100.00000000,Golley Petrusewicz and Ryszowski 2009,Golley 1962,,,,,,,,,,,,,,,,,,,
Fringilla coelebs,Fringillidae,bird,omnivore,omnivore,23.80000000,AVONET; Handbuch der Vögel Mitteleuropas (B14_2 S106),,,,,,,,,,,,,,,,,,,,
Fringilla montifringilla,Fringillidae,bird,omnivore,omnivore,23.20000000,AVONET; Handbuch der Vögel Mitteleuropas (B14_2 S152),,,,,,,,,,,,,,,,,,,,
Strix aluco,Strigidae,bird,carnivore,carnivore,472.50000000,AVONET; Handbuch der Vögel Mitteleuropas (B9 S605),,,,,,,,,,,,,,,,,,,,
Anas platyrhynchos,Anatidae,bird,omnivore,omnivore,843.40000000,AVONET; Handbuch der Vögel Mitteleuropas,,aquatic,,,,,,,,,,,,,,,,,,
Tetrao urogallus,Phasianidae,bird,herbivore,gran/frug,2716.60000000,AVONET; Handbuch der Vögel Mitteleuropas,,Western capercaillie,,,,,,,,,,,,,,,,,,
Apus apus,Apodidae,bird,carnivore,carnivore,37.60000000,AVONET; Handbuch der Vögel Mitteleuropas (B9 S709),,,,,,,,,,,,,,,,,,,,
Cuculus canorus,Cuculidae,bird,carnivore,carnivore,111.40000000,AVONET; Handbuch der Vögel Mitteleuropas (B9 S212),,,,,,,,,,,,,,,,,,,,
Columba oenas,Columbidae,bird,omnivore,omnivore,290.80000000,AVONET; Handbuch der Vögel Mitteleuropas (B9 S62),,,,,,,,,,,,,,,,,,,,
Scolopax rusticola,Scolopacidae,bird,omnivore,omnivore,308.30000000,AVONET; Handbuch der Vögel Mitteleuropas (B7 S122),,aquatic,,,,,,,,,,,,,,,,,,
Phalacrocorax carbo,Phalacrocoracidae,bird,carnivore,carnivore,2529.00000000,AVONET; Handbuch der Vögel Mitteleuropas (B1 S241),,aquatic,,,,,,,,,,,,,,,,,,
Ardea cinerea,Ardeidae,bird,carnivore,carnivore,1443.00000000,AVONET; Handbuch der Vögel Mitteleuropas (B1 S320),,aquatic,,,,,,,,,,,,,,,,,,
Pernis apivorus,Accipitridae,bird,carnivore,carnivore,754.40000000,AVONET; Handbuch der Vögel Mitteleuropas (B4 S83),,,,,,,,,,,,,,,,,,,,
Accipiter nisus,Accipitridae,bird,carnivore,carnivore,220.80000000,AVONET; Handbuch der Vögel Mitteleuropas (B4 S437),,,,,,,,,,,,,,,,,,,,
Accipiter gentilis,Accipitridae,bird,carnivore,carnivore,866.00000000,AVONET; Handbuch der Vögel Mitteleuropas (B4 S469),,,,,,,,,,,,,,,,,,,,
Milvus milvus,Accipitridae,bird,omnivore,omnivore,1071.80000000,AVONET; Handbuch der Vögel Mitteleuropas (B4 S160),,,,,,,,,,,,,,,,,,,,
Milvus migrans,Accipitridae,bird,omnivore,omnivore,734.10000000,AVONET; Handbuch der Vögel Mitteleuropas (B4 S132),,,,,,,,,,,,,,,,,,,,
Buteo buteo,Accipitridae,bird,carnivore,carnivore,759.10000000,AVONET; Handbuch der Vögel Mitteleuropas (B4 S517),,,,,,,,,,,,,,,,,,,,
Aegolius funereus,Strigidae,bird,carnivore,carnivore,137.20000000,AVONET; Handbuch der Vögel Mitteleuropas (B9 S575),,,,,,,,,,,,,,,,,,,,
Glaucidium passerinum,Strigidae,bird,carnivore,carnivore,57.90000000,AVONET; Handbuch der Vögel Mitteleuropas (B9 S575),,,,,,,,,,,,,,,,,,,,
Asio otus,Strigidae,bird,carnivore,carnivore,296.60000000,AVONET; Handbuch der Vögel Mitteleuropas (B9 S416),,,,,,,,,,,,,,,,,,,,
Bubo bubo,Strigidae,bird,carnivore,carnivore,2668.50000000,AVONET; Handbuch der Vögel Mitteleuropas (B9 S350),,,,,,,,,,,,,,,,,,,,
Jynx torquilla,Picidae,bird,carnivore,carnivore,35.00000000,AVONET; Handbuch der Vögel Mitteleuropas (B9 S914),,,,,,,,,,,,,,,,,,,,
Picoides tridactylus,Picidae,bird,carnivore,carnivore,65.50000000,AVONET; Handbuch der Vögel Mitteleuropas (B9 S1129),,,,,,,,,,,,,,,,,,,,
Dendrocopos major,Picidae,bird,omnivore,omnivore,74.90000000,AVONET; Handbuch der Vögel Mitteleuropas (B9 S1029),,,,,,,,,,,,,,,,,,,,
Picus viridis,Picidae,bird,carnivore,carnivore,176.00000000,AVONET; Handbuch der Vögel Mitteleuropas (B9 S963),,,,,,,,,,,,,,,,,,,,
Picus canus,Picidae,bird,carnivore,carnivore,137.00000000,AVONET; Handbuch der Vögel Mitteleuropas (B9 S942),,,,,,,,,,,,,,,,,,,,
Falco tinnunculus,Falconidae,bird,carnivore,carnivore,183.20000000,AVONET; Handbuch der Vögel Mitteleuropas (B4 S738),,,,,,,,,,,,,,,,,,,,
Falco peregrinus,Falconidae,bird,carnivore,carnivore,760.00000000,AVONET; Handbuch der Vögel Mitteleuropas (B4 S916),,,,,,,,,,,,,,,,,,,,
Oriolus oriolus,Oriolidae,bird,omnivore,omnivore,79.00000000,AVONET; Handbuch der Vögel Mitteleuropas (B13_2 S311),,,,,,,,,,,,,,,,,,,,
Lanius collurio,Laniidae,bird,carnivore,carnivore,28.40000000,AVONET; Handbuch der Vögel Mitteleuropas (B13_2 S402),,,,,,,,,,,,,,,,,,,,
Garrulus glandarius,Corvidae,bird,omnivore,omnivore,159.50000000,AVONET; Handbuch der Vögel Mitteleuropas (B13_3 S63),,,,,,,,,,,,,,,,,,,,
Pica pica,Corvidae,bird,omnivore,omnivore,217.50000000,AVONET; Handbuch der Vögel Mitteleuropas (B13_3 S138),,,,,,,,,,,,,,,,,,,,
Nucifraga caryocatactes,Corvidae,bird,herbivore,gran/frug,182.50000000,AVONET; Handbuch der Vögel Mitteleuropas (B13_3 S190),,,,,,,,,,,,,,,,,,,,
Corvus frugilegus,Corvidae,bird,omnivore,omnivore,452.10000000,AVONET; Handbuch der Vögel Mitteleuropas (B13_3 S477),,,,,,,,,,,,,,,,,,,,
Corvus corone,Corvidae,bird,omnivore,omnivore,570.00000000,AVONET; Handbuch der Vögel Mitteleuropas (B13_3 S556),,,,,,,,,,,,,,,,,,,,
Corvus corax,Corvidae,bird,omnivore,omnivore,928.00000000,AVONET; Handbuch der Vögel Mitteleuropas (B13_3 S652),,,,,,,,,,,,,,,,,,,,
Periparus ater,Paridae,bird,omnivore,omnivore,9.20000000,AVONET; Handbuch der Vögel Mitteleuropas (B13_1 S573),,,,,,,,,,,,,,,,,,,,
Lophophanes cristatus,Paridae,bird,carnivore,insectivore,11.00000000,AVONET; Handbuch der Vögel Mitteleuropas (B13_1 S520),,,,,,,,,,,,,,,,,,,,
Poecile palustris,Paridae,bird,omnivore,omnivore,11.10000000,AVONET; Handbuch der Vögel Mitteleuropas (B13_1 S413),,,,,,,,,,,,,,,,,,,,
Poecile montanus,Paridae,bird,omnivore,omnivore,11.10000000,AVONET; Handbuch der Vögel Mitteleuropas (B13_1 S463),,,,,,,,,,,,,,,,,,,,
Cyanistes caeruleus,Paridae,bird,carnivore,insectivore,11.10000000,AVONET; Handbuch der Vögel Mitteleuropas (B13_1 S651),,,,,,,,,,,,,,,,,,,,
Parus major,Paridae,bird,omnivore,omnivore,16.30000000,AVONET; Handbuch der Vögel Mitteleuropas (B13_1 S791),,,,,,,,,,,,,,,,,,,,
Lullula arborea,Alaudidae,bird,omnivore,omnivore,26.90000000,AVONET; Handbuch der Vögel Mitteleuropas (B10_1 S226),,,,,,,,,,,,,,,,,,,,
Alauda arvensis,Alaudidae,bird,omnivore,omnivore,37.30000000,AVONET; Handbuch der Vögel Mitteleuropas (B10_1 S278),,,,,,,,,,,,,,,,,,,,
Hirundo rustica,Hirundinidae,bird,carnivore,carnivore,17.90000000,AVONET; Handbuch der Vögel Mitteleuropas (B10_1 S444),,,,,,,,,,,,,,,,,,,,
Delichon urbicum,Hirundinidae,bird,carnivore,carnivore,14.50000000,AVONET; Handbuch der Vögel Mitteleuropas (B10_1 S502),,,,,,,,,,,,,,,,,,,,
Aegithalos caudatus,Aegithalidae,bird,carnivore,carnivore,8.60000000,AVONET; Handbuch der Vögel Mitteleuropas (B13_1 S356),,,,,,,,,,,,,,,,,,,,
Phylloscopus sibilatrix,Phylloscopidae,bird,carnivore,carnivore,9.20000000,AVONET; Handbuch der Vögel Mitteleuropas (B12_2 S602),,,,,,,,,,,,,,,,,,,,
Curruca curruca,Sylviidae,bird,omnivore,omnivore,11.40000000,AVONET; Handbuch der Vögel Mitteleuropas (B12_2 S204),,formerly Sylvia curruca,,,,,,,,,,,,,,,,,,
Regulus ignicapilla,Regulidae,bird,carnivore,carnivore,5.60000000,AVONET; Handbuch der Vögel Mitteleuropas (B12_2 S818),,,,,,,,,,,,,,,,,,,,
Regulus regulus,Regulidae,bird,carnivore,carnivore,5.50000000,AVONET; Handbuch der Vögel Mitteleuropas (B12_2 S786),,,,,,,,,,,,,,,,,,,,
Troglodytes troglodytes,Troglodytidae,bird,carnivore,carnivore,9.70000000,AVONET; Handbuch der Vögel Mitteleuropas (B10_2 S550),,,,,,,,,,,,,,,,,,,,
Sitta europaea,Sittidae,bird,carnivore,carnivore,20.40000000,AVONET; Handbuch der Vögel Mitteleuropas (B13_2 S61),,,,,,,,,,,,,,,,,,,,
Certhia brachydactyla,Certhiidae,bird,carnivore,carnivore,8.20000000,AVONET; Handbuch der Vögel Mitteleuropas (B13_2 S187),,,,,,,,,,,,,,,,,,,,
Sturnus vulgaris,Sturnidae,bird,omnivore,omnivore,77.10000000,AVONET; Handbuch der Vögel Mitteleuropas (B13_3 S739),,,,,,,,,,,,,,,,,,,,
Turdus philomelos,Turdidae,bird,omnivore,omnivore,67.70000000,AVONET; Handbuch der Vögel Mitteleuropas (B11_2 S366),,,,,,,,,,,,,,,,,,,,
Turdus viscivorus,Turdidae,bird,omnivore,omnivore,117.40000000,AVONET; Handbuch der Vögel Mitteleuropas (B11_2 S462),,,,,,,,,,,,,,,,,,,,
Turdus merula,Turdidae,bird,omnivore,omnivore,102.70000000,AVONET; Handbuch der Vögel Mitteleuropas (B11_2 S192),,,,,,,,,,,,,,,,,,,,
Turdus pilaris,Turdidae,bird,carnivore,carnivore,106.00000000,AVONET; Handbuch der Vögel Mitteleuropas (B11_2 S316),,,,,,,,,,,,,,,,,,,,
Muscicapa striata,Muscicapidae,bird,carnivore,carnivore,15.90000000,AVONET; Handbuch der Vögel Mitteleuropas (B13_1 S77),,,,,,,,,,,,,,,,,,,,
Ficedula hypoleuca,Muscicapidae,bird,carnivore,carnivore,13.80000000,AVONET; Handbuch der Vögel Mitteleuropas (B13_1 S252),,,,,,,,,,,,,,,,,,,,
Phoenicurus ochruros,Muscicapidae,bird,carnivore,insectivore,16.50000000,AVONET; Handbuch der Vögel Mitteleuropas (B11_1 S340),,,,,,,,,,,,,,,,,,,,
Phoenicurus phoenicurus,Muscicapidae,bird,carnivore,carnivore,14.60000000,AVONET; Handbuch der Vögel Mitteleuropas (B11_1 S384),,,,,,,,,,,,,,,,,,,,
Passer domesticus,Passeridae,bird,herbivore,gran/frug,26.50000000,AVONET; Handbuch der Vögel Mitteleuropas (B14_1 S115),,,,,,,,,,,,,,,,,,,,
Prunella modularis,Prunellidae,bird,carnivore,insectivore,20.20000000,AVONET; Handbuch der Vögel Mitteleuropas (B10_2 S610),,,,,,,,,,,,,,,,,,,,
Motacilla cinerea,Motacillidae,bird,carnivore,carnivore,17.20000000,AVONET; Handbuch der Vögel Mitteleuropas (B10_2 S361),,,,,,,,,,,,,,,,,,,,
Motacilla alba,Motacillidae,bird,carnivore,carnivore,23.90000000,AVONET; Handbuch der Vögel Mitteleuropas (B10_2 S409),,,,,,,,,,,,,,,,,,,,
Anthus pratensis,Motacillidae,bird,carnivore,carnivore,18.40000000,AVONET; Handbuch der Vögel Mitteleuropas (B10_2 S151),,,,,,,,,,,,,,,,,,,,
Anthus trivialis,Motacillidae,bird,carnivore,insectivore,23.30000000,AVONET; Handbuch der Vögel Mitteleuropas (B10_2 S101),,,,,,,,,,,,,,,,,,,,
Anthus spinoletta,Motacillidae,bird,carnivore,carnivore,23.90000000,AVONET; Handbuch der Vögel Mitteleuropas (B10_2 S225),,,,,,,,,,,,,,,,,,,,
Coccothraustes coccothraustes,Fringillidae,bird,omnivore,omnivore,56.60000000,AVONET; Handbuch der Vögel Mitteleuropas (B14_2 S921),,,,,,,,,,,,,,,,,,,,
Pyrrhula pyrrhula,Fringillidae,bird,omnivore,omnivore,24.30000000,AVONET; Handbuch der Vögel Mitteleuropas (B14_2 S871),,,,,,,,,,,,,,,,,,,,
Chloris chloris,Fringillidae,bird,herbivore,gran/frug,26.00000000,AVONET; Handbuch der Vögel Mitteleuropas (B14_2 S290),,,,,,,,,,,,,,,,,,,,
Linaria cannabina,Fringillidae,bird,herbivore,gran/frug,19.50000000,AVONET; Handbuch der Vögel Mitteleuropas (B14_2 S454),,,,,,,,,,,,,,,,,,,,
Loxia curvirostra,Fringillidae,bird,herbivore,gran/frug,38.30000000,AVONET; Handbuch der Vögel Mitteleuropas (B14_2 S700),,,,,,,,,,,,,,,,,,,,
Carduelis carduelis,Fringillidae,bird,herbivore,gran/frug,16.00000000,AVONET; Handbuch der Vögel Mitteleuropas (B14_2 S345),,,,,,,,,,,,,,,,,,,,
Carduelis citrinella,Fringillidae,bird,herbivore,gran/frug,12.00000000,AVONET; Handbuch der Vögel Mitteleuropas (B14_2 S226),,,,,,,,,,,,,,,,,,,,
Serinus serinus,Fringillidae,bird,herbivore,gran/frug,11.20000000,AVONET; Handbuch der Vögel Mitteleuropas (B14_2 S195),,,,,,,,,,,,,,,,,,,,
Spinus spinus,Fringillidae,bird,herbivore,gran/frug,13.20000000,AVONET; Handbuch der Vögel Mitteleuropas (B14_2 S400),,,,,,,,,,,,,,,,,,,,
Emberiza citrinella,Emberizidae,bird,herbivore,gran/frug,29.70000000,AVONET; Handbuch der Vögel Mitteleuropas (B14_3 S238),,,,,,,,,,,,,,,,,,,,
Sciurus carolinensis,Sciuridae,mammal,herbivore,gran/frug,506.50000000,EltonTraits,,,,,,,,,,,,,,,,,,,,
Sciurus vulgaris,Sciuridae,mammal,herbivore,gran/frug,333.00000000,EltonTraits,,,,,,,,,,,,,,,,,,,,
Dryomys nitedula,Gliridae,mammal,omnivore,omnivore,33.60000000,EltonTraits,,,,,,,,,,,,,,,,,,,,
Eliomys quercinus,Gliridae,mammal,omnivore,omnivore,115.00000000,EltonTraits,,,,,,,,,,,,,,,,,,,,
Muscardinus avellanarius,Gliridae,mammal,herbivore,gran/frug,27.50000000,EltonTraits,,,,,,,,,,,,,,,,,,,,
Glis glis,Gliridae,mammal,herbivore,gran/frug,128.09000000,EltonTraits,,,,,,,,,,,,,,,,,,,,
Arvicola amphibius,Cricetidae,mammal,herbivore,gran/frug,120.00000000,EltonTraits,,,,,,,,,,,,,,,,,,,,
Myodes glareolus,Cricetidae,mammal,herbivore,gran/frug,20.73000000,EltonTraits,,,,,,,,,,,,,,,,,,,,
Apodemus agrarius,Muridae,mammal,herbivore,gran/frug,23.30000000,EltonTraits,,,,,,,,,,,,,,,,,,,,
Apodemus flavicollis,Muridae,mammal,herbivore,gran/frug,26.70000000,EltonTraits,,,,,,,,,,,,,,,,,,,,
Apodemus sylvaticus,Muridae,mammal,herbivore,gran/frug,30.45000000,EltonTraits,,,,,,,,,,,,,,,,,,,,
Lepus timidus,Leporidae,mammal,herbivore,gran/frug,3048.00000000,EltonTraits,,,,,,,,,,,,,,,,,,,,
Lepus europaeus,Leporidae,mammal,herbivore,gran/frug,3740.00000000,EltonTraits,,,,,,,,,,,,,,,,,,,,
Sylvilagus floridanus,Leporidae,mammal,herbivore,gran/frug,1172.79000000,EltonTraits,,,,,,,,,,,,,,,,,,,,
Oryctolagus cuniculus,Leporidae,mammal,herbivore,gran/frug,1832.22000000,EltonTraits,,,,,,,,,,,,,,,,,,,,
Erinaceus europaeus,Erinaceidae,mammal,carnivore,insectivore,771.00000000,EltonTraits,,,,,,,,,,,,,,,,,,,,
Crocidura russula,Crocidurinae,mammal,carnivore,insectivore,8.20000000,EltonTraits,,,,,,,,,,,,,,,,,,,,
Crocidura suaveolens,Crocidurinae,mammal,carnivore,insectivore,5.19000000,EltonTraits,,,,,,,,,,,,,,,,,,,,
Crocidura leucodon,Crocidurinae,mammal,carnivore,insectivore,9.82000000,EltonTraits,,,,,,,,,,,,,,,,,,,,
Sorex minutus,Soricidae,mammal,carnivore,insectivore,4.50000000,EltonTraits,,,,,,,,,,,,,,,,,,,,
Sorex araneus,Soricidae,mammal,carnivore,insectivore,10.00000000,EltonTraits,,,,,,,,,,,,,,,,,,,,
Sorex coronatus,Soricidae,mammal,carnivore,insectivore,9.60000000,EltonTraits,,,,,,,,,,,,,,,,,,,,
Talpa europaea,Talpidae,mammal,carnivore,insectivore,77.00000000,EltonTraits,,,,,,,,,,,,,,,,,,,,
Felis silvestris,Felidae,mammal,carnivore,carnivore,5099.99000000,EltonTraits,,,,,,,,,,,,,,,,,,,,
Lynx lynx,Felidae,mammal,carnivore,carnivore,17950.00000000,EltonTraits,,,,,,,,,,,,,,,,,,,,
Vulpes vulpes,Canidae,mammal,carnivore,carnivore,5476.17000000,EltonTraits,,,,,,,,,,,,,,,,,,,,
Canis lupus,Canidae,mammal,carnivore,carnivore,32183.33000000,EltonTraits,,,,,,,,,,,,,,,,,,,,
Mustela erminea,Mustelidae,mammal,carnivore,carnivore,119.38000000,EltonTraits,,,,,,,,,,,,,,,,,,,,
Mustela nivalis,Mustelidae,mammal,carnivore,carnivore,103.88000000,EltonTraits,,,,,,,,,,,,,,,,,,,,
Gulo gulo,Mustelidae,mammal,carnivore,carnivore,17012.56000000,EltonTraits,,,,,,,,,,,,,,,,,,,,
Martes martes,Mustelidae,mammal,omnivore,omnivore,1300.00000000,EltonTraits,,,,,,,,,,,,,,,,,,,,
Martes americana,Mustelidae,mammal,carnivore,carnivore,1250.00000000,EltonTraits,,,,,,,,,,,,,,,,,,,,
Meles meles,Mustelidae,mammal,omnivore,omnivore,13000.00000000,EltonTraits,,,,,,,,,,,,,,,,,,,,
Neovison vison,Mustelidae,mammal,carnivore,carnivore,1150.00000000,EltonTraits,,,,,,,,,,,,,,,,,,,,
Ursus americanus,Ursidae,mammal,herbivore,gran/frug,99949.36000000,EltonTraits,,,,,,,,,,,,,,,,,,,,
Ursus arctos,Ursidae,mammal,herbivore,gran/frug,180520.42000000,EltonTraits,,,,,,,,,,,,,,,,,,,,
Procyon lotor,Procyonidae,mammal,omnivore,omnivore,5524.97000000,EltonTraits,,,,,,,,,,,,,,,,,,,,
Alces alces,Cervidae,mammal,herbivore,gran/frug,356998.16000000,EltonTraits,,,,,,,,,,,,,,,,,,,,
Capreolus capreolus,Cervidae,mammal,herbivore,gran/frug,22500.00000000,EltonTraits,,,,,,,,,,,,,,,,,,,,
Odocoileus hemionus,Cervidae,mammal,herbivore,gran/frug,54212.57000000,EltonTraits,,,,,,,,,,,,,,,,,,,,
Odocoileus virginianus,Cervidae,mammal,herbivore,gran/frug,55508.56000000,EltonTraits,,,,,,,,,,,,,,,,,,,,
Cervus elaphus,Cervidae,mammal,herbivore,gran/frug,165015.85000000,EltonTraits,,,,,,,,,,,,,,,,,,,,
Dama dama,Cervidae,mammal,herbivore,gran/frug,52375.00000000,EltonTraits,,,,,,,,,,,,,,,,,,,,
Erinaceus concolor,Erinaceidae,mammal,carnivore,insectivore,735.00000000,J?drzejewska_B. and J?drzejewski_W. 1998,,,,,,,,,,,,,,,,,,,,
Talpa europaea,Talpidae,mammal,carnivore,insectivore,95.00000000,J?drzejewska_B. and J?drzejewski_W. 1998,,,,,,,,,,,,,,,,,,,,
Sorex araneus,Soricidae,mammal,carnivore,insectivore,10.50000000,J?drzejewska_B. and J?drzejewski_W. 1998,,,,,,,,,,,,,,,,,,,,
Sorex minutus,Soricidae,mammal,carnivore,insectivore,4.00000000,J?drzejewska_B. and J?drzejewski_W. 1998,,,,,,,,,,,,,,,,,,,,
Neomys fodiens,Soricidae,mammal,carnivore,insectivore,17.50000000,J?drzejewska_B. and J?drzejewski_W. 1998,,,,,,,,,,,,,,,,,,,,
Neomys anomalus,Soricidae,mammal,carnivore,insectivore,13.00000000,J?drzejewska_B. and J?drzejewski_W. 1998,,,,,,,,,,,,,,,,,,,,
Sorex caecutiens,Soricidae,mammal,carnivore,insectivore,5.50000000,J?drzejewska_B. and J?drzejewski_W. 1998,,,,,,,,,,,,,,,,,,,,
Clethrionomys glareolus,Cricetidae,mammal,herbivore,gran/frug,24.00000000,J?drzejewska_B. and J?drzejewski_W. 1998,,,,,,,,,,,,,,,,,,,,
Apodemus flavicollis,Muridae,mammal,herbivore,gran/frug,30.00000000,J?drzejewska_B. and J?drzejewski_W. 1998,,,,,,,,,,,,,,,,,,,,
Pitymys subterraneus,Cricetidae,mammal,herbivore,gran/frug,17.00000000,J?drzejewska_B. and J?drzejewski_W. 1998,,,,,,,,,,,,,,,,,,,,
Sicista betulina,Sminthidae,mammal,herbivore,gran/frug,11.50000000,J?drzejewska_B. and J?drzejewski_W. 1998,,,,,,,,,,,,,,,,,,,,
Apodemus sylvaticus,Muridae,mammal,herbivore,gran/frug,20.00000000,J?drzejewska_B. and J?drzejewski_W. 1998,,,,,,,,,,,,,,,,,,,,
Micromys minutus,Muridae,mammal,herbivore,gran/frug,7.50000000,J?drzejewska_B. and J?drzejewski_W. 1998,,,,,,,,,,,,,,,,,,,,
Microtus agrestis,Cricetidae,mammal,herbivore,gran/frug,33.50000000,J?drzejewska_B. and J?drzejewski_W. 1998,,,,,,,,,,,,,,,,,,,,
Microtus oeconomus,Cricetidae,mammal,herbivore,gran/frug,47.00000000,J?drzejewska_B. and J?drzejewski_W. 1998,,,,,,,,,,,,,,,,,,,,
Microtus arvalis,Cricetidae,mammal,herbivore,gran/frug,27.50000000,J?drzejewska_B. and J?drzejewski_W. 1998,,,,,,,,,,,,,,,,,,,,
Apodemus agrarius,Muridae,mammal,herbivore,gran/frug,23.50000000,J?drzejewska_B. and J?drzejewski_W. 1998,,,,,,,,,,,,,,,,,,,,
Arvicola amphibius,Cricetidae,mammal,herbivore,gran/frug,130.00000000,J?drzejewska_B. and J?drzejewski_W. 1998,,formerly Arvicola terrestris,,,,,,,,,,,,,,,,,,
Mus musculus,Muridae,mammal,herbivore,gran/frug,15.50000000,J?drzejewska_B. and J?drzejewski_W. 1998,,,,,,,,,,,,,,,,,,,,
Rattus norvegicus,Muridae,mammal,herbivore,gran/frug,310.50000000,J?drzejewska_B. and J?drzejewski_W. 1998,,,,,,,,,,,,,,,,,,,,
Pipistrellus pipistrellus,Vespertilionidae,mammal,carnivore,insectivore,6.00000000,J?drzejewska_B. and J?drzejewski_W. 1998,,,,,,,,,,,,,,,,,,,,
Nyctalus noctula,Vespertilionidae,mammal,carnivore,insectivore,30.00000000,J?drzejewska_B. and J?drzejewski_W. 1998,,,,,,,,,,,,,,,,,,,,
Nyctalus leisleri,Vespertilionidae,mammal,carnivore,insectivore,15.00000000,J?drzejewska_B. and J?drzejewski_W. 1998,,,,,,,,,,,,,,,,,,,,
Plecotus auritus,Vespertilionidae,mammal,carnivore,insectivore,8.00000000,J?drzejewska_B. and J?drzejewski_W. 1998,,,,,,,,,,,,,,,,,,,,
Vespertilio murinus,Vespertilionidae,mammal,carnivore,insectivore,14.00000000,J?drzejewska_B. and J?drzejewski_W. 1998,,,,,,,,,,,,,,,,,,,,
Myotis mystacinus,Vespertilionidae,mammal,carnivore,insectivore,4.00000000,J?drzejewska_B. and J?drzejewski_W. 1998,,,,,,,,,,,,,,,,,,,,
Eptesicus serotinus,Vespertilionidae,mammal,carnivore,insectivore,24.00000000,J?drzejewska_B. and J?drzejewski_W. 1998,,,,,,,,,,,,,,,,,,,,
Myotis daubentonii,Vespertilionidae,mammal,carnivore,insectivore,6.00000000,J?drzejewska_B. and J?drzejewski_W. 1998,,,,,,,,,,,,,,,,,,,,
Eptesicus nilssonii,Vespertilionidae,mammal,carnivore,insectivore,10.00000000,J?drzejewska_B. and J?drzejewski_W. 1998,,,,,,,,,,,,,,,,,,,,
Barbastella barbastella,Vespertilionidae,mammal,carnivore,insectivore,10.00000000,J?drzejewska_B. and J?drzejewski_W. 1998,,,,,,,,,,,,,,,,,,,,
Myotis nattereri,Vespertilionidae,mammal,carnivore,insectivore,8.00000000,J?drzejewska_B. and J?drzejewski_W. 1998,,,,,,,,,,,,,,,,,,,,
Pipistrellus nathusii,Vespertilionidae,mammal,carnivore,insectivore,7.00000000,J?drzejewska_B. and J?drzejewski_W. 1998,,,,,,,,,,,,,,,,,,,,
Myotis brandtii,Vespertilionidae,mammal,carnivore,insectivore,5.00000000,J?drzejewska_B. and J?drzejewski_W. 1998,,,,,,,,,,,,,,,,,,,,
Alectoris graeca,Phasianidae,bird,herbivore,gran/frug,594.11000000,EltonTraits,,,,,,,,,,,,,,,,,,,,
Alectoris rufa,Phasianidae,bird,herbivore,gran/frug,527.86000000,EltonTraits,,,,,,,,,,,,,,,,,,,,
Perdix perdix,Phasianidae,bird,herbivore,gran/frug,405.30000000,EltonTraits,,,,,,,,,,,,,,,,,,,,
Perdix dauurica,Phasianidae,bird,omnivore,omnivore,263.41000000,EltonTraits,,,,,,,,,,,,,,,,,,,,
Coturnix coturnix,Phasianidae,bird,herbivore,gran/frug,96.28000000,EltonTraits,,,,,,,,,,,,,,,,,,,,
Bonasa bonasia,Phasianidae,bird,herbivore,gran/frug,429.00000000,EltonTraits,,,,,,,,,,,,,,,,,,,,
Bonasa umbellus,Phasianidae,bird,herbivore,gran/frug,530.91000000,EltonTraits,,,,,,,,,,,,,,,,,,,,
Tympanuchus phasianellus,Phasianidae,bird,herbivore,gran/frug,882.38000000,EltonTraits,,,,,,,,,,,,,,,,,,,,
Dendrocopos minor,Picidae,bird,carnivore,insectivore,19.80000000,EltonTraits,,,,,,,,,,,,,,,,,,,,
Dendrocopos medius,Picidae,bird,carnivore,insectivore,59.00000000,EltonTraits,,,,,,,,,,,,,,,,,,,,
Dendrocopos leucotos,Picidae,bird,carnivore,insectivore,116.80000000,EltonTraits,,,,,,,,,,,,,,,,,,,,
Dendrocopos major,Picidae,bird,omnivore,omnivore,74.94000000,EltonTraits,,,,,,,,,,,,,,,,,,,,
Picoides villosus,Picidae,bird,carnivore,insectivore,62.65000000,EltonTraits,,,,,,,,,,,,,,,,,,,,
Picoides tridactylus,Picidae,bird,carnivore,insectivore,65.49000000,EltonTraits,,,,,,,,,,,,,,,,,,,,
Colaptes auratus,Picidae,bird,carnivore,insectivore,131.46000000,EltonTraits,,,,,,,,,,,,,,,,,,,,
Dryocopus pileatus,Picidae,bird,carnivore,insectivore,286.59000000,EltonTraits,,,,,,,,,,,,,,,,,,,,
Dryocopus martius,Picidae,bird,carnivore,insectivore,321.00000000,EltonTraits,,,,,,,,,,,,,,,,,,,,
Megascops hoyi,Strigidae,bird,carnivore,insectivore,110.00000000,EltonTraits,,,,,,,,,,,,,,,,,,,,
Bubo virginianus,Strigidae,bird,carnivore,carnivore,1575.70000000,EltonTraits,,,,,,,,,,,,,,,,,,,,
Bubo bubo,Strigidae,bird,carnivore,carnivore,2668.51000000,EltonTraits,,,,,,,,,,,,,,,,,,,,
Strix aluco,Strigidae,bird,carnivore,carnivore,472.46000000,EltonTraits,,,,,,,,,,,,,,,,,,,,
Strix varia,Strigidae,bird,carnivore,carnivore,711.49000000,EltonTraits,,,,,,,,,,,,,,,,,,,,
Strix uralensis,Strigidae,bird,carnivore,carnivore,780.56000000,EltonTraits,,,,,,,,,,,,,,,,,,,,
Athene noctua,Strigidae,bird,carnivore,insectivore,168.92000000,EltonTraits,,,,,,,,,,,,,,,,,,,,
Aegolius funereus,Strigidae,bird,carnivore,carnivore,137.18000000,EltonTraits,,,,,,,,,,,,,,,,,,,,
Aegolius acadicus,Strigidae,bird,carnivore,carnivore,100.69000000,EltonTraits,,,,,,,,,,,,,,,,,,,,
Columba palumbus,Columbidae,bird,herbivore,gran/frug,490.00000000,EltonTraits,,,,,,,,,,,,,,,,,,,,
Scolopax rusticola,Scolopacidae,bird,carnivore,insectivore,308.31000000,EltonTraits,,aquatic,,,,,,,,,,,,,,,,,,
Cyanocitta cristata,Corvidae,bird,omnivore,omnivore,88.00000000,EltonTraits,,,,,,,,,,,,,,,,,,,,
Garrulus glandarius,Corvidae,bird,omnivore,omnivore,159.46000000,EltonTraits,,,,,,,,,,,,,,,,,,,,
Perisoreus infaustus,Corvidae,bird,omnivore,omnivore,84.40000000,EltonTraits,,,,,,,,,,,,,,,,,,,,
Perisoreus canadensis,Corvidae,bird,omnivore,omnivore,71.58000000,EltonTraits,,,,,,,,,,,,,,,,,,,,
Pica pica,Corvidae,bird,carnivore,carnivore,217.48000000,EltonTraits,,,,,,,,,,,,,,,,,,,,
Corvus corax,Corvidae,bird,carnivore,carnivore,927.97000000,EltonTraits,,,,,,,,,,,,,,,,,,,,
Hylocichla mustelina,Turdidae,bird,carnivore,insectivore,50.09000000,EltonTraits,,,,,,,,,,,,,,,,,,,,
Turdus torquatus,Turdidae,bird,omnivore,omnivore,109.00000000,EltonTraits,,,,,,,,,,,,,,,,,,,,
Turdus merula,Turdidae,bird,omnivore,omnivore,102.73000000,EltonTraits,,,,,,,,,,,,,,,,,,,,
Turdus pilaris,Turdidae,bird,carnivore,insectivore,106.00000000,EltonTraits,,,,,,,,,,,,,,,,,,,,
Turdus iliacus,Turdidae,bird,omnivore,omnivore,61.20000000,EltonTraits,,,,,,,,,,,,,,,,,,,,
Turdus philomelos,Turdidae,bird,omnivore,omnivore,67.74000000,EltonTraits,,,,,,,,,,,,,,,,,,,,
Turdus viscivorus,Turdidae,bird,omnivore,omnivore,117.37000000,EltonTraits,,,,,,,,,,,,,,,,,,,,
Turdus migratorius,Turdidae,bird,omnivore,omnivore,78.50000000,EltonTraits,,,,,,,,,,,,,,,,,,,,
Erithacus rubecula,Muscicapidae,bird,omnivore,omnivore,17.70000000,EltonTraits,,,,,,,,,,,,,,,,,,,,
Sturnus vulgaris,Sturnidae,bird,omnivore,omnivore,77.14000000,EltonTraits,,,,,,,,,,,,,,,,,,,,
Sitta europaea,Sittidae,bird,carnivore,insectivore,20.37000000,EltonTraits,,,,,,,,,,,,,,,,,,,,
Certhia familiaris,Certhiidae,bird,carnivore,insectivore,9.00000000,EltonTraits,,,,,,,,,,,,,,,,,,,,
Parus palustris,Paridae,bird,omnivore,omnivore,11.14000000,EltonTraits,,,,,,,,,,,,,,,,,,,,
Poecile montanus,Paridae,bird,carnivore,insectivore,11.10000000,EltonTraits,,also as Parus montanus,,,,,,,,,,,,,,,,,,
Poecile atricapillus,Paridae,bird,carnivore,insectivore,10.80000000,EltonTraits,,formerly Parus atricapillus,,,,,,,,,,,,,,,,,,
Parus rufescens,Paridae,bird,carnivore,insectivore,9.39000000,EltonTraits,,,,,,,,,,,,,,,,,,,,
Parus ater,Paridae,bird,omnivore,omnivore,9.20000000,EltonTraits,,,,,,,,,,,,,,,,,,,,
Parus cristatus,Paridae,bird,carnivore,insectivore,11.04000000,EltonTraits,,,,,,,,,,,,,,,,,,,,
Parus major,Paridae,bird,omnivore,omnivore,16.25000000,EltonTraits,,,,,,,,,,,,,,,,,,,,
Cyanistes caeruleus,Paridae,bird,omnivore,omnivore,13.30000000,EltonTraits,,formerly Parus caeruleus,,,,,,,,,,,,,,,,,,
Phylloscopus trochilus,Phylloscopidae,bird,carnivore,insectivore,8.70000000,EltonTraits,,,,,,,,,,,,,,,,,,,,
Phylloscopus collybita,Phylloscopidae,bird,carnivore,insectivore,8.30000000,EltonTraits,,,,,,,,,,,,,,,,,,,,
Sylvia atricapilla,Sylviidae,bird,omnivore,omnivore,16.70000000,EltonTraits,,,,,,,,,,,,,,,,,,,,
Sylvia borin,Sylviidae,bird,omnivore,omnivore,18.20000000,EltonTraits,,,,,,,,,,,,,,,,,,,,
Fringilla coelebs,Fringillidae,bird,carnivore,insectivore,23.81000000,EltonTraits,,,,,,,,,,,,,,,,,,,,
Fringilla montifringilla,Fringillidae,bird,omnivore,omnivore,23.19000000,EltonTraits,,,,,,,,,,,,,,,,,,,,
Carduelis carduelis,Fringillidae,bird,herbivore,gran/frug,16.00000000,EltonTraits,,,,,,,,,,,,,,,,,,,,
Carduelis flammea,Fringillidae,bird,herbivore,gran/frug,13.00000000,EltonTraits,,,,,,,,,,,,,,,,,,,,
Pyrrhula pyrrhula,Fringillidae,bird,herbivore,gran/frug,24.26000000,EltonTraits,,,,,,,,,,,,,,,,,,,,
Coccothraustes coccothraustes,Fringillidae,bird,herbivore,gran/frug,56.63000000,EltonTraits,,,,,,,,,,,,,,,,,,,,
Junco hyemalis,Passerellidae,bird,herbivore,gran/frug,19.50000000,EltonTraits,,,,,,,,,,,,,,,,,,,,
Fringilla coelebs,Fringillidae,bird,carnivore,insectivore,25.00000000,J?drzejewska_B. and J?drzejewski_W. 1998,,,,,,,,,,,,,,,,,,,,
Phylloscopus sibilatrix,Phylloscopidae,bird,carnivore,insectivore,10.00000000,J?drzejewska_B. and J?drzejewski_W. 1998,,,,,,,,,,,,,,,,,,,,
Erithacus rubecula,Muscicapidae,bird,omnivore,omnivore,17.00000000,J?drzejewska_B. and J?drzejewski_W. 1998,,,,,,,,,,,,,,,,,,,,
Ficedula albicollis,Muscicapidae,bird,carnivore,insectivore,13.00000000,J?drzejewska_B. and J?drzejewski_W. 1998,,,,,,,,,,,,,,,,,,,,
Turdus philomelos,Turdidae,bird,omnivore,omnivore,70.00000000,J?drzejewska_B. and J?drzejewski_W. 1998,,,,,,,,,,,,,,,,,,,,
Coccothraustes coccothraustes,Fringillidae,bird,herbivore,gran/frug,55.00000000,J?drzejewska_B. and J?drzejewski_W. 1998,,,,,,,,,,,,,,,,,,,,
Sylvia atricapilla,Sylviidae,bird,omnivore,omnivore,18.00000000,J?drzejewska_B. and J?drzejewski_W. 1998,,,,,,,,,,,,,,,,,,,,
Regulus regulus,Regulidae,bird,carnivore,insectivore,5.00000000,J?drzejewska_B. and J?drzejewski_W. 1998,,,,,,,,,,,,,,,,,,,,
Troglodytes troglodytes,Troglodytidae,bird,carnivore,insectivore,8.00000000,J?drzejewska_B. and J?drzejewski_W. 1998,,,,,,,,,,,,,,,,,,,,
Certhia familiaris,Certhiidae,bird,carnivore,insectivore,9.00000000,J?drzejewska_B. and J?drzejewski_W. 1998,,,,,,,,,,,,,,,,,,,,
Turdus merula,Turdidae,bird,omnivore,omnivore,100.00000000,J?drzejewska_B. and J?drzejewski_W. 1998,,,,,,,,,,,,,,,,,,,,
Phylloscopus collybita,Phylloscopidae,bird,carnivore,insectivore,9.00000000,J?drzejewska_B. and J?drzejewski_W. 1998,,,,,,,,,,,,,,,,,,,,
Parus major,Paridae,bird,omnivore,omnivore,18.00000000,J?drzejewska_B. and J?drzejewski_W. 1998,,,,,,,,,,,,,,,,,,,,
Cyanistes caeruleus,Paridae,bird,omnivore,omnivore,11.00000000,J?drzejewska_B. and J?drzejewski_W. 1998,,formerly Parus caeruleus,,,,,,,,,,,,,,,,,,
Sitta europaea,Sittidae,bird,omnivore,omnivore,24.00000000,J?drzejewska_B. and J?drzejewski_W. 1998,,,,,,,,,,,,,,,,,,,,
Prunella modularis,Prunellidae,bird,carnivore,insectivore,21.00000000,J?drzejewska_B. and J?drzejewski_W. 1998,,,,,,,,,,,,,,,,,,,,
Ficedula hypoleuca,Muscicapidae,bird,carnivore,insectivore,12.00000000,J?drzejewska_B. and J?drzejewski_W. 1998,,,,,,,,,,,,,,,,,,,,
Parus palustris,Paridae,bird,omnivore,omnivore,11.00000000,J?drzejewska_B. and J?drzejewski_W. 1998,,,,,,,,,,,,,,,,,,,,
Ficedula parva,Muscicapidae,bird,carnivore,insectivore,10.00000000,J?drzejewska_B. and J?drzejewski_W. 1998,,,,,,,,,,,,,,,,,,,,
Dendrocopos medius,Picidae,bird,carnivore,insectivore,60.00000000,J?drzejewska_B. and J?drzejewski_W. 1998,,,,,,,,,,,,,,,,,,,,
Muscicapa striata,Muscicapidae,bird,carnivore,insectivore,15.00000000,J?drzejewska_B. and J?drzejewski_W. 1998,,,,,,,,,,,,,,,,,,,,
Dendrocopos major,Picidae,bird,carnivore,insectivore,80.00000000,J?drzejewska_B. and J?drzejewski_W. 1998,,,,,,,,,,,,,,,,,,,,
Phylloscopus trochilus,Phylloscopidae,bird,carnivore,insectivore,11.00000000,J?drzejewska_B. and J?drzejewski_W. 1998,,,,,,,,,,,,,,,,,,,,
Parus cristatus,Paridae,bird,omnivore,omnivore,11.00000000,J?drzejewska_B. and J?drzejewski_W. 1998,,,,,,,,,,,,,,,,,,,,
Garrulus glandarius,Corvidae,bird,omnivore,omnivore,175.00000000,J?drzejewska_B. and J?drzejewski_W. 1998,,,,,,,,,,,,,,,,,,,,
Anthus trivialis,Motacillidae,bird,carnivore,insectivore,20.00000000,J?drzejewska_B. and J?drzejewski_W. 1998,,,,,,,,,,,,,,,,,,,,
Sylvia borin,Sylviidae,bird,omnivore,omnivore,19.00000000,J?drzejewska_B. and J?drzejewski_W. 1998,,,,,,,,,,,,,,,,,,,,
Columba palumbus,Columbidae,bird,herbivore,gran/frug,500.00000000,J?drzejewska_B. and J?drzejewski_W. 1998,,,,,,,,,,,,,,,,,,,,
Carduelis spinus,Fringillidae,bird,herbivore,gran/frug,14.00000000,J?drzejewska_B. and J?drzejewski_W. 1998,,,,,,,,,,,,,,,,,,,,
Aegithalos caudatus,Aegithalidae,bird,omnivore,omnivore,9.00000000,J?drzejewska_B. and J?drzejewski_W. 1998,,,,,,,,,,,,,,,,,,,,
Oriolus oriolus,Oriolidae,bird,omnivore,omnivore,73.00000000,J?drzejewska_B. and J?drzejewski_W. 1998,,,,,,,,,,,,,,,,,,,,
Pyrrhula pyrrhula,Fringillidae,bird,herbivore,gran/frug,25.00000000,J?drzejewska_B. and J?drzejewski_W. 1998,,,,,,,,,,,,,,,,,,,,
Apus apus,Apodidae,bird,carnivore,insectivore,40.00000000,J?drzejewska_B. and J?drzejewski_W. 1998,,,,,,,,,,,,,,,,,,,,
Bonasa bonasia,Phasianidae,bird,omnivore,omnivore,420.00000000,J?drzejewska_B. and J?drzejewski_W. 1998,,,,,,,,,,,,,,,,,,,,
Dendrocopos minor,Picidae,bird,carnivore,insectivore,21.00000000,J?drzejewska_B. and J?drzejewski_W. 1998,,,,,,,,,,,,,,,,,,,,
Picoides tridactylus,Picidae,bird,carnivore,insectivore,65.00000000,J?drzejewska_B. and J?drzejewski_W. 1998,,,,,,,,,,,,,,,,,,,,
Sturnus vulgaris,Sturnidae,bird,omnivore,omnivore,80.00000000,J?drzejewska_B. and J?drzejewski_W. 1998,,,,,,,,,,,,,,,,,,,,
Parus ater,Paridae,bird,omnivore,omnivore,10.00000000,J?drzejewska_B. and J?drzejewski_W. 1998,,,,,,,,,,,,,,,,,,,,
Locustella fluviatilis,Locustellidae,bird,carnivore,insectivore,20.00000000,J?drzejewska_B. and J?drzejewski_W. 1998,,,,,,,,,,,,,,,,,,,,
Scolopax rusticola,Scolopacidae,bird,carnivore,insectivore,275.00000000,J?drzejewska_B. and J?drzejewski_W. 1998,,aquatic,,,,,,,,,,,,,,,,,,
Cuculus canorus,Cuculidae,bird,carnivore,carnivore,100.00000000,J?drzejewska_B. and J?drzejewski_W. 1998,,,,,,,,,,,,,,,,,,,,
Columba oenas,Columbidae,bird,herbivore,gran/frug,265.00000000,J?drzejewska_B. and J?drzejewski_W. 1998,,,,,,,,,,,,,,,,,,,,
Dendrocopos leucotos,Picidae,bird,carnivore,insectivore,80.00000000,J?drzejewska_B. and J?drzejewski_W. 1998,,,,,,,,,,,,,,,,,,,,
Hippolais icterina,Acrocephalidae,bird,omnivore,omnivore,14.00000000,J?drzejewska_B. and J?drzejewski_W. 1998,,,,,,,,,,,,,,,,,,,,
Dryocopus martius,Picidae,bird,carnivore,insectivore,310.00000000,J?drzejewska_B. and J?drzejewski_W. 1998,,,,,,,,,,,,,,,,,,,,
Turdus iliacus,Turdidae,bird,omnivore,omnivore,70.00000000,J?drzejewska_B. and J?drzejewski_W. 1998,,,,,,,,,,,,,,,,,,,,
Carpodacus erythrinus,Fringillidae,bird,herbivore,gran/frug,22.00000000,J?drzejewska_B. and J?drzejewski_W. 1998,,,,,,,,,,,,,,,,,,,,
Regulus ignicapilla,Regulidae,bird,carnivore,insectivore,5.00000000,J?drzejewska_B. and J?drzejewski_W. 1998,,,,,,,,,,,,,,,,,,,,
Poecile montanus,Paridae,bird,omnivore,omnivore,11.00000000,J?drzejewska_B. and J?drzejewski_W. 1998,,also Parus montanus,,,,,,,,,,,,,,,,,,
Streptopelia turtur,Columbidae,bird,herbivore,gran/frug,150.00000000,J?drzejewska_B. and J?drzejewski_W. 1998,,,,,,,,,,,,,,,,,,,,
Luscinia luscinia,Muscicapidae,bird,omnivore,omnivore,25.00000000,J?drzejewska_B. and J?drzejewski_W. 1998,,,,,,,,,,,,,,,,,,,,
Nucifraga caryocatactes,Corvidae,bird,omnivore,omnivore,200.00000000,J?drzejewska_B. and J?drzejewski_W. 1998,,,,,,,,,,,,,,,,,,,,
Gallinago gallinago,Scolopacidae,bird,carnivore,insectivore,100.00000000,J?drzejewska_B. and J?drzejewski_W. 1998,,aquatic,,,,,,,,,,,,,,,,,,
Sylvia communis,Sylviidae,bird,omnivore,omnivore,14.00000000,J?drzejewska_B. and J?drzejewski_W. 1998,,,,,,,,,,,,,,,,,,,,
Emberiza citrinella,Emberizidae,bird,herbivore,gran/frug,30.00000000,J?drzejewska_B. and J?drzejewski_W. 1998,,,,,,,,,,,,,,,,,,,,
Corvus corax,Corvidae,bird,omnivore,omnivore,1000.00000000,J?drzejewska_B. and J?drzejewski_W. 1998,,,,,,,,,,,,,,,,,,,,
Lanius collurio,Laniidae,bird,carnivore,carnivore,30.00000000,J?drzejewska_B. and J?drzejewski_W. 1998,,,,,,,,,,,,,,,,,,,,
Carduelis chloris,Fringillidae,bird,herbivore,gran/frug,28.00000000,J?drzejewska_B. and J?drzejewski_W. 1998,,,,,,,,,,,,,,,,,,,,
Carduelis carduelis,Fringillidae,bird,herbivore,gran/frug,14.00000000,J?drzejewska_B. and J?drzejewski_W. 1998,,,,,,,,,,,,,,,,,,,,
Jynx torquilla,Picidae,bird,carnivore,insectivore,37.00000000,J?drzejewska_B. and J?drzejewski_W. 1998,,,,,,,,,,,,,,,,,,,,
Phoenicurus phoenicurus,Muscicapidae,bird,omnivore,omnivore,16.00000000,J?drzejewska_B. and J?drzejewski_W. 1998,,,,,,,,,,,,,,,,,,,,
Turdus viscivorus,Turdidae,bird,omnivore,omnivore,115.00000000,J?drzejewska_B. and J?drzejewski_W. 1998,,,,,,,,,,,,,,,,,,,,
Loxia curvirostra,Fringillidae,bird,herbivore,gran/frug,40.00000000,J?drzejewska_B. and J?drzejewski_W. 1998,,,,,,,,,,,,,,,,,,,,
Phylloscopus trochiloides,Phylloscopidae,bird,carnivore,insectivore,8.00000000,J?drzejewska_B. and J?drzejewski_W. 1998,,,,,,,,,,,,,,,,,,,,
Motacilla alba,Motacillidae,bird,carnivore,insectivore,24.00000000,J?drzejewska_B. and J?drzejewski_W. 1998,,,,,,,,,,,,,,,,,,,,
Sylvia curruca,Sylviidae,bird,omnivore,omnivore,12.00000000,J?drzejewska_B. and J?drzejewski_W. 1998,,,,,,,,,,,,,,,,,,,,
Picus canus,Picidae,bird,carnivore,insectivore,120.00000000,J?drzejewska_B. and J?drzejewski_W. 1998,,,,,,,,,,,,,,,,,,,,
Upupa epops,Upupidae,bird,carnivore,insectivore,60.00000000,J?drzejewska_B. and J?drzejewski_W. 1998,,,,,,,,,,,,,,,,,,,,
Picus viridis,Picidae,bird,carnivore,insectivore,200.00000000,J?drzejewska_B. and J?drzejewski_W. 1998,,,,,,,,,,,,,,,,,,,,
Alcedo atthis,Alcedinidae,bird,carnivore,carnivore,40.00000000,J?drzejewska_B. and J?drzejewski_W. 1998,,,,,,,,,,,,,,,,,,,,
Caprimulgus europaeus,Caprimulgidae,bird,carnivore,insectivore,63.00000000,J?drzejewska_B. and J?drzejewski_W. 1998,,,,,,,,,,,,,,,,,,,,
Lullula arborea,Alaudidae,bird,omnivore,omnivore,28.00000000,J?drzejewska_B. and J?drzejewski_W. 1998,,,,,,,,,,,,,,,,,,,,
Acrocephalus palustris,Acrocephalidae,bird,carnivore,insectivore,12.00000000,J?drzejewska_B. and J?drzejewski_W. 1998,,,,,,,,,,,,,,,,,,,,
Crex crex,Rallidae,bird,omnivore,omnivore,160.00000000,J?drzejewska_B. and J?drzejewski_W. 1998,,,,,,,,,,,,,,,,,,,,
Saxicola rubetra,Muscicapidae,bird,omnivore,omnivore,18.00000000,J?drzejewska_B. and J?drzejewski_W. 1998,,,,,,,,,,,,,,,,,,,,
Sylvia nisoria,Sylviidae,bird,omnivore,omnivore,24.00000000,J?drzejewska_B. and J?drzejewski_W. 1998,,,,,,,,,,,,,,,,,,,,
Luscinia svecica,Muscicapidae,bird,omnivore,omnivore,18.00000000,J?drzejewska_B. and J?drzejewski_W. 1998,,,,,,,,,,,,,,,,,,,,
Serinus serinus,Fringillidae,bird,herbivore,gran/frug,13.00000000,J?drzejewska_B. and J?drzejewski_W. 1998,,,,,,,,,,,,,,,,,,,,
Acrocephalus schoenobaenus,Acrocephalidae,bird,carnivore,insectivore,12.00000000,J?drzejewska_B. and J?drzejewski_W. 1998,,,,,,,,,,,,,,,,,,,,
Emberiza schoeniclus,Emberizidae,bird,omnivore,omnivore,20.00000000,J?drzejewska_B. and J?drzejewski_W. 1998,,,,,,,,,,,,,,,,,,,,
Sylvia communis,Sylviidae,bird,omnivore,omnivore,20.00000000,J?drzejewska_B. and J?drzejewski_W. 1998,,,,,,,,,,,,,,,,,,,,
Locustella luscinioides,Locustellidae,bird,carnivore,insectivore,17.00000000,J?drzejewska_B. and J?drzejewski_W. 1998,,,,,,,,,,,,,,,,,,,,
Locustella naevia,Locustellidae,bird,carnivore,insectivore,14.00000000,J?drzejewska_B. and J?drzejewski_W. 1998,,,,,,,,,,,,,,,,,,,,
Acrocephalus scirpaceus,Acrocephalidae,bird,carnivore,insectivore,12.00000000,J?drzejewska_B. and J?drzejewski_W. 1998,,,,,,,,,,,,,,,,,,,,
Acrocephalus arundinaceus,Acrocephalidae,bird,carnivore,insectivore,32.00000000,J?drzejewska_B. and J?drzejewski_W. 1998,,,,,,,,,,,,,,,,,,,,
Rallus aquaticus,Rallidae,bird,omnivore,omnivore,140.00000000,J?drzejewska_B. and J?drzejewski_W. 1998,,,,,,,,,,,,,,,,,,,,
Porzana porzana,Rallidae,bird,omnivore,omnivore,80.00000000,J?drzejewska_B. and J?drzejewski_W. 1998,,,,,,,,,,,,,,,,,,,,
Anthus pratensis,Motacillidae,bird,carnivore,insectivore,19.00000000,J?drzejewska_B. and J?drzejewski_W. 1998,,,,,,,,,,,,,,,,,,,,
Motacilla alba,Motacillidae,bird,carnivore,insectivore,21.00000000,J?drzejewska_B. and J?drzejewski_W. 1998,,,,,,,,,,,,,,,,,,,,
Vanellus vanellus,Charadriidae,bird,omnivore,omnivore,200.00000000,J?drzejewska_B. and J?drzejewski_W. 1998,,,,,,,,,,,,,,,,,,,,
Gallinula chloropus,Rallidae,bird,omnivore,omnivore,300.00000000,J?drzejewska_B. and J?drzejewski_W. 1998,,,,,,,,,,,,,,,,,,,,
Delichon urbicum,Hirundinidae,bird,carnivore,insectivore,19.00000000,J?drzejewska_B. and J?drzejewski_W. 1998,,also as Delichon urbica,,,,,,,,,,,,,,,,,,
Alauda arvensis,Alaudidae,bird,omnivore,omnivore,37.00000000,J?drzejewska_B. and J?drzejewski_W. 1998,,,,,,,,,,,,,,,,,,,,
Porzana parva,Rallidae,bird,omnivore,omnivore,55.00000000,J?drzejewska_B. and J?drzejewski_W. 1998,,,,,,,,,,,,,,,,,,,,
Pica pica,Corvidae,bird,omnivore,omnivore,200.00000000,J?drzejewska_B. and J?drzejewski_W. 1998,,,,,,,,,,,,,,,,,,,,
Hirundo rustica,Hirundinidae,bird,carnivore,insectivore,18.00000000,J?drzejewska_B. and J?drzejewski_W. 1998,,,,,,,,,,,,,,,,,,,,
Gallinago media,Scolopacidae,bird,omnivore,omnivore,155.00000000,J?drzejewska_B. and J?drzejewski_W. 1998,,,,,,,,,,,,,,,,,,,,
Acanthis cannabina,Fringillidae,bird,herbivore,gran/frug,18.00000000,J?drzejewska_B. and J?drzejewski_W. 1998,,,,,,,,,,,,,,,,,,,,
Motacilla flava,Motacillidae,bird,omnivore,omnivore,17.00000000,J?drzejewska_B. and J?drzejewski_W. 1998,,,,,,,,,,,,,,,,,,,,
Jynx torquilla,Picidae,bird,carnivore,insectivore,37.00000000,J?drzejewska_B. and J?drzejewski_W. 1998,,,,,,,,,,,,,,,,,,,,
Dendrocopos leucotos,Picidae,bird,carnivore,insectivore,100.00000000,J?drzejewska_B. and J?drzejewski_W. 1998,,,,,,,,,,,,,,,,,,,,
Tringa totanus,Scolopacidae,bird,carnivore,carnivore,130.00000000,J?drzejewska_B. and J?drzejewski_W. 1998,,,,,,,,,,,,,,,,,,,,
Remiz pendulinus,Remizidae,bird,carnivore,insectivore,10.00000000,J?drzejewska_B. and J?drzejewski_W. 1998,,,,,,,,,,,,,,,,,,,,
Passer domesticus,Passeridae,bird,omnivore,omnivore,32.00000000,J?drzejewska_B. and J?drzejewski_W. 1998,,,,,,,,,,,,,,,,,,,,
Parus major,Paridae,bird,omnivore,omnivore,20.00000000,J?drzejewska_B. and J?drzejewski_W. 1998,,,,,,,,,,,,,,,,,,,,
Carduelis carduelis,Fringillidae,bird,herbivore,gran/frug,23.00000000,J?drzejewska_B. and J?drzejewski_W. 1998,,,,,,,,,,,,,,,,,,,,
Passer montanus,Passeridae,bird,herbivore,gran/frug,24.00000000,J?drzejewska_B. and J?drzejewski_W. 1998,,,,,,,,,,,,,,,,,,,,
Sylvia nisoria,Sylviidae,bird,omnivore,omnivore,26.00000000,J?drzejewska_B. and J?drzejewski_W. 1998,,,,,,,,,,,,,,,,,,,,
Muscicapa striata,Muscicapidae,bird,carnivore,insectivore,14.00000000,J?drzejewska_B. and J?drzejewski_W. 1998,,,,,,,,,,,,,,,,,,,,
Hippolais icterina,Acrocephalidae,bird,omnivore,omnivore,11.00000000,J?drzejewska_B. and J?drzejewski_W. 1998,,,,,,,,,,,,,,,,,,,,
Cyanistes caeruleus,Paridae,bird,omnivore,omnivore,17.00000000,J?drzejewska_B. and J?drzejewski_W. 1998,,formerly Parus caeruleus,,,,,,,,,,,,,,,,,,
Araneae,Araneae,invertebrates,carnivore,insectivore,0.00021000,Norberg_R.Å. 1978 ,,,,,,,,,,,,,,,,,,,,
Araneae,Araneae,invertebrates,carnivore,insectivore,0.00026000,Norberg_R.Å. 1978 ,,,,,,,,,,,,,,,,,,,,
Araneae,Araneae,invertebrates,carnivore,insectivore,0.00053000,Norberg_R.Å. 1978 ,,,,,,,,,,,,,,,,,,,,
Araneae,Araneae,invertebrates,carnivore,insectivore,0.00109000,Norberg_R.Å. 1978 ,,,,,,,,,,,,,,,,,,,,
Araneae,Araneae,invertebrates,carnivore,insectivore,0.00218000,Norberg_R.Å. 1978 ,,,,,,,,,,,,,,,,,,,,
Araneae,Araneae,invertebrates,carnivore,insectivore,0.00286000,Norberg_R.Å. 1978 ,,,,,,,,,,,,,,,,,,,,
Araneae,Araneae,invertebrates,carnivore,insectivore,0.00742000,Norberg_R.Å. 1978 ,,,,,,,,,,,,,,,,,,,,
Araneae,Araneae,invertebrates,carnivore,insectivore,0.00890000,Norberg_R.Å. 1978 ,,,,,,,,,,,,,,,,,,,,
Araneae,Araneae,invertebrates,carnivore,insectivore,0.00486000,Norberg_R.Å. 1978 ,,,,,,,,,,,,,,,,,,,,
Araneae,Araneae,invertebrates,carnivore,insectivore,0.00010000,Norberg_R.Å. 1978 ,,,,,,,,,,,,,,,,,,,,
Araneae,Araneae,invertebrates,carnivore,insectivore,0.00039000,Norberg_R.Å. 1978 ,,,,,,,,,,,,,,,,,,,,
Araneae,Araneae,invertebrates,carnivore,insectivore,0.00058000,Norberg_R.Å. 1978 ,,,,,,,,,,,,,,,,,,,,
Araneae,Araneae,invertebrates,carnivore,insectivore,0.00066000,Norberg_R.Å. 1978 ,,,,,,,,,,,,,,,,,,,,
Araneae,Araneae,invertebrates,carnivore,insectivore,0.00125000,Norberg_R.Å. 1978 ,,,,,,,,,,,,,,,,,,,,
Araneae,Araneae,invertebrates,carnivore,insectivore,0.00220000,Norberg_R.Å. 1978 ,,,,,,,,,,,,,,,,,,,,
Araneae,Araneae,invertebrates,carnivore,insectivore,0.00546000,Norberg_R.Å. 1978 ,,,,,,,,,,,,,,,,,,,,
Araneae,Araneae,invertebrates,carnivore,insectivore,0.00894000,Norberg_R.Å. 1978 ,,,,,,,,,,,,,,,,,,,,
Araneae,Araneae,invertebrates,carnivore,insectivore,0.02745000,Norberg_R.Å. 1978 ,,,,,,,,,,,,,,,,,,,,
Psocoptera,Insecta,invertebrates,herbivore,folivore,0.00043800,Norberg_R.Å. 1978 ,,,,,,,,,,,,,,,,,,,,
Psocoptera,Insecta,invertebrates,herbivore,folivore,0.00034800,Norberg_R.Å. 1978 ,,,,,,,,,,,,,,,,,,,,
Curculionidae,Curculionidae,invertebrates,herbivore,folivore,0.00702000,Norberg_R.Å. 1978 ,,,,,,,,,,,,,,,,,,,,
Curculionidae,Curculionidae,invertebrates,herbivore,folivore,0.00991000,Norberg_R.Å. 1978 ,,,,,,,,,,,,,,,,,,,,
Anoplolepis steingroeveri,Formicidae,invertebrates,carnivore,insectivore,0.00094000,Chown_S.L. et al. 2007,,,,,,,,,,,,,,,,,,,,
Anoplolepis steingroeveri,Formicidae,invertebrates,carnivore,insectivore,0.00098000,Chown_S.L. et al. 2007,,,,,,,,,,,,,,,,,,,,
Anoplolepis steingroeveri,Formicidae,invertebrates,carnivore,insectivore,0.00115000,Chown_S.L. et al. 2007,,,,,,,,,,,,,,,,,,,,
Anoplolepis steingroeveri,Formicidae,invertebrates,carnivore,insectivore,0.00117000,Chown_S.L. et al. 2007,,,,,,,,,,,,,,,,,,,,
Anoplolepis steingroeveri,Formicidae,invertebrates,carnivore,insectivore,0.00159000,Chown_S.L. et al. 2007,,,,,,,,,,,,,,,,,,,,
Anoplolepis steingroeveri,Formicidae,invertebrates,carnivore,insectivore,0.00190000,Chown_S.L. et al. 2007,,,,,,,,,,,,,,,,,,,,
Anoplolepis steingroeveri,Formicidae,invertebrates,carnivore,insectivore,0.00290000,Chown_S.L. et al. 2007,,,,,,,,,,,,,,,,,,,,
Anoplolepis steingroeveri,Formicidae,invertebrates,carnivore,insectivore,0.00332000,Chown_S.L. et al. 2007,,,,,,,,,,,,,,,,,,,,
Anoplolepis steingroeveri,Formicidae,invertebrates,carnivore,insectivore,0.00430000,Chown_S.L. et al. 2007,,,,,,,,,,,,,,,,,,,,
Anoplolepis steingroeveri,Formicidae,invertebrates,carnivore,insectivore,0.00464000,Chown_S.L. et al. 2007,,,,,,,,,,,,,,,,,,,,
Anoplolepis steingroeveri,Formicidae,invertebrates,carnivore,insectivore,0.00474000,Chown_S.L. et al. 2007,,,,,,,,,,,,,,,,,,,,
Anoplolepis steingroeveri,Formicidae,invertebrates,carnivore,insectivore,0.00487000,Chown_S.L. et al. 2007,,,,,,,,,,,,,,,,,,,,
Anoplolepis steingroeveri,Formicidae,invertebrates,carnivore,insectivore,0.00558000,Chown_S.L. et al. 2007,,,,,,,,,,,,,,,,,,,,
Anoplolepis steingroeveri,Formicidae,invertebrates,carnivore,insectivore,0.00602000,Chown_S.L. et al. 2007,,,,,,,,,,,,,,,,,,,,
Anoplolepis steingroeveri,Formicidae,invertebrates,carnivore,insectivore,0.00658000,Chown_S.L. et al. 2007,,,,,,,,,,,,,,,,,,,,
Anoplolepis steingroeveri,Formicidae,invertebrates,carnivore,insectivore,0.00660000,Chown_S.L. et al. 2007,,,,,,,,,,,,,,,,,,,,
Anoplolepis steingroeveri,Formicidae,invertebrates,carnivore,insectivore,0.00695000,Chown_S.L. et al. 2007,,,,,,,,,,,,,,,,,,,,
Anoplolepis steingroeveri,Formicidae,invertebrates,carnivore,insectivore,0.00697000,Chown_S.L. et al. 2007,,,,,,,,,,,,,,,,,,,,
Anoplolepis steingroeveri,Formicidae,invertebrates,carnivore,insectivore,0.00711000,Chown_S.L. et al. 2007,,,,,,,,,,,,,,,,,,,,
Anoplolepis steingroeveri,Formicidae,invertebrates,carnivore,insectivore,0.00728000,Chown_S.L. et al. 2007,,,,,,,,,,,,,,,,,,,,
Anoplolepis steingroeveri,Formicidae,invertebrates,carnivore,insectivore,0.00733000,Chown_S.L. et al. 2007,,,,,,,,,,,,,,,,,,,,
Anoplolepis steingroeveri,Formicidae,invertebrates,carnivore,insectivore,0.00748000,Chown_S.L. et al. 2007,,,,,,,,,,,,,,,,,,,,
Anoplolepis steingroeveri,Formicidae,invertebrates,carnivore,insectivore,0.00787000,Chown_S.L. et al. 2007,,,,,,,,,,,,,,,,,,,,
Anoplolepis steingroeveri,Formicidae,invertebrates,carnivore,insectivore,0.00830000,Chown_S.L. et al. 2007,,,,,,,,,,,,,,,,,,,,
Anoplolepis steingroeveri,Formicidae,invertebrates,carnivore,insectivore,0.00880000,Chown_S.L. et al. 2007,,,,,,,,,,,,,,,,,,,,
Anoplolepis steingroeveri,Formicidae,invertebrates,carnivore,insectivore,0.00890000,Chown_S.L. et al. 2007,,,,,,,,,,,,,,,,,,,,
Anoplolepis steingroeveri,Formicidae,invertebrates,carnivore,insectivore,0.01024000,Chown_S.L. et al. 2007,,,,,,,,,,,,,,,,,,,,
Anoplolepis steingroeveri,Formicidae,invertebrates,carnivore,insectivore,0.01048000,Chown_S.L. et al. 2007,,,,,,,,,,,,,,,,,,,,
Atta colombica,Formicidae,invertebrates,herbivore,folivore,0.00360000,Chown_S.L. et al. 2007,,,,,,,,,,,,,,,,,,,,
Atta colombica,Formicidae,invertebrates,herbivore,folivore,0.00450000,Chown_S.L. et al. 2007,,,,,,,,,,,,,,,,,,,,
Atta colombica,Formicidae,invertebrates,herbivore,folivore,0.00450000,Chown_S.L. et al. 2007,,,,,,,,,,,,,,,,,,,,
Atta colombica,Formicidae,invertebrates,herbivore,folivore,0.00490000,Chown_S.L. et al. 2007,,,,,,,,,,,,,,,,,,,,
Atta colombica,Formicidae,invertebrates,herbivore,folivore,0.00740000,Chown_S.L. et al. 2007,,,,,,,,,,,,,,,,,,,,
Atta colombica,Formicidae,invertebrates,herbivore,folivore,0.00830000,Chown_S.L. et al. 2007,,,,,,,,,,,,,,,,,,,,
Atta colombica,Formicidae,invertebrates,herbivore,folivore,0.01040000,Chown_S.L. et al. 2007,,,,,,,,,,,,,,,,,,,,
Atta colombica,Formicidae,invertebrates,herbivore,folivore,0.01040000,Chown_S.L. et al. 2007,,,,,,,,,,,,,,,,,,,,
Atta colombica,Formicidae,invertebrates,herbivore,folivore,0.01140000,Chown_S.L. et al. 2007,,,,,,,,,,,,,,,,,,,,
Atta colombica,Formicidae,invertebrates,herbivore,folivore,0.01200000,Chown_S.L. et al. 2007,,,,,,,,,,,,,,,,,,,,
Atta colombica,Formicidae,invertebrates,herbivore,folivore,0.01200000,Chown_S.L. et al. 2007,,,,,,,,,,,,,,,,,,,,
Atta colombica,Formicidae,invertebrates,herbivore,folivore,0.01230000,Chown_S.L. et al. 2007,,,,,,,,,,,,,,,,,,,,
Atta colombica,Formicidae,invertebrates,herbivore,folivore,0.01270000,Chown_S.L. et al. 2007,,,,,,,,,,,,,,,,,,,,
Atta colombica,Formicidae,invertebrates,herbivore,folivore,0.01350000,Chown_S.L. et al. 2007,,,,,,,,,,,,,,,,,,,,
Atta colombica,Formicidae,invertebrates,herbivore,folivore,0.01500000,Chown_S.L. et al. 2007,,,,,,,,,,,,,,,,,,,,
Atta colombica,Formicidae,invertebrates,herbivore,folivore,0.01600000,Chown_S.L. et al. 2007,,,,,,,,,,,,,,,,,,,,
Atta colombica,Formicidae,invertebrates,herbivore,folivore,0.01600000,Chown_S.L. et al. 2007,,,,,,,,,,,,,,,,,,,,
Atta colombica,Formicidae,invertebrates,herbivore,folivore,0.01760000,Chown_S.L. et al. 2007,,,,,,,,,,,,,,,,,,,,
Atta colombica,Formicidae,invertebrates,herbivore,folivore,0.01900000,Chown_S.L. et al. 2007,,,,,,,,,,,,,,,,,,,,
Atta colombica,Formicidae,invertebrates,herbivore,folivore,0.01920000,Chown_S.L. et al. 2007,,,,,,,,,,,,,,,,,,,,
Atta colombica,Formicidae,invertebrates,herbivore,folivore,0.01990000,Chown_S.L. et al. 2007,,,,,,,,,,,,,,,,,,,,
Atta colombica,Formicidae,invertebrates,herbivore,folivore,0.02150000,Chown_S.L. et al. 2007,,,,,,,,,,,,,,,,,,,,
Atta colombica,Formicidae,invertebrates,herbivore,folivore,0.02220000,Chown_S.L. et al. 2007,,,,,,,,,,,,,,,,,,,,
Atta colombica,Formicidae,invertebrates,herbivore,folivore,0.02350000,Chown_S.L. et al. 2007,,,,,,,,,,,,,,,,,,,,
Atta colombica,Formicidae,invertebrates,herbivore,folivore,0.02440000,Chown_S.L. et al. 2007,,,,,,,,,,,,,,,,,,,,
Atta colombica,Formicidae,invertebrates,herbivore,folivore,0.02670000,Chown_S.L. et al. 2007,,,,,,,,,,,,,,,,,,,,
Atta colombica,Formicidae,invertebrates,herbivore,folivore,0.03330000,Chown_S.L. et al. 2007,,,,,,,,,,,,,,,,,,,,
Camponotus fulvopilosus,Formicidae,invertebrates,carnivore,insectivore,0.01085000,Chown_S.L. et al. 2007,,,,,,,,,,,,,,,,,,,,
Camponotus fulvopilosus,Formicidae,invertebrates,carnivore,insectivore,0.01386000,Chown_S.L. et al. 2007,,,,,,,,,,,,,,,,,,,,
Camponotus fulvopilosus,Formicidae,invertebrates,carnivore,insectivore,0.01448000,Chown_S.L. et al. 2007,,,,,,,,,,,,,,,,,,,,
Camponotus fulvopilosus,Formicidae,invertebrates,carnivore,insectivore,0.01471000,Chown_S.L. et al. 2007,,,,,,,,,,,,,,,,,,,,
Camponotus fulvopilosus,Formicidae,invertebrates,carnivore,insectivore,0.02215000,Chown_S.L. et al. 2007,,,,,,,,,,,,,,,,,,,,
Camponotus fulvopilosus,Formicidae,invertebrates,carnivore,insectivore,0.02269000,Chown_S.L. et al. 2007,,,,,,,,,,,,,,,,,,,,
Camponotus fulvopilosus,Formicidae,invertebrates,carnivore,insectivore,0.02338000,Chown_S.L. et al. 2007,,,,,,,,,,,,,,,,,,,,
Camponotus fulvopilosus,Formicidae,invertebrates,carnivore,insectivore,0.02431000,Chown_S.L. et al. 2007,,,,,,,,,,,,,,,,,,,,
Camponotus fulvopilosus,Formicidae,invertebrates,carnivore,insectivore,0.02438000,Chown_S.L. et al. 2007,,,,,,,,,,,,,,,,,,,,
Camponotus fulvopilosus,Formicidae,invertebrates,carnivore,insectivore,0.02746000,Chown_S.L. et al. 2007,,,,,,,,,,,,,,,,,,,,
Camponotus fulvopilosus,Formicidae,invertebrates,carnivore,insectivore,0.02762000,Chown_S.L. et al. 2007,,,,,,,,,,,,,,,,,,,,
Camponotus fulvopilosus,Formicidae,invertebrates,carnivore,insectivore,0.03202000,Chown_S.L. et al. 2007,,,,,,,,,,,,,,,,,,,,
Camponotus fulvopilosus,Formicidae,invertebrates,carnivore,insectivore,0.03351000,Chown_S.L. et al. 2007,,,,,,,,,,,,,,,,,,,,
Camponotus fulvopilosus,Formicidae,invertebrates,carnivore,insectivore,0.03968000,Chown_S.L. et al. 2007,,,,,,,,,,,,,,,,,,,,
Camponotus fulvopilosus,Formicidae,invertebrates,carnivore,insectivore,0.04792000,Chown_S.L. et al. 2007,,,,,,,,,,,,,,,,,,,,
Camponotus fulvopilosus,Formicidae,invertebrates,carnivore,insectivore,0.04917000,Chown_S.L. et al. 2007,,,,,,,,,,,,,,,,,,,,
Camponotus fulvopilosus,Formicidae,invertebrates,carnivore,insectivore,0.05390000,Chown_S.L. et al. 2007,,,,,,,,,,,,,,,,,,,,
Camponotus fulvopilosus,Formicidae,invertebrates,carnivore,insectivore,0.05831000,Chown_S.L. et al. 2007,,,,,,,,,,,,,,,,,,,,
Camponotus fulvopilosus,Formicidae,invertebrates,carnivore,insectivore,0.05949000,Chown_S.L. et al. 2007,,,,,,,,,,,,,,,,,,,,
Camponotus fulvopilosus,Formicidae,invertebrates,carnivore,insectivore,0.05966000,Chown_S.L. et al. 2007,,,,,,,,,,,,,,,,,,,,
Camponotus fulvopilosus,Formicidae,invertebrates,carnivore,insectivore,0.08474000,Chown_S.L. et al. 2007,,,,,,,,,,,,,,,,,,,,
Camponotus fulvopilosus,Formicidae,invertebrates,carnivore,insectivore,0.08895000,Chown_S.L. et al. 2007,,,,,,,,,,,,,,,,,,,,
Camponotus fulvopilosus,Formicidae,invertebrates,carnivore,insectivore,0.10606000,Chown_S.L. et al. 2007,,,,,,,,,,,,,,,,,,,,
Camponotus fulvopilosus,Formicidae,invertebrates,carnivore,insectivore,0.15530000,Chown_S.L. et al. 2007,,,,,,,,,,,,,,,,,,,,
Camponotus maculatus,Formicidae,invertebrates,carnivore,insectivore,0.00770000,Chown_S.L. et al. 2007,,,,,,,,,,,,,,,,,,,,
Camponotus maculatus,Formicidae,invertebrates,carnivore,insectivore,0.01040000,Chown_S.L. et al. 2007,,,,,,,,,,,,,,,,,,,,
Camponotus maculatus,Formicidae,invertebrates,carnivore,insectivore,0.01080000,Chown_S.L. et al. 2007,,,,,,,,,,,,,,,,,,,,
Camponotus maculatus,Formicidae,invertebrates,carnivore,insectivore,0.01090000,Chown_S.L. et al. 2007,,,,,,,,,,,,,,,,,,,,
Camponotus maculatus,Formicidae,invertebrates,carnivore,insectivore,0.01100000,Chown_S.L. et al. 2007,,,,,,,,,,,,,,,,,,,,
Camponotus maculatus,Formicidae,invertebrates,carnivore,insectivore,0.01100000,Chown_S.L. et al. 2007,,,,,,,,,,,,,,,,,,,,
Camponotus maculatus,Formicidae,invertebrates,carnivore,insectivore,0.01110000,Chown_S.L. et al. 2007,,,,,,,,,,,,,,,,,,,,
Camponotus maculatus,Formicidae,invertebrates,carnivore,insectivore,0.01120000,Chown_S.L. et al. 2007,,,,,,,,,,,,,,,,,,,,
Camponotus maculatus,Formicidae,invertebrates,carnivore,insectivore,0.01340000,Chown_S.L. et al. 2007,,,,,,,,,,,,,,,,,,,,
Camponotus maculatus,Formicidae,invertebrates,carnivore,insectivore,0.01420000,Chown_S.L. et al. 2007,,,,,,,,,,,,,,,,,,,,
Camponotus maculatus,Formicidae,invertebrates,carnivore,insectivore,0.01510000,Chown_S.L. et al. 2007,,,,,,,,,,,,,,,,,,,,
Camponotus maculatus,Formicidae,invertebrates,carnivore,insectivore,0.01520000,Chown_S.L. et al. 2007,,,,,,,,,,,,,,,,,,,,
Camponotus maculatus,Formicidae,invertebrates,carnivore,insectivore,0.01570000,Chown_S.L. et al. 2007,,,,,,,,,,,,,,,,,,,,
Camponotus maculatus,Formicidae,invertebrates,carnivore,insectivore,0.01620000,Chown_S.L. et al. 2007,,,,,,,,,,,,,,,,,,,,
Camponotus maculatus,Formicidae,invertebrates,carnivore,insectivore,0.01660000,Chown_S.L. et al. 2007,,,,,,,,,,,,,,,,,,,,
Camponotus maculatus,Formicidae,invertebrates,carnivore,insectivore,0.01830000,Chown_S.L. et al. 2007,,,,,,,,,,,,,,,,,,,,
Camponotus maculatus,Formicidae,invertebrates,carnivore,insectivore,0.01840000,Chown_S.L. et al. 2007,,,,,,,,,,,,,,,,,,,,
Camponotus maculatus,Formicidae,invertebrates,carnivore,insectivore,0.01870000,Chown_S.L. et al. 2007,,,,,,,,,,,,,,,,,,,,
Camponotus maculatus,Formicidae,invertebrates,carnivore,insectivore,0.01890000,Chown_S.L. et al. 2007,,,,,,,,,,,,,,,,,,,,
Camponotus maculatus,Formicidae,invertebrates,carnivore,insectivore,0.01920000,Chown_S.L. et al. 2007,,,,,,,,,,,,,,,,,,,,
Camponotus maculatus,Formicidae,invertebrates,carnivore,insectivore,0.02170000,Chown_S.L. et al. 2007,,,,,,,,,,,,,,,,,,,,
Camponotus maculatus,Formicidae,invertebrates,carnivore,insectivore,0.02220000,Chown_S.L. et al. 2007,,,,,,,,,,,,,,,,,,,,
Camponotus maculatus,Formicidae,invertebrates,carnivore,insectivore,0.02350000,Chown_S.L. et al. 2007,,,,,,,,,,,,,,,,,,,,
Camponotus maculatus,Formicidae,invertebrates,carnivore,insectivore,0.02360000,Chown_S.L. et al. 2007,,,,,,,,,,,,,,,,,,,,
Camponotus maculatus,Formicidae,invertebrates,carnivore,insectivore,0.02430000,Chown_S.L. et al. 2007,,,,,,,,,,,,,,,,,,,,
Camponotus maculatus,Formicidae,invertebrates,carnivore,insectivore,0.02480000,Chown_S.L. et al. 2007,,,,,,,,,,,,,,,,,,,,
Camponotus maculatus,Formicidae,invertebrates,carnivore,insectivore,0.02540000,Chown_S.L. et al. 2007,,,,,,,,,,,,,,,,,,,,
Camponotus maculatus,Formicidae,invertebrates,carnivore,insectivore,0.02560000,Chown_S.L. et al. 2007,,,,,,,,,,,,,,,,,,,,
Camponotus maculatus,Formicidae,invertebrates,carnivore,insectivore,0.02570000,Chown_S.L. et al. 2007,,,,,,,,,,,,,,,,,,,,
Camponotus maculatus,Formicidae,invertebrates,carnivore,insectivore,0.02700000,Chown_S.L. et al. 2007,,,,,,,,,,,,,,,,,,,,
Camponotus maculatus,Formicidae,invertebrates,carnivore,insectivore,0.02950000,Chown_S.L. et al. 2007,,,,,,,,,,,,,,,,,,,,
Camponotus maculatus,Formicidae,invertebrates,carnivore,insectivore,0.02980000,Chown_S.L. et al. 2007,,,,,,,,,,,,,,,,,,,,
Camponotus maculatus,Formicidae,invertebrates,carnivore,insectivore,0.03070000,Chown_S.L. et al. 2007,,,,,,,,,,,,,,,,,,,,
Camponotus maculatus,Formicidae,invertebrates,carnivore,insectivore,0.03320000,Chown_S.L. et al. 2007,,,,,,,,,,,,,,,,,,,,
Camponotus maculatus,Formicidae,invertebrates,carnivore,insectivore,0.03320000,Chown_S.L. et al. 2007,,,,,,,,,,,,,,,,,,,,
Camponotus maculatus,Formicidae,invertebrates,carnivore,insectivore,0.03390000,Chown_S.L. et al. 2007,,,,,,,,,,,,,,,,,,,,
Camponotus maculatus,Formicidae,invertebrates,carnivore,insectivore,0.03720000,Chown_S.L. et al. 2007,,,,,,,,,,,,,,,,,,,,
Camponotus maculatus,Formicidae,invertebrates,carnivore,insectivore,0.03720000,Chown_S.L. et al. 2007,,,,,,,,,,,,,,,,,,,,
Camponotus maculatus,Formicidae,invertebrates,carnivore,insectivore,0.07170000,Chown_S.L. et al. 2007,,,,,,,,,,,,,,,,,,,,
Camponotus maculatus,Formicidae,invertebrates,carnivore,insectivore,0.09020000,Chown_S.L. et al. 2007,,,,,,,,,,,,,,,,,,,,
Camponotus maculatus,Formicidae,invertebrates,carnivore,insectivore,0.10000000,Chown_S.L. et al. 2007,,,,,,,,,,,,,,,,,,,,
Camponotus maculatus,Formicidae,invertebrates,carnivore,insectivore,0.10610000,Chown_S.L. et al. 2007,,,,,,,,,,,,,,,,,,,,
Camponotus maculatus,Formicidae,invertebrates,carnivore,insectivore,0.10660000,Chown_S.L. et al. 2007,,,,,,,,,,,,,,,,,,,,
Camponotus maculatus,Formicidae,invertebrates,carnivore,insectivore,0.10750000,Chown_S.L. et al. 2007,,,,,,,,,,,,,,,,,,,,
Camponotus maculatus,Formicidae,invertebrates,carnivore,insectivore,0.11020000,Chown_S.L. et al. 2007,,,,,,,,,,,,,,,,,,,,
Camponotus maculatus,Formicidae,invertebrates,carnivore,insectivore,0.11060000,Chown_S.L. et al. 2007,,,,,,,,,,,,,,,,,,,,
Camponotus maculatus,Formicidae,invertebrates,carnivore,insectivore,0.11170000,Chown_S.L. et al. 2007,,,,,,,,,,,,,,,,,,,,
Camponotus maculatus,Formicidae,invertebrates,carnivore,insectivore,0.11190000,Chown_S.L. et al. 2007,,,,,,,,,,,,,,,,,,,,
Camponotus maculatus,Formicidae,invertebrates,carnivore,insectivore,0.12060000,Chown_S.L. et al. 2007,,,,,,,,,,,,,,,,,,,,
Camponotus maculatus,Formicidae,invertebrates,carnivore,insectivore,0.12920000,Chown_S.L. et al. 2007,,,,,,,,,,,,,,,,,,,,
Eciton hamatum,Formicidae,invertebrates,carnivore,insectivore,0.00206000,Chown_S.L. et al. 2007,,,,,,,,,,,,,,,,,,,,
Eciton hamatum,Formicidae,invertebrates,carnivore,insectivore,0.00282000,Chown_S.L. et al. 2007,,,,,,,,,,,,,,,,,,,,
Eciton hamatum,Formicidae,invertebrates,carnivore,insectivore,0.00453000,Chown_S.L. et al. 2007,,,,,,,,,,,,,,,,,,,,
Eciton hamatum,Formicidae,invertebrates,carnivore,insectivore,0.00553000,Chown_S.L. et al. 2007,,,,,,,,,,,,,,,,,,,,
Eciton hamatum,Formicidae,invertebrates,carnivore,insectivore,0.00563000,Chown_S.L. et al. 2007,,,,,,,,,,,,,,,,,,,,
Eciton hamatum,Formicidae,invertebrates,carnivore,insectivore,0.00563000,Chown_S.L. et al. 2007,,,,,,,,,,,,,,,,,,,,
Eciton hamatum,Formicidae,invertebrates,carnivore,insectivore,0.00600000,Chown_S.L. et al. 2007,,,,,,,,,,,,,,,,,,,,
Eciton hamatum,Formicidae,invertebrates,carnivore,insectivore,0.00674000,Chown_S.L. et al. 2007,,,,,,,,,,,,,,,,,,,,
Eciton hamatum,Formicidae,invertebrates,carnivore,insectivore,0.00803000,Chown_S.L. et al. 2007,,,,,,,,,,,,,,,,,,,,
Eciton hamatum,Formicidae,invertebrates,carnivore,insectivore,0.00803000,Chown_S.L. et al. 2007,,,,,,,,,,,,,,,,,,,,
Eciton hamatum,Formicidae,invertebrates,carnivore,insectivore,0.00824000,Chown_S.L. et al. 2007,,,,,,,,,,,,,,,,,,,,
Eciton hamatum,Formicidae,invertebrates,carnivore,insectivore,0.00866000,Chown_S.L. et al. 2007,,,,,,,,,,,,,,,,,,,,
Eciton hamatum,Formicidae,invertebrates,carnivore,insectivore,0.00908000,Chown_S.L. et al. 2007,,,,,,,,,,,,,,,,,,,,
Eciton hamatum,Formicidae,invertebrates,carnivore,insectivore,0.00908000,Chown_S.L. et al. 2007,,,,,,,,,,,,,,,,,,,,
Eciton hamatum,Formicidae,invertebrates,carnivore,insectivore,0.00923000,Chown_S.L. et al. 2007,,,,,,,,,,,,,,,,,,,,
Eciton hamatum,Formicidae,invertebrates,carnivore,insectivore,0.00971000,Chown_S.L. et al. 2007,,,,,,,,,,,,,,,,,,,,
Eciton hamatum,Formicidae,invertebrates,carnivore,insectivore,0.01164000,Chown_S.L. et al. 2007,,,,,,,,,,,,,,,,,,,,
Eciton hamatum,Formicidae,invertebrates,carnivore,insectivore,0.01212000,Chown_S.L. et al. 2007,,,,,,,,,,,,,,,,,,,,
Eciton hamatum,Formicidae,invertebrates,carnivore,insectivore,0.01403000,Chown_S.L. et al. 2007,,,,,,,,,,,,,,,,,,,,
Eciton hamatum,Formicidae,invertebrates,carnivore,insectivore,0.01465000,Chown_S.L. et al. 2007,,,,,,,,,,,,,,,,,,,,
Eciton hamatum,Formicidae,invertebrates,carnivore,insectivore,0.01487000,Chown_S.L. et al. 2007,,,,,,,,,,,,,,,,,,,,
Eciton hamatum,Formicidae,invertebrates,carnivore,insectivore,0.01863000,Chown_S.L. et al. 2007,,,,,,,,,,,,,,,,,,,,
Eciton hamatum,Formicidae,invertebrates,carnivore,insectivore,0.02250000,Chown_S.L. et al. 2007,,,,,,,,,,,,,,,,,,,,
Eciton hamatum,Formicidae,invertebrates,carnivore,insectivore,0.02382000,Chown_S.L. et al. 2007,,,,,,,,,,,,,,,,,,,,
Eciton hamatum,Formicidae,invertebrates,carnivore,insectivore,0.02388000,Chown_S.L. et al. 2007,,,,,,,,,,,,,,,,,,,,
Formica rufa,Formicidae,invertebrates,carnivore,insectivore,0.00420000,Chown_S.L. et al. 2007,,,,,,,,,,,,,,,,,,,,
Formica rufa,Formicidae,invertebrates,carnivore,insectivore,0.00540000,Chown_S.L. et al. 2007,,,,,,,,,,,,,,,,,,,,
Formica rufa,Formicidae,invertebrates,carnivore,insectivore,0.00660000,Chown_S.L. et al. 2007,,,,,,,,,,,,,,,,,,,,
Formica rufa,Formicidae,invertebrates,carnivore,insectivore,0.00660000,Chown_S.L. et al. 2007,,,,,,,,,,,,,,,,,,,,
Formica rufa,Formicidae,invertebrates,carnivore,insectivore,0.00660000,Chown_S.L. et al. 2007,,,,,,,,,,,,,,,,,,,,
Formica rufa,Formicidae,invertebrates,carnivore,insectivore,0.00680000,Chown_S.L. et al. 2007,,,,,,,,,,,,,,,,,,,,
Formica rufa,Formicidae,invertebrates,carnivore,insectivore,0.00680000,Chown_S.L. et al. 2007,,,,,,,,,,,,,,,,,,,,
Formica rufa,Formicidae,invertebrates,carnivore,insectivore,0.00700000,Chown_S.L. et al. 2007,,,,,,,,,,,,,,,,,,,,
Formica rufa,Formicidae,invertebrates,carnivore,insectivore,0.00840000,Chown_S.L. et al. 2007,,,,,,,,,,,,,,,,,,,,
Formica rufa,Formicidae,invertebrates,carnivore,insectivore,0.01090000,Chown_S.L. et al. 2007,,,,,,,,,,,,,,,,,,,,
Formica rufa,Formicidae,invertebrates,carnivore,insectivore,0.01090000,Chown_S.L. et al. 2007,,,,,,,,,,,,,,,,,,,,
Formica rufa,Formicidae,invertebrates,carnivore,insectivore,0.01290000,Chown_S.L. et al. 2007,,,,,,,,,,,,,,,,,,,,
Formica rufa,Formicidae,invertebrates,carnivore,insectivore,0.01300000,Chown_S.L. et al. 2007,,,,,,,,,,,,,,,,,,,,
Formica rufa,Formicidae,invertebrates,carnivore,insectivore,0.01310000,Chown_S.L. et al. 2007,,,,,,,,,,,,,,,,,,,,
Formica rufa,Formicidae,invertebrates,carnivore,insectivore,0.01310000,Chown_S.L. et al. 2007,,,,,,,,,,,,,,,,,,,,
Formica rufa,Formicidae,invertebrates,carnivore,insectivore,0.01380000,Chown_S.L. et al. 2007,,,,,,,,,,,,,,,,,,,,
Formica rufa,Formicidae,invertebrates,carnivore,insectivore,0.01680000,Chown_S.L. et al. 2007,,,,,,,,,,,,,,,,,,,,
Formica rufa,Formicidae,invertebrates,carnivore,insectivore,0.01690000,Chown_S.L. et al. 2007,,,,,,,,,,,,,,,,,,,,
Formica rufa,Formicidae,invertebrates,carnivore,insectivore,0.01720000,Chown_S.L. et al. 2007,,,,,,,,,,,,,,,,,,,,
Formica rufa,Formicidae,invertebrates,carnivore,insectivore,0.01930000,Chown_S.L. et al. 2007,,,,,,,,,,,,,,,,,,,,
Messor capensis,Formicidae,invertebrates,herbivore,gran/frug,0.00350000,Chown_S.L. et al. 2007,,,,,,,,,,,,,,,,,,,,
Messor capensis,Formicidae,invertebrates,herbivore,gran/frug,0.00450000,Chown_S.L. et al. 2007,,,,,,,,,,,,,,,,,,,,
Messor capensis,Formicidae,invertebrates,herbivore,gran/frug,0.00480000,Chown_S.L. et al. 2007,,,,,,,,,,,,,,,,,,,,
Messor capensis,Formicidae,invertebrates,herbivore,gran/frug,0.00590000,Chown_S.L. et al. 2007,,,,,,,,,,,,,,,,,,,,
Messor capensis,Formicidae,invertebrates,herbivore,gran/frug,0.00650000,Chown_S.L. et al. 2007,,,,,,,,,,,,,,,,,,,,
Messor capensis,Formicidae,invertebrates,herbivore,gran/frug,0.00660000,Chown_S.L. et al. 2007,,,,,,,,,,,,,,,,,,,,
Messor capensis,Formicidae,invertebrates,herbivore,gran/frug,0.00660000,Chown_S.L. et al. 2007,,,,,,,,,,,,,,,,,,,,
Messor capensis,Formicidae,invertebrates,herbivore,gran/frug,0.00710000,Chown_S.L. et al. 2007,,,,,,,,,,,,,,,,,,,,
Messor capensis,Formicidae,invertebrates,herbivore,gran/frug,0.00760000,Chown_S.L. et al. 2007,,,,,,,,,,,,,,,,,,,,
Messor capensis,Formicidae,invertebrates,herbivore,gran/frug,0.00810000,Chown_S.L. et al. 2007,,,,,,,,,,,,,,,,,,,,
Messor capensis,Formicidae,invertebrates,herbivore,gran/frug,0.00840000,Chown_S.L. et al. 2007,,,,,,,,,,,,,,,,,,,,
Messor capensis,Formicidae,invertebrates,herbivore,gran/frug,0.00920000,Chown_S.L. et al. 2007,,,,,,,,,,,,,,,,,,,,
Messor capensis,Formicidae,invertebrates,herbivore,gran/frug,0.00950000,Chown_S.L. et al. 2007,,,,,,,,,,,,,,,,,,,,
Messor capensis,Formicidae,invertebrates,herbivore,gran/frug,0.00990000,Chown_S.L. et al. 2007,,,,,,,,,,,,,,,,,,,,
Messor capensis,Formicidae,invertebrates,herbivore,gran/frug,0.00990000,Chown_S.L. et al. 2007,,,,,,,,,,,,,,,,,,,,
Messor capensis,Formicidae,invertebrates,herbivore,gran/frug,0.00990000,Chown_S.L. et al. 2007,,,,,,,,,,,,,,,,,,,,
Messor capensis,Formicidae,invertebrates,herbivore,gran/frug,0.00990000,Chown_S.L. et al. 2007,,,,,,,,,,,,,,,,,,,,
Messor capensis,Formicidae,invertebrates,herbivore,gran/frug,0.01040000,Chown_S.L. et al. 2007,,,,,,,,,,,,,,,,,,,,
Messor capensis,Formicidae,invertebrates,herbivore,gran/frug,0.01050000,Chown_S.L. et al. 2007,,,,,,,,,,,,,,,,,,,,
Messor capensis,Formicidae,invertebrates,herbivore,gran/frug,0.01070000,Chown_S.L. et al. 2007,,,,,,,,,,,,,,,,,,,,
Messor capensis,Formicidae,invertebrates,herbivore,gran/frug,0.01070000,Chown_S.L. et al. 2007,,,,,,,,,,,,,,,,,,,,
Messor capensis,Formicidae,invertebrates,herbivore,gran/frug,0.01090000,Chown_S.L. et al. 2007,,,,,,,,,,,,,,,,,,,,
Messor capensis,Formicidae,invertebrates,herbivore,gran/frug,0.01100000,Chown_S.L. et al. 2007,,,,,,,,,,,,,,,,,,,,
Messor capensis,Formicidae,invertebrates,herbivore,gran/frug,0.01100000,Chown_S.L. et al. 2007,,,,,,,,,,,,,,,,,,,,
Messor capensis,Formicidae,invertebrates,herbivore,gran/frug,0.01140000,Chown_S.L. et al. 2007,,,,,,,,,,,,,,,,,,,,
Messor capensis,Formicidae,invertebrates,herbivore,gran/frug,0.01160000,Chown_S.L. et al. 2007,,,,,,,,,,,,,,,,,,,,
Messor capensis,Formicidae,invertebrates,herbivore,gran/frug,0.01210000,Chown_S.L. et al. 2007,,,,,,,,,,,,,,,,,,,,
Messor capensis,Formicidae,invertebrates,herbivore,gran/frug,0.01220000,Chown_S.L. et al. 2007,,,,,,,,,,,,,,,,,,,,
Messor capensis,Formicidae,invertebrates,herbivore,gran/frug,0.01230000,Chown_S.L. et al. 2007,,,,,,,,,,,,,,,,,,,,
Messor capensis,Formicidae,invertebrates,herbivore,gran/frug,0.01260000,Chown_S.L. et al. 2007,,,,,,,,,,,,,,,,,,,,
Messor capensis,Formicidae,invertebrates,herbivore,gran/frug,0.01290000,Chown_S.L. et al. 2007,,,,,,,,,,,,,,,,,,,,
Messor capensis,Formicidae,invertebrates,herbivore,gran/frug,0.01360000,Chown_S.L. et al. 2007,,,,,,,,,,,,,,,,,,,,
Messor capensis,Formicidae,invertebrates,herbivore,gran/frug,0.01360000,Chown_S.L. et al. 2007,,,,,,,,,,,,,,,,,,,,
Messor capensis,Formicidae,invertebrates,herbivore,gran/frug,0.01370000,Chown_S.L. et al. 2007,,,,,,,,,,,,,,,,,,,,
Messor capensis,Formicidae,invertebrates,herbivore,gran/frug,0.01400000,Chown_S.L. et al. 2007,,,,,,,,,,,,,,,,,,,,
Messor capensis,Formicidae,invertebrates,herbivore,gran/frug,0.01580000,Chown_S.L. et al. 2007,,,,,,,,,,,,,,,,,,,,
Messor capensis,Formicidae,invertebrates,herbivore,gran/frug,0.01630000,Chown_S.L. et al. 2007,,,,,,,,,,,,,,,,,,,,
Messor capensis,Formicidae,invertebrates,herbivore,gran/frug,0.01840000,Chown_S.L. et al. 2007,,,,,,,,,,,,,,,,,,,,
Messor capensis,Formicidae,invertebrates,herbivore,gran/frug,0.01910000,Chown_S.L. et al. 2007,,,,,,,,,,,,,,,,,,,,
Messor capensis,Formicidae,invertebrates,herbivore,gran/frug,0.01950000,Chown_S.L. et al. 2007,,,,,,,,,,,,,,,,,,,,
Messor capensis,Formicidae,invertebrates,herbivore,gran/frug,0.01980000,Chown_S.L. et al. 2007,,,,,,,,,,,,,,,,,,,,
Messor capensis,Formicidae,invertebrates,herbivore,gran/frug,0.02140000,Chown_S.L. et al. 2007,,,,,,,,,,,,,,,,,,,,
Messor capensis,Formicidae,invertebrates,herbivore,gran/frug,0.02330000,Chown_S.L. et al. 2007,,,,,,,,,,,,,,,,,,,,
Messor capensis,Formicidae,invertebrates,herbivore,gran/frug,0.02360000,Chown_S.L. et al. 2007,,,,,,,,,,,,,,,,,,,,
Messor capensis,Formicidae,invertebrates,herbivore,gran/frug,0.02480000,Chown_S.L. et al. 2007,,,,,,,,,,,,,,,,,,,,
Messor capensis,Formicidae,invertebrates,herbivore,gran/frug,0.02550000,Chown_S.L. et al. 2007,,,,,,,,,,,,,,,,,,,,
Messor capensis,Formicidae,invertebrates,herbivore,gran/frug,0.02750000,Chown_S.L. et al. 2007,,,,,,,,,,,,,,,,,,,,
Messor capensis,Formicidae,invertebrates,herbivore,gran/frug,0.03220000,Chown_S.L. et al. 2007,,,,,,,,,,,,,,,,,,,,
Messor capensis,Formicidae,invertebrates,herbivore,gran/frug,0.04340000,Chown_S.L. et al. 2007,,,,,,,,,,,,,,,,,,,,
Messor pergandei,Formicidae,invertebrates,herbivore,gran/frug,0.00133000,Chown_S.L. et al. 2007,,,,,,,,,,,,,,,,,,,,
Messor pergandei,Formicidae,invertebrates,herbivore,gran/frug,0.00155000,Chown_S.L. et al. 2007,,,,,,,,,,,,,,,,,,,,
Messor pergandei,Formicidae,invertebrates,herbivore,gran/frug,0.00171000,Chown_S.L. et al. 2007,,,,,,,,,,,,,,,,,,,,
Messor pergandei,Formicidae,invertebrates,herbivore,gran/frug,0.00244000,Chown_S.L. et al. 2007,,,,,,,,,,,,,,,,,,,,
Messor pergandei,Formicidae,invertebrates,herbivore,gran/frug,0.00254000,Chown_S.L. et al. 2007,,,,,,,,,,,,,,,,,,,,
Messor pergandei,Formicidae,invertebrates,herbivore,gran/frug,0.00277000,Chown_S.L. et al. 2007,,,,,,,,,,,,,,,,,,,,
Messor pergandei,Formicidae,invertebrates,herbivore,gran/frug,0.00316000,Chown_S.L. et al. 2007,,,,,,,,,,,,,,,,,,,,
Messor pergandei,Formicidae,invertebrates,herbivore,gran/frug,0.00318000,Chown_S.L. et al. 2007,,,,,,,,,,,,,,,,,,,,
Messor pergandei,Formicidae,invertebrates,herbivore,gran/frug,0.00329000,Chown_S.L. et al. 2007,,,,,,,,,,,,,,,,,,,,
Messor pergandei,Formicidae,invertebrates,herbivore,gran/frug,0.00383000,Chown_S.L. et al. 2007,,,,,,,,,,,,,,,,,,,,
Messor pergandei,Formicidae,invertebrates,herbivore,gran/frug,0.00527000,Chown_S.L. et al. 2007,,,,,,,,,,,,,,,,,,,,
Messor pergandei,Formicidae,invertebrates,herbivore,gran/frug,0.00527000,Chown_S.L. et al. 2007,,,,,,,,,,,,,,,,,,,,
Messor pergandei,Formicidae,invertebrates,herbivore,gran/frug,0.00610000,Chown_S.L. et al. 2007,,,,,,,,,,,,,,,,,,,,
Messor pergandei,Formicidae,invertebrates,herbivore,gran/frug,0.00624000,Chown_S.L. et al. 2007,,,,,,,,,,,,,,,,,,,,
Messor pergandei,Formicidae,invertebrates,herbivore,gran/frug,0.00626000,Chown_S.L. et al. 2007,,,,,,,,,,,,,,,,,,,,
Messor pergandei,Formicidae,invertebrates,herbivore,gran/frug,0.00761000,Chown_S.L. et al. 2007,,,,,,,,,,,,,,,,,,,,
Messor pergandei,Formicidae,invertebrates,herbivore,gran/frug,0.00788000,Chown_S.L. et al. 2007,,,,,,,,,,,,,,,,,,,,
Messor pergandei,Formicidae,invertebrates,herbivore,gran/frug,0.00841000,Chown_S.L. et al. 2007,,,,,,,,,,,,,,,,,,,,
Messor pergandei,Formicidae,invertebrates,herbivore,gran/frug,0.00863000,Chown_S.L. et al. 2007,,,,,,,,,,,,,,,,,,,,
Messor pergandei,Formicidae,invertebrates,herbivore,gran/frug,0.00870000,Chown_S.L. et al. 2007,,,,,,,,,,,,,,,,,,,,
Messor pergandei,Formicidae,invertebrates,herbivore,gran/frug,0.00970000,Chown_S.L. et al. 2007,,,,,,,,,,,,,,,,,,,,
Anax junius,Aeshnidae,invertebrates,carnivore,insectivore,1.01900000,Chown_S.L. et al. 2007,,,,,,,,,,,,,,,,,,,,
Brachymesia gravida,Libellulidae,invertebrates,carnivore,insectivore,0.34400000,Chown_S.L. et al. 2007,,,,,,,,,,,,,,,,,,,,
Erythemis simplicicollis,Libellulidae,invertebrates,carnivore,insectivore,0.26300000,Chown_S.L. et al. 2007,,,,,,,,,,,,,,,,,,,,
Erythrodiplax berenice,Libellulidae,invertebrates,carnivore,insectivore,0.12500000,Chown_S.L. et al. 2007,,,,,,,,,,,,,,,,,,,,
Erythrodiplax connata,Libellulidae,invertebrates,carnivore,insectivore,0.05200000,Chown_S.L. et al. 2007,,,,,,,,,,,,,,,,,,,,
Libellula auripennis,Libellulidae,invertebrates,carnivore,insectivore,0.46400000,Chown_S.L. et al. 2007,,,,,,,,,,,,,,,,,,,,
Libellula needhami,Libellulidae,invertebrates,carnivore,insectivore,0.51800000,Chown_S.L. et al. 2007,,,,,,,,,,,,,,,,,,,,
Miathyria marcella,Libellulidae,invertebrates,carnivore,insectivore,0.01710000,Chown_S.L. et al. 2007,,,,,,,,,,,,,,,,,,,,
Pachydiplax longipennis,Libellulidae,invertebrates,carnivore,insectivore,0.20000000,Chown_S.L. et al. 2007,,,,,,,,,,,,,,,,,,,,
Pantala flavescens,Libellulidae,invertebrates,carnivore,insectivore,0.33900000,Chown_S.L. et al. 2007,,,,,,,,,,,,,,,,,,,,
Perithemis tenera,Libellulidae,invertebrates,carnivore,insectivore,0.06100000,Chown_S.L. et al. 2007,,,,,,,,,,,,,,,,,,,,
Tramea carolina,Libellulidae,invertebrates,carnivore,insectivore,0.38300000,Chown_S.L. et al. 2007,,,,,,,,,,,,,,,,,,,,
Coptotermes formosanus,Heterotermitidae,invertebrates,herbivore,folivore,0.00295000,Chown_S.L. et al. 2007,,,,,,,,,,,,,,,,,,,,
Heterotermes tenuior,Heterotermitidae,invertebrates,herbivore,folivore,0.00140000,Chown_S.L. et al. 2007,,,,,,,,,,,,,,,,,,,,
Reticulitermes flavipes,Heterotermitidae,invertebrates,herbivore,folivore,0.00297000,Chown_S.L. et al. 2007,,,,,,,,,,,,,,,,,,,,
Schedorhinotermes javanicus,Rhinotermitidae,invertebrates,herbivore,folivore,0.00270000,Chown_S.L. et al. 2007,,,,,,,,,,,,,,,,,,,,
Schedorhinotermes sarawakensis,Rhinotermitidae,invertebrates,herbivore,folivore,0.00830000,Chown_S.L. et al. 2007,,,,,,,,,,,,,,,,,,,,
Labritermes kistneri,Termitidae,invertebrates,herbivore,folivore,0.00070000,Chown_S.L. et al. 2007,,,,,,,,,,,,,,,,,,,,
Dicuspiditermes nemorosus,Termitidae,invertebrates,herbivore,folivore,0.00350000,Chown_S.L. et al. 2007,,,,,,,,,,,,,,,,,,,,
Dicuspiditermes santschii,Termitidae,invertebrates,herbivore,folivore,0.00260000,Chown_S.L. et al. 2007,,,,,,,,,,,,,,,,,,,,
Homallotermes eleanorae,Termitidae,invertebrates,herbivore,folivore,0.00220000,Chown_S.L. et al. 2007,,,,,,,,,,,,,,,,,,,,
Pericapritermes nitobei,Termitidae,invertebrates,herbivore,folivore,0.00120000,Chown_S.L. et al. 2007,,,,,,,,,,,,,,,,,,,,
Pericapritermes semarangi,Termitidae,invertebrates,herbivore,folivore,0.00130000,Chown_S.L. et al. 2007,,,,,,,,,,,,,,,,,,,,
Procapritermes sandakanensis,Termitidae,invertebrates,herbivore,folivore,0.00590000,Chown_S.L. et al. 2007,,,,,,,,,,,,,,,,,,,,
Syncapritermes sp. ,Termitidae,invertebrates,herbivore,folivore,0.00670000,Chown_S.L. et al. 2007,,,,,,,,,,,,,,,,,,,,
Termes borneensis,Termitidae,invertebrates,herbivore,folivore,0.00300000,Chown_S.L. et al. 2007,,,,,,,,,,,,,,,,,,,,
Globitermes globosus,Termitidae,invertebrates,herbivore,folivore,0.00190000,Chown_S.L. et al. 2007,,,,,,,,,,,,,,,,,,,,
Prohamitermes mirabilis,Termitidae,invertebrates,herbivore,folivore,0.00350000,Chown_S.L. et al. 2007,,,,,,,,,,,,,,,,,,,,
Aciculioiditermes sp.,Termitidae,invertebrates,herbivore,folivore,0.00180000,Chown_S.L. et al. 2007,,,,,,,,,,,,,,,,,,,,
Bulbitermes sp.,Termitidae,invertebrates,herbivore,folivore,0.00280000,Chown_S.L. et al. 2007,,,,,,,,,,,,,,,,,,,,
Havilanditermes atripennis,Termitidae,invertebrates,herbivore,folivore,0.00800000,Chown_S.L. et al. 2007,,,,,,,,,,,,,,,,,,,,
Hospitalitermes hospitalis,Termitidae,invertebrates,herbivore,folivore,0.00770000,Chown_S.L. et al. 2007,,,,,,,,,,,,,,,,,,,,
Nasutitermes longinasus,Termitidae,invertebrates,herbivore,folivore,0.00260000,Chown_S.L. et al. 2007,,,,,,,,,,,,,,,,,,,,
Proaciculitermes sp.,Termitidae,invertebrates,herbivore,folivore,0.00110000,Chown_S.L. et al. 2007,,,,,,,,,,,,,,,,,,,,
Proaciculitermes sp.,Termitidae,invertebrates,herbivore,folivore,0.00270000,Chown_S.L. et al. 2007,,,,,,,,,,,,,,,,,,,,
Hypotermes xenotermites,Termitidae,invertebrates,herbivore,folivore,0.00260000,Chown_S.L. et al. 2007,,,,,,,,,,,,,,,,,,,,
Macrotermes carbonarius,Termitidae,invertebrates,herbivore,folivore,0.01193000,Chown_S.L. et al. 2007,,,,,,,,,,,,,,,,,,,,
Macrotermes gilvus,Termitidae,invertebrates,herbivore,folivore,0.00700000,Chown_S.L. et al. 2007,,,,,,,,,,,,,,,,,,,,
Macrotermes malaccensis,Termitidae,invertebrates,herbivore,folivore,0.01160000,Chown_S.L. et al. 2007,,,,,,,,,,,,,,,,,,,,
Microcerotermes dubius,Termitidae,invertebrates,herbivore,folivore,0.00220000,Chown_S.L. et al. 2007,,,,,,,,,,,,,,,,,,,,
Microcerotermes serrula,Termitidae,invertebrates,herbivore,folivore,0.00190000,Chown_S.L. et al. 2007,,,,,,,,,,,,,,,,,,,,
Blatta orientalis,Blattidae,invertebrates,herbivore,folivore,0.32500000,Chown_S.L. et al. 2007,,,,,,,,,,,,,,,,,,,,
Eublaberus posticus,Blaberidae,invertebrates,herbivore,folivore,2.20000000,Chown_S.L. et al. 2007,,,,,,,,,,,,,,,,,,,,
Periplaneta americana,Blattidae,invertebrates,herbivore,folivore,0.90000000,Chown_S.L. et al. 2007,,,,,,,,,,,,,,,,,,,,
Periplaneta orientalis,Blattidae,invertebrates,herbivore,folivore,0.16500000,Chown_S.L. et al. 2007,,,,,,,,,,,,,,,,,,,,
Blattella germanica,Ectobiidae,invertebrates,herbivore,folivore,0.05476000,Chown_S.L. et al. 2007,,,,,,,,,,,,,,,,,,,,
Byrsotria fumigata,Blaberidae,invertebrates,herbivore,folivore,4.95000000,Chown_S.L. et al. 2007,,,,,,,,,,,,,,,,,,,,
Gromphadorhina chopardi,Blaberidae,invertebrates,herbivore,folivore,3.40000000,Chown_S.L. et al. 2007,,,,,,,,,,,,,,,,,,,,
Gromphadorhina portentosa,Blaberidae,invertebrates,herbivore,folivore,4.95000000,Chown_S.L. et al. 2007,,,,,,,,,,,,,,,,,,,,
Parcoblatta sp.,Ectobiidae,invertebrates,herbivore,folivore,0.07300000,Chown_S.L. et al. 2007,,,,,,,,,,,,,,,,,,,,
Blaberus discoidalis,Blaberidae,invertebrates,herbivore,folivore,4.08000000,Chown_S.L. et al. 2007,,,,,,,,,,,,,,,,,,,,
Blaberus giganteus,Blaberidae,invertebrates,herbivore,folivore,4.33000000,Chown_S.L. et al. 2007,,,,,,,,,,,,,,,,,,,,
Leucophaea maderae,Blaberidae,invertebrates,herbivore,folivore,2.80000000,Chown_S.L. et al. 2007,,,,,,,,,,,,,,,,,,,,
Nauphoeta cinerea,Blaberidae,invertebrates,herbivore,folivore,0.51000000,Chown_S.L. et al. 2007,,,,,,,,,,,,,,,,,,,,
Perisphaerus sp,Blaberidae,invertebrates,herbivore,folivore,0.32410000,Chown_S.L. et al. 2007,,,,,,,,,,,,,,,,,,,,
Karoophasma biedouwensis,Austrophasmatidae,invertebrates,carnivore,insectivore,0.10395000,Chown_S.L. et al. 2007,,,,,,,,,,,,,,,,,,,,
Oecanthus quadripunctatus,Gryllidae,invertebrates,herbivore,folivore,0.05000000,Chown_S.L. et al. 2007,,,,,,,,,,,,,,,,,,,,
Enyaliopsis petersi,Tettigoniidae,invertebrates,herbivore,folivore,0.75000000,Chown_S.L. et al. 2007,,,,,,,,,,,,,,,,,,,,
Eugaster loricatus,Tettigoniidae,invertebrates,herbivore,folivore,1.58000000,Chown_S.L. et al. 2007,,,,,,,,,,,,,,,,,,,,
Hophlosphyrum griseus,Mogoplistidae,invertebrates,herbivore,folivore,0.03620000,Chown_S.L. et al. 2007,,,,,,,,,,,,,,,,,,,,
Pternonemobius fasciatus,Trigonidiidae,invertebrates,herbivore,folivore,0.02617000,Chown_S.L. et al. 2007,,,,,,,,,,,,,,,,,,,,
Acheta domesticus,Gryllidae,invertebrates,herbivore,folivore,0.36900000,Chown_S.L. et al. 2007,,,,,,,,,,,,,,,,,,,,
Teleogryllus commodus,Gryllidae,invertebrates,herbivore,folivore,0.95000000,Chown_S.L. et al. 2007,,,,,,,,,,,,,,,,,,,,
Anurogryllus arboreus,Gryllidae,invertebrates,herbivore,folivore,0.31000000,Chown_S.L. et al. 2007,,,,,,,,,,,,,,,,,,,,
Ceuthophilus fossor,Rhaphidophoridae,invertebrates,herbivore,folivore,0.07015000,Chown_S.L. et al. 2007,,,,,,,,,,,,,,,,,,,,
Ceuthophilus gracilipes,Rhaphidophoridae,invertebrates,herbivore,folivore,0.25910000,Chown_S.L. et al. 2007,,,,,,,,,,,,,,,,,,,,
Gryllotalpa australis,Gryllotalpidae,invertebrates,herbivore,folivore,0.87400000,Chown_S.L. et al. 2007,,,,,,,,,,,,,,,,,,,,
Conocephalus fasciatus,Tettigoniidae,invertebrates,herbivore,folivore,0.05137000,Chown_S.L. et al. 2007,,,,,,,,,,,,,,,,,,,,
Euconocephalus nasutus,Tettigoniidae,invertebrates,herbivore,folivore,0.65000000,Chown_S.L. et al. 2007,,,,,,,,,,,,,,,,,,,,
Insara covilleae,Tettigoniidae,invertebrates,herbivore,folivore,0.09260000,Chown_S.L. et al. 2007,,,,,,,,,,,,,,,,,,,,
Neoconocephalus robustus,Tettigoniidae,invertebrates,herbivore,folivore,0.87000000,Chown_S.L. et al. 2007,,,,,,,,,,,,,,,,,,,,
Requena verticalis,Tettigoniidae,invertebrates,herbivore,folivore,0.37000000,Chown_S.L. et al. 2007,,,,,,,,,,,,,,,,,,,,
Anconia integra,Acrididae,invertebrates,herbivore,folivore,0.81670000,Chown_S.L. et al. 2007,,,,,,,,,,,,,,,,,,,,
Bootettix punctatus,Acrididae,invertebrates,herbivore,folivore,0.04701000,Chown_S.L. et al. 2007,,,,,,,,,,,,,,,,,,,,
Encoptolophus costalis,Acrididae,invertebrates,herbivore,folivore,0.17460000,Chown_S.L. et al. 2007,,,,,,,,,,,,,,,,,,,,
Locusta migratoria migratorioides,Acrididae,invertebrates,herbivore,folivore,1.50000000,Chown_S.L. et al. 2007,,,,,,,,,,,,,,,,,,,,
Melanoplus bivittatus,Acrididae,invertebrates,herbivore,folivore,1.65000000,Chown_S.L. et al. 2007,,,,,,,,,,,,,,,,,,,,
Melanoplus complanipes,Acrididae,invertebrates,herbivore,folivore,0.14155000,Chown_S.L. et al. 2007,,,,,,,,,,,,,,,,,,,,
Oedalis instillatus,Acrididae,invertebrates,herbivore,folivore,0.62700000,Chown_S.L. et al. 2007,,,,,,,,,,,,,,,,,,,,
Romalea guttata,Romaleidae,invertebrates,herbivore,folivore,2.87400000,Chown_S.L. et al. 2007,,,,,,,,,,,,,,,,,,,,
Taeniopoda eques,Romaleidae,invertebrates,herbivore,folivore,2.04300000,Chown_S.L. et al. 2007,,,,,,,,,,,,,,,,,,,,
Trimerotropis pallidipennis,Acrididae,invertebrates,herbivore,folivore,0.22135000,Chown_S.L. et al. 2007,,,,,,,,,,,,,,,,,,,,
Trimerotropis saxatilis,Acrididae,invertebrates,herbivore,folivore,0.15500000,Chown_S.L. et al. 2007,,,,,,,,,,,,,,,,,,,,
Trimerotropis sp.,Acrididae,invertebrates,herbivore,folivore,0.14590000,Chown_S.L. et al. 2007,,,,,,,,,,,,,,,,,,,,
Trimerotropis suffusa,Acrididae,invertebrates,herbivore,folivore,0.29750000,Chown_S.L. et al. 2007,,,,,,,,,,,,,,,,,,,,
Xanthippus corallipes,Acrididae,invertebrates,herbivore,folivore,2.30220000,Chown_S.L. et al. 2007,,,,,,,,,,,,,,,,,,,,
Tanaocerus koebelei ,Tanaoceridae,invertebrates,herbivore,folivore,0.10250000,Chown_S.L. et al. 2007,,,,,,,,,,,,,,,,,,,,
Xiphoceriana sp.,Pamphagidae,invertebrates,herbivore,folivore,1.56800000,Chown_S.L. et al. 2007,,,,,,,,,,,,,,,,,,,,
Euborellia annulipes,Anisolabididae,invertebrates,carnivore,insectivore,0.03176000,Chown_S.L. et al. 2007,,,,,,,,,,,,,,,,,,,,
Pseudococcus citri,Pseudococcidae,invertebrates,herbivore,folivore,0.00130000,Chown_S.L. et al. 2007,,,,,,,,,,,,,,,,,,,,
Neophilaenus lineatus,Aphrophoridae,invertebrates,herbivore,folivore,0.00191000,Chown_S.L. et al. 2007,,,,,,,,,,,,,,,,,,,,
Philaenus spumarius,Aphrophoridae,invertebrates,herbivore,folivore,0.00393000,Chown_S.L. et al. 2007,,,,,,,,,,,,,,,,,,,,
Cystosoma saundersii,Cicadidae,invertebrates,herbivore,folivore,1.15800000,Chown_S.L. et al. 2007,,,,,,,,,,,,,,,,,,,,
Diceroprocta apache,Cicadidae,invertebrates,herbivore,folivore,0.62200000,Chown_S.L. et al. 2007,,,,,,,,,,,,,,,,,,,,
Fidicina mannifera,Cicadidae,invertebrates,herbivore,folivore,2.84000000,Chown_S.L. et al. 2007,,,,,,,,,,,,,,,,,,,,
Multareoides bifurcatus,Membracidae,invertebrates,herbivore,folivore,0.00134000,Chown_S.L. et al. 2007,,,,,,,,,,,,,,,,,,,,
Hysteropterum sp.,Issidae,invertebrates,herbivore,folivore,0.00171000,Chown_S.L. et al. 2007,,,,,,,,,,,,,,,,,,,,
Phytocoris nigripubescens,Miridae,invertebrates,carnivore,insectivore,0.00127000,Chown_S.L. et al. 2007,,,,,,,,,,,,,,,,,,,,
Slaterocoris sp.,Miridae,invertebrates,carnivore,insectivore,0.00086000,Chown_S.L. et al. 2007,,,,,,,,,,,,,,,,,,,,
Popilius disjunctus,Passalidae,invertebrates,herbivore,folivore,1.63050000,Chown_S.L. et al. 2007,,,,,,,,,,,,,,,,,,,,
Popilius sp.,Passalidae,invertebrates,herbivore,folivore,0.56300000,Chown_S.L. et al. 2007,,,,,,,,,,,,,,,,,,,,
Geotrupes sp.,Geotrupidae,invertebrates,herbivore,folivore,0.16030000,Chown_S.L. et al. 2007,,,,,,,,,,,,,,,,,,,,
Geotrupes spiniger,Geotrupidae,invertebrates,herbivore,folivore,0.82500000,Chown_S.L. et al. 2007,,,,,,,,,,,,,,,,,,,,
Aphodius contaminatus,Scarabaeidae,invertebrates,herbivore,folivore,0.01400000,Chown_S.L. et al. 2007,,,,,,,,,,,,,,,,,,,,
Aphodius fossor,Scarabaeidae,invertebrates,herbivore,folivore,0.12130000,Chown_S.L. et al. 2007,,,,,,,,,,,,,,,,,,,,
Aphodius rufipes,Scarabaeidae,invertebrates,herbivore,folivore,0.08400000,Chown_S.L. et al. 2007,,,,,,,,,,,,,,,,,,,,
Aphodius distinctus,Scarabaeidae,invertebrates,herbivore,folivore,0.00780000,Chown_S.L. et al. 2007,,,,,,,,,,,,,,,,,,,,
Aphodius fimetarius,Scarabaeidae,invertebrates,herbivore,folivore,0.03090000,Chown_S.L. et al. 2007,,,,,,,,,,,,,,,,,,,,
Aphodius prodromus,Scarabaeidae,invertebrates,herbivore,folivore,0.01380000,Chown_S.L. et al. 2007,,,,,,,,,,,,,,,,,,,,
Aphodius rufus,Scarabaeidae,invertebrates,herbivore,folivore,0.20900000,Chown_S.L. et al. 2007,,,,,,,,,,,,,,,,,,,,
Anomala sp.,Scarabaeidae,invertebrates,herbivore,gran/frug,0.10000000,Chown_S.L. et al. 2007,,,,,,,,,,,,,,,,,,,,
Pelidnota sp.,Scarabaeidae,invertebrates,herbivore,gran/frug,1.09150000,Chown_S.L. et al. 2007,,,,,,,,,,,,,,,,,,,,
Coelosis biloba,Scarabaeidae,invertebrates,herbivore,gran/frug,3.73500000,Chown_S.L. et al. 2007,,,,,,,,,,,,,,,,,,,,
Strategus aloeus,Scarabaeidae,invertebrates,herbivore,gran/frug,5.05000000,Chown_S.L. et al. 2007,,,,,,,,,,,,,,,,,,,,
Cyclocephala sp.,Scarabaeidae,invertebrates,herbivore,gran/frug,0.24600000,Chown_S.L. et al. 2007,,,,,,,,,,,,,,,,,,,,
Dyscinetus sp.,Scarabaeidae,invertebrates,herbivore,gran/frug,0.39000000,Chown_S.L. et al. 2007,,,,,,,,,,,,,,,,,,,,
Sisyphus fasciculatus,Scarabaeidae,invertebrates,herbivore,folivore,0.13600000,Chown_S.L. et al. 2007,,,,,,,,,,,,,,,,,,,,
Anachalcos convexus,Scarabaeidae,invertebrates,herbivore,folivore,1.42100000,Chown_S.L. et al. 2007,,,,,,,,,,,,,,,,,,,,
Circellium bacchus,Scarabaeidae,invertebrates,herbivore,folivore,7.28500000,Chown_S.L. et al. 2007,,,,,,,,,,,,,,,,,,,,
Pachylomerus femoralis,Scarabaeidae,invertebrates,herbivore,folivore,4.91500000,Chown_S.L. et al. 2007,,,,,,,,,,,,,,,,,,,,
Scarabaeus flavicornis,Scarabaeidae,invertebrates,herbivore,folivore,0.32200000,Chown_S.L. et al. 2007,,,,,,,,,,,,,,,,,,,,
Scarabaeus galenus,Scarabaeidae,invertebrates,herbivore,folivore,1.68100000,Chown_S.L. et al. 2007,,,,,,,,,,,,,,,,,,,,
Scarabaeus westwoodi,Scarabaeidae,invertebrates,herbivore,folivore,1.78000000,Chown_S.L. et al. 2007,,,,,,,,,,,,,,,,,,,,
Scarabaeus rusticus,Scarabaeidae,invertebrates,herbivore,folivore,1.07000000,Chown_S.L. et al. 2007,,,,,,,,,,,,,,,,,,,,
Scarabaeus gariepinus,Scarabaeidae,invertebrates,herbivore,folivore,1.14000000,Chown_S.L. et al. 2007,,,,,,,,,,,,,,,,,,,,
Scarabaeus striatum,Scarabaeidae,invertebrates,herbivore,folivore,0.79000000,Chown_S.L. et al. 2007,,,,,,,,,,,,,,,,,,,,
Scarabaeus hippocrates,Scarabaeidae,invertebrates,herbivore,folivore,2.01000000,Chown_S.L. et al. 2007,,,,,,,,,,,,,,,,,,,,
Pleocoma australis,Pleocomidae,invertebrates,herbivore,folivore,0.94000000,Chown_S.L. et al. 2007,,,,,,,,,,,,,,,,,,,,
Leucocelis elegans,Scarabaeidae,invertebrates,herbivore,gran/frug,0.08000000,Chown_S.L. et al. 2007,,,,,,,,,,,,,,,,,,,,
Simplocaria metallica,Byrrhidae,invertebrates,herbivore,folivore,0.00285000,Chown_S.L. et al. 2007,,,,,,,,,,,,,,,,,,,,
Agrypnus bocandei,Elateridae,invertebrates,carnivore,insectivore,0.16620000,Chown_S.L. et al. 2007,,,,,,,,,,,,,,,,,,,,
Rhyzopertha dominica,Bostrichidae,invertebrates,herbivore,gran/frug,0.00140000,Chown_S.L. et al. 2007,,,,,,,,,,,,,,,,,,,,
Melyrid sp.,Melyridae,invertebrates,carnivore,insectivore,0.00116000,Chown_S.L. et al. 2007,,,,,,,,,,,,,,,,,,,,
Hippodamia convergens,Coccinellidae,invertebrates,carnivore,insectivore,0.01700000,Chown_S.L. et al. 2007,,,,,,,,,,,,,,,,,,,,
Hydromedion sparsutum,Promecheilidae,invertebrates,herbivore,folivore,0.02350000,Chown_S.L. et al. 2007,,,,,,,,,,,,,,,,,,,,
Perimylops antarcticus,Perimylopidae,invertebrates,herbivore,folivore,0.01450000,Chown_S.L. et al. 2007,,,,,,,,,,,,,,,,,,,,
Adesmia baccata,Tenebrionidae,invertebrates,herbivore,folivore,0.40700000,Chown_S.L. et al. 2007,,,,,,,,,,,,,,,,,,,,
Anepsius brunneus,Tenebrionidae,invertebrates,herbivore,folivore,0.00615000,Chown_S.L. et al. 2007,,,,,,,,,,,,,,,,,,,,
Centrioptera muricata,Tenebrionidae,invertebrates,herbivore,folivore,0.13260000,Chown_S.L. et al. 2007,,,,,,,,,,,,,,,,,,,,
Erodius nanus,Tenebrionidae,invertebrates,herbivore,folivore,0.02190000,Chown_S.L. et al. 2007,,,,,,,,,,,,,,,,,,,,
Euschides luctata,Tenebrionidae,invertebrates,herbivore,folivore,0.08380000,Chown_S.L. et al. 2007,,,,,,,,,,,,,,,,,,,,
Peristeptus sp.,Tenebrionidae,invertebrates,herbivore,folivore,0.05500000,Chown_S.L. et al. 2007,,,,,,,,,,,,,,,,,,,,
Phrynocolus auriculatus,Agamidae,invertebrates,herbivore,folivore,0.19300000,Chown_S.L. et al. 2007,,,,,,,,,,,,,,,,,,,,
Phrynocolus petrosus,Agamidae,invertebrates,herbivore,folivore,1.10900000,Chown_S.L. et al. 2007,,,,,,,,,,,,,,,,,,,,
Phrynocolus sp.,Agamidae,invertebrates,herbivore,folivore,0.20400000,Chown_S.L. et al. 2007,,,,,,,,,,,,,,,,,,,,
Physosterna cribripes,Tenebrionidae,invertebrates,herbivore,folivore,1.22600000,Chown_S.L. et al. 2007,,,,,,,,,,,,,,,,,,,,
Physadesmia globosa,Tenebrionidae,invertebrates,herbivore,folivore,0.51600000,Chown_S.L. et al. 2007,,,,,,,,,,,,,,,,,,,,
Sphaeriontis dilatata,Tenebrionidae,invertebrates,herbivore,folivore,0.04600000,Chown_S.L. et al. 2007,,,,,,,,,,,,,,,,,,,,
Blaps gigas,Tenebrionidae,invertebrates,herbivore,folivore,1.77600000,Chown_S.L. et al. 2007,,,,,,,,,,,,,,,,,,,,
Nyctobates procerus,Tenebrionidae,invertebrates,herbivore,folivore,2.19800000,Chown_S.L. et al. 2007,,,,,,,,,,,,,,,,,,,,
Pterohelaeus sp.,Tenebrionidae,invertebrates,herbivore,folivore,0.24500000,Chown_S.L. et al. 2007,,,,,,,,,,,,,,,,,,,,
Tenebrio molitor,Tenebrionidae,invertebrates,herbivore,gran/frug,0.10000000,Chown_S.L. et al. 2007,,,,,,,,,,,,,,,,,,,,
Zophobas sp.,Tenebrionidae,invertebrates,herbivore,gran/frug,0.53500000,Chown_S.L. et al. 2007,,,,,,,,,,,,,,,,,,,,
Tribolium castaneum,Tenebrionidae,invertebrates,herbivore,gran/frug,0.00240000,Chown_S.L. et al. 2007,,,,,,,,,,,,,,,,,,,,
Tribolium confusum,Tenebrionidae,invertebrates,herbivore,gran/frug,0.00201000,Chown_S.L. et al. 2007,,,,,,,,,,,,,,,,,,,,
Trogloderus costatus,Tenebrionidae,invertebrates,herbivore,folivore,0.02987000,Chown_S.L. et al. 2007,,,,,,,,,,,,,,,,,,,,
Vieta bulbifera,Tenebrionidae,invertebrates,herbivore,folivore,0.47900000,Chown_S.L. et al. 2007,,,,,,,,,,,,,,,,,,,,
Vieta muscosa,Tenebrionidae,invertebrates,herbivore,folivore,0.14000000,Chown_S.L. et al. 2007,,,,,,,,,,,,,,,,,,,,
Cryptoglossa verrucosa,Tenebrionidae,invertebrates,herbivore,folivore,0.70000000,Chown_S.L. et al. 2007,,,,,,,,,,,,,,,,,,,,
Edrotes ventricosus,Tenebrionidae,invertebrates,herbivore,folivore,0.02435000,Chown_S.L. et al. 2007,,,,,,,,,,,,,,,,,,,,
Pimelia cenchronota,Tenebrionidae,invertebrates,herbivore,folivore,1.47400000,Chown_S.L. et al. 2007,,,,,,,,,,,,,,,,,,,,
Pimelia grandis,Tenebrionidae,invertebrates,herbivore,folivore,2.09800000,Chown_S.L. et al. 2007,,,,,,,,,,,,,,,,,,,,
Pimelia obsoleta,Tenebrionidae,invertebrates,herbivore,folivore,0.86100000,Chown_S.L. et al. 2007,,,,,,,,,,,,,,,,,,,,
Rhytinota praelonga,Tenebrionidae,invertebrates,herbivore,folivore,0.10500000,Chown_S.L. et al. 2007,,,,,,,,,,,,,,,,,,,,
Triorophus laevis,Tenebrionidae,invertebrates,herbivore,folivore,0.00846000,Chown_S.L. et al. 2007,,,,,,,,,,,,,,,,,,,,
Helius waiti,Limoniidae,invertebrates,herbivore,folivore,0.67200000,Chown_S.L. et al. 2007,,,,,,,,,,,,,,,,,,,,
Cardiosis fairmarei,Tenebrionidae,invertebrates,herbivore,folivore,0.03200000,Chown_S.L. et al. 2007,,,,,,,,,,,,,,,,,,,,
Zophosis orbicularis,Tenebrionidae,invertebrates,herbivore,folivore,0.10300000,Chown_S.L. et al. 2007,,,,,,,,,,,,,,,,,,,,
Psammodes striatus,Tenebrionidae,invertebrates,herbivore,folivore,3.01000000,Chown_S.L. et al. 2007,,,,,,,,,,,,,,,,,,,,
Epiphysa arenicola,Tenebrionidae,invertebrates,herbivore,folivore,1.23700000,Chown_S.L. et al. 2007,,,,,,,,,,,,,,,,,,,,
Onymacris plana,Tenebrionidae,invertebrates,herbivore,folivore,0.76700000,Chown_S.L. et al. 2007,,,,,,,,,,,,,,,,,,,,
Onymacris laeviceps,Tenebrionidae,invertebrates,herbivore,folivore,0.52500000,Chown_S.L. et al. 2007,,,,,,,,,,,,,,,,,,,,
Onymacris rugatipennis,Tenebrionidae,invertebrates,herbivore,folivore,0.49600000,Chown_S.L. et al. 2007,,,,,,,,,,,,,,,,,,,,
Onymacris unguicularis,Tenebrionidae,invertebrates,herbivore,folivore,0.73700000,Chown_S.L. et al. 2007,,,,,,,,,,,,,,,,,,,,
Stenocara gracilipes,Tenebrionidae,invertebrates,herbivore,folivore,0.26800000,Chown_S.L. et al. 2007,,,,,,,,,,,,,,,,,,,,
Eusattus dubius,Tenebrionidae,invertebrates,herbivore,folivore,0.02722000,Chown_S.L. et al. 2007,,,,,,,,,,,,,,,,,,,,
Eleodes armata,Tenebrionidae,invertebrates,herbivore,folivore,0.91700000,Chown_S.L. et al. 2007,,,,,,,,,,,,,,,,,,,,
Eleodes grandicollis,Tenebrionidae,invertebrates,herbivore,folivore,0.52193000,Chown_S.L. et al. 2007,,,,,,,,,,,,,,,,,,,,
Eleodes sp.,Tenebrionidae,invertebrates,herbivore,folivore,0.08885000,Chown_S.L. et al. 2007,,,,,,,,,,,,,,,,,,,,
Eleodes tenebrosa,Tenebrionidae,invertebrates,herbivore,folivore,0.05153000,Chown_S.L. et al. 2007,,,,,,,,,,,,,,,,,,,,
Meloid sp.,Meloidae,invertebrates,carnivore,insectivore,0.01734000,Chown_S.L. et al. 2007,,,,,,,,,,,,,,,,,,,,
Acanthoderes circumflexa,Cerambycidae,invertebrates,herbivore,folivore,0.13900000,Chown_S.L. et al. 2007,,,,,,,,,,,,,,,,,,,,
Acrocinus longimanus,Cerambycidae,invertebrates,herbivore,folivore,5.38300000,Chown_S.L. et al. 2007,,,,,,,,,,,,,,,,,,,,
Dryoctenes scrupulosa,Cerambycidae,invertebrates,herbivore,folivore,1.82300000,Chown_S.L. et al. 2007,,,,,,,,,,,,,,,,,,,,
Oncideres putator,Cerambycidae,invertebrates,herbivore,folivore,0.68100000,Chown_S.L. et al. 2007,,,,,,,,,,,,,,,,,,,,
Taeniotes scalaris,Cerambycidae,invertebrates,herbivore,folivore,0.39700000,Chown_S.L. et al. 2007,,,,,,,,,,,,,,,,,,,,
Acanthophorus confinis,Cerambycidae,invertebrates,herbivore,folivore,3.49000000,Chown_S.L. et al. 2007,,,,,,,,,,,,,,,,,,,,
Macrodontia dejeani,Cerambycidae,invertebrates,herbivore,folivore,4.86000000,Chown_S.L. et al. 2007,,,,,,,,,,,,,,,,,,,,
Stenodontes molaria,Cerambycidae,invertebrates,herbivore,folivore,2.94400000,Chown_S.L. et al. 2007,,,,,,,,,,,,,,,,,,,,
Stenodontes sp.,Cerambycidae,invertebrates,herbivore,folivore,1.04300000,Chown_S.L. et al. 2007,,,,,,,,,,,,,,,,,,,,
Trachysomus peregrinus,Cerambycidae,invertebrates,herbivore,folivore,0.54700000,Chown_S.L. et al. 2007,,,,,,,,,,,,,,,,,,,,
Brasilanus batus,Cicadellidae,invertebrates,herbivore,folivore,1.96500000,Chown_S.L. et al. 2007,,Genus not easily found in search for Family name,,,,,,,,,,,,,,,,,,
Eburia sp.,Cerambycidae,invertebrates,herbivore,folivore,0.58200000,Chown_S.L. et al. 2007,,,,,,,,,,,,,,,,,,,,
Nyssicus setosus,Cerambycidae,invertebrates,herbivore,folivore,0.99600000,Chown_S.L. et al. 2007,,,,,,,,,,,,,,,,,,,,
Phoracantha recurva,Cerambycidae,invertebrates,herbivore,folivore,0.26000000,Chown_S.L. et al. 2007,,,,,,,,,,,,,,,,,,,,
Phoracantha semipunctata,Cerambycidae,invertebrates,herbivore,folivore,0.30000000,Chown_S.L. et al. 2007,,,,,,,,,,,,,,,,,,,,
Xenambyx laticauda,Cerambycidae,invertebrates,herbivore,folivore,1.21700000,Chown_S.L. et al. 2007,,,,,,,,,,,,,,,,,,,,
Diplocapsis sp.,Scarabaeidae,invertebrates,herbivore,folivore,0.00534000,Chown_S.L. et al. 2007,,,,,,,,,,,,,,,,,,,,
Griburius sp.,Chrysomelidae,invertebrates,herbivore,folivore,0.00331000,Chown_S.L. et al. 2007,,,,,,,,,,,,,,,,,,,,
Griburius sp.,Chrysomelidae,invertebrates,herbivore,folivore,0.00942000,Chown_S.L. et al. 2007,,,,,,,,,,,,,,,,,,,,
Leptinotarsa decemlineata,Chrysomelidae,invertebrates,herbivore,folivore,0.15000000,Chown_S.L. et al. 2007,,,,,,,,,,,,,,,,,,,,
Monoxia sp.,Chrysomelidae,invertebrates,herbivore,folivore,0.00463000,Chown_S.L. et al. 2007,,,,,,,,,,,,,,,,,,,,
Smicronyx imbricata,Curculionidae,invertebrates,herbivore,gran/frug,0.00032000,Chown_S.L. et al. 2007,,family based on Genus... but sci name not found,,,,,,,,,,,,,,,,,,
Ectemnorhinus marioni,Curculionidae,invertebrates,herbivore,folivore,0.00960000,Chown_S.L. et al. 2007,,,,,,,,,,,,,,,,,,,,
Ectemnorhinus similis,Curculionidae,invertebrates,herbivore,folivore,0.01340000,Chown_S.L. et al. 2007,,,,,,,,,,,,,,,,,,,,
Ips acuminatus,Curculionidae,invertebrates,herbivore,folivore,0.00284000,Chown_S.L. et al. 2007,,,,,,,,,,,,,,,,,,,,
Calandra oryzae,Curculionidae,invertebrates,herbivore,gran/frug,0.00170000,Chown_S.L. et al. 2007,,,,,,,,,,,,,,,,,,,,
Sitophilus granarius,Curculionidae,invertebrates,herbivore,gran/frug,0.00368000,Chown_S.L. et al. 2007,,,,,,,,,,,,,,,,,,,,
Microcerus sp.,Brentidae,invertebrates,herbivore,folivore,0.13200000,Chown_S.L. et al. 2007,,formerly in Curculionidae,,,,,,,,,,,,,,,,,,
Ophryastes varius,Curculionidae,invertebrates,herbivore,folivore,0.02726000,Chown_S.L. et al. 2007,,,,,,,,,,,,,,,,,,,,
Miloderes sp.,Curculionidae,invertebrates,herbivore,folivore,0.00340000,Chown_S.L. et al. 2007,,,,,,,,,,,,,,,,,,,,
Hylobius abietis,Curculionidae,invertebrates,herbivore,folivore,0.18300000,Chown_S.L. et al. 2007,,,,,,,,,,,,,,,,,,,,
Hipporhinus tenuegranosus,Curculionidae,invertebrates,herbivore,folivore,1.08000000,Chown_S.L. et al. 2007,,,,,,,,,,,,,,,,,,,,
Eucyllus vagans,Curculionidae,invertebrates,herbivore,folivore,0.00743000,Chown_S.L. et al. 2007,,,,,,,,,,,,,,,,,,,,
Eucyllus unicolor,Curculionidae,invertebrates,herbivore,folivore,0.00259000,Chown_S.L. et al. 2007,,,,,,,,,,,,,,,,,,,,
Bothrometopus randi,Curculionidae,invertebrates,herbivore,folivore,0.02460000,Chown_S.L. et al. 2007,,,,,,,,,,,,,,,,,,,,
Bothrometopus parvulus,Curculionidae,invertebrates,herbivore,folivore,0.00360000,Chown_S.L. et al. 2007,,,,,,,,,,,,,,,,,,,,
Bothrometopus elongatus,Curculionidae,invertebrates,herbivore,folivore,0.00170000,Chown_S.L. et al. 2007,,,,,,,,,,,,,,,,,,,,
Palirhoeus eatoni,Curculionidae,invertebrates,herbivore,folivore,0.00670000,Chown_S.L. et al. 2007,,,,,,,,,,,,,,,,,,,,
Lixus bisulcatus,Curculionidae,invertebrates,herbivore,folivore,0.40500000,Chown_S.L. et al. 2007,,,,,,,,,,,,,,,,,,,,
Rhynchaenus flagellum,Curculionidae,invertebrates,herbivore,folivore,0.00051000,Chown_S.L. et al. 2007,,,,,,,,,,,,,,,,,,,,
Rhytonomus isobellina,Curculionidae,invertebrates,herbivore,folivore,0.00810000,Chown_S.L. et al. 2007,,,,,,,,,,,,,,,,,,,,
Hypera postica,Curculionidae,invertebrates,herbivore,folivore,0.00580000,Chown_S.L. et al. 2007,,,,,,,,,,,,,,,,,,,,
Canonopsis sericeus,Curculionidae,invertebrates,herbivore,folivore,0.05890000,Chown_S.L. et al. 2007,,,,,,,,,,,,,,,,,,,,
Cerotalis sp.,Carabidae,invertebrates,carnivore,insectivore,0.56200000,Chown_S.L. et al. 2007,,,,,,,,,,,,,,,,,,,,
Chilanthia cavernosa,Carabidae,invertebrates,carnivore,insectivore,1.02600000,Chown_S.L. et al. 2007,,,,,,,,,,,,,,,,,,,,
Thermophilum babaulti,Carabidae,invertebrates,carnivore,insectivore,1.29500000,Chown_S.L. et al. 2007,,,,,,,,,,,,,,,,,,,,
Thermophilum hexastictum,Carabidae,invertebrates,carnivore,insectivore,2.02500000,Chown_S.L. et al. 2007,,,,,,,,,,,,,,,,,,,,
Triaenogenius sculpturatus,Carabidae,invertebrates,carnivore,insectivore,0.17000000,Chown_S.L. et al. 2007,,,,,,,,,,,,,,,,,,,,
Anthia fabricii,Carabidae,invertebrates,carnivore,insectivore,2.25000000,Chown_S.L. et al. 2007,,,,,,,,,,,,,,,,,,,,
Cypholoba bihamata,Carabidae,invertebrates,carnivore,insectivore,0.24500000,Chown_S.L. et al. 2007,,,,,,,,,,,,,,,,,,,,
Cypholoba chanleri,Carabidae,invertebrates,carnivore,insectivore,0.32600000,Chown_S.L. et al. 2007,,,,,,,,,,,,,,,,,,,,
Cypholoba sp.,Carabidae,invertebrates,carnivore,insectivore,0.19200000,Chown_S.L. et al. 2007,,,,,,,,,,,,,,,,,,,,
Cypholoba tenuicollis,Carabidae,invertebrates,carnivore,insectivore,0.05900000,Chown_S.L. et al. 2007,,,,,,,,,,,,,,,,,,,,
Cypholoba tetrastigma,Carabidae,invertebrates,carnivore,insectivore,0.13200000,Chown_S.L. et al. 2007,,,,,,,,,,,,,,,,,,,,
Cypholoba trilunata,Carabidae,invertebrates,carnivore,insectivore,0.21300000,Chown_S.L. et al. 2007,,,,,,,,,,,,,,,,,,,,
Amara quenseli,Carabidae,invertebrates,carnivore,insectivore,0.01500000,Chown_S.L. et al. 2007,,,,,,,,,,,,,,,,,,,,
Evarthrus sodalis,Carabidae,invertebrates,carnivore,insectivore,0.16410000,Chown_S.L. et al. 2007,,,,,,,,,,,,,,,,,,,,
Carabus sp.,Carabidae,invertebrates,carnivore,insectivore,4.24000000,Chown_S.L. et al. 2007,,,,,,,,,,,,,,,,,,,,
Crepidogaster bioculata,Carabidae,invertebrates,carnivore,insectivore,0.17100000,Chown_S.L. et al. 2007,,,,,,,,,,,,,,,,,,,,
Sphaeroderus stenostomus,Carabidae,invertebrates,carnivore,insectivore,0.16960000,Chown_S.L. et al. 2007,,,,,,,,,,,,,,,,,,,,
Calosoma affine,Carabidae,invertebrates,carnivore,insectivore,0.62000000,Chown_S.L. et al. 2007,,,,,,,,,,,,,,,,,,,,
Calosoma sp.,Carabidae,invertebrates,carnivore,insectivore,0.15123000,Chown_S.L. et al. 2007,,,,,,,,,,,,,,,,,,,,
Campalita chlorostictum,Carabidae,invertebrates,carnivore,insectivore,0.52100000,Chown_S.L. et al. 2007,,,,,,,,,,,,,,,,,,,,
Cicindela longilabris,Carabidae,invertebrates,carnivore,insectivore,0.12430000,Chown_S.L. et al. 2007,,,,,,,,,,,,,,,,,,,,
Cicindela repanda,Carabidae,invertebrates,carnivore,insectivore,0.06340000,Chown_S.L. et al. 2007,,,,,,,,,,,,,,,,,,,,
Paractora dreuxi,Helcomyzidae,invertebrates,carnivore,insectivore,0.01917000,Chown_S.L. et al. 2007,,,,,,,,,,,,,,,,,,,,
Paractora trichosterna,Helcomyzidae,invertebrates,carnivore,insectivore,0.01326000,Chown_S.L. et al. 2007,,,,,,,,,,,,,,,,,,,,
Antrops truncipennis,Sphaeroceridae,invertebrates,carnivore,insectivore,0.00221000,Chown_S.L. et al. 2007,,,,,,,,,,,,,,,,,,,,
Drosophila americana,Drosophilidae,invertebrates,herbivore,gran/frug,0.00110000,Chown_S.L. et al. 2007,,,,,,,,,,,,,,,,,,,,
Drosophila melanogaster,Drosophilidae,invertebrates,herbivore,gran/frug,0.00095000,Chown_S.L. et al. 2007,,,,,,,,,,,,,,,,,,,,
Drosophila mimica,Drosophilidae,invertebrates,herbivore,gran/frug,0.00244000,Chown_S.L. et al. 2007,,,,,,,,,,,,,,,,,,,,
Drosophila nikananu,Drosophilidae,invertebrates,herbivore,gran/frug,0.00049000,Chown_S.L. et al. 2007,,,,,,,,,,,,,,,,,,,,
Drosophila repleta,Drosophilidae,invertebrates,herbivore,gran/frug,0.00343000,Chown_S.L. et al. 2007,,,,,,,,,,,,,,,,,,,,
Drosophila virilis,Drosophilidae,invertebrates,herbivore,gran/frug,0.00167000,Chown_S.L. et al. 2007,,,,,,,,,,,,,,,,,,,,
Musca autumnalis,Muscidae,invertebrates,herbivore,gran/frug,0.02200000,Chown_S.L. et al. 2007,,,,,,,,,,,,,,,,,,,,
Musca domestica,Muscidae,invertebrates,herbivore,gran/frug,0.01800000,Chown_S.L. et al. 2007,,,,,,,,,,,,,,,,,,,,
Pilica formidolosa,Asilidae,invertebrates,carnivore,insectivore,0.20000000,Chown_S.L. et al. 2007,,,,,,,,,,,,,,,,,,,,
Promachus sp.,Asilidae,invertebrates,carnivore,insectivore,0.18000000,Chown_S.L. et al. 2007,,,,,,,,,,,,,,,,,,,,
Pantophthalmus tabaninus,Pantophthalmidae,invertebrates,herbivore,folivore,1.74600000,Chown_S.L. et al. 2007,,,,,,,,,,,,,,,,,,,,
Chironomus riparius,Chironomidae,invertebrates,herbivore,folivore,0.00100000,Chown_S.L. et al. 2007,,,,,,,,,,,,,,,,,,,,
Vanessa io,Nymphalidae,invertebrates,herbivore,folivore,0.23000000,Chown_S.L. et al. 2007,,,,,,,,,,,,,,,,,,,,
Thais cassandra,Papilionidae,invertebrates,herbivore,folivore,0.13000000,Chown_S.L. et al. 2007,,,,,,,,,,,,,,,,,,,,
Apetaloides firmiana,Notodontidae,invertebrates,herbivore,folivore,0.16900000,Chown_S.L. et al. 2007,,,,,,,,,,,,,,,,,,,,
Hapigia simplex,Notodontidae,invertebrates,herbivore,folivore,0.47800000,Chown_S.L. et al. 2007,,,,,,,,,,,,,,,,,,,,
Lirimiris sp.,Notodontidae,invertebrates,herbivore,folivore,0.56400000,Chown_S.L. et al. 2007,,,,,,,,,,,,,,,,,,,,
Mamestra configurata,Noctuidae,invertebrates,herbivore,folivore,0.13905000,Chown_S.L. et al. 2007,,,,,,,,,,,,,,,,,,,,
Bombyx mori,Bombycidae,invertebrates,herbivore,folivore,0.49000000,Chown_S.L. et al. 2007,,,,,,,,,,,,,,,,,,,,
Deilephila elpenor,Sphingidae,invertebrates,herbivore,folivore,0.60000000,Chown_S.L. et al. 2007,,,,,,,,,,,,,,,,,,,,
Deilephila euphorbiae,Sphingidae,invertebrates,herbivore,folivore,0.70000000,Chown_S.L. et al. 2007,,,,,,,,,,,,,,,,,,,,
Xylophanes chiron,Sphingidae,invertebrates,herbivore,folivore,0.70800000,Chown_S.L. et al. 2007,,,,,,,,,,,,,,,,,,,,
Xylophanes libya,Sphingidae,invertebrates,herbivore,folivore,0.55900000,Chown_S.L. et al. 2007,,,,,,,,,,,,,,,,,,,,
Xylophanes pluto,Sphingidae,invertebrates,herbivore,folivore,0.82900000,Chown_S.L. et al. 2007,,,,,,,,,,,,,,,,,,,,
Enyo ocypete,Sphingidae,invertebrates,herbivore,folivore,0.45333000,Chown_S.L. et al. 2007,,,,,,,,,,,,,,,,,,,,
Erinnyis ello,Sphingidae,invertebrates,herbivore,folivore,1.21000000,Chown_S.L. et al. 2007,,,,,,,,,,,,,,,,,,,,
Erinnyis oenotrus,Sphingidae,invertebrates,herbivore,folivore,0.96400000,Chown_S.L. et al. 2007,,,,,,,,,,,,,,,,,,,,
Madoryx oiclus,Sphingidae,invertebrates,herbivore,folivore,1.69900000,Chown_S.L. et al. 2007,,,,,,,,,,,,,,,,,,,,
Oryba achemenides,Sphingidae,invertebrates,herbivore,folivore,2.80850000,Chown_S.L. et al. 2007,,,,,,,,,,,,,,,,,,,,
Pachygonidia drucei,Sphingidae,invertebrates,herbivore,folivore,0.70200000,Chown_S.L. et al. 2007,,,,,,,,,,,,,,,,,,,,
Pachylia ficus,Sphingidae,invertebrates,herbivore,folivore,3.22500000,Chown_S.L. et al. 2007,,,,,,,,,,,,,,,,,,,,
Perigonia lusca,Sphingidae,invertebrates,herbivore,folivore,0.55833000,Chown_S.L. et al. 2007,,,,,,,,,,,,,,,,,,,,
Metopsilus porcellus,Sphingidae,invertebrates,herbivore,folivore,0.28500000,Chown_S.L. et al. 2007,,,,,,,,,,,,,,,,,,,,
Mimas tiliae,Sphingidae,invertebrates,herbivore,folivore,0.32000000,Chown_S.L. et al. 2007,,,,,,,,,,,,,,,,,,,,
Protambulyx strigilis,Sphingidae,invertebrates,herbivore,folivore,1.09533000,Chown_S.L. et al. 2007,,,,,,,,,,,,,,,,,,,,
Manduca corallina,Sphingidae,invertebrates,herbivore,folivore,1.61825000,Chown_S.L. et al. 2007,,,,,,,,,,,,,,,,,,,,
Manduca lefeburei,Sphingidae,invertebrates,herbivore,folivore,0.57100000,Chown_S.L. et al. 2007,,,,,,,,,,,,,,,,,,,,
Manduca rustica,Sphingidae,invertebrates,herbivore,folivore,2.81000000,Chown_S.L. et al. 2007,,,,,,,,,,,,,,,,,,,,
Sphinx ligustri,Sphingidae,invertebrates,herbivore,folivore,1.40000000,Chown_S.L. et al. 2007,,,,,,,,,,,,,,,,,,,,
Adeloneivaia boisduvalii,Saturniidae,invertebrates,herbivore,folivore,1.03400000,Chown_S.L. et al. 2007,,,,,,,,,,,,,,,,,,,,
Adeloneivaia subungulata,Saturniidae,invertebrates,herbivore,folivore,0.48700000,Chown_S.L. et al. 2007,,,,,,,,,,,,,,,,,,,,
Eacles imperialis,Saturniidae,invertebrates,herbivore,folivore,1.10500000,Chown_S.L. et al. 2007,,,,,,,,,,,,,,,,,,,,
Sphingicampa quadrilineata,Saturniidae,invertebrates,herbivore,folivore,0.81800000,Chown_S.L. et al. 2007,,,,,,,,,,,,,,,,,,,,
Syssphinx molina,Saturniidae,invertebrates,herbivore,folivore,1.75700000,Chown_S.L. et al. 2007,,,,,,,,,,,,,,,,,,,,
Antheraea pernyi,Saturniidae,invertebrates,herbivore,folivore,1.21000000,Chown_S.L. et al. 2007,,,,,,,,,,,,,,,,,,,,
Automerina auletes,Saturniidae,invertebrates,herbivore,folivore,0.72000000,Chown_S.L. et al. 2007,,,,,,,,,,,,,,,,,,,,
Automeris fieldi,Saturniidae,invertebrates,herbivore,folivore,0.39400000,Chown_S.L. et al. 2007,,,,,,,,,,,,,,,,,,,,
Automeris hamata,Saturniidae,invertebrates,herbivore,folivore,0.56400000,Chown_S.L. et al. 2007,,,,,,,,,,,,,,,,,,,,
Automeris jacunda,Saturniidae,invertebrates,herbivore,folivore,0.65325000,Chown_S.L. et al. 2007,,,,,,,,,,,,,,,,,,,,
Automeris zugana,Saturniidae,invertebrates,herbivore,folivore,0.53975000,Chown_S.L. et al. 2007,,,,,,,,,,,,,,,,,,,,
Dirphia agis,Saturniidae,invertebrates,herbivore,folivore,0.19700000,Chown_S.L. et al. 2007,,,,,,,,,,,,,,,,,,,,
Hylesia praeda,Saturniidae,invertebrates,herbivore,folivore,0.14600000,Chown_S.L. et al. 2007,,,,,,,,,,,,,,,,,,,,
Hylesia sp.,Saturniidae,invertebrates,herbivore,folivore,0.23914000,Chown_S.L. et al. 2007,,,,,,,,,,,,,,,,,,,,
Hyperchirica nausica,Saturniidae,invertebrates,herbivore,folivore,0.19950000,Chown_S.L. et al. 2007,,,,,,,,,,,,,,,,,,,,
Artace sp.,Lasiocampidae,invertebrates,herbivore,folivore,0.13200000,Chown_S.L. et al. 2007,,,,,,,,,,,,,,,,,,,,
Euglyphis sp.,Lasiocampidae,invertebrates,herbivore,folivore,0.08700000,Chown_S.L. et al. 2007,,,,,,,,,,,,,,,,,,,,
Odonestis pruni,Lasiocampidae,invertebrates,herbivore,folivore,0.25000000,Chown_S.L. et al. 2007,,,,,,,,,,,,,,,,,,,,
Galleria mellonella,Pyralidae,invertebrates,herbivore,gran/frug,0.05360000,Chown_S.L. et al. 2007,,,,,,,,,,,,,,,,,,,,
Ostrinia nubilalis,Crambidae,invertebrates,herbivore,folivore,0.04840000,Chown_S.L. et al. 2007,,,,,,,,,,,,,,,,,,,,
Neocossus sp.,Cossidae,invertebrates,herbivore,folivore,1.77163000,Chown_S.L. et al. 2007,,,,,,,,,,,,,,,,,,,,
Megalopyge sp.,Megalopygidae,invertebrates,herbivore,folivore,0.62700000,Chown_S.L. et al. 2007,,,,,,,,,,,,,,,,,,,,
Apis mellifera ligustica,Apidae,invertebrates,herbivore,gran/frug,0.09440000,Chown_S.L. et al. 2007,,,,,,,,,,,,,,,,,,,,
Bombus terrestris,Apidae,invertebrates,herbivore,gran/frug,0.74000000,Chown_S.L. et al. 2007,,,,,,,,,,,,,,,,,,,,
Xylocopa capitata,Apidae,invertebrates,herbivore,gran/frug,1.30000000,Chown_S.L. et al. 2007,,,,,,,,,,,,,,,,,,,,
Dasylabris sp.,Mutillidae,invertebrates,herbivore,gran/frug,0.08650000,Chown_S.L. et al. 2007,,,,,,,,,,,,,,,,,,,,
Dasymutilla gloriosa,Mutillidae,invertebrates,herbivore,gran/frug,0.07645000,Chown_S.L. et al. 2007,,,,,,,,,,,,,,,,,,,,
Leptothorax acervorum,Formicidae,invertebrates,herbivore,gran/frug,0.00037000,Chown_S.L. et al. 2007,,,,,,,,,,,,,,,,,,,,
Leptothorax unifasciatus,Formicidae,invertebrates,herbivore,gran/frug,0.00049000,Chown_S.L. et al. 2007,,,,,,,,,,,,,,,,,,,,
Atta laevigata,Formicidae,invertebrates,herbivore,gran/frug,0.01500000,Chown_S.L. et al. 2007,,,,,,,,,,,,,,,,,,,,
Atta sexdens,Formicidae,invertebrates,herbivore,gran/frug,0.01500000,Chown_S.L. et al. 2007,,,,,,,,,,,,,,,,,,,,
Myrmica alaskensis,Formicidae,invertebrates,herbivore,gran/frug,0.00091000,Chown_S.L. et al. 2007,,,,,,,,,,,,,,,,,,,,
Myrmica rubra,Formicidae,invertebrates,herbivore,gran/frug,0.00276000,Chown_S.L. et al. 2007,,,,,,,,,,,,,,,,,,,,
Pogonomyrmex californicus,Formicidae,invertebrates,herbivore,gran/frug,0.00592000,Chown_S.L. et al. 2007,,,,,,,,,,,,,,,,,,,,
Pogonomyrmex maricopa,Formicidae,invertebrates,herbivore,gran/frug,0.01107000,Chown_S.L. et al. 2007,,,,,,,,,,,,,,,,,,,,
Pogonomyrmex occidentalis,Formicidae,invertebrates,herbivore,gran/frug,0.00796000,Chown_S.L. et al. 2007,,,,,,,,,,,,,,,,,,,,
Pogonomyrmex rugosus,Formicidae,invertebrates,herbivore,gran/frug,0.01430000,Chown_S.L. et al. 2007,,,,,,,,,,,,,,,,,,,,
Pogonomyrmex sp.,Formicidae,invertebrates,herbivore,gran/frug,0.00374000,Chown_S.L. et al. 2007,,,,,,,,,,,,,,,,,,,,
Aphaenogaster cockerelli,Formicidae,invertebrates,herbivore,gran/frug,0.00472000,Chown_S.L. et al. 2007,,,,,,,,,,,,,,,,,,,,
Messor capensis,Formicidae,invertebrates,herbivore,gran/frug,0.01370000,Chown_S.L. et al. 2007,,,,,,,,,,,,,,,,,,,,
Messor capitatus,Formicidae,invertebrates,herbivore,gran/frug,0.00314000,Chown_S.L. et al. 2007,,,,,,,,,,,,,,,,,,,,
Messor julianus,Formicidae,invertebrates,herbivore,gran/frug,0.00509000,Chown_S.L. et al. 2007,,,,,,,,,,,,,,,,,,,,
Messor pergandei,Formicidae,invertebrates,herbivore,gran/frug,0.00719000,Chown_S.L. et al. 2007,,,,,,,,,,,,,,,,,,,,
Chelaner rothsteini,Formicidae,invertebrates,herbivore,gran/frug,0.00025000,Chown_S.L. et al. 2007,,,,,,,,,,,,,,,,,,,,
Solenopsis invicta,Formicidae,invertebrates,herbivore,gran/frug,0.00296000,Chown_S.L. et al. 2007,,,,,,,,,,,,,,,,,,,,
Tetramorium caespitum,Formicidae,invertebrates,herbivore,gran/frug,0.00069000,Chown_S.L. et al. 2007,,,,,,,,,,,,,,,,,,,,
Camponotus detritus,Formicidae,invertebrates,herbivore,gran/frug,0.04290000,Chown_S.L. et al. 2007,,,,,,,,,,,,,,,,,,,,
Camponotus fulvopilosus,Formicidae,invertebrates,herbivore,gran/frug,0.04300000,Chown_S.L. et al. 2007,,,,,,,,,,,,,,,,,,,,
Camponotus laevigatus,Formicidae,invertebrates,herbivore,gran/frug,0.01915000,Chown_S.L. et al. 2007,,,,,,,,,,,,,,,,,,,,
Camponotus maculatus,Formicidae,invertebrates,herbivore,gran/frug,0.04249000,Chown_S.L. et al. 2007,,,,,,,,,,,,,,,,,,,,
Camponotus sericeiventris,Formicidae,invertebrates,herbivore,gran/frug,0.04020000,Chown_S.L. et al. 2007,,,,,,,,,,,,,,,,,,,,
Camponotus sp.,Formicidae,invertebrates,herbivore,gran/frug,0.01541000,Chown_S.L. et al. 2007,,,,,,,,,,,,,,,,,,,,
Camponotus vafer,Formicidae,invertebrates,herbivore,gran/frug,0.00451000,Chown_S.L. et al. 2007,,,,,,,,,,,,,,,,,,,,
Camponotus vicinus,Formicidae,invertebrates,herbivore,gran/frug,0.10700000,Chown_S.L. et al. 2007,,,,,,,,,,,,,,,,,,,,
Cataglyphis bicolor,Formicidae,invertebrates,herbivore,gran/frug,0.03400000,Chown_S.L. et al. 2007,,,,,,,,,,,,,,,,,,,,
Formica exsecta,Formicidae,invertebrates,herbivore,gran/frug,0.00405000,Chown_S.L. et al. 2007,,,,,,,,,,,,,,,,,,,,
Formica fusca,Formicidae,invertebrates,herbivore,gran/frug,0.00135000,Chown_S.L. et al. 2007,,,,,,,,,,,,,,,,,,,,
Formica occulta,Formicidae,invertebrates,herbivore,gran/frug,0.00130000,Chown_S.L. et al. 2007,,,,,,,,,,,,,,,,,,,,
Formica pratensis,Formicidae,invertebrates,herbivore,gran/frug,0.00717000,Chown_S.L. et al. 2007,,,,,,,,,,,,,,,,,,,,
Lasius alienus,Formicidae,invertebrates,herbivore,gran/frug,0.00138000,Chown_S.L. et al. 2007,,,,,,,,,,,,,,,,,,,,
Lasius flavus,Formicidae,invertebrates,herbivore,gran/frug,0.00258000,Chown_S.L. et al. 2007,,,,,,,,,,,,,,,,,,,,
Lasius niger,Formicidae,invertebrates,herbivore,gran/frug,0.00174000,Chown_S.L. et al. 2007,,,,,,,,,,,,,,,,,,,,
Lasius sitiens,Formicidae,invertebrates,herbivore,gran/frug,0.00029000,Chown_S.L. et al. 2007,,,,,,,,,,,,,,,,,,,,
Forelius foetidus,Formicidae,invertebrates,herbivore,gran/frug,0.00010000,Chown_S.L. et al. 2007,,,,,,,,,,,,,,,,,,,,
Anoplolepis steingroeveri ,Formicidae,invertebrates,herbivore,gran/frug,0.00494000,Chown_S.L. et al. 2007,,,,,,,,,,,,,,,,,,,,
Leptogenys attenuata,Formicidae,invertebrates,carnivore,insectivore,0.00400000,Chown_S.L. et al. 2007,,,,,,,,,,,,,,,,,,,,
Leptogenys nitida,Formicidae,invertebrates,carnivore,insectivore,0.00172000,Chown_S.L. et al. 2007,,,,,,,,,,,,,,,,,,,,
Leptogenys schwabi,Formicidae,invertebrates,carnivore,insectivore,0.00896000,Chown_S.L. et al. 2007,,,,,,,,,,,,,,,,,,,,
Paraponera clavata,Formicidae,invertebrates,carnivore,insectivore,0.19000000,Chown_S.L. et al. 2007,,,,,,,,,,,,,,,,,,,,
Eciton hamatum,Formicidae,invertebrates,carnivore,insectivore,0.00600000,Chown_S.L. et al. 2007,,,,,,,,,,,,,,,,,,,,
Braconidae,Braconidae,invertebrates,carnivore,insectivore,0.00170000,Chown_S.L. et al. 2007,,,,,,,,,,,,,,,,,,,,
Chalcidoidea,Chalcidoidea,invertebrates,carnivore,insectivore,0.00016000,Chown_S.L. et al. 2007,,,,,,,,,,,,,,,,,,,,
Meinertellidae,Meinertellidae,invertebrates,carnivore,insectivore,0.01275000,Chown_S.L. et al. 2007,,,,,,,,,,,,,,,,,,,,
Lepismatidae,Lepismatidae,invertebrates,carnivore,insectivore,0.02304000,Chown_S.L. et al. 2007,,,,,,,,,,,,,,,,,,,,
Lepismatidae,Lepismatidae,invertebrates,carnivore,insectivore,0.02664000,Chown_S.L. et al. 2007,,,,,,,,,,,,,,,,,,,,
Lepismatidae,Lepismatidae,invertebrates,carnivore,insectivore,0.01780000,Chown_S.L. et al. 2007,,,,,,,,,,,,,,,,,,,,
Psyllidae,Psyllidae,invertebrates,herbivore,folivore,0.00016000,Chown_S.L. et al. 2007,,,,,,,,,,,,,,,,,,,,
Miridae,Miridae,invertebrates,carnivore,insectivore,0.00051000,Chown_S.L. et al. 2007,,,,,,,,,,,,,,,,,,,,
Miridae,Miridae,invertebrates,carnivore,insectivore,0.00356000,Chown_S.L. et al. 2007,,,,,,,,,,,,,,,,,,,,
Miridae,Miridae,invertebrates,carnivore,insectivore,0.00385000,Chown_S.L. et al. 2007,,,,,,,,,,,,,,,,,,,,
Nabidae,Nabidae,invertebrates,carnivore,insectivore,0.00189000,Chown_S.L. et al. 2007,,,,,,,,,,,,,,,,,,,,
Dendrocoris contaminatus,Pentatomidae,invertebrates,herbivore,folivore,0.01100000,Chown_S.L. et al. 2007,,,,,,,,,,,,,,,,,,,,
Coreidae,Coreidae,invertebrates,herbivore,folivore,0.06670000,Chown_S.L. et al. 2007,,,,,,,,,,,,,,,,,,,,
Lygaeus kalmii,Lygaeidae,invertebrates,herbivore,folivore,0.01017000,Chown_S.L. et al. 2007,,,,,,,,,,,,,,,,,,,,
Naididae,Naididae,invertebrates,herbivore,folivore,0.00095000,Chown_S.L. et al. 2007,,listed orginally as Nididae,,,,,,,,,,,,,,,,,,
Corydalus cornutus,Corydalidae,invertebrates,carnivore,insectivore,0.32600000,Chown_S.L. et al. 2007,,,,,,,,,,,,,,,,,,,,
Saprinus sp.,Histeridae,invertebrates,carnivore,insectivore,0.00821000,Chown_S.L. et al. 2007,,,,,,,,,,,,,,,,,,,,
Sphaeridium lunatum,Hydrophilidae,invertebrates,carnivore,insectivore,0.03400000,Chown_S.L. et al. 2007,,,,,,,,,,,,,,,,,,,,
Staphylinidae,Staphylinidae,invertebrates,carnivore,insectivore,0.00009000,Chown_S.L. et al. 2007,,,,,,,,,,,,,,,,,,,,
Pompilidae,Pompilidae,invertebrates,carnivore,insectivore,0.01414000,Chown_S.L. et al. 2007,,,,,,,,,,,,,,,,,,,,
Sus scrofa,Suidae,mammal,herbivore,gran/frug,58650.00000000,Snow_N.P. et al. 2025,,average from range,,,,,,,,,,,,,,,,,,
Tasmanicosa,Lycosidae,invertebrates,carnivore,insectivore,0.25000000,Rendon_D. et al. 2019,,,,,,,,,,,,,,,,,,,,
Tasmanicosa,Lycosidae,invertebrates,carnivore,insectivore,0.26000000,Rendon_D. et al. 2019,,,,,,,,,,,,,,,,,,,,
Tasmanicosa,Lycosidae,invertebrates,carnivore,insectivore,0.23000000,Rendon_D. et al. 2019,,,,,,,,,,,,,,,,,,,,
Tasmanicosa,Lycosidae,invertebrates,carnivore,insectivore,0.81000000,Rendon_D. et al. 2019,,,,,,,,,,,,,,,,,,,,
Tasmanicosa,Lycosidae,invertebrates,carnivore,insectivore,0.22000000,Rendon_D. et al. 2019,,,,,,,,,,,,,,,,,,,,
Tasmanicosa,Lycosidae,invertebrates,carnivore,insectivore,0.21000000,Rendon_D. et al. 2019,,,,,,,,,,,,,,,,,,,,
Tasmanicosa,Lycosidae,invertebrates,carnivore,insectivore,0.20000000,Rendon_D. et al. 2019,,,,,,,,,,,,,,,,,,,,
Tasmanicosa,Lycosidae,invertebrates,carnivore,insectivore,0.12000000,Rendon_D. et al. 2019,,,,,,,,,,,,,,,,,,,,
Tasmanicosa,Lycosidae,invertebrates,carnivore,insectivore,0.31000000,Rendon_D. et al. 2019,,,,,,,,,,,,,,,,,,,,
Tasmanicosa,Lycosidae,invertebrates,carnivore,insectivore,0.86000000,Rendon_D. et al. 2019,,,,,,,,,,,,,,,,,,,,
Tasmanicosa,Lycosidae,invertebrates,carnivore,insectivore,0.62000000,Rendon_D. et al. 2019,,,,,,,,,,,,,,,,,,,,
Tasmanicosa,Lycosidae,invertebrates,carnivore,insectivore,0.39000000,Rendon_D. et al. 2019,,,,,,,,,,,,,,,,,,,,
Tasmanicosa,Lycosidae,invertebrates,carnivore,insectivore,0.41000000,Rendon_D. et al. 2019,,,,,,,,,,,,,,,,,,,,
Tasmanicosa,Lycosidae,invertebrates,carnivore,insectivore,0.31000000,Rendon_D. et al. 2019,,,,,,,,,,,,,,,,,,,,
Tasmanicosa,Lycosidae,invertebrates,carnivore,insectivore,0.22000000,Rendon_D. et al. 2019,,,,,,,,,,,,,,,,,,,,
Tasmanicosa,Lycosidae,invertebrates,carnivore,insectivore,0.18000000,Rendon_D. et al. 2019,,,,,,,,,,,,,,,,,,,,
Tasmanicosa,Lycosidae,invertebrates,carnivore,insectivore,0.24000000,Rendon_D. et al. 2019,,,,,,,,,,,,,,,,,,,,
Tasmanicosa,Lycosidae,invertebrates,carnivore,insectivore,0.93000000,Rendon_D. et al. 2019,,,,,,,,,,,,,,,,,,,,
Tasmanicosa,Lycosidae,invertebrates,carnivore,insectivore,0.57000000,Rendon_D. et al. 2019,,,,,,,,,,,,,,,,,,,,
Tasmanicosa,Lycosidae,invertebrates,carnivore,insectivore,0.60000000,Rendon_D. et al. 2019,,,,,,,,,,,,,,,,,,,,
Tasmanicosa,Lycosidae,invertebrates,carnivore,insectivore,0.43000000,Rendon_D. et al. 2019,,,,,,,,,,,,,,,,,,,,
Tasmanicosa,Lycosidae,invertebrates,carnivore,insectivore,0.20000000,Rendon_D. et al. 2019,,,,,,,,,,,,,,,,,,,,
Tasmanicosa,Lycosidae,invertebrates,carnivore,insectivore,0.22000000,Rendon_D. et al. 2019,,,,,,,,,,,,,,,,,,,,
Tasmanicosa,Lycosidae,invertebrates,carnivore,insectivore,0.38000000,Rendon_D. et al. 2019,,,,,,,,,,,,,,,,,,,,
Tasmanicosa,Lycosidae,invertebrates,carnivore,insectivore,0.31000000,Rendon_D. et al. 2019,,,,,,,,,,,,,,,,,,,,
Teleogryllus sp.,Gryllidae,invertebrates,herbivore,folivore,0.11000000,Rendon_D. et al. 2019,,,,,,,,,,,,,,,,,,,,
Teleogryllus sp.,Gryllidae,invertebrates,herbivore,folivore,0.11000000,Rendon_D. et al. 2019,,,,,,,,,,,,,,,,,,,,
Teleogryllus sp.,Gryllidae,invertebrates,herbivore,folivore,0.09000000,Rendon_D. et al. 2019,,,,,,,,,,,,,,,,,,,,
Teleogryllus sp.,Gryllidae,invertebrates,herbivore,folivore,0.40000000,Rendon_D. et al. 2019,,,,,,,,,,,,,,,,,,,,
Teleogryllus sp.,Gryllidae,invertebrates,herbivore,folivore,0.30000000,Rendon_D. et al. 2019,,,,,,,,,,,,,,,,,,,,
Teleogryllus sp.,Gryllidae,invertebrates,herbivore,folivore,0.56000000,Rendon_D. et al. 2019,,,,,,,,,,,,,,,,,,,,
Teleogryllus sp.,Gryllidae,invertebrates,herbivore,folivore,0.56000000,Rendon_D. et al. 2019,,,,,,,,,,,,,,,,,,,,
Teleogryllus sp.,Gryllidae,invertebrates,herbivore,folivore,0.04000000,Rendon_D. et al. 2019,,,,,,,,,,,,,,,,,,,,
Teleogryllus sp.,Gryllidae,invertebrates,herbivore,folivore,0.10000000,Rendon_D. et al. 2019,,,,,,,,,,,,,,,,,,,,
Teleogryllus sp.,Gryllidae,invertebrates,herbivore,folivore,0.10000000,Rendon_D. et al. 2019,,,,,,,,,,,,,,,,,,,,
Teleogryllus sp.,Gryllidae,invertebrates,herbivore,folivore,0.10000000,Rendon_D. et al. 2019,,,,,,,,,,,,,,,,,,,,
Teleogryllus sp.,Gryllidae,invertebrates,herbivore,folivore,0.13000000,Rendon_D. et al. 2019,,,,,,,,,,,,,,,,,,,,
Teleogryllus sp.,Gryllidae,invertebrates,herbivore,folivore,0.05000000,Rendon_D. et al. 2019,,,,,,,,,,,,,,,,,,,,
Teleogryllus sp.,Gryllidae,invertebrates,herbivore,folivore,0.10000000,Rendon_D. et al. 2019,,,,,,,,,,,,,,,,,,,,
Teleogryllus sp.,Gryllidae,invertebrates,herbivore,folivore,0.08000000,Rendon_D. et al. 2019,,,,,,,,,,,,,,,,,,,,
Teleogryllus sp.,Gryllidae,invertebrates,herbivore,folivore,0.06000000,Rendon_D. et al. 2019,,,,,,,,,,,,,,,,,,,,
Teleogryllus sp.,Gryllidae,invertebrates,herbivore,folivore,0.05000000,Rendon_D. et al. 2019,,,,,,,,,,,,,,,,,,,,
Teleogryllus sp.,Gryllidae,invertebrates,herbivore,folivore,0.07000000,Rendon_D. et al. 2019,,,,,,,,,,,,,,,,,,,,
Teleogryllus sp.,Gryllidae,invertebrates,herbivore,folivore,0.08000000,Rendon_D. et al. 2019,,,,,,,,,,,,,,,,,,,,
Teleogryllus sp.,Gryllidae,invertebrates,herbivore,folivore,0.04000000,Rendon_D. et al. 2019,,,,,,,,,,,,,,,,,,,,
Teleogryllus sp.,Gryllidae,invertebrates,herbivore,folivore,0.10000000,Rendon_D. et al. 2019,,,,,,,,,,,,,,,,,,,,
Teleogryllus sp.,Gryllidae,invertebrates,herbivore,folivore,0.08000000,Rendon_D. et al. 2019,,,,,,,,,,,,,,,,,,,,
Teleogryllus sp.,Gryllidae,invertebrates,herbivore,folivore,0.08000000,Rendon_D. et al. 2019,,,,,,,,,,,,,,,,,,,,
Teleogryllus sp.,Gryllidae,invertebrates,herbivore,folivore,0.06000000,Rendon_D. et al. 2019,,,,,,,,,,,,,,,,,,,,
Teleogryllus sp.,Gryllidae,invertebrates,herbivore,folivore,0.08000000,Rendon_D. et al. 2019,,,,,,,,,,,,,,,,,,,,
Teleogryllus sp.,Gryllidae,invertebrates,herbivore,folivore,0.48000000,Rendon_D. et al. 2019,,,,,,,,,,,,,,,,,,,,
Teleogryllus sp.,Gryllidae,invertebrates,herbivore,folivore,0.25000000,Rendon_D. et al. 2019,,,,,,,,,,,,,,,,,,,,
Teleogryllus sp.,Gryllidae,invertebrates,herbivore,folivore,0.04000000,Rendon_D. et al. 2019,,,,,,,,,,,,,,,,,,,,
Teleogryllus sp.,Gryllidae,invertebrates,herbivore,folivore,0.22000000,Rendon_D. et al. 2019,,,,,,,,,,,,,,,,,,,,
Teleogryllus sp.,Gryllidae,invertebrates,herbivore,folivore,0.32000000,Rendon_D. et al. 2019,,,,,,,,,,,,,,,,,,,,
Teleogryllus sp.,Gryllidae,invertebrates,herbivore,folivore,0.11000000,Rendon_D. et al. 2019,,,,,,,,,,,,,,,,,,,,
Teleogryllus sp.,Gryllidae,invertebrates,herbivore,folivore,0.33000000,Rendon_D. et al. 2019,,,,,,,,,,,,,,,,,,,,
Teleogryllus sp.,Gryllidae,invertebrates,herbivore,folivore,0.08000000,Rendon_D. et al. 2019,,,,,,,,,,,,,,,,,,,,
Teleogryllus sp.,Gryllidae,invertebrates,herbivore,folivore,0.04000000,Rendon_D. et al. 2019,,,,,,,,,,,,,,,,,,,,
Teleogryllus sp.,Gryllidae,invertebrates,herbivore,folivore,0.04000000,Rendon_D. et al. 2019,,,,,,,,,,,,,,,,,,,,
Teleogryllus sp.,Gryllidae,invertebrates,herbivore,folivore,0.07000000,Rendon_D. et al. 2019,,,,,,,,,,,,,,,,,,,,
Teleogryllus sp.,Gryllidae,invertebrates,herbivore,folivore,0.03000000,Rendon_D. et al. 2019,,,,,,,,,,,,,,,,,,,,
Teleogryllus sp.,Gryllidae,invertebrates,herbivore,folivore,0.10000000,Rendon_D. et al. 2019,,,,,,,,,,,,,,,,,,,,
Teleogryllus sp.,Gryllidae,invertebrates,herbivore,folivore,0.06000000,Rendon_D. et al. 2019,,,,,,,,,,,,,,,,,,,,
Teleogryllus sp.,Gryllidae,invertebrates,herbivore,folivore,0.06000000,Rendon_D. et al. 2019,,,,,,,,,,,,,,,,,,,,
Teleogryllus sp.,Gryllidae,invertebrates,herbivore,folivore,0.04000000,Rendon_D. et al. 2019,,,,,,,,,,,,,,,,,,,,
Teleogryllus sp.,Gryllidae,invertebrates,herbivore,folivore,0.14000000,Rendon_D. et al. 2019,,,,,,,,,,,,,,,,,,,,
Teleogryllus sp.,Gryllidae,invertebrates,herbivore,folivore,0.05000000,Rendon_D. et al. 2019,,,,,,,,,,,,,,,,,,,,
Teleogryllus sp.,Gryllidae,invertebrates,herbivore,folivore,0.03000000,Rendon_D. et al. 2019,,,,,,,,,,,,,,,,,,,,
Teleogryllus sp.,Gryllidae,invertebrates,herbivore,folivore,0.05000000,Rendon_D. et al. 2019,,,,,,,,,,,,,,,,,,,,
Teleogryllus sp.,Gryllidae,invertebrates,herbivore,folivore,0.07000000,Rendon_D. et al. 2019,,,,,,,,,,,,,,,,,,,,
Teleogryllus sp.,Gryllidae,invertebrates,herbivore,folivore,0.05000000,Rendon_D. et al. 2019,,,,,,,,,,,,,,,,,,,,
Teleogryllus sp.,Gryllidae,invertebrates,herbivore,folivore,0.09000000,Rendon_D. et al. 2019,,,,,,,,,,,,,,,,,,,,
Teleogryllus sp.,Gryllidae,invertebrates,herbivore,folivore,0.05000000,Rendon_D. et al. 2019,,,,,,,,,,,,,,,,,,,,
Teleogryllus sp.,Gryllidae,invertebrates,herbivore,folivore,0.04000000,Rendon_D. et al. 2019,,,,,,,,,,,,,,,,,,,,
Teleogryllus sp.,Gryllidae,invertebrates,herbivore,folivore,0.04000000,Rendon_D. et al. 2019,,,,,,,,,,,,,,,,,,,,
Teleogryllus sp.,Gryllidae,invertebrates,herbivore,folivore,0.04000000,Rendon_D. et al. 2019,,,,,,,,,,,,,,,,,,,,
,,,,,,,,,,,,,,,,,,,,,,,,,,
,,,,,,,,,,,,,,,,,,,,,,,,,,
,,,,,,,,,,,,,,,,,,,,,,,,,,
,,,,,,,,,,,,,,,,,,,,,,,,,,
,,,,,,,,,,,,,,,,,,,,,,,,,,
,,,,,,,,,,,,,,,,,,,,,,,,,,
,,,,,,,,,,,,,,,,,,,,,,,,,,
,,,,,,,,,,,,,,,,,,,,,,,,,,
,,,,,,,,,,,,,,,,,,,,,,,,,,
,,,,,,,,,,,,,,,,,,,,,,,,,,
,,,,,,,,,,,,,,,,,,,,,,,,,,
,,,,,,,,,,,,,,,,,,,,,,,,,,
,,,,,,,,,,,,,,,,,,,,,,,,,,
,,,,,,,,,,,,,,,,,,,,,,,,,,
,,,,,,,,,,,,,,,,,,,,,,,,,,
,,,,,,,,,,,,,,,,,,,,,,,,,,
,,,,,,,,,,,,,,,,,,,,,,,,,,
,,,,,,,,,,,,,,,,,,,,,,,,,,
,,,,,,,,,,,,,,,,,,,,,,,,,,
,,,,,,,,,,,,,,,,,,,,,,,,,,
,,,,,,,,,,,,,,,,,,,,,,,,,,
,,,,,,,,,,,,,,,,,,,,,,,,,,
,,,,,,,,,,,,,,,,,,,,,,,,,,
,,,,,,,,,,,,,,,,,,,,,,,,,,
,,,,,,,,,,,,,,,,,,,,,,,,,,
,,,,,,,,,,,,,,,,,,,,,,,,,,
,,,,,,,,,,,,,,,,,,,,,,,,,,
,,,,,,,,,,,,,,,,,,,,,,,,,,
,,,,,,,,,,,,,,,,,,,,,,,,,,
,,,,,,,,,,,,,,,,,,,,,,,,,,
,,,,,,,,,,,,,,,,,,,,,,,,,,
,,,,,,,,,,,,,,,,,,,,,,,,,,
,,,,,,,,,,,,,,,,,,,,,,,,,,
,,,,,,,,,,,,,,,,,,,,,,,,,,
,,,,,,,,,,,,,,,,,,,,,,,,,,
,,,,,,,,,,,,,,,,,,,,,,,,,,
,,,,,,,,,,,,,,,,,,,,,,,,,,
,,,,,,,,,,,,,,,,,,,,,,,,,,
,,,,,,,,,,,,,,,,,,,,,,,,,,
,,,,,,,,,,,,,,,,,,,,,,,,,,
,,,,,,,,,,,,,,,,,,,,,,,,,,
,,,,,,,,,,,,,,,,,,,,,,,,,,
,,,,,,,,,,,,,,,,,,,,,,,,,,
,,,,,,,,,,,,,,,,,,,,,,,,,,
,,,,,,,,,,,,,,,,,,,,,,,,,,
,,,,,,,,,,,,,,,,,,,,,,,,,,
,,,,,,,,,,,,,,,,,,,,,,,,,,
,,,,,,,,,,,,,,,,,,,,,,,,,,
,,,,,,,,,,,,,,,,,,,,,,,,,,
,,,,,,,,,,,,,,,,,,,,,,,,,,
,,,,,,,,,,,,,,,,,,,,,,,,,,
,,,,,,,,,,,,,,,,,,,,,,,,,,
,,,,,,,,,,,,,,,,,,,,,,,,,,
,,,,,,,,,,,,,,,,,,,,,,,,,,
,,,,,,,,,,,,,,,,,,,,,,,,,,
,,,,,,,,,,,,,,,,,,,,,,,,,,
,,,,,,,,,,,,,,,,,,,,,,,,,,
,,,,,,,,,,,,,,,,,,,,,,,,,,
,,,,,,,,,,,,,,,,,,,,,,,,,,
,,,,,,,,,,,,,,,,,,,,,,,,,,
,,,,,,,,,,,,,,,,,,,,,,,,,,
,,,,,,,,,,,,,,,,,,,,,,,,,,
,,,,,,,,,,,,,,,,,,,,,,,,,,
,,,,,,,,,,,,,,,,,,,,,,,,,,
,,,,,,,,,,,,,,,,,,,,,,,,,,
,,,,,,,,,,,,,,,,,,,,,,,,,,
,,,,,,,,,,,,,,,,,,,,,,,,,,
,,,,,,,,,,,,,,,,,,,,,,,,,,
,,,,,,,,,,,,,,,,,,,,,,,,,,
,,,,,,,,,,,,,,,,,,,,,,,,,,
,,,,,,,,,,,,,,,,,,,,,,,,,,
,,,,,,,,,,,,,,,,,,,,,,,,,,
,,,,,,,,,,,,,,,,,,,,,,,,,,
,,,,,,,,,,,,,,,,,,,,,,,,,,
,,,,,,,,,,,,,,,,,,,,,,,,,,
,,,,,,,,,,,,,,,,,,,,,,,,,,
,,,,,,,,,,,,,,,,,,,,,,,,,,
,,,,,,,,,,,,,,,,,,,,,,,,,,
,,,,,,,,,,,,,,,,,,,,,,,,,,
,,,,,,,,,,,,,,,,,,,,,,,,,,
,,,,,,,,,,,,,,,,,,,,,,,,,,
,,,,,,,,,,,,,,,,,,,,,,,,,,
,,,,,,,,,,,,,,,,,,,,,,,,,,
,,,,,,,,,,,,,,,,,,,,,,,,,,
,,,,,,,,,,,,,,,,,,,,,,,,,,
,,,,,,,,,,,,,,,,,,,,,,,,,,
,,,,,,,,,,,,,,,,,,,,,,,,,,
,,,,,,,,,,,,,,,,,,,,,,,,,,
,,,,,,,,,,,,,,,,,,,,,,,,,,
,,,,,,,,,,,,,,,,,,,,,,,,,,
,,,,,,,,,,,,,,,,,,,,,,,,,,
,,,,,,,,,,,,,,,,,,,,,,,,,,
,,,,,,,,,,,,,,,,,,,,,,,,,,
,,,,,,,,,,,,,,,,,,,,,,,,,,
,,,,,,,,,,,,,,,,,,,,,,,,,,
,,,,,,,,,,,,,,,,,,,,,,,,,,
,,,,,,,,,,,,,,,,,,,,,,,,,,
,,,,,,,,,,,,,,,,,,,,,,,,,,
,,,,,,,,,,,,,,,,,,,,,,,,,,
,,,,,,,,,,,,,,,,,,,,,,,,,,
,,,,,,,,,,,,,,,,,,,,,,,,,,
,,,,,,,,,,,,,,,,,,,,,,,,,,
,,,,,,,,,,,,,,,,,,,,,,,,,,
,,,,,,,,,,,,,,,,,,,,,,,,,,
,,,,,,,,,,,,,,,,,,,,,,,,,,
,,,,,,,,,,,,,,,,,,,,,,,,,,
,,,,,,,,,,,,,,,,,,,,,,,,,,
,,,,,,,,,,,,,,,,,,,,,,,,,,
,,,,,,,,,,,,,,,,,,,,,,,,,,
,,,,,,,,,,,,,,,,,,,,,,,,,,
,,,,,,,,,,,,,,,,,,,,,,,,,,
,,,,,,,,,,,,,,,,,,,,,,,,,,
,,,,,,,,,,,,,,,,,,,,,,,,,,
,,,,,,,,,,,,,,,,,,,,,,,,,,
,,,,,,,,,,,,,,,,,,,,,,,,,,
,,,,,,,,,,,,,,,,,,,,,,,,,,
,,,,,,,,,,,,,,,,,,,,,,,,,,
,,,,,,,,,,,,,,,,,,,,,,,,,,
,,,,,,,,,,,,,,,,,,,,,,,,,,
,,,,,,,,,,,,,,,,,,,,,,,,,,
,,,,,,,,,,,,,,,,,,,,,,,,,,
,,,,,,,,,,,,,,,,,,,,,,,,,,
,,,,,,,,,,,,,,,,,,,,,,,,,,
,,,,,,,,,,,,,,,,,,,,,,,,,,
,,,,,,,,,,,,,,,,,,,,,,,,,,
,,,,,,,,,,,,,,,,,,,,,,,,,,
,,,,,,,,,,,,,,,,,,,,,,,,,,
,,,,,,,,,,,,,,,,,,,,,,,,,,
,,,,,,,,,,,,,,,,,,,,,,,,,,
,,,,,,,,,,,,,,,,,,,,,,,,,,
,,,,,,,,,,,,,,,,,,,,,,,,,,
,,,,,,,,,,,,,,,,,,,,,,,,,,
,,,,,,,,,,,,,,,,,,,,,,,,,,
,,,,,,,,,,,,,,,,,,,,,,,,,,
,,,,,,,,,,,,,,,,,,,,,,,,,,
,,,,,,,,,,,,,,,,,,,,,,,,,,
,,,,,,,,,,,,,,,,,,,,,,,,,,
,,,,,,,,,,,,,,,,,,,,,,,,,,
,,,,,,,,,,,,,,,,,,,,,,,,,,
,,,,,,,,,,,,,,,,,,,,,,,,,,
,,,,,,,,,,,,,,,,,,,,,,,,,,
,,,,,,,,,,,,,,,,,,,,,,,,,,
,,,,,,,,,,,,,,,,,,,,,,,,,,
,,,,,,,,,,,,,,,,,,,,,,,,,,
,,,,,,,,,,,,,,,,,,,,,,,,,,
,,,,,,,,,,,,,,,,,,,,,,,,,,
,,,,,,,,,,,,,,,,,,,,,,,,,,
,,,,,,,,,,,,,,,,,,,,,,,,,,
,,,,,,,,,,,,,,,,,,,,,,,,,,
,,,,,,,,,,,,,,,,,,,,,,,,,,
,,,,,,,,,,,,,,,,,,,,,,,,,,
,,,,,,,,,,,,,,,,,,,,,,,,,,
,,,,,,,,,,,,,,,,,,,,,,,,,,
,,,,,,,,,,,,,,,,,,,,,,,,,,
,,,,,,,,,,,,,,,,,,,,,,,,,,
,,,,,,,,,,,,,,,,,,,,,,,,,,
,,,,,,,,,,,,,,,,,,,,,,,,,,
,,,,,,,,,,,,,,,,,,,,,,,,,,
,,,,,,,,,,,,,,,,,,,,,,,,,,
,,,,,,,,,,,,,,,,,,,,,,,,,,
,,,,,,,,,,,,,,,,,,,,,,,,,,
,,,,,,,,,,,,,,,,,,,,,,,,,,
,,,,,,,,,,,,,,,,,,,,,,,,,,
,,,,,,,,,,,,,,,,,,,,,,,,,,
,,,,,,,,,,,,,,,,,,,,,,,,,,
,,,,,,,,,,,,,,,,,,,,,,,,,,
,,,,,,,,,,,,,,,,,,,,,,,,,,
,,,,,,,,,,,,,,,,,,,,,,,,,,
,,,,,,,,,,,,,,,,,,,,,,,,,,
,,,,,,,,,,,,,,,,,,,,,,,,,,
,,,,,,,,,,,,,,,,,,,,,,,,,,
,,,,,,,,,,,,,,,,,,,,,,,,,,
,,,,,,,,,,,,,,,,,,,,,,,,,,
,,,,,,,,,,,,,,,,,,,,,,,,,,
,,,,,,,,,,,,,,,,,,,,,,,,,,
,,,,,,,,,,,,,,,,,,,,,,,,,,
,,,,,,,,,,,,,,,,,,,,,,,,,,
,,,,,,,,,,,,,,,,,,,,,,,,,,
,,,,,,,,,,,,,,,,,,,,,,,,,,
,,,,,,,,,,,,,,,,,,,,,,,,,,
,,,,,,,,,,,,,,,,,,,,,,,,,,
,,,,,,,,,,,,,,,,,,,,,,,,,,
,,,,,,,,,,,,,,,,,,,,,,,,,,
,,,,,,,,,,,,,,,,,,,,,,,,,,
,,,,,,,,,,,,,,,,,,,,,,,,,,
,,,,,,,,,,,,,,,,,,,,,,,,,,
,,,,,,,,,,,,,,,,,,,,,,,,,,
,,,,,,,,,,,,,,,,,,,,,,,,,,
,,,,,,,,,,,,,,,,,,,,,,,,,,
,,,,,,,,,,,,,,,,,,,,,,,,,,
,,,,,,,,,,,,,,,,,,,,,,,,,,
,,,,,,,,,,,,,,,,,,,,,,,,,,
,,,,,,,,,,,,,,,,,,,,,,,,,,
,,,,,,,,,,,,,,,,,,,,,,,,,,
,,,,,,,,,,,,,,,,,,,,,,,,,,
,,,,,,,,,,,,,,,,,,,,,,,,,,
,,,,,,,,,,,,,,,,,,,,,,,,,,
,,,,,,,,,,,,,,,,,,,,,,,,,,
,,,,,,,,,,,,,,,,,,,,,,,,,,
,,,,,,,,,,,,,,,,,,,,,,,,,,
,,,,,,,,,,,,,,,,,,,,,,,,,,
,,,,,,,,,,,,,,,,,,,,,,,,,,
,,,,,,,,,,,,,,,,,,,,,,,,,,
,,,,,,,,,,,,,,,,,,,,,,,,,,
,,,,,,,,,,,,,,,,,,,,,,,,,,
,,,,,,,,,,,,,,,,,,,,,,,,,,
,,,,,,,,,,,,,,,,,,,,,,,,,,
,,,,,,,,,,,,,,,,,,,,,,,,,,
,,,,,,,,,,,,,,,,,,,,,,,,,,
,,,,,,,,,,,,,,,,,,,,,,,,,,
,,,,,,,,,,,,,,,,,,,,,,,,,,
,,,,,,,,,,,,,,,,,,,,,,,,,,
,,,,,,,,,,,,,,,,,,,,,,,,,,
,,,,,,,,,,,,,,,,,,,,,,,,,,
,,,,,,,,,,,,,,,,,,,,,,,,,,
,,,,,,,,,,,,,,,,,,,,,,,,,,
,,,,,,,,,,,,,,,,,,,,,,,,,,
,,,,,,,,,,,,,,,,,,,,,,,,,,
,,,,,,,,,,,,,,,,,,,,,,,,,,
,,,,,,,,,,,,,,,,,,,,,,,,,,
,,,,,,,,,,,,,,,,,,,,,,,,,,
,,,,,,,,,,,,,,,,,,,,,,,,,,
,,,,,,,,,,,,,,,,,,,,,,,,,,
,,,,,,,,,,,,,,,,,,,,,,,,,,
,,,,,,,,,,,,,,,,,,,,,,,,,,
,,,,,,,,,,,,,,,,,,,,,,,,,,
,,,,,,,,,,,,,,,,,,,,,,,,,,
,,,,,,,,,,,,,,,,,,,,,,,,,,
,,,,,,,,,,,,,,,,,,,,,,,,,,
,,,,,,,,,,,,,,,,,,,,,,,,,,
,,,,,,,,,,,,,,,,,,,,,,,,,,
,,,,,,,,,,,,,,,,,,,,,,,,,,
,,,,,,,,,,,,,,,,,,,,,,,,,,
,,,,,,,,,,,,,,,,,,,,,,,,,,
,,,,,,,,,,,,,,,,,,,,,,,,,,
,,,,,,,,,,,,,,,,,,,,,,,,,,
,,,,,,,,,,,,,,,,,,,,,,,,,,
,,,,,,,,,,,,,,,,,,,,,,,,,,
,,,,,,,,,,,,,,,,,,,,,,,,,,
,,,,,,,,,,,,,,,,,,,,,,,,,,
,,,,,,,,,,,,,,,,,,,,,,,,,,
,,,,,,,,,,,,,,,,,,,,,,,,,,
,,,,,,,,,,,,,,,,,,,,,,,,,,
,,,,,,,,,,,,,,,,,,,,,,,,,,
,,,,,,,,,,,,,,,,,,,,,,,,,,
,,,,,,,,,,,,,,,,,,,,,,,,,,
,,,,,,,,,,,,,,,,,,,,,,,,,,
,,,,,,,,,,,,,,,,,,,,,,,,,,
,,,,,,,,,,,,,,,,,,,,,,,,,,
,,,,,,,,,,,,,,,,,,,,,,,,,,
,,,,,,,,,,,,,,,,,,,,,,,,,,
,,,,,,,,,,,,,,,,,,,,,,,,,,
,,,,,,,,,,,,,,,,,,,,,,,,,,
,,,,,,,,,,,,,,,,,,,,,,,,,,
,,,,,,,,,,,,,,,,,,,,,,,,,,
,,,,,,,,,,,,,,,,,,,,,,,,,,
,,,,,,,,,,,,,,,,,,,,,,,,,,
,,,,,,,,,,,,,,,,,,,,,,,,,,
,,,,,,,,,,,,,,,,,,,,,,,,,,
,,,,,,,,,,,,,,,,,,,,,,,,,,
,,,,,,,,,,,,,,,,,,,,,,,,,,
,,,,,,,,,,,,,,,,,,,,,,,,,,
,,,,,,,,,,,,,,,,,,,,,,,,,,
,,,,,,,,,,,,,,,,,,,,,,,,,,
,,,,,,,,,,,,,,,,,,,,,,,,,,
,,,,,,,,,,,,,,,,,,,,,,,,,,
,,,,,,,,,,,,,,,,,,,,,,,,,,
,,,,,,,,,,,,,,,,,,,,,,,,,,
,,,,,,,,,,,,,,,,,,,,,,,,,,
,,,,,,,,,,,,,,,,,,,,,,,,,,
,,,,,,,,,,,,,,,,,,,,,,,,,,
,,,,,,,,,,,,,,,,,,,,,,,,,,
,,,,,,,,,,,,,,,,,,,,,,,,,,
,,,,,,,,,,,,,,,,,,,,,,,,,,
,,,,,,,,,,,,,,,,,,,,,,,,,,
,,,,,,,,,,,,,,,,,,,,,,,,,,
,,,,,,,,,,,,,,,,,,,,,,,,,,
,,,,,,,,,,,,,,,,,,,,,,,,,,
,,,,,,,,,,,,,,,,,,,,,,,,,,
,,,,,,,,,,,,,,,,,,,,,,,,,,
,,,,,,,,,,,,,,,,,,,,,,,,,,
,,,,,,,,,,,,,,,,,,,,,,,,,,
,,,,,,,,,,,,,,,,,,,,,,,,,,
,,,,,,,,,,,,,,,,,,,,,,,,,,
,,,,,,,,,,,,,,,,,,,,,,,,,,
,,,,,,,,,,,,,,,,,,,,,,,,,,
,,,,,,,,,,,,,,,,,,,,,,,,,,
,,,,,,,,,,,,,,,,,,,,,,,,,,
,,,,,,,,,,,,,,,,,,,,,,,,,,
,,,,,,,,,,,,,,,,,,,,,,,,,,
,,,,,,,,,,,,,,,,,,,,,,,,,,
,,,,,,,,,,,,,,,,,,,,,,,,,,
,,,,,,,,,,,,,,,,,,,,,,,,,,
,,,,,,,,,,,,,,,,,,,,,,,,,,
,,,,,,,,,,,,,,,,,,,,,,,,,,
,,,,,,,,,,,,,,,,,,,,,,,,,,
,,,,,,,,,,,,,,,,,,,,,,,,,,
,,,,,,,,,,,,,,,,,,,,,,,,,,
,,,,,,,,,,,,,,,,,,,,,,,,,,
,,,,,,,,,,,,,,,,,,,,,,,,,,
,,,,,,,,,,,,,,,,,,,,,,,,,,
,,,,,,,,,,,,,,,,,,,,,,,,,,
,,,,,,,,,,,,,,,,,,,,,,,,,,
,,,,,,,,,,,,,,,,,,,,,,,,,,
,,,,,,,,,,,,,,,,,,,,,,,,,,
,,,,,,,,,,,,,,,,,,,,,,,,,,
,,,,,,,,,,,,,,,,,,,,,,,,,,
,,,,,,,,,,,,,,,,,,,,,,,,,,
,,,,,,,,,,,,,,,,,,,,,,,,,,
,,,,,,,,,,,,,,,,,,,,,,,,,,
,,,,,,,,,,,,,,,,,,,,,,,,,,
,,,,,,,,,,,,,,,,,,,,,,,,,,
,,,,,,,,,,,,,,,,,,,,,,,,,,
,,,,,,,,,,,,,,,,,,,,,,,,,,
,,,,,,,,,,,,,,,,,,,,,,,,,,
,,,,,,,,,,,,,,,,,,,,,,,,,,
,,,,,,,,,,,,,,,,,,,,,,,,,,
,,,,,,,,,,,,,,,,,,,,,,,,,,
,,,,,,,,,,,,,,,,,,,,,,,,,,
,,,,,,,,,,,,,,,,,,,,,,,,,,
,,,,,,,,,,,,,,,,,,,,,,,,,,
,,,,,,,,,,,,,,,,,,,,,,,,,,
,,,,,,,,,,,,,,,,,,,,,,,,,,
,,,,,,,,,,,,,,,,,,,,,,,,,,
,,,,,,,,,,,,,,,,,,,,,,,,,,
,,,,,,,,,,,,,,,,,,,,,,,,,,
,,,,,,,,,,,,,,,,,,,,,,,,,,
,,,,,,,,,,,,,,,,,,,,,,,,,,
,,,,,,,,,,,,,,,,,,,,,,,,,,
,,,,,,,,,,,,,,,,,,,,,,,,,,
,,,,,,,,,,,,,,,,,,,,,,,,,,
,,,,,,,,,,,,,,,,,,,,,,,,,,
,,,,,,,,,,,,,,,,,,,,,,,,,,
,,,,,,,,,,,,,,,,,,,,,,,,,,
,,,,,,,,,,,,,,,,,,,,,,,,,,
,,,,,,,,,,,,,,,,,,,,,,,,,,
,,,,,,,,,,,,,,,,,,,,,,,,,,
,,,,,,,,,,,,,,,,,,,,,,,,,,
,,,,,,,,,,,,,,,,,,,,,,,,,,
,,,,,,,,,,,,,,,,,,,,,,,,,,
,,,,,,,,,,,,,,,,,,,,,,,,,,
,,,,,,,,,,,,,,,,,,,,,,,,,,
,,,,,,,,,,,,,,,,,,,,,,,,,,
,,,,,,,,,,,,,,,,,,,,,,,,,,
,,,,,,,,,,,,,,,,,,,,,,,,,,
,,,,,,,,,,,,,,,,,,,,,,,,,,
,,,,,,,,,,,,,,,,,,,,,,,,,,
,,,,,,,,,,,,,,,,,,,,,,,,,,
,,,,,,,,,,,,,,,,,,,,,,,,,,
,,,,,,,,,,,,,,,,,,,,,,,,,,
,,,,,,,,,,,,,,,,,,,,,,,,,,
,,,,,,,,,,,,,,,,,,,,,,,,,,
,,,,,,,,,,,,,,,,,,,,,,,,,,
,,,,,,,,,,,,,,,,,,,,,,,,,,
,,,,,,,,,,,,,,,,,,,,,,,,,,
,,,,,,,,,,,,,,,,,,,,,,,,,,
,,,,,,,,,,,,,,,,,,,,,,,,,,
,,,,,,,,,,,,,,,,,,,,,,,,,,
,,,,,,,,,,,,,,,,,,,,,,,,,,
,,,,,,,,,,,,,,,,,,,,,,,,,,
,,,,,,,,,,,,,,,,,,,,,,,,,,
,,,,,,,,,,,,,,,,,,,,,,,,,,
,,,,,,,,,,,,,,,,,,,,,,,,,,
,,,,,,,,,,,,,,,,,,,,,,,,,,
,,,,,,,,,,,,,,,,,,,,,,,,,,
,,,,,,,,,,,,,,,,,,,,,,,,,,
,,,,,,,,,,,,,,,,,,,,,,,,,,
,,,,,,,,,,,,,,,,,,,,,,,,,,
,,,,,,,,,,,,,,,,,,,,,,,,,,
,,,,,,,,,,,,,,,,,,,,,,,,,,
,,,,,,,,,,,,,,,,,,,,,,,,,,
,,,,,,,,,,,,,,,,,,,,,,,,,,
,,,,,,,,,,,,,,,,,,,,,,,,,,
,,,,,,,,,,,,,,,,,,,,,,,,,,
,,,,,,,,,,,,,,,,,,,,,,,,,,
,,,,,,,,,,,,,,,,,,,,,,,,,,
,,,,,,,,,,,,,,,,,,,,,,,,,,
,,,,,,,,,,,,,,,,,,,,,,,,,,
,,,,,,,,,,,,,,,,,,,,,,,,,,
,,,,,,,,,,,,,,,,,,,,,,,,,,
,,,,,,,,,,,,,,,,,,,,,,,,,,
,,,,,,,,,,,,,,,,,,,,,,,,,,
,,,,,,,,,,,,,,,,,,,,,,,,,,
,,,,,,,,,,,,,,,,,,,,,,,,,,
,,,,,,,,,,,,,,,,,,,,,,,,,,
,,,,,,,,,,,,,,,,,,,,,,,,,,
,,,,,,,,,,,,,,,,,,,,,,,,,,
,,,,,,,,,,,,,,,,,,,,,,,,,,
,,,,,,,,,,,,,,,,,,,,,,,,,,
,,,,,,,,,,,,,,,,,,,,,,,,,,
,,,,,,,,,,,,,,,,,,,,,,,,,,
,,,,,,,,,,,,,,,,,,,,,,,,,,
,,,,,,,,,,,,,,,,,,,,,,,,,,
,,,,,,,,,,,,,,,,,,,,,,,,,,
,,,,,,,,,,,,,,,,,,,,,,,,,,
,,,,,,,,,,,,,,,,,,,,,,,,,,
,,,,,,,,,,,,,,,,,,,,,,,,,,
,,,,,,,,,,,,,,,,,,,,,,,,,,
,,,,,,,,,,,,,,,,,,,,,,,,,,
,,,,,,,,,,,,,,,,,,,,,,,,,,
,,,,,,,,,,,,,,,,,,,,,,,,,,
,,,,,,,,,,,,,,,,,,,,,,,,,,
,,,,,,,,,,,,,,,,,,,,,,,,,,
,,,,,,,,,,,,,,,,,,,,,,,,,,
,,,,,,,,,,,,,,,,,,,,,,,,,,
,,,,,,,,,,,,,,,,,,,,,,,,,,
,,,,,,,,,,,,,,,,,,,,,,,,,,
,,,,,,,,,,,,,,,,,,,,,,,,,,
,,,,,,,,,,,,,,,,,,,,,,,,,,
,,,,,,,,,,,,,,,,,,,,,,,,,,
,,,,,,,,,,,,,,,,,,,,,,,,,,
,,,,,,,,,,,,,,,,,,,,,,,,,,
,,,,,,,,,,,,,,,,,,,,,,,,,,
,,,,,,,,,,,,,,,,,,,,,,,,,,
,,,,,,,,,,,,,,,,,,,,,,,,,,
,,,,,,,,,,,,,,,,,,,,,,,,,,
,,,,,,,,,,,,,,,,,,,,,,,,,,
,,,,,,,,,,,,,,,,,,,,,,,,,,
,,,,,,,,,,,,,,,,,,,,,,,,,,
,,,,,,,,,,,,,,,,,,,,,,,,,,
,,,,,,,,,,,,,,,,,,,,,,,,,,
,,,,,,,,,,,,,,,,,,,,,,,,,,
,,,,,,,,,,,,,,,,,,,,,,,,,,
,,,,,,,,,,,,,,,,,,,,,,,,,,
,,,,,,,,,,,,,,,,,,,,,,,,,,
,,,,,,,,,,,,,,,,,,,,,,,,,,
,,,,,,,,,,,,,,,,,,,,,,,,,,
,,,,,,,,,,,,,,,,,,,,,,,,,,
,,,,,,,,,,,,,,,,,,,,,,,,,,
,,,,,,,,,,,,,,,,,,,,,,,,,,
,,,,,,,,,,,,,,,,,,,,,,,,,,
,,,,,,,,,,,,,,,,,,,,,,,,,,
,,,,,,,,,,,,,,,,,,,,,,,,,,
,,,,,,,,,,,,,,,,,,,,,,,,,,
,,,,,,,,,,,,,,,,,,,,,,,,,,
,,,,,,,,,,,,,,,,,,,,,,,,,,
,,,,,,,,,,,,,,,,,,,,,,,,,,
,,,,,,,,,,,,,,,,,,,,,,,,,,
,,,,,,,,,,,,,,,,,,,,,,,,,,
,,,,,,,,,,,,,,,,,,,,,,,,,,
,,,,,,,,,,,,,,,,,,,,,,,,,,
,,,,,,,,,,,,,,,,,,,,,,,,,,
,,,,,,,,,,,,,,,,,,,,,,,,,,
,,,,,,,,,,,,,,,,,,,,,,,,,,
,,,,,,,,,,,,,,,,,,,,,,,,,,
,,,,,,,,,,,,,,,,,,,,,,,,,,
,,,,,,,,,,,,,,,,,,,,,,,,,,
,,,,,,,,,,,,,,,,,,,,,,,,,,
,,,,,,,,,,,,,,,,,,,,,,,,,,
,,,,,,,,,,,,,,,,,,,,,,,,,,
,,,,,,,,,,,,,,,,,,,,,,,,,,
,,,,,,,,,,,,,,,,,,,,,,,,,,
,,,,,,,,,,,,,,,,,,,,,,,,,,
,,,,,,,,,,,,,,,,,,,,,,,,,,
,,,,,,,,,,,,,,,,,,,,,,,,,,
,,,,,,,,,,,,,,,,,,,,,,,,,,
,,,,,,,,,,,,,,,,,,,,,,,,,,
,,,,,,,,,,,,,,,,,,,,,,,,,,
,,,,,,,,,,,,,,,,,,,,,,,,,,
,,,,,,,,,,,,,,,,,,,,,,,,,,
,,,,,,,,,,,,,,,,,,,,,,,,,,
,,,,,,,,,,,,,,,,,,,,,,,,,,
,,,,,,,,,,,,,,,,,,,,,,,,,,
,,,,,,,,,,,,,,,,,,,,,,,,,,
,,,,,,,,,,,,,,,,,,,,,,,,,,
,,,,,,,,,,,,,,,,,,,,,,,,,,
,,,,,,,,,,,,,,,,,,,,,,,,,,
,,,,,,,,,,,,,,,,,,,,,,,,,,
,,,,,,,,,,,,,,,,,,,,,,,,,,
,,,,,,,,,,,,,,,,,,,,,,,,,,
,,,,,,,,,,,,,,,,,,,,,,,,,,
,,,,,,,,,,,,,,,,,,,,,,,,,,
,,,,,,,,,,,,,,,,,,,,,,,,,,
,,,,,,,,,,,,,,,,,,,,,,,,,,
,,,,,,,,,,,,,,,,,,,,,,,,,,
,,,,,,,,,,,,,,,,,,,,,,,,,,
,,,,,,,,,,,,,,,,,,,,,,,,,,
,,,,,,,,,,,,,,,,,,,,,,,,,,
,,,,,,,,,,,,,,,,,,,,,,,,,,
,,,,,,,,,,,,,,,,,,,,,,,,,,
,,,,,,,,,,,,,,,,,,,,,,,,,,
,,,,,,,,,,,,,,,,,,,,,,,,,,
,,,,,,,,,,,,,,,,,,,,,,,,,,
,,,,,,,,,,,,,,,,,,,,,,,,,,
,,,,,,,,,,,,,,,,,,,,,,,,,,
,,,,,,,,,,,,,,,,,,,,,,,,,,
,,,,,,,,,,,,,,,,,,,,,,,,,,
,,,,,,,,,,,,,,,,,,,,,,,,,,
,,,,,,,,,,,,,,,,,,,,,,,,,,
,,,,,,,,,,,,,,,,,,,,,,,,,,
,,,,,,,,,,,,,,,,,,,,,,,,,,
,,,,,,,,,,,,,,,,,,,,,,,,,,
,,,,,,,,,,,,,,,,,,,,,,,,,,
,,,,,,,,,,,,,,,,,,,,,,,,,,
,,,,,,,,,,,,,,,,,,,,,,,,,,
,,,,,,,,,,,,,,,,,,,,,,,,,,
,,,,,,,,,,,,,,,,,,,,,,,,,,
,,,,,,,,,,,,,,,,,,,,,,,,,,
,,,,,,,,,,,,,,,,,,,,,,,,,,
,,,,,,,,,,,,,,,,,,,,,,,,,,
,,,,,,,,,,,,,,,,,,,,,,,,,,
,,,,,,,,,,,,,,,,,,,,,,,,,,
,,,,,,,,,,,,,,,,,,,,,,,,,,
,,,,,,,,,,,,,,,,,,,,,,,,,,
,,,,,,,,,,,,,,,,,,,,,,,,,,
,,,,,,,,,,,,,,,,,,,,,,,,,,
,,,,,,,,,,,,,,,,,,,,,,,,,,
,,,,,,,,,,,,,,,,,,,,,,,,,,
,,,,,,,,,,,,,,,,,,,,,,,,,,
,,,,,,,,,,,,,,,,,,,,,,,,,,
,,,,,,,,,,,,,,,,,,,,,,,,,,
,,,,,,,,,,,,,,,,,,,,,,,,,,
,,,,,,,,,,,,,,,,,,,,,,,,,,
,,,,,,,,,,,,,,,,,,,,,,,,,,
,,,,,,,,,,,,,,,,,,,,,,,,,,
,,,,,,,,,,,,,,,,,,,,,,,,,,
,,,,,,,,,,,,,,,,,,,,,,,,,,
,,,,,,,,,,,,,,,,,,,,,,,,,,
,,,,,,,,,,,,,,,,,,,,,,,,,,
,,,,,,,,,,,,,,,,,,,,,,,,,,
,,,,,,,,,,,,,,,,,,,,,,,,,,
,,,,,,,,,,,,,,,,,,,,,,,,,,
,,,,,,,,,,,,,,,,,,,,,,,,,,
,,,,,,,,,,,,,,,,,,,,,,,,,,
,,,,,,,,,,,,,,,,,,,,,,,,,,
,,,,,,,,,,,,,,,,,,,,,,,,,,
,,,,,,,,,,,,,,,,,,,,,,,,,,
,,,,,,,,,,,,,,,,,,,,,,,,,,
,,,,,,,,,,,,,,,,,,,,,,,,,,
,,,,,,,,,,,,,,,,,,,,,,,,,,
,,,,,,,,,,,,,,,,,,,,,,,,,,
,,,,,,,,,,,,,,,,,,,,,,,,,,
,,,,,,,,,,,,,,,,,,,,,,,,,,
,,,,,,,,,,,,,,,,,,,,,,,,,,
,,,,,,,,,,,,,,,,,,,,,,,,,,
,,,,,,,,,,,,,,,,,,,,,,,,,,
,,,,,,,,,,,,,,,,,,,,,,,,,,
,,,,,,,,,,,,,,,,,,,,,,,,,,
,,,,,,,,,,,,,,,,,,,,,,,,,,
,,,,,,,,,,,,,,,,,,,,,,,,,,
,,,,,,,,,,,,,,,,,,,,,,,,,,
,,,,,,,,,,,,,,,,,,,,,,,,,,
,,,,,,,,,,,,,,,,,,,,,,,,,,
,,,,,,,,,,,,,,,,,,,,,,,,,,
,,,,,,,,,,,,,,,,,,,,,,,,,,
,,,,,,,,,,,,,,,,,,,,,,,,,,
,,,,,,,,,,,,,,,,,,,,,,,,,,
,,,,,,,,,,,,,,,,,,,,,,,,,,
,,,,,,,,,,,,,,,,,,,,,,,,,,
,,,,,,,,,,,,,,,,,,,,,,,,,,
,,,,,,,,,,,,,,,,,,,,,,,,,,
,,,,,,,,,,,,,,,,,,,,,,,,,,
,,,,,,,,,,,,,,,,,,,,,,,,,,
,,,,,,,,,,,,,,,,,,,,,,,,,,
,,,,,,,,,,,,,,,,,,,,,,,,,,
,,,,,,,,,,,,,,,,,,,,,,,,,,
,,,,,,,,,,,,,,,,,,,,,,,,,,
,,,,,,,,,,,,,,,,,,,,,,,,,,
,,,,,,,,,,,,,,,,,,,,,,,,,,
,,,,,,,,,,,,,,,,,,,,,,,,,,
,,,,,,,,,,,,,,,,,,,,,,,,,,
,,,,,,,,,,,,,,,,,,,,,,,,,,
,,,,,,,,,,,,,,,,,,,,,,,,,,
,,,,,,,,,,,,,,,,,,,,,,,,,,
,,,,,,,,,,,,,,,,,,,,,,,,,,
,,,,,,,,,,,,,,,,,,,,,,,,,,
,,,,,,,,,,,,,,,,,,,,,,,,,,
,,,,,,,,,,,,,,,,,,,,,,,,,,
,,,,,,,,,,,,,,,,,,,,,,,,,,
,,,,,,,,,,,,,,,,,,,,,,,,,,
,,,,,,,,,,,,,,,,,,,,,,,,,,
,,,,,,,,,,,,,,,,,,,,,,,,,,
,,,,,,,,,,,,,,,,,,,,,,,,,,
,,,,,,,,,,,,,,,,,,,,,,,,,,
,,,,,,,,,,,,,,,,,,,,,,,,,,
,,,,,,,,,,,,,,,,,,,,,,,,,,
,,,,,,,,,,,,,,,,,,,,,,,,,,
,,,,,,,,,,,,,,,,,,,,,,,,,,
,,,,,,,,,,,,,,,,,,,,,,,,,,
,,,,,,,,,,,,,,,,,,,,,,,,,,
,,,,,,,,,,,,,,,,,,,,,,,,,,
,,,,,,,,,,,,,,,,,,,,,,,,,,
,,,,,,,,,,,,,,,,,,,,,,,,,,
,,,,,,,,,,,,,,,,,,,,,,,,,,
,,,,,,,,,,,,,,,,,,,,,,,,,,
,,,,,,,,,,,,,,,,,,,,,,,,,,
,,,,,,,,,,,,,,,,,,,,,,,,,,
,,,,,,,,,,,,,,,,,,,,,,,,,,
,,,,,,,,,,,,,,,,,,,,,,,,,,
,,,,,,,,,,,,,,,,,,,,,,,,,,
,,,,,,,,,,,,,,,,,,,,,,,,,,
,,,,,,,,,,,,,,,,,,,,,,,,,,
,,,,,,,,,,,,,,,,,,,,,,,,,,
,,,,,,,,,,,,,,,,,,,,,,,,,,
,,,,,,,,,,,,,,,,,,,,,,,,,,
,,,,,,,,,,,,,,,,,,,,,,,,,,
,,,,,,,,,,,,,,,,,,,,,,,,,,
,,,,,,,,,,,,,,,,,,,,,,,,,,
,,,,,,,,,,,,,,,,,,,,,,,,,,
,,,,,,,,,,,,,,,,,,,,,,,,,,
,,,,,,,,,,,,,,,,,,,,,,,,,,
,,,,,,,,,,,,,,,,,,,,,,,,,,
,,,,,,,,,,,,,,,,,,,,,,,,,,
,,,,,,,,,,,,,,,,,,,,,,,,,,
,,,,,,,,,,,,,,,,,,,,,,,,,,
,,,,,,,,,,,,,,,,,,,,,,,,,,
,,,,,,,,,,,,,,,,,,,,,,,,,,
,,,,,,,,,,,,,,,,,,,,,,,,,,
,,,,,,,,,,,,,,,,,,,,,,,,,,
,,,,,,,,,,,,,,,,,,,,,,,,,,
,,,,,,,,,,,,,,,,,,,,,,,,,,
,,,,,,,,,,,,,,,,,,,,,,,,,,
,,,,,,,,,,,,,,,,,,,,,,,,,,
,,,,,,,,,,,,,,,,,,,,,,,,,,
,,,,,,,,,,,,,,,,,,,,,,,,,,
,,,,,,,,,,,,,,,,,,,,,,,,,,
,,,,,,,,,,,,,,,,,,,,,,,,,,
,,,,,,,,,,,,,,,,,,,,,,,,,,
,,,,,,,,,,,,,,,,,,,,,,,,,,
,,,,,,,,,,,,,,,,,,,,,,,,,,
,,,,,,,,,,,,,,,,,,,,,,,,,,
,,,,,,,,,,,,,,,,,,,,,,,,,,
,,,,,,,,,,,,,,,,,,,,,,,,,,
,,,,,,,,,,,,,,,,,,,,,,,,,,
,,,,,,,,,,,,,,,,,,,,,,,,,,
,,,,,,,,,,,,,,,,,,,,,,,,,,
,,,,,,,,,,,,,,,,,,,,,,,,,,
,,,,,,,,,,,,,,,,,,,,,,,,,,
,,,,,,,,,,,,,,,,,,,,,,,,,,
,,,,,,,,,,,,,,,,,,,,,,,,,,
,,,,,,,,,,,,,,,,,,,,,,,,,,
,,,,,,,,,,,,,,,,,,,,,,,,,,
,,,,,,,,,,,,,,,,,,,,,,,,,,
,,,,,,,,,,,,,,,,,,,,,,,,,,
,,,,,,,,,,,,,,,,,,,,,,,,,,
,,,,,,,,,,,,,,,,,,,,,,,,,,
,,,,,,,,,,,,,,,,,,,,,,,,,,
,,,,,,,,,,,,,,,,,,,,,,,,,,
,,,,,,,,,,,,,,,,,,,,,,,,,,
,,,,,,,,,,,,,,,,,,,,,,,,,,
,,,,,,,,,,,,,,,,,,,,,,,,,,
,,,,,,,,,,,,,,,,,,,,,,,,,,
,,,,,,,,,,,,,,,,,,,,,,,,,,
,,,,,,,,,,,,,,,,,,,,,,,,,,
,,,,,,,,,,,,,,,,,,,,,,,,,,
,,,,,,,,,,,,,,,,,,,,,,,,,,
,,,,,,,,,,,,,,,,,,,,,,,,,,
,,,,,,,,,,,,,,,,,,,,,,,,,,
,,,,,,,,,,,,,,,,,,,,,,,,,,
,,,,,,,,,,,,,,,,,,,,,,,,,,
,,,,,,,,,,,,,,,,,,,,,,,,,,
,,,,,,,,,,,,,,,,,,,,,,,,,,
,,,,,,,,,,,,,,,,,,,,,,,,,,
,,,,,,,,,,,,,,,,,,,,,,,,,,
,,,,,,,,,,,,,,,,,,,,,,,,,,
,,,,,,,,,,,,,,,,,,,,,,,,,,
,,,,,,,,,,,,,,,,,,,,,,,,,,
,,,,,,,,,,,,,,,,,,,,,,,,,,
,,,,,,,,,,,,,,,,,,,,,,,,,,
,,,,,,,,,,,,,,,,,,,,,,,,,,
,,,,,,,,,,,,,,,,,,,,,,,,,,
,,,,,,,,,,,,,,,,,,,,,,,,,,
,,,,,,,,,,,,,,,,,,,,,,,,,,
,,,,,,,,,,,,,,,,,,,,,,,,,,
,,,,,,,,,,,,,,,,,,,,,,,,,,
,,,,,,,,,,,,,,,,,,,,,,,,,,
,,,,,,,,,,,,,,,,,,,,,,,,,,
,,,,,,,,,,,,,,,,,,,,,,,,,,
,,,,,,,,,,,,,,,,,,,,,,,,,,
,,,,,,,,,,,,,,,,,,,,,,,,,,
,,,,,,,,,,,,,,,,,,,,,,,,,,
,,,,,,,,,,,,,,,,,,,,,,,,,,
,,,,,,,,,,,,,,,,,,,,,,,,,,
,,,,,,,,,,,,,,,,,,,,,,,,,,
,,,,,,,,,,,,,,,,,,,,,,,,,,
,,,,,,,,,,,,,,,,,,,,,,,,,,
,,,,,,,,,,,,,,,,,,,,,,,,,,
,,,,,,,,,,,,,,,,,,,,,,,,,,
,,,,,,,,,,,,,,,,,,,,,,,,,,
,,,,,,,,,,,,,,,,,,,,,,,,,,
,,,,,,,,,,,,,,,,,,,,,,,,,,
,,,,,,,,,,,,,,,,,,,,,,,,,,
,,,,,,,,,,,,,,,,,,,,,,,,,,
,,,,,,,,,,,,,,,,,,,,,,,,,,
,,,,,,,,,,,,,,,,,,,,,,,,,,
,,,,,,,,,,,,,,,,,,,,,,,,,,
,,,,,,,,,,,,,,,,,,,,,,,,,,
,,,,,,,,,,,,,,,,,,,,,,,,,,
,,,,,,,,,,,,,,,,,,,,,,,,,,
,,,,,,,,,,,,,,,,,,,,,,,,,,
,,,,,,,,,,,,,,,,,,,,,,,,,,
,,,,,,,,,,,,,,,,,,,,,,,,,,
,,,,,,,,,,,,,,,,,,,,,,,,,,
,,,,,,,,,,,,,,,,,,,,,,,,,,
,,,,,,,,,,,,,,,,,,,,,,,,,,
,,,,,,,,,,,,,,,,,,,,,,,,,,
,,,,,,,,,,,,,,,,,,,,,,,,,,
,,,,,,,,,,,,,,,,,,,,,,,,,,
,,,,,,,,,,,,,,,,,,,,,,,,,,
,,,,,,,,,,,,,,,,,,,,,,,,,,
,,,,,,,,,,,,,,,,,,,,,,,,,,
,,,,,,,,,,,,,,,,,,,,,,,,,,
,,,,,,,,,,,,,,,,,,,,,,,,,,
,,,,,,,,,,,,,,,,,,,,,,,,,,
,,,,,,,,,,,,,,,,,,,,,,,,,,
,,,,,,,,,,,,,,,,,,,,,,,,,,
,,,,,,,,,,,,,,,,,,,,,,,,,,
,,,,,,,,,,,,,,,,,,,,,,,,,,
,,,,,,,,,,,,,,,,,,,,,,,,,,
,,,,,,,,,,,,,,,,,,,,,,,,,,
,,,,,,,,,,,,,,,,,,,,,,,,,,
,,,,,,,,,,,,,,,,,,,,,,,,,,
,,,,,,,,,,,,,,,,,,,,,,,,,,
,,,,,,,,,,,,,,,,,,,,,,,,,,
,,,,,,,,,,,,,,,,,,,,,,,,,,
,,,,,,,,,,,,,,,,,,,,,,,,,,
,,,,,,,,,,,,,,,,,,,,,,,,,,
,,,,,,,,,,,,,,,,,,,,,,,,,,
,,,,,,,,,,,,,,,,,,,,,,,,,,
,,,,,,,,,,,,,,,,,,,,,,,,,,
,,,,,,,,,,,,,,,,,,,,,,,,,,
,,,,,,,,,,,,,,,,,,,,,,,,,,
,,,,,,,,,,,,,,,,,,,,,,,,,,
,,,,,,,,,,,,,,,,,,,,,,,,,,
,,,,,,,,,,,,,,,,,,,,,,,,,,
,,,,,,,,,,,,,,,,,,,,,,,,,,
,,,,,,,,,,,,,,,,,,,,,,,,,,
,,,,,,,,,,,,,,,,,,,,,,,,,,
,,,,,,,,,,,,,,,,,,,,,,,,,,
,,,,,,,,,,,,,,,,,,,,,,,,,,
,,,,,,,,,,,,,,,,,,,,,,,,,,
,,,,,,,,,,,,,,,,,,,,,,,,,,
,,,,,,,,,,,,,,,,,,,,,,,,,,
,,,,,,,,,,,,,,,,,,,,,,,,,,
,,,,,,,,,,,,,,,,,,,,,,,,,,
,,,,,,,,,,,,,,,,,,,,,,,,,,
,,,,,,,,,,,,,,,,,,,,,,,,,,
,,,,,,,,,,,,,,,,,,,,,,,,,,
,,,,,,,,,,,,,,,,,,,,,,,,,,
,,,,,,,,,,,,,,,,,,,,,,,,,,
,,,,,,,,,,,,,,,,,,,,,,,,,,
,,,,,,,,,,,,,,,,,,,,,,,,,,
,,,,,,,,,,,,,,,,,,,,,,,,,,
,,,,,,,,,,,,,,,,,,,,,,,,,,
,,,,,,,,,,,,,,,,,,,,,,,,,,
,,,,,,,,,,,,,,,,,,,,,,,,,,
,,,,,,,,,,,,,,,,,,,,,,,,,,
,,,,,,,,,,,,,,,,,,,,,,,,,,
,,,,,,,,,,,,,,,,,,,,,,,,,,
,,,,,,,,,,,,,,,,,,,,,,,,,,
,,,,,,,,,,,,,,,,,,,,,,,,,,
,,,,,,,,,,,,,,,,,,,,,,,,,,
,,,,,,,,,,,,,,,,,,,,,,,,,,
,,,,,,,,,,,,,,,,,,,,,,,,,,
,,,,,,,,,,,,,,,,,,,,,,,,,,
,,,,,,,,,,,,,,,,,,,,,,,,,,
,,,,,,,,,,,,,,,,,,,,,,,,,,
,,,,,,,,,,,,,,,,,,,,,,,,,,
,,,,,,,,,,,,,,,,,,,,,,,,,,
,,,,,,,,,,,,,,,,,,,,,,,,,,
,,,,,,,,,,,,,,,,,,,,,,,,,,
,,,,,,,,,,,,,,,,,,,,,,,,,,
,,,,,,,,,,,,,,,,,,,,,,,,,,
,,,,,,,,,,,,,,,,,,,,,,,,,,
,,,,,,,,,,,,,,,,,,,,,,,,,,
,,,,,,,,,,,,,,,,,,,,,,,,,,
,,,,,,,,,,,,,,,,,,,,,,,,,,
,,,,,,,,,,,,,,,,,,,,,,,,,,
,,,,,,,,,,,,,,,,,,,,,,,,,,
,,,,,,,,,,,,,,,,,,,,,,,,,,
,,,,,,,,,,,,,,,,,,,,,,,,,,
,,,,,,,,,,,,,,,,,,,,,,,,,,
,,,,,,,,,,,,,,,,,,,,,,,,,,
,,,,,,,,,,,,,,,,,,,,,,,,,,
,,,,,,,,,,,,,,,,,,,,,,,,,,
,,,,,,,,,,,,,,,,,,,,,,,,,,
,,,,,,,,,,,,,,,,,,,,,,,,,,
,,,,,,,,,,,,,,,,,,,,,,,,,,
,,,,,,,,,,,,,,,,,,,,,,,,,,
,,,,,,,,,,,,,,,,,,,,,,,,,,
,,,,,,,,,,,,,,,,,,,,,,,,,,
,,,,,,,,,,,,,,,,,,,,,,,,,,
,,,,,,,,,,,,,,,,,,,,,,,,,,
,,,,,,,,,,,,,,,,,,,,,,,,,,
,,,,,,,,,,,,,,,,,,,,,,,,,,
,,,,,,,,,,,,,,,,,,,,,,,,,,
,,,,,,,,,,,,,,,,,,,,,,,,,,
,,,,,,,,,,,,,,,,,,,,,,,,,,
,,,,,,,,,,,,,,,,,,,,,,,,,,
,,,,,,,,,,,,,,,,,,,,,,,,,,
,,,,,,,,,,,,,,,,,,,,,,,,,,
,,,,,,,,,,,,,,,,,,,,,,,,,,
,,,,,,,,,,,,,,,,,,,,,,,,,,
,,,,,,,,,,,,,,,,,,,,,,,,,,
,,,,,,,,,,,,,,,,,,,,,,,,,,
,,,,,,,,,,,,,,,,,,,,,,,,,,
,,,,,,,,,,,,,,,,,,,,,,,,,,
,,,,,,,,,,,,,,,,,,,,,,,,,,
,,,,,,,,,,,,,,,,,,,,,,,,,,
,,,,,,,,,,,,,,,,,,,,,,,,,,
,,,,,,,,,,,,,,,,,,,,,,,,,,
,,,,,,,,,,,,,,,,,,,,,,,,,,
,,,,,,,,,,,,,,,,,,,,,,,,,,
,,,,,,,,,,,,,,,,,,,,,,,,,,
,,,,,,,,,,,,,,,,,,,,,,,,,,
,,,,,,,,,,,,,,,,,,,,,,,,,,
,,,,,,,,,,,,,,,,,,,,,,,,,,
,,,,,,,,,,,,,,,,,,,,,,,,,,
,,,,,,,,,,,,,,,,,,,,,,,,,,
,,,,,,,,,,,,,,,,,,,,,,,,,,
,,,,,,,,,,,,,,,,,,,,,,,,,,
,,,,,,,,,,,,,,,,,,,,,,,,,,
,,,,,,,,,,,,,,,,,,,,,,,,,,
,,,,,,,,,,,,,,,,,,,,,,,,,,
,,,,,,,,,,,,,,,,,,,,,,,,,,
,,,,,,,,,,,,,,,,,,,,,,,,,,
,,,,,,,,,,,,,,,,,,,,,,,,,,
,,,,,,,,,,,,,,,,,,,,,,,,,,
,,,,,,,,,,,,,,,,,,,,,,,,,,
,,,,,,,,,,,,,,,,,,,,,,,,,,
,,,,,,,,,,,,,,,,,,,,,,,,,,
,,,,,,,,,,,,,,,,,,,,,,,,,,
,,,,,,,,,,,,,,,,,,,,,,,,,,
,,,,,,,,,,,,,,,,,,,,,,,,,,
,,,,,,,,,,,,,,,,,,,,,,,,,,
,,,,,,,,,,,,,,,,,,,,,,,,,,
,,,,,,,,,,,,,,,,,,,,,,,,,,
,,,,,,,,,,,,,,,,,,,,,,,,,,
,,,,,,,,,,,,,,,,,,,,,,,,,,
,,,,,,,,,,,,,,,,,,,,,,,,,,
,,,,,,,,,,,,,,,,,,,,,,,,,,
,,,,,,,,,,,,,,,,,,,,,,,,,,
,,,,,,,,,,,,,,,,,,,,,,,,,,
,,,,,,,,,,,,,,,,,,,,,,,,,,
,,,,,,,,,,,,,,,,,,,,,,,,,,
,,,,,,,,,,,,,,,,,,,,,,,,,,
,,,,,,,,,,,,,,,,,,,,,,,,,,
,,,,,,,,,,,,,,,,,,,,,,,,,,
,,,,,,,,,,,,,,,,,,,,,,,,,,
,,,,,,,,,,,,,,,,,,,,,,,,,,
,,,,,,,,,,,,,,,,,,,,,,,,,,
,,,,,,,,,,,,,,,,,,,,,,,,,,
,,,,,,,,,,,,,,,,,,,,,,,,,,
,,,,,,,,,,,,,,,,,,,,,,,,,,
,,,,,,,,,,,,,,,,,,,,,,,,,,
,,,,,,,,,,,,,,,,,,,,,,,,,,
,,,,,,,,,,,,,,,,,,,,,,,,,,
,,,,,,,,,,,,,,,,,,,,,,,,,,
,,,,,,,,,,,,,,,,,,,,,,,,,,
,,,,,,,,,,,,,,,,,,,,,,,,,,
,,,,,,,,,,,,,,,,,,,,,,,,,,
,,,,,,,,,,,,,,,,,,,,,,,,,,
,,,,,,,,,,,,,,,,,,,,,,,,,,
,,,,,,,,,,,,,,,,,,,,,,,,,,
,,,,,,,,,,,,,,,,,,,,,,,,,,
,,,,,,,,,,,,,,,,,,,,,,,,,,
,,,,,,,,,,,,,,,,,,,,,,,,,,
,,,,,,,,,,,,,,,,,,,,,,,,,,
,,,,,,,,,,,,,,,,,,,,,,,,,,
,,,,,,,,,,,,,,,,,,,,,,,,,,
,,,,,,,,,,,,,,,,,,,,,,,,,,
,,,,,,,,,,,,,,,,,,,,,,,,,,
,,,,,,,,,,,,,,,,,,,,,,,,,,
,,,,,,,,,,,,,,,,,,,,,,,,,,
,,,,,,,,,,,,,,,,,,,,,,,,,,
,,,,,,,,,,,,,,,,,,,,,,,,,,
,,,,,,,,,,,,,,,,,,,,,,,,,,
,,,,,,,,,,,,,,,,,,,,,,,,,,
,,,,,,,,,,,,,,,,,,,,,,,,,,
,,,,,,,,,,,,,,,,,,,,,,,,,,
,,,,,,,,,,,,,,,,,,,,,,,,,,
,,,,,,,,,,,,,,,,,,,,,,,,,,
,,,,,,,,,,,,,,,,,,,,,,,,,,
,,,,,,,,,,,,,,,,,,,,,,,,,,
,,,,,,,,,,,,,,,,,,,,,,,,,,
,,,,,,,,,,,,,,,,,,,,,,,,,,
,,,,,,,,,,,,,,,,,,,,,,,,,,
,,,,,,,,,,,,,,,,,,,,,,,,,,
,,,,,,,,,,,,,,,,,,,,,,,,,,
,,,,,,,,,,,,,,,,,,,,,,,,,,
,,,,,,,,,,,,,,,,,,,,,,,,,,
,,,,,,,,,,,,,,,,,,,,,,,,,,
,,,,,,,,,,,,,,,,,,,,,,,,,,
,,,,,,,,,,,,,,,,,,,,,,,,,,
,,,,,,,,,,,,,,,,,,,,,,,,,,
,,,,,,,,,,,,,,,,,,,,,,,,,,
,,,,,,,,,,,,,,,,,,,,,,,,,,
,,,,,,,,,,,,,,,,,,,,,,,,,,
,,,,,,,,,,,,,,,,,,,,,,,,,,
,,,,,,,,,,,,,,,,,,,,,,,,,,
,,,,,,,,,,,,,,,,,,,,,,,,,,
,,,,,,,,,,,,,,,,,,,,,,,,,,
,,,,,,,,,,,,,,,,,,,,,,,,,,
,,,,,,,,,,,,,,,,,,,,,,,,,,
,,,,,,,,,,,,,,,,,,,,,,,,,,
,,,,,,,,,,,,,,,,,,,,,,,,,,
,,,,,,,,,,,,,,,,,,,,,,,,,,
,,,,,,,,,,,,,,,,,,,,,,,,,,
,,,,,,,,,,,,,,,,,,,,,,,,,,
,,,,,,,,,,,,,,,,,,,,,,,,,,
,,,,,,,,,,,,,,,,,,,,,,,,,,
,,,,,,,,,,,,,,,,,,,,,,,,,,
,,,,,,,,,,,,,,,,,,,,,,,,,,
,,,,,,,,,,,,,,,,,,,,,,,,,,
,,,,,,,,,,,,,,,,,,,,,,,,,,
,,,,,,,,,,,,,,,,,,,,,,,,,,
,,,,,,,,,,,,,,,,,,,,,,,,,,
,,,,,,,,,,,,,,,,,,,,,,,,,,
,,,,,,,,,,,,,,,,,,,,,,,,,,
,,,,,,,,,,,,,,,,,,,,,,,,,,
,,,,,,,,,,,,,,,,,,,,,,,,,,
,,,,,,,,,,,,,,,,,,,,,,,,,,
,,,,,,,,,,,,,,,,,,,,,,,,,,
,,,,,,,,,,,,,,,,,,,,,,,,,,
,,,,,,,,,,,,,,,,,,,,,,,,,,
,,,,,,,,,,,,,,,,,,,,,,,,,,
,,,,,,,,,,,,,,,,,,,,,,,,,,
,,,,,,,,,,,,,,,,,,,,,,,,,,
,,,,,,,,,,,,,,,,,,,,,,,,,,
,,,,,,,,,,,,,,,,,,,,,,,,,,
,,,,,,,,,,,,,,,,,,,,,,,,,,
,,,,,,,,,,,,,,,,,,,,,,,,,,
,,,,,,,,,,,,,,,,,,,,,,,,,,
,,,,,,,,,,,,,,,,,,,,,,,,,,
,,,,,,,,,,,,,,,,,,,,,,,,,,
,,,,,,,,,,,,,,,,,,,,,,,,,,
,,,,,,,,,,,,,,,,,,,,,,,,,,
,,,,,,,,,,,,,,,,,,,,,,,,,,
,,,,,,,,,,,,,,,,,,,,,,,,,,
,,,,,,,,,,,,,,,,,,,,,,,,,,
,,,,,,,,,,,,,,,,,,,,,,,,,,
,,,,,,,,,,,,,,,,,,,,,,,,,,
,,,,,,,,,,,,,,,,,,,,,,,,,,
,,,,,,,,,,,,,,,,,,,,,,,,,,
,,,,,,,,,,,,,,,,,,,,,,,,,,
