Species,Endo.vs..Ecto,Mass..kg.,Dive.duration..min.,Maximum.dive.duration..min.,Temperature,Remarks,Literature.source,selected,Treenames
Acrochordus arafurae,Ectotherm,2.000000000000000000,5.7,153.7,26,,"Pratt KL, Campbell HA, Watts ME, and Franklin CE. 2010. Environmental and ecological factors influencing dive behaviour in the freshwater snake Acrochordus arafurae: a field-based telemetric study. Marine and Freshwater Research 61:560-567.",1,Acrochordus_arafurae
Acrochordus granulatus,Ectotherm,0.326000000000000000,48.1,116.9,26.1,,"Heatwole, H. & R.S. Seymour (1975) Diving physiology. Chapter 15, p. 289-327. In: W. A. Dunson (ed.) The Biology of Sea Snakes. University Park Press, Baltimore. 530pp.",1,Acrochordus_granulatus
Acrochordus javanicus,Ectotherm,0.994500000000000000,22.5,32,21,"day, resting","Pough FH. 1973. Heart rate, breathing and voluntary diving of the elephant trunk snake, Acrochordus javanicus. Comp. Biochem. Physiol. 44(A), 183-189.",1,Acrochordus_javanicus
Aechmophorus occidentalis,Endotherm,0.900000000000000000,0.627,1.183333333,38.5,"temperature value from: Clarke A, and Rothery P. 2008. Scaling of body temperature in mammals and birds. Functional Ecology 22:58-67. ","Forbes, S.L. & S.G. Sealy (1988) Diving behaviour of male and female western grebes. Can. J. Zool. 66: 2695-2498.",1,Aechmophorus_occidentalis
Aipysurus duboisii,Ectotherm,0.355000000000000000,16.31,45.76,26.1,,"Heatwole, H. & R.S. Seymour (1975) Diving physiology. Chapter 15, p. 289-327. In: W. A. Dunson (ed.) The Biology of Sea Snakes. University Park Press, Baltimore. 530pp.",1,Aipysurus_duboisii
Aipysurus laevis,Ectotherm,0.533000000000000000,53.8,70,20,,"Heatwole, H. 1975. Voluntary submergence times of marine snakes. Mar. Biol. 32: 205-213.",1,Aipysurus_laevis
Aligator mississipiensis,Ectotherm,2.170000000000000000,3.6,23,23,Captivity,"Eme, J., J. Gwalthney, J.M. Blank, T. Owerkowicz, G. Barron & J.W. Hicks (2009) Surgical removal of right-to-left cardiac shunt in the American alligator (Alligator mississippiensis) causes ventricular enlargement but does not alter apnoea or metabolism during diving. J. Exp. Biol. 212: 3553-3563.",1,Aligator_mississipiensis
Alle alle,Endotherm,0.149000000000000000,0.868,1.5,40.1,"temperature value from: Gabrielsen, G. W., Taylor, J. R., Konarzewski, M., & Mehlum, F. (1991). Field and laboratory metabolism and thermoregulation in dovekies (Alle alle). The Auk, 108(1), 71-78.","Harding, A.M.A., C. Egevang, W. Walkusz, F. Merkel, S. Blanc & D. GrÇmillet (2009a) Estimating prey capture rates of a planktivorous seabird, the little auk (Alle alle), using diet, diving behaviour, and energy consumption. Polar Biol. 32: 785-796.",1,Alle_alle
Amblyrhynchus cristatus,Ectotherm,1.006000000000000000,NA,50,25.5,,"Bartholomew GA, and Lasiewski RC. 1965. Heating and cooling rates, heart rate and simulated diving in the Galapagos marine iguana. Comparative Biochemistry and Physiology 16:573-582.",1,Amblyrhynchus_cristatus
Anhinga melanogaster,Endotherm,1.400000000000000000,0.745,1.8,40.9,temperature taken to be similar to that for Anhinga anhinga,"Ryan, P. (2007) Diving in shallow water: the foraging ecology of darters (Aves: Anhingidae). J. Avian Biol. 38: 507-514.",1,Anhinga_melanogaster
Anisops deanei,Ectotherm,0.000012430000000000,5.583,5.583333333,10,,"Matthews, P.G.D., & Seymour, R.S. (2008) Haemoglobin as a buoyancy regulator and oxygen supply in the backswimmer (Notonectidae, Anisops). Journal of Experimental Biology 211: 3790-3799; doi: 10.1242/jeb.018721
",1,Anisops_deanei
Aptenodytes forsteri,Endotherm,23.600000000000000000,4.1,21.3,36.1,"temperature value from: Clarke A, and Rothery P. 2008. Scaling of body temperature in mammals and birds. Functional Ecology 22:58-67. ","Wienecke, B.C. & G. Robertson (1997) Foraging space of emperor penguins Aptenodytes forsteri in Antarctic shelf waters in winter. Mar. Ecol. Prog. Ser. 159: 249-263.",1,Aptenodytes_forsteri
Aptenodytes patagonicus,Endotherm,12.000000000000000000,NA,8.7,36.1,temperature taken to be similar to that for Aptenodytes forsteri,"Moore, G.J., B. Wienecke & G. Robertson (1999) Seasonal change in foraging area and dive depths of breeding king penguins at Heard Island. Polar Biol. 21: 376-384.",1,Aptenodytes_patagonicus
Arctocephalus australis,Endotherm,35.000000000000000000,2.8,7.1,37.7,temperature taken to be similar to that for Arctocephalus galapagoensis,"Trillmich, F., G.L. Kooyman, P. Majluf & M. Sanchez-Gri§an (1986) Attendance and Diving Behavior of South American Fur Seals during El Ni§o in 1983. p. 154-167. In: R.L. Gentry & G.L. Kooyman (eds.) Fur Seals: Maternal Strategies on Land and at Sea. Princeton University Press, New Jersey. 291pp.",1,Arctocephalus_australis
Arctocephalus forsteri Female,Endotherm,41.000000000000000000,2.91,9.83,37.7,temperature taken to be similar to that for Arctocephalus galapagoensis,"Mattlin, R.H., N.J. Gales & D.P. Costa (1998) Seasonal dive behaviour of lactating New Zealand fur seals (Arctocephalus forsteri). Can. J. Zool. 76: 350-360.",1,Arctocephalus_forsteri
Arctocephalus galapagoensis Females,Endotherm,28.830000000000000000,4.2,7.7,37.7,"temperature value from: Limberger, D., Trillmich, F., Biebach, H., & Stevenson, R. D. (1986). Temperature regulation and microhabitat choice by free-ranging Galapagos fur seal pups (Arctocephalus galapagoensis). Oecologia, 69(1), 53-59.","Kooyman, G.L. & F. Trillmich (1986) Diving Behavior of Galapagos Fur Seals. p. 186-195. In: R.L. Gentry & G.L. Kooyman (eds.) Fur Seals: Maternal Strategies on Land and at Sea. Princeton University Press, New Jersey. 291pp. ",1,Arctocephalus_galapagoensis
Arctocephalus gazella Female,Endotherm,37.000000000000000000,1,10,37.7,temperature taken to be similar to that for Arctocephalus galapagoensis,"Boyd, I.L. & J.P. Croxall (1992) Diving behaviour of lactating Antarctic fur seals. Can. J. Zool. 70: 919?928.",1,Arctocephalus_gazella
Arctocephalus philippi Female,Endotherm,50.000000000000000000,0.81,3.7,37.7,temperature taken to be similar to that for Arctocephalus galapagoensis,"Francis, J., D. Boness & H. Ochoa-Acuna (1998) A protracted foraging and attendance cycle in female Juan Fernandez fur seals. Mar. Mammal Sci. 14: 552-574.",1,Arctocephalus_philippii
Arctocephalus pusillus Female,Endotherm,73.500000000000000000,2.2,8.1,37.7,temperature taken to be similar to that for Arctocephalus galapagoensis,"Arnould, J.P.Y. & M.A. Hindell (2001) Dive behaviour, foraging locations, and maternal attendance patterns of Australian fur seals (Arctocephalus pusillus doriferus). Can. J.  Zool. 79: 35?48.",1,Arctocephalus_pusillus
Arctocephalus townsendi Female,Endotherm,49.000000000000000000,2.5,5,37.7,temperature taken to be similar to that for Arctocephalus galapagoensis,"Lander, M.E., F.M.D. Gulland & R.L. DeLong (2000) Satellite tracking a rehabilitated Guadalupe fur seal (Arctocephalus townsendi). Aquatic Mammals 26: 137-142.",1,Arctocephalus_townsendi
Arctocephalus tropicalis Females,Endotherm,53.500000000000000000,1.067,5.666666667,37.7,temperature taken to be similar to that for Arctocephalus galapagoensis,"Georges, J.-Y., Y. Tremblay & C. Guinet (2000) Seasonal diving behaviour in lactating subantarctic fur seals on Amsterdam Island. Polar Biol. 23: 59-69.",1,Arctocephalus_tropicalis
Aythya ferina,Endotherm,1.000000000000000000,0.14,0.271666667,42.25,temperature taken to be similar to that for Aythya genus,"Butler, P.J. & A.J.  Woakes (1979) Changes in heart rate and respiratory frequency during natural behaviour of ducks, with particular reference to diving. J. Exp. Biol. 79: 283-300.",1,Aythya_ferina
Aythya fuligula,Endotherm,0.607000000000000000,0.322,0.566666667,42.25,temperature taken to be similar to that for Aythya genus,"Butler, P.J. & A.J. Woakes (1982) Control of heart rate by carotid body chemoreceptors during diving in tufted ducks. J. Appl. Phys. 53: 1405-1410.",1,Aythya_fuligula
Aythya marila,Endotherm,1.100000000000000000,0.335,0.541666667,42.25,temperature taken to be similar to that for Aythya genus,"Halsey, L.G., P.J. Butler & T.M. Blackburn (2006) A phylogenetic analysis of the allometry of diving. Am. Nat. 167: 276-287.",1,Aythya_marila
Aythya valisineria,Endotherm,1.238000000000000000,NA,0.396666667,42.25,temperature taken to be similar to that for Aythya genus,"Lovvorn, J.R. & D.R. JONES (1991) Effects of body size, body fat and change in pressure with depth on buoyancy and costs of diving in ducks. Can. J. Zool. 69: 2879-2887.; Schreer, J.F. & K.M. Kovacs (1997) Allometry of diving capacity in air-breathing vertebrates. Can. J. Zool. 75: 339-358.",1,Aythya_valisineria
Balaena mysticetus,Endotherm,79400.000000000000000000,1.4,63,33.8,"temperature from: Craighead, GJ (2009) Growth, Morphology And Energetics Of Bowhead Whales (Balaena Mysticetus). Dissertation  University of Alaska Fairbanks","Krutzikowsky, G.K. & B. Mate (2000) Dive and surfacing characteristics of bowhead whales Balaena mysticetus in the Beaufort and Chukchi seas. Can. J. Zool. 78: 1182-1198.",1,Balaena_mysticetus
Balaenoptera acutorostrata,Endotherm,7000.000000000000000000,1.102,13.43333333,34.7,"temperature from: Folkow, L. P., & Blix, A. S. (1992). Metabolic rates of minke whales (Balaenoptera acutorostrata) in cold water. Acta physiologica Scandinavica, 146(1), 141-150.","Stockin, K., R. Fairbairns, E. Parsons & D. Sims (2001) Effects of diel and seasonal cycles on the dive duration of the minke whale (Balaenoptera acutorostrata). J. Mar. Biol. Assoc. U.K. 81: 189-190.",1,Balaenoptera_acutorostrata
Balaenoptera borealis,Endotherm,23600.000000000000000000,7.5,15,36.6,temperature taken to be similar to that for Balaenoptera physalus,"Halsey, L.G., P.J. Butler & T.M. Blackburn (2006) A phylogenetic analysis of the allometry of diving. Am. Nat. 167: 276-287.",1,Balaenoptera_borealis
Balaenoptera edeni,Endotherm,20400.000000000000000000,NA,20,36.6,temperature taken to be similar to that for Balaenoptera physalus,"Halsey, L.G., P.J. Butler & T.M. Blackburn (2006) A phylogenetic analysis of the allometry of diving. Am. Nat. 167: 276-287.",1,Balaenoptera_edeni
Balaenoptera musculus,Endotherm,92671.000000000000000000,6.222,26.95,35.7,"temperature taken from: Morrison, P. (1962). Body temperatures in some Australian mammals. III. Cetacea (Megaptera). The Biological Bulletin, 123(1), 154-169.","Donovan, G.P. (1984) Blue whales off Peru, December 1982, with special reference to pygmy blue whales. Report of the International Whaling Commission 34: 473?476.",1,Balaenoptera_musculus
Balaenoptera physalus,Endotherm,52584.000000000000000000,2.892,20.2,36.6,"temperature value from: Clarke A, and Rothery P. 2008. Scaling of body temperature in mammals and birds. Functional Ecology 22:58-67. ","Kopelman, A.H. & S.S. Sadove (1995) Ventilatory rate differences between surface-feeding and non-surface-feeding fin whales (Balaenoptera physalus) in the waters off eastern Long Island, New York, U.S.A., 1981-1987. Mar. Mammal Sci. 11: 200-208.",1,Balaenoptera_physalus
Berardius arnuxii,Endotherm,9000.000000000000000000,46.4,153,36.12142857, temperature taken to be similar to the mean body temperature of Odontoceti,"Hobson, R.P. & A.R. Martin (1996) Behaviour and dive times of Arnoux?s beaked whales, Berardius arnuxii, at narrow leads in fast ice. Can. J. Zool. 74: 388-393.",1,Berardius_arnuxii
Berardius bairdii,Endotherm,11000.000000000000000000,19.8,67,36.12142857, temperature taken to be similar to the mean body temperature of Odontoceti,"Kasuya, T. (1986) Distribution and behavior of Baird's Beaked whales off the Pacific coast of Japan. Report of the International Whaling Commission 37: 61-83.",1,Berardius_bairdii
Brachyramphus marmoratus,Endotherm,0.216000000000000000,0.733,1.916666667,40.2, temperature taken to be similar to the mean body temperature of Alcidae,"Thoresen, A.C. (1989) Diving times and behavior of Pigeon guillemots and marbled murrelets off Rosario, Washington. Western Birds 20: 33-37.",1,Brachyramphus_marmoratus
Bucephala clangula,Endotherm,1.000000000000000000,0.2358,0.341666667,41.5,"temperature value from: Clarke A, and Rothery P. 2008. Scaling of body temperature in mammals and birds. Functional Ecology 22:58-67. ","Heintzelman, D.S. (1963) Diving Times of a Common Goldeneye. The Wilson Bulletin 75: 91.",1,Bucephala_clangula
Bucephala islandica,Endotherm,1.000000000000000000,0.39,0.583333333,41.5,temperature taken to be similar to that for Bucephala clangula,"Halsey, L.G., P.J. Butler & T.M. Blackburn (2006) A phylogenetic analysis of the allometry of diving. Am. Nat. 167: 276-287.",1,Bucephala_islandica
Callorhinus ursinus Juveniles Males,Endotherm,59.500000000000000000,1.77,9.25,37.5,"Temperature taken from: Trites, A. W. (1990). Thermal budgets and climate spaces: the impact of weather on the survival of Galapagos (Arctocephalus galapagoensis Heller) and northern fur seal pups (Callorhinus ursinus L.). Functional ecology, 753-768.","Sterling, J.T. & R.R. Ream (2004) At-sea behavior of juvenile male northern fur seals (Callorhinus ursinus). Can. J. Zool. 82: 1621-1637.",1,Callorhinus_ursinus
Caretta caretta,Ectotherm,42.130000000000000000,NA,331,15.6,,"Hochscheid S, Overwintering behaviour in sea turtles: dormancy is optional. Marine Ecology Progress Series 340:287-298. ",1,Caretta_caretta
Cepphus columba,Endotherm,0.500000000000000000,1.45,2.216666667,40.4,temperature taken to be similar to that for Cephus grille data,"Clowater, J.S. & A.E. Burger (1994) The diving behaviour of Pigeon Guillemots (Cepphus columba) off southern Vancouver Island. Can. J. Zool. 72: 863-872.",1,Cepphus_columba
Cepphus grylle,Endotherm,0.400000000000000000,1.217,2.45,40.4,"temperature value from: Clarke A, and Rothery P. 2008. Scaling of body temperature in mammals and birds. Functional Ecology 22:58-67. ","Cairns, D.K. (1992) Diving Behavior of Black Guillemots in Northeastern Hudson Bay. Colonial Waterbirds 15: 245-248.",1,Cepphus_grylle
Cerorhinca monocerata,Endotherm,0.545500000000000000,0.712,2.183333333,40.2, temperature taken to be similar to the mean body temperature of Alcidae,"Kato, A., Y. Watanuki & Y. Naito (2003) Foraging behaviour of chick-rearing rhinoceros auklets Cerorhinca monocerata at Teuri Island, Japan, determined by acceleration-depth recording micro data loggers. J. Avian Biol. 34: 282-287.",1,Cerorhinca_monocerata
Chelonia mydas,Ectotherm,110.500000000000000000,9.5,89.2,29.3,summer,"Ballorain, K. (2010) Ecologie trophique de la tortue verte Chelonia mydas dans les herbiers marins et algueraies du sud-ouest de l'ocÇan Indien. Doctoral thesis, Department of Marine Biology, University of Strasbourg, France. 286pp.",1,Chelonia_mydas
Chrysemys picta bellii,Ectotherm,0.600000000000000000,9,60,10,,"Glass M.L., Boutilier, R.G., Heisler N., 1983. Ventilatory Control of Arterial in the Turtle Chrysemys picta bellii :
Effects of Temperature and Hypoxia. Journal of Comparative Physiology 151: 145-153.",1,Chrysemys_picta
Clangula hyemalis,Endotherm,0.900000000000000000,0.72,0.918333333,41.42, temperature taken to be similar to the mean body temperature of Merginae,"Halsey, L.G., P.J. Butler & T.M. Blackburn (2006) A phylogenetic analysis of the allometry of diving. Am. Nat. 167: 276-287.",1,Clangula_hyemalis
Condylura cristata,Endotherm,0.051480000000000000,0.1533,0.783333333,37.7,"temperature value from: Clarke A, and Rothery P. 2008. Scaling of body temperature in mammals and birds. Functional Ecology 22:58-67. ","McIntyre, I.W., K.L. Campbell & R.A. MacArthur (2002) Body oxygen stores, aerobic dive limits and diving behaviour of the star-nosed mole (Condylura cristata) and comparisons with non-aquatic talpids. J. Exp. Biol. 205: 45-54.",1,Condylura_cristata
Crocodylus johnstoni,Ectotherm,5.060000000000000000,NA,344.5,23.5,,"Campbell HA, Sullivan S, Read MA, Gordos MA, and Franklin CE. 2010. Ecological and physiological determinants of dive duration in the freshwater crocodile. Functional Ecology 24:103-111.",1,Crocodylus_johnstoni
Crocodylus porosus,Ectotherm,9.750000000000000000,2.7,30,25," temperature from Hayward et al (2016) PeerJ 4, e2569","Grigg GC, Farwell W, Kinney J, Harlow P, Taplin L, Johansen K, and Johansen K. 1985. Diving and Amphibious Behaviour In Free-Living Crocodylus porosus. The Australian Zoologist 21:599-605. ",1,Crocodylus_porosus
Cystophora cristata,Endotherm,185.500000000000000000,16.563,52,37.6,Temperature taken from: Kovacs KM and Lavigne DM. 1986. Cystophora cristata. Mammalian species 258:1-9,"Folkow, L.P. & A.S. Blix (1999) Diving behaviour of hooded seals (Cystophora cristata) in the Greenland and Norwegian Seas. Polar Biol. 22: 61-74. ",1,Cystophora_cristata
Delphinapterus leucas,Endotherm,660.000000000000000000,13.3,22.9,35.4,"Temperature taken from:  KATSUMATA, E., FURUTA, C., KATSUMATA, H., WATANABE, G., & TAYA, K. (2005). Basal body temperature method for detecting ovarian cycle in the captive beluga (Delphinapterus leucas). Journal of Reproduction and Development, 0511010031-0511010031.","Martin, A.R. & T.G. Smith (1999) Strategy and capability of wild belugas, Delphinapterus leucas, during deep, benthic diving. Can. J. Zool. 77: 1783-1793.",1,Delphinapterus_leucas
Dermochelys coriacea,Ectotherm,432.787914200000000000,22.3,86.5,23,T1,"L¢pez-Mendilaharsu, M., C.F.D. Rocha, P. Miller, A. Domingo & L. Prosdocimi (2009) Insights on leatherback turtle movements and high use areas in the Southwest Atlantic Ocean. J. Exp. Mar. Biol. Ecol. 378: 31-39.",1,Dermochelys_coriacea
Deronectes algibensis,Ectotherm,0.000006100000000000,1.525,5.806666667,14.5,,"Calosi P, Bilton DT, Spicer JI, Verberk WCEP, Atfield A & Garland T Jr (2012) The comparative biology of diving in two genera of European Dytiscidae (Coleoptera). Journal of Evolutionary Biology 25: 329-341.(doi:10.1111/j.1420-9101.2011.02423.x)",1,Deronectes_algibensis
Deronectes angusi,Ectotherm,0.000007940000000000,3.769,14.96666667,20.5,,"Calosi P, Bilton DT, Spicer JI, Verberk WCEP, Atfield A & Garland T Jr (2012) The comparative biology of diving in two genera of European Dytiscidae (Coleoptera). Journal of Evolutionary Biology 25: 329-341.(doi:10.1111/j.1420-9101.2011.02423.x)",1,Deronectes_angusi
Deronectes aubei,Ectotherm,0.000006014290000000,0.763,1.583333333,20.5,,"Calosi P, Bilton DT, Spicer JI, Verberk WCEP, Atfield A & Garland T Jr (2012) The comparative biology of diving in two genera of European Dytiscidae (Coleoptera). Journal of Evolutionary Biology 25: 329-341.(doi:10.1111/j.1420-9101.2011.02423.x)",1,Deronectes_aubei
Deronectes bicostatus,Ectotherm,0.000006021740000000,1.776,12.45,14.5,,"Calosi P, Bilton DT, Spicer JI, Verberk WCEP, Atfield A & Garland T Jr (2012) The comparative biology of diving in two genera of European Dytiscidae (Coleoptera). Journal of Evolutionary Biology 25: 329-341.(doi:10.1111/j.1420-9101.2011.02423.x)",1,Deronectes_bicostatus
Deronectes brannanii,Ectotherm,0.000008937500000000,1.707,6.766666667,20.5,,"Calosi P, Bilton DT, Spicer JI, Verberk WCEP, Atfield A & Garland T Jr (2012) The comparative biology of diving in two genera of European Dytiscidae (Coleoptera). Journal of Evolutionary Biology 25: 329-341.(doi:10.1111/j.1420-9101.2011.02423.x)",1,Deronectes_brannanii
Deronectes depressicollis,Ectotherm,0.000009083330000000,3.343,10.79166667,14.5,,"Calosi P, Bilton DT, Spicer JI, Verberk WCEP, Atfield A & Garland T Jr (2012) The comparative biology of diving in two genera of European Dytiscidae (Coleoptera). Journal of Evolutionary Biology 25: 329-341.(doi:10.1111/j.1420-9101.2011.02423.x)",1,Deronectes_depressicollis
Deronectes fairmairei,Ectotherm,0.000006404170000000,2.837,6.075,14.5,,"Calosi P, Bilton DT, Spicer JI, Verberk WCEP, Atfield A & Garland T Jr (2012) The comparative biology of diving in two genera of European Dytiscidae (Coleoptera). Journal of Evolutionary Biology 25: 329-341.(doi:10.1111/j.1420-9101.2011.02423.x)",1,Deronectes_fairmairei
Deronectes hispanicus,Ectotherm,0.000006748480000000,1.488,8.691666667,20.5,,"Calosi P, Bilton DT, Spicer JI, Verberk WCEP, Atfield A & Garland T Jr (2012) The comparative biology of diving in two genera of European Dytiscidae (Coleoptera). Journal of Evolutionary Biology 25: 329-341.(doi:10.1111/j.1420-9101.2011.02423.x)",1,Deronectes_hispanicus
Deronectes lareynii,Ectotherm,0.000007050000000000,5.152,30.85,14.5,,"Calosi P, Bilton DT, Spicer JI, Verberk WCEP, Atfield A & Garland T Jr (2012) The comparative biology of diving in two genera of European Dytiscidae (Coleoptera). Journal of Evolutionary Biology 25: 329-341.(doi:10.1111/j.1420-9101.2011.02423.x)",1,Deronectes_lareynii
Deronectes latus,Ectotherm,0.000008237500000000,5.946,55.35,20.5,,"Calosi P, Bilton DT, Spicer JI, Verberk WCEP, Atfield A & Garland T Jr (2012) The comparative biology of diving in two genera of European Dytiscidae (Coleoptera). Journal of Evolutionary Biology 25: 329-341.(doi:10.1111/j.1420-9101.2011.02423.x)",1,Deronectes_latus
Deronectes mazzoldi,Ectotherm,0.000009762070000000,4.262,19.79166667,20.5,,"Calosi P, Bilton DT, Spicer JI, Verberk WCEP, Atfield A & Garland T Jr (2012) The comparative biology of diving in two genera of European Dytiscidae (Coleoptera). Journal of Evolutionary Biology 25: 329-341.(doi:10.1111/j.1420-9101.2011.02423.x)",1,Deronectes_mazzoldi
Deronectes moestus,Ectotherm,0.000006533330000000,7.007,28,14.5,,"Calosi P, Bilton DT, Spicer JI, Verberk WCEP, Atfield A & Garland T Jr (2012) The comparative biology of diving in two genera of European Dytiscidae (Coleoptera). Journal of Evolutionary Biology 25: 329-341.(doi:10.1111/j.1420-9101.2011.02423.x)",1,Deronectes_moestus
Deronectes opatrinus,Ectotherm,0.000010850000000000,4.143,17.11666667,14.5,,"Calosi P, Bilton DT, Spicer JI, Verberk WCEP, Atfield A & Garland T Jr (2012) The comparative biology of diving in two genera of European Dytiscidae (Coleoptera). Journal of Evolutionary Biology 25: 329-341.(doi:10.1111/j.1420-9101.2011.02423.x)",1,Deronectes_opatrinus
Deronectes platynotus,Ectotherm,0.000009124440000000,1.206,4.408333333,20.5,,"Calosi P, Bilton DT, Spicer JI, Verberk WCEP, Atfield A & Garland T Jr (2012) The comparative biology of diving in two genera of European Dytiscidae (Coleoptera). Journal of Evolutionary Biology 25: 329-341.(doi:10.1111/j.1420-9101.2011.02423.x)",1,Deronectes_platynotus
Deronectes semirufus,Ectotherm,0.000009046150000000,4.381,18.25,20.5,,"Calosi P, Bilton DT, Spicer JI, Verberk WCEP, Atfield A & Garland T Jr (2012) The comparative biology of diving in two genera of European Dytiscidae (Coleoptera). Journal of Evolutionary Biology 25: 329-341.(doi:10.1111/j.1420-9101.2011.02423.x)",1,Deronectes_semirufus
Deronectes wewalkai,Ectotherm,0.000007364860000000,2.655,8.8,14.5,,"Calosi P, Bilton DT, Spicer JI, Verberk WCEP, Atfield A & Garland T Jr (2012) The comparative biology of diving in two genera of European Dytiscidae (Coleoptera). Journal of Evolutionary Biology 25: 329-341.(doi:10.1111/j.1420-9101.2011.02423.x)",1,Deronectes_wewalkai
Diomedea chrysostoma,Endotherm,3.500000000000000000,0.06,0.233333333,39.6,temperature taken to be similar to that for Diomedea exulans,"Huin, N. & P.A. Prince (1997) Diving behaviour of the grey-headed albatross. Antarct. Sci. 9: 243-249.",1,Diomedea_chrysostoma
Diomedea melanophrys,Endotherm,4.000000000000000000,0.0517,0.183333333,39.3,"temperature from: Bevan R, Boyd I, Butler P, Reid K, Woakes A, and Croxall J. 1997. Heart rates and abdominal temperatures of free-ranging South Georgian shags, Phalacrocorax georgianus. Journal of Experimental Biology 200:661-675.","Sakamoto, K.Q., A. Takahashi, T. Iwata & P.N. Trathan (2009) From the Eye of the Albatrosses: A Bird-Borne Camera Shows an Association between Albatrosses and a Killer Whale in the Southern Ocean. PLoS ONE 4: e7322. doi:10.1371/journal.pone.0007322",1,Diomedea_melanophrys
Dugong dugon,Endotherm,475.000000000000000000,2.9,12.3,31.4,"Temperature taken from: Suprayogi et al. 2011. Physiological values of electrocardiogram, heart rate, respiration rate and body temperature of Dugong dugon. Asian Association of Veterinary School","Chilvers, B.L., S. Delean, N.J. Gales, D.K. Holley, I.R. Lawler, H. Marsh & A.R. Preen (2004) Diving behaviour of dugongs, Dugong dugon. J. Exp. Mar. Biol. Ecol. 304: 203-224.",1,Dugong_dugon
Elusor macrurus,Ectotherm,0.012460000000000000,15.43,50.7,23,Captivity; tested under aquatic normoxia,"Clark NJ, Gordos MA, Franklin CE (2009) Implications of river damming: the influence of aquatic hypoxia on the diving physiology and behaviour of the endangered Mary River turtle. Anim Conserv 12:147—154",1,Elusor_macrurus
Emydocephalus annulatus,Ectotherm,0.141000000000000000,42.75,83.42,22,,"Heatwole, H. 1975. Voluntary submergence times of marine snakes. Mar. Biol. 32: 205-213.",1,Emydocephalus_annulatus
Emydura macquarii,Ectotherm,1.900000000000000000,9.6,85.2,25.9,,"Gordos M, and Franklin CE. 2002. Diving behaviour of two Australian bimodally respiring turtles, Rheodytes leukops and Emydura macquarii, in a natural setting. Journal of Zoology 258:335-342. 10.1017/s0952836902001474",1,Emydura_macquarii
Enhydra lutris,Endotherm,50.000000000000000000,NA,7.03333333,38.5,,"Estes JA, Bodkin JL, Ben-David M (2009) Otters, marine. In: Perrin
WF, Wtö rsig B, Thewissen JGM (eds) Encyclopedia of marine
mammals, 2nd edn. Elsevier, San Diego, pp 807—816",1,Enhydra_lutris
Eretmochelys imbricata,Ectotherm,77.000000000000000000,95.51,95.5,25.5,day,"Storch, S., R.P. Wilson, Z.M. Hillis-Starr & D. Adelung (2005) Cold-blooded divers: temperature-dependent dive performance in the wild hawksbill turtle Eretmochelys imbricata. Mar. Ecol. Progr. Ser. 293: 263-271.",1,Eretmochelys_imbricata
Erignathus barbatus females,Endotherm,283.000000000000000000,NA,25,37.2,"temperature value from: Clarke A, and Rothery P. 2008. Scaling of body temperature in mammals and birds. Functional Ecology 22:58-67. ","Gjertz, I., K.M. Kovacs, C. Lydersen &  ù. Wiig (2000) Movement and diving of bearded seals (Erignathus barbatus) mothers and pups during lactation and post-weaning. Polar Biol. 23: 559-566.",1,Erignathus_barbatus
Eschrichtus robustus,Endotherm,31800.000000000000000000,2.655,11.46666667,36.5,"temperature value from: Morrison, P. (1962). Body temperatures in some Australian mammals. III. Cetacea (Megaptera). The Biological Bulletin, 123(1), 154-169.","Halsey, L.G., P.J. Butler & T.M. Blackburn (2006) A phylogenetic analysis of the allometry of diving. Am. Nat. 167: 276-287.",1,Eschrichtus_robustus
Eubalaena glacialis,Endotherm,75000.000000000000000000,2.39,22.71666667,33.8,temperature taken to be similar to that for Balaena mysticetus,"Winn, H.E., J.D. Goodyear, R.D. Kenney & R.O. Petricig (1995) Dive patterns of tagged right whales in the Great South Channel. Cont.  Shelf Res. 7: 827-849.",1,Eubalaena_glacialis
Eudyptes chrysocome,Endotherm,2.650000000000000000,1.067,4.2,37.92, temperature taken to be similar to the mean body temperature of Spheniscidae,"Raya Rey, A., K. PÅtz, G. Luna-Jorquera, B. LÅthi & A. Schiavini (2009) Diving patterns of breeding female rockhopper penguins (Eudyptes chrysocome): Noir Island, Chile. Polar Biol. 32: 561-568.",1,Eudyptes_chrysocome
Eudyptes chrysolophus,Endotherm,4.100000000000000000,1.59,3.866666667,37.92, temperature taken to be similar to the mean body temperature of Spheniscidae,"Green, J.A., P.J. Butler, A.J. Woakes & I.L. Boyd (2003) Energetics of diving in Macaroni penguins. J. Exp. Biol. 206: 43-57.",1,Eudyptes_chrysolophus
Eudyptes schlegeli,Endotherm,5.000000000000000000,1.7,7.5,37.92, temperature taken to be similar to the mean body temperature of Spheniscidae,"Hull, C.L. (2000) Comparative diving behaviour and segregation of the marine habitat by breeding Royal Penguins, Eudyptes schlegeli, and eastern Rockhopper Penguins, Eudyptes chrysocome filholi, at Macquarie Island. Can. J. Zool. 78: 333-345.",1,Eudyptes_schlegeli
Eudyptula minor,Endotherm,1.020000000000000000,NA,1.5,37.92, temperature taken to be similar to the mean body temperature of Spheniscidae,"Ropert-Coudert, Y., A. Chiaradia & A. Kato (2006) An exceptionally deep dive by a Little penguin Eudyptula minor. Marine Ornithology 34: 71-74.",1,Eudyptula_minor
Eulamprus quoyii,Ectotherm,0.019700000000000000,7.4,30,19.1,maximum dive duration is taken from table 2,"Hare KM, and Miller KA. 2009. What Dives Beneath: Diving as a Measure of Performance in Lizards. Herpetologica 65:227-236. doi:10.1655/08-032R2.1",1,Eulamprus_quoyii
Eumetopias jubatus,Endotherm,178.300000000000000000,3.6,8,38.5,"temperature value from: Clarke A, and Rothery P. 2008. Scaling of body temperature in mammals and birds. Functional Ecology 22:58-67. ","Young, B.L. (2010) Influence of environment, feeding, and dive activity on the use of heart rate to predict oxygen consumption in resting and diving Steller sea lions (Eumetopias jubatus). Masters Thesis, University of British Columbia, Vancouver.",1,Eumetopias_jubatus
Fratercula arctica,Endotherm,0.425000000000000000,0.467,1.916666667,40.1,"temperature value from: Clarke A, and Rothery P. 2008. Scaling of body temperature in mammals and birds. Functional Ecology 22:58-67. ","Wanless, S., J.A. Morris. & M.P. Harris (1988) Diving behaviour of guillemot Uria aalge, puffin Fratercula arctica and razorbill Alca torda as shown by radio-telemetry. J. Zool. (Lond.) 216: 73-81.",1,Fratercula_arctica
Fratercula cirrhata,Endotherm,0.900000000000000000,0.967,1.333333333,39.4,"temperature value from: Clarke A, and Rothery P. 2008. Scaling of body temperature in mammals and birds. Functional Ecology 22:58-67. ","Ainley D.G., Strong C., Penniman T., Boekelheide T. (1990) The feeding ecology of Farallon seabirds. p. 51-127. In: D.G. Ainley & R.J. Boekelkeide (eds.) Seabirds of the Farallon Islands: Ecology, Dynamics, and Structure of an Upwelling-System Community. Stanford University Press, Stanford, California. 450pp.",1,Fratercula_cirrhata
Fulica americana,Endotherm,0.700000000000000000,0.0983,0.206666667,40.9,"temperature value from: Clarke A, and Rothery P. 2008. Scaling of body temperature in mammals and birds. Functional Ecology 22:58-67. ","Halsey, L.G., P.J. Butler & T.M. Blackburn (2006) A phylogenetic analysis of the allometry of diving. Am. Nat. 167: 276-287.",1,Fulica_americana
Fulmarus glacialis,Endotherm,0.703000000000000000,NA,0.133333333,40.76, temperature taken to be similar to the mean body temperature of Procellaridae,"Garthe, S. & R.W. Furness (2001) Frequent Shallow Diving by a Northern Fulmar Feeding at Shetland. Waterbirds 24: 287-289",1,Fulmarus_glacialis
Gavia adamsii,Endotherm,5.200000000000000000,0.867,1.5,39,temperature taken to be similar to that for Gavia arctica,"Sjîlander, S. & G. ègren (1976) Reproductive behavior of the Yellow-billed Loon Gavia adamsii. Condor 78: 454-463.; Schreer, J.F. & K.M. Kovacs (1997) Allometry of diving capacity in air-breathing vertebrates. Can. J. Zool. 75: 339-358.",1,Gavia_adamsii
Gavia arctica,Endotherm,2.400000000000000000,NA,2,39,"temperature value from: Clarke A, and Rothery P. 2008. Scaling of body temperature in mammals and birds. Functional Ecology 22:58-67. ","Schreer, J.F. & K.M. Kovacs (1997) Allometry of diving capacity in air-breathing vertebrates. Can. J. Zool. 75: 339-358.",1,Gavia_arctica
Gavia immer,Endotherm,3.800000000000000000,0.662,2.066666667,39,temperature taken to be similar to that for Gavia arctica,"Nocera, J.J. & N.M. Burgess (2002) Diving schedules of Common Loons in varying environments. Can. J. Zool. 80: 1643-1648.",1,Gavia_immer
Gavia stellata,Endotherm,1.700000000000000000,NA,1.5,39,temperature taken to be similar to that for Gavia arctica,"Schreer, J.F. & K.M. Kovacs (1997) Allometry of diving capacity in air-breathing vertebrates. Can. J. Zool. 75: 339-358.",1,Gavia_stellata
Globicephala macrorhynchus,Endotherm,1500.000000000000000000,NA,12.75,35.8,"temperature value from: Clarke A, and Rothery P. 2008. Scaling of body temperature in mammals and birds. Functional Ecology 22:58-67. ","Bowers, C. & R. Henderson (1972) Project Deep OPS: Deep object recovery with pilot and killer whales. Report NUC TP 306, from the Naval Undersea Center, Hawaii Laboratory. 91pp.",1,Globicephala_macrorhynchus
Globicephala melas,Endotherm,1500.000000000000000000,1.162,27.96666667,35.8,temperature taken to be similar to that for Globicephala macrorhynchus,"Mate, B.R., B.A. Laguerquist, M. Winsor, J. Geraci & J.H. Prescott (2005) Movements And Dive Habits Of A Satellite-Monitored Long Finned Pilot Whale (Globicephala Melas) In The Northwest Atlantic.  Mar. Mammal Sci. 21: 136-144.",1,Globicephala_melas
Halichoerus grypus Females,Endotherm,172.030000000000000000,5.5,22,36.6,"temperature value from: Clarke A, and Rothery P. 2008. Scaling of body temperature in mammals and birds. Functional Ecology 22:58-67. ","Beck, C.A., W.D. Bowen, J.L. McMillan & S.J. Iverson (2003) Sex differences in diving at multiple  temporal scales in a size-dimorphic capital breeder. J. Anim. Ecol. 72: 979-993.",1,Halichoerus_grypus
Homo sapiens,Endotherm,70.000000000000000000,NA,4,37,Dynamic apnea without fins (DNF),https://www.youtube.com/watch?v=0LNS-oPXDSA,1,Homo_sapiens
Hydrophis belcheri,Ectotherm,0.450000000000000000,7.59,31.23,26,,"Heatwole, H. 1975. Voluntary submergence times of marine snakes. Mar. Biol. 32: 205-213.",1,Hydrophis_belcheri
Hydrophis curtus,Ectotherm,0.530000000000000000,16,59.5,27,maximum dive times were read from fig 1B,"Udyawer V., Simpfendorfer C.A., Heupel M.R., Clark T.D. (2016) Coming up for air: thermal dependence of dive behaviours and metabolism in sea snakes. Journal of Experimental Biology 219, 3447-3454",1,Hydrophis_curtus
Hydrophis elegans,Ectotherm,1.035000000000000000,14,46,27,maximum dive times were read from fig 1B,"Udyawer V., Simpfendorfer C.A., Heupel M.R., Clark T.D. (2016) Coming up for air: thermal dependence of dive behaviours and metabolism in sea snakes. Journal of Experimental Biology 219, 3447-3454",1,Hydrophis_elegans
Lapemis hardwickii,Ectotherm,0.420000000000000000,15.83,37,21,,"Heatwole, H. & R.S. Seymour (1975) Diving physiology. Chapter 15, p. 289-327. In: W. A. Dunson (ed.) The Biology of Sea Snakes. University Park Press, Baltimore. 530pp.",1,Hydrophis_hardwickii
Acalyptophis peronii,Ectotherm,0.248000000000000000,46.6,54.11,26.1,,"Heatwole, H. & R.S. Seymour (1975) Diving physiology. Chapter 15, p. 289-327. In: W. A. Dunson (ed.) The Biology of Sea Snakes. University Park Press, Baltimore. 530pp.",1,Hydrophis_peronii
Pelamis platurus,Ectotherm,0.195000000000000000,62.7,166.2,22.5,Snake ID:K,"Cook, T.R. & F. Brischoux (2014) Why does the only ‚planktonic tetrapodÂ dive? Determinants of diving behaviour in a marine ectotherm. Animal Behaviour 98: 113—123",1,Hydrophis_platurus
Hydrurga leptonyx,Endotherm,197.500000000000000000,1.983,9.35,36.7, temperature taken to be similar to the mean body temperature of Phocidae,"Kuhn, C.E., B.I. McDonald, S.A. Shaffer, J. Barnes, D.E. Crocker,  J.M. Burns & D.P. Costa (2006) Diving physiology and winter foraging behavior of a juvenile leopard seal (Hydrurga leptonyx). Polar Biol. 29: 303-307.",1,Hydrurga_leptonyx
Hyperodon ampullatus,Endotherm,6650.000000000000000000,11.2,29.5,36.12142857, temperature taken to be similar to the mean body temperature of Odontoceti,"Hooker, S.K. & R.W. Baird (1999) Deep-diving behaviour of the northern bottlenose whale, Hyperoodon ampullatus (Cetacea: Ziphiidae). Proc. R. Soc. Lond. Ser. B. 266: 671-6.",1,Hyperodon_ampullatus
Triturus alpestris,Ectotherm,0.002600000000000000,5.85,7.87,10,,"?amajova, P. & L. Gvo?d°k (2009) The influence of temperature on diving behaviour in the alpine newt, Triturus alpestris. J. Therm. Biol. 34: 401-405.",1,Ichtyosaura_alpestris
Iguana iguana,Ectotherm,0.895000000000000000,82,270,25.5,,"Hare KM, and Miller KA. 2009. What Dives Beneath: Diving as a Measure of Performance in Lizards. Herpetologica 65:227-236. doi:10.1655/08-032R2.1",1,Iguana_iguana
Ilybius chalconatus Bulgaria,Ectotherm,0.000054081200000000,3.04,14.16666667,20.5,,"Calosi P, Bilton DT, Spicer JI, Verberk WCEP, Atfield A & Garland T Jr (2012) The comparative biology of diving in two genera of European Dytiscidae (Coleoptera). Journal of Evolutionary Biology 25: 329-341.(doi:10.1111/j.1420-9101.2011.02423.x)",1,Ilybius_chalconatus_Bulgar
Ilybius chalconatus Spain,Ectotherm,0.000044644400000000,3.378,11.35,20.5,,"Calosi P, Bilton DT, Spicer JI, Verberk WCEP, Atfield A & Garland T Jr (2012) The comparative biology of diving in two genera of European Dytiscidae (Coleoptera). Journal of Evolutionary Biology 25: 329-341.(doi:10.1111/j.1420-9101.2011.02423.x)",1,Ilybius_chalconatus_Spain
Ilybius erichsonii,Ectotherm,0.000029895000000000,3.701,15.11666667,14.5,,"Calosi P, Bilton DT, Spicer JI, Verberk WCEP, Atfield A & Garland T Jr (2012) The comparative biology of diving in two genera of European Dytiscidae (Coleoptera). Journal of Evolutionary Biology 25: 329-341.(doi:10.1111/j.1420-9101.2011.02423.x)",1,Ilybius_erichsonii
Ilybius hozgargantae,Ectotherm,0.000048876900000000,4.584,11.58333333,14.5,,"Calosi P, Bilton DT, Spicer JI, Verberk WCEP, Atfield A & Garland T Jr (2012) The comparative biology of diving in two genera of European Dytiscidae (Coleoptera). Journal of Evolutionary Biology 25: 329-341.(doi:10.1111/j.1420-9101.2011.02423.x)",1,Ilybius_hozgargantae
Ilybius meridionalis,Ectotherm,0.000084800000000000,2.133,10.46666667,14.5,,"Calosi P, Bilton DT, Spicer JI, Verberk WCEP, Atfield A & Garland T Jr (2012) The comparative biology of diving in two genera of European Dytiscidae (Coleoptera). Journal of Evolutionary Biology 25: 329-341.(doi:10.1111/j.1420-9101.2011.02423.x)",1,Ilybius_meridionalis
Ilybius montanus,Ectotherm,0.000073750000000000,6.028,11.46666667,14.5,,"Calosi P, Bilton DT, Spicer JI, Verberk WCEP, Atfield A & Garland T Jr (2012) The comparative biology of diving in two genera of European Dytiscidae (Coleoptera). Journal of Evolutionary Biology 25: 329-341.(doi:10.1111/j.1420-9101.2011.02423.x)",1,Ilybius_montanus
Ilybius neglectus,Ectotherm,0.000045636400000000,6.414,17.96666667,20.5,,"Calosi P, Bilton DT, Spicer JI, Verberk WCEP, Atfield A & Garland T Jr (2012) The comparative biology of diving in two genera of European Dytiscidae (Coleoptera). Journal of Evolutionary Biology 25: 329-341.(doi:10.1111/j.1420-9101.2011.02423.x)",1,Ilybius_neglectus
Ilybius pederzani,Ectotherm,0.000061595700000000,4.237,11.38333333,14.5,,"Calosi P, Bilton DT, Spicer JI, Verberk WCEP, Atfield A & Garland T Jr (2012) The comparative biology of diving in two genera of European Dytiscidae (Coleoptera). Journal of Evolutionary Biology 25: 329-341.(doi:10.1111/j.1420-9101.2011.02423.x)",1,Ilybius_pederzani
Ilybius subtilis,Ectotherm,0.000101280000000000,1.706,3.1,20.5,,"Calosi P, Bilton DT, Spicer JI, Verberk WCEP, Atfield A & Garland T Jr (2012) The comparative biology of diving in two genera of European Dytiscidae (Coleoptera). Journal of Evolutionary Biology 25: 329-341.(doi:10.1111/j.1420-9101.2011.02423.x)",1,Ilybius_subtilis
Kogia sima,Endotherm,250.000000000000000000,12.9,52.2,36.3, temperature taken to be similar to the mean body temperature of Physeteroidea,"Barlow, J., K. Forney,  A. Von Saunder, & J. Urban-Ramirez (1997) A report of cetacean acoustic detection and dive interval studies (CADDIS) conducted in the southern Gulf of California, 1995. NOAA Tech. Mem. NMFS-SWFSC-250. 52pp.",1,Kogia_sima
Lagenorhynchus acutus,Endotherm,161.000000000000000000,0.647,1.066666667,36.87, temperature taken to be similar to the mean body temperature of Delphinidae,"Mate, B.R., K.M. Stafford, R. Nowojchik  & J.L. Dunn (1994) Movements and dive behavior of a satellite-monitored Atlantic white-sided dolphin (Lagenorhynchus acutus) in the Gulf of Maine. Mar. Mammal Sci. 10: 116-121.",1,Lagenorhynchus_acutus
Lagenorhynchus obliquidens,Endotherm,96.000000000000000000,2.95,3.5,36.87, temperature taken to be similar to the mean body temperature of Delphinidae,"Noren, S.R., T.M. Williams, K. Ramirez, J. Boehm, M. Glenn & L. Cornell (2012) Changes in partial pressures of respiratory gases during submerged voluntary breath hold across odontocetes: is body mass important? J. Comp. Physiol. B 182: 299-309.",1,Lagenorhynchus_obliquidens
Laticauda colubrina,Ectotherm,1.200000000000000000,15.6,28,24.5,,"Heatwole, H. 1975. Voluntary submergence times of marine snakes. Mar. Biol. 32: 205-213.",1,Laticauda_colubrina
Laticauda saintgironsi,Ectotherm,0.247000000000000000,9,37.8,26.2,,"Cook T.R., Bonnet, X., Fauvel, T., Shine, R. & F. Brischoux (2016). Foraging behaviour and energy budgets of sea snakes:
insights from implanted data loggers. Journal of Zoology 298: 82—93",1,Laticauda_saintgironsi
Lepidochelys kempii,Ectotherm,33.600000000000000000,63.2,217,24,data not averaged for day and night,"Gitschlag, G.R. (1996) Migration and diving beahviour of KempÂs ridley (Garman) sea turtles along the US south-eastern Atlantic coast. .J Exp. Mar. Biol. Ecol. 205: 115-135.",1,Lepidochelys_kempii
Lepidochelys olivacea,Ectotherm,31.800000000000000000,48,200,27.1,,"McMahon, C.R., C.J.A. Bradshaw &  G.C. Hays (2007) Satellite tracking reveals unusual diving characteristics for a marine reptile, the olive ridley turtle (Lepidochelys olivacea). Mar. Ecol.. Prog. Ser. 329: 239-252.",1,Lepidochelys_olivacea
Leptonichotes wedelli Females,Endotherm,330.000000000000000000,26.14,62.4,36.5,"temperature value from: Noren, S. R., Pearson, L. E., Davis, J., Trumble, S. J., & Kanatous, S. B. (2008). Different thermoregulatory strategies in nearly weaned pup, yearling, and adult Weddell seals (Leptonychotes weddelli). Physiological and Biochemical Zoology, 81(6), 868-879.","Hindell, M.A., R. Harcourt, J.R. Waas & D. Thompson (2002) Fine- scale three-dimensional spatial use by diving, lactating female Weddell seals Leptonychotes weddellii. Mar. Ecol. Prog. Ser. 242: 275-284.",1,Leptonychotes_weddellii
Leucocarbo (Phal.) carunculatus,Endotherm,2.500000000000000000,2.113,3.166666667,40.5,temperature taken to be similar to that for Leucocarbo pelagicus,"Brown, D. (2001) Dive duration and some diving rhythms of the New Zealand king shag (Leucocarbo carunculatus). Notornis 48: 177-178.",1,Leucocarbo_Phal._carunculatus
Leucocarbo (Phal.) chalconotus,Endotherm,2.500000000000000000,NA,2.816666667,40.5,temperature taken to be similar to that for Leucocarbo pelagicus,"Brown, D. (2001) Dive duration and some diving rhythms of the New Zealand king shag (Leucocarbo carunculatus). Notornis 48: 177-178.",1,Leucocarbo_Phal._chalconotus
Lipotes vexillifer,Endotherm,95.000000000000000000,NA,2.25,36.12142857, temperature taken to be similar to the mean body temperature of Odontoceti,"Peixun, C. (1989) Baiji, Lipotes vexillifer Miller, 1918. p. 25-44. In: S. Ridgway & R. Harrisson (eds.) Handbook of Marine Mammals. Vol. 4. River dolphins and the larger touthed whales.  Academic Press, London. 442pp.",1,Lipotes_vexillifer
Lissodelphis borealis,Endotherm,97.500000000000000000,NA,6.25,36.87, temperature taken to be similar to the mean body temperature of Delphinidae,Fitch & Brownell '68; Leatherwood & Walker '79 ~,1,Lissodelphis_borealis
Lobodon carcinophagus,Endotherm,201.300000000000000000,5.3,10.8,36.7, temperature taken to be similar to the mean body temperature of Phocidae,"Bengtson JL, Stewart BS (1992) Diving and haulout behavior of crabeater seals in the Weddell Sea, Antarctica, during March 1986. Polar Biology 12: 635-644",1,Lobodon_carcinophagus
Macronectes giganteus,Endotherm,4.500000000000000000,0.0747,0.116666667,40.6,"temperature value from: Clarke A, and Rothery P. 2008. Scaling of body temperature in mammals and birds. Functional Ecology 22:58-67. ","Van Den Hoff, J. & K. Newbery (2006) Southern giant petrels macronectes giganteus diving on submerged carrion. Marine Ornithology 34: 61-64.",1,Macronectes_giganteus
Megaptera novaeangliae,Endotherm,32700.000000000000000000,2.83,21.1,36.7,"temperature value from: Morrison, P. (1962). Body temperatures in some Australian mammals. III. Cetacea (Megaptera). The Biological Bulletin, 123(1), 154-169.","Dolphin, W.F. (1988) Foraging dive patterns of humpback whales, Megaptera novaeangliae, in southeast Alaska: a cost-benefit analysis. Can. J. Zool. 66: 2432-2441.",1,Megaptera_novaeangliae
Melanitta fusca,Endotherm,1.500000000000000000,NA,3,41.42, temperature taken to be similar to the mean body temperature of Merginae,"Schreer, J.F. & K.M. Kovacs (1997) Allometry of diving capacity in air-breathing vertebrates. Can. J. Zool. 75: 339-358.",1,Melanitta_fusca
Melanitta nigra,Endotherm,1.000000000000000000,0.448,0.758333333,41.42, temperature taken to be similar to the mean body temperature of Merginae,"Halsey, L.G., P.J. Butler & T.M. Blackburn (2006) A phylogenetic analysis of the allometry of diving. Am. Nat. 167: 276-287.",1,Melanitta_nigra
Melanitta perspicillata,Endotherm,1.000000000000000000,0.865,1.1,41.42, temperature taken to be similar to the mean body temperature of Merginae,"Schreer, J.F. & K.M. Kovacs (1997) Allometry of diving capacity in air-breathing vertebrates. Can. J. Zool. 75: 339-358.",1,Melanitta_perspicillata
Mergus albellus,Endotherm,0.700000000000000000,0.3033,0.8,41.9,temperature taken to be similar to that for Mergus serrator,"Nilsson, L. (1972) Habitat Selection, Food Choice, and Feeding Habits of Diving Ducks in Coastal Waters of SouthSweden during the Non-Breeding Season. Ornis Scandinavica 3: 55-78.; Schreer, J.F. & K.M. Kovacs (1997) Allometry of diving capacity in air-breathing vertebrates. Can. J. Zool. 75: 339-358.",1,Mergellus_albellus
Mergus merganser,Endotherm,1.500000000000000000,0.396,2,41.9,temperature taken to be similar to that for Mergus serrator,"Nilsson, L. (1972) Habitat Selection, Food Choice, and Feeding Habits of Diving Ducks in Coastal Waters of SouthSweden during the Non-Breeding Season. Ornis Scandinavica 3: 55-78.; Schreer, J.F. & K.M. Kovacs (1997) Allometry of diving capacity in air-breathing vertebrates. Can. J. Zool. 75: 339-358.",1,Mergus_merganser
Mergus serrator,Endotherm,1.100000000000000000,0.503,2,41.9,"temperature value from: Clarke A, and Rothery P. 2008. Scaling of body temperature in mammals and birds. Functional Ecology 22:58-67. ","Schreer, J.F. & K.M. Kovacs (1997) Allometry of diving capacity in air-breathing vertebrates. Can. J. Zool. 75: 339-358.",1,Mergus_serrator
Mesoplodon densirostris,Endotherm,900.000000000000000000,47.3,57.4,36.12142857, temperature taken to be similar to the mean body temperature of Odontoceti,"Tyack, P.L., M. Johnson, N. Aguilar Soto, A. Sturlese & P.T. Madsen (2006) Extreme diving of beaked whales. J. Exp. Biol. 209: 4238-4253.",1,Mesoplodon_densirostris
Mesoplodon peruvianus,Endotherm,800.000000000000000000,22.4,37.2,36.12142857, temperature taken to be similar to the mean body temperature of Odontoceti,"Barlow, J., K. Forney,  A. Von Saunder, & J. Urban-Ramirez (1997) A report of cetacean acoustic detection and dive interval studies (CADDIS) conducted in the southern Gulf of California, 1995. NOAA Tech. Mem. NMFS-SWFSC-250. 52pp.",1,Mesoplodon_peruvianus
Phalacrocorax coronatus,Endotherm,0.760000000000000000,0.392,0.975,40.55,temperature taken to be similar to that for the genus Phalacrocorax,"Cooper, J. (1986) Diving patterns of Cormorants Phalacrocoracidae. Ibis 128: 562-570.",1,Microcarbo_coronatus
Phalacrocorax niger,Endotherm,0.444670000000000000,NA,0.633333333,40.55,temperature taken to be similar to that for the genus Phalacrocorax,"Cooper, J. (1986) Diving patterns of Cormorants Phalacrocoracidae. Ibis 128: 562-570.",1,Microcarbo_niger
Mirounga angustirostris Juveniles,Endotherm,113.000000000000000000,13.5,86,35,"temperature value from: Clarke A, and Rothery P. 2008. Scaling of body temperature in mammals and birds. Functional Ecology 22:58-67. ","Le Boeuf, B.J., P.A. Morris, S.B. Blackwell, D.E. Crocker & D.P. Costa (1996) Diving behavior of juvenile northern elephant seals. Can. J. Zool. 74: 1632-1644.",1,Mirounga_angustirostris
Mirounga leonina Females,Endotherm,364.000000000000000000,22.1,98,35,temperature taken to be similar to that for Mirouga leonina,"Campagna, C., F. Quintana, B.J. Le Boeuf, S.B. Blackwell, & D.E. Crocker (1998) Diving behaviour and foraging ecology of female southern elephant seels from Patagonia. Aquatic  Mammals 24: 1?11.",1,Mirounga_leonina
Monachus monachus,Endotherm,320.000000000000000000,6.415,18,36.8,temperature data derived from Monachus shauinslandi Ohata et al. 1972,"Kiraá, C.O., Y. Savas, H. GÅálÅsoy & N.O. Veryeri (2002) Observations on diving behaviour of free-ranging Mediterranean monk seals Monachus monachus on Turkish coasts. The Monachus Guardian 5. (internet article)",1,Monachus_monachus
Monodon monoceros,Endotherm,900.000000000000000000,3.75,26.2,36.1,"temperature value from: Morrison, P. (1962). Body temperatures in some Australian mammals. III. Cetacea (Megaptera). The Biological Bulletin, 123(1), 154-169.","Laidre, K., M.P. Heide-Jõrgensen & R. Dietz (2002) Diving behaviour of narwhals (Monodon monoceros) at two localities in the Canadian Arctic. Can. J. Zool. 80: 624-635.",1,Monodon_monoceros
Morus bassanus,Endotherm,3.000000000000000000,0.373,0.666666667,41.4,"temperature value from: Clarke A, and Rothery P. 2008. Scaling of body temperature in mammals and birds. Functional Ecology 22:58-67. ","Ropert-Coudert, Y., F. Daunt, A. Kato, P.G. Ryan, S. Lewis, K. Kobayashi, Y. Mori, D. GrÇmillet & S. Wanless (2009) Underwater wingbeats extend depth and duration of plunge dives in northern Morus bassanus. J. Avian Biol. 40: 380-387.",1,Morus_bassanus
Morus capensis,Endotherm,2.600000000000000000,0.0838,0.471666667,41.4,temperature taken to be similar to that for Morus bassanus,"Ropert-Coudert, Y., D. GrÇmillet, A. Kato, P. Ryan, Y. Naito & Y. Le Maho (2004) A fine-scale time budget of Cape gannets provides insights into the foraging strategies of coastal seabirds. Anim. Behav. 67: 985-992.",1,Morus_capensis
Neomys fodiens,Endotherm,0.016000000000000000,NA,0.191666667,37.3,"temperature value from: Clarke A, and Rothery P. 2008. Scaling of body temperature in mammals and birds. Functional Ecology 22:58-67. ",Kohler '91,1,Neomys_fodiens
Neophoca cinerea Juveniles,Endotherm,65.000000000000000000,2.8,9,37.55, temperature taken to be similar to the mean body temperature of Otariidae,"Fowler, S.L. & D.P. Costa (2006) Ontogeny of diving behaviour in the Australian sea lion: trials of adolescence in a late bloomer. J. Anim. Ecol. 75: 358-367.",1,Neophoca_cinerea
Neophocaena phocaenoides,Endotherm,40.000000000000000000,0.478,2.483333333,36.12142857, temperature taken to be similar to the mean body temperature of Odontoceti,"Akamatsu, T., D. Wang, K. Wang, Z. Wei, Q. Zhao & Y. Naito (2002) Diving behavior of freshwater finless porpoises (Neophocaena phocaenoides) in an oxbow of the Yangtze River, China. ICES J. Mar. Sci. 59: 438?443.",1,Neophocaena_phocaenoides
Oxyura dominica,Endotherm,0.400000000000000000,0.353,0.443333333,42.2,temperature taken to be similar to that for Oxyura jamaicensis,"Jenni, D.A. (1969) Diving Times of the Least Grebe and Masked Duck. The Auk 86: 355-356.",1,Nomonyx_dominica
Odobenus rosmarus Males,Endotherm,1347.250000000000000000,NA,24,36.4,"temperature value from: Clarke A, and Rothery P. 2008. Scaling of body temperature in mammals and birds. Functional Ecology 22:58-67. ","Gjertz, I., D. Griffiths, B.A. Krafft, C. Lydersen &  ù. Wiig (2001) Diving and haul-out patterns of walruses Odobenus rosmarus on Svalbard. Polar Biol. 24: 314-319.",1,Odobenus_rosmarus
Oligosoma smithi,Ectotherm,0.013200000000000000,5,20.5,17.3,,"Hare KM, and Miller KA. 2009. What Dives Beneath: Diving as a Measure of Performance in Lizards. Herpetologica 65:227-236. doi:10.1655/08-032R2.1",1,Oligosoma_smithi
Oligosoma suteri,Ectotherm,0.013200000000000000,5,20.5,17.3,,"Hare, K.M. & K.A. Miller (2009) What dives beneath: diving as a measure of performance in lizards. Herpetologica 65: 227-236. ",1,Oligosoma_suteri
Omatophoca rossi,Endotherm,180.000000000000000000,6.4,9.8,36.7, temperature taken to be similar to the mean body temperature of Phocidae,"Bengtson, J.L. & B.S. Stewart (1997) Diving patterns of a Ross seal (Ommatophoca rossii) near the east coast of the Antarctic peninsula. Polar Biol. 18: 214?218.",1,Omatophoca_rossii
Ondatra zibethicus,Endotherm,0.787600000000000000,0.512,1.505,37.4,"temperature value from: Clarke A, and Rothery P. 2008. Scaling of body temperature in mammals and birds. Functional Ecology 22:58-67. ","MacArthur, R.A., G.L. Weseen & K.L.Campbell (2003) Diving experience and the aerobic dive capacity of muskrats: does training produce a better diver? J. Exp. Biol. 206: 1153-1161.",1,Ondatra_zibethicus
Orcaella brevirostris,Endotherm,155.000000000000000000,1.922,7.183333333,36.5, temperature taken to be similar to the mean body temperature of Delphinidae,"Stacey, P.J. & G.T. Hvenegaard (2002) Habitat use and behavior of Irrawaddy dolphins (Orcaella brevirostris) in the Mekong River of Laos. Aquatic Mammals 28: 1-13.",1,Orcaella_brevirostris
Orcinus orca,Endotherm,3850.000000000000000000,NA,13.3,35.5,"temperature value from: Kusuda, S., Kakizoe, Y., Kanda, K., Sengoku, T., Fukumoto, Y., Adachi, I., ... & Doi, O. (2011). Ovarian cycle approach by rectal temperature and fecal progesterone in a female killer whale, Orcinus orca. Zoo biology, 30(3), 285-295.","Noren, S.R., T.M. Williams, K. Ramirez, J. Boehm, M. Glenn & L. Cornell (2012) Changes in partial pressures of respiratory gases during submerged voluntary breath hold across odontocetes: is body mass important? J. Comp. Physiol. B 182: 299-309.",1,Orcinus_orca
Ornithorhynchus anatinus,Endotherm,1.545000000000000000,2.5,10,32.1,"temperature value from: Clarke A, and Rothery P. 2008. Scaling of body temperature in mammals and birds. Functional Ecology 22:58-67. ","Burrell, H.(1927). The Platypus. Sydney: Angus & Robertson",1,Ornithorhynchus_anatinus
Otaria flavescens Females,Endotherm,120.000000000000000000,3.2,7.7,37.07,"temperature value from: Melero, M., Rodr°guez-Prieto, V., Rubio-Garc°a, A., Garc°a-P†rraga, D., & S†nchez-Vizca°no, J. M. (2015). Thermal reference points as an index for monitoring body temperature in marine mammals. BMC research notes, 8(1), 411.","Werner, R. & C. Campagna (1995) Diving behaviour of lactating southern sea lions Otaria flavescens in Patagonia. Can. J. Zool. 73: 1975-1982.",1,Otaria_flavescens
Oxyura jamaicensis,Endotherm,0.600000000000000000,0.33,0.363333333,42.2,"temperature value from: Clarke A, and Rothery P. 2008. Scaling of body temperature in mammals and birds. Functional Ecology 22:58-67. ","Heintzelman, D.S. & C.J. Newberry (1964) Some Waterfowl Diving Times. The Wilson Bulletin 76: 291-291.",1,Oxyura_jamaicensis
Oxyura leucocephala,Endotherm,0.700000000000000000,NA,0.7,42.2,temperature taken to be similar to that for Oxyura jamaicensis,"Schreer, J.F. & K.M. Kovacs (1997) Allometry of diving capacity in air-breathing vertebrates. Can. J. Zool. 75: 339-358.",1,Oxyura_leucocephala
Pagophilus groenlandica Females,Endotherm,131.000000000000000000,8.1,15,37.6,"temperature value from: Christiansen, J. S., Gildberg, A., Nilssen, K. T., Lindblom, C., & Haug, T. (2004). The gastric properties of free-ranging harp (Pagophilus groenlandicus (Erxleben, 1777)) and hooded (Cystophora cristata (Erxleben, 1777)) seals. ICES Journal of Marine Science, 61(2), 287-292.","Folkow, L., E.S. Nordõy & A.S. Blix (2004) Distribution and diving behaviour of harp seals (Pagophilus groenladicus) from the Greenland Sea stock. Polar Biol 27:281-298.",1,Pagophilus_groenlandica
Pelecanoides urinatrix,Endotherm,0.151000000000000000,0.2617,0.35,38.8,"temperature value from: Ricklefs, R. E., & Roby, D. D. (1983). Development of homeothermy in the diving petrels Pelecanoides urinatrix exsul and P. georgicus, and the Antarctic prion Pachyptila desolata. Comparative biochemistry and physiology. A, Comparative physiology, 75(2), 307-311. ","Ryan, P.G. & D.C. Nel (1999) Foraging Behaviour of Diving Petrels Pelecanoides. Emu 99: 72-74.",1,Pelecanoides_urinatrix
Phalacrocorax africanus,Endotherm,0.588500000000000000,0.2783,0.723333333,40.55,temperature taken to be similar to that for the genus Phalacrocorax,"Cooper, J. (1986) Diving patterns of Cormorants Phalacrocoracidae. Ibis 128: 562-570.",1,Phalacrocorax_africanus
Phalacrocorax aristotelis,Endotherm,1.750000000000000000,NA,2.716666667,40.55,temperature taken to be similar to that for the genus Phalacrocorax,"Wanless, S., T. Corfield, M.P. Harris, S.T. Buckland & J.A. Morris (1993) Diving behaviour of the shag Phalacrocorax aristotelis (Aves: Pelecaniformes) in relation to water depth and prey size. J. Zool. 231: 11-25.",1,Phalacrocorax_aristotelis
Phalacrocorax auritus,Endotherm,1.871000000000000000,0.417,0.583333333,41.3,"temperature value from: Clarke A, and Rothery P. 2008. Scaling of body temperature in mammals and birds. Functional Ecology 22:58-67. ","Ainley D.G., Strong C., Penniman T., Boekelheide T. (1990) The feeding ecology of Farallon seabirds. p. 51-127. In: D.G. Ainley & R.J. Boekelkeide (eds.) Seabirds of the Farallon Islands: Ecology, Dynamics, and Structure of an Upwelling-System Community. Stanford University Press, Stanford, California. 450pp.",1,Phalacrocorax_auritus
Phalacrocorax bransfieldensis,Endotherm,2.750000000000000000,0.66,2.85,40.55,temperature taken to be similar to that for the genus Phalacrocorax,"Casaux, R. (2004) Diving Patterns in the Antarctic Shag. Waterbirds, 27: 382-387.",1,Phalacrocorax_bransfieldensis
Phalacrocorax brasilianus (previously olivaceus),Endotherm,1.650000000000000000,0.315,0.716666667,40.55,temperature taken to be similar to that for the genus Phalacrocorax,"Quintana, F., P. Yorio, N. Lisnizer, A. Gatto & G. Soria (2004) Diving behavior and foraging areas of the neotropic cormorant at a marine colony in Patagonia, Argentina. Wilson Bulletin 116: 83-88.",1,Phalacrocorax_brasilianus
Phalacrocorax capillatus - filamentosus,Endotherm,3.000000000000000000,0.6,2.416666667,40.55,temperature taken to be similar to that for the genus Phalacrocorax,"Watanuki ,Y., A. Kato & Y. Naito (1996) Diving performance of male and female Japanese Cormorants. Can. J. Zool. 74: 1098-1109.",1,Phalacrocorax_capillatus-filamentosus
Phalacrocorax carbo,Endotherm,2.750000000000000000,0.8,2.533333333,39.8,"temperature value from: Clarke A, and Rothery P. 2008. Scaling of body temperature in mammals and birds. Functional Ecology 22:58-67. ","Gremillet, D., R.P. Wilson, S. Storch & Y. Gary (1999) Three-dimensional space utilization by a marine predator. Mar. Ecol. Prog. Ser. 183: 263-273.",1,Phalacrocorax_carbo
Phalacrocorax gaimardii,Endotherm,1.350000000000000000,0.45,1.283333333,40.55,temperature taken to be similar to that for the genus Phalacrocorax,"Frere, E., F. Quintana & P. Gandini (2002) Diving behavior of the red-legged cormorant in southeastern Patagonia, Argentina. Condor 104: 440-444.",1,Phalacrocorax_gaimardii
Phalacrocorax georgianus,Endotherm,2.546500000000000000,3.193,6.333333333,40.55,temperature taken to be similar to that for the genus Phalacrocorax,"Wanless, S. & M.P. Harris (1993) Use of Mutually Exclusive Foraging Areas by Adjacent Colonies of Blue-Eyed Shags (Phalacrocorax atriceps) at South Georgia. Colonial Waterbirds 16: 176-182.",1,Phalacrocorax_georgianus
Phalacrocorax lucidus,Endotherm,2.884000000000000000,0.653,0.891666667,40.55,temperature taken to be similar to that for the genus Phalacrocorax,"Cooper, J. (1986) Diving patterns of Cormorants Phalacrocoracidae. Ibis 128: 562-570.",1,Phalacrocorax_lucidus
Phalacrocorax magellanicus,Endotherm,1.475000000000000000,0.787,2.916666667,40.55,temperature taken to be similar to that for the genus Phalacrocorax,"Quintana, F. (1999) Diving Behavior of Rock Shags at a Patagonian Colony of Argentina. Waterbirds 22: 466-471.",1,Phalacrocorax_magellanicus
Phalacrocorax melanogenis,Endotherm,2.454000000000000000,2.033,6.183333333,40.55,temperature taken to be similar to that for the genus Phalacrocorax,"Tremblay, Y., T.R. Cook & Y. Cherel (2005) Time budget and diving behaviour of chick-rearing Crozet shags. Can. J. Zool. 83: 971-982.",1,Phalacrocorax_melanogenis
Phalacrocorax neglectus,Endotherm,1.945000000000000000,0.748,1.063333333,40.55,temperature taken to be similar to that for the genus Phalacrocorax,"Cooper, J. (1986) Diving patterns of Cormorants Phalacrocoracidae. Ibis 128: 562-570.",1,Phalacrocorax_neglectus
Phalacrocorax pelagicus,Endotherm,1.884000000000000000,0.75,1.166666667,40.55,temperature taken to be similar to that for the genus Phalacrocorax,"Ainley D.G., Strong C., Penniman T., Boekelheide T. (1990) The feeding ecology of Farallon seabirds. p. 51-127. In: D.G. Ainley & R.J. Boekelkeide (eds.) Seabirds of the Farallon Islands: Ecology, Dynamics, and Structure of an Upwelling-System Community. Stanford University Press, Stanford, California. 450pp.",1,Phalacrocorax_pelagicus
Phalacrocorax penicillatus,Endotherm,2.500000000000000000,0.85,1.583333333,40.55,temperature taken to be similar to that for the genus Phalacrocorax,"Ainley D.G., Strong C., Penniman T., Boekelheide T. (1990) The feeding ecology of Farallon seabirds. p. 51-127. In: D.G. Ainley & R.J. Boekelkeide (eds.) Seabirds of the Farallon Islands: Ecology, Dynamics, and Structure of an Upwelling-System Community. Stanford University Press, Stanford, California. 450pp.",1,Phalacrocorax_penicillatus
Phalacrocorax purpurascens,Endotherm,2.910000000000000000,1.9,4,40.55,temperature taken to be similar to that for the genus Phalacrocorax,"Kato, A., Y. Watanuki, I. Nishiumi, M. Kuroki, P. Shaughnessy & Y. Naito (2000) Variation in foraging and parental behavior of king cormorants. Auk 117: 718-730.",1,Phalacrocorax_purpurascens
Phalacrocorax pygmaeus,Endotherm,0.700000000000000000,NA,0.7,40.55,temperature taken to be similar to that for the genus Phalacrocorax,"Cooper, J. (1986) Diving patterns of Cormorants Phalacrocoracidae. Ibis 128: 562-570.",1,Phalacrocorax_pygmaeus
Phalacrocorax varius,Endotherm,1.814000000000000000,0.517,1.066666667,40.55,temperature taken to be similar to that for the genus Phalacrocorax,"Cooper, J. (1986) Diving patterns of Cormorants Phalacrocoracidae. Ibis 128: 562-570.",1,Phalacrocorax_varius
Phalacrocorax verrucosus,Endotherm,3.218000000000000000,NA,6.716666667,40.55,temperature taken to be similar to that for the genus Phalacrocorax,"Cook, T. (2008) Ecologie des oiseaux plongeurs (Phalacrocorax spp.) : rÇponses Çcophysiologiques, comportementales et sexuelles aux variations de l'environnement. PhD Thesis, 5 juin 2008, UniversitÇ de La Rochelle. 258pp.",1,Phalacrocorax_verrucosus
Phoca vitulina Males,Endotherm,109.800000000000000000,8.5,15.25,36.3,"temperature value from: Clarke A, and Rothery P. 2008. Scaling of body temperature in mammals and birds. Functional Ecology 22:58-67. ","Eguchi, T. & J.T. Harvey (2005) Diving behavior of the Pacific harbor seal (Phoca vitulina richardii) in Monterey Bay, California. Mar. Mammal Sci. 21: 283-295.",1,Phoca_vitulina
Phocartos hookeri females,Endotherm,141.500000000000000000,4.11,13.2,37.55, temperature taken to be similar to the mean body temperature of Otariidae,"Chilvers, B.L., I.S. Wilkinson, P.J. Duignan & N.J. Gemmell (2006) Diving to extremes: are New Zealand sea lions pushing their limits in a marginal habitat? J. Zool. 269: 233?241.",1,Phocartos_hookeri
Phocoena phocoena Females,Endotherm,59.200000000000000000,1.6,4.7,36.12142857, temperature taken to be similar to the mean body temperature of Odontoceti,"Otani, S., Y. Naito, A. Kawamura, M. Kawasaki, S. Nishiwaki & A. Kato (1998) Diving behavior and performance of harbor porpoises, Phocoena phocoena, in Funka Bay, Hokkaido, Japan. Mar. Mammal Sci. 14: 209-220.",1,Phocoena_phocoena
Phocoenoides dalli,Endotherm,50.000000000000000000,1.29,2.78,36.12142857, temperature taken to be similar to the mean body temperature of Odontoceti,"Hancock, C. & P. Bacon (1968) Diving times of Red-necked Grebe. British Birds 63: 299-300.",1,Phocoenoides_dalli
Physeter macrocephalus Males,Endotherm,50000.000000000000000000,36.3,73,36.3,"temperature taken from: Morrison, P. (1962). Body temperatures in some Australian mammals. III. Cetacea (Megaptera). The Biological Bulletin, 123(1), 154-169.","Watkins, W.A., M.A. Dahler, K.M., Fristrup, T.J. Howald & G.N. di Sciara (1993) Sperm whales tagged with transponders and tracked underwater by sonar. Mar. Mammal Sci. 9: 55-67.",1,Physeter_catodon
Platanista gangetica,Endotherm,77.500000000000000000,0.738,3,36.12142857, temperature taken to be similar to the mean body temperature of Odontoceti,"Pilleri, G. (1970) Observations on the Behaviour of Platanista gangetica in the Indus and Brahmaputra Rivers. Invest Cetacea 2: 27-60.",1,Platanista_gangetica
Podiceps auritus,Endotherm,0.400000000000000000,0.557,0.665,40.5,"temperature value from: Clarke A, and Rothery P. 2008. Scaling of body temperature in mammals and birds. Functional Ecology 22:58-67. ","Dow, D. (1964) Diving times of Wintering water birds. The Auk 81: 556-558.",1,Podiceps_auritus
Podiceps cristatus,Endotherm,1.000000000000000000,0.875,1.033333333,40.5,temperature taken to be similar to that for Podiceps auritus,"Edgar, A. (1962) A note on the diving of the two New Zealand grebes. Notornis 10: 42.",1,Podiceps_cristatus
Podiceps grisegena,Endotherm,1.100000000000000000,0.488,0.7,40.5,temperature taken to be similar to that for Podiceps auritus,"Simmons, K. (1969) Duration of dives in the Red-necked Grebe. British Birds 64: 300-302.",1,Podiceps_grisegena
Podilymbus (Podiceps) nigricollis,Endotherm,0.300000000000000000,NA,0.8,40.5,"temperature value from: Clarke A, and Rothery P. 2008. Scaling of body temperature in mammals and birds. Functional Ecology 22:58-67. ","Schreer, J.F. & K.M. Kovacs (1997) Allometry of diving capacity in air-breathing vertebrates. Can. J. Zool. 75: 339-358.",1,Podiceps_nigricollis
Podilymbus (Podiceps) podiceps,Endotherm,0.400000000000000000,0.377,0.541666667,39.3,"temperature value from: Clarke A, and Rothery P. 2008. Scaling of body temperature in mammals and birds. Functional Ecology 22:58-67. ","Jenni, D.A. & R.D. Gambs (1974) Diving Times of Grebes and Masked Ducks. The Auk 91: 415-417.",1,Podilymbus_podiceps
Poliocephalus poliocephalus,Endotherm,0.250000000000000000,0.3083,0.433333333,39.55, temperature taken to be similar to the mean body temperature of Podicipedidae,"Ropert-Coudert, Y. & A. Kato (2009) Diving Activity of Hoary-Headed (Poliocephalus poliocephalus) and Australasian Little (Tachybaptus novaehollandiae) Grebes. Waterbirds 32: 157-161.",1,Poliocephalus_poliocephalus
Procellaria aequinoctialis,Endotherm,1.300000000000000000,0.04,0.105,40.8,"temperature value from: Clarke A, and Rothery P. 2008. Scaling of body temperature in mammals and birds. Functional Ecology 22:58-67. ","Huin, N. (1994). Diving depths of white-chinned petrels. The Condor, 96(4), 1111-1113.",1,Procellaria_aequinoctialis
Ptychorhamphus aleuticus,Endotherm,0.194000000000000000,0.717,1.166666667,40.2, temperature taken to be similar to the mean body temperature of Alcidae,"Ainley D.G., Strong C., Penniman T., Boekelheide T. (1990) The feeding ecology of Farallon seabirds. p. 51-127. In: D.G. Ainley & R.J. Boekelkeide (eds.) Seabirds of the Farallon Islands: Ecology, Dynamics, and Structure of an Upwelling-System Community. Stanford University Press, Stanford, California. 450pp.",1,Ptychorhamphus_aleuticus
Puffinus gravis,Endotherm,0.863000000000000000,0.1158,0.516666667,40.9,temperature taken to be similar to that for the genus Puffinus,"Ronconi, R.A., P.G. Ryan & Y. Ropert-Coudert (2010) Diving of Great Shearwaters (Puffinus gravis) in Cold and Warm Water Regions of the South Atlantic Ocean. PLoS ONE 5: e15508.",1,Puffinus_gravis
Puffinus mauretanicus,Endotherm,0.500000000000000000,0.2933,1.1,40.9,temperature taken to be similar to that for Puffinus tenuirostris,"Aguillar, J.S., S.Benvenuti, L. Dall?Antonia, M. McMinn-GrivÇ, J. Mayol-Serra (2003) Preliminary results on the foraging ecology of Balearic shearwater (Puffinus mauretanicus) from bird-borne data loggers. Sci. Mar. 67: 129-134.",1,Puffinus_mauretanicus
Puffinus tenuirostris,Endotherm,0.600000000000000000,NA,0.2,40.9,"temperature value from: Clarke A, and Rothery P. 2008. Scaling of body temperature in mammals and birds. Functional Ecology 22:58-67. ","Halsey, L.G., P.J. Butler & T.M. Blackburn (2006) A phylogenetic analysis of the allometry of diving. Am. Nat. 167: 276-287.",1,Puffinus_tenuirostris
Phoca hispida Males,Endotherm,80.000000000000000000,2.6,23.2,36.7, temperature taken to be similar to the mean body temperature of Phocidae,"Kelly, B.P. & D. Wartzok (1996) Ringed seal diving behavior in the breeding season. Can J. Zool. 74: 1547-1555.",1,Pusa_hispida
Pygoscelis adeliae,Endotherm,4.500000000000000000,2.013,5.9,38,"temperature value from: Clarke A, and Rothery P. 2008. Scaling of body temperature in mammals and birds. Functional Ecology 22:58-67. ","Norman, F.I. & S.J. Ward (1993) Foraging group size and dive duration of AdÇlie penguins Pygoscelis adeliae at sea off Hop Island, Rauer group, East Antartica. Marine Ornithology 21: 37-47.",1,Pygoscelis_adeliae
Pygoscelis antartica,Endotherm,3.800000000000000000,NA,3.65,38,temperature taken to be similar to that for  Pygoscelis adeliae,"Takahashi, A., M.J. Dunn, P.N. Trathan, K. Sato, Y. Naito & J.P. Croxall (2003) Foraging strategies of chinstrap penguins at Signy Island, Antarctica: importance of benthic feeding on Antarctic krill. Mar. Ecol. Prog. Ser. 250: 279-289.",1,Pygoscelis_antartica
Pygoscelis papua,Endotherm,5.500000000000000000,3.5,6.3,38,temperature taken to be similar to that for  Pygoscelis adeliae,"Robinson, S.A. & M.A. Hindell (1996) Foraging ecology of gentoo penguins Pygoscelis papua at Macquarie Island during the period of chick care. Ibis 138: 722-731.",1,Pygoscelis_papua
Rheodytes leukops,Ectotherm,1.325000000000000000,44,105,15,data on mean or mean max dive times measured under anoxia (so the data are not confounded with aquatic respiration),"Priest, T. & C.E. Franklin (2002) Effect of water temperature and oxygen levels on the diving behaviour of two freshwater turtles: Rheodytes leukops and Emydura macquarii. J. Herpetol. 36: 555-561.",1,Rheodytes_leukops
Somateria mollissima,Endotherm,2.100000000000000000,0.52,0.983333333,40.87,"temperature value from: Sonne, C., Andersen, S., Mosbech, A., Flagstad, A., & Merkel, F. (2011). Monitoring Temperature and Heart Rate during Surgical Field Implantation of PTT-100 Satellite Transmitters in Greenland Sea Birds. Veterinary medicine international, 2011.","Nilsson, L. (1972) Habitat Selection, Food Choice, and Feeding Habits of Diving Ducks in Coastal Waters of SouthSweden during the Non-Breeding Season. Ornis Scandinavica 3: 55-78.",1,Somateria_mollissima
Somateria spectabilis,Endotherm,1.800000000000000000,NA,1.4,40.87,temperature taken to be similar to that for Somateria mollissima,"Schreer, J.F. & K.M. Kovacs (1997) Allometry of diving capacity in air-breathing vertebrates. Can. J. Zool. 75: 339-358.",1,Somateria_spectabilis
Sotalia fluviatilis,Endotherm,41.000000000000000000,0.667,1.5,36.5, temperature taken to be similar to the mean body temperature of Delphinidae,"Edwards,H.H. & G.D. Schnell (2001) Body length, swimming speed, dive duration and coloration of the dolphin Sotalia fluviatilis (Tucuxi) in Nicaragua. Caribb. J. Sci. 37: 271-298.",1,Sotalia_fluviatilis
Spheniscus demersus,Endotherm,3.000000000000000000,0.8,2.366666667,39.8,"temperature value from: Wilson, R. P., & GrÇmillet, D. A. V. I. D. (1996). Body temperatures of free-living African penguins (Spheniscus demersus) and bank cormorants (Phalacrocorax neglectus). Journal of Experimental Biology, 199(10), 2215-2223. ","Peterson, S.L., P.G. Ryan & D. Gremillet (2006) Is food availability limiting African Penguins Spheniscus demersus at Boulders? A comparison of foraging effort at mainland and island colonies. Ibis 148: 14-26.",1,Spheniscus_demersus
Spheniscus humboldti,Endotherm,4.295800000000000000,0.3067,2.75,39.8,temperature taken to be similar to that for Spheniscus demersus,"Luna-Jorquera, G. & B.M. Culik (1999) Diving behaviour of Humboldt Penguins Spheniscus humboldti in northern Chile. Marine Ornithology 27: 67-76.",1,Spheniscus_humboldti
Spheniscus magellanicus,Endotherm,5.000000000000000000,NA,4.6,39.8,temperature taken to be similar to that for Spheniscus demersus,"Walker, B.G. & P.D. Boersma (2003) Diving behavior of Magellanic penguins (Spheniscus magellanicus) at Punta Tombo, Argentina. Can. J. Zool. 81: 1471-1483.",1,Spheniscus_magellanicus
Spheniscus mendiculus,Endotherm,2.350000000000000000,0.0867,3.1,39.8,temperature taken to be similar to that for Spheniscus demersus,"Mills, K.L.. (2000) Diving Behaviour Of Two Gal†pagos Penguins Spheniscus mendiculus. Marine Ornithology 28: 75-79.",1,Spheniscus_mendiculus
Stenella attenuata,Endotherm,80.000000000000000000,1.95,5,37,temperature taken to be similar to that for Stenella longirostris,"Baird, R.W., A.D. Ligon, S.K. Hooker & A.M. Gorgone (2001) Subsurface and nighttime behaviour of pantropical spotted dolphins in Hawaii. Can. J. Zool. 79: 988?996",1,Stenella_attenuata
Stenella frontalis,Endotherm,127.000000000000000000,NA,6,37,temperature taken to be similar to that for Stenella longirostris,"Davis, R.W., G.A.J. Worthy, B. Wiirsig & S.K. Lynn (1996) ""Diving Behavior and At sea Movements of an Atlantic Spotted Dolphin in the Gulf of Mexico,"" Mar. Mamm. Sci. 12: 569-581.",1,Stenella_frontalis
Sula nebouxii,Endotherm,1.723000000000000000,0.1217,0.65,40.7,temperature taken to be similar to that for Sula dactylatra,"Zavalaga, C.B., S. Benvenuti, L. Dall?Antonia & S.D. Emslie (2007) Diving behavior of blue-footed boobies Sula nebouxii in northern Peru in relation to sex, body size and prey type. Mar. Ecol. Prog. Ser. 336: 291-303.",1,Sula_nebouxii
Sula sula,Endotherm,0.915000000000000000,0.02783,0.133333333,40.7,temperature taken to be similar to that for Sula dactylatra,"Weimerskirch, H., M. Le Corre, Y. Ropert-Coudert, A. Kato & F. Marsac (2005) The three-dimensional flight of red-footed boobies: adaptations to foraging in a tropical environment? Proc. R. Soc. B 272: 53-61.",1,Sula_sula
Sula variegata,Endotherm,1.300000000000000000,0.0517,0.25,40.7,temperature taken to be similar to that for Sula dactylatra,"Ludynia, K., S. Garthe & G. Luna-Jorquera (2010) Distribution and foraging behaviour of the Peruvian Booby (Sula variegata) off northern Chile. J. Ornithol. 151: 103-111.",1,Sula_variegata
Tachybaptus dominicus,Endotherm,0.100000000000000000,0.2567,0.391666667,39.55, temperature taken to be similar to the mean body temperature of Podicipedidae,"Jenni, D.A. & R.D. Gambs (1974) Diving Times of Grebes and Masked Ducks. The Auk 91: 415-417.",1,Tachybaptus_dominicus
Tachybaptus novaehollandiae,Endotherm,0.150000000000000000,0.2617,0.383333333,39.55, temperature taken to be similar to the mean body temperature of Podicipedidae,"Ropert-Coudert, Y. & A. Kato (2009) Diving Activity of Hoary-Headed (Poliocephalus poliocephalus) and Australasian Little (Tachybaptus novaehollandiae) Grebes. Waterbirds 32: 157-161.",1,Tachybaptus_novaehollandiae
Diomedea cauta,Endotherm,3.900000000000000000,0.1217,0.316666667,39.6,temperature taken to be similar to that for Diomedea exulans,"Hedd, A., R. Gales, N. Brothers & G. Robertson (1997) Diving behaviour of the shy albatross Diomedea cauta in Tasmania: initial findings and dive recorder assessment. Ibis 139: 452-460",1,Thalassarche_cauta
Chrysemys dorbignyi,Ectotherm,1.740000000000000000,11.2,31.6,27,data not averaged for day and night,"Santos, E.A., S.Y.T. Laitano & G.C. Genofre (1990). Diving physiology of Chrysemys dorbignyi Dum. & Bibr., 1835 (Reptilia: Chelonia). Comp. Biochem. Physiol. 95A: 229-236.",1,Trachemys_dorbigni
Tursiops truncatus,Endotherm,201.000000000000000000,0.43,4.333333333,36.75,"Temperature taken from: Melero, M., Rodr°guez-Prieto, V., Rubio-Garc°a, A., Garc°a-P†rraga, D., & S†nchez-Vizca°no, J. M. (2015). Thermal reference points as an index for monitoring body temperature in marine mammals. BMC research notes, 8(1), 411.","Mate, B.R., K.A. Rossbach, S.L. Nieukirk, R.S. Wells, A.B. Irvine, M.D. Scott & A.J. Read (1995) Satellite-monitored movements and dive behavior of a bottlenose dolphin (Tursiops truncatus) in Tampa Bay, Florida. Mar. Mammal Sci. 11: 452-463.",1,Tursiops_truncatus
Uria aalge,Endotherm,1.092000000000000000,1.117,3.366666667,41.6,"temperature value from: Clarke A, and Rothery P. 2008. Scaling of body temperature in mammals and birds. Functional Ecology 22:58-67. ","Wanless, S., J.A. Morris. & M.P. Harris (1988) Diving behaviour of guillemot Uria aalge, puffin Fratercula arctica and razorbill Alca torda as shown by radio-telemetry. J. Zool. (Lond.) 216: 73-81.",1,Uria_aalge
Uria lomvia,Endotherm,1.000000000000000000,1.133,4.1,39.7,"temperature value from: Sonne, C., Andersen, S., Mosbech, A., Flagstad, A., & Merkel, F. (2011). Monitoring Temperature and Heart Rate during Surgical Field Implantation of PTT-100 Satellite Transmitters in Greenland Sea Birds. Veterinary medicine international, 2011.","Elliott, K.H., G.K. Davoren & A.G. Gaston (2007) The influence of buoyancy and drag on the dive behaviour of an Arctic seabird, the Thick-billed Murre. Can. J. Zool. 85: 352-361.",1,Uria_lomvia
Ursus maritimus,Endotherm,262.500000000000000000,NA,3.166666667,36.8,body mass personally communicated by Ian Stirling,"Stirling I, van Meurs R (2015) Longest recorded underwater dive by a polar bear. Polar Biol 38:1301—1304",1,Ursus_maritimus
Zalophus californianus,Endotherm,110.100000000000000000,2.1,9.9,37,"temperature value from: Liwanag, H. E. M., Williams, T. M., Costa, D. P., Kanatous, S. B., Davis, R. W., & Boyd, I. L. (2009). The effects of water temperature on the energetic costs of juvenile and adult California sea lions (Zalophus californianus): the importance of skeletal muscle thermogenesis for thermal balance. Journal of Experimental Biology, 212(24), 3977-3984.","Feldkamp, S.D., R.L. DeLong & G.A. Antonelis (1989) Diving patterns of California sea lions, Zalophus californianus. Can. J. Zool. 67: 872?83.",1,Zalophus_californianus
Zalophus wollebaeki,Endotherm,92.000000000000000000,6.1,11.1,37,temperature taken to be similar to that for Zalophus californianus,"Villegas-Amtmann, S. & D.P. Costa (2010) Oxygen stores plasticity linked to foraging behaviour and pregnancy in a diving predator, the Galapagos sea lion. Funct. Ecol. 24: 785-795.",1,Zalophus_wollebaeki
Ziphius cavirostris,Endotherm,2112.500000000000000000,32.4,88.1,36.12142857, temperature taken to be similar to the mean body temperature of Odontoceti,"Barlow, J., K. Forney,  A. Von Saunder, & J. Urban-Ramirez (1997) A report of cetacean acoustic detection and dive interval studies (CADDIS) conducted in the southern Gulf of California, 1995. NOAA Tech. Mem. NMFS-SWFSC-250. 52pp.",1,Ziphius_cavirostris
Acalyptophis peronii,Ectotherm,0.248000000000000000,17.52,19,26.5,,"Heatwole, H. 1975. Voluntary submergence times of marine snakes. Mar. Biol. 32: 205-213.",0,
Acalyptophis peronii,Ectotherm,0.248000000000000000,17.67,19.21,26,,"Heatwole, H. 1975. Voluntary submergence times of marine snakes. Mar. Biol. 32: 205-213.",0,
Acalyptophis peronii,Ectotherm,0.205000000000000000,17.67,19.21,26.1,,"Heatwole, H. & R.S. Seymour (1975) Diving physiology. Chapter 15, p. 289-327. In: W. A. Dunson (ed.) The Biology of Sea Snakes. University Park Press, Baltimore. 530pp.",0,
Acalyptophis peronii,Ectotherm,0.285000000000000000,13.11,27.39,26.1,,"Heatwole, H. & R.S. Seymour (1975) Diving physiology. Chapter 15, p. 289-327. In: W. A. Dunson (ed.) The Biology of Sea Snakes. University Park Press, Baltimore. 530pp.",0,
Acalyptophis peronii,Ectotherm,0.220000000000000000,24.25,37.07,26.1,,"Heatwole, H. & R.S. Seymour (1975) Diving physiology. Chapter 15, p. 289-327. In: W. A. Dunson (ed.) The Biology of Sea Snakes. University Park Press, Baltimore. 530pp.",0,
Acalyptophis peronii,Ectotherm,0.248000000000000000,20.3,46.09,26,,"Heatwole, H. 1975. Voluntary submergence times of marine snakes. Mar. Biol. 32: 205-213.",0,
Acalyptophis peronii,Ectotherm,0.205000000000000000,27.4,46.09,26.1,,"Heatwole, H. & R.S. Seymour (1975) Diving physiology. Chapter 15, p. 289-327. In: W. A. Dunson (ed.) The Biology of Sea Snakes. University Park Press, Baltimore. 530pp.",0,
Acalyptophis peronii,Ectotherm,0.248000000000000000,30.21,54.11,26,,"Heatwole, H. 1975. Voluntary submergence times of marine snakes. Mar. Biol. 32: 205-213.",0,
Acrochordus arafurae,Ectotherm,0.083850000000000000,30,32,32,24C acclimated,"Bruton M.J., Cramp R.L., Franklin C.E. (2012) Benefits of thermal acclimation in a tropical aquatic ectotherm, the Arafura filesnake, Acrochordus arafurae. Comp Physiol B 182: 541. ",0,
Acrochordus arafurae,Ectotherm,0.082300000000000000,26,38,32,32C acclimated,"Bruton M.J., Cramp R.L., Franklin C.E. (2012) Benefits of thermal acclimation in a tropical aquatic ectotherm, the Arafura filesnake, Acrochordus arafurae. Comp Physiol B 182: 541. ",0,
Acrochordus arafurae,Ectotherm,2.320000000000000000,5.5,53.7,26,,"Pratt KL, Campbell HA, Watts ME, and Franklin CE. 2010. Environmental and ecological factors influencing dive behaviour in the freshwater snake Acrochordus arafurae: a field-based telemetric study. Marine and Freshwater Research 61:560-567.",0,
Acrochordus arafurae,Ectotherm,1.920000000000000000,7.2,55.4,26,,"Pratt KL, Campbell HA, Watts ME, and Franklin CE. 2010. Environmental and ecological factors influencing dive behaviour in the freshwater snake Acrochordus arafurae: a field-based telemetric study. Marine and Freshwater Research 61:560-567.",0,
Acrochordus arafurae,Ectotherm,2.000000000000000000,3.8,56.4,26,,"Pratt KL, Campbell HA, Watts ME, and Franklin CE. 2010. Environmental and ecological factors influencing dive behaviour in the freshwater snake Acrochordus arafurae: a field-based telemetric study. Marine and Freshwater Research 61:560-567.",0,
Acrochordus arafurae,Ectotherm,2.550000000000000000,11.1,56.9,26,,"Pratt KL, Campbell HA, Watts ME, and Franklin CE. 2010. Environmental and ecological factors influencing dive behaviour in the freshwater snake Acrochordus arafurae: a field-based telemetric study. Marine and Freshwater Research 61:560-567.",0,
Acrochordus arafurae,Ectotherm,0.083850000000000000,49,68,24,24C acclimated,"Bruton M.J., Cramp R.L., Franklin C.E. (2012) Benefits of thermal acclimation in a tropical aquatic ectotherm, the Arafura filesnake, Acrochordus arafurae. Comp Physiol B 182: 541. ",0,
Acrochordus arafurae,Ectotherm,0.082300000000000000,54,76,24,32C acclimated,"Bruton M.J., Cramp R.L., Franklin C.E. (2012) Benefits of thermal acclimation in a tropical aquatic ectotherm, the Arafura filesnake, Acrochordus arafurae. Comp Physiol B 182: 541. ",0,
Acrochordus granulatus,Ectotherm,0.326000000000000000,2.7,3.28,21,,"Heatwole, H. 1975. Voluntary submergence times of marine snakes. Mar. Biol. 32: 205-213.",0,
Acrochordus granulatus,Ectotherm,0.326000000000000000,2.25,3.33,24,,"Heatwole, H. 1975. Voluntary submergence times of marine snakes. Mar. Biol. 32: 205-213.",0,
Acrochordus granulatus,Ectotherm,0.326000000000000000,1.02,4.05,22,,"Heatwole, H. 1975. Voluntary submergence times of marine snakes. Mar. Biol. 32: 205-213.",0,
Acrochordus granulatus,Ectotherm,0.326000000000000000,0.88,6,23,,"Heatwole, H. 1975. Voluntary submergence times of marine snakes. Mar. Biol. 32: 205-213.",0,
Acrochordus granulatus,Ectotherm,0.326000000000000000,3.99,6.92,28,,"Heatwole, H. 1975. Voluntary submergence times of marine snakes. Mar. Biol. 32: 205-213.",0,
Acrochordus granulatus,Ectotherm,0.326000000000000000,1.97,9.08,29,,"Heatwole, H. 1975. Voluntary submergence times of marine snakes. Mar. Biol. 32: 205-213.",0,
Acrochordus granulatus,Ectotherm,0.326000000000000000,2.36,9.33,25,,"Heatwole, H. 1975. Voluntary submergence times of marine snakes. Mar. Biol. 32: 205-213.",0,
Acrochordus granulatus,Ectotherm,0.326000000000000000,1.25,9.42,24,,"Heatwole, H. 1975. Voluntary submergence times of marine snakes. Mar. Biol. 32: 205-213.",0,
Acrochordus granulatus,Ectotherm,0.326000000000000000,1.29,9.78,22,,"Heatwole, H. 1975. Voluntary submergence times of marine snakes. Mar. Biol. 32: 205-213.",0,
Acrochordus granulatus,Ectotherm,0.326000000000000000,10.46,14.5,24,,"Heatwole, H. 1975. Voluntary submergence times of marine snakes. Mar. Biol. 32: 205-213.",0,
Acrochordus granulatus,Ectotherm,0.326000000000000000,5.4,18.58,24,,"Heatwole, H. 1975. Voluntary submergence times of marine snakes. Mar. Biol. 32: 205-213.",0,
Acrochordus granulatus,Ectotherm,0.326000000000000000,6.08,19.08,25,,"Heatwole, H. 1975. Voluntary submergence times of marine snakes. Mar. Biol. 32: 205-213.",0,
Acrochordus granulatus,Ectotherm,0.326000000000000000,2.08,26.1,23,,"Heatwole, H. 1975. Voluntary submergence times of marine snakes. Mar. Biol. 32: 205-213.",0,
Acrochordus granulatus,Ectotherm,0.326000000000000000,13.49,32.83,28,,"Heatwole, H. 1975. Voluntary submergence times of marine snakes. Mar. Biol. 32: 205-213.",0,
Acrochordus granulatus,Ectotherm,0.326000000000000000,7.96,39.92,29,,"Heatwole, H. 1975. Voluntary submergence times of marine snakes. Mar. Biol. 32: 205-213.",0,
Acrochordus granulatus,Ectotherm,0.326000000000000000,33.13,77.66,26.1,,"Heatwole, H. & R.S. Seymour (1975) Diving physiology. Chapter 15, p. 289-327. In: W. A. Dunson (ed.) The Biology of Sea Snakes. University Park Press, Baltimore. 530pp.",0,
Acrochordus granulatus,Ectotherm,0.326000000000000000,38.74,116.9,26,,"Heatwole, H. 1975. Voluntary submergence times of marine snakes. Mar. Biol. 32: 205-213.",0,
Acrochordus granulatus,Ectotherm,0.326000000000000000,34.8,NA,19,,"Heatwole, H. 1975. Voluntary submergence times of marine snakes. Mar. Biol. 32: 205-213.",0,
Acrochordus granulatus,Ectotherm,0.326000000000000000,2.78,NA,19,,"Heatwole, H. 1975. Voluntary submergence times of marine snakes. Mar. Biol. 32: 205-213.",0,
Acrochordus granulatus,Ectotherm,0.326000000000000000,69.25,NA,26,,"Heatwole, H. 1975. Voluntary submergence times of marine snakes. Mar. Biol. 32: 205-213.",0,
Acrochordus granulatus,Ectotherm,0.326000000000000000,0.67,NA,26,,"Heatwole, H. 1975. Voluntary submergence times of marine snakes. Mar. Biol. 32: 205-213.",0,
Acrochordus granulatus,Ectotherm,0.326000000000000000,3.2,NA,30,,"Heatwole, H. 1975. Voluntary submergence times of marine snakes. Mar. Biol. 32: 205-213.",0,
Acrochordus javanicus,Ectotherm,0.994500000000000000,0.1033,0.667,21,"night, active","Pough FH. 1973. Heart rate, breathing and voluntary diving of the elephant trunk snake, Acrochordus javanicus. Comp. Biochem. Physiol. 44(A), 183-189.",0,
Acrochordus javanicus,Ectotherm,0.994500000000000000,0.992,2.917,21,"night, active","Pough FH. 1973. Heart rate, breathing and voluntary diving of the elephant trunk snake, Acrochordus javanicus. Comp. Biochem. Physiol. 44(A), 183-189.",0,
Aechmophorus occidentalis,Endotherm,0.900000000000000000,0.387,0.983,38.5,"temperature value from: Clarke A, and Rothery P. 2008. Scaling of body temperature in mammals and birds. Functional Ecology 22:58-67. ","Forbes, S.L. & S.G. Sealy (1988) Diving behaviour of male and female western grebes. Can. J. Zool. 66: 2695-2498.",0,
Aechmophorus occidentalis,Endotherm,0.900000000000000000,0.368,0.983,38.5,"temperature value from: Clarke A, and Rothery P. 2008. Scaling of body temperature in mammals and birds. Functional Ecology 22:58-67. ","Forbes, S.L. & S.G. Sealy (1988) Diving behaviour of male and female western grebes. Can. J. Zool. 66: 2695-2498.",0,
Aechmophorus occidentalis,Endotherm,0.900000000000000000,0.507,1.05,38.5,"temperature value from: Clarke A, and Rothery P. 2008. Scaling of body temperature in mammals and birds. Functional Ecology 22:58-67. ","Lawrence, G.E. (1950) The Diving and feeding activity of the Western grebe on the breeding grounds. The Condor 52: 3-16.",0,
Aechmophorus occidentalis,Endotherm,0.900000000000000000,0.667,1.133,38.5,"temperature value from: Clarke A, and Rothery P. 2008. Scaling of body temperature in mammals and birds. Functional Ecology 22:58-67. ","Forbes, S.L. & S.G. Sealy (1988) Diving behaviour of male and female western grebes. Can. J. Zool. 66: 2695-2498.",0,
Aipysurus duboisii,Ectotherm,0.355000000000000000,33.07,37.67,22,,"Heatwole, H. 1975. Voluntary submergence times of marine snakes. Mar. Biol. 32: 205-213.",0,
Aipysurus duboisii,Ectotherm,0.355000000000000000,16.31,45.76,26,,"Heatwole, H. 1975. Voluntary submergence times of marine snakes. Mar. Biol. 32: 205-213.",0,
Aipysurus duboisii,Ectotherm,0.355000000000000000,22.83,NA,25,,"Heatwole, H. 1975. Voluntary submergence times of marine snakes. Mar. Biol. 32: 205-213.",0,
Aipysurus duboisii,Ectotherm,0.355000000000000000,8.5,NA,26,,"Heatwole, H. 1975. Voluntary submergence times of marine snakes. Mar. Biol. 32: 205-213.",0,
Aipysurus duboisii,Ectotherm,0.355000000000000000,16.72,NA,28,,"Heatwole, H. 1975. Voluntary submergence times of marine snakes. Mar. Biol. 32: 205-213.",0,
Aipysurus laevis,Ectotherm,0.533000000000000000,6.27,8.12,26,,"Heatwole, H. 1975. Voluntary submergence times of marine snakes. Mar. Biol. 32: 205-213.",0,
Aipysurus laevis,Ectotherm,0.533000000000000000,8,9.08,26,,"Heatwole, H. 1975. Voluntary submergence times of marine snakes. Mar. Biol. 32: 205-213.",0,
Aipysurus laevis,Ectotherm,0.533000000000000000,15.38,18.73,23,,"Heatwole, H. 1975. Voluntary submergence times of marine snakes. Mar. Biol. 32: 205-213.",0,
Aipysurus laevis,Ectotherm,0.533000000000000000,18.35,21.75,26,,"Heatwole, H. 1975. Voluntary submergence times of marine snakes. Mar. Biol. 32: 205-213.",0,
Aipysurus laevis,Ectotherm,0.533000000000000000,20.02,30,23,,"Heatwole, H. 1975. Voluntary submergence times of marine snakes. Mar. Biol. 32: 205-213.",0,
Aipysurus laevis,Ectotherm,0.533000000000000000,27.82,35.85,22.5,,"Heatwole, H. 1975. Voluntary submergence times of marine snakes. Mar. Biol. 32: 205-213.",0,
Aipysurus laevis,Ectotherm,0.533000000000000000,17.23,NA,23,,"Heatwole, H. 1975. Voluntary submergence times of marine snakes. Mar. Biol. 32: 205-213.",0,
Aipysurus laevis,Ectotherm,0.533000000000000000,4.47,NA,26,,"Heatwole, H. 1975. Voluntary submergence times of marine snakes. Mar. Biol. 32: 205-213.",0,
Alca torda,Endotherm,0.730600000000000000,0.778,NA,41.3,"temperature value from: Clarke A, and Rothery P. 2008. Scaling of body temperature in mammals and birds. Functional Ecology 22:58-67. ","Benvenuti , S., L. Dall?Antonia & P. Lyngs (2001) Foraging behaviour and time allocation of chick-rearing Razorbills Alca torda at Graesholmen, central Baltic Sea. lbis 143: 402-412.",0,
Alca torda,Endotherm,0.616000000000000000,0.583,NA,41.3,"temperature value from: Clarke A, and Rothery P. 2008. Scaling of body temperature in mammals and birds. Functional Ecology 22:58-67. ","Wanless, S., J.A. Morris. & M.P. Harris (1988) Diving behaviour of guillemot Uria aalge, puffin Fratercula arctica and razorbill Alca torda as shown by radio-telemetry. J. Zool. (Lond.) 216: 73-81.",0,
Alca torda,Endotherm,,0.385,NA,41.3,original value from Clarke and Rothery,"Thaxter C, Wanless S, Daunt F, Harris M, Benvenuti S, Watanuki Y, GrÈmillet D, Hamer K (2010) Influence of wing loading on the trade-off between pursuit-diving and flight in common guillemots and razorbills. J Exp Biol 213:1018ñ1025",0,
Alle alle,Endotherm,,0.616666667,1.32,40.1,"temperature value from: Gabrielsen, G. W., Taylor, J. R., Konarzewski, M., & Mehlum, F. (1991). Field and laboratory metabolism and thermoregulation in dovekies (Alle alle). The Auk, 108(1), 71-78.","KARNOVSKY, N., BROWN, Z., WELCKER, J., HARDING, A., WALKUSZ, W., CAVALCANTI, A., HARDIN, J., KITAYSKY, A., GABRIELSEN, G. & GR…MILLET, D. 2011. Inter-colony comparison of diving behavior of an Arctic top predator: implications for warming in the Greenland Sea. Marine Ecology Progress Series 440: 229ñ240.",0,
Alle alle,Endotherm,,0.866666667,1.5,40.1,"temperature value from: Gabrielsen, G. W., Taylor, J. R., Konarzewski, M., & Mehlum, F. (1991). Field and laboratory metabolism and thermoregulation in dovekies (Alle alle). The Auk, 108(1), 71-78.","Harding AMA, Egevang C, Walkusz W, Merkel F, Blanc S, GrÈmillet D (2009) Estimating prey capture rates of a planktivorous seabird, the little auk (Alle alle), using diet, diving behaviour, and energy consumption. Polar Biology, 32: 785-796",0,
Amblyrhynchus cristatus,Ectotherm,2.254000000000000000,3.1,6.3,23.1,,"Hobson ES. 1969. Remarks on Aquatic Habits of the Galapagos Marine Iguana, Including Submergence Times, Cleaning Symbiosis, and the Shark Threat. Copeia 1969:401-402",0,
Amblyrhynchus cristatus,Ectotherm,2.254000000000000000,NA,30,22.8,,"Hobson, E.S. (1965) Observations on Diving in the Galapagos Marine Iguana, Amblyrhynchus cristatus (Bell). Copeia 1965: 249-250.",0,
Anhinga melanogaster,Endotherm,1.400000000000000000,0.467,1.133,40.9,temperature taken to be similar to that for Anhinga anhinga,"Ryan, P. (2007) Diving in shallow water: the foraging ecology of darters (Aves: Anhingidae). J. Avian Biol. 38: 507-514.",0,
Anisops deanei,Ectotherm,0.000012430000000000,4.733,NA,15,,"Matthews, P.G.D., & Seymour, R.S. (2008) Haemoglobin as a buoyancy regulator and oxygen supply in the backswimmer (Notonectidae, Anisops). Journal of Experimental Biology 211: 3790-3799; doi: 10.1242/jeb.018721
",0,
Anisops deanei,Ectotherm,0.000012430000000000,3.917,NA,20,,"Matthews, P.G.D., & Seymour, R.S. (2008) Haemoglobin as a buoyancy regulator and oxygen supply in the backswimmer (Notonectidae, Anisops). Journal of Experimental Biology 211: 3790-3799; doi: 10.1242/jeb.018721
",0,
Anisops deanei,Ectotherm,0.000012430000000000,2.083,NA,25,,"Matthews, P.G.D., & Seymour, R.S. (2008) Haemoglobin as a buoyancy regulator and oxygen supply in the backswimmer (Notonectidae, Anisops). Journal of Experimental Biology 211: 3790-3799; doi: 10.1242/jeb.018721
",0,
Anisops deanei,Ectotherm,0.000012430000000000,1.833,NA,30,,"Matthews, P.G.D., & Seymour, R.S. (2008) Haemoglobin as a buoyancy regulator and oxygen supply in the backswimmer (Notonectidae, Anisops). Journal of Experimental Biology 211: 3790-3799; doi: 10.1242/jeb.018721
",0,
Aonyx capensis,Endotherm,13.000000000000000000,0.35,NA,38.5, temperature taken to be similar to the mean body temperature of Lutrinae,"Somers, M.J. (2000) Foraging behaviour of Cape clawless otters Aonyx capensis in a marine habitat. J. Zool. (Lond.) 252: 473-480.",0,
Apalone ferox,Ectotherm,1.123300000000000000,5.4,NA,25,,"Prassack SL, Bagatto B, and Henry RP. 2001. Effects of temperature and aquatic PO2 on the physiology and behaviour of Apalone ferox and Chrysemys picta. J Exp Biol 204:2185-2195.",0,
Apalone ferox,Ectotherm,1.123300000000000000,18.6,NA,15,,"Prassack SL, Bagatto B, and Henry RP. 2001. Effects of temperature and aquatic PO2 on the physiology and behaviour of Apalone ferox and Chrysemys picta. J Exp Biol 204:2185-2195.",0,
Aptenodytes forsteri,Endotherm,25.400000000000000000,3.4,3.6,36.1,"temperature value from: Clarke A, and Rothery P. 2008. Scaling of body temperature in mammals and birds. Functional Ecology 22:58-67. ","Kirkwood, R. & G. Robertson (1997) The foraging ecology of female emperor penguins in winter. Ecol. Monogr. 67: 155-176.",0,
Aptenodytes forsteri,Endotherm,24.800000000000000000,4.37,4.57,36.1,"temperature value from: Clarke A, and Rothery P. 2008. Scaling of body temperature in mammals and birds. Functional Ecology 22:58-67. ","van Dam, R.P., P.J. Ponganis, K.V. Ponganis, D.H. Levenson & G. Marshall (2002) Stroke frequencies of emperor penguins diving under sea ice. J. Exp. Biol. 205: 3769-3774.",0,
Aptenodytes forsteri,Endotherm,24.700000000000000000,3.61,4.61,36.1,"temperature value from: Clarke A, and Rothery P. 2008. Scaling of body temperature in mammals and birds. Functional Ecology 22:58-67. ","van Dam, R.P., P.J. Ponganis, K.V. Ponganis, D.H. Levenson & G. Marshall (2002) Stroke frequencies of emperor penguins diving under sea ice. J. Exp. Biol. 205: 3769-3774.",0,
Aptenodytes forsteri,Endotherm,25.400000000000000000,4,5,36.1,"temperature value from: Clarke A, and Rothery P. 2008. Scaling of body temperature in mammals and birds. Functional Ecology 22:58-67. ","Kirkwood, R. & G. Robertson (1997) The foraging ecology of female emperor penguins in winter. Ecol. Monogr. 67: 155-176.",0,
Aptenodytes forsteri,Endotherm,24.300000000000000000,3.38,5.25,36.1,"temperature value from: Clarke A, and Rothery P. 2008. Scaling of body temperature in mammals and birds. Functional Ecology 22:58-67. ","van Dam, R.P., P.J. Ponganis, K.V. Ponganis, D.H. Levenson & G. Marshall (2002) Stroke frequencies of emperor penguins diving under sea ice. J. Exp. Biol. 205: 3769-3774.",0,
Aptenodytes forsteri,Endotherm,26.800000000000000000,6,7.35,36.1,"temperature value from: Clarke A, and Rothery P. 2008. Scaling of body temperature in mammals and birds. Functional Ecology 22:58-67. ","van Dam, R.P., P.J. Ponganis, K.V. Ponganis, D.H. Levenson & G. Marshall (2002) Stroke frequencies of emperor penguins diving under sea ice. J. Exp. Biol. 205: 3769-3774.",0,
Aptenodytes forsteri,Endotherm,25.350000000000000000,4.42,8.57,36.1,"temperature value from: Clarke A, and Rothery P. 2008. Scaling of body temperature in mammals and birds. Functional Ecology 22:58-67. ","van Dam, R.P., P.J. Ponganis, K.V. Ponganis, D.H. Levenson & G. Marshall (2002) Stroke frequencies of emperor penguins diving under sea ice. J. Exp. Biol. 205: 3769-3774.",0,
Aptenodytes forsteri,Endotherm,27.000000000000000000,5.63,9.08,36.1,"temperature value from: Clarke A, and Rothery P. 2008. Scaling of body temperature in mammals and birds. Functional Ecology 22:58-67. ","van Dam, R.P., P.J. Ponganis, K.V. Ponganis, D.H. Levenson & G. Marshall (2002) Stroke frequencies of emperor penguins diving under sea ice. J. Exp. Biol. 205: 3769-3774.",0,
Aptenodytes forsteri,Endotherm,25.000000000000000000,7.02,9.57,36.1,"temperature value from: Clarke A, and Rothery P. 2008. Scaling of body temperature in mammals and birds. Functional Ecology 22:58-67. ","van Dam, R.P., P.J. Ponganis, K.V. Ponganis, D.H. Levenson & G. Marshall (2002) Stroke frequencies of emperor penguins diving under sea ice. J. Exp. Biol. 205: 3769-3774.",0,
Aptenodytes forsteri,Endotherm,29.500000000000000000,5.46,10.35,36.1,"temperature value from: Clarke A, and Rothery P. 2008. Scaling of body temperature in mammals and birds. Functional Ecology 22:58-67. ","van Dam, R.P., P.J. Ponganis, K.V. Ponganis, D.H. Levenson & G. Marshall (2002) Stroke frequencies of emperor penguins diving under sea ice. J. Exp. Biol. 205: 3769-3774.",0,
Aptenodytes forsteri,Endotherm,25.500000000000000000,6,12,36.1,"temperature value from: Clarke A, and Rothery P. 2008. Scaling of body temperature in mammals and birds. Functional Ecology 22:58-67. ","Ponganis, P.J., R.P. Van Dam, G. Marshall, T. Knower & D.H. Levenson (2000) Sub-ice foraging behavior of emperor penguins. J. Exp. Biol. 203: 3275-3278.",0,
Aptenodytes forsteri,Endotherm,25.350000000000000000,2.5,12.2,36.1,"temperature value from: Clarke A, and Rothery P. 2008. Scaling of body temperature in mammals and birds. Functional Ecology 22:58-67. ","Zimmer, I., R.P. Wilson, C. Gilbert, M. Beaulieu, A. Ancel & J. Plîtz (2008) Foraging movements of emperor penguins at Pointe GÇologie, Antarctica. Polar Biol. 31: 229-243.",0,
Aptenodytes forsteri,Endotherm,24.200000000000000000,5.2,14.8,36.1,"temperature value from: Clarke A, and Rothery P. 2008. Scaling of body temperature in mammals and birds. Functional Ecology 22:58-67. ","Ponganis, P.J., R.P.V. Dam, D.H. Levenson, T. Knower, K. Ponganis & G. Marshall (2003) Regional heterothermy and conservation of core temperature in emperor penguins diving under sea ice. Comp. Biochem. Physiol. 135A: 477-487.",0,
Aptenodytes forsteri,Endotherm,25.300000000000000000,3.2,15.5,36.1,"temperature value from: Clarke A, and Rothery P. 2008. Scaling of body temperature in mammals and birds. Functional Ecology 22:58-67. ","Wienecke, B.C. & G. Robertson (1997) Foraging space of emperor penguins Aptenodytes forsteri in Antarctic shelf waters in winter. Mar. Ecol. Prog. Ser. 159: 249-263.",0,
Aptenodytes forsteri,Endotherm,26.560000000000000000,NA,15.8,36.1,"temperature value from: Clarke A, and Rothery P. 2008. Scaling of body temperature in mammals and birds. Functional Ecology 22:58-67. ","Kooyman, G.L. & T.G. Kooyman (1995) Diving Behavior of Emperor Penguins Nurturing Chicks at Coulman Island, Antarctica. The Condor 97: 536-549.",0,
Aptenodytes forsteri,Endotherm,25.350000000000000000,3.1,16.1,36.1,"temperature value from: Clarke A, and Rothery P. 2008. Scaling of body temperature in mammals and birds. Functional Ecology 22:58-67. ","Zimmer, I., R.P. Wilson, C. Gilbert, M. Beaulieu, A. Ancel & J. Plîtz (2008) Foraging movements of emperor penguins at Pointe GÇologie, Antarctica. Polar Biol. 31: 229-243.",0,
Aptenodytes forsteri,Endotherm,24.500000000000000000,2.4,18,36.1,"temperature value from: Clarke A, and Rothery P. 2008. Scaling of body temperature in mammals and birds. Functional Ecology 22:58-67. ","Kooyman, G.L., C.L. Drabek, R. Elsner & W.B. Campbell (1971) Diving Behavior of the Emperor Penguin, Aptenodytes forsteri. The Auk 88: 775-795.",0,
Aptenodytes forsteri,Endotherm,24.600000000000000000,2.24,27.6,36.1,"temperature value from: Clarke A, and Rothery P. 2008. Scaling of body temperature in mammals and birds. Functional Ecology 22:58-67. ","Sato, K., K. Shiomi, G. Marshall, G.L. Kooyman & P.J. Ponganis (2011) Stroke rates and diving air volumes of emperor penguins: implications for dive performance. J. Exp. Biol. 214: 2854-2863.",0,
Aptenodytes forsteri,Endotherm,,5.68,NA,36.1,original value from Clarke and Rothery,"Ponganis PJ, Stockard TK, Meir JU, Williams CL, Ponganis KV, Howard R (2009) O2 store management in diving emperor penguins. J Exp Biol 212:217ñ224",0,
Aptenodytes patagonicus,Endotherm,10.900000000000000000,2.017,5.917,36.1,temperature taken to be similar to that for Aptenodytes forsteri,"PÅtz, K. & Y. Cherel (2005) The diving behaviour of brooding king penguins (Aptenodytes patagonicus) from the Falkland Islands: variation in dive profiles and synchronous underwater swimming provide new insights into their foraging strategies. Mar. Biol. 147: 281-290.",0,
Aptenodytes patagonicus,Endotherm,10.900000000000000000,2.2,6,36.1,temperature taken to be similar to that for Aptenodytes forsteri,"PÅtz, K. & Y. Cherel (2005) The diving behaviour of brooding king penguins (Aptenodytes patagonicus) from the Falkland Islands: variation in dive profiles and synchronous underwater swimming provide new insights into their foraging strategies. Mar. Biol. 147: 281-290.",0,
Aptenodytes patagonicus,Endotherm,10.900000000000000000,3.25,6.3,36.1,temperature taken to be similar to that for Aptenodytes forsteri,"Culik, B.M., K. PÅtz, R.P. Wilson, D. Allers, J. Lage, C.A. Bost & Y. Le Maho (1996) Diving energetics in king penguins (Aptenodytes patagonicus). J. Exp. Biol. 199: 973-983.",0,
Aptenodytes patagonicus,Endotherm,10.900000000000000000,5.03,6.3,36.1,temperature taken to be similar to that for Aptenodytes forsteri,"Culik, B.M., K. PÅtz, R.P. Wilson, D. Allers, J. Lage, C.A. Bost & Y. Le Maho (1996) Diving energetics in king penguins (Aptenodytes patagonicus). J. Exp. Biol. 199: 973-983.",0,
Aptenodytes patagonicus,Endotherm,10.900000000000000000,2.55,6.583,36.1,temperature taken to be similar to that for Aptenodytes forsteri,"PÅtz, K. & Y. Cherel (2005) The diving behaviour of brooding king penguins (Aptenodytes patagonicus) from the Falkland Islands: variation in dive profiles and synchronous underwater swimming provide new insights into their foraging strategies. Mar. Biol. 147: 281-290.",0,
Aptenodytes patagonicus,Endotherm,10.900000000000000000,2.183,6.583,36.1,temperature taken to be similar to that for Aptenodytes forsteri,"PÅtz, K. & Y. Cherel (2005) The diving behaviour of brooding king penguins (Aptenodytes patagonicus) from the Falkland Islands: variation in dive profiles and synchronous underwater swimming provide new insights into their foraging strategies. Mar. Biol. 147: 281-290.",0,
Aptenodytes patagonicus,Endotherm,10.900000000000000000,2.75,7.083,36.1,temperature taken to be similar to that for Aptenodytes forsteri,"PÅtz, K. & Y. Cherel (2005) The diving behaviour of brooding king penguins (Aptenodytes patagonicus) from the Falkland Islands: variation in dive profiles and synchronous underwater swimming provide new insights into their foraging strategies. Mar. Biol. 147: 281-290.",0,
Aptenodytes patagonicus,Endotherm,10.900000000000000000,2.533,7.25,36.1,temperature taken to be similar to that for Aptenodytes forsteri,"PÅtz, K. & Y. Cherel (2005) The diving behaviour of brooding king penguins (Aptenodytes patagonicus) from the Falkland Islands: variation in dive profiles and synchronous underwater swimming provide new insights into their foraging strategies. Mar. Biol. 147: 281-290.",0,
Aptenodytes patagonicus,Endotherm,10.900000000000000000,2.65,7.417,36.1,temperature taken to be similar to that for Aptenodytes forsteri,"PÅtz, K. & Y. Cherel (2005) The diving behaviour of brooding king penguins (Aptenodytes patagonicus) from the Falkland Islands: variation in dive profiles and synchronous underwater swimming provide new insights into their foraging strategies. Mar. Biol. 147: 281-290.",0,
Aptenodytes patagonicus,Endotherm,10.600000000000000000,2.4,7.55,36.1,temperature taken to be similar to that for Aptenodytes forsteri,"Sato, K., Y. Naito, A. Kato, Y. Niizuma, Y. Watanuki, J.B. Charrassin, C.-A. Bost, Y. Handrich & Y. Le Maho (2002) Buoyancy and maximal diving depth in penguins: do they control inhaling air volume? J. Exp. Biol. 205: 1189-1197.",0,
Aptenodytes patagonicus,Endotherm,10.900000000000000000,3.033,7.583,36.1,temperature taken to be similar to that for Aptenodytes forsteri,"PÅtz, K. & Y. Cherel (2005) The diving behaviour of brooding king penguins (Aptenodytes patagonicus) from the Falkland Islands: variation in dive profiles and synchronous underwater swimming provide new insights into their foraging strategies. Mar. Biol. 147: 281-290.",0,
Aptenodytes patagonicus,Endotherm,10.900000000000000000,2.783,7.583,36.1,temperature taken to be similar to that for Aptenodytes forsteri,"PÅtz, K. & Y. Cherel (2005) The diving behaviour of brooding king penguins (Aptenodytes patagonicus) from the Falkland Islands: variation in dive profiles and synchronous underwater swimming provide new insights into their foraging strategies. Mar. Biol. 147: 281-290.",0,
Aptenodytes patagonicus,Endotherm,10.900000000000000000,2.517,7.583,36.1,temperature taken to be similar to that for Aptenodytes forsteri,"PÅtz, K. & Y. Cherel (2005) The diving behaviour of brooding king penguins (Aptenodytes patagonicus) from the Falkland Islands: variation in dive profiles and synchronous underwater swimming provide new insights into their foraging strategies. Mar. Biol. 147: 281-290.",0,
Aptenodytes patagonicus,Endotherm,10.900000000000000000,2.75,7.667,36.1,temperature taken to be similar to that for Aptenodytes forsteri,"PÅtz, K. & Y. Cherel (2005) The diving behaviour of brooding king penguins (Aptenodytes patagonicus) from the Falkland Islands: variation in dive profiles and synchronous underwater swimming provide new insights into their foraging strategies. Mar. Biol. 147: 281-290.",0,
Aptenodytes patagonicus,Endotherm,10.900000000000000000,2.8,7.667,36.1,temperature taken to be similar to that for Aptenodytes forsteri,"PÅtz, K. & Y. Cherel (2005) The diving behaviour of brooding king penguins (Aptenodytes patagonicus) from the Falkland Islands: variation in dive profiles and synchronous underwater swimming provide new insights into their foraging strategies. Mar. Biol. 147: 281-290.",0,
Aptenodytes patagonicus,Endotherm,10.900000000000000000,3.25,7.667,36.1,temperature taken to be similar to that for Aptenodytes forsteri,"PÅtz, K. & Y. Cherel (2005) The diving behaviour of brooding king penguins (Aptenodytes patagonicus) from the Falkland Islands: variation in dive profiles and synchronous underwater swimming provide new insights into their foraging strategies. Mar. Biol. 147: 281-290.",0,
Aptenodytes patagonicus,Endotherm,10.900000000000000000,3.55,7.667,36.1,temperature taken to be similar to that for Aptenodytes forsteri,"PÅtz, K. & Y. Cherel (2005) The diving behaviour of brooding king penguins (Aptenodytes patagonicus) from the Falkland Islands: variation in dive profiles and synchronous underwater swimming provide new insights into their foraging strategies. Mar. Biol. 147: 281-290.",0,
Aptenodytes patagonicus,Endotherm,12.860000000000000000,5.5,7.7,36.1,temperature taken to be similar to that for Aptenodytes forsteri,"Kooyman, G.L., Y. Cherel, Y. Le Maho, J.P. Croxall, P.H. Thorson, V. Ridoux & C.A. Kooyman (1992) Diving behavior and energetics during foraging cycles in King Penguins. Ecol. Monogr. 62: 143-163.",0,
Aptenodytes patagonicus,Endotherm,10.900000000000000000,2.167,8,36.1,temperature taken to be similar to that for Aptenodytes forsteri,"PÅtz, K. & Y. Cherel (2005) The diving behaviour of brooding king penguins (Aptenodytes patagonicus) from the Falkland Islands: variation in dive profiles and synchronous underwater swimming provide new insights into their foraging strategies. Mar. Biol. 147: 281-290.",0,
Aptenodytes patagonicus,Endotherm,12.000000000000000000,NA,8.4,36.1,temperature taken to be similar to that for Aptenodytes forsteri,"Moore, G.J., B. Wienecke & G. Robertson (1999) Seasonal change in foraging area and dive depths of breeding king penguins at Heard Island. Polar Biol. 21: 376-384.",0,
Aptenodytes patagonicus,Endotherm,10.900000000000000000,2.5,9.2,36.1,temperature taken to be similar to that for Aptenodytes forsteri,"PÅtz, K., R.P. Wilson, J.B. Charrassin, T. Raclot, J. Lage, Y. Le Maho, M.A.M. Kierspel, B.M. Culik & D. Adelung (1998) Foraging strategy of king penguins (Aptenodytes patagonicus) during summer at the Crozet Islands. Ecology 79: 1905-1921.",0,
Aptenodytes patagonicus,Endotherm,,4.4235,NA,36.1,approximated from Aptenodytes forsteri data,"Le Vaillant M, Wilson RP, Kato A, Saraux C, Hanuise H, PrudíHomme O, Le Maho Y, Le Bohec C, Ropert-Coudert Y (2012) King penguins adjust their diving behaviour with age. J Exp Biol 215:3685ñ3692",0,
Aptenodytes patagonicus,Endotherm,,4.529166667,NA,36.1,approximated from Aptenodytes forsteri data,"Le Vaillant M, Wilson RP, Kato A, Saraux C, Hanuise H, PrudíHomme O, Le Maho Y, Le Bohec C, Ropert-Coudert Y (2012) King penguins adjust their diving behaviour with age. J Exp Biol 215:3685ñ3692",0,
Arctocephalus forsteri Female,Endotherm,41.000000000000000000,1.02,4.42,37.7,temperature taken to be similar to that for Arctocephalus galapagoensis,"Mattlin, R.H., N.J. Gales & D.P. Costa (1998) Seasonal dive behaviour of lactating New Zealand fur seals (Arctocephalus forsteri). Can. J. Zool. 76: 350-360.",0,
Arctocephalus forsteri Female,Endotherm,41.000000000000000000,1.52,4.5,37.7,temperature taken to be similar to that for Arctocephalus galapagoensis,"Mattlin, R.H., N.J. Gales & D.P. Costa (1998) Seasonal dive behaviour of lactating New Zealand fur seals (Arctocephalus forsteri). Can. J. Zool. 76: 350-360.",0,
Arctocephalus forsteri Female,Endotherm,41.000000000000000000,1.4,5,37.7,temperature taken to be similar to that for Arctocephalus galapagoensis,"Mattlin, R.H., N.J. Gales & D.P. Costa (1998) Seasonal dive behaviour of lactating New Zealand fur seals (Arctocephalus forsteri). Can. J. Zool. 76: 350-360.",0,
Arctocephalus forsteri Female,Endotherm,41.000000000000000000,1.8,5.33,37.7,temperature taken to be similar to that for Arctocephalus galapagoensis,"Mattlin, R.H., N.J. Gales & D.P. Costa (1998) Seasonal dive behaviour of lactating New Zealand fur seals (Arctocephalus forsteri). Can. J. Zool. 76: 350-360.",0,
Arctocephalus forsteri Female,Endotherm,41.000000000000000000,3.54,5.33,37.7,temperature taken to be similar to that for Arctocephalus galapagoensis,"Mattlin, R.H., N.J. Gales & D.P. Costa (1998) Seasonal dive behaviour of lactating New Zealand fur seals (Arctocephalus forsteri). Can. J. Zool. 76: 350-360.",0,
Arctocephalus forsteri Female,Endotherm,41.000000000000000000,1.72,5.58,37.7,temperature taken to be similar to that for Arctocephalus galapagoensis,"Mattlin, R.H., N.J. Gales & D.P. Costa (1998) Seasonal dive behaviour of lactating New Zealand fur seals (Arctocephalus forsteri). Can. J. Zool. 76: 350-360.",0,
Arctocephalus forsteri Female,Endotherm,41.000000000000000000,1.5,5.67,37.7,temperature taken to be similar to that for Arctocephalus galapagoensis,"Mattlin, R.H., N.J. Gales & D.P. Costa (1998) Seasonal dive behaviour of lactating New Zealand fur seals (Arctocephalus forsteri). Can. J. Zool. 76: 350-360.",0,
Arctocephalus forsteri Female,Endotherm,41.000000000000000000,2.9,5.67,37.7,temperature taken to be similar to that for Arctocephalus galapagoensis,"Mattlin, R.H., N.J. Gales & D.P. Costa (1998) Seasonal dive behaviour of lactating New Zealand fur seals (Arctocephalus forsteri). Can. J. Zool. 76: 350-360.",0,
Arctocephalus forsteri Female,Endotherm,41.000000000000000000,2.68,5.67,37.7,temperature taken to be similar to that for Arctocephalus galapagoensis,"Mattlin, R.H., N.J. Gales & D.P. Costa (1998) Seasonal dive behaviour of lactating New Zealand fur seals (Arctocephalus forsteri). Can. J. Zool. 76: 350-360.",0,
Arctocephalus forsteri Female,Endotherm,41.000000000000000000,2.22,6,37.7,temperature taken to be similar to that for Arctocephalus galapagoensis,"Mattlin, R.H., N.J. Gales & D.P. Costa (1998) Seasonal dive behaviour of lactating New Zealand fur seals (Arctocephalus forsteri). Can. J. Zool. 76: 350-360.",0,
Arctocephalus forsteri Female,Endotherm,41.000000000000000000,2.58,6.08,37.7,temperature taken to be similar to that for Arctocephalus galapagoensis,"Mattlin, R.H., N.J. Gales & D.P. Costa (1998) Seasonal dive behaviour of lactating New Zealand fur seals (Arctocephalus forsteri). Can. J. Zool. 76: 350-360.",0,
Arctocephalus forsteri Female,Endotherm,41.000000000000000000,2.26,6.17,37.7,temperature taken to be similar to that for Arctocephalus galapagoensis,"Mattlin, R.H., N.J. Gales & D.P. Costa (1998) Seasonal dive behaviour of lactating New Zealand fur seals (Arctocephalus forsteri). Can. J. Zool. 76: 350-360.",0,
Arctocephalus forsteri Female,Endotherm,41.000000000000000000,2.78,6.33,37.7,temperature taken to be similar to that for Arctocephalus galapagoensis,"Mattlin, R.H., N.J. Gales & D.P. Costa (1998) Seasonal dive behaviour of lactating New Zealand fur seals (Arctocephalus forsteri). Can. J. Zool. 76: 350-360.",0,
Arctocephalus forsteri Female,Endotherm,41.000000000000000000,3.4,6.67,37.7,temperature taken to be similar to that for Arctocephalus galapagoensis,"Mattlin, R.H., N.J. Gales & D.P. Costa (1998) Seasonal dive behaviour of lactating New Zealand fur seals (Arctocephalus forsteri). Can. J. Zool. 76: 350-360.",0,
Arctocephalus forsteri Female,Endotherm,41.000000000000000000,2.82,7.17,37.7,temperature taken to be similar to that for Arctocephalus galapagoensis,"Mattlin, R.H., N.J. Gales & D.P. Costa (1998) Seasonal dive behaviour of lactating New Zealand fur seals (Arctocephalus forsteri). Can. J. Zool. 76: 350-360.",0,
Arctocephalus forsteri Female,Endotherm,41.000000000000000000,3.61,9.17,37.7,temperature taken to be similar to that for Arctocephalus galapagoensis,"Mattlin, R.H., N.J. Gales & D.P. Costa (1998) Seasonal dive behaviour of lactating New Zealand fur seals (Arctocephalus forsteri). Can. J. Zool. 76: 350-360.",0,
Arctocephalus forsteri Female,Endotherm,41.000000000000000000,4.21,11.17,37.7,temperature taken to be similar to that for Arctocephalus galapagoensis,"Mattlin, R.H., N.J. Gales & D.P. Costa (1998) Seasonal dive behaviour of lactating New Zealand fur seals (Arctocephalus forsteri). Can. J. Zool. 76: 350-360.",0,
Arctocephalus forsteri Juveniles,Endotherm,15.900000000000000000,0.2667,0.85,37.7,temperature taken to be similar to that for Arctocephalus galapagoensis,"Baylis, A.M.M., B. Page, K. Peters, R. McIntosh, J. McKenzie & S.D. Goldsworthy (2005) The ontogeny of dive behaviour in New Zealand fur seal pups (Arctocephalus forsteri) . Can. J. Zool. 83: 1149?1161.",0,
Arctocephalus forsteri Juveniles,Endotherm,15.300000000000000000,0.367,0.967,37.7,temperature taken to be similar to that for Arctocephalus galapagoensis,"Baylis, A.M.M., B. Page, K. Peters, R. McIntosh, J. McKenzie & S.D. Goldsworthy (2005) The ontogeny of dive behaviour in New Zealand fur seal pups (Arctocephalus forsteri) . Can. J. Zool. 83: 1149?1161.",0,
Arctocephalus forsteri Juveniles,Endotherm,18.900000000000000000,0.3,1.1,37.7,temperature taken to be similar to that for Arctocephalus galapagoensis,"Baylis, A.M.M., B. Page, K. Peters, R. McIntosh, J. McKenzie & S.D. Goldsworthy (2005) The ontogeny of dive behaviour in New Zealand fur seal pups (Arctocephalus forsteri) . Can. J. Zool. 83: 1149?1161.",0,
Arctocephalus forsteri Juveniles,Endotherm,22.600000000000000000,0.2667,1.283,37.7,temperature taken to be similar to that for Arctocephalus galapagoensis,"Baylis, A.M.M., B. Page, K. Peters, R. McIntosh, J. McKenzie & S.D. Goldsworthy (2005) The ontogeny of dive behaviour in New Zealand fur seal pups (Arctocephalus forsteri) . Can. J. Zool. 83: 1149?1161.",0,
Arctocephalus forsteri Juveniles,Endotherm,19.400000000000000000,0.2833,1.283,37.7,temperature taken to be similar to that for Arctocephalus galapagoensis,"Baylis, A.M.M., B. Page, K. Peters, R. McIntosh, J. McKenzie & S.D. Goldsworthy (2005) The ontogeny of dive behaviour in New Zealand fur seal pups (Arctocephalus forsteri) . Can. J. Zool. 83: 1149?1161.",0,
Arctocephalus forsteri Juveniles,Endotherm,18.500000000000000000,0.4,1.317,37.7,temperature taken to be similar to that for Arctocephalus galapagoensis,"Baylis, A.M.M., B. Page, K. Peters, R. McIntosh, J. McKenzie & S.D. Goldsworthy (2005) The ontogeny of dive behaviour in New Zealand fur seal pups (Arctocephalus forsteri) . Can. J. Zool. 83: 1149?1161.",0,
Arctocephalus forsteri Juveniles,Endotherm,18.800000000000000000,0.383,1.483,37.7,temperature taken to be similar to that for Arctocephalus galapagoensis,"Baylis, A.M.M., B. Page, K. Peters, R. McIntosh, J. McKenzie & S.D. Goldsworthy (2005) The ontogeny of dive behaviour in New Zealand fur seal pups (Arctocephalus forsteri) . Can. J. Zool. 83: 1149?1161.",0,
Arctocephalus forsteri Juveniles,Endotherm,19.600000000000000000,0.333,1.533,37.7,temperature taken to be similar to that for Arctocephalus galapagoensis,"Baylis, A.M.M., B. Page, K. Peters, R. McIntosh, J. McKenzie & S.D. Goldsworthy (2005) The ontogeny of dive behaviour in New Zealand fur seal pups (Arctocephalus forsteri) . Can. J. Zool. 83: 1149?1161.",0,
Arctocephalus forsteri Juveniles,Endotherm,17.500000000000000000,0.417,1.567,37.7,temperature taken to be similar to that for Arctocephalus galapagoensis,"Baylis, A.M.M., B. Page, K. Peters, R. McIntosh, J. McKenzie & S.D. Goldsworthy (2005) The ontogeny of dive behaviour in New Zealand fur seal pups (Arctocephalus forsteri) . Can. J. Zool. 83: 1149?1161.",0,
Arctocephalus forsteri Juveniles,Endotherm,17.900000000000000000,0.4,1.733,37.7,temperature taken to be similar to that for Arctocephalus galapagoensis,"Baylis, A.M.M., B. Page, K. Peters, R. McIntosh, J. McKenzie & S.D. Goldsworthy (2005) The ontogeny of dive behaviour in New Zealand fur seal pups (Arctocephalus forsteri) . Can. J. Zool. 83: 1149?1161.",0,
Arctocephalus forsteri Juveniles,Endotherm,19.600000000000000000,0.383,1.8,37.7,temperature taken to be similar to that for Arctocephalus galapagoensis,"Baylis, A.M.M., B. Page, K. Peters, R. McIntosh, J. McKenzie & S.D. Goldsworthy (2005) The ontogeny of dive behaviour in New Zealand fur seal pups (Arctocephalus forsteri) . Can. J. Zool. 83: 1149?1161.",0,
Arctocephalus forsteri Juveniles,Endotherm,14.500000000000000000,0.433,1.9,37.7,temperature taken to be similar to that for Arctocephalus galapagoensis,"Baylis, A.M.M., B. Page, K. Peters, R. McIntosh, J. McKenzie & S.D. Goldsworthy (2005) The ontogeny of dive behaviour in New Zealand fur seal pups (Arctocephalus forsteri) . Can. J. Zool. 83: 1149?1161.",0,
Arctocephalus forsteri Juveniles,Endotherm,16.300000000000000000,0.433,2.2,37.7,temperature taken to be similar to that for Arctocephalus galapagoensis,"Baylis, A.M.M., B. Page, K. Peters, R. McIntosh, J. McKenzie & S.D. Goldsworthy (2005) The ontogeny of dive behaviour in New Zealand fur seal pups (Arctocephalus forsteri) . Can. J. Zool. 83: 1149?1161.",0,
Arctocephalus forsteri Juveniles,Endotherm,17.600000000000000000,0.6,2.317,37.7,temperature taken to be similar to that for Arctocephalus galapagoensis,"Baylis, A.M.M., B. Page, K. Peters, R. McIntosh, J. McKenzie & S.D. Goldsworthy (2005) The ontogeny of dive behaviour in New Zealand fur seal pups (Arctocephalus forsteri) . Can. J. Zool. 83: 1149?1161.",0,
Arctocephalus forsteri Juveniles,Endotherm,18.000000000000000000,0.483,2.333,37.7,temperature taken to be similar to that for Arctocephalus galapagoensis,"Baylis, A.M.M., B. Page, K. Peters, R. McIntosh, J. McKenzie & S.D. Goldsworthy (2005) The ontogeny of dive behaviour in New Zealand fur seal pups (Arctocephalus forsteri) . Can. J. Zool. 83: 1149?1161.",0,
Arctocephalus forsteri Juveniles,Endotherm,17.500000000000000000,0.45,2.383,37.7,temperature taken to be similar to that for Arctocephalus galapagoensis,"Baylis, A.M.M., B. Page, K. Peters, R. McIntosh, J. McKenzie & S.D. Goldsworthy (2005) The ontogeny of dive behaviour in New Zealand fur seal pups (Arctocephalus forsteri) . Can. J. Zool. 83: 1149?1161.",0,
Arctocephalus forsteri Juveniles,Endotherm,18.500000000000000000,0.433,2.4,37.7,temperature taken to be similar to that for Arctocephalus galapagoensis,"Baylis, A.M.M., B. Page, K. Peters, R. McIntosh, J. McKenzie & S.D. Goldsworthy (2005) The ontogeny of dive behaviour in New Zealand fur seal pups (Arctocephalus forsteri) . Can. J. Zool. 83: 1149?1161.",0,
Arctocephalus forsteri Juveniles,Endotherm,16.500000000000000000,0.45,2.767,37.7,temperature taken to be similar to that for Arctocephalus galapagoensis,"Baylis, A.M.M., B. Page, K. Peters, R. McIntosh, J. McKenzie & S.D. Goldsworthy (2005) The ontogeny of dive behaviour in New Zealand fur seal pups (Arctocephalus forsteri) . Can. J. Zool. 83: 1149?1161.",0,
Arctocephalus forsteri Juveniles,Endotherm,16.600000000000000000,0.383,2.933,37.7,temperature taken to be similar to that for Arctocephalus galapagoensis,"Baylis, A.M.M., B. Page, K. Peters, R. McIntosh, J. McKenzie & S.D. Goldsworthy (2005) The ontogeny of dive behaviour in New Zealand fur seal pups (Arctocephalus forsteri) . Can. J. Zool. 83: 1149?1161.",0,
Arctocephalus forsteri Juveniles,Endotherm,15.800000000000000000,0.45,3.167,37.7,temperature taken to be similar to that for Arctocephalus galapagoensis,"Baylis, A.M.M., B. Page, K. Peters, R. McIntosh, J. McKenzie & S.D. Goldsworthy (2005) The ontogeny of dive behaviour in New Zealand fur seal pups (Arctocephalus forsteri) . Can. J. Zool. 83: 1149?1161.",0,
Arctocephalus forsteri Juveniles,Endotherm,16.000000000000000000,0.333,3.3,37.7,temperature taken to be similar to that for Arctocephalus galapagoensis,"Baylis, A.M.M., B. Page, K. Peters, R. McIntosh, J. McKenzie & S.D. Goldsworthy (2005) The ontogeny of dive behaviour in New Zealand fur seal pups (Arctocephalus forsteri) . Can. J. Zool. 83: 1149?1161.",0,
Arctocephalus forsteri Male,Endotherm,106.400000000000000000,6,10.8,37.7,temperature taken to be similar to that for Arctocephalus galapagoensis,"Page, B., J. McKenzie, M.A. Hindell & S.D. Goldsworthy (2005) Drift dives by male New Zealand fur seals (Arctocephalus forsteri). Can. J. Zool. 83: 293-300.",0,
Arctocephalus galapagoensis Females,Endotherm,28.830000000000000000,1.32,6.5,37.7,"temperature value from: Limberger, D., Trillmich, F., Biebach, H., & Stevenson, R. D. (1986). Temperature regulation and microhabitat choice by free-ranging Galapagos fur seal pups (Arctocephalus galapagoensis). Oecologia, 69(1), 53-59.","Horning, M. & F. Trillmich (1997) Ontogeny of diving behaviour in the Galapagos fur seal. Behaviour 134: 1211-1257.",0,
Arctocephalus galapagoensis Juveniles,Endotherm,10.030000000000000000,0.11,1,37.7,"temperature value from: Limberger, D., Trillmich, F., Biebach, H., & Stevenson, R. D. (1986). Temperature regulation and microhabitat choice by free-ranging Galapagos fur seal pups (Arctocephalus galapagoensis). Oecologia, 69(1), 53-59.","Horning, M. & F. Trillmich (1997) Ontogeny of diving behaviour in the Galapagos fur seal. Behaviour 134: 1211-1257.",0,
Arctocephalus galapagoensis Juveniles,Endotherm,9.560000000000000000,0.7,3.08,37.7,"temperature value from: Limberger, D., Trillmich, F., Biebach, H., & Stevenson, R. D. (1986). Temperature regulation and microhabitat choice by free-ranging Galapagos fur seal pups (Arctocephalus galapagoensis). Oecologia, 69(1), 53-59.","Horning, M. & F. Trillmich (1997) Ontogeny of diving behaviour in the Galapagos fur seal. Behaviour 134: 1211-1257.",0,
Arctocephalus galapagoensis Juveniles,Endotherm,10.600000000000000000,0.6,3.33,37.7,"temperature value from: Limberger, D., Trillmich, F., Biebach, H., & Stevenson, R. D. (1986). Temperature regulation and microhabitat choice by free-ranging Galapagos fur seal pups (Arctocephalus galapagoensis). Oecologia, 69(1), 53-59.","Horning, M. & F. Trillmich (1997) Ontogeny of diving behaviour in the Galapagos fur seal. Behaviour 134: 1211-1257.",0,
Arctocephalus galapagoensis Juveniles,Endotherm,14.850000000000000000,0.96,3.33,37.7,"temperature value from: Limberger, D., Trillmich, F., Biebach, H., & Stevenson, R. D. (1986). Temperature regulation and microhabitat choice by free-ranging Galapagos fur seal pups (Arctocephalus galapagoensis). Oecologia, 69(1), 53-59.","Horning, M. & F. Trillmich (1997) Ontogeny of diving behaviour in the Galapagos fur seal. Behaviour 134: 1211-1257.",0,
Arctocephalus galapagoensis Juveniles,Endotherm,15.040000000000000000,0.92,3.75,37.7,"temperature value from: Limberger, D., Trillmich, F., Biebach, H., & Stevenson, R. D. (1986). Temperature regulation and microhabitat choice by free-ranging Galapagos fur seal pups (Arctocephalus galapagoensis). Oecologia, 69(1), 53-59.","Horning, M. & F. Trillmich (1997) Ontogeny of diving behaviour in the Galapagos fur seal. Behaviour 134: 1211-1257.",0,
Arctocephalus galapagoensis Juveniles,Endotherm,15.820000000000000000,0.72,4.25,37.7,"temperature value from: Limberger, D., Trillmich, F., Biebach, H., & Stevenson, R. D. (1986). Temperature regulation and microhabitat choice by free-ranging Galapagos fur seal pups (Arctocephalus galapagoensis). Oecologia, 69(1), 53-59.","Horning, M. & F. Trillmich (1997) Ontogeny of diving behaviour in the Galapagos fur seal. Behaviour 134: 1211-1257.",0,
Arctocephalus galapagoensis Juveniles,Endotherm,12.980000000000000000,0.58,5.83,37.7,"temperature value from: Limberger, D., Trillmich, F., Biebach, H., & Stevenson, R. D. (1986). Temperature regulation and microhabitat choice by free-ranging Galapagos fur seal pups (Arctocephalus galapagoensis). Oecologia, 69(1), 53-59.","Horning, M. & F. Trillmich (1997) Ontogeny of diving behaviour in the Galapagos fur seal. Behaviour 134: 1211-1257.",0,
Arctocephalus gazella Female,Endotherm,36.500000000000000000,1,2.8,37.7,temperature taken to be similar to that for Arctocephalus galapagoensis,"Boyd, I.L. & J.P. Croxall (1992) Diving behaviour of lactating Antarctic fur seals. Can. J. Zool. 70: 919?928.",0,
Arctocephalus gazella Female,Endotherm,38.000000000000000000,1,3.3,37.7,temperature taken to be similar to that for Arctocephalus galapagoensis,"Boyd, I.L. & J.P. Croxall (1992) Diving behaviour of lactating Antarctic fur seals. Can. J. Zool. 70: 919?928.",0,
Arctocephalus gazella Female,Endotherm,42.500000000000000000,1,3.5,37.7,temperature taken to be similar to that for Arctocephalus galapagoensis,"Boyd, I.L. & J.P. Croxall (1992) Diving behaviour of lactating Antarctic fur seals. Can. J. Zool. 70: 919?928.",0,
Arctocephalus gazella Female,Endotherm,48.000000000000000000,0.83,3.5,37.7,temperature taken to be similar to that for Arctocephalus galapagoensis,"Boyd, I.L. & J.P. Croxall (1992) Diving behaviour of lactating Antarctic fur seals. Can. J. Zool. 70: 919?928.",0,
Arctocephalus gazella Female,Endotherm,42.000000000000000000,1,3.5,37.7,temperature taken to be similar to that for Arctocephalus galapagoensis,"Boyd, I.L. & J.P. Croxall (1992) Diving behaviour of lactating Antarctic fur seals. Can. J. Zool. 70: 919?928.",0,
Arctocephalus gazella Female,Endotherm,46.000000000000000000,1,3.7,37.7,temperature taken to be similar to that for Arctocephalus galapagoensis,"Boyd, I.L. & J.P. Croxall (1992) Diving behaviour of lactating Antarctic fur seals. Can. J. Zool. 70: 919?928.",0,
Arctocephalus gazella Female,Endotherm,38.000000000000000000,0.83,3.7,37.7,temperature taken to be similar to that for Arctocephalus galapagoensis,"Boyd, I.L. & J.P. Croxall (1992) Diving behaviour of lactating Antarctic fur seals. Can. J. Zool. 70: 919?928.",0,
Arctocephalus gazella Female,Endotherm,34.200000000000000000,0.7,4.17,37.7,temperature taken to be similar to that for Arctocephalus galapagoensis,"Robinson, S.A., S.G. Goldsworthy, J. Van den Hoff & M.A. Hindell (2002) The foraging ecology of two sympatric fur seal species Arctocephalus gazelle and Arctocephalus tropicalis at Macquarie Island during the austral summer. Mar. Freshwat. Res. 53: 1071-1082.",0,
Arctocephalus gazella Female,Endotherm,45.000000000000000000,1.17,4.2,37.7,temperature taken to be similar to that for Arctocephalus galapagoensis,"Boyd, I.L. & J.P. Croxall (1992) Diving behaviour of lactating Antarctic fur seals. Can. J. Zool. 70: 919?928.",0,
Arctocephalus gazella Female,Endotherm,37.400000000000000000,0.87,4.7,37.7,temperature taken to be similar to that for Arctocephalus galapagoensis,"Robinson, S.A., S.G. Goldsworthy, J. Van den Hoff & M.A. Hindell (2002) The foraging ecology of two sympatric fur seal species Arctocephalus gazelle and Arctocephalus tropicalis at Macquarie Island during the austral summer. Mar. Freshwat. Res. 53: 1071-1082.",0,
Arctocephalus gazella Female,Endotherm,37.500000000000000000,1.7,4.9,37.7,temperature taken to be similar to that for Arctocephalus galapagoensis,"Kooyman, G.L., R.W. Davis & J.P. Croxall (1986) Diving Behavior of Antarctic Fur Seals. p. 115-125. In: R.L. Gentry & G.L. Kooyman (eds.) Fur Seals: Maternal Strategies on Land and at Sea. Princeton University Press, New Jersey. 291pp.",0,
Arctocephalus gazella Female,Endotherm,31.725000000000000000,1.6,5.3,37.7,temperature taken to be similar to that for Arctocephalus galapagoensis,"Lea, M.A., M. Hindell, C. Guinet & S.D. Goldsworthy (2002) Variability in the diving activity of Antarctic fur seals, Arctocephalus gazella, at ◊les Kerguelen. Polar Biol. 25: 269-279.",0,
Arctocephalus gazella Female,Endotherm,37.500000000000000000,0.64,5.33,37.7,temperature taken to be similar to that for Arctocephalus galapagoensis,"Goebel, M.E., D.P. Costa, D.E. Crocker, J.T. Sterling & D.A. Demer (2000) Foraging Ranges and Dive Patterns in Relation to Bathymetry and Time-of-Day of Antarctic Fur Seals, Cape Shirreff, Livingston Island, Antarctica. p. 47-50. In: W. Davison, C. Howard-Williams & P. Broady (eds.) Antarctic ecosystems: Models for wider ecological understanding. Caxton press, Christchurch. 334pp.",0,
Arctocephalus gazella Female,Endotherm,39.500000000000000000,0.75,6.5,37.7,temperature taken to be similar to that for Arctocephalus galapagoensis,"Boyd, I.L. & J.P. Croxall (1992) Diving behaviour of lactating Antarctic fur seals. Can. J. Zool. 70: 919?928.",0,
Arctocephalus gazella Female,Endotherm,40.500000000000000000,0.83,7.3,37.7,temperature taken to be similar to that for Arctocephalus galapagoensis,"Boyd, I.L. & J.P. Croxall (1992) Diving behaviour of lactating Antarctic fur seals. Can. J. Zool. 70: 919?928.",0,
Arctocephalus gazella Female,Endotherm,37.500000000000000000,1.01,7.83,37.7,temperature taken to be similar to that for Arctocephalus galapagoensis,"Goebel, M.E., D.P. Costa, D.E. Crocker, J.T. Sterling & D.A. Demer (2000) Foraging Ranges and Dive Patterns in Relation to Bathymetry and Time-of-Day of Antarctic Fur Seals, Cape Shirreff, Livingston Island, Antarctica. p. 47-50. In: W. Davison, C. Howard-Williams & P. Broady (eds.) Antarctic ecosystems: Models for wider ecological understanding. Caxton press, Christchurch. 334pp.",0,
Arctocephalus gazella Female,Endotherm,29.000000000000000000,0.75,NA,37.7,temperature taken to be similar to that for Arctocephalus galapagoensis,"Boyd, I.L., K. Reid & R.M. Bevan (1995) Swimming speed and allocation of time during the dive cycle in Antarctic fur seals. Anim. Behav. 50: 769?784.",0,
Arctocephalus gazella Female,Endotherm,34.500000000000000000,0.75,NA,37.7,temperature taken to be similar to that for Arctocephalus galapagoensis,"Boyd, I.L., K. Reid & R.M. Bevan (1995) Swimming speed and allocation of time during the dive cycle in Antarctic fur seals. Anim. Behav. 50: 769?784.",0,
Arctocephalus gazella Female,Endotherm,33.000000000000000000,1.417,NA,37.7,temperature taken to be similar to that for Arctocephalus galapagoensis,"Boyd, I.L., K. Reid & R.M. Bevan (1995) Swimming speed and allocation of time during the dive cycle in Antarctic fur seals. Anim. Behav. 50: 769?784.",0,
Arctocephalus gazella Female,Endotherm,31.000000000000000000,1.167,NA,37.7,temperature taken to be similar to that for Arctocephalus galapagoensis,"Boyd, I.L., K. Reid & R.M. Bevan (1995) Swimming speed and allocation of time during the dive cycle in Antarctic fur seals. Anim. Behav. 50: 769?784.",0,
Arctocephalus gazella Female,Endotherm,32.500000000000000000,0.417,NA,37.7,temperature taken to be similar to that for Arctocephalus galapagoensis,"Boyd, I.L., K. Reid & R.M. Bevan (1995) Swimming speed and allocation of time during the dive cycle in Antarctic fur seals. Anim. Behav. 50: 769?784.",0,
Arctocephalus gazella Female,Endotherm,39.500000000000000000,1.083,NA,37.7,temperature taken to be similar to that for Arctocephalus galapagoensis,"Boyd, I.L., K. Reid & R.M. Bevan (1995) Swimming speed and allocation of time during the dive cycle in Antarctic fur seals. Anim. Behav. 50: 769?784.",0,
Arctocephalus gazella Female,Endotherm,29.500000000000000000,0.25,NA,37.7,temperature taken to be similar to that for Arctocephalus galapagoensis,"Boyd, I.L., K. Reid & R.M. Bevan (1995) Swimming speed and allocation of time during the dive cycle in Antarctic fur seals. Anim. Behav. 50: 769?784.",0,
Arctocephalus gazella Female,Endotherm,29.500000000000000000,0.833,NA,37.7,temperature taken to be similar to that for Arctocephalus galapagoensis,"Boyd, I.L., K. Reid & R.M. Bevan (1995) Swimming speed and allocation of time during the dive cycle in Antarctic fur seals. Anim. Behav. 50: 769?784.",0,
Arctocephalus gazella Female,Endotherm,37.500000000000000000,0.667,NA,37.7,temperature taken to be similar to that for Arctocephalus galapagoensis,"Boyd, I.L., K. Reid & R.M. Bevan (1995) Swimming speed and allocation of time during the dive cycle in Antarctic fur seals. Anim. Behav. 50: 769?784.",0,
Arctocephalus gazella Female,Endotherm,35.000000000000000000,0.583,NA,37.7,temperature taken to be similar to that for Arctocephalus galapagoensis,"Boyd, I.L., K. Reid & R.M. Bevan (1995) Swimming speed and allocation of time during the dive cycle in Antarctic fur seals. Anim. Behav. 50: 769?784.",0,
Arctocephalus gazella Female,Endotherm,43.100000000000000000,1.325,NA,37.7,temperature taken to be similar to that for Arctocephalus galapagoensis,"Boyd, I.L., D.J. McCafferty & T.R. Walker (1997) Variation in foraging effort by lactating Antarctic fur seals: response to simulated increased foraging costs. Behav. Ecol.  Sociobiol 40: 135?144.",0,
Arctocephalus gazella Female,Endotherm,37.500000000000000000,0.9,NA,37.7,temperature taken to be similar to that for Arctocephalus galapagoensis,"Costa, D.P., M.E. Goebel & J.T. Sterling (2000) Foraging Energetics and Diving behavior of Antarctic Fur seal, Arctocephalus gazella at Cape Shirreff, Livingston Island. p. 77-84. In: W. Davison, C. Howard-Williams & P. Broady (eds.) Antarctic ecosystems: Models for wider ecological understanding. Caxton press, Christchurch. 334pp. ",0,
Arctocephalus gazella Female,Endotherm,35.900000000000000000,1.103,NA,37.7,temperature taken to be similar to that for Arctocephalus galapagoensis,"McCafferty, D.J., I.L. Boyd, T.R. Walker & R.I. Taylor (1998) Foraging responses of Antarctic fur seals to changes in the marine environment. Mar. Ecol. Prog. Ser. 166: 285-299.",0,
Arctocephalus gazella Female,Endotherm,38.700000000000000000,1.057,NA,37.7,temperature taken to be similar to that for Arctocephalus galapagoensis,"McCafferty, D.J., I.L. Boyd, T.R. Walker & R.I. Taylor (1998) Foraging responses of Antarctic fur seals to changes in the marine environment. Mar. Ecol. Prog. Ser. 166: 285-299.",0,
Arctocephalus gazella Female,Endotherm,38.200000000000000000,1.215,NA,37.7,temperature taken to be similar to that for Arctocephalus galapagoensis,"McCafferty, D.J., I.L. Boyd, T.R. Walker & R.I. Taylor (1998) Foraging responses of Antarctic fur seals to changes in the marine environment. Mar. Ecol. Prog. Ser. 166: 285-299.",0,
Arctocephalus gazella Male,Endotherm,90.000000000000000000,1.7,11,37.7,temperature taken to be similar to that for Arctocephalus galapagoensis,"Boyd, I.L. & J.P. Croxall (1996) Dive durations in pinnipeds and seabirds. Can. J. Zool. 74: 1696?1705.",0,
Arctocephalus pusillus Female,Endotherm,70.500000000000000000,3.4,4.8,37.7,temperature taken to be similar to that for Arctocephalus galapagoensis,"Arnould, J.P.Y. & M.A. Hindell (2001) Dive behaviour, foraging locations, and maternal attendance patterns of Australian fur seals (Arctocephalus pusillus doriferus). Can. J.  Zool. 79: 35?48.",0,
Arctocephalus pusillus Female,Endotherm,73.500000000000000000,2.7,5.2,37.7,temperature taken to be similar to that for Arctocephalus galapagoensis,"Arnould, J.P.Y. & M.A. Hindell (2001) Dive behaviour, foraging locations, and maternal attendance patterns of Australian fur seals (Arctocephalus pusillus doriferus). Can. J.  Zool. 79: 35?48.",0,
Arctocephalus pusillus Female,Endotherm,63.000000000000000000,3,6,37.7,temperature taken to be similar to that for Arctocephalus galapagoensis,"Arnould, J.P.Y. & M.A. Hindell (2001) Dive behaviour, foraging locations, and maternal attendance patterns of Australian fur seals (Arctocephalus pusillus doriferus). Can. J.  Zool. 79: 35?48.",0,
Arctocephalus pusillus Female,Endotherm,69.500000000000000000,2.6,6.1,37.7,temperature taken to be similar to that for Arctocephalus galapagoensis,"Arnould, J.P.Y. & M.A. Hindell (2001) Dive behaviour, foraging locations, and maternal attendance patterns of Australian fur seals (Arctocephalus pusillus doriferus). Can. J.  Zool. 79: 35?48.",0,
Arctocephalus pusillus Female,Endotherm,93.000000000000000000,3.1,6.3,37.7,temperature taken to be similar to that for Arctocephalus galapagoensis,"Arnould, J.P.Y. & M.A. Hindell (2001) Dive behaviour, foraging locations, and maternal attendance patterns of Australian fur seals (Arctocephalus pusillus doriferus). Can. J.  Zool. 79: 35?48.",0,
Arctocephalus pusillus Female,Endotherm,73.500000000000000000,2.2,6.8,37.7,temperature taken to be similar to that for Arctocephalus galapagoensis,"Arnould, J.P.Y. & M.A. Hindell (2001) Dive behaviour, foraging locations, and maternal attendance patterns of Australian fur seals (Arctocephalus pusillus doriferus). Can. J.  Zool. 79: 35?48.",0,
Arctocephalus pusillus Female,Endotherm,92.000000000000000000,3.6,6.9,37.7,temperature taken to be similar to that for Arctocephalus galapagoensis,"Arnould, J.P.Y. & M.A. Hindell (2001) Dive behaviour, foraging locations, and maternal attendance patterns of Australian fur seals (Arctocephalus pusillus doriferus). Can. J.  Zool. 79: 35?48.",0,
Arctocephalus pusillus Female,Endotherm,78.500000000000000000,3.3,6.9,37.7,temperature taken to be similar to that for Arctocephalus galapagoensis,"Arnould, J.P.Y. & M.A. Hindell (2001) Dive behaviour, foraging locations, and maternal attendance patterns of Australian fur seals (Arctocephalus pusillus doriferus). Can. J.  Zool. 79: 35?48.",0,
Arctocephalus pusillus Female,Endotherm,67.000000000000000000,2,7,37.7,temperature taken to be similar to that for Arctocephalus galapagoensis,"Arnould, J.P.Y. & M.A. Hindell (2001) Dive behaviour, foraging locations, and maternal attendance patterns of Australian fur seals (Arctocephalus pusillus doriferus). Can. J.  Zool. 79: 35?48.",0,
Arctocephalus pusillus Female,Endotherm,92.500000000000000000,3.7,7.1,37.7,temperature taken to be similar to that for Arctocephalus galapagoensis,"Arnould, J.P.Y. & M.A. Hindell (2001) Dive behaviour, foraging locations, and maternal attendance patterns of Australian fur seals (Arctocephalus pusillus doriferus). Can. J.  Zool. 79: 35?48.",0,
Arctocephalus pusillus Female,Endotherm,73.500000000000000000,3.4,7.4,37.7,temperature taken to be similar to that for Arctocephalus galapagoensis,"Arnould, J.P.Y. & M.A. Hindell (2001) Dive behaviour, foraging locations, and maternal attendance patterns of Australian fur seals (Arctocephalus pusillus doriferus). Can. J.  Zool. 79: 35?48.",0,
Arctocephalus pusillus Female,Endotherm,73.500000000000000000,4.1,7.5,37.7,temperature taken to be similar to that for Arctocephalus galapagoensis,"Kooyman, G.L. & R.L. Gentry (1986) Diving Behavior of South African Fur Seals. p. 142-152. In: R.L. Gentry & G.L. Kooyman (eds.) Fur Seals: Maternal Strategies on Land and at Sea. Princeton University Press, New Jersey. 291pp.",0,
Arctocephalus pusillus Female,Endotherm,73.500000000000000000,3.2,8.9,37.7,temperature taken to be similar to that for Arctocephalus galapagoensis,"Arnould, J.P.Y. & M.A. Hindell (2001) Dive behaviour, foraging locations, and maternal attendance patterns of Australian fur seals (Arctocephalus pusillus doriferus). Can. J.  Zool. 79: 35?48.",0,
Arctocephalus pusillus Male,Endotherm,210.000000000000000000,2.4,6.8,37.7,temperature taken to be similar to that for Arctocephalus galapagoensis,"Hindell, M.A. & D. Pemberton (1997) Successful use of a translocation program to investigate diving behavior in a male Australian fur seal, Arctocephalus pusillus doriferus. Mar. Mammal Sci. 13: 219-229.",0,
Arctocephalus tropicalis,Endotherm,6.300000000000000000,0.2267,0.575,37.7,temperature taken to be similar to that for Arctocephalus galapagoensis,"Verrier, D., C. Guinet, M. Authier, Y. Tremblay, S. Shaffer, D.P. Costa, R. Groscolas & J.P.Y. Arnould (2011) The ontogeny of diving abilities in subantarctic fur seal pups: developmental trade-off in response to extreme fasting? Funct. Ecol. 25: 818-828.",0,
Arctocephalus tropicalis,Endotherm,8.100000000000000000,0.2667,0.858,37.7,temperature taken to be similar to that for Arctocephalus galapagoensis,"Verrier, D., C. Guinet, M. Authier, Y. Tremblay, S. Shaffer, D.P. Costa, R. Groscolas & J.P.Y. Arnould (2011) The ontogeny of diving abilities in subantarctic fur seal pups: developmental trade-off in response to extreme fasting? Funct. Ecol. 25: 818-828.",0,
Arctocephalus tropicalis,Endotherm,11.400000000000000000,0.3017,1.108,37.7,temperature taken to be similar to that for Arctocephalus galapagoensis,"Verrier, D., C. Guinet, M. Authier, Y. Tremblay, S. Shaffer, D.P. Costa, R. Groscolas & J.P.Y. Arnould (2011) The ontogeny of diving abilities in subantarctic fur seal pups: developmental trade-off in response to extreme fasting? Funct. Ecol. 25: 818-828.",0,
Arctocephalus tropicalis,Endotherm,13.500000000000000000,0.31,1.167,37.7,temperature taken to be similar to that for Arctocephalus galapagoensis,"Verrier, D., C. Guinet, M. Authier, Y. Tremblay, S. Shaffer, D.P. Costa, R. Groscolas & J.P.Y. Arnould (2011) The ontogeny of diving abilities in subantarctic fur seal pups: developmental trade-off in response to extreme fasting? Funct. Ecol. 25: 818-828.",0,
Arctocephalus tropicalis,Endotherm,15.500000000000000000,0.3067,1.193,37.7,temperature taken to be similar to that for Arctocephalus galapagoensis,"Verrier, D., C. Guinet, M. Authier, Y. Tremblay, S. Shaffer, D.P. Costa, R. Groscolas & J.P.Y. Arnould (2011) The ontogeny of diving abilities in subantarctic fur seal pups: developmental trade-off in response to extreme fasting? Funct. Ecol. 25: 818-828.",0,
Arctocephalus tropicalis,Endotherm,43.100000000000000000,1.168,4.14,37.7,temperature taken to be similar to that for Arctocephalus galapagoensis,"Verrier, D., C. Guinet, M. Authier, Y. Tremblay, S. Shaffer, D.P. Costa, R. Groscolas & J.P.Y. Arnould (2011) The ontogeny of diving abilities in subantarctic fur seal pups: developmental trade-off in response to extreme fasting? Funct. Ecol. 25: 818-828.",0,
Arctocephalus tropicalis Females,Endotherm,31.700000000000000000,1.2,1.8,37.7,temperature taken to be similar to that for Arctocephalus galapagoensis,"Lea, M.A. & L. Dubroca (2003) Fine-scale linkages between the diving behaviour of Antarctic fur seals and oceanographic features in the southern Indian Ocean. ICES J. Mar. Sci. 60: 990-1002.",0,
Arctocephalus tropicalis Females,Endotherm,31.720000000000000000,1.4,2.4,37.7,temperature taken to be similar to that for Arctocephalus galapagoensis,"Lea, M.A. & L. Dubroca (2003) Fine-scale linkages between the diving behaviour of Antarctic fur seals and oceanographic features in the southern Indian Ocean. ICES J. Mar. Sci. 60: 990-1002.",0,
Arctocephalus tropicalis Females,Endotherm,42.000000000000000000,0.967,2.833,37.7,temperature taken to be similar to that for Arctocephalus galapagoensis,"Georges, J.-Y., Y. Tremblay & C. Guinet (2000) Seasonal diving behaviour in lactating subantarctic fur seals on Amsterdam Island. Polar Biol. 23: 59-69.",0,
Arctocephalus tropicalis Females,Endotherm,28.600000000000000000,0.65,3,37.7,temperature taken to be similar to that for Arctocephalus galapagoensis,"Robinson, S.A., S.G. Goldsworthy, J. Van den Hoff & M.A. Hindell (2002) The foraging ecology of two sympatric fur seal species Arctocephalus gazelle and Arctocephalus tropicalis at Macquarie Island during the austral summer. Mar. Freshwat. Res. 53: 1071-1082.",0,
Arctocephalus tropicalis Females,Endotherm,52.000000000000000000,1.067,3.167,37.7,temperature taken to be similar to that for Arctocephalus galapagoensis,"Georges, J.-Y., Y. Tremblay & C. Guinet (2000) Seasonal diving behaviour in lactating subantarctic fur seals on Amsterdam Island. Polar Biol. 23: 59-69.",0,
Arctocephalus tropicalis Females,Endotherm,48.000000000000000000,1.167,3.167,37.7,temperature taken to be similar to that for Arctocephalus galapagoensis,"Georges, J.-Y., Y. Tremblay & C. Guinet (2000) Seasonal diving behaviour in lactating subantarctic fur seals on Amsterdam Island. Polar Biol. 23: 59-69.",0,
Arctocephalus tropicalis Females,Endotherm,33.000000000000000000,0.65,3.333,37.7,temperature taken to be similar to that for Arctocephalus galapagoensis,"Georges, J.-Y., Y. Tremblay & C. Guinet (2000) Seasonal diving behaviour in lactating subantarctic fur seals on Amsterdam Island. Polar Biol. 23: 59-69.",0,
Arctocephalus tropicalis Females,Endotherm,51.000000000000000000,0.85,3.333,37.7,temperature taken to be similar to that for Arctocephalus galapagoensis,"Georges, J.-Y., Y. Tremblay & C. Guinet (2000) Seasonal diving behaviour in lactating subantarctic fur seals on Amsterdam Island. Polar Biol. 23: 59-69.",0,
Arctocephalus tropicalis Females,Endotherm,56.000000000000000000,0.817,3.333,37.7,temperature taken to be similar to that for Arctocephalus galapagoensis,"Georges, J.-Y., Y. Tremblay & C. Guinet (2000) Seasonal diving behaviour in lactating subantarctic fur seals on Amsterdam Island. Polar Biol. 23: 59-69.",0,
Arctocephalus tropicalis Females,Endotherm,47.500000000000000000,0.85,3.5,37.7,temperature taken to be similar to that for Arctocephalus galapagoensis,"Georges, J.-Y., Y. Tremblay & C. Guinet (2000) Seasonal diving behaviour in lactating subantarctic fur seals on Amsterdam Island. Polar Biol. 23: 59-69.",0,
Arctocephalus tropicalis Females,Endotherm,32.700000000000000000,0.69,3.67,37.7,temperature taken to be similar to that for Arctocephalus galapagoensis,"Robinson, S.A., S.G. Goldsworthy, J. Van den Hoff & M.A. Hindell (2002) The foraging ecology of two sympatric fur seal species Arctocephalus gazelle and Arctocephalus tropicalis at Macquarie Island during the austral summer. Mar. Freshwat. Res. 53: 1071-1082.",0,
Arctocephalus tropicalis Females,Endotherm,39.500000000000000000,1.1,3.833,37.7,temperature taken to be similar to that for Arctocephalus galapagoensis,"Georges, J.-Y., Y. Tremblay & C. Guinet (2000) Seasonal diving behaviour in lactating subantarctic fur seals on Amsterdam Island. Polar Biol. 23: 59-69.",0,
Arctocephalus tropicalis Females,Endotherm,46.500000000000000000,0.9,3.833,37.7,temperature taken to be similar to that for Arctocephalus galapagoensis,"Georges, J.-Y., Y. Tremblay & C. Guinet (2000) Seasonal diving behaviour in lactating subantarctic fur seals on Amsterdam Island. Polar Biol. 23: 59-69.",0,
Arctocephalus tropicalis Females,Endotherm,51.000000000000000000,1.367,4,37.7,temperature taken to be similar to that for Arctocephalus galapagoensis,"Georges, J.-Y., Y. Tremblay & C. Guinet (2000) Seasonal diving behaviour in lactating subantarctic fur seals on Amsterdam Island. Polar Biol. 23: 59-69.",0,
Arctocephalus tropicalis Females,Endotherm,44.000000000000000000,0.9,4.167,37.7,temperature taken to be similar to that for Arctocephalus galapagoensis,"Georges, J.-Y., Y. Tremblay & C. Guinet (2000) Seasonal diving behaviour in lactating subantarctic fur seals on Amsterdam Island. Polar Biol. 23: 59-69.",0,
Arctocephalus tropicalis Females,Endotherm,57.000000000000000000,1.483,4.333,37.7,temperature taken to be similar to that for Arctocephalus galapagoensis,"Georges, J.-Y., Y. Tremblay & C. Guinet (2000) Seasonal diving behaviour in lactating subantarctic fur seals on Amsterdam Island. Polar Biol. 23: 59-69.",0,
Arctocephalus tropicalis Females,Endotherm,58.000000000000000000,1.217,4.333,37.7,temperature taken to be similar to that for Arctocephalus galapagoensis,"Georges, J.-Y., Y. Tremblay & C. Guinet (2000) Seasonal diving behaviour in lactating subantarctic fur seals on Amsterdam Island. Polar Biol. 23: 59-69.",0,
Arctocephalus tropicalis Females,Endotherm,54.000000000000000000,1.817,4.333,37.7,temperature taken to be similar to that for Arctocephalus galapagoensis,"Georges, J.-Y., Y. Tremblay & C. Guinet (2000) Seasonal diving behaviour in lactating subantarctic fur seals on Amsterdam Island. Polar Biol. 23: 59-69.",0,
Arctocephalus tropicalis Females,Endotherm,55.000000000000000000,1.3,4.833,37.7,temperature taken to be similar to that for Arctocephalus galapagoensis,"Georges, J.-Y., Y. Tremblay & C. Guinet (2000) Seasonal diving behaviour in lactating subantarctic fur seals on Amsterdam Island. Polar Biol. 23: 59-69.",0,
Arctocephalus tropicalis Females,Endotherm,47.000000000000000000,1.15,4.833,37.7,temperature taken to be similar to that for Arctocephalus galapagoensis,"Georges, J.-Y., Y. Tremblay & C. Guinet (2000) Seasonal diving behaviour in lactating subantarctic fur seals on Amsterdam Island. Polar Biol. 23: 59-69.",0,
Arctocephalus tropicalis Females,Endotherm,58.000000000000000000,1.317,5.333,37.7,temperature taken to be similar to that for Arctocephalus galapagoensis,"Georges, J.-Y., Y. Tremblay & C. Guinet (2000) Seasonal diving behaviour in lactating subantarctic fur seals on Amsterdam Island. Polar Biol. 23: 59-69.",0,
Arctocephalus tropicalis Females,Endotherm,59.000000000000000000,2.2,6.5,37.7,temperature taken to be similar to that for Arctocephalus galapagoensis,"Georges, J.-Y., Y. Tremblay & C. Guinet (2000) Seasonal diving behaviour in lactating subantarctic fur seals on Amsterdam Island. Polar Biol. 23: 59-69.",0,
Aythya affinis,Endotherm,0.770000000000000000,0.2267,NA,41.2,"temperature value from: Clarke A, and Rothery P. 2008. Scaling of body temperature in mammals and birds. Functional Ecology 22:58-67. ","Richman, S.E. & J.R. Lovvorn (2009) Predator size, prey size and threshold food densities of diving ducks: does a common prey base support fewer large animals? J. Anim. Ecol. 78: 1033-1042.",0,
Aythya australis,Endotherm,0.900000000000000000,0.135,NA,42.25,temperature taken to be similar to that for Aythya genus,"Halsey, L.G., P.J. Butler & T.M. Blackburn (2006) A phylogenetic analysis of the allometry of diving. Am. Nat. 167: 276-287.",0,
Aythya ferina,Endotherm,1.000000000000000000,0.1817,NA,42.25,temperature taken to be similar to that for Aythya genus,"Butler, P.J. & A.J.  Woakes (1979) Changes in heart rate and respiratory frequency during natural behaviour of ducks, with particular reference to diving. J. Exp. Biol. 79: 283-300.",0,
Aythya fuligula,Endotherm,0.653500000000000000,0.165,0.392,42.25,temperature taken to be similar to that for Aythya genus,"Butler, P.J. & A.J.  Woakes (1979) Changes in heart rate and respiratory frequency during natural behaviour of ducks, with particular reference to diving. J. Exp. Biol. 79: 283-300.",0,
Aythya fuligula,Endotherm,0.653500000000000000,0.1933,NA,42.25,temperature taken to be similar to that for Aythya genus,"Butler, P.J. & A.J.  Woakes (1979) Changes in heart rate and respiratory frequency during natural behaviour of ducks, with particular reference to diving. J. Exp. Biol. 79: 283-300.",0,
Aythya novaeseelandiae,Endotherm,0.700000000000000000,0.338,NA,42.25,temperature taken to be similar to that for Aythya genus,"Halsey, L.G., P.J. Butler & T.M. Blackburn (2006) A phylogenetic analysis of the allometry of diving. Am. Nat. 167: 276-287.",0,
Balaena mysticetus,Endotherm,79400.000000000000000000,3.43,17.417,33.8,"temperature from: Craighead, GJ (2009) Growth, Morphology And Energetics Of Bowhead Whales (Balaena Mysticetus). Dissertation  University of Alaska Fairbanks","Wursig, B., E.M. Dorsey, M.A. Fraker, R.S. Payne, W.J. Richardson & R.S. Wells  (1984a) Behavior of bowheadwhales, Balaena mysticetus, summering in the Beaufort Sea: surfacing, respiration and dive characteristics. Can. J. Zool. 62: 1910-1921.",0,
Balaena mysticetus,Endotherm,79400.000000000000000000,12.08,30.983,33.8,"temperature from: Craighead, GJ (2009) Growth, Morphology And Energetics Of Bowhead Whales (Balaena Mysticetus). Dissertation  University of Alaska Fairbanks","Wursig, B., E.M. Dorsey, M.A. Fraker, R.S. Payne, W.J. Richardson & R.S. Wells  (1984a) Behavior of bowheadwhales, Balaena mysticetus, summering in the Beaufort Sea: surfacing, respiration and dive characteristics. Can. J. Zool. 62: 1910-1921.",0,
Balaena mysticetus,Endotherm,79400.000000000000000000,1.88,NA,33.8,"temperature from: Craighead, GJ (2009) Growth, Morphology And Energetics Of Bowhead Whales (Balaena Mysticetus). Dissertation  University of Alaska Fairbanks","Dorsey, E.M., W.J. Richardson & B. Wursig (1989) Factors affecting surfacing, respiration, and dive behaviour of bowhead whales, Balaena mysticetus, summering in the Beaufort Sea. Can. J. Zool. 67: 1801-1815.",0,
Balaena mysticetus,Endotherm,79400.000000000000000000,6.27,NA,33.8,"temperature from: Craighead, GJ (2009) Growth, Morphology And Energetics Of Bowhead Whales (Balaena Mysticetus). Dissertation  University of Alaska Fairbanks","Dorsey, E.M., W.J. Richardson & B. Wursig (1989) Factors affecting surfacing, respiration, and dive behaviour of bowhead whales, Balaena mysticetus, summering in the Beaufort Sea. Can. J. Zool. 67: 1801-1815.",0,
Balaenoptera acutorostrata,Endotherm,7000.000000000000000000,1.628,8.55,34.7,"temperature from: Folkow, L. P., & Blix, A. S. (1992). Metabolic rates of minke whales (Balaenoptera acutorostrata) in cold water. Acta physiologica Scandinavica, 146(1), 141-150.","ùien, N., L. Folkow & C. Lydersen (1990) Dive Time Experiments on Minke Whales in Norwegian Waters During the 1988 Season. Report of the International Whaling Commission 40: 337-341.",0,
Balaenoptera acutorostrata,Endotherm,7000.000000000000000000,3.72,NA,34.7,"temperature from: Folkow, L. P., & Blix, A. S. (1992). Metabolic rates of minke whales (Balaenoptera acutorostrata) in cold water. Acta physiologica Scandinavica, 146(1), 141-150.","Folkow, L.P. & A.S. Blix (1993) Daily Changes in Surfacing Rates of Minke Whales (Balaenoptera acutorostrata) in Norwegian Waters. Report of the International Whaling Commission 43: 311-314.",0,
Balaenoptera acutorostrata,Endotherm,7000.000000000000000000,2.89,NA,34.7,"temperature from: Folkow, L. P., & Blix, A. S. (1992). Metabolic rates of minke whales (Balaenoptera acutorostrata) in cold water. Acta physiologica Scandinavica, 146(1), 141-150.","Folkow, L.P. & A.S. Blix (1993) Daily Changes in Surfacing Rates of Minke Whales (Balaenoptera acutorostrata) in Norwegian Waters. Report of the International Whaling Commission 43: 311-314.",0,
Balaenoptera acutorostrata,Endotherm,7000.000000000000000000,1.138,NA,34.7,"temperature from: Folkow, L. P., & Blix, A. S. (1992). Metabolic rates of minke whales (Balaenoptera acutorostrata) in cold water. Acta physiologica Scandinavica, 146(1), 141-150.","Gunnlaugsson, T. (1989) Report on Icelandic Minke Whale Surfacing Rate Experiments in 1987. Report of the International Whaling Commission 39: 435-436.",0,
Balaenoptera acutorostrata,Endotherm,7000.000000000000000000,4.43,NA,34.7,"temperature from: Folkow, L. P., & Blix, A. S. (1992). Metabolic rates of minke whales (Balaenoptera acutorostrata) in cold water. Acta physiologica Scandinavica, 146(1), 141-150.","Stern, S.J. (1992) Surfacing rates and surfacing patterns of minke whales (Balaenoptera acutorostrata) off central California, and the probability of a whale surfacing within visual range. Report of the International Whaling Commission, 42: 379-385.",0,
Balaenoptera musculus,Endotherm,,9.8,11.6,35.7,Morrisson 1962,"Goldbogen, J.A., Calambokidis, J., Croll, D.A., McKenna, M.F., Oleson, E., Potvin, J., Pyenson, N.D., Schorr, G., Shadwick, R.E., Tershy, B.R., 2012. Scaling of lunge-feeding performance in rorqual whales: mass-specific energy expenditure increases with body size and progressively limits diving capacity. Funct. Ecol. 26, 216ñ226.",0,
Balaenoptera musculus,Endotherm,92671.000000000000000000,6.7,14.7,35.7,"temperature taken from: Morrison, P. (1962). Body temperatures in some Australian mammals. III. Cetacea (Megaptera). The Biological Bulletin, 123(1), 154-169.","Croll, D.A., A. Acevedo-GutiÇrrez, B.R. Tershy & J. Urb†n-Ram°rez (2001) The diving behavior of blue and fin whales: is dive duration shorter than expected based on oxygen stores? Comp. Biochem. Physiol. 129A: 797?809.",0,
Balaenoptera musculus,Endotherm,92671.000000000000000000,5.8,18,35.7,"temperature taken from: Morrison, P. (1962). Body temperatures in some Australian mammals. III. Cetacea (Megaptera). The Biological Bulletin, 123(1), 154-169.","Lagerquist, B.A., K.M. Stafford & B.R. Mate (2000) Dive characteristics of satellite-monitored blue whales Balaenoptera musculus off the central California coast. Mar. Mammal Sci. 16: 375-391.",0,
Balaenoptera musculus,Endotherm,92671.000000000000000000,6.7,21.8,35.7,"temperature taken from: Morrison, P. (1962). Body temperatures in some Australian mammals. III. Cetacea (Megaptera). The Biological Bulletin, 123(1), 154-169.","Barlow, J., K. Forney,  A. Von Saunder, & J. Urban-Ramirez (1997) A report of cetacean acoustic detection and dive interval studies (CADDIS) conducted in the southern Gulf of California, 1995. NOAA Tech. Mem. NMFS-SWFSC-250. 52pp.",0,
Balaenoptera musculus,Endotherm,92671.000000000000000000,5.598,23,35.7,"temperature taken from: Morrison, P. (1962). Body temperatures in some Australian mammals. III. Cetacea (Megaptera). The Biological Bulletin, 123(1), 154-169.","Doniol-Valcroze, T., V. Lesage, J. Giard & R. Michaud (2011) Optimal foraging theory predicts diving and feeding strategies of the largest marine predator. Behav. Ecol. 22: 880-888.",0,
Balaenoptera physalus,Endotherm,52584.000000000000000000,7,7.533,36.6,"temperature value from: Clarke A, and Rothery P. 2008. Scaling of body temperature in mammals and birds. Functional Ecology 22:58-67. ","Goldbogen, J.A., J. Calambokidis, R.E. Shadwick, E.M. Oleson, M.A. McDonald & J.A. Hildebrand (2006) Kinematics of foraging dives and lunge-feeding in fin whales. J. Exp. Biol. 209: 1231-1244.",0,
Balaenoptera physalus,Endotherm,,7,9.3,36.6,original value from Clarke and Rothery,"Goldbogen, J.A., Calambokidis, J., Croll, D.A., McKenna, M.F., Oleson, E., Potvin, J., Pyenson, N.D., Schorr, G., Shadwick, R.E., Tershy, B.R., 2012. Scaling of lunge-feeding performance in rorqual whales: mass-specific energy expenditure increases with body size and progressively limits diving capacity. Funct. Ecol. 26, 216ñ226.",0,
Balaenoptera physalus,Endotherm,52584.000000000000000000,5.5,16.9,36.6,"temperature value from: Clarke A, and Rothery P. 2008. Scaling of body temperature in mammals and birds. Functional Ecology 22:58-67. ","Croll, D.A., A. Acevedo-GutiÇrrez, B.R. Tershy & J. Urb†n-Ram°rez (2001) The diving behavior of blue and fin whales: is dive duration shorter than expected based on oxygen stores? Comp. Biochem. Physiol. 129A: 797?809.",0,
Balaenoptera physalus,Endotherm,52584.000000000000000000,2.883,NA,36.6,"temperature value from: Clarke A, and Rothery P. 2008. Scaling of body temperature in mammals and birds. Functional Ecology 22:58-67. ","Stone, G.S., S.K. Katona, A. Mainwaring, J.M. Allen & H.D. Corbett (1992) Respiration and Surfacing Rates of Fin Whales (Balaenoptera physalus) Observed From A Lighthouse Tower. Report of the International Whaling Commission 42: 739-745.",0,
Balaenoptera physalus,Endotherm,52584.000000000000000000,3.35,NA,36.6,"temperature value from: Clarke A, and Rothery P. 2008. Scaling of body temperature in mammals and birds. Functional Ecology 22:58-67. ","Stone, G.S., S.K. Katona, A. Mainwaring, J.M. Allen & H.D. Corbett (1992) Respiration and Surfacing Rates of Fin Whales (Balaenoptera physalus) Observed From A Lighthouse Tower. Report of the International Whaling Commission 42: 739-745.",0,
Berardius bairdii,Endotherm,11000.000000000000000000,15.9,38.2,36.12142857, temperature taken to be similar to the mean body temperature of Odontoceti,"Barlow, J., K. Forney,  A. Von Saunder, & J. Urban-Ramirez (1997) A report of cetacean acoustic detection and dive interval studies (CADDIS) conducted in the southern Gulf of California, 1995. NOAA Tech. Mem. NMFS-SWFSC-250. 52pp.",0,
Biziura lobata,Endotherm,2.000000000000000000,0.333,NA,42.2, temperature taken to be similar to the mean body temperature of Oxyurinae,"Halsey, L.G., P.J. Butler & T.M. Blackburn (2006) A phylogenetic analysis of the allometry of diving. Am. Nat. 167: 276-287.",0,
Brachyramphus marmoratus,Endotherm,0.216000000000000000,0.413,0.783,40.2, temperature taken to be similar to the mean body temperature of Alcidae,"Jodice, P.G.R. & M.W. Collopy (1999) Diving and foraging patterns of Marbled Murrelets (Brachyramphus marmoratus): testing predictions from optimal-breathing models. Can. J. Zool. 77: 1409-1418.",0,
Brachyramphus marmoratus,Endotherm,0.216000000000000000,0.583,NA,40.2, temperature taken to be similar to the mean body temperature of Alcidae,"Cody, M.L. (1973) Coexistence, Coevoluation and Convergent Evolution in Seabird Communities. Ecology. 54: 31-44.",0,
Brachyramphus marmoratus,Endotherm,0.217000000000000000,0.403,NA,40.2, temperature taken to be similar to the mean body temperature of Alcidae,"Henkel, L.A., E.E. Burkett & J.Y. Takewa (2004) At-sea Activity and Diving Behavior of a Radio-tagged Marbled Murrelet in Central California. Waterbirds 27: 9-12.",0,
Brachyramphus marmoratus,Endotherm,0.216000000000000000,0.447,NA,40.2, temperature taken to be similar to the mean body temperature of Alcidae,"Jodice, P.G.R. & M.W. Collopy (1999) Diving and foraging patterns of Marbled Murrelets (Brachyramphus marmoratus): testing predictions from optimal-breathing models. Can. J. Zool. 77: 1409-1418.",0,
Callorhinus ursinus,Endotherm,,,4.75,37.5,Trites 1990,"Lea M, Johnson D, Melin S, Ream R, Gelatt T (2010) Diving ontogeny and lunar responses in a highly migratory mammal, the northern fur seal Callorhinus ursinus. Mar Ecol Prog Ser 419: 233?247",0,
Callorhinus ursinus females,Endotherm,45.500000000000000000,1.2,4.3,37.5,"Temperature taken from: Trites, A. W. (1990). Thermal budgets and climate spaces: the impact of weather on the survival of Galapagos (Arctocephalus galapagoensis Heller) and northern fur seal pups (Callorhinus ursinus L.). Functional ecology, 753-768.","Ponganis, P.J., R.L. Gentry, E.P. Ponganis & K.V. Ponganis (1992) Analysis of swim velocities during deep and shallow dives of two northern fur seals, Callorhinus ursinus. Mar. Mammal Sci. 8: 69-75.",0,
Callorhinus ursinus females,Endotherm,36.800000000000000000,1.2,4.5,37.5,"Temperature taken from: Trites, A. W. (1990). Thermal budgets and climate spaces: the impact of weather on the survival of Galapagos (Arctocephalus galapagoensis Heller) and northern fur seal pups (Callorhinus ursinus L.). Functional ecology, 753-768.","Ponganis, P.J., R.L. Gentry, E.P. Ponganis & K.V. Ponganis (1992) Analysis of swim velocities during deep and shallow dives of two northern fur seals, Callorhinus ursinus. Mar. Mammal Sci. 8: 69-75.",0,
Callorhinus ursinus females,Endotherm,36.800000000000000000,3.1,4.8,37.5,"Temperature taken from: Trites, A. W. (1990). Thermal budgets and climate spaces: the impact of weather on the survival of Galapagos (Arctocephalus galapagoensis Heller) and northern fur seal pups (Callorhinus ursinus L.). Functional ecology, 753-768.","Ponganis, P.J., R.L. Gentry, E.P. Ponganis & K.V. Ponganis (1992) Analysis of swim velocities during deep and shallow dives of two northern fur seals, Callorhinus ursinus. Mar. Mammal Sci. 8: 69-75.",0,
Callorhinus ursinus females,Endotherm,45.500000000000000000,3.3,6,37.5,"Temperature taken from: Trites, A. W. (1990). Thermal budgets and climate spaces: the impact of weather on the survival of Galapagos (Arctocephalus galapagoensis Heller) and northern fur seal pups (Callorhinus ursinus L.). Functional ecology, 753-768.","Ponganis, P.J., R.L. Gentry, E.P. Ponganis & K.V. Ponganis (1992) Analysis of swim velocities during deep and shallow dives of two northern fur seals, Callorhinus ursinus. Mar. Mammal Sci. 8: 69-75.",0,
Callorhinus ursinus females,Endotherm,41.150000000000000000,2.2,7.6,37.5,"Temperature taken from: Trites, A. W. (1990). Thermal budgets and climate spaces: the impact of weather on the survival of Galapagos (Arctocephalus galapagoensis Heller) and northern fur seal pups (Callorhinus ursinus L.). Functional ecology, 753-768.","Gentry RL, Kooyman GL, Goebel MG (1986) Feeding and Diving Behavior of Northern Fur Seals. In: Gentry RL, Kooyman GL (eds) Fur seals: maternal strategies on land and at sea. Princeton University Press, New jersey, pp 61-78",0,
Callorhinus ursinus females,Endotherm,41.150000000000000000,1.2,NA,37.5,"Temperature taken from: Trites, A. W. (1990). Thermal budgets and climate spaces: the impact of weather on the survival of Galapagos (Arctocephalus galapagoensis Heller) and northern fur seal pups (Callorhinus ursinus L.). Functional ecology, 753-768.","Gentry RL, Kooyman GL, Goebel MG (1986) Feeding and Diving Behavior of Northern Fur Seals. In: Gentry RL, Kooyman GL (eds) Fur seals: maternal strategies on land and at sea. Princeton University Press, New jersey, pp 61-78",0,
Callorhinus ursinus females,Endotherm,41.150000000000000000,1.2,NA,37.5,"Temperature taken from: Trites, A. W. (1990). Thermal budgets and climate spaces: the impact of weather on the survival of Galapagos (Arctocephalus galapagoensis Heller) and northern fur seal pups (Callorhinus ursinus L.). Functional ecology, 753-768.","Gentry RL, Kooyman GL, Goebel MG (1986) Feeding and Diving Behavior of Northern Fur Seals. In: Gentry RL, Kooyman GL (eds) Fur seals: maternal strategies on land and at sea. Princeton University Press, New jersey, pp 61-78",0,
Callorhinus ursinus Juveniles Males,Endotherm,43.000000000000000000,1.37,3.58,37.5,"Temperature taken from: Trites, A. W. (1990). Thermal budgets and climate spaces: the impact of weather on the survival of Galapagos (Arctocephalus galapagoensis Heller) and northern fur seal pups (Callorhinus ursinus L.). Functional ecology, 753-768.","Sterling, J.T. & R.R. Ream (2004) At-sea behavior of juvenile male northern fur seals (Callorhinus ursinus). Can. J. Zool. 82: 1621-1637.",0,
Callorhinus ursinus Juveniles Males,Endotherm,25.500000000000000000,0.6,3.92,37.5,"Temperature taken from: Trites, A. W. (1990). Thermal budgets and climate spaces: the impact of weather on the survival of Galapagos (Arctocephalus galapagoensis Heller) and northern fur seal pups (Callorhinus ursinus L.). Functional ecology, 753-768.","Sterling, J.T. & R.R. Ream (2004) At-sea behavior of juvenile male northern fur seals (Callorhinus ursinus). Can. J. Zool. 82: 1621-1637.",0,
Callorhinus ursinus Juveniles Males,Endotherm,37.000000000000000000,0.81,3.92,37.5,"Temperature taken from: Trites, A. W. (1990). Thermal budgets and climate spaces: the impact of weather on the survival of Galapagos (Arctocephalus galapagoensis Heller) and northern fur seal pups (Callorhinus ursinus L.). Functional ecology, 753-768.","Sterling, J.T. & R.R. Ream (2004) At-sea behavior of juvenile male northern fur seals (Callorhinus ursinus). Can. J. Zool. 82: 1621-1637.",0,
Callorhinus ursinus Juveniles Males,Endotherm,48.000000000000000000,0.71,5,37.5,"Temperature taken from: Trites, A. W. (1990). Thermal budgets and climate spaces: the impact of weather on the survival of Galapagos (Arctocephalus galapagoensis Heller) and northern fur seal pups (Callorhinus ursinus L.). Functional ecology, 753-768.","Sterling, J.T. & R.R. Ream (2004) At-sea behavior of juvenile male northern fur seals (Callorhinus ursinus). Can. J. Zool. 82: 1621-1637.",0,
Callorhinus ursinus Juveniles Males,Endotherm,27.000000000000000000,1.08,5.25,37.5,"Temperature taken from: Trites, A. W. (1990). Thermal budgets and climate spaces: the impact of weather on the survival of Galapagos (Arctocephalus galapagoensis Heller) and northern fur seal pups (Callorhinus ursinus L.). Functional ecology, 753-768.","Sterling, J.T. & R.R. Ream (2004) At-sea behavior of juvenile male northern fur seals (Callorhinus ursinus). Can. J. Zool. 82: 1621-1637.",0,
Callorhinus ursinus Juveniles Males,Endotherm,47.000000000000000000,0.81,5.25,37.5,"Temperature taken from: Trites, A. W. (1990). Thermal budgets and climate spaces: the impact of weather on the survival of Galapagos (Arctocephalus galapagoensis Heller) and northern fur seal pups (Callorhinus ursinus L.). Functional ecology, 753-768.","Sterling, J.T. & R.R. Ream (2004) At-sea behavior of juvenile male northern fur seals (Callorhinus ursinus). Can. J. Zool. 82: 1621-1637.",0,
Callorhinus ursinus Juveniles Males,Endotherm,38.000000000000000000,1.45,5.42,37.5,"Temperature taken from: Trites, A. W. (1990). Thermal budgets and climate spaces: the impact of weather on the survival of Galapagos (Arctocephalus galapagoensis Heller) and northern fur seal pups (Callorhinus ursinus L.). Functional ecology, 753-768.","Sterling, J.T. & R.R. Ream (2004) At-sea behavior of juvenile male northern fur seals (Callorhinus ursinus). Can. J. Zool. 82: 1621-1637.",0,
Callorhinus ursinus Juveniles Males,Endotherm,44.500000000000000000,1.06,5.83,37.5,"Temperature taken from: Trites, A. W. (1990). Thermal budgets and climate spaces: the impact of weather on the survival of Galapagos (Arctocephalus galapagoensis Heller) and northern fur seal pups (Callorhinus ursinus L.). Functional ecology, 753-768.","Sterling, J.T. & R.R. Ream (2004) At-sea behavior of juvenile male northern fur seals (Callorhinus ursinus). Can. J. Zool. 82: 1621-1637.",0,
Callorhinus ursinus Juveniles Males,Endotherm,51.500000000000000000,1.4,6.5,37.5,"Temperature taken from: Trites, A. W. (1990). Thermal budgets and climate spaces: the impact of weather on the survival of Galapagos (Arctocephalus galapagoensis Heller) and northern fur seal pups (Callorhinus ursinus L.). Functional ecology, 753-768.","Sterling, J.T. & R.R. Ream (2004) At-sea behavior of juvenile male northern fur seals (Callorhinus ursinus). Can. J. Zool. 82: 1621-1637.",0,
Callorhinus ursinus Juveniles Males,Endotherm,29.500000000000000000,1.47,6.67,37.5,"Temperature taken from: Trites, A. W. (1990). Thermal budgets and climate spaces: the impact of weather on the survival of Galapagos (Arctocephalus galapagoensis Heller) and northern fur seal pups (Callorhinus ursinus L.). Functional ecology, 753-768.","Sterling, J.T. & R.R. Ream (2004) At-sea behavior of juvenile male northern fur seals (Callorhinus ursinus). Can. J. Zool. 82: 1621-1637.",0,
Callorhinus ursinus Juveniles Males,Endotherm,71.500000000000000000,1.93,6.83,37.5,"Temperature taken from: Trites, A. W. (1990). Thermal budgets and climate spaces: the impact of weather on the survival of Galapagos (Arctocephalus galapagoensis Heller) and northern fur seal pups (Callorhinus ursinus L.). Functional ecology, 753-768.","Sterling, J.T. & R.R. Ream (2004) At-sea behavior of juvenile male northern fur seals (Callorhinus ursinus). Can. J. Zool. 82: 1621-1637.",0,
Callorhinus ursinus Juveniles Males,Endotherm,28.000000000000000000,0.76,7,37.5,"Temperature taken from: Trites, A. W. (1990). Thermal budgets and climate spaces: the impact of weather on the survival of Galapagos (Arctocephalus galapagoensis Heller) and northern fur seal pups (Callorhinus ursinus L.). Functional ecology, 753-768.","Sterling, J.T. & R.R. Ream (2004) At-sea behavior of juvenile male northern fur seals (Callorhinus ursinus). Can. J. Zool. 82: 1621-1637.",0,
Callorhinus ursinus Juveniles Males,Endotherm,56.500000000000000000,1.16,7.08,37.5,"Temperature taken from: Trites, A. W. (1990). Thermal budgets and climate spaces: the impact of weather on the survival of Galapagos (Arctocephalus galapagoensis Heller) and northern fur seal pups (Callorhinus ursinus L.). Functional ecology, 753-768.","Sterling, J.T. & R.R. Ream (2004) At-sea behavior of juvenile male northern fur seals (Callorhinus ursinus). Can. J. Zool. 82: 1621-1637.",0,
Callorhinus ursinus Juveniles Males,Endotherm,51.500000000000000000,1.72,7.25,37.5,"Temperature taken from: Trites, A. W. (1990). Thermal budgets and climate spaces: the impact of weather on the survival of Galapagos (Arctocephalus galapagoensis Heller) and northern fur seal pups (Callorhinus ursinus L.). Functional ecology, 753-768.","Sterling, J.T. & R.R. Ream (2004) At-sea behavior of juvenile male northern fur seals (Callorhinus ursinus). Can. J. Zool. 82: 1621-1637.",0,
Callorhinus ursinus Juveniles Males,Endotherm,47.500000000000000000,1.25,7.33,37.5,"Temperature taken from: Trites, A. W. (1990). Thermal budgets and climate spaces: the impact of weather on the survival of Galapagos (Arctocephalus galapagoensis Heller) and northern fur seal pups (Callorhinus ursinus L.). Functional ecology, 753-768.","Sterling, J.T. & R.R. Ream (2004) At-sea behavior of juvenile male northern fur seals (Callorhinus ursinus). Can. J. Zool. 82: 1621-1637.",0,
Callorhinus ursinus Juveniles Males,Endotherm,50.000000000000000000,1.24,8.5,37.5,"Temperature taken from: Trites, A. W. (1990). Thermal budgets and climate spaces: the impact of weather on the survival of Galapagos (Arctocephalus galapagoensis Heller) and northern fur seal pups (Callorhinus ursinus L.). Functional ecology, 753-768.","Sterling, J.T. & R.R. Ream (2004) At-sea behavior of juvenile male northern fur seals (Callorhinus ursinus). Can. J. Zool. 82: 1621-1637.",0,
Callorhinus ursinus Juveniles Males,Endotherm,38.000000000000000000,1.33,9,37.5,"Temperature taken from: Trites, A. W. (1990). Thermal budgets and climate spaces: the impact of weather on the survival of Galapagos (Arctocephalus galapagoensis Heller) and northern fur seal pups (Callorhinus ursinus L.). Functional ecology, 753-768.","Sterling, J.T. & R.R. Ream (2004) At-sea behavior of juvenile male northern fur seals (Callorhinus ursinus). Can. J. Zool. 82: 1621-1637.",0,
Callorhinus ursinus Juveniles Males,Endotherm,28.500000000000000000,1.56,9.92,37.5,"Temperature taken from: Trites, A. W. (1990). Thermal budgets and climate spaces: the impact of weather on the survival of Galapagos (Arctocephalus galapagoensis Heller) and northern fur seal pups (Callorhinus ursinus L.). Functional ecology, 753-768.","Sterling, J.T. & R.R. Ream (2004) At-sea behavior of juvenile male northern fur seals (Callorhinus ursinus). Can. J. Zool. 82: 1621-1637.",0,
Caretta caretta,Ectotherm,50.250000000000000000,NA,11.3,22.5,,"Hochscheid S, Overwintering behaviour in sea turtles: dormancy is optional. Marine Ecology Progress Series 340:287-298. ",0,
Caretta caretta,Ectotherm,50.250000000000000000,NA,21.1,30.9,,"Hochscheid S, Overwintering behaviour in sea turtles: dormancy is optional. Marine Ecology Progress Series 340:287-298. ",0,
Caretta caretta,Ectotherm,19.650000000000000000,NA,22.5,22.3,,"Hochscheid S, Overwintering behaviour in sea turtles: dormancy is optional. Marine Ecology Progress Series 340:287-298. ",0,
Caretta caretta,Ectotherm,50.250000000000000000,NA,32.4,22.5,,"Hochscheid S, Overwintering behaviour in sea turtles: dormancy is optional. Marine Ecology Progress Series 340:287-298. ",0,
Caretta caretta,Ectotherm,19.650000000000000000,NA,36.6,21.1,,"Hochscheid S, Overwintering behaviour in sea turtles: dormancy is optional. Marine Ecology Progress Series 340:287-298. ",0,
Caretta caretta,Ectotherm,75.000000000000000000,20.1,36.7,23.8,,"Minamikawa S, Naito Y, Sato K, Matsuzawa Y, Bando T, and Sakamoto W. 2000. Maintenance of neutral buoyancy by depth selection in the loggerhead turtle Caretta caretta. J Exp Biol 203:2967-2975. ",0,
Caretta caretta,Ectotherm,55.000000000000000000,NA,39.7,27.1,,"Houghton JDR, Broderick AC, Godley BJ, Metcalfe JD, and Hays GC. 2002. Diving behaviour during the internesting interval for loggerhead turtles Caretta caretta nesting in Cyprus. Marine Ecology Progress Series 227:63-70. 10.3354/meps227063",0,
Caretta caretta,Ectotherm,50.250000000000000000,NA,42.3,27.1,,"Hochscheid S, Overwintering behaviour in sea turtles: dormancy is optional. Marine Ecology Progress Series 340:287-298. ",0,
Caretta caretta,Ectotherm,19.650000000000000000,NA,43.7,22.6,,"Hochscheid S, Overwintering behaviour in sea turtles: dormancy is optional. Marine Ecology Progress Series 340:287-298. ",0,
Caretta caretta,Ectotherm,50.250000000000000000,NA,46.5,24.2,,"Hochscheid S, Overwintering behaviour in sea turtles: dormancy is optional. Marine Ecology Progress Series 340:287-298. ",0,
Caretta caretta,Ectotherm,74.000000000000000000,25.9,50,23.8,,"Minamikawa S, Naito Y, Sato K, Matsuzawa Y, Bando T, and Sakamoto W. 2000. Maintenance of neutral buoyancy by depth selection in the loggerhead turtle Caretta caretta. J Exp Biol 203:2967-2975. ",0,
Caretta caretta,Ectotherm,82.000000000000000000,14.1,50,23.8,,"Minamikawa S, Naito Y, Sato K, Matsuzawa Y, Bando T, and Sakamoto W. 2000. Maintenance of neutral buoyancy by depth selection in the loggerhead turtle Caretta caretta. J Exp Biol 203:2967-2975. ",0,
Caretta caretta,Ectotherm,52.000000000000000000,5.5,52.7,25.9,,"Hochscheid S, Bentivegna F, and Hays GC. 2005. First records of dive durations for a hibernating sea turtle. Biology Letters 1:82-86. 10.1098/rsbl.2004.0250",0,
Caretta caretta,Ectotherm,55.000000000000000000,NA,52.9,27.1,,"Houghton JDR, Broderick AC, Godley BJ, Metcalfe JD, and Hays GC. 2002. Diving behaviour during the internesting interval for loggerhead turtles Caretta caretta nesting in Cyprus. Marine Ecology Progress Series 227:63-70. 10.3354/meps227063",0,
Caretta caretta,Ectotherm,19.650000000000000000,NA,53.5,21.8,,"Hochscheid S, Overwintering behaviour in sea turtles: dormancy is optional. Marine Ecology Progress Series 340:287-298. ",0,
Caretta caretta,Ectotherm,50.250000000000000000,NA,53.5,30.3,,"Hochscheid S, Overwintering behaviour in sea turtles: dormancy is optional. Marine Ecology Progress Series 340:287-298. ",0,
Caretta caretta,Ectotherm,50.250000000000000000,NA,56.3,26.3,,"Hochscheid S, Overwintering behaviour in sea turtles: dormancy is optional. Marine Ecology Progress Series 340:287-298. ",0,
Caretta caretta,Ectotherm,62.500000000000000000,21.3,56.7,23.8,,"Minamikawa S, Naito Y, Sato K, Matsuzawa Y, Bando T, and Sakamoto W. 2000. Maintenance of neutral buoyancy by depth selection in the loggerhead turtle Caretta caretta. J Exp Biol 203:2967-2975. ",0,
Caretta caretta,Ectotherm,50.250000000000000000,NA,57.7,23.4,,"Hochscheid S, Overwintering behaviour in sea turtles: dormancy is optional. Marine Ecology Progress Series 340:287-298. ",0,
Caretta caretta,Ectotherm,42.130000000000000000,NA,59.2,22.7,,"Hochscheid S, Overwintering behaviour in sea turtles: dormancy is optional. Marine Ecology Progress Series 340:287-298. ",0,
Caretta caretta,Ectotherm,19.650000000000000000,NA,59.2,19.3,,"Hochscheid S, Overwintering behaviour in sea turtles: dormancy is optional. Marine Ecology Progress Series 340:287-298. ",0,
Caretta caretta,Ectotherm,80.000000000000000000,35.4,60,23.8,,"Minamikawa S, Naito Y, Sato K, Matsuzawa Y, Bando T, and Sakamoto W. 2000. Maintenance of neutral buoyancy by depth selection in the loggerhead turtle Caretta caretta. J Exp Biol 203:2967-2975. ",0,
Caretta caretta,Ectotherm,50.250000000000000000,NA,62,31,,"Hochscheid S, Overwintering behaviour in sea turtles: dormancy is optional. Marine Ecology Progress Series 340:287-298. ",0,
Caretta caretta,Ectotherm,52.000000000000000000,NA,62.6,25,,"Hochscheid S, Bentivegna F, and Hays GC. 2005. First records of dive durations for a hibernating sea turtle. Biology Letters 1:82-86. 10.1098/rsbl.2004.0250",0,
Caretta caretta,Ectotherm,19.650000000000000000,NA,63.4,20.4,,"Hochscheid S, Overwintering behaviour in sea turtles: dormancy is optional. Marine Ecology Progress Series 340:287-298. ",0,
Caretta caretta,Ectotherm,50.250000000000000000,NA,64.8,24.8,,"Hochscheid S, Overwintering behaviour in sea turtles: dormancy is optional. Marine Ecology Progress Series 340:287-298. ",0,
Caretta caretta,Ectotherm,73.000000000000000000,39.9,70,23.8,,"Minamikawa S, Naito Y, Sato K, Matsuzawa Y, Bando T, and Sakamoto W. 2000. Maintenance of neutral buoyancy by depth selection in the loggerhead turtle Caretta caretta. J Exp Biol 203:2967-2975. ",0,
Caretta caretta,Ectotherm,50.250000000000000000,NA,70.4,30.7,,"Hochscheid S, Overwintering behaviour in sea turtles: dormancy is optional. Marine Ecology Progress Series 340:287-298. ",0,
Caretta caretta,Ectotherm,50.250000000000000000,NA,71.8,25.9,,"Hochscheid S, Overwintering behaviour in sea turtles: dormancy is optional. Marine Ecology Progress Series 340:287-298. ",0,
Caretta caretta,Ectotherm,19.650000000000000000,NA,73.2,20.9,,"Hochscheid S, Overwintering behaviour in sea turtles: dormancy is optional. Marine Ecology Progress Series 340:287-298. ",0,
Caretta caretta,Ectotherm,50.250000000000000000,NA,77.5,32.6,,"Hochscheid S, Overwintering behaviour in sea turtles: dormancy is optional. Marine Ecology Progress Series 340:287-298. ",0,
Caretta caretta,Ectotherm,42.130000000000000000,NA,78.9,22.3,,"Hochscheid S, Overwintering behaviour in sea turtles: dormancy is optional. Marine Ecology Progress Series 340:287-298. ",0,
Caretta caretta,Ectotherm,50.250000000000000000,NA,80.3,26.4,,"Hochscheid S, Overwintering behaviour in sea turtles: dormancy is optional. Marine Ecology Progress Series 340:287-298. ",0,
Caretta caretta,Ectotherm,50.250000000000000000,NA,94.4,31.8,,"Hochscheid S, Overwintering behaviour in sea turtles: dormancy is optional. Marine Ecology Progress Series 340:287-298. ",0,
Caretta caretta,Ectotherm,19.650000000000000000,NA,95.8,15.9,,"Hochscheid S, Overwintering behaviour in sea turtles: dormancy is optional. Marine Ecology Progress Series 340:287-298. ",0,
Caretta caretta,Ectotherm,42.130000000000000000,NA,97.2,22,,"Hochscheid S, Overwintering behaviour in sea turtles: dormancy is optional. Marine Ecology Progress Series 340:287-298. ",0,
Caretta caretta,Ectotherm,19.650000000000000000,NA,98.6,19.2,,"Hochscheid S, Overwintering behaviour in sea turtles: dormancy is optional. Marine Ecology Progress Series 340:287-298. ",0,
Caretta caretta,Ectotherm,52.000000000000000000,NA,105.5,25.7,,"Hochscheid S, Bentivegna F, and Hays GC. 2005. First records of dive durations for a hibernating sea turtle. Biology Letters 1:82-86. 10.1098/rsbl.2004.0250",0,
Caretta caretta,Ectotherm,42.130000000000000000,NA,105.6,21.6,,"Hochscheid S, Overwintering behaviour in sea turtles: dormancy is optional. Marine Ecology Progress Series 340:287-298. ",0,
Caretta caretta,Ectotherm,50.250000000000000000,NA,105.6,25.5,,"Hochscheid S, Overwintering behaviour in sea turtles: dormancy is optional. Marine Ecology Progress Series 340:287-298. ",0,
Caretta caretta,Ectotherm,42.130000000000000000,NA,109.9,20.7,,"Hochscheid S, Overwintering behaviour in sea turtles: dormancy is optional. Marine Ecology Progress Series 340:287-298. ",0,
Caretta caretta,Ectotherm,19.650000000000000000,NA,116.9,19.1,,"Hochscheid S, Overwintering behaviour in sea turtles: dormancy is optional. Marine Ecology Progress Series 340:287-298. ",0,
Caretta caretta,Ectotherm,34.500000000000000000,NA,118.3,20.2,,"Hochscheid S, Overwintering behaviour in sea turtles: dormancy is optional. Marine Ecology Progress Series 340:287-298. ",0,
Caretta caretta,Ectotherm,42.130000000000000000,NA,119.7,21.9,,"Hochscheid S, Overwintering behaviour in sea turtles: dormancy is optional. Marine Ecology Progress Series 340:287-298. ",0,
Caretta caretta,Ectotherm,50.250000000000000000,NA,119.7,13.2,,"Hochscheid S, Overwintering behaviour in sea turtles: dormancy is optional. Marine Ecology Progress Series 340:287-298. ",0,
Caretta caretta,Ectotherm,50.250000000000000000,NA,119.7,23.6,,"Hochscheid S, Overwintering behaviour in sea turtles: dormancy is optional. Marine Ecology Progress Series 340:287-298. ",0,
Caretta caretta,Ectotherm,42.130000000000000000,NA,121.1,14.8,,"Hochscheid S, Overwintering behaviour in sea turtles: dormancy is optional. Marine Ecology Progress Series 340:287-298. ",0,
Caretta caretta,Ectotherm,52.000000000000000000,NA,125.3,22.6,,"Hochscheid S, Bentivegna F, and Hays GC. 2005. First records of dive durations for a hibernating sea turtle. Biology Letters 1:82-86. 10.1098/rsbl.2004.0250",0,
Caretta caretta,Ectotherm,19.650000000000000000,NA,129.6,17.6,,"Hochscheid S, Overwintering behaviour in sea turtles: dormancy is optional. Marine Ecology Progress Series 340:287-298. ",0,
Caretta caretta,Ectotherm,19.650000000000000000,NA,129.6,19.2,,"Hochscheid S, Overwintering behaviour in sea turtles: dormancy is optional. Marine Ecology Progress Series 340:287-298. ",0,
Caretta caretta,Ectotherm,50.250000000000000000,NA,140.8,12,,"Hochscheid S, Overwintering behaviour in sea turtles: dormancy is optional. Marine Ecology Progress Series 340:287-298. ",0,
Caretta caretta,Ectotherm,52.000000000000000000,NA,150,20,,"Hochscheid S, Bentivegna F, and Hays GC. 2005. First records of dive durations for a hibernating sea turtle. Biology Letters 1:82-86. 10.1098/rsbl.2004.0250",0,
Caretta caretta,Ectotherm,34.500000000000000000,NA,159.2,17.6,,"Hochscheid S, Overwintering behaviour in sea turtles: dormancy is optional. Marine Ecology Progress Series 340:287-298. ",0,
Caretta caretta,Ectotherm,42.130000000000000000,NA,160.6,15.3,,"Hochscheid S, Overwintering behaviour in sea turtles: dormancy is optional. Marine Ecology Progress Series 340:287-298. ",0,
Caretta caretta,Ectotherm,19.650000000000000000,NA,171.8,15.1,,"Hochscheid S, Overwintering behaviour in sea turtles: dormancy is optional. Marine Ecology Progress Series 340:287-298. ",0,
Caretta caretta,Ectotherm,42.130000000000000000,NA,181.7,16.9,,"Hochscheid S, Overwintering behaviour in sea turtles: dormancy is optional. Marine Ecology Progress Series 340:287-298. ",0,
Caretta caretta,Ectotherm,34.500000000000000000,NA,198.6,15.5,,"Hochscheid S, Overwintering behaviour in sea turtles: dormancy is optional. Marine Ecology Progress Series 340:287-298. ",0,
Caretta caretta,Ectotherm,19.650000000000000000,NA,200,13.8,,"Hochscheid S, Overwintering behaviour in sea turtles: dormancy is optional. Marine Ecology Progress Series 340:287-298. ",0,
Caretta caretta,Ectotherm,42.130000000000000000,NA,221.1,14.3,,"Hochscheid S, Overwintering behaviour in sea turtles: dormancy is optional. Marine Ecology Progress Series 340:287-298. ",0,
Caretta caretta,Ectotherm,19.650000000000000000,NA,239.4,13.4,,"Hochscheid S, Overwintering behaviour in sea turtles: dormancy is optional. Marine Ecology Progress Series 340:287-298. ",0,
Caretta caretta,Ectotherm,19.650000000000000000,NA,242.3,15.1,,"Hochscheid S, Overwintering behaviour in sea turtles: dormancy is optional. Marine Ecology Progress Series 340:287-298. ",0,
Caretta caretta,Ectotherm,52.000000000000000000,NA,248.9,16.4,,"Hochscheid S, Bentivegna F, and Hays GC. 2005. First records of dive durations for a hibernating sea turtle. Biology Letters 1:82-86. 10.1098/rsbl.2004.0250",0,
Caretta caretta,Ectotherm,52.000000000000000000,NA,253.8,17.1,,"Hochscheid S, Bentivegna F, and Hays GC. 2005. First records of dive durations for a hibernating sea turtle. Biology Letters 1:82-86. 10.1098/rsbl.2004.0250",0,
Caretta caretta,Ectotherm,34.500000000000000000,NA,269,15.1,,"Hochscheid S, Overwintering behaviour in sea turtles: dormancy is optional. Marine Ecology Progress Series 340:287-298. ",0,
Caretta caretta,Ectotherm,42.130000000000000000,NA,269,13.7,,"Hochscheid S, Overwintering behaviour in sea turtles: dormancy is optional. Marine Ecology Progress Series 340:287-298. ",0,
Caretta caretta,Ectotherm,42.130000000000000000,NA,269,16.1,,"Hochscheid S, Overwintering behaviour in sea turtles: dormancy is optional. Marine Ecology Progress Series 340:287-298. ",0,
Caretta caretta,Ectotherm,19.650000000000000000,NA,269,13,,"Hochscheid S, Overwintering behaviour in sea turtles: dormancy is optional. Marine Ecology Progress Series 340:287-298. ",0,
Caretta caretta,Ectotherm,42.130000000000000000,NA,270.4,14.5,,"Hochscheid S, Overwintering behaviour in sea turtles: dormancy is optional. Marine Ecology Progress Series 340:287-298. ",0,
Caretta caretta,Ectotherm,42.130000000000000000,NA,301.4,15,,"Hochscheid S, Overwintering behaviour in sea turtles: dormancy is optional. Marine Ecology Progress Series 340:287-298. ",0,
Caretta caretta,Ectotherm,50.250000000000000000,NA,330,15.2,,"Hochscheid S, Overwintering behaviour in sea turtles: dormancy is optional. Marine Ecology Progress Series 340:287-298. ",0,
Caretta caretta,Ectotherm,19.650000000000000000,NA,331,12.8,,"Hochscheid S, Overwintering behaviour in sea turtles: dormancy is optional. Marine Ecology Progress Series 340:287-298. ",0,
Caretta caretta,Ectotherm,34.500000000000000000,NA,360.6,13.5,,"Hochscheid S, Overwintering behaviour in sea turtles: dormancy is optional. Marine Ecology Progress Series 340:287-298. ",0,
Caretta caretta,Ectotherm,42.130000000000000000,NA,360.6,13.4,,"Hochscheid S, Overwintering behaviour in sea turtles: dormancy is optional. Marine Ecology Progress Series 340:287-298. ",0,
Caretta caretta,Ectotherm,19.650000000000000000,NA,362,12.9,,"Hochscheid S, Overwintering behaviour in sea turtles: dormancy is optional. Marine Ecology Progress Series 340:287-298. ",0,
Caretta caretta,Ectotherm,52.000000000000000000,341,410.4,14.8,,"Hochscheid S, Bentivegna F, and Hays GC. 2005. First records of dive durations for a hibernating sea turtle. Biology Letters 1:82-86. 10.1098/rsbl.2004.0250",0,
Caretta caretta,Ectotherm,19.650000000000000000,NA,480.3,12.5,,"Hochscheid S, Overwintering behaviour in sea turtles: dormancy is optional. Marine Ecology Progress Series 340:287-298. ",0,
Caretta caretta,Ectotherm,34.500000000000000000,120,NA,16.4,,"Hochscheid S, Overwintering behaviour in sea turtles: dormancy is optional. Marine Ecology Progress Series 340:287-298. ",0,
Caretta caretta,Ectotherm,42.130000000000000000,26,NA,17.6,,"Hochscheid S, Overwintering behaviour in sea turtles: dormancy is optional. Marine Ecology Progress Series 340:287-298. ",0,
Caretta caretta,Ectotherm,19.650000000000000000,115,NA,17.4,,"Hochscheid S, Overwintering behaviour in sea turtles: dormancy is optional. Marine Ecology Progress Series 340:287-298. ",0,
Caretta caretta,Ectotherm,72.500000000000000000,25,NA,27.4,,"Hatase H, Omuta K, and Tsukamoto K. 2007. Bottom or midwater: alternative foraging behaviours in adult female loggerhead sea turtles. Journal of Zoology 273:46-55",0,
Caretta caretta,Ectotherm,72.500000000000000000,15,NA,26.6,,"Hatase H, Omuta K, and Tsukamoto K. 2007. Bottom or midwater: alternative foraging behaviours in adult female loggerhead sea turtles. Journal of Zoology 273:46-55",0,
Caretta caretta,Ectotherm,72.500000000000000000,12,NA,26.3,,"Hatase H, Omuta K, and Tsukamoto K. 2007. Bottom or midwater: alternative foraging behaviours in adult female loggerhead sea turtles. Journal of Zoology 273:46-55",0,
Caretta caretta,Ectotherm,72.500000000000000000,20.1,NA,26.5,,"Hatase H, Omuta K, and Tsukamoto K. 2007. Bottom or midwater: alternative foraging behaviours in adult female loggerhead sea turtles. Journal of Zoology 273:46-55",0,
Caretta caretta,Ectotherm,72.500000000000000000,20,NA,27.3,,"Hatase H, Omuta K, and Tsukamoto K. 2007. Bottom or midwater: alternative foraging behaviours in adult female loggerhead sea turtles. Journal of Zoology 273:46-55",0,
Caretta caretta,Ectotherm,72.500000000000000000,19.8,NA,28.7,,"Hatase H, Omuta K, and Tsukamoto K. 2007. Bottom or midwater: alternative foraging behaviours in adult female loggerhead sea turtles. Journal of Zoology 273:46-55",0,
Caretta caretta,Ectotherm,72.500000000000000000,15,NA,26.5,,"Hatase H, Omuta K, and Tsukamoto K. 2007. Bottom or midwater: alternative foraging behaviours in adult female loggerhead sea turtles. Journal of Zoology 273:46-55",0,
Caretta caretta,Ectotherm,72.500000000000000000,25,NA,23.5,,"Hatase H, Omuta K, and Tsukamoto K. 2007. Bottom or midwater: alternative foraging behaviours in adult female loggerhead sea turtles. Journal of Zoology 273:46-55",0,
Caretta caretta,Ectotherm,72.500000000000000000,36,NA,24.2,,"Hatase H, Omuta K, and Tsukamoto K. 2007. Bottom or midwater: alternative foraging behaviours in adult female loggerhead sea turtles. Journal of Zoology 273:46-55",0,
Caretta caretta,Ectotherm,72.500000000000000000,34,NA,23.1,,"Hatase H, Omuta K, and Tsukamoto K. 2007. Bottom or midwater: alternative foraging behaviours in adult female loggerhead sea turtles. Journal of Zoology 273:46-55",0,
Caretta caretta,Ectotherm,72.500000000000000000,45,NA,25.1,,"Hatase H, Omuta K, and Tsukamoto K. 2007. Bottom or midwater: alternative foraging behaviours in adult female loggerhead sea turtles. Journal of Zoology 273:46-55",0,
Caretta caretta,Ectotherm,72.500000000000000000,22,NA,25.9,,"Hatase H, Omuta K, and Tsukamoto K. 2007. Bottom or midwater: alternative foraging behaviours in adult female loggerhead sea turtles. Journal of Zoology 273:46-55",0,
Caretta caretta,Ectotherm,72.500000000000000000,25,NA,25.2,,"Hatase H, Omuta K, and Tsukamoto K. 2007. Bottom or midwater: alternative foraging behaviours in adult female loggerhead sea turtles. Journal of Zoology 273:46-55",0,
Caretta caretta,Ectotherm,72.500000000000000000,58,NA,23,,"Hatase H, Omuta K, and Tsukamoto K. 2007. Bottom or midwater: alternative foraging behaviours in adult female loggerhead sea turtles. Journal of Zoology 273:46-55",0,
Caretta caretta,Ectotherm,72.500000000000000000,29,NA,22.3,,"Hatase H, Omuta K, and Tsukamoto K. 2007. Bottom or midwater: alternative foraging behaviours in adult female loggerhead sea turtles. Journal of Zoology 273:46-55",0,
Caretta caretta,Ectotherm,72.500000000000000000,50,NA,21.2,,"Hatase H, Omuta K, and Tsukamoto K. 2007. Bottom or midwater: alternative foraging behaviours in adult female loggerhead sea turtles. Journal of Zoology 273:46-55",0,
Caretta caretta,Ectotherm,72.500000000000000000,38,NA,22.2,,"Hatase H, Omuta K, and Tsukamoto K. 2007. Bottom or midwater: alternative foraging behaviours in adult female loggerhead sea turtles. Journal of Zoology 273:46-55",0,
Caretta caretta,Ectotherm,72.500000000000000000,66,NA,20.4,,"Hatase H, Omuta K, and Tsukamoto K. 2007. Bottom or midwater: alternative foraging behaviours in adult female loggerhead sea turtles. Journal of Zoology 273:46-55",0,
Caretta caretta,Ectotherm,72.500000000000000000,58,NA,20.3,,"Hatase H, Omuta K, and Tsukamoto K. 2007. Bottom or midwater: alternative foraging behaviours in adult female loggerhead sea turtles. Journal of Zoology 273:46-55",0,
Caretta caretta,Ectotherm,72.500000000000000000,57,NA,20,,"Hatase H, Omuta K, and Tsukamoto K. 2007. Bottom or midwater: alternative foraging behaviours in adult female loggerhead sea turtles. Journal of Zoology 273:46-55",0,
Caretta caretta,Ectotherm,91.500000000000000000,17,NA,27.4,,"Hatase H, Omuta K, and Tsukamoto K. 2007. Bottom or midwater: alternative foraging behaviours in adult female loggerhead sea turtles. Journal of Zoology 273:46-55",0,
Caretta caretta,Ectotherm,91.500000000000000000,18,NA,24.2,,"Hatase H, Omuta K, and Tsukamoto K. 2007. Bottom or midwater: alternative foraging behaviours in adult female loggerhead sea turtles. Journal of Zoology 273:46-55",0,
Caretta caretta,Ectotherm,91.500000000000000000,15.1,NA,28.2,,"Hatase H, Omuta K, and Tsukamoto K. 2007. Bottom or midwater: alternative foraging behaviours in adult female loggerhead sea turtles. Journal of Zoology 273:46-55",0,
Caretta caretta,Ectotherm,91.500000000000000000,14,NA,28.8,,"Hatase H, Omuta K, and Tsukamoto K. 2007. Bottom or midwater: alternative foraging behaviours in adult female loggerhead sea turtles. Journal of Zoology 273:46-55",0,
Caretta caretta,Ectotherm,91.500000000000000000,17.5,NA,27.8,,"Hatase H, Omuta K, and Tsukamoto K. 2007. Bottom or midwater: alternative foraging behaviours in adult female loggerhead sea turtles. Journal of Zoology 273:46-55",0,
Caretta caretta,Ectotherm,91.500000000000000000,18,NA,26.5,,"Hatase H, Omuta K, and Tsukamoto K. 2007. Bottom or midwater: alternative foraging behaviours in adult female loggerhead sea turtles. Journal of Zoology 273:46-55",0,
Caretta caretta,Ectotherm,91.500000000000000000,19,NA,26.7,,"Hatase H, Omuta K, and Tsukamoto K. 2007. Bottom or midwater: alternative foraging behaviours in adult female loggerhead sea turtles. Journal of Zoology 273:46-55",0,
Caretta caretta,Ectotherm,91.500000000000000000,24,NA,25.2,,"Hatase H, Omuta K, and Tsukamoto K. 2007. Bottom or midwater: alternative foraging behaviours in adult female loggerhead sea turtles. Journal of Zoology 273:46-55",0,
Caretta caretta,Ectotherm,91.500000000000000000,26,NA,24.6,,"Hatase H, Omuta K, and Tsukamoto K. 2007. Bottom or midwater: alternative foraging behaviours in adult female loggerhead sea turtles. Journal of Zoology 273:46-55",0,
Caretta caretta,Ectotherm,91.500000000000000000,30,NA,23.8,,"Hatase H, Omuta K, and Tsukamoto K. 2007. Bottom or midwater: alternative foraging behaviours in adult female loggerhead sea turtles. Journal of Zoology 273:46-55",0,
Caretta caretta,Ectotherm,91.500000000000000000,36,NA,23.7,,"Hatase H, Omuta K, and Tsukamoto K. 2007. Bottom or midwater: alternative foraging behaviours in adult female loggerhead sea turtles. Journal of Zoology 273:46-55",0,
Caretta caretta,Ectotherm,91.500000000000000000,36.5,NA,23.1,,"Hatase H, Omuta K, and Tsukamoto K. 2007. Bottom or midwater: alternative foraging behaviours in adult female loggerhead sea turtles. Journal of Zoology 273:46-55",0,
Caretta caretta,Ectotherm,91.500000000000000000,37,NA,22,,"Hatase H, Omuta K, and Tsukamoto K. 2007. Bottom or midwater: alternative foraging behaviours in adult female loggerhead sea turtles. Journal of Zoology 273:46-55",0,
Caretta caretta,Ectotherm,55.000000000000000000,36.2,NA,26,"June-July 1999 Alagadi beach, Cyprus (35≠ 21Â N, 33≠ 30Â E) / Turtle 1 type 1a","Houghton JDR, Broderick AC, Godley BJ, Metcalfe JD, and Hays GC. 2002. Diving behaviour during the internesting interval for loggerhead turtles Caretta caretta nesting in Cyprus. Marine Ecology Progress Series 227:63-70. 10.3354/meps227063",0,
Caretta caretta,Ectotherm,55.000000000000000000,6.94,NA,26,"June-July 1999 Alagadi beach, Cyprus (35≠ 21Â N, 33≠ 30Â E) / Turtle 1 type 1b","Houghton JDR, Broderick AC, Godley BJ, Metcalfe JD, and Hays GC. 2002. Diving behaviour during the internesting interval for loggerhead turtles Caretta caretta nesting in Cyprus. Marine Ecology Progress Series 227:63-70. 10.3354/meps227063",0,
Caretta caretta,Ectotherm,55.000000000000000000,1.66,NA,26,"June-July 1999 Alagadi beach, Cyprus (35≠ 21Â N, 33≠ 30Â E) / Turtle 1 type 2","Houghton JDR, Broderick AC, Godley BJ, Metcalfe JD, and Hays GC. 2002. Diving behaviour during the internesting interval for loggerhead turtles Caretta caretta nesting in Cyprus. Marine Ecology Progress Series 227:63-70. 10.3354/meps227063",0,
Caretta caretta,Ectotherm,55.000000000000000000,14.21,NA,26,"June-July 1999 Alagadi beach, Cyprus (35≠ 21Â N, 33≠ 30Â E) / Turtle 1 type 3","Houghton JDR, Broderick AC, Godley BJ, Metcalfe JD, and Hays GC. 2002. Diving behaviour during the internesting interval for loggerhead turtles Caretta caretta nesting in Cyprus. Marine Ecology Progress Series 227:63-70. 10.3354/meps227063",0,
Caretta caretta,Ectotherm,55.000000000000000000,16.38,NA,26,"June-July 1999 Alagadi beach, Cyprus (35≠ 21Â N, 33≠ 30Â E) / Turtle 1 type 4","Houghton JDR, Broderick AC, Godley BJ, Metcalfe JD, and Hays GC. 2002. Diving behaviour during the internesting interval for loggerhead turtles Caretta caretta nesting in Cyprus. Marine Ecology Progress Series 227:63-70. 10.3354/meps227063",0,
Caretta caretta,Ectotherm,55.000000000000000000,4.31,NA,26,"June-July 1999 Alagadi beach, Cyprus (35≠ 21Â N, 33≠ 30Â E) / Turtle 1 type 5","Houghton JDR, Broderick AC, Godley BJ, Metcalfe JD, and Hays GC. 2002. Diving behaviour during the internesting interval for loggerhead turtles Caretta caretta nesting in Cyprus. Marine Ecology Progress Series 227:63-70. 10.3354/meps227063",0,
Caretta caretta,Ectotherm,55.000000000000000000,22.49,NA,26,"June-July 1999 Alagadi beach, Cyprus (35≠ 21Â N, 33≠ 30Â E) / Turtle 2 type 1a","Houghton JDR, Broderick AC, Godley BJ, Metcalfe JD, and Hays GC. 2002. Diving behaviour during the internesting interval for loggerhead turtles Caretta caretta nesting in Cyprus. Marine Ecology Progress Series 227:63-70. 10.3354/meps227063",0,
Caretta caretta,Ectotherm,55.000000000000000000,5.64,NA,26,"June-July 1999 Alagadi beach, Cyprus (35≠ 21Â N, 33≠ 30Â E) / Turtle 2 type 1b","Houghton JDR, Broderick AC, Godley BJ, Metcalfe JD, and Hays GC. 2002. Diving behaviour during the internesting interval for loggerhead turtles Caretta caretta nesting in Cyprus. Marine Ecology Progress Series 227:63-70. 10.3354/meps227063",0,
Caretta caretta,Ectotherm,55.000000000000000000,1.15,NA,26,"June-July 1999 Alagadi beach, Cyprus (35≠ 21Â N, 33≠ 30Â E) / Turtle 2 type 2","Houghton JDR, Broderick AC, Godley BJ, Metcalfe JD, and Hays GC. 2002. Diving behaviour during the internesting interval for loggerhead turtles Caretta caretta nesting in Cyprus. Marine Ecology Progress Series 227:63-70. 10.3354/meps227063",0,
Caretta caretta,Ectotherm,55.000000000000000000,3.38,NA,26,"June-July 1999 Alagadi beach, Cyprus (35≠ 21Â N, 33≠ 30Â E) / Turtle 2 type 3","Houghton JDR, Broderick AC, Godley BJ, Metcalfe JD, and Hays GC. 2002. Diving behaviour during the internesting interval for loggerhead turtles Caretta caretta nesting in Cyprus. Marine Ecology Progress Series 227:63-70. 10.3354/meps227063",0,
Caretta caretta,Ectotherm,55.000000000000000000,3.67,NA,26,"June-July 1999 Alagadi beach, Cyprus (35≠ 21Â N, 33≠ 30Â E) / Turtle 2 type 4","Houghton JDR, Broderick AC, Godley BJ, Metcalfe JD, and Hays GC. 2002. Diving behaviour during the internesting interval for loggerhead turtles Caretta caretta nesting in Cyprus. Marine Ecology Progress Series 227:63-70. 10.3354/meps227063",0,
Caretta caretta,Ectotherm,55.000000000000000000,1.36,NA,26,"June-July 1999 Alagadi beach, Cyprus (35≠ 21Â N, 33≠ 30Â E) / Turtle 2 type 5","Houghton JDR, Broderick AC, Godley BJ, Metcalfe JD, and Hays GC. 2002. Diving behaviour during the internesting interval for loggerhead turtles Caretta caretta nesting in Cyprus. Marine Ecology Progress Series 227:63-70. 10.3354/meps227063",0,
Caretta caretta,Ectotherm,,12.5,NA,25,Adult males,"Arendt, M.D., A.L. Segars, J.L. Byrd, J. Boynton, J.A. Schwenter, J.D. Whitaker & L. Parker (2011) Migration, distribution, and diving behavior of adult male loggerhead sea turtles (Caretta caretta) following dispersal from a major breeding aggregation in the Western North Atlantic. Mar. Biol. 159: 113-125.",0,
Cepphus columba,Endotherm,0.500000000000000000,1.117,1.75,40.4,temperature taken to be similar to that for Cephus grille data,"Thoresen, A.C. (1989) Diving times and behavior of Pigeon guillemots and marbled murrelets off Rosario, Washington. Western Birds 20: 33-37.",0,
Cepphus columba,Endotherm,0.500000000000000000,1.267,1.833,40.4,temperature taken to be similar to that for Cephus grille data,"Ainley D.G., Strong C., Penniman T., Boekelheide T. (1990) The feeding ecology of Farallon seabirds. p. 51-127. In: D.G. Ainley & R.J. Boekelkeide (eds.) Seabirds of the Farallon Islands: Ecology, Dynamics, and Structure of an Upwelling-System Community. Stanford University Press, Stanford, California. 450pp.",0,
Cepphus columba,Endotherm,0.500000000000000000,0.683,NA,40.4,temperature taken to be similar to that for Cephus grille data,"Cody, M.L. (1973) Coexistence, Coevoluation and Convergent Evolution in Seabird Communities. Ecology. 54: 31-44.",0,
Cepphus grylle,Endotherm,0.400000000000000000,1.383,NA,40.4,"temperature value from: Clarke A, and Rothery P. 2008. Scaling of body temperature in mammals and birds. Functional Ecology 22:58-67. ","Bradstreet, M.S.W. (1982) Occurrence, Habitat Use, and Behavior of Seabirds, Marine Mammals, and Arctic Cod at the Pond Inlet Ice Edge. Arctic 35: 28-40.",0,
Cepphus grylle,Endotherm,0.400000000000000000,0.683,NA,40.4,"temperature value from: Clarke A, and Rothery P. 2008. Scaling of body temperature in mammals and birds. Functional Ecology 22:58-67. ","Bradstreet, M.S.W. (1982) Occurrence, Habitat Use, and Behavior of Seabirds, Marine Mammals, and Arctic Cod at the Pond Inlet Ice Edge. Arctic 35: 28-40.",0,
Cerorhinca monocerata,Endotherm,0.520000000000000000,0.75,1.15,40.2, temperature taken to be similar to the mean body temperature of Alcidae,"Burger, A.E., R.P. Wilson, D. Garnier & M.-P.T. Wilson (1993) Diving depths, diet, and underwater foraging of Rhinoceros Auklets in British Columbia. Can. J. Zool. 71: 2528-2540.",0,
Cerorhinca monocerata,Endotherm,0.545500000000000000,0.783,NA,40.2, temperature taken to be similar to the mean body temperature of Alcidae,"Cody, M.L. (1973) Coexistence, Coevoluation and Convergent Evolution in Seabird Communities. Ecology. 54: 31-44.",0,
Cerorhinca monocerata,Endotherm,0.545500000000000000,0.632,NA,40.2, temperature taken to be similar to the mean body temperature of Alcidae,"Davoren, G.K. (2000) Variability in foraging in response to changing prey distributions in rhinoceros auklets. Mar. Ecol. Prog. Ser. 198: 283-291.",0,
Cerorhinca monocerata,Endotherm,0.545500000000000000,0.608,NA,40.2, temperature taken to be similar to the mean body temperature of Alcidae,"Davoren, G.K. (2000) Variability in foraging in response to changing prey distributions in rhinoceros auklets. Mar. Ecol. Prog. Ser. 198: 283-291.",0,
Cerorhinca monocerata,Endotherm,0.545500000000000000,0.627,NA,40.2, temperature taken to be similar to the mean body temperature of Alcidae,"Davoren, G.K. & A.E. Burger (1999) Differences in prey selection and behaviour during self-feeding and chick provisioning in rhinoceros auklets. Anim. Behav. 58: 853-863.",0,
Cerorhinca monocerata,Endotherm,0.612000000000000000,1.083,NA,40.2, temperature taken to be similar to the mean body temperature of Alcidae,"Kuroki, M., A. Kato, Y. Watanuki, Y. Niizuma, A. Takahashi & Y. Naito (2003) Diving behavior of an epipelagically feeding alcid, the Rhinoceros Auklet (Cerorhinca monocerata). Can. J. Zool. 81: 1249-1256.",0,
Cerorhinca monocerata,Endotherm,0.592000000000000000,0.767,NA,40.2, temperature taken to be similar to the mean body temperature of Alcidae,"Kuroki, M., A. Kato, Y. Watanuki, Y. Niizuma, A. Takahashi & Y. Naito (2003) Diving behavior of an epipelagically feeding alcid, the Rhinoceros Auklet (Cerorhinca monocerata). Can. J. Zool. 81: 1249-1256.",0,
Cerorhinca monocerata,Endotherm,0.591000000000000000,0.817,NA,40.2, temperature taken to be similar to the mean body temperature of Alcidae,"Kuroki, M., A. Kato, Y. Watanuki, Y. Niizuma, A. Takahashi & Y. Naito (2003) Diving behavior of an epipelagically feeding alcid, the Rhinoceros Auklet (Cerorhinca monocerata). Can. J. Zool. 81: 1249-1256.",0,
Cerorhinca monocerata,Endotherm,0.580000000000000000,0.95,NA,40.2, temperature taken to be similar to the mean body temperature of Alcidae,"Kuroki, M., A. Kato, Y. Watanuki, Y. Niizuma, A. Takahashi & Y. Naito (2003) Diving behavior of an epipelagically feeding alcid, the Rhinoceros Auklet (Cerorhinca monocerata). Can. J. Zool. 81: 1249-1256.",0,
Cerorhinca monocerata,Endotherm,0.565000000000000000,0.967,NA,40.2, temperature taken to be similar to the mean body temperature of Alcidae,"Kuroki, M., A. Kato, Y. Watanuki, Y. Niizuma, A. Takahashi & Y. Naito (2003) Diving behavior of an epipelagically feeding alcid, the Rhinoceros Auklet (Cerorhinca monocerata). Can. J. Zool. 81: 1249-1256.",0,
Cerorhinca monocerata,Endotherm,0.526000000000000000,0.967,NA,40.2, temperature taken to be similar to the mean body temperature of Alcidae,"Kuroki, M., A. Kato, Y. Watanuki, Y. Niizuma, A. Takahashi & Y. Naito (2003) Diving behavior of an epipelagically feeding alcid, the Rhinoceros Auklet (Cerorhinca monocerata). Can. J. Zool. 81: 1249-1256.",0,
Cerorhinca monocerata,Endotherm,0.520000000000000000,0.717,NA,40.2, temperature taken to be similar to the mean body temperature of Alcidae,"Kuroki, M., A. Kato, Y. Watanuki, Y. Niizuma, A. Takahashi & Y. Naito (2003) Diving behavior of an epipelagically feeding alcid, the Rhinoceros Auklet (Cerorhinca monocerata). Can. J. Zool. 81: 1249-1256.",0,
Cerorhinca monocerata,Endotherm,0.515000000000000000,0.783,NA,40.2, temperature taken to be similar to the mean body temperature of Alcidae,"Kuroki, M., A. Kato, Y. Watanuki, Y. Niizuma, A. Takahashi & Y. Naito (2003) Diving behavior of an epipelagically feeding alcid, the Rhinoceros Auklet (Cerorhinca monocerata). Can. J. Zool. 81: 1249-1256.",0,
Chelonia mydas,Ectotherm,0.034000000000000000,1.7,3.4,28,means per age group were taken; avg sea surface temperature was used,"Salmon, M., Jones, T.T., Horch, K.W., 2004. Ontogeny of diving and feeding behavior in juvenile seaturtles: leatherback seaturtles (Dermochelys coriacea L) and green seaturtles (Chelonia mydas L) in the Florida Current. J. Herpetol. 38, 36-43.
",0,
Chelonia mydas,Ectotherm,0.070000000000000000,2.483,4.3,28,means per age group were taken; avg sea surface temperature was used,"Salmon, M., Jones, T.T., Horch, K.W., 2004. Ontogeny of diving and feeding behavior in juvenile seaturtles: leatherback seaturtles (Dermochelys coriacea L) and green seaturtles (Chelonia mydas L) in the Florida Current. J. Herpetol. 38, 36-43.
",0,
Chelonia mydas,Ectotherm,115.200000000000000000,15,25,26.9,,"Hatase, H., K. Sato, M. Yamaguchi, K. Takahashi & K. Tsukamoto (2006) Individual variation in feeding habitat use by adult female green sea turtles (Chelonia mydas): are they obligately neritic herbivores? Oecologia 149: 52-64.",0,
Chelonia mydas,Ectotherm,211.000000000000000000,18.1,30.9,27.7,,"Hatase, H., K. Sato, M. Yamaguchi, K. Takahashi & K. Tsukamoto (2006) Individual variation in feeding habitat use by adult female green sea turtles (Chelonia mydas): are they obligately neritic herbivores? Oecologia 149: 52-64.",0,
Chelonia mydas,Ectotherm,125.200000000000000000,19.4,31.1,28.4,,"Hatase, H., K. Sato, M. Yamaguchi, K. Takahashi & K. Tsukamoto (2006) Individual variation in feeding habitat use by adult female green sea turtles (Chelonia mydas): are they obligately neritic herbivores? Oecologia 149: 52-64.",0,
Chelonia mydas,Ectotherm,200.000000000000000000,24.6,45.8,28.4,,"Hatase, H., K. Sato, M. Yamaguchi, K. Takahashi & K. Tsukamoto (2006) Individual variation in feeding habitat use by adult female green sea turtles (Chelonia mydas): are they obligately neritic herbivores? Oecologia 149: 52-64.",0,
Chelonia mydas,Ectotherm,105.600000000000000000,28.6,51,28,,"Hays GC, Adams CR, Broderick AC, Godley BJ, Lucas DJ, Metcalfe JD, and Prior AA. 2000. The diving behaviour of green turtles at Ascension Island. Animal Behaviour 59:577-586. ",0,
Chelonia mydas,Ectotherm,236.500000000000000000,36,55,28,,"Hays GC, Adams CR, Broderick AC, Godley BJ, Lucas DJ, Metcalfe JD, and Prior AA. 2000. The diving behaviour of green turtles at Ascension Island. Animal Behaviour 59:577-586. ",0,
Chelonia mydas,Ectotherm,160.000000000000000000,NA,60,NA,,"Hays, G.C., J.D. Metcalfe & A.W. Walne (2004) The implications of lung-regulated buoyancy control for dive depth and duration. Ecology 85: 1137-1145.",0,
Chelonia mydas,Ectotherm,,13.6,90,28,"August-October 2007 Nombre de Jesús (10°23?3?N, 85°50?07?W) and Zapotillal beach (10°23?48?N, 85°49?48?W) ","Blanco, G.S., S.J. Morreale, J.A. Seminoff, F.V. Paladino, R. Piedra & J.R. Spotila (2013) Movements and diving behavior of internesting green turtles along Pacific Costa Rica. Integrative Zoology 8: 293–306.",0,
Chelonia mydas,Ectotherm,,19.9,112,21.5,,"Hazel, J., I.R. Lawler & M. Hamann (2009) Diving at the shallow end: green turtle behavior in near-shore foraging habitat. J. Exp. Mar. Biol. Ecol. 371: 84-92.",0,
Chelonia mydas,Ectotherm,110.500000000000000000,15.7,118.1,25.7,winter,"Ballorain, K. (2010) Ecologie trophique de la tortue verte Chelonia mydas dans les herbiers marins et algueraies du sud-ouest de l'ocÇan Indien. Doctoral thesis, Department of Marine Biology, University of Strasbourg, France. 286pp.",0,
Chelonia mydas,Ectotherm,21.600000000000000000,14.3,NA,26.2,,"Southwood AL, Reina RD, Jones VS, and Jones DR. 2003. Seasonal diving patterns and body temperatures of juvenile green turtles at Heron Island, Australia. Canadian Journal of Zoology 81:1014-1024.",0,
Chelonia mydas,Ectotherm,15.000000000000000000,11.9,NA,27.9,,"Southwood AL, Reina RD, Jones VS, and Jones DR. 2003. Seasonal diving patterns and body temperatures of juvenile green turtles at Heron Island, Australia. Canadian Journal of Zoology 81:1014-1024.",0,
Chelonia mydas,Ectotherm,15.600000000000000000,15.2,NA,25.3,,"Southwood AL, Reina RD, Jones VS, and Jones DR. 2003. Seasonal diving patterns and body temperatures of juvenile green turtles at Heron Island, Australia. Canadian Journal of Zoology 81:1014-1024.",0,
Chelonia mydas,Ectotherm,11.700000000000000000,12.6,NA,25.6,,"Southwood AL, Reina RD, Jones VS, and Jones DR. 2003. Seasonal diving patterns and body temperatures of juvenile green turtles at Heron Island, Australia. Canadian Journal of Zoology 81:1014-1024.",0,
Chelonia mydas,Ectotherm,11.600000000000000000,12.8,NA,26.6,,"Southwood AL, Reina RD, Jones VS, and Jones DR. 2003. Seasonal diving patterns and body temperatures of juvenile green turtles at Heron Island, Australia. Canadian Journal of Zoology 81:1014-1024.",0,
Chelonia mydas,Ectotherm,16.900000000000000000,11.9,NA,25.8,,"Southwood AL, Reina RD, Jones VS, and Jones DR. 2003. Seasonal diving patterns and body temperatures of juvenile green turtles at Heron Island, Australia. Canadian Journal of Zoology 81:1014-1024.",0,
Chelonia mydas,Ectotherm,23.600000000000000000,22.7,NA,21.9,,"Southwood AL, Reina RD, Jones VS, and Jones DR. 2003. Seasonal diving patterns and body temperatures of juvenile green turtles at Heron Island, Australia. Canadian Journal of Zoology 81:1014-1024.",0,
Chelonia mydas,Ectotherm,17.100000000000000000,25.9,NA,21.7,,"Southwood AL, Reina RD, Jones VS, and Jones DR. 2003. Seasonal diving patterns and body temperatures of juvenile green turtles at Heron Island, Australia. Canadian Journal of Zoology 81:1014-1024.",0,
Chelonia mydas,Ectotherm,17.100000000000000000,25.9,NA,21.7,,"Southwood A, Reina R, Jones V, Speakman J, and Jones D. 2006. Seasonal metabolism of juvenile green turtles (Chelonia mydas) at Heron Island, Australia. Canadian Journal of Zoology 84:125-135",0,
Chelonia mydas,Ectotherm,11.100000000000000000,12.8,NA,26.6,,"Southwood A, Reina R, Jones V, Speakman J, and Jones D. 2006. Seasonal metabolism of juvenile green turtles (Chelonia mydas) at Heron Island, Australia. Canadian Journal of Zoology 84:125-135",0,
Chelonia mydas,Ectotherm,11.600000000000000000,12.6,NA,25.6,,"Southwood A, Reina R, Jones V, Speakman J, and Jones D. 2006. Seasonal metabolism of juvenile green turtles (Chelonia mydas) at Heron Island, Australia. Canadian Journal of Zoology 84:125-135",0,
Chelonia mydas,Ectotherm,15.700000000000000000,15.2,NA,25.3,,"Southwood A, Reina R, Jones V, Speakman J, and Jones D. 2006. Seasonal metabolism of juvenile green turtles (Chelonia mydas) at Heron Island, Australia. Canadian Journal of Zoology 84:125-135",0,
Chelonia mydas,Ectotherm,23.800000000000000000,22.7,NA,21.9,,"Southwood A, Reina R, Jones V, Speakman J, and Jones D. 2006. Seasonal metabolism of juvenile green turtles (Chelonia mydas) at Heron Island, Australia. Canadian Journal of Zoology 84:125-135",0,
Chelonia mydas,Ectotherm,17.200000000000000000,25.9,NA,21.7,,"Southwood A, Reina R, Jones V, Speakman J, and Jones D. 2006. Seasonal metabolism of juvenile green turtles (Chelonia mydas) at Heron Island, Australia. Canadian Journal of Zoology 84:125-135",0,
Chelonia mydas,Ectotherm,16.300000000000000000,11.9,NA,25.8,,"Southwood A, Reina R, Jones V, Speakman J, and Jones D. 2006. Seasonal metabolism of juvenile green turtles (Chelonia mydas) at Heron Island, Australia. Canadian Journal of Zoology 84:125-135",0,
Chelonia mydas,Ectotherm,18.500000000000000000,9.4,NA,25,average sst of hawai was used; N1,"Brill R.W., Balazs G.H., Holland K.N., Chang R.K.C., Sullivan S., Georage J.C. (1995) Daily movements, habitat use, and submergence intervals of normal and tumor-bearing juvenile green turtles (Chelonia mydas L.) within a foraging area in the Hawaiian islands. Journal of Experimental Marine Biology and Ecology 185: 203-218",0,
Chelonia mydas,Ectotherm,17.000000000000000000,8.4,NA,25,average sst of hawai was used; N6,"Brill R.W., Balazs G.H., Holland K.N., Chang R.K.C., Sullivan S., Georage J.C. (1995) Daily movements, habitat use, and submergence intervals of normal and tumor-bearing juvenile green turtles (Chelonia mydas L.) within a foraging area in the Hawaiian islands. Journal of Experimental Marine Biology and Ecology 185: 203-218",0,
Chelonia mydas,Ectotherm,115.000000000000000000,35,NA,26,(23 / F1),"Rice, M.R. & G.H. Balazs (2008) Diving behavior of the Hawaiian green turtle (Chelonia mydas) during oceanic migrations. J. Exp. Mar. Biol. Ecol. 356: 121-127.",0,
Chelonia mydas,Ectotherm,115.000000000000000000,38.2,NA,26,(23 / F1),"Rice, M.R. & G.H. Balazs (2008) Diving behavior of the Hawaiian green turtle (Chelonia mydas) during oceanic migrations. J. Exp. Mar. Biol. Ecol. 356: 121-127.",0,
Chelonia mydas,Ectotherm,115.000000000000000000,28,NA,26,(23 / F1),"Rice, M.R. & G.H. Balazs (2008) Diving behavior of the Hawaiian green turtle (Chelonia mydas) during oceanic migrations. J. Exp. Mar. Biol. Ecol. 356: 121-127.",0,
Chelonia mydas,Ectotherm,115.000000000000000000,37,NA,26,(23 / F1),"Rice, M.R. & G.H. Balazs (2008) Diving behavior of the Hawaiian green turtle (Chelonia mydas) during oceanic migrations. J. Exp. Mar. Biol. Ecol. 356: 121-127.",0,
Chelonia mydas,Ectotherm,115.000000000000000000,44,NA,26,(23 / F2),"Rice, M.R. & G.H. Balazs (2008) Diving behavior of the Hawaiian green turtle (Chelonia mydas) during oceanic migrations. J. Exp. Mar. Biol. Ecol. 356: 121-127.",0,
Chelonia mydas,Ectotherm,115.000000000000000000,37.3,NA,26,(23 / F2),"Rice, M.R. & G.H. Balazs (2008) Diving behavior of the Hawaiian green turtle (Chelonia mydas) during oceanic migrations. J. Exp. Mar. Biol. Ecol. 356: 121-127.",0,
Chelonia mydas,Ectotherm,115.000000000000000000,38.2,NA,26,(23 /M1),"Rice, M.R. & G.H. Balazs (2008) Diving behavior of the Hawaiian green turtle (Chelonia mydas) during oceanic migrations. J. Exp. Mar. Biol. Ecol. 356: 121-127.",0,
Chrysemys dorbignyi,Ectotherm,1.740000000000000000,4.1,19.3,27,data not averaged for day and night,"Santos, E.A., S.Y.T. Laitano & G.C. Genofre (1990). Diving physiology of Chrysemys dorbignyi Dum. & Bibr., 1835 (Reptilia: Chelonia). Comp. Biochem. Physiol. 95A: 229-236.",0,
Chrysemys dorbignyi,Ectotherm,1.755000000000000000,9.4,34.2,18,data not averaged for day and night,"Santos, E.A., S.Y.T. Laitano & G.C. Genofre (1990). Diving physiology of Chrysemys dorbignyi Dum. & Bibr., 1835 (Reptilia: Chelonia). Comp. Biochem. Physiol. 95A: 229-236.",0,
Chrysemys dorbignyi,Ectotherm,1.755000000000000000,18.7,35,18,data not averaged for day and night,"Santos, E.A., S.Y.T. Laitano & G.C. Genofre (1990). Diving physiology of Chrysemys dorbignyi Dum. & Bibr., 1835 (Reptilia: Chelonia). Comp. Biochem. Physiol. 95A: 229-236.",0,
Chrysemys picta,Ectotherm,0.295400000000000000,3.9,NA,25,,"Prassack SL, Bagatto B, and Henry RP. 2001. Effects of temperature and aquatic PO2 on the physiology and behaviour of Apalone ferox and Chrysemys picta. J Exp Biol 204:2185-2195. ",0,
Chrysemys picta,Ectotherm,0.295400000000000000,5.7,NA,15,,"Prassack SL, Bagatto B, and Henry RP. 2001. Effects of temperature and aquatic PO2 on the physiology and behaviour of Apalone ferox and Chrysemys picta. J Exp Biol 204:2185-2195. ",0,
Chrysemys picta bellii,Ectotherm,0.708000000000000000,2.4,NA,20,,"Glass M.L., Boutilier, R.G., Heisler N., 1983. Ventilatory Control of Arterial in the Turtle Chrysemys picta bellii :
Effects of Temperature and Hypoxia. Journal of Comparative Physiology 151: 145-153.",0,
Chrysemys picta bellii,Ectotherm,0.579000000000000000,1,NA,30,,"Glass M.L., Boutilier, R.G., Heisler N., 1983. Ventilatory Control of Arterial in the Turtle Chrysemys picta bellii :
Effects of Temperature and Hypoxia. Journal of Comparative Physiology 151: 145-153.",0,
Clangula hyemalis,Endotherm,0.700000000000000000,0.488,0.75,41.42, temperature taken to be similar to the mean body temperature of Merginae,"Nilsson, L. (1972) Habitat Selection, Food Choice, and Feeding Habits of Diving Ducks in Coastal Waters of SouthSweden during the Non-Breeding Season. Ornis Scandinavica 3: 55-78.; Schreer, J.F. & K.M. Kovacs (1997) Allometry of diving capacity in air-breathing vertebrates. Can. J. Zool. 75: 339-358.",0,
Crocodylus johnstoni,Ectotherm,13.063636360000000000,12.5,48.77,29.1,summer,"Campbell HA, Dwyer RG, Gordos M, Franklin CE (2010) Diving through the thermal window: implications for a warming world. Proc Royal Soc B 277:3837-3844",0,
Crocodylus johnstoni,Ectotherm,16.000000000000000000,NA,67.9,22.5,,"Seebacher, F., C. E. Franklin & M. Read (2005) Diving behaviour of a reptile (Crocodylus johnstoni) in the wild: Interactions with heart rate and body temperature. Physiol. Biochem. Zool. 78: 1-8.",0,
Crocodylus johnstoni,Ectotherm,4.000000000000000000,NA,75.3,22.5,,"Seebacher, F., C. E. Franklin & M. Read (2005) Diving behaviour of a reptile (Crocodylus johnstoni) in the wild: Interactions with heart rate and body temperature. Physiol. Biochem. Zool. 78: 1-8.",0,
Crocodylus johnstoni,Ectotherm,13.063636360000000000,14.7,77.01,23.9,winter,"Campbell HA, Dwyer RG, Gordos M, Franklin CE (2010) Diving through the thermal window: implications for a warming world. Proc Royal Soc B 277:3837-3844",0,
Crocodylus johnstoni,Ectotherm,10.500000000000000000,6.3,79,23.5,,"Campbell HA, Sullivan S, Read MA, Gordos MA, and Franklin CE. 2010. Ecological and physiological determinants of dive duration in the freshwater crocodile. Functional Ecology 24:103-111.",0,
Crocodylus johnstoni,Ectotherm,6.500000000000000000,6.1,82,23.5,,"Campbell HA, Sullivan S, Read MA, Gordos MA, and Franklin CE. 2010. Ecological and physiological determinants of dive duration in the freshwater crocodile. Functional Ecology 24:103-111.",0,
Crocodylus johnstoni,Ectotherm,5.400000000000000000,NA,94.7,22.5,,"Seebacher, F., C. E. Franklin & M. Read (2005) Diving behaviour of a reptile (Crocodylus johnstoni) in the wild: Interactions with heart rate and body temperature. Physiol. Biochem. Zool. 78: 1-8.",0,
Crocodylus johnstoni,Ectotherm,9.200000000000000000,NA,117.5,22.5,,"Seebacher, F., C. E. Franklin & M. Read (2005) Diving behaviour of a reptile (Crocodylus johnstoni) in the wild: Interactions with heart rate and body temperature. Physiol. Biochem. Zool. 78: 1-8.",0,
Crocodylus johnstoni,Ectotherm,14.800000000000000000,NA,119.6,22.5,,"Seebacher, F., C. E. Franklin & M. Read (2005) Diving behaviour of a reptile (Crocodylus johnstoni) in the wild: Interactions with heart rate and body temperature. Physiol. Biochem. Zool. 78: 1-8.",0,
Crocodylus johnstoni,Ectotherm,15.460000000000000000,NA,133.1,23.5,,"Campbell HA, Sullivan S, Read MA, Gordos MA, and Franklin CE. 2010. Ecological and physiological determinants of dive duration in the freshwater crocodile. Functional Ecology 24:103-111.",0,
Crocodylus johnstoni,Ectotherm,6.350000000000000000,NA,145.2,23.5,,"Campbell HA, Sullivan S, Read MA, Gordos MA, and Franklin CE. 2010. Ecological and physiological determinants of dive duration in the freshwater crocodile. Functional Ecology 24:103-111.",0,
Crocodylus johnstoni,Ectotherm,5.600000000000000000,NA,145.3,23.5,,"Campbell HA, Sullivan S, Read MA, Gordos MA, and Franklin CE. 2010. Ecological and physiological determinants of dive duration in the freshwater crocodile. Functional Ecology 24:103-111.",0,
Crocodylus johnstoni,Ectotherm,28.500000000000000000,6.9,150,23.5,,"Campbell HA, Sullivan S, Read MA, Gordos MA, and Franklin CE. 2010. Ecological and physiological determinants of dive duration in the freshwater crocodile. Functional Ecology 24:103-111.",0,
Crocodylus johnstoni,Ectotherm,11.560000000000000000,NA,152.7,23.5,,"Campbell HA, Sullivan S, Read MA, Gordos MA, and Franklin CE. 2010. Ecological and physiological determinants of dive duration in the freshwater crocodile. Functional Ecology 24:103-111.",0,
Crocodylus johnstoni,Ectotherm,9.800000000000000000,NA,177.8,23.5,,"Campbell HA, Sullivan S, Read MA, Gordos MA, and Franklin CE. 2010. Ecological and physiological determinants of dive duration in the freshwater crocodile. Functional Ecology 24:103-111.",0,
Crocodylus johnstoni,Ectotherm,5.920000000000000000,NA,186.2,23.5,,"Campbell HA, Sullivan S, Read MA, Gordos MA, and Franklin CE. 2010. Ecological and physiological determinants of dive duration in the freshwater crocodile. Functional Ecology 24:103-111.",0,
Crocodylus johnstoni,Ectotherm,13.000000000000000000,NA,188.1,23.5,,"Campbell HA, Sullivan S, Read MA, Gordos MA, and Franklin CE. 2010. Ecological and physiological determinants of dive duration in the freshwater crocodile. Functional Ecology 24:103-111.",0,
Crocodylus johnstoni,Ectotherm,21.960000000000000000,NA,188.1,23.5,,"Campbell HA, Sullivan S, Read MA, Gordos MA, and Franklin CE. 2010. Ecological and physiological determinants of dive duration in the freshwater crocodile. Functional Ecology 24:103-111.",0,
Crocodylus johnstoni,Ectotherm,6.500000000000000000,NA,237.4,23.5,,"Campbell HA, Sullivan S, Read MA, Gordos MA, and Franklin CE. 2010. Ecological and physiological determinants of dive duration in the freshwater crocodile. Functional Ecology 24:103-111.",0,
Crocodylus johnstoni,Ectotherm,42.490000000000000000,NA,401.3,23.5,,"Campbell HA, Sullivan S, Read MA, Gordos MA, and Franklin CE. 2010. Ecological and physiological determinants of dive duration in the freshwater crocodile. Functional Ecology 24:103-111.",0,
Crocodylus johnstoni,Ectotherm,9.880000000000000000,33.4,NA,21.6,,"Seebacher, F., C. E. Franklin & M. Read (2005) Diving behaviour of a reptile (Crocodylus johnstoni) in the wild: Interactions with heart rate and body temperature. Physiol. Biochem. Zool. 78: 1-8.",0,
Crocodylus johnstoni,Ectotherm,9.880000000000000000,23.1,NA,22.4,,"Seebacher, F., C. E. Franklin & M. Read (2005) Diving behaviour of a reptile (Crocodylus johnstoni) in the wild: Interactions with heart rate and body temperature. Physiol. Biochem. Zool. 78: 1-8.",0,
Crocodylus johnstoni,Ectotherm,9.880000000000000000,22,NA,23.4,,"Seebacher, F., C. E. Franklin & M. Read (2005) Diving behaviour of a reptile (Crocodylus johnstoni) in the wild: Interactions with heart rate and body temperature. Physiol. Biochem. Zool. 78: 1-8.",0,
Crocodylus johnstoni,Ectotherm,9.880000000000000000,21.1,NA,24.7,,"Seebacher, F., C. E. Franklin & M. Read (2005) Diving behaviour of a reptile (Crocodylus johnstoni) in the wild: Interactions with heart rate and body temperature. Physiol. Biochem. Zool. 78: 1-8.",0,
Crocodylus johnstoni,Ectotherm,9.880000000000000000,17.1,NA,26.5,,"Seebacher, F., C. E. Franklin & M. Read (2005) Diving behaviour of a reptile (Crocodylus johnstoni) in the wild: Interactions with heart rate and body temperature. Physiol. Biochem. Zool. 78: 1-8.",0,
Crocodylus johnstoni,Ectotherm,9.880000000000000000,21.2,NA,28.9,,"Seebacher, F., C. E. Franklin & M. Read (2005) Diving behaviour of a reptile (Crocodylus johnstoni) in the wild: Interactions with heart rate and body temperature. Physiol. Biochem. Zool. 78: 1-8.",0,
Crocodylus johnstoni,Ectotherm,9.880000000000000000,14.7,NA,31.9,,"Seebacher, F., C. E. Franklin & M. Read (2005) Diving behaviour of a reptile (Crocodylus johnstoni) in the wild: Interactions with heart rate and body temperature. Physiol. Biochem. Zool. 78: 1-8.",0,
Crocodylus johnstoni,Ectotherm,5.400000000000000000,26.8,NA,22.5,,"Seebacher, F., C. E. Franklin & M. Read (2005) Diving behaviour of a reptile (Crocodylus johnstoni) in the wild: Interactions with heart rate and body temperature. Physiol. Biochem. Zool. 78: 1-8.",0,
Crocodylus johnstoni,Ectotherm,4.000000000000000000,20.2,NA,22.5,,"Seebacher, F., C. E. Franklin & M. Read (2005) Diving behaviour of a reptile (Crocodylus johnstoni) in the wild: Interactions with heart rate and body temperature. Physiol. Biochem. Zool. 78: 1-8.",0,
Crocodylus johnstoni,Ectotherm,16.000000000000000000,13.3,NA,22.5,,"Seebacher, F., C. E. Franklin & M. Read (2005) Diving behaviour of a reptile (Crocodylus johnstoni) in the wild: Interactions with heart rate and body temperature. Physiol. Biochem. Zool. 78: 1-8.",0,
Crocodylus johnstoni,Ectotherm,9.200000000000000000,30.3,NA,22.5,,"Seebacher, F., C. E. Franklin & M. Read (2005) Diving behaviour of a reptile (Crocodylus johnstoni) in the wild: Interactions with heart rate and body temperature. Physiol. Biochem. Zool. 78: 1-8.",0,
Crocodylus johnstoni,Ectotherm,14.800000000000000000,17.8,NA,22.5,,"Seebacher, F., C. E. Franklin & M. Read (2005) Diving behaviour of a reptile (Crocodylus johnstoni) in the wild: Interactions with heart rate and body temperature. Physiol. Biochem. Zool. 78: 1-8.",0,
Crocodylus porosus,Ectotherm,2.250000000000000000,3.1,NA,25,,"Wright JC, Grigg GC, and Franklin CE. 1992. Redistribution of air within the lungs may potentiate ""fright"" bradycardia in submerged crocodiles (Crocodylus porosus). Comparative Biochemistry and Physiology Part A: Physiology 102:33-36. ",0,
Crocodylus porosus,Ectotherm,2.250000000000000000,19.6,NA,25,,"Wright JC, Grigg GC, and Franklin CE. 1992. Redistribution of air within the lungs may potentiate ""fright"" bradycardia in submerged crocodiles (Crocodylus porosus). Comparative Biochemistry and Physiology Part A: Physiology 102:33-36. ",0,
Cystophora cristata,Endotherm,,,30,37.6,Kovacs and Lavigne 1986,"Folkow, L.P., Nord¯y, E.S., and Blix, A.S. 2010. Remarkable development of diving performance and migrations of hooded seals (Cystophora cristata) during their first year of life. Polar Biol. 33(4): 433ñ441.",0,
Delphinapterus leucas,Endotherm,675.000000000000000000,0.402,5.933,35.4,"Temperature taken from:  KATSUMATA, E., FURUTA, C., KATSUMATA, H., WATANABE, G., & TAYA, K. (2005). Basal body temperature method for detecting ovarian cycle in the captive beluga (Delphinapterus leucas). Journal of Reproduction and Development, 0511010031-0511010031.","Lerczak, J.A., K.E.W. Shelden & R.C. Hobbs (2000) Application of suction-cup-attached VHF transmitters to the study of beluga, Delphinapterus leucas, surfacing behavior in Cook Inlet, Alaska. Mar. Fish. Rev. 62: 99-111.",0,
Delphinapterus leucas,Endotherm,907.000000000000000000,NA,10.9,35.4,"Temperature taken from:  KATSUMATA, E., FURUTA, C., KATSUMATA, H., WATANABE, G., & TAYA, K. (2005). Basal body temperature method for detecting ovarian cycle in the captive beluga (Delphinapterus leucas). Journal of Reproduction and Development, 0511010031-0511010031.","Shaffer SA, Costa DP, Williams TM, Ridgway S (1997) Diving and swimming performance of white whales, Delphinapterus leucas: an assessment of plasma lactate and blood gas levels and respiratory rates. Journal of Experimental Biology 24: 3091-3099",0,
Delphinapterus leucas,Endotherm,1000.000000000000000000,NA,12.7,35.4,"Temperature taken from:  KATSUMATA, E., FURUTA, C., KATSUMATA, H., WATANABE, G., & TAYA, K. (2005). Basal body temperature method for detecting ovarian cycle in the captive beluga (Delphinapterus leucas). Journal of Reproduction and Development, 0511010031-0511010031.","Martin , A.R., T.G. Smith & O.P. Cox (1998) Dive form and function in belugas (Delphinapterus leucas) of the eastern Canadian High Arctic. Polar Biol. 20: 218-228.",0,
Delphinapterus leucas,Endotherm,645.000000000000000000,NA,13.3,35.4,"Temperature taken from:  KATSUMATA, E., FURUTA, C., KATSUMATA, H., WATANABE, G., & TAYA, K. (2005). Basal body temperature method for detecting ovarian cycle in the captive beluga (Delphinapterus leucas). Journal of Reproduction and Development, 0511010031-0511010031.","Shaffer SA, Costa DP, Williams TM, Ridgway S (1997) Diving and swimming performance of white whales, Delphinapterus leucas: an assessment of plasma lactate and blood gas levels and respiratory rates. Journal of Experimental Biology 24: 3091-3099",0,
Delphinapterus leucas,Endotherm,660.000000000000000000,NA,15.6,35.4,"Temperature taken from:  KATSUMATA, E., FURUTA, C., KATSUMATA, H., WATANABE, G., & TAYA, K. (2005). Basal body temperature method for detecting ovarian cycle in the captive beluga (Delphinapterus leucas). Journal of Reproduction and Development, 0511010031-0511010031.","MARTIN, A.R., P. HALL & P.R. RICHARD (2001) Dive behaviour of belugas (Delphinapterus leucas) in the shallow waters of western Hudson Bay. Arctic 54: 276-283.",0,
Delphinapterus leucas,Endotherm,450.000000000000000000,NA,15.833,35.4,"Temperature taken from:  KATSUMATA, E., FURUTA, C., KATSUMATA, H., WATANABE, G., & TAYA, K. (2005). Basal body temperature method for detecting ovarian cycle in the captive beluga (Delphinapterus leucas). Journal of Reproduction and Development, 0511010031-0511010031.","Ridgway, S.H., C.A. Bowers, D. Miller, M.L. Schultz, C.A. Jacobs & C.A. Dooley (1984) Diving and blood oxygen in the white whale. Can. J. Zool. 62: 2349-2351.",0,
Delphinapterus leucas,Endotherm,660.000000000000000000,12.9,18.3,35.4,"Temperature taken from:  KATSUMATA, E., FURUTA, C., KATSUMATA, H., WATANABE, G., & TAYA, K. (2005). Basal body temperature method for detecting ovarian cycle in the captive beluga (Delphinapterus leucas). Journal of Reproduction and Development, 0511010031-0511010031.","Martin, A. & T. Smith (1993) Studying the behaviour and movements of high Arctic belugas with satellite telemetry. Symp. Zool. Soc. Lond. 66: 195-210.",0,
Dermochelys coriacea,Ectotherm,0.060000000000000000,1.983,6,28,means per age group were taken; avg sea surface temperature was used,"Salmon, M., Jones, T.T., Horch, K.W., 2004. Ontogeny of diving and feeding behavior in juvenile seaturtles: leatherback seaturtles (Dermochelys coriacea L) and green seaturtles (Chelonia mydas L) in the Florida Current. J. Herpetol. 38, 36-43.
",0,
Dermochelys coriacea,Ectotherm,0.120000000000000000,4.267,6,28,means per age group were taken; avg sea surface temperature was used,"Salmon, M., Jones, T.T., Horch, K.W., 2004. Ontogeny of diving and feeding behavior in juvenile seaturtles: leatherback seaturtles (Dermochelys coriacea L) and green seaturtles (Chelonia mydas L) in the Florida Current. J. Herpetol. 38, 36-43.
",0,
Dermochelys coriacea,Ectotherm,381.000000000000000000,6.9,11.7,29.5,7610,"Southwood, A.L., R.D. Andrews, F.V. Paladino & D.R. Jones (2005) Effects of diving and swimming behavior on body temperatures of Pacific leatherback turtles in tropical seas. Physiol. Biochem. Zool. 78: 285-297.",0,
Dermochelys coriacea,Ectotherm,244.000000000000000000,8.7,14.6,29,8866,"Southwood, A.L., R.D. Andrews, F.V. Paladino & D.R. Jones (2005) Effects of diving and swimming behavior on body temperatures of Pacific leatherback turtles in tropical seas. Physiol. Biochem. Zool. 78: 285-297.",0,
Dermochelys coriacea,Ectotherm,354.080000000000000000,NA,15.5,2,,"James, M.C., J. Davenport & G.C. Hays (2006) Expanded thermal niche for a diving vertebrate: a leatherback turtle diving into near-freezing water. J. Exp. Mar. Biol. Ecol. 335: 221-226.",0,
Dermochelys coriacea,Ectotherm,329.000000000000000000,10.3,15.6,31.1,9861,"Southwood, A.L., R.D. Andrews, F.V. Paladino & D.R. Jones (2005) Effects of diving and swimming behavior on body temperatures of Pacific leatherback turtles in tropical seas. Physiol. Biochem. Zool. 78: 285-297.",0,
Dermochelys coriacea,Ectotherm,267.000000000000000000,NA,17,28.7,3800A,"Southwood, A.L., R.D. Andrews, F.V. Paladino & D.R. Jones (2005) Effects of diving and swimming behavior on body temperatures of Pacific leatherback turtles in tropical seas. Physiol. Biochem. Zool. 78: 285-297.",0,
Dermochelys coriacea,Ectotherm,251.000000000000000000,11.7,17.7,30.1,2373,"Southwood, A.L., R.D. Andrews, F.V. Paladino & D.R. Jones (2005) Effects of diving and swimming behavior on body temperatures of Pacific leatherback turtles in tropical seas. Physiol. Biochem. Zool. 78: 285-297.",0,
Dermochelys coriacea,Ectotherm,267.000000000000000000,13.8,19,28.7,3800A,"Southwood, A.L., R.D. Andrews, F.V. Paladino & D.R. Jones (2005) Effects of diving and swimming behavior on body temperatures of Pacific leatherback turtles in tropical seas. Physiol. Biochem. Zool. 78: 285-297.",0,
Dermochelys coriacea,Ectotherm,270.000000000000000000,NA,22.2,14.4,,"Wallace, B.P., C.L. Williams, F.V. Paladino, S.J. Morreale, R.T. Lindstrom & J.R. Spotila (2005) Bioenergetics and diving activity of interesting leatherback turtles Dermochelys coriacea at Parque Nacional Marino las Baulas, Costa Rica. J. Exp. Biol. 208: 3873-3884.",0,
Dermochelys coriacea,Ectotherm,,17.3,33.6,27.5,"May 2007 Caribbean Sea at Sandy Point National Wildlife Refuge, St Croix, US Virgin Islands (64°54 W, 17°41 N) / ","Fossette, S., A.C. Gleiss, A.E. Myers, S. Garner, N. Liebsch, N.M. Whitney, G.C. Hays, R.P. Wilson & M.E. Lutcavage (2010) Behaviour and buoyancy regulation in the deepest-diving reptile: the leatherback turtle. J. Exp. Biol. 213: 4074-4083.",0,
Dermochelys coriacea,Ectotherm,235.000000000000000000,17.3,37,27,"temperature is assumed to be at least around 27 C following the results from the study by Southwood et al (2005), which lists that as a the lower end of body temperature values. Southwood, A.L., R.D. Andrews, F.V. Paladino & D.R. Jones (2005) Effects of diving and swimming behavior on body temperatures of Pacific leatherback turtles in tropical seas. Physiol. Biochem. Zool. 78: 285-297.","Eckert S.A., K.L. Eckert, P. Ponganis, and G.L. Kooyman. 1989. Diving and foraging behavior of leatherback sea turtles (Dermochelys coriacea). Can J Zool 67:2834—2840.",0,
Dermochelys coriacea,Ectotherm,251.000000000000000000,NA,40,30.1,2373,"Southwood, A.L., R.D. Andrews, F.V. Paladino & D.R. Jones (2005) Effects of diving and swimming behavior on body temperatures of Pacific leatherback turtles in tropical seas. Physiol. Biochem. Zool. 78: 285-297.",0,
Dermochelys coriacea,Ectotherm,450.000000000000000000,NA,44,27,"temperature is assumed to be at least around 27 C following the results from the study by Southwood et al (2005), which lists that as a the lower end of body temperature values. Southwood, A.L., R.D. Andrews, F.V. Paladino & D.R. Jones (2005) Effects of diving and swimming behavior on body temperatures of Pacific leatherback turtles in tropical seas. Physiol. Biochem. Zool. 78: 285-297.",Kooyman G.L. 1989 Diverse divers; physiology and behaviour. Springer-verlag. 23: 1-200.,0,
Dermochelys coriacea,Ectotherm,508.803031900000000000,12.7,49.8,20,T2,"L¢pez-Mendilaharsu, M., C.F.D. Rocha, P. Miller, A. Domingo & L. Prosdocimi (2009) Insights on leatherback turtle movements and high use areas in the Southwest Atlantic Ocean. J. Exp. Mar. Biol. Ecol. 378: 31-39.",0,
Dermochelys coriacea,Ectotherm,311.476742700000000000,19.5,61.8,23,T3,"L¢pez-Mendilaharsu, M., C.F.D. Rocha, P. Miller, A. Domingo & L. Prosdocimi (2009) Insights on leatherback turtle movements and high use areas in the Southwest Atlantic Ocean. J. Exp. Mar. Biol. Ecol. 378: 31-39.",0,
Dermochelys coriacea,Ectotherm,274.000000000000000000,7.933,67,28,npacific coast of costa rica / ,"Southwood, A.L., R D. Andrews, M.E. Lutcavage, F.V. Paladino, N.H. West, R.H. George & D.R. Jones (1999) Heart rates and diving behavior of leatherback sea turtles in the eastern Pacific Ocean. J. Exp. Biol. 202: 1115-1125. ",0,
Dermochelys coriacea,Ectotherm,479.897065000000000000,15.2,72.5,19,T4,"L¢pez-Mendilaharsu, M., C.F.D. Rocha, P. Miller, A. Domingo & L. Prosdocimi (2009) Insights on leatherback turtle movements and high use areas in the Southwest Atlantic Ocean. J. Exp. Mar. Biol. Ecol. 378: 31-39.",0,
Dermochelys coriacea,Ectotherm,400.000000000000000000,NA,82.3,18,,"Sale, A., P. Luschi, R. Mencacci, P. Lambardi, G.R. Hughes, G.C. Hays, S. Benvenuti & F. Papi (2006) Long-term monitoring of leatherback turtle diving behaviour during oceanic movements. J. Exp. Mar. Biol. Ecol. 328: 197-210.",0,
Dermochelys coriacea,Ectotherm,354.000000000000000000,NA,86,NA,,"L¢pez-Mendilaharsu, M., C.F.D. Rocha, A. Domingo, B.P. Wallace & P. Miller (2009) Prolonged deep dives by the leatherback turtle Dermochelys coriacea, pushing their aerobic dive limits. JMBA2-Biodiversity Records No. 6274, p. 1-3.",0,
Dermochelys coriacea,Ectotherm,354.080000000000000000,8.363,NA,2,,"James, M.C., J. Davenport & G.C. Hays (2006) Expanded thermal niche for a diving vertebrate: a leatherback turtle diving into near-freezing water. J. Exp. Mar. Biol. Ecol. 335: 221-226.",0,
Dermochelys coriacea,Ectotherm,354.080000000000000000,8.226,NA,2,,"James, M.C., J. Davenport & G.C. Hays (2006) Expanded thermal niche for a diving vertebrate: a leatherback turtle diving into near-freezing water. J. Exp. Mar. Biol. Ecol. 335: 221-226.",0,
Dermochelys coriacea,Ectotherm,354.080000000000000000,8.326,NA,2,,"James, M.C., J. Davenport & G.C. Hays (2006) Expanded thermal niche for a diving vertebrate: a leatherback turtle diving into near-freezing water. J. Exp. Mar. Biol. Ecol. 335: 221-226.",0,
Dermochelys coriacea,Ectotherm,354.080000000000000000,6.638,NA,2,,"James, M.C., J. Davenport & G.C. Hays (2006) Expanded thermal niche for a diving vertebrate: a leatherback turtle diving into near-freezing water. J. Exp. Mar. Biol. Ecol. 335: 221-226.",0,
Dermochelys coriacea,Ectotherm,354.080000000000000000,6.367,NA,3,,"James, M.C., J. Davenport & G.C. Hays (2006) Expanded thermal niche for a diving vertebrate: a leatherback turtle diving into near-freezing water. J. Exp. Mar. Biol. Ecol. 335: 221-226.",0,
Dermochelys coriacea,Ectotherm,354.080000000000000000,6.162,NA,4,,"James, M.C., J. Davenport & G.C. Hays (2006) Expanded thermal niche for a diving vertebrate: a leatherback turtle diving into near-freezing water. J. Exp. Mar. Biol. Ecol. 335: 221-226.",0,
Dermochelys coriacea,Ectotherm,354.080000000000000000,5.957,NA,5,,"James, M.C., J. Davenport & G.C. Hays (2006) Expanded thermal niche for a diving vertebrate: a leatherback turtle diving into near-freezing water. J. Exp. Mar. Biol. Ecol. 335: 221-226.",0,
Dermochelys coriacea,Ectotherm,354.080000000000000000,5.854,NA,7,,"James, M.C., J. Davenport & G.C. Hays (2006) Expanded thermal niche for a diving vertebrate: a leatherback turtle diving into near-freezing water. J. Exp. Mar. Biol. Ecol. 335: 221-226.",0,
Dermochelys coriacea,Ectotherm,354.080000000000000000,5.65,NA,12,,"James, M.C., J. Davenport & G.C. Hays (2006) Expanded thermal niche for a diving vertebrate: a leatherback turtle diving into near-freezing water. J. Exp. Mar. Biol. Ecol. 335: 221-226.",0,
Dermochelys coriacea,Ectotherm,354.080000000000000000,5.513,NA,15,,"James, M.C., J. Davenport & G.C. Hays (2006) Expanded thermal niche for a diving vertebrate: a leatherback turtle diving into near-freezing water. J. Exp. Mar. Biol. Ecol. 335: 221-226.",0,
Dermochelys coriacea,Ectotherm,354.080000000000000000,5.781,NA,17,,"James, M.C., J. Davenport & G.C. Hays (2006) Expanded thermal niche for a diving vertebrate: a leatherback turtle diving into near-freezing water. J. Exp. Mar. Biol. Ecol. 335: 221-226.",0,
Dermochelys coriacea,Ectotherm,354.080000000000000000,7.3,NA,2,,"James, M.C., J. Davenport & G.C. Hays (2006) Expanded thermal niche for a diving vertebrate: a leatherback turtle diving into near-freezing water. J. Exp. Mar. Biol. Ecol. 335: 221-226.",0,
Dermochelys coriacea,Ectotherm,354.080000000000000000,7.9,NA,2,,"James, M.C., J. Davenport & G.C. Hays (2006) Expanded thermal niche for a diving vertebrate: a leatherback turtle diving into near-freezing water. J. Exp. Mar. Biol. Ecol. 335: 221-226.",0,
Dermochelys coriacea,Ectotherm,354.080000000000000000,8.2,NA,2,,"James, M.C., J. Davenport & G.C. Hays (2006) Expanded thermal niche for a diving vertebrate: a leatherback turtle diving into near-freezing water. J. Exp. Mar. Biol. Ecol. 335: 221-226.",0,
Dermochelys coriacea,Ectotherm,354.080000000000000000,10.3,NA,2,,"James, M.C., J. Davenport & G.C. Hays (2006) Expanded thermal niche for a diving vertebrate: a leatherback turtle diving into near-freezing water. J. Exp. Mar. Biol. Ecol. 335: 221-226.",0,
Dermochelys coriacea,Ectotherm,377.000000000000000000,6.7,NA,28,npacific coast of costa rica / ,"Southwood, A.L., R D. Andrews, M.E. Lutcavage, F.V. Paladino, N.H. West, R.H. George & D.R. Jones (1999) Heart rates and diving behavior of leatherback sea turtles in the eastern Pacific Ocean. J. Exp. Biol. 202: 1115-1125. ",0,
Dermochelys coriacea,Ectotherm,172.000000000000000000,8.7,NA,NA,,"Standora, E.A., J.R. Spotila, J.A. Keinath & C.R. Shoop (1984) Body temperatures, diving cycles, and movement of a subadult leatherback turtle, Dermochelys coriacea. Herpetologica 40: 169-176.",0,
Dermochelys coriacea,Ectotherm,270.000000000000000000,9,NA,24,,"Wallace, B.P., C.L. Williams, F.V. Paladino, S.J. Morreale, R.T. Lindstrom & J.R. Spotila (2005) Bioenergetics and diving activity of interesting leatherback turtles Dermochelys coriacea at Parque Nacional Marino las Baulas, Costa Rica. J. Exp. Biol. 208: 3873-3884.",0,
Dermochelys coriacea,Ectotherm,196.000000000000000000,8.8,NA,24,,"Wallace, B.P., C.L. Williams, F.V. Paladino, S.J. Morreale, R.T. Lindstrom & J.R. Spotila (2005) Bioenergetics and diving activity of interesting leatherback turtles Dermochelys coriacea at Parque Nacional Marino las Baulas, Costa Rica. J. Exp. Biol. 208: 3873-3884.",0,
Dermochelys coriacea,Ectotherm,268.000000000000000000,7.2,NA,24,,"Wallace, B.P., C.L. Williams, F.V. Paladino, S.J. Morreale, R.T. Lindstrom & J.R. Spotila (2005) Bioenergetics and diving activity of interesting leatherback turtles Dermochelys coriacea at Parque Nacional Marino las Baulas, Costa Rica. J. Exp. Biol. 208: 3873-3884.",0,
Dermochelys coriacea,Ectotherm,298.000000000000000000,6.8,NA,24,,"Wallace, B.P., C.L. Williams, F.V. Paladino, S.J. Morreale, R.T. Lindstrom & J.R. Spotila (2005) Bioenergetics and diving activity of interesting leatherback turtles Dermochelys coriacea at Parque Nacional Marino las Baulas, Costa Rica. J. Exp. Biol. 208: 3873-3884.",0,
Deronectes algibensis,Ectotherm,0.000006590000000000,0.546,1.228,20.5,,"Calosi P, Bilton DT, Spicer JI, Verberk WCEP, Atfield A & Garland T Jr (2012) The comparative biology of diving in two genera of European Dytiscidae (Coleoptera). Journal of Evolutionary Biology 25: 329-341.(doi:10.1111/j.1420-9101.2011.02423.x)",0,
Deronectes angusi,Ectotherm,0.000008390000000000,2.563,18.167,14.5,,"Calosi P, Bilton DT, Spicer JI, Verberk WCEP, Atfield A & Garland T Jr (2012) The comparative biology of diving in two genera of European Dytiscidae (Coleoptera). Journal of Evolutionary Biology 25: 329-341.(doi:10.1111/j.1420-9101.2011.02423.x)",0,
Deronectes aubei,Ectotherm,0.000006300000000000,1.072,2.65,14.5,,"Calosi P, Bilton DT, Spicer JI, Verberk WCEP, Atfield A & Garland T Jr (2012) The comparative biology of diving in two genera of European Dytiscidae (Coleoptera). Journal of Evolutionary Biology 25: 329-341.(doi:10.1111/j.1420-9101.2011.02423.x)",0,
Deronectes bicostatus,Ectotherm,0.000004900000000000,1.268,3.267,20.5,,"Calosi P, Bilton DT, Spicer JI, Verberk WCEP, Atfield A & Garland T Jr (2012) The comparative biology of diving in two genera of European Dytiscidae (Coleoptera). Journal of Evolutionary Biology 25: 329-341.(doi:10.1111/j.1420-9101.2011.02423.x)",0,
Deronectes brannanii,Ectotherm,0.000009420000000000,1.002,2.842,14.5,,"Calosi P, Bilton DT, Spicer JI, Verberk WCEP, Atfield A & Garland T Jr (2012) The comparative biology of diving in two genera of European Dytiscidae (Coleoptera). Journal of Evolutionary Biology 25: 329-341.(doi:10.1111/j.1420-9101.2011.02423.x)",0,
Deronectes depressicollis,Ectotherm,0.000008770000000000,1.058,2.859,20.5,,"Calosi P, Bilton DT, Spicer JI, Verberk WCEP, Atfield A & Garland T Jr (2012) The comparative biology of diving in two genera of European Dytiscidae (Coleoptera). Journal of Evolutionary Biology 25: 329-341.(doi:10.1111/j.1420-9101.2011.02423.x)",0,
Deronectes fairmairei,Ectotherm,0.000005370000000000,1.044,3.025,20.5,,"Calosi P, Bilton DT, Spicer JI, Verberk WCEP, Atfield A & Garland T Jr (2012) The comparative biology of diving in two genera of European Dytiscidae (Coleoptera). Journal of Evolutionary Biology 25: 329-341.(doi:10.1111/j.1420-9101.2011.02423.x)",0,
Deronectes hispanicus,Ectotherm,0.000006910000000000,1.459,7.406,14.5,,"Calosi P, Bilton DT, Spicer JI, Verberk WCEP, Atfield A & Garland T Jr (2012) The comparative biology of diving in two genera of European Dytiscidae (Coleoptera). Journal of Evolutionary Biology 25: 329-341.(doi:10.1111/j.1420-9101.2011.02423.x)",0,
Deronectes lareynii,Ectotherm,0.000006590000000000,2.024,11.433,20.5,,"Calosi P, Bilton DT, Spicer JI, Verberk WCEP, Atfield A & Garland T Jr (2012) The comparative biology of diving in two genera of European Dytiscidae (Coleoptera). Journal of Evolutionary Biology 25: 329-341.(doi:10.1111/j.1420-9101.2011.02423.x)",0,
Deronectes latus,Ectotherm,0.000008860000000000,1.613,4.8,14.5,,"Calosi P, Bilton DT, Spicer JI, Verberk WCEP, Atfield A & Garland T Jr (2012) The comparative biology of diving in two genera of European Dytiscidae (Coleoptera). Journal of Evolutionary Biology 25: 329-341.(doi:10.1111/j.1420-9101.2011.02423.x)",0,
Deronectes mazzoldi,Ectotherm,0.000010200000000000,1.265,3.092,14.5,,"Calosi P, Bilton DT, Spicer JI, Verberk WCEP, Atfield A & Garland T Jr (2012) The comparative biology of diving in two genera of European Dytiscidae (Coleoptera). Journal of Evolutionary Biology 25: 329-341.(doi:10.1111/j.1420-9101.2011.02423.x)",0,
Deronectes moestus,Ectotherm,0.000006090000000000,3.62,15.733,20.5,,"Calosi P, Bilton DT, Spicer JI, Verberk WCEP, Atfield A & Garland T Jr (2012) The comparative biology of diving in two genera of European Dytiscidae (Coleoptera). Journal of Evolutionary Biology 25: 329-341.(doi:10.1111/j.1420-9101.2011.02423.x)",0,
Deronectes opatrinus,Ectotherm,0.000010300000000000,1.549,4.492,20.5,,"Calosi P, Bilton DT, Spicer JI, Verberk WCEP, Atfield A & Garland T Jr (2012) The comparative biology of diving in two genera of European Dytiscidae (Coleoptera). Journal of Evolutionary Biology 25: 329-341.(doi:10.1111/j.1420-9101.2011.02423.x)",0,
Deronectes platynotus,Ectotherm,0.000010600000000000,0.966,2.833,14.5,,"Calosi P, Bilton DT, Spicer JI, Verberk WCEP, Atfield A & Garland T Jr (2012) The comparative biology of diving in two genera of European Dytiscidae (Coleoptera). Journal of Evolutionary Biology 25: 329-341.(doi:10.1111/j.1420-9101.2011.02423.x)",0,
Deronectes semirufus,Ectotherm,0.000009100000000000,1.887,6.967,14.5,,"Calosi P, Bilton DT, Spicer JI, Verberk WCEP, Atfield A & Garland T Jr (2012) The comparative biology of diving in two genera of European Dytiscidae (Coleoptera). Journal of Evolutionary Biology 25: 329-341.(doi:10.1111/j.1420-9101.2011.02423.x)",0,
Deronectes wewalkai,Ectotherm,0.000007770000000000,1.381,4.225,20.5,,"Calosi P, Bilton DT, Spicer JI, Verberk WCEP, Atfield A & Garland T Jr (2012) The comparative biology of diving in two genera of European Dytiscidae (Coleoptera). Journal of Evolutionary Biology 25: 329-341.(doi:10.1111/j.1420-9101.2011.02423.x)",0,
Diomedea cauta,Endotherm,3.900000000000000000,0.02833,0.0667,39.6,temperature taken to be similar to that for Diomedea exulans,"Hedd, A., R. Gales, N. Brothers & G. Robertson (1997) Diving behaviour of the shy albatross Diomedea cauta in Tasmania: initial findings and dive recorder assessment. Ibis 139: 452-460",0,
Dugong dugon,Endotherm,475.000000000000000000,1.222,6.667,31.4,"Temperature taken from: Suprayogi et al. 2011. Physiological values of electrocardiogram, heart rate, respiration rate and body temperature of Dugong dugon. Asian Association of Veterinary School","Anderson, P.K. & A.Birtles (1978) Behavior and ecology of the Dugong dugong (Sirenia): observations in Shoalwater and Cleveland Bays, Queensland. Austr. Wildl. Res. 5: 11-23",0,
Dugong dugon,Endotherm,475.000000000000000000,2.3,8.7,31.4,"Temperature taken from: Suprayogi et al. 2011. Physiological values of electrocardiogram, heart rate, respiration rate and body temperature of Dugong dugon. Asian Association of Veterinary School","Chilvers, B.L., S. Delean, N.J. Gales, D.K. Holley, I.R. Lawler, H. Marsh & A.R. Preen (2004) Diving behaviour of dugongs, Dugong dugon. J. Exp. Mar. Biol. Ecol. 304: 203-224.",0,
Dugong dugon,Endotherm,475.000000000000000000,2.8,9,31.4,"Temperature taken from: Suprayogi et al. 2011. Physiological values of electrocardiogram, heart rate, respiration rate and body temperature of Dugong dugon. Asian Association of Veterinary School","Chilvers, B.L., S. Delean, N.J. Gales, D.K. Holley, I.R. Lawler, H. Marsh & A.R. Preen (2004) Diving behaviour of dugongs, Dugong dugon. J. Exp. Mar. Biol. Ecol. 304: 203-224.",0,
Elusor macrurus,Ectotherm,0.012460000000000000,7.54,12.8,23,Captivity; tested under aquatic hypoxia,"Clark NJ, Gordos MA, Franklin CE (2009) Implications of river damming: the influence of aquatic hypoxia on the diving physiology and behaviour of the endangered Mary River turtle. Anim Conserv 12:147—154",0,
Emydocephalus annulatus,Ectotherm,0.141000000000000000,14.28,17.27,26,,"Heatwole, H. 1975. Voluntary submergence times of marine snakes. Mar. Biol. 32: 205-213.",0,
Emydura macquarii,Ectotherm,1.600000000000000000,6.6,25,23,data on mean or mean max dive times measured under anoxia (so the data are not confounded with aquatic respiration),"Priest, T. & C.E. Franklin (2002) Effect of water temperature and oxygen levels on the diving behaviour of two freshwater turtles: Rheodytes leukops and Emydura macquarii. J. Herpetol. 36: 555-561.",0,
Emydura macquarii,Ectotherm,1.600000000000000000,7.5,45,30,data on mean or mean max dive times measured under anoxia (so the data are not confounded with aquatic respiration),"Priest, T. & C.E. Franklin (2002) Effect of water temperature and oxygen levels on the diving behaviour of two freshwater turtles: Rheodytes leukops and Emydura macquarii. J. Herpetol. 36: 555-561.",0,
Emydura macquarii,Ectotherm,1.595000000000000000,31.7,80,15,data on mean or mean max dive times measured under anoxia (so the data are not confounded with aquatic respiration),"Priest, T. & C.E. Franklin (2002) Effect of water temperature and oxygen levels on the diving behaviour of two freshwater turtles: Rheodytes leukops and Emydura macquarii. J. Herpetol. 36: 555-561.",0,
Enhydra lutris,Endotherm,27.700000000000000000,1.25,2.083,38.5,"temperature value from: Clarke A, and Rothery P. 2008. Scaling of body temperature in mammals and birds. Functional Ecology 22:58-67. ","Kvitek, R., A. Fukayama, B. Anderson & B. Grimm (1988) Sea otter foraging on deep-burrowing bivalves in a California coastal lagoon. Mar. Biol. 98: 157-167.",0,
Enhydra lutris,Endotherm,27.700000000000000000,1.287,2.542,38.5,"temperature value from: Clarke A, and Rothery P. 2008. Scaling of body temperature in mammals and birds. Functional Ecology 22:58-67. ","Ralls, K., B.B. Hatfield & D.B. Siniff (1995) Foraging patterns of California sea otters as indicated by telemetry. Can. J. Zool. 73:523-531.",0,
Enhydra lutris,Endotherm,27.700000000000000000,1.008,4,38.5,"temperature value from: Clarke A, and Rothery P. 2008. Scaling of body temperature in mammals and birds. Functional Ecology 22:58-67. ","Yeates, L.C., T.M. Williams & T.L. Fink (2007) Diving and foraging energetics of the smallest marine mammal, the sea otter (Enhydra lutris). J. Exp. Biol. 210: 1960-1970.",0,
Enhydra lutris,Endotherm,27.700000000000000000,1.433,NA,38.5,"temperature value from: Clarke A, and Rothery P. 2008. Scaling of body temperature in mammals and birds. Functional Ecology 22:58-67. ","Kvitek, R.G., C.E. Bowlby & M. Staedler (1993) Diet and foraging behavior of sea otters in southeast Alaska. Mar. Mammal Sci. 9: 168-181.",0,
Enhydra lutris,Endotherm,27.700000000000000000,0.992,NA,38.5,"temperature value from: Clarke A, and Rothery P. 2008. Scaling of body temperature in mammals and birds. Functional Ecology 22:58-67. ","Kvitek, R.G., C.E. Bowlby & M. Staedler (1993) Diet and foraging behavior of sea otters in southeast Alaska. Mar. Mammal Sci. 9: 168-181.",0,
Enhydra lutris,Endotherm,27.700000000000000000,1.6,NA,38.5,"temperature value from: Clarke A, and Rothery P. 2008. Scaling of body temperature in mammals and birds. Functional Ecology 22:58-67. ","Kvitek, R.G., C.E. Bowlby & M. Staedler (1993) Diet and foraging behavior of sea otters in southeast Alaska. Mar. Mammal Sci. 9: 168-181.",0,
Enhydra lutris,Endotherm,27.700000000000000000,1.445,NA,38.5,"temperature value from: Clarke A, and Rothery P. 2008. Scaling of body temperature in mammals and birds. Functional Ecology 22:58-67. ","Tinker, M.T., D.P. Costa, J.A. Estes & N. Wieringa (2007) Individual dietary specialization and dive behaviour in the California sea otter: using archival time-depth data to detect alternative foraging strategies. Deep Sea Res. II  54: 330-342.",0,
Enhydra lutris,Endotherm,27.700000000000000000,1.21,NA,38.5,"temperature value from: Clarke A, and Rothery P. 2008. Scaling of body temperature in mammals and birds. Functional Ecology 22:58-67. ","Tinker, M.T., D.P. Costa, J.A. Estes & N. Wieringa (2007) Individual dietary specialization and dive behaviour in the California sea otter: using archival time-depth data to detect alternative foraging strategies. Deep Sea Res. II  54: 330-342.",0,
Enhydra lutris,Endotherm,27.700000000000000000,1.538,NA,38.5,"temperature value from: Clarke A, and Rothery P. 2008. Scaling of body temperature in mammals and birds. Functional Ecology 22:58-67. ","Tinker, M.T., D.P. Costa, J.A. Estes & N. Wieringa (2007) Individual dietary specialization and dive behaviour in the California sea otter: using archival time-depth data to detect alternative foraging strategies. Deep Sea Res. II  54: 330-342.",0,
Eretmochelys imbricata,Ectotherm,3.700000000000000000,8.9,35.6,26,"18≠07'N; 67≠55'W) / 1 (foraging); temperature from Hayward et al (2016) PeerJ 4, e2569","van Dam, R.P. & C.E. Diez (1996) Diving behavior of immature hawksbills (Eretmochelys imbricata) in a Caribbean cliff-wall habitat. Mar. Biol. 127: 171-178.",0,
Eretmochelys imbricata,Ectotherm,16.355900000000000000,36.5,36.5,27,"temperature from Hayward et al (2016) PeerJ 4, e2569 (Sept-Nov 2005 Bloody Bay (19≠40 41N, 80≠05 38 W)","Blumenthal, J.M., T.J. Austin, J.B. Bothwell, A.C. Broderick, G. Ebanks-Petrie, J.R. Olynik, M.F. Orr, J.L. Solomon, M.J. Witt & B.J. Godley (2009) Diving behaviour and movements of juvenile hawksbill turtles Eretmochelys imbricata on a Caribbean coral reef. Coral Reefs 28: 55—65.",0,
Eretmochelys imbricata,Ectotherm,17.200000000000000000,30.4,50.1,26,"18≠07'N; 67≠55'W) / 4 (resting); temperature from Hayward et al (2016) PeerJ 4, e2569","van Dam, R.P. & C.E. Diez (1996) Diving behavior of immature hawksbills (Eretmochelys imbricata) in a Caribbean cliff-wall habitat. Mar. Biol. 127: 171-178.",0,
Eretmochelys imbricata,Ectotherm,17.200000000000000000,12.5,52,26,"18≠07'N; 67≠55'W) / 4 (foraging); temperature from Hayward et al (2016) PeerJ 4, e2569","van Dam, R.P. & C.E. Diez (1996) Diving behavior of immature hawksbills (Eretmochelys imbricata) in a Caribbean cliff-wall habitat. Mar. Biol. 127: 171-178.",0,
Eretmochelys imbricata,Ectotherm,16.355900000000000000,53,53,27,"temperature from Hayward et al (2016) PeerJ 4, e2569 (Sept-Nov 2005 Bloody Bay (19≠40 41N, 80≠05 38 W)","Blumenthal, J.M., T.J. Austin, J.B. Bothwell, A.C. Broderick, G. Ebanks-Petrie, J.R. Olynik, M.F. Orr, J.L. Solomon, M.J. Witt & B.J. Godley (2009) Diving behaviour and movements of juvenile hawksbill turtles Eretmochelys imbricata on a Caribbean coral reef. Coral Reefs 28: 55—65.",0,
Eretmochelys imbricata,Ectotherm,3.800000000000000000,8.6,54.9,26,"18≠07'N; 67≠55'W) / 2 (foraging); temperature from Hayward et al (2016) PeerJ 4, e2569","van Dam, R.P. & C.E. Diez (1996) Diving behavior of immature hawksbills (Eretmochelys imbricata) in a Caribbean cliff-wall habitat. Mar. Biol. 127: 171-178.",0,
Eretmochelys imbricata,Ectotherm,3.700000000000000000,33.1,57.7,26,"18≠07'N; 67≠55'W) / 1 (resting); temperature from Hayward et al (2016) PeerJ 4, e2569","van Dam, R.P. & C.E. Diez (1996) Diving behavior of immature hawksbills (Eretmochelys imbricata) in a Caribbean cliff-wall habitat. Mar. Biol. 127: 171-178.",0,
Eretmochelys imbricata,Ectotherm,16.200000000000000000,14,58.9,26,"18≠07'N; 67≠55'W) / 3 (foraging); temperature from Hayward et al (2016) PeerJ 4, e2569","van Dam, R.P. & C.E. Diez (1996) Diving behavior of immature hawksbills (Eretmochelys imbricata) in a Caribbean cliff-wall habitat. Mar. Biol. 127: 171-178.",0,
Eretmochelys imbricata,Ectotherm,16.200000000000000000,33.9,77.5,26,"18≠07'N; 67≠55'W) / 3 (resting); temperature from Hayward et al (2016) PeerJ 4, e2569","van Dam, R.P. & C.E. Diez (1996) Diving behavior of immature hawksbills (Eretmochelys imbricata) in a Caribbean cliff-wall habitat. Mar. Biol. 127: 171-178.",0,
Eretmochelys imbricata,Ectotherm,3.800000000000000000,37.1,81.1,26,"18≠07'N; 67≠55'W) / 2 (resting); temperature from Hayward et al (2016) PeerJ 4, e2569","van Dam, R.P. & C.E. Diez (1996) Diving behavior of immature hawksbills (Eretmochelys imbricata) in a Caribbean cliff-wall habitat. Mar. Biol. 127: 171-178.",0,
Eretmochelys imbricata,Ectotherm,72.500000000000000000,86,86,26,night eI280,"Storch, S., R.P. Wilson, Z.M. Hillis-Starr & D. Adelung (2005) Cold-blooded divers: temperature-dependent dive performance in the wild hawksbill turtle Eretmochelys imbricata. Mar. Ecol. Progr. Ser. 293: 263-271.",0,
Eretmochelys imbricata,Ectotherm,80.500000000000000000,93.24,93.2,NA,day,"Storch, S., R.P. Wilson, Z.M. Hillis-Starr & D. Adelung (2005) Cold-blooded divers: temperature-dependent dive performance in the wild hawksbill turtle Eretmochelys imbricata. Mar. Ecol. Progr. Ser. 293: 263-271.",0,
Eretmochelys imbricata,Ectotherm,80.500000000000000000,96,96,25.5,night eI132,"Storch, S., R.P. Wilson, Z.M. Hillis-Starr & D. Adelung (2005) Cold-blooded divers: temperature-dependent dive performance in the wild hawksbill turtle Eretmochelys imbricata. Mar. Ecol. Progr. Ser. 293: 263-271.",0,
Eretmochelys imbricata,Ectotherm,77.000000000000000000,140,140,NA,night eI048,"Storch, S., R.P. Wilson, Z.M. Hillis-Starr & D. Adelung (2005) Cold-blooded divers: temperature-dependent dive performance in the wild hawksbill turtle Eretmochelys imbricata. Mar. Ecol. Progr. Ser. 293: 263-271.",0,
Eretmochelys imbricata,Ectotherm,1.779660000000000000,9.6,NA,27,"temperature from Hayward et al (2016) PeerJ 4, e2569 (Sept-Nov 2005 Bloody Bay (19≠40 41N, 80≠05 38 W)","Blumenthal, J.M., T.J. Austin, J.B. Bothwell, A.C. Broderick, G. Ebanks-Petrie, J.R. Olynik, M.F. Orr, J.L. Solomon, M.J. Witt & B.J. Godley (2009) Diving behaviour and movements of juvenile hawksbill turtles Eretmochelys imbricata on a Caribbean coral reef. Coral Reefs 28: 55—65.",0,
Eretmochelys imbricata,Ectotherm,2.118640000000000000,19,NA,27,"temperature from Hayward et al (2016) PeerJ 4, e2569 (Sept-Nov 2005 Bloody Bay (19≠40 41N, 80≠05 38 W)","Blumenthal, J.M., T.J. Austin, J.B. Bothwell, A.C. Broderick, G. Ebanks-Petrie, J.R. Olynik, M.F. Orr, J.L. Solomon, M.J. Witt & B.J. Godley (2009) Diving behaviour and movements of juvenile hawksbill turtles Eretmochelys imbricata on a Caribbean coral reef. Coral Reefs 28: 55—65.",0,
Eretmochelys imbricata,Ectotherm,2.966100000000000000,10,NA,27,"temperature from Hayward et al (2016) PeerJ 4, e2569 (Sept-Nov 2005 Bloody Bay (19≠40 41N, 80≠05 38 W)","Blumenthal, J.M., T.J. Austin, J.B. Bothwell, A.C. Broderick, G. Ebanks-Petrie, J.R. Olynik, M.F. Orr, J.L. Solomon, M.J. Witt & B.J. Godley (2009) Diving behaviour and movements of juvenile hawksbill turtles Eretmochelys imbricata on a Caribbean coral reef. Coral Reefs 28: 55—65.",0,
Eretmochelys imbricata,Ectotherm,3.559320000000000000,14,NA,27,"temperature from Hayward et al (2016) PeerJ 4, e2569 (Sept-Nov 2005 Bloody Bay (19≠40 41N, 80≠05 38 W)","Blumenthal, J.M., T.J. Austin, J.B. Bothwell, A.C. Broderick, G. Ebanks-Petrie, J.R. Olynik, M.F. Orr, J.L. Solomon, M.J. Witt & B.J. Godley (2009) Diving behaviour and movements of juvenile hawksbill turtles Eretmochelys imbricata on a Caribbean coral reef. Coral Reefs 28: 55—65.",0,
Eretmochelys imbricata,Ectotherm,5.423730000000000000,14.4,NA,27,"temperature from Hayward et al (2016) PeerJ 4, e2569 (Sept-Nov 2005 Bloody Bay (19≠40 41N, 80≠05 38 W)","Blumenthal, J.M., T.J. Austin, J.B. Bothwell, A.C. Broderick, G. Ebanks-Petrie, J.R. Olynik, M.F. Orr, J.L. Solomon, M.J. Witt & B.J. Godley (2009) Diving behaviour and movements of juvenile hawksbill turtles Eretmochelys imbricata on a Caribbean coral reef. Coral Reefs 28: 55—65.",0,
Eretmochelys imbricata,Ectotherm,5.508470000000000000,23,NA,27,"temperature from Hayward et al (2016) PeerJ 4, e2569 (Sept-Nov 2005 Bloody Bay (19≠40 41N, 80≠05 38 W)","Blumenthal, J.M., T.J. Austin, J.B. Bothwell, A.C. Broderick, G. Ebanks-Petrie, J.R. Olynik, M.F. Orr, J.L. Solomon, M.J. Witt & B.J. Godley (2009) Diving behaviour and movements of juvenile hawksbill turtles Eretmochelys imbricata on a Caribbean coral reef. Coral Reefs 28: 55—65.",0,
Eretmochelys imbricata,Ectotherm,5.677970000000000000,11,NA,27,"temperature from Hayward et al (2016) PeerJ 4, e2569 (Sept-Nov 2005 Bloody Bay (19≠40 41N, 80≠05 38 W)","Blumenthal, J.M., T.J. Austin, J.B. Bothwell, A.C. Broderick, G. Ebanks-Petrie, J.R. Olynik, M.F. Orr, J.L. Solomon, M.J. Witt & B.J. Godley (2009) Diving behaviour and movements of juvenile hawksbill turtles Eretmochelys imbricata on a Caribbean coral reef. Coral Reefs 28: 55—65.",0,
Eretmochelys imbricata,Ectotherm,5.762710000000000000,8,NA,27,"temperature from Hayward et al (2016) PeerJ 4, e2569 (Sept-Nov 2005 Bloody Bay (19≠40 41N, 80≠05 38 W)","Blumenthal, J.M., T.J. Austin, J.B. Bothwell, A.C. Broderick, G. Ebanks-Petrie, J.R. Olynik, M.F. Orr, J.L. Solomon, M.J. Witt & B.J. Godley (2009) Diving behaviour and movements of juvenile hawksbill turtles Eretmochelys imbricata on a Caribbean coral reef. Coral Reefs 28: 55—65.",0,
Eretmochelys imbricata,Ectotherm,6.101690000000000000,9.6,NA,27,"temperature from Hayward et al (2016) PeerJ 4, e2569 (Sept-Nov 2005 Bloody Bay (19≠40 41N, 80≠05 38 W)","Blumenthal, J.M., T.J. Austin, J.B. Bothwell, A.C. Broderick, G. Ebanks-Petrie, J.R. Olynik, M.F. Orr, J.L. Solomon, M.J. Witt & B.J. Godley (2009) Diving behaviour and movements of juvenile hawksbill turtles Eretmochelys imbricata on a Caribbean coral reef. Coral Reefs 28: 55—65.",0,
Eretmochelys imbricata,Ectotherm,7.542370000000000000,21.8,NA,27,"temperature from Hayward et al (2016) PeerJ 4, e2569 (Sept-Nov 2005 Bloody Bay (19≠40 41N, 80≠05 38 W)","Blumenthal, J.M., T.J. Austin, J.B. Bothwell, A.C. Broderick, G. Ebanks-Petrie, J.R. Olynik, M.F. Orr, J.L. Solomon, M.J. Witt & B.J. Godley (2009) Diving behaviour and movements of juvenile hawksbill turtles Eretmochelys imbricata on a Caribbean coral reef. Coral Reefs 28: 55—65.",0,
Eretmochelys imbricata,Ectotherm,8.135590000000000000,19.6,NA,27,"temperature from Hayward et al (2016) PeerJ 4, e2569 (Sept-Nov 2005 Bloody Bay (19≠40 41N, 80≠05 38 W)","Blumenthal, J.M., T.J. Austin, J.B. Bothwell, A.C. Broderick, G. Ebanks-Petrie, J.R. Olynik, M.F. Orr, J.L. Solomon, M.J. Witt & B.J. Godley (2009) Diving behaviour and movements of juvenile hawksbill turtles Eretmochelys imbricata on a Caribbean coral reef. Coral Reefs 28: 55—65.",0,
Eretmochelys imbricata,Ectotherm,8.474580000000000000,9,NA,27,"temperature from Hayward et al (2016) PeerJ 4, e2569 (Sept-Nov 2005 Bloody Bay (19≠40 41N, 80≠05 38 W)","Blumenthal, J.M., T.J. Austin, J.B. Bothwell, A.C. Broderick, G. Ebanks-Petrie, J.R. Olynik, M.F. Orr, J.L. Solomon, M.J. Witt & B.J. Godley (2009) Diving behaviour and movements of juvenile hawksbill turtles Eretmochelys imbricata on a Caribbean coral reef. Coral Reefs 28: 55—65.",0,
Eretmochelys imbricata,Ectotherm,8.559320000000000000,15.3,NA,27,"temperature from Hayward et al (2016) PeerJ 4, e2569 (Sept-Nov 2005 Bloody Bay (19≠40 41N, 80≠05 38 W)","Blumenthal, J.M., T.J. Austin, J.B. Bothwell, A.C. Broderick, G. Ebanks-Petrie, J.R. Olynik, M.F. Orr, J.L. Solomon, M.J. Witt & B.J. Godley (2009) Diving behaviour and movements of juvenile hawksbill turtles Eretmochelys imbricata on a Caribbean coral reef. Coral Reefs 28: 55—65.",0,
Eretmochelys imbricata,Ectotherm,9.152540000000000000,24,NA,27,"temperature from Hayward et al (2016) PeerJ 4, e2569 (Sept-Nov 2005 Bloody Bay (19≠40 41N, 80≠05 38 W)","Blumenthal, J.M., T.J. Austin, J.B. Bothwell, A.C. Broderick, G. Ebanks-Petrie, J.R. Olynik, M.F. Orr, J.L. Solomon, M.J. Witt & B.J. Godley (2009) Diving behaviour and movements of juvenile hawksbill turtles Eretmochelys imbricata on a Caribbean coral reef. Coral Reefs 28: 55—65.",0,
Eretmochelys imbricata,Ectotherm,10.762700000000000000,14.4,NA,27,"temperature from Hayward et al (2016) PeerJ 4, e2569 (Sept-Nov 2005 Bloody Bay (19≠40 41N, 80≠05 38 W)","Blumenthal, J.M., T.J. Austin, J.B. Bothwell, A.C. Broderick, G. Ebanks-Petrie, J.R. Olynik, M.F. Orr, J.L. Solomon, M.J. Witt & B.J. Godley (2009) Diving behaviour and movements of juvenile hawksbill turtles Eretmochelys imbricata on a Caribbean coral reef. Coral Reefs 28: 55—65.",0,
Eretmochelys imbricata,Ectotherm,12.033900000000000000,9.2,NA,27,"temperature from Hayward et al (2016) PeerJ 4, e2569 (Sept-Nov 2005 Bloody Bay (19≠40 41N, 80≠05 38 W)","Blumenthal, J.M., T.J. Austin, J.B. Bothwell, A.C. Broderick, G. Ebanks-Petrie, J.R. Olynik, M.F. Orr, J.L. Solomon, M.J. Witt & B.J. Godley (2009) Diving behaviour and movements of juvenile hawksbill turtles Eretmochelys imbricata on a Caribbean coral reef. Coral Reefs 28: 55—65.",0,
Eretmochelys imbricata,Ectotherm,1.779660000000000000,22.5,NA,27,"temperature from Hayward et al (2016) PeerJ 4, e2569 (Sept-Nov 2005 Bloody Bay (19≠40 41N, 80≠05 38 W)","Blumenthal, J.M., T.J. Austin, J.B. Bothwell, A.C. Broderick, G. Ebanks-Petrie, J.R. Olynik, M.F. Orr, J.L. Solomon, M.J. Witt & B.J. Godley (2009) Diving behaviour and movements of juvenile hawksbill turtles Eretmochelys imbricata on a Caribbean coral reef. Coral Reefs 28: 55—65.",0,
Eretmochelys imbricata,Ectotherm,2.118640000000000000,12,NA,27,"temperature from Hayward et al (2016) PeerJ 4, e2569 (Sept-Nov 2005 Bloody Bay (19≠40 41N, 80≠05 38 W)","Blumenthal, J.M., T.J. Austin, J.B. Bothwell, A.C. Broderick, G. Ebanks-Petrie, J.R. Olynik, M.F. Orr, J.L. Solomon, M.J. Witt & B.J. Godley (2009) Diving behaviour and movements of juvenile hawksbill turtles Eretmochelys imbricata on a Caribbean coral reef. Coral Reefs 28: 55—65.",0,
Eretmochelys imbricata,Ectotherm,2.966100000000000000,16,NA,27,"temperature from Hayward et al (2016) PeerJ 4, e2569 (Sept-Nov 2005 Bloody Bay (19≠40 41N, 80≠05 38 W)","Blumenthal, J.M., T.J. Austin, J.B. Bothwell, A.C. Broderick, G. Ebanks-Petrie, J.R. Olynik, M.F. Orr, J.L. Solomon, M.J. Witt & B.J. Godley (2009) Diving behaviour and movements of juvenile hawksbill turtles Eretmochelys imbricata on a Caribbean coral reef. Coral Reefs 28: 55—65.",0,
Eretmochelys imbricata,Ectotherm,3.559320000000000000,13.677,NA,27,"temperature from Hayward et al (2016) PeerJ 4, e2569 (Sept-Nov 2005 Bloody Bay (19≠40 41N, 80≠05 38 W)","Blumenthal, J.M., T.J. Austin, J.B. Bothwell, A.C. Broderick, G. Ebanks-Petrie, J.R. Olynik, M.F. Orr, J.L. Solomon, M.J. Witt & B.J. Godley (2009) Diving behaviour and movements of juvenile hawksbill turtles Eretmochelys imbricata on a Caribbean coral reef. Coral Reefs 28: 55—65.",0,
Eretmochelys imbricata,Ectotherm,5.423730000000000000,33.088,NA,27,"temperature from Hayward et al (2016) PeerJ 4, e2569 (Sept-Nov 2005 Bloody Bay (19≠40 41N, 80≠05 38 W)","Blumenthal, J.M., T.J. Austin, J.B. Bothwell, A.C. Broderick, G. Ebanks-Petrie, J.R. Olynik, M.F. Orr, J.L. Solomon, M.J. Witt & B.J. Godley (2009) Diving behaviour and movements of juvenile hawksbill turtles Eretmochelys imbricata on a Caribbean coral reef. Coral Reefs 28: 55—65.",0,
Eretmochelys imbricata,Ectotherm,5.508470000000000000,19,NA,27,"temperature from Hayward et al (2016) PeerJ 4, e2569 (Sept-Nov 2005 Bloody Bay (19≠40 41N, 80≠05 38 W)","Blumenthal, J.M., T.J. Austin, J.B. Bothwell, A.C. Broderick, G. Ebanks-Petrie, J.R. Olynik, M.F. Orr, J.L. Solomon, M.J. Witt & B.J. Godley (2009) Diving behaviour and movements of juvenile hawksbill turtles Eretmochelys imbricata on a Caribbean coral reef. Coral Reefs 28: 55—65.",0,
Eretmochelys imbricata,Ectotherm,5.677970000000000000,18.529,NA,27,"temperature from Hayward et al (2016) PeerJ 4, e2569 (Sept-Nov 2005 Bloody Bay (19≠40 41N, 80≠05 38 W)","Blumenthal, J.M., T.J. Austin, J.B. Bothwell, A.C. Broderick, G. Ebanks-Petrie, J.R. Olynik, M.F. Orr, J.L. Solomon, M.J. Witt & B.J. Godley (2009) Diving behaviour and movements of juvenile hawksbill turtles Eretmochelys imbricata on a Caribbean coral reef. Coral Reefs 28: 55—65.",0,
Eretmochelys imbricata,Ectotherm,5.762710000000000000,27.353,NA,27,"temperature from Hayward et al (2016) PeerJ 4, e2569 (Sept-Nov 2005 Bloody Bay (19≠40 41N, 80≠05 38 W)","Blumenthal, J.M., T.J. Austin, J.B. Bothwell, A.C. Broderick, G. Ebanks-Petrie, J.R. Olynik, M.F. Orr, J.L. Solomon, M.J. Witt & B.J. Godley (2009) Diving behaviour and movements of juvenile hawksbill turtles Eretmochelys imbricata on a Caribbean coral reef. Coral Reefs 28: 55—65.",0,
Eretmochelys imbricata,Ectotherm,6.101690000000000000,16.3,NA,27,"temperature from Hayward et al (2016) PeerJ 4, e2569 (Sept-Nov 2005 Bloody Bay (19≠40 41N, 80≠05 38 W)","Blumenthal, J.M., T.J. Austin, J.B. Bothwell, A.C. Broderick, G. Ebanks-Petrie, J.R. Olynik, M.F. Orr, J.L. Solomon, M.J. Witt & B.J. Godley (2009) Diving behaviour and movements of juvenile hawksbill turtles Eretmochelys imbricata on a Caribbean coral reef. Coral Reefs 28: 55—65.",0,
Eretmochelys imbricata,Ectotherm,7.542370000000000000,19,NA,27,"temperature from Hayward et al (2016) PeerJ 4, e2569 (Sept-Nov 2005 Bloody Bay (19≠40 41N, 80≠05 38 W)","Blumenthal, J.M., T.J. Austin, J.B. Bothwell, A.C. Broderick, G. Ebanks-Petrie, J.R. Olynik, M.F. Orr, J.L. Solomon, M.J. Witt & B.J. Godley (2009) Diving behaviour and movements of juvenile hawksbill turtles Eretmochelys imbricata on a Caribbean coral reef. Coral Reefs 28: 55—65.",0,
Eretmochelys imbricata,Ectotherm,8.135590000000000000,7.1,NA,27,"temperature from Hayward et al (2016) PeerJ 4, e2569 (Sept-Nov 2005 Bloody Bay (19≠40 41N, 80≠05 38 W)","Blumenthal, J.M., T.J. Austin, J.B. Bothwell, A.C. Broderick, G. Ebanks-Petrie, J.R. Olynik, M.F. Orr, J.L. Solomon, M.J. Witt & B.J. Godley (2009) Diving behaviour and movements of juvenile hawksbill turtles Eretmochelys imbricata on a Caribbean coral reef. Coral Reefs 28: 55—65.",0,
Eretmochelys imbricata,Ectotherm,8.474580000000000000,14.6,NA,27,"temperature from Hayward et al (2016) PeerJ 4, e2569 (Sept-Nov 2005 Bloody Bay (19≠40 41N, 80≠05 38 W)","Blumenthal, J.M., T.J. Austin, J.B. Bothwell, A.C. Broderick, G. Ebanks-Petrie, J.R. Olynik, M.F. Orr, J.L. Solomon, M.J. Witt & B.J. Godley (2009) Diving behaviour and movements of juvenile hawksbill turtles Eretmochelys imbricata on a Caribbean coral reef. Coral Reefs 28: 55—65.",0,
Eretmochelys imbricata,Ectotherm,8.559320000000000000,33.6,NA,27,"temperature from Hayward et al (2016) PeerJ 4, e2569 (Sept-Nov 2005 Bloody Bay (19≠40 41N, 80≠05 38 W)","Blumenthal, J.M., T.J. Austin, J.B. Bothwell, A.C. Broderick, G. Ebanks-Petrie, J.R. Olynik, M.F. Orr, J.L. Solomon, M.J. Witt & B.J. Godley (2009) Diving behaviour and movements of juvenile hawksbill turtles Eretmochelys imbricata on a Caribbean coral reef. Coral Reefs 28: 55—65.",0,
Eretmochelys imbricata,Ectotherm,9.152540000000000000,44.6,NA,27,"temperature from Hayward et al (2016) PeerJ 4, e2569 (Sept-Nov 2005 Bloody Bay (19≠40 41N, 80≠05 38 W)","Blumenthal, J.M., T.J. Austin, J.B. Bothwell, A.C. Broderick, G. Ebanks-Petrie, J.R. Olynik, M.F. Orr, J.L. Solomon, M.J. Witt & B.J. Godley (2009) Diving behaviour and movements of juvenile hawksbill turtles Eretmochelys imbricata on a Caribbean coral reef. Coral Reefs 28: 55—65.",0,
Eretmochelys imbricata,Ectotherm,10.762700000000000000,51.7,NA,27,"temperature from Hayward et al (2016) PeerJ 4, e2569 (Sept-Nov 2005 Bloody Bay (19≠40 41N, 80≠05 38 W)","Blumenthal, J.M., T.J. Austin, J.B. Bothwell, A.C. Broderick, G. Ebanks-Petrie, J.R. Olynik, M.F. Orr, J.L. Solomon, M.J. Witt & B.J. Godley (2009) Diving behaviour and movements of juvenile hawksbill turtles Eretmochelys imbricata on a Caribbean coral reef. Coral Reefs 28: 55—65.",0,
Eretmochelys imbricata,Ectotherm,12.033900000000000000,40.2,NA,27,"temperature from Hayward et al (2016) PeerJ 4, e2569 (Sept-Nov 2005 Bloody Bay (19≠40 41N, 80≠05 38 W)","Blumenthal, J.M., T.J. Austin, J.B. Bothwell, A.C. Broderick, G. Ebanks-Petrie, J.R. Olynik, M.F. Orr, J.L. Solomon, M.J. Witt & B.J. Godley (2009) Diving behaviour and movements of juvenile hawksbill turtles Eretmochelys imbricata on a Caribbean coral reef. Coral Reefs 28: 55—65.",0,
Eretmochelys imbricata,Ectotherm,80.500000000000000000,52.35,NA,NA,day,"Storch, S., R.P. Wilson, Z.M. Hillis-Starr & D. Adelung (2005) Cold-blooded divers: temperature-dependent dive performance in the wild hawksbill turtle Eretmochelys imbricata. Mar. Ecol. Progr. Ser. 293: 263-271.",0,
Eretmochelys imbricata,Ectotherm,80.500000000000000000,64.43,NA,NA,day,"Storch, S., R.P. Wilson, Z.M. Hillis-Starr & D. Adelung (2005) Cold-blooded divers: temperature-dependent dive performance in the wild hawksbill turtle Eretmochelys imbricata. Mar. Ecol. Progr. Ser. 293: 263-271.",0,
Eretmochelys imbricata,Ectotherm,80.500000000000000000,77.63,NA,NA,day,"Storch, S., R.P. Wilson, Z.M. Hillis-Starr & D. Adelung (2005) Cold-blooded divers: temperature-dependent dive performance in the wild hawksbill turtle Eretmochelys imbricata. Mar. Ecol. Progr. Ser. 293: 263-271.",0,
Eretmochelys imbricata,Ectotherm,80.500000000000000000,70.55,NA,NA,day,"Storch, S., R.P. Wilson, Z.M. Hillis-Starr & D. Adelung (2005) Cold-blooded divers: temperature-dependent dive performance in the wild hawksbill turtle Eretmochelys imbricata. Mar. Ecol. Progr. Ser. 293: 263-271.",0,
Eretmochelys imbricata,Ectotherm,80.500000000000000000,67,NA,NA,day,"Storch, S., R.P. Wilson, Z.M. Hillis-Starr & D. Adelung (2005) Cold-blooded divers: temperature-dependent dive performance in the wild hawksbill turtle Eretmochelys imbricata. Mar. Ecol. Progr. Ser. 293: 263-271.",0,
Eretmochelys imbricata,Ectotherm,80.500000000000000000,57.82,NA,NA,day,"Storch, S., R.P. Wilson, Z.M. Hillis-Starr & D. Adelung (2005) Cold-blooded divers: temperature-dependent dive performance in the wild hawksbill turtle Eretmochelys imbricata. Mar. Ecol. Progr. Ser. 293: 263-271.",0,
Eretmochelys imbricata,Ectotherm,80.500000000000000000,56.37,NA,NA,day,"Storch, S., R.P. Wilson, Z.M. Hillis-Starr & D. Adelung (2005) Cold-blooded divers: temperature-dependent dive performance in the wild hawksbill turtle Eretmochelys imbricata. Mar. Ecol. Progr. Ser. 293: 263-271.",0,
Eretmochelys imbricata,Ectotherm,80.500000000000000000,54.87,NA,NA,day,"Storch, S., R.P. Wilson, Z.M. Hillis-Starr & D. Adelung (2005) Cold-blooded divers: temperature-dependent dive performance in the wild hawksbill turtle Eretmochelys imbricata. Mar. Ecol. Progr. Ser. 293: 263-271.",0,
Eretmochelys imbricata,Ectotherm,80.500000000000000000,49.93,NA,NA,day,"Storch, S., R.P. Wilson, Z.M. Hillis-Starr & D. Adelung (2005) Cold-blooded divers: temperature-dependent dive performance in the wild hawksbill turtle Eretmochelys imbricata. Mar. Ecol. Progr. Ser. 293: 263-271.",0,
Eretmochelys imbricata,Ectotherm,80.500000000000000000,61.2,NA,NA,night,"Storch, S., R.P. Wilson, Z.M. Hillis-Starr & D. Adelung (2005) Cold-blooded divers: temperature-dependent dive performance in the wild hawksbill turtle Eretmochelys imbricata. Mar. Ecol. Progr. Ser. 293: 263-271.",0,
Eretmochelys imbricata,Ectotherm,80.500000000000000000,74.89,NA,NA,night,"Storch, S., R.P. Wilson, Z.M. Hillis-Starr & D. Adelung (2005) Cold-blooded divers: temperature-dependent dive performance in the wild hawksbill turtle Eretmochelys imbricata. Mar. Ecol. Progr. Ser. 293: 263-271.",0,
Eretmochelys imbricata,Ectotherm,80.500000000000000000,72.48,NA,NA,night,"Storch, S., R.P. Wilson, Z.M. Hillis-Starr & D. Adelung (2005) Cold-blooded divers: temperature-dependent dive performance in the wild hawksbill turtle Eretmochelys imbricata. Mar. Ecol. Progr. Ser. 293: 263-271.",0,
Eretmochelys imbricata,Ectotherm,80.500000000000000000,82.47,NA,25.5,night,"Storch, S., R.P. Wilson, Z.M. Hillis-Starr & D. Adelung (2005) Cold-blooded divers: temperature-dependent dive performance in the wild hawksbill turtle Eretmochelys imbricata. Mar. Ecol. Progr. Ser. 293: 263-271.",0,
Eretmochelys imbricata,Ectotherm,80.500000000000000000,74.09,NA,NA,night,"Storch, S., R.P. Wilson, Z.M. Hillis-Starr & D. Adelung (2005) Cold-blooded divers: temperature-dependent dive performance in the wild hawksbill turtle Eretmochelys imbricata. Mar. Ecol. Progr. Ser. 293: 263-271.",0,
Eretmochelys imbricata,Ectotherm,80.500000000000000000,78.92,NA,NA,night,"Storch, S., R.P. Wilson, Z.M. Hillis-Starr & D. Adelung (2005) Cold-blooded divers: temperature-dependent dive performance in the wild hawksbill turtle Eretmochelys imbricata. Mar. Ecol. Progr. Ser. 293: 263-271.",0,
Eretmochelys imbricata,Ectotherm,80.500000000000000000,70.87,NA,NA,night,"Storch, S., R.P. Wilson, Z.M. Hillis-Starr & D. Adelung (2005) Cold-blooded divers: temperature-dependent dive performance in the wild hawksbill turtle Eretmochelys imbricata. Mar. Ecol. Progr. Ser. 293: 263-271.",0,
Eretmochelys imbricata,Ectotherm,80.500000000000000000,61.74,NA,NA,night,"Storch, S., R.P. Wilson, Z.M. Hillis-Starr & D. Adelung (2005) Cold-blooded divers: temperature-dependent dive performance in the wild hawksbill turtle Eretmochelys imbricata. Mar. Ecol. Progr. Ser. 293: 263-271.",0,
Eretmochelys imbricata,Ectotherm,80.500000000000000000,72.48,NA,NA,night,"Storch, S., R.P. Wilson, Z.M. Hillis-Starr & D. Adelung (2005) Cold-blooded divers: temperature-dependent dive performance in the wild hawksbill turtle Eretmochelys imbricata. Mar. Ecol. Progr. Ser. 293: 263-271.",0,
Eretmochelys imbricata,Ectotherm,80.500000000000000000,49.29,NA,28.5,night,"Storch, S., R.P. Wilson, Z.M. Hillis-Starr & D. Adelung (2005) Cold-blooded divers: temperature-dependent dive performance in the wild hawksbill turtle Eretmochelys imbricata. Mar. Ecol. Progr. Ser. 293: 263-271.",0,
Eretmochelys imbricata,Ectotherm,80.500000000000000000,57.18,NA,NA,night,"Storch, S., R.P. Wilson, Z.M. Hillis-Starr & D. Adelung (2005) Cold-blooded divers: temperature-dependent dive performance in the wild hawksbill turtle Eretmochelys imbricata. Mar. Ecol. Progr. Ser. 293: 263-271.",0,
Eretmochelys imbricata,Ectotherm,80.500000000000000000,54.76,NA,NA,night,"Storch, S., R.P. Wilson, Z.M. Hillis-Starr & D. Adelung (2005) Cold-blooded divers: temperature-dependent dive performance in the wild hawksbill turtle Eretmochelys imbricata. Mar. Ecol. Progr. Ser. 293: 263-271.",0,
Eretmochelys imbricata,Ectotherm,77.000000000000000000,43.76,NA,NA,day,"Storch, S., R.P. Wilson, Z.M. Hillis-Starr & D. Adelung (2005) Cold-blooded divers: temperature-dependent dive performance in the wild hawksbill turtle Eretmochelys imbricata. Mar. Ecol. Progr. Ser. 293: 263-271.",0,
Eretmochelys imbricata,Ectotherm,77.000000000000000000,56.44,NA,NA,day,"Storch, S., R.P. Wilson, Z.M. Hillis-Starr & D. Adelung (2005) Cold-blooded divers: temperature-dependent dive performance in the wild hawksbill turtle Eretmochelys imbricata. Mar. Ecol. Progr. Ser. 293: 263-271.",0,
Eretmochelys imbricata,Ectotherm,77.000000000000000000,56.22,NA,NA,day,"Storch, S., R.P. Wilson, Z.M. Hillis-Starr & D. Adelung (2005) Cold-blooded divers: temperature-dependent dive performance in the wild hawksbill turtle Eretmochelys imbricata. Mar. Ecol. Progr. Ser. 293: 263-271.",0,
Eretmochelys imbricata,Ectotherm,77.000000000000000000,63.78,NA,NA,day,"Storch, S., R.P. Wilson, Z.M. Hillis-Starr & D. Adelung (2005) Cold-blooded divers: temperature-dependent dive performance in the wild hawksbill turtle Eretmochelys imbricata. Mar. Ecol. Progr. Ser. 293: 263-271.",0,
Eretmochelys imbricata,Ectotherm,77.000000000000000000,80.98,NA,NA,day,"Storch, S., R.P. Wilson, Z.M. Hillis-Starr & D. Adelung (2005) Cold-blooded divers: temperature-dependent dive performance in the wild hawksbill turtle Eretmochelys imbricata. Mar. Ecol. Progr. Ser. 293: 263-271.",0,
Eretmochelys imbricata,Ectotherm,77.000000000000000000,72.83,NA,NA,day,"Storch, S., R.P. Wilson, Z.M. Hillis-Starr & D. Adelung (2005) Cold-blooded divers: temperature-dependent dive performance in the wild hawksbill turtle Eretmochelys imbricata. Mar. Ecol. Progr. Ser. 293: 263-271.",0,
Eretmochelys imbricata,Ectotherm,77.000000000000000000,53.4,NA,NA,day,"Storch, S., R.P. Wilson, Z.M. Hillis-Starr & D. Adelung (2005) Cold-blooded divers: temperature-dependent dive performance in the wild hawksbill turtle Eretmochelys imbricata. Mar. Ecol. Progr. Ser. 293: 263-271.",0,
Eretmochelys imbricata,Ectotherm,77.000000000000000000,44.56,NA,NA,day,"Storch, S., R.P. Wilson, Z.M. Hillis-Starr & D. Adelung (2005) Cold-blooded divers: temperature-dependent dive performance in the wild hawksbill turtle Eretmochelys imbricata. Mar. Ecol. Progr. Ser. 293: 263-271.",0,
Eretmochelys imbricata,Ectotherm,77.000000000000000000,41.21,NA,NA,day,"Storch, S., R.P. Wilson, Z.M. Hillis-Starr & D. Adelung (2005) Cold-blooded divers: temperature-dependent dive performance in the wild hawksbill turtle Eretmochelys imbricata. Mar. Ecol. Progr. Ser. 293: 263-271.",0,
Eretmochelys imbricata,Ectotherm,77.000000000000000000,44.56,NA,NA,day,"Storch, S., R.P. Wilson, Z.M. Hillis-Starr & D. Adelung (2005) Cold-blooded divers: temperature-dependent dive performance in the wild hawksbill turtle Eretmochelys imbricata. Mar. Ecol. Progr. Ser. 293: 263-271.",0,
Eretmochelys imbricata,Ectotherm,77.000000000000000000,41.69,NA,NA,day,"Storch, S., R.P. Wilson, Z.M. Hillis-Starr & D. Adelung (2005) Cold-blooded divers: temperature-dependent dive performance in the wild hawksbill turtle Eretmochelys imbricata. Mar. Ecol. Progr. Ser. 293: 263-271.",0,
Eretmochelys imbricata,Ectotherm,77.000000000000000000,36.1,NA,28.5,night,"Storch, S., R.P. Wilson, Z.M. Hillis-Starr & D. Adelung (2005) Cold-blooded divers: temperature-dependent dive performance in the wild hawksbill turtle Eretmochelys imbricata. Mar. Ecol. Progr. Ser. 293: 263-271.",0,
Eretmochelys imbricata,Ectotherm,77.000000000000000000,49.03,NA,NA,night,"Storch, S., R.P. Wilson, Z.M. Hillis-Starr & D. Adelung (2005) Cold-blooded divers: temperature-dependent dive performance in the wild hawksbill turtle Eretmochelys imbricata. Mar. Ecol. Progr. Ser. 293: 263-271.",0,
Eretmochelys imbricata,Ectotherm,77.000000000000000000,58.46,NA,NA,night,"Storch, S., R.P. Wilson, Z.M. Hillis-Starr & D. Adelung (2005) Cold-blooded divers: temperature-dependent dive performance in the wild hawksbill turtle Eretmochelys imbricata. Mar. Ecol. Progr. Ser. 293: 263-271.",0,
Eretmochelys imbricata,Ectotherm,77.000000000000000000,72.19,NA,NA,night,"Storch, S., R.P. Wilson, Z.M. Hillis-Starr & D. Adelung (2005) Cold-blooded divers: temperature-dependent dive performance in the wild hawksbill turtle Eretmochelys imbricata. Mar. Ecol. Progr. Ser. 293: 263-271.",0,
Eretmochelys imbricata,Ectotherm,77.000000000000000000,62.93,NA,NA,night,"Storch, S., R.P. Wilson, Z.M. Hillis-Starr & D. Adelung (2005) Cold-blooded divers: temperature-dependent dive performance in the wild hawksbill turtle Eretmochelys imbricata. Mar. Ecol. Progr. Ser. 293: 263-271.",0,
Eretmochelys imbricata,Ectotherm,77.000000000000000000,79.22,NA,25.5,night,"Storch, S., R.P. Wilson, Z.M. Hillis-Starr & D. Adelung (2005) Cold-blooded divers: temperature-dependent dive performance in the wild hawksbill turtle Eretmochelys imbricata. Mar. Ecol. Progr. Ser. 293: 263-271.",0,
Eretmochelys imbricata,Ectotherm,77.000000000000000000,71.24,NA,NA,night,"Storch, S., R.P. Wilson, Z.M. Hillis-Starr & D. Adelung (2005) Cold-blooded divers: temperature-dependent dive performance in the wild hawksbill turtle Eretmochelys imbricata. Mar. Ecol. Progr. Ser. 293: 263-271.",0,
Eretmochelys imbricata,Ectotherm,77.000000000000000000,57.5,NA,NA,night,"Storch, S., R.P. Wilson, Z.M. Hillis-Starr & D. Adelung (2005) Cold-blooded divers: temperature-dependent dive performance in the wild hawksbill turtle Eretmochelys imbricata. Mar. Ecol. Progr. Ser. 293: 263-271.",0,
Eretmochelys imbricata,Ectotherm,77.000000000000000000,50.79,NA,NA,night,"Storch, S., R.P. Wilson, Z.M. Hillis-Starr & D. Adelung (2005) Cold-blooded divers: temperature-dependent dive performance in the wild hawksbill turtle Eretmochelys imbricata. Mar. Ecol. Progr. Ser. 293: 263-271.",0,
Eretmochelys imbricata,Ectotherm,77.000000000000000000,43.66,NA,NA,night,"Storch, S., R.P. Wilson, Z.M. Hillis-Starr & D. Adelung (2005) Cold-blooded divers: temperature-dependent dive performance in the wild hawksbill turtle Eretmochelys imbricata. Mar. Ecol. Progr. Ser. 293: 263-271.",0,
Eretmochelys imbricata,Ectotherm,77.000000000000000000,42.17,NA,NA,night,"Storch, S., R.P. Wilson, Z.M. Hillis-Starr & D. Adelung (2005) Cold-blooded divers: temperature-dependent dive performance in the wild hawksbill turtle Eretmochelys imbricata. Mar. Ecol. Progr. Ser. 293: 263-271.",0,
Eretmochelys imbricata,Ectotherm,77.000000000000000000,49.99,NA,NA,night,"Storch, S., R.P. Wilson, Z.M. Hillis-Starr & D. Adelung (2005) Cold-blooded divers: temperature-dependent dive performance in the wild hawksbill turtle Eretmochelys imbricata. Mar. Ecol. Progr. Ser. 293: 263-271.",0,
Eretmochelys imbricata,Ectotherm,77.000000000000000000,67,NA,NA,night eI048,"Storch, S., R.P. Wilson, Z.M. Hillis-Starr & D. Adelung (2005) Cold-blooded divers: temperature-dependent dive performance in the wild hawksbill turtle Eretmochelys imbricata. Mar. Ecol. Progr. Ser. 293: 263-271.",0,
Eretmochelys imbricata,Ectotherm,77.000000000000000000,25,NA,NA,night eI048,"Storch, S., R.P. Wilson, Z.M. Hillis-Starr & D. Adelung (2005) Cold-blooded divers: temperature-dependent dive performance in the wild hawksbill turtle Eretmochelys imbricata. Mar. Ecol. Progr. Ser. 293: 263-271.",0,
Eretmochelys imbricata,Ectotherm,80.500000000000000000,38,NA,NA,night eI132,"Storch, S., R.P. Wilson, Z.M. Hillis-Starr & D. Adelung (2005) Cold-blooded divers: temperature-dependent dive performance in the wild hawksbill turtle Eretmochelys imbricata. Mar. Ecol. Progr. Ser. 293: 263-271.",0,
Eretmochelys imbricata,Ectotherm,80.500000000000000000,72,NA,NA,night eI132,"Storch, S., R.P. Wilson, Z.M. Hillis-Starr & D. Adelung (2005) Cold-blooded divers: temperature-dependent dive performance in the wild hawksbill turtle Eretmochelys imbricata. Mar. Ecol. Progr. Ser. 293: 263-271.",0,
Eretmochelys imbricata,Ectotherm,72.500000000000000000,52,NA,NA,night eI280,"Storch, S., R.P. Wilson, Z.M. Hillis-Starr & D. Adelung (2005) Cold-blooded divers: temperature-dependent dive performance in the wild hawksbill turtle Eretmochelys imbricata. Mar. Ecol. Progr. Ser. 293: 263-271.",0,
Eretmochelys imbricata,Ectotherm,72.500000000000000000,38,NA,NA,night eI280,"Storch, S., R.P. Wilson, Z.M. Hillis-Starr & D. Adelung (2005) Cold-blooded divers: temperature-dependent dive performance in the wild hawksbill turtle Eretmochelys imbricata. Mar. Ecol. Progr. Ser. 293: 263-271.",0,
Erignathus barbatus females,Endotherm,380.000000000000000000,1.8,9.2,37.2,"temperature value from: Clarke A, and Rothery P. 2008. Scaling of body temperature in mammals and birds. Functional Ecology 22:58-67. ","Krafft, B., C. Lydersen, K.M. Kovacs, I. Gjertz, & T. Haug (2000) Diving behaviour of lactating bearded seals (Erignathus barbatus) in the Svalbard area. Can. J. Zool. 78: 1408-1418.",0,
Erignathus barbatus females,Endotherm,266.000000000000000000,1.5,9.7,37.2,"temperature value from: Clarke A, and Rothery P. 2008. Scaling of body temperature in mammals and birds. Functional Ecology 22:58-67. ","Krafft, B., C. Lydersen, K.M. Kovacs, I. Gjertz, & T. Haug (2000) Diving behaviour of lactating bearded seals (Erignathus barbatus) in the Svalbard area. Can. J. Zool. 78: 1408-1418.",0,
Erignathus barbatus females,Endotherm,300.000000000000000000,2,16.5,37.2,"temperature value from: Clarke A, and Rothery P. 2008. Scaling of body temperature in mammals and birds. Functional Ecology 22:58-67. ","Krafft, B., C. Lydersen, K.M. Kovacs, I. Gjertz, & T. Haug (2000) Diving behaviour of lactating bearded seals (Erignathus barbatus) in the Svalbard area. Can. J. Zool. 78: 1408-1418.",0,
Erignathus barbatus females,Endotherm,365.000000000000000000,2.7,18.7,37.2,"temperature value from: Clarke A, and Rothery P. 2008. Scaling of body temperature in mammals and birds. Functional Ecology 22:58-67. ","Krafft, B., C. Lydersen, K.M. Kovacs, I. Gjertz, & T. Haug (2000) Diving behaviour of lactating bearded seals (Erignathus barbatus) in the Svalbard area. Can. J. Zool. 78: 1408-1418.",0,
Erignathus barbatus Juveniles,Endotherm,85.070000000000000000,NA,15,37.2,"temperature value from: Clarke A, and Rothery P. 2008. Scaling of body temperature in mammals and birds. Functional Ecology 22:58-67. ","Gjertz, I., D. Griffiths, B.A. Krafft, C. Lydersen &  ù. Wiig (2001) Diving and haul-out patterns of walruses Odobenus rosmarus on Svalbard. Polar Biol. 24: 314-319.",0,
Eschrichtus robustus,Endotherm,31800.000000000000000000,3.35,NA,36.5,"temperature value from: Morrison, P. (1962). Body temperatures in some Australian mammals. III. Cetacea (Megaptera). The Biological Bulletin, 123(1), 154-169.","Wursig, B., R.S. Wells & D.A. Croll (1986) Behavior of gray whales summering near St. Lawrence Island, Bering Sea. Can. J. Zool. 64: 611-621.",0,
Eschrichtus robustus,Endotherm,31800.000000000000000000,2.98,NA,36.5,"temperature value from: Morrison, P. (1962). Body temperatures in some Australian mammals. III. Cetacea (Megaptera). The Biological Bulletin, 123(1), 154-169.","Wursig, B., R.S. Wells & D.A. Croll (1986) Behavior of gray whales summering near St. Lawrence Island, Bering Sea. Can. J. Zool. 64: 611-621.",0,
Eudyptes chrysocome,Endotherm,2.650000000000000000,1.033,2.333,37.92, temperature taken to be similar to the mean body temperature of Spheniscidae,"Pu?tz, K., A. Raya Rey, N. Huin, A. Schiavini, A. Pu?tz & B.H. Lu?thi (2006) Diving characteristics of southern rockhopper penguins (Eudyptes c. chrysocome) in the southwest Atlantic. Mar. Biol. 149: 125-137.",0,
Eudyptes chrysocome,Endotherm,2.650000000000000000,1.172,2.55,37.92, temperature taken to be similar to the mean body temperature of Spheniscidae,"Pu?tz, K., A. Raya Rey, N. Huin, A. Schiavini, A. Pu?tz & B.H. Lu?thi (2006) Diving characteristics of southern rockhopper penguins (Eudyptes c. chrysocome) in the southwest Atlantic. Mar. Biol. 149: 125-137.",0,
Eudyptes chrysocome,Endotherm,2.650000000000000000,1.317,2.733,37.92, temperature taken to be similar to the mean body temperature of Spheniscidae,"Schiavini A, Raya Rey A (2004) Long days, long trips: foraging ecology of female rockhopper penguins Eudyptes chrysocome chrysocome at Tierra del Fuego. Marine Ecology Progress Series 275: 251?262",0,
Eudyptes chrysocome,Endotherm,2.650000000000000000,1.457,2.95,37.92, temperature taken to be similar to the mean body temperature of Spheniscidae,"Tremblay, Y. & Y. Cherel (2003) Geographic variation in the foraging behaviour, diet and chick growth of rockhopper penguins. Mar. Ecol. Prog. Ser. 251: 279-297.",0,
Eudyptes chrysocome,Endotherm,2.650000000000000000,1.195,3.067,37.92, temperature taken to be similar to the mean body temperature of Spheniscidae,"Pu?tz, K., A. Raya Rey, N. Huin, A. Schiavini, A. Pu?tz & B.H. Lu?thi (2006) Diving characteristics of southern rockhopper penguins (Eudyptes c. chrysocome) in the southwest Atlantic. Mar. Biol. 149: 125-137.",0,
Eudyptes chrysocome,Endotherm,2.650000000000000000,0.975,3.15,37.92, temperature taken to be similar to the mean body temperature of Spheniscidae,"Pu?tz, K., A. Raya Rey, N. Huin, A. Schiavini, A. Pu?tz & B.H. Lu?thi (2006) Diving characteristics of southern rockhopper penguins (Eudyptes c. chrysocome) in the southwest Atlantic. Mar. Biol. 149: 125-137.",0,
Eudyptes chrysocome,Endotherm,2.650000000000000000,1.697,3.167,37.92, temperature taken to be similar to the mean body temperature of Spheniscidae,"Tremblay, Y. & Y. Cherel (2003) Geographic variation in the foraging behaviour, diet and chick growth of rockhopper penguins. Mar. Ecol. Prog. Ser. 251: 279-297.",0,
Eudyptes chrysocome,Endotherm,2.650000000000000000,1.65,NA,37.92, temperature taken to be similar to the mean body temperature of Spheniscidae,"Tremblay, Y. & Y. Cherel (2000) Benthic and pelagic dives: a new foraging behaviour in Rockhopper Penguins. Mar. Ecol. Prog. Ser. 204: 257-267.",0,
Eudyptes chrysocome,Endotherm,2.650000000000000000,1.483,NA,37.92, temperature taken to be similar to the mean body temperature of Spheniscidae,"Tremblay, Y. & Y. Cherel (2000) Benthic and pelagic dives: a new foraging behaviour in Rockhopper Penguins. Mar. Ecol. Prog. Ser. 204: 257-267.",0,
Eudyptes chrysolophus,Endotherm,3.600000000000000000,1.427,2.367,37.92, temperature taken to be similar to the mean body temperature of Spheniscidae,"Green, J.A., P.J. Butler, A.J. Woakes & I.L. Boyd (2003) Energetics of diving in Macaroni penguins. J. Exp. Biol. 206: 43-57.",0,
Eudyptes chrysolophus,Endotherm,3.400000000000000000,1.392,2.6,37.92, temperature taken to be similar to the mean body temperature of Spheniscidae,"Green, J.A., P.J. Butler, A.J. Woakes & I.L. Boyd (2003) Energetics of diving in Macaroni penguins. J. Exp. Biol. 206: 43-57.",0,
Eudyptes chrysolophus,Endotherm,3.800000000000000000,1.392,2.633,37.92, temperature taken to be similar to the mean body temperature of Spheniscidae,"Sato, K., J.B. Charrassin, C.A. Bost & Y. Naito (2004) Why do macaroni penguins choose shallow body angles that result in longer descent and ascent durations? J. Exp. Biol. 207: 4057-4065.",0,
Eudyptes chrysolophus,Endotherm,3.400000000000000000,1.475,2.717,37.92, temperature taken to be similar to the mean body temperature of Spheniscidae,"Sato, K., J.B. Charrassin, C.A. Bost & Y. Naito (2004) Why do macaroni penguins choose shallow body angles that result in longer descent and ascent durations? J. Exp. Biol. 207: 4057-4065.",0,
Eudyptes chrysolophus,Endotherm,3.100000000000000000,1.59,2.733,37.92, temperature taken to be similar to the mean body temperature of Spheniscidae,"Green, J.A., P.J. Butler, A.J. Woakes & I.L. Boyd (2003) Energetics of diving in Macaroni penguins. J. Exp. Biol. 206: 43-57.",0,
Eudyptes chrysolophus,Endotherm,3.000000000000000000,1.332,2.75,37.92, temperature taken to be similar to the mean body temperature of Spheniscidae,"Sato, K., J.B. Charrassin, C.A. Bost & Y. Naito (2004) Why do macaroni penguins choose shallow body angles that result in longer descent and ascent durations? J. Exp. Biol. 207: 4057-4065.",0,
Eudyptes chrysolophus,Endotherm,3.300000000000000000,1.755,2.783,37.92, temperature taken to be similar to the mean body temperature of Spheniscidae,"Sato, K., J.B. Charrassin, C.A. Bost & Y. Naito (2004) Why do macaroni penguins choose shallow body angles that result in longer descent and ascent durations? J. Exp. Biol. 207: 4057-4065.",0,
Eudyptes chrysolophus,Endotherm,3.900000000000000000,1.468,2.8,37.92, temperature taken to be similar to the mean body temperature of Spheniscidae,"Green, J.A., P.J. Butler, A.J. Woakes & I.L. Boyd (2003) Energetics of diving in Macaroni penguins. J. Exp. Biol. 206: 43-57.",0,
Eudyptes chrysolophus,Endotherm,3.000000000000000000,2.057,2.817,37.92, temperature taken to be similar to the mean body temperature of Spheniscidae,"Sato, K., J.B. Charrassin, C.A. Bost & Y. Naito (2004) Why do macaroni penguins choose shallow body angles that result in longer descent and ascent durations? J. Exp. Biol. 207: 4057-4065.",0,
Eudyptes chrysolophus,Endotherm,3.800000000000000000,1.338,2.867,37.92, temperature taken to be similar to the mean body temperature of Spheniscidae,"Green, J.A., P.J. Butler, A.J. Woakes & I.L. Boyd (2003) Energetics of diving in Macaroni penguins. J. Exp. Biol. 206: 43-57.",0,
Eudyptes chrysolophus,Endotherm,3.600000000000000000,1.33,2.9,37.92, temperature taken to be similar to the mean body temperature of Spheniscidae,"Green, J.A., P.J. Butler, A.J. Woakes & I.L. Boyd (2003) Energetics of diving in Macaroni penguins. J. Exp. Biol. 206: 43-57.",0,
Eudyptes chrysolophus,Endotherm,3.400000000000000000,1.463,2.9,37.92, temperature taken to be similar to the mean body temperature of Spheniscidae,"Green, J.A., P.J. Butler, A.J. Woakes & I.L. Boyd (2003) Energetics of diving in Macaroni penguins. J. Exp. Biol. 206: 43-57.",0,
Eudyptes chrysolophus,Endotherm,3.300000000000000000,1.408,2.967,37.92, temperature taken to be similar to the mean body temperature of Spheniscidae,"Green, J.A., P.J. Butler, A.J. Woakes & I.L. Boyd (2003) Energetics of diving in Macaroni penguins. J. Exp. Biol. 206: 43-57.",0,
Eudyptes chrysolophus,Endotherm,3.800000000000000000,1.143,3,37.92, temperature taken to be similar to the mean body temperature of Spheniscidae,"Green, J.A., P.J. Butler, A.J. Woakes & I.L. Boyd (2003) Energetics of diving in Macaroni penguins. J. Exp. Biol. 206: 43-57.",0,
Eudyptes chrysolophus,Endotherm,3.600000000000000000,1.672,3,37.92, temperature taken to be similar to the mean body temperature of Spheniscidae,"Green, J.A., P.J. Butler, A.J. Woakes & I.L. Boyd (2003) Energetics of diving in Macaroni penguins. J. Exp. Biol. 206: 43-57.",0,
Eudyptes chrysolophus,Endotherm,3.200000000000000000,2.01,3.017,37.92, temperature taken to be similar to the mean body temperature of Spheniscidae,"Sato, K., J.B. Charrassin, C.A. Bost & Y. Naito (2004) Why do macaroni penguins choose shallow body angles that result in longer descent and ascent durations? J. Exp. Biol. 207: 4057-4065.",0,
Eudyptes chrysolophus,Endotherm,4.000000000000000000,1.59,3.1,37.92, temperature taken to be similar to the mean body temperature of Spheniscidae,"Green, J.A., P.J. Butler, A.J. Woakes & I.L. Boyd (2003) Energetics of diving in Macaroni penguins. J. Exp. Biol. 206: 43-57.",0,
Eudyptes chrysolophus,Endotherm,3.100000000000000000,1.053,3.133,37.92, temperature taken to be similar to the mean body temperature of Spheniscidae,"Sato, K., J.B. Charrassin, C.A. Bost & Y. Naito (2004) Why do macaroni penguins choose shallow body angles that result in longer descent and ascent durations? J. Exp. Biol. 207: 4057-4065.",0,
Eudyptes chrysolophus,Endotherm,3.600000000000000000,1.685,3.167,37.92, temperature taken to be similar to the mean body temperature of Spheniscidae,"Sato, K., J.B. Charrassin, C.A. Bost & Y. Naito (2004) Why do macaroni penguins choose shallow body angles that result in longer descent and ascent durations? J. Exp. Biol. 207: 4057-4065.",0,
Eudyptes chrysolophus,Endotherm,,1.666666667,3.333333333,37.92,Mean from spheniscidae,"Hart T, Mann R, Coulson T, Pettorelli N, Trathan P. 2010. Behavioural switching in a central place forager: patterns of diving behaviour in the macaroni penguin (Eudyptes chrysolophus). Marine Biol 157:1543ñ1553",0,
Eudyptes chrysolophus,Endotherm,3.500000000000000000,NA,3.7,37.92, temperature taken to be similar to the mean body temperature of Spheniscidae,"Green K, R. Williams & M.G. Green (1998) Foraging ecology and diving behaviour of macaroni penguins Eudyptes chrysolophus at Heard Island. Marine Ornithology 26: 27-34.",0,
Eudyptes chrysolophus,Endotherm,3.300000000000000000,1.357,3.733,37.92, temperature taken to be similar to the mean body temperature of Spheniscidae,"Green, J.A., P.J. Butler, A.J. Woakes & I.L. Boyd (2003) Energetics of diving in Macaroni penguins. J. Exp. Biol. 206: 43-57.",0,
Eudyptes chrysolophus,Endotherm,3.500000000000000000,NA,3.8,37.92, temperature taken to be similar to the mean body temperature of Spheniscidae,"Green K, R. Williams & M.G. Green (1998) Foraging ecology and diving behaviour of macaroni penguins Eudyptes chrysolophus at Heard Island. Marine Ornithology 26: 27-34.",0,
Eudyptes chrysolophus,Endotherm,3.500000000000000000,1.545,6.28,37.92, temperature taken to be similar to the mean body temperature of Spheniscidae,"Croxall, J.P., D.R. Briggs, A. Kato, Y. Naito, Y. Watanuki & T.D. Williams (1993) Diving pattern and performance in the macaroni penguin Eudyptes chrysolophus. J. Zool. 230: 31?48.",0,
Eudyptes moseleyi,Endotherm,2.300000000000000000,0.95,2.8,37.92, temperature taken to be similar to the mean body temperature of Spheniscidae,"Cherel, Y., Y. Tremblay, E. Guinard & J.Y. Georges (1999) Diving behaviour of female northern rockhopper penguins, Eudyptes chrysocome moseleyi , during the breeding period at  Amsterdam Island (Southern Indian Ocean). Mar. Biol. 134: 375?385.",0,
Eudyptes moseleyi,Endotherm,2.500000000000000000,1.307,3.217,37.92, temperature taken to be similar to the mean body temperature of Spheniscidae,"Tremblay, Y. & Y. Cherel (2003) Geographic variation in the foraging behaviour, diet and chick growth of rockhopper penguins. Mar. Ecol. Prog. Ser. 251: 279-297.",0,
Eudyptes moseleyi,Endotherm,2.500000000000000000,0.335,NA,37.92, temperature taken to be similar to the mean body temperature of Spheniscidae,"Tremblay, Y. & Y. Cherel (1999) Synchronous underwater foraging behavior in penguins. Condor 101: 179-185.",0,
Eudyptes moseleyi,Endotherm,2.500000000000000000,0.977,NA,37.92, temperature taken to be similar to the mean body temperature of Spheniscidae,"Tremblay, Y. & Y. Cherel (1999) Synchronous underwater foraging behavior in penguins. Condor 101: 179-185.",0,
Eudyptula minor,Endotherm,1.205000000000000000,0.475,1.317,37.92, temperature taken to be similar to the mean body temperature of Spheniscidae,"Preston, T.J., Y. Ropert-Coudert, A. Kato, A. Chiaradia, P. Dann & R.D. Reina (2008) Foraging behaviour of little penguins Eudyptula minor in an artificially modified environment. Endangered Species Research 4: 95-103.",0,
Eudyptula minor,Endotherm,1.200000000000000000,0.355,1.467,37.92, temperature taken to be similar to the mean body temperature of Spheniscidae,"Bethge, P., S.Nicol, B.M. Culik & R.P. Wilson (1997) Diving behaviour and energetics in breeding Little Penguins (Eudyptula minor). J. Zool. 242: 483?502.",0,
Eudyptula minor,Endotherm,0.964000000000000000,0.343,NA,37.92, temperature taken to be similar to the mean body temperature of Spheniscidae,"Gales, R., C. Williams & D. Ritz (1990) Foraging behaviour of the little penguin: initial results and assessment of instrument effect. J. Zool. (Lond.) 220: 61-85.",0,
Eudyptula minor,Endotherm,1.205000000000000000,0.362,NA,37.92, temperature taken to be similar to the mean body temperature of Spheniscidae,"Gales, R., C. Williams & D. Ritz (1990) Foraging behaviour of the little penguin: initial results and assessment of instrument effect. J. Zool. (Lond.) 220: 61-85.",0,
Eudyptula minor,Endotherm,1.280000000000000000,0.522,NA,37.92, temperature taken to be similar to the mean body temperature of Spheniscidae,"Kato, A.. Y. Riopert-Coudert, D. Gremillet & B. Cannell (2006) Locomotion and foraging strategy in foot-propelled and wing-propelled shallow-diving seabirds. Mar. Ecol. Prog. Ser. 308: 293-301.",0,
Eudyptula minor,Endotherm,1.280000000000000000,0.748,NA,37.92, temperature taken to be similar to the mean body temperature of Spheniscidae,"Kato, A.. Y. Riopert-Coudert, D. Gremillet & B. Cannell (2006) Locomotion and foraging strategy in foot-propelled and wing-propelled shallow-diving seabirds. Mar. Ecol. Prog. Ser. 308: 293-301.",0,
Eudyptula minor,Endotherm,1.280000000000000000,0.592,NA,37.92, temperature taken to be similar to the mean body temperature of Spheniscidae,"Kato, A.. Y. Riopert-Coudert, D. Gremillet & B. Cannell (2006) Locomotion and foraging strategy in foot-propelled and wing-propelled shallow-diving seabirds. Mar. Ecol. Prog. Ser. 308: 293-301.",0,
Eudyptula minor,Endotherm,1.280000000000000000,0.618,NA,37.92, temperature taken to be similar to the mean body temperature of Spheniscidae,"Kato, A.. Y. Riopert-Coudert, D. Gremillet & B. Cannell (2006) Locomotion and foraging strategy in foot-propelled and wing-propelled shallow-diving seabirds. Mar. Ecol. Prog. Ser. 308: 293-301.",0,
Eudyptula minor,Endotherm,1.205000000000000000,0.593,NA,37.92, temperature taken to be similar to the mean body temperature of Spheniscidae,"Kato, A., Y. Ropert-Coudert & A. Chiaradia (2008) Regulation of trip duration by an inshore forager, the Little Penguin (Eudyptula minor), during Incubation. The Auk 125: 588-593.",0,
Eudyptula minor,Endotherm,1.205000000000000000,0.433,NA,37.92, temperature taken to be similar to the mean body temperature of Spheniscidae,"Kato, A., Y. Ropert-Coudert & A. Chiaradia (2008) Regulation of trip duration by an inshore forager, the Little Penguin (Eudyptula minor), during Incubation. The Auk 125: 588-593.",0,
Eudyptula minor,Endotherm,,0.4,NA,37.92,Mean from spheniscidae,"Fallow PM, Chiaradia A, Ropert-Coudert Y, Kato A, Reina RD (2009) Flipper bands modify the short-term diving behavior of little penguins. J Wildl Manag 73:1348?1354",0,
Eumetopias jubatus,Endotherm,273.000000000000000000,2.1,8,38.5,"temperature value from: Clarke A, and Rothery P. 2008. Scaling of body temperature in mammals and birds. Functional Ecology 22:58-67. ","Merrick RL, Loughlin TR. 1997. Foraging behavior of adult female and young-of-the-year Steller sea lions in Alaskan waters. Canadian Journal of Zoology 75(5):776-786


",0,
Eumetopias jubatus,Endotherm,181.000000000000000000,1.2,NA,38.5,"temperature value from: Clarke A, and Rothery P. 2008. Scaling of body temperature in mammals and birds. Functional Ecology 22:58-67. ","Hindle, A.G., B.L. Young, D.A.S. Rosen, M. Haulena & A.W. Trites (2010) Dive response differs between shallow- and deep-diving Steller sea lions (Eumetopias jubatus). J. Exp. Mar. Biol. Ecol. 394: 141-148.",0,
Eumetopias jubatus,Endotherm,181.000000000000000000,3.15,NA,38.5,"temperature value from: Clarke A, and Rothery P. 2008. Scaling of body temperature in mammals and birds. Functional Ecology 22:58-67. ","Hindle, A.G., B.L. Young, D.A.S. Rosen, M. Haulena & A.W. Trites (2010) Dive response differs between shallow- and deep-diving Steller sea lions (Eumetopias jubatus). J. Exp. Mar. Biol. Ecol. 394: 141-148.",0,
Eumetopias jubatus,Endotherm,273.000000000000000000,1.3,NA,38.5,"temperature value from: Clarke A, and Rothery P. 2008. Scaling of body temperature in mammals and birds. Functional Ecology 22:58-67. ","Merrick RL, Loughlin TR. 1997. Foraging behavior of adult female and young-of-the-year Steller sea lions in Alaskan waters. Canadian Journal of Zoology 75(5):776-786


",0,
Fratercula arctica,Endotherm,0.500000000000000000,0.423,NA,40.1,"temperature value from: Clarke A, and Rothery P. 2008. Scaling of body temperature in mammals and birds. Functional Ecology 22:58-67. ","Axelsen, B.E., T. Anker-Nilssen, P. Fossum, C. Kvamme & L. Nottestad (2001) Pretty patterns but a simple strategy: predator? prey interactions between juvenile herring and Atlantic puffins observed with multibeam sonar. Can. J. Zool. 79: 1586-1596.",0,
Fratercula cirrhata,Endotherm,0.900000000000000000,0.617,NA,39.4,"temperature value from: Clarke A, and Rothery P. 2008. Scaling of body temperature in mammals and birds. Functional Ecology 22:58-67. ","Cody, M.L. (1973) Coexistence, Coevoluation and Convergent Evolution in Seabird Communities. Ecology. 54: 31-44.",0,
Fulica atra,Endotherm,0.900000000000000000,0.1533,NA,40.9,temperature taken to be similar to that for Fulica americana,"Halsey, L.G., P.J. Butler & T.M. Blackburn (2006) A phylogenetic analysis of the allometry of diving. Am. Nat. 167: 276-287.",0,
Gavia adamsii,Endotherm,5.000000000000000000,1.058,NA,39,temperature taken to be similar to that for Gavia arctica,"Halsey, L.G., P.J. Butler & T.M. Blackburn (2006) A phylogenetic analysis of the allometry of diving. Am. Nat. 167: 276-287.",0,
Gavia arctica,Endotherm,2.700000000000000000,0.817,1,39,"temperature value from: Clarke A, and Rothery P. 2008. Scaling of body temperature in mammals and birds. Functional Ecology 22:58-67. ","Halsey, L.G., P.J. Butler & T.M. Blackburn (2006) A phylogenetic analysis of the allometry of diving. Am. Nat. 167: 276-287.",0,
Gavia immer,Endotherm,3.800000000000000000,0.868,1.017,39,temperature taken to be similar to that for Gavia arctica,"Stewart, P.A. (1967) Diving Schedules of a Common Loon and a Group of Oldsquaws. The Auk 84: 122-123.",0,
Gavia immer,Endotherm,3.800000000000000000,1.25,1.583,39,temperature taken to be similar to that for Gavia arctica,Kinnear P (1978) Diving times of Great Northern Divers on the sea. British Birds 71: 126-127,0,
Gavia immer,Endotherm,3.800000000000000000,0.35,1.617,39,temperature taken to be similar to that for Gavia arctica,"Carter, P. (1976) Diving rates of Great Northern Diver. British Birds 69: 495-496.",0,
Gavia immer,Endotherm,3.800000000000000000,0.763,NA,39,temperature taken to be similar to that for Gavia arctica,"Alvo, R. & M. Berill (1992) Adult Common Loon Feeding Behavior Is Related to Food Fed to Chicks. The Wilson Bulletin Vol. 104: 184-185.",0,
Gavia immer,Endotherm,3.800000000000000000,0.707,NA,39,temperature taken to be similar to that for Gavia arctica,"Alvo, R. & M. Berill (1992) Adult Common Loon Feeding Behavior Is Related to Food Fed to Chicks. The Wilson Bulletin Vol. 104: 184-185.",0,
Gavia immer,Endotherm,3.800000000000000000,0.658,NA,39,temperature taken to be similar to that for Gavia arctica,"McIntyre, J.W. (1978) Wintering Behavior of Common Loons. The Auk 95: 396-403.",0,
Gavia immer,Endotherm,3.800000000000000000,0.715,NA,39,temperature taken to be similar to that for Gavia arctica,"McIntyre, J.W. (1978) Wintering Behavior of Common Loons. The Auk 95: 396-403.",0,
Gavia immer,Endotherm,3.800000000000000000,0.705,NA,39,temperature taken to be similar to that for Gavia arctica,"Thompson, S.A. & J.J. Price (2006) Water Clarity and Diving Behavior in Wintering Common Loons. Waterbirds 29: 169-175.",0,
Gavia stellata,Endotherm,1.800000000000000000,0.447,NA,39,temperature taken to be similar to that for Gavia arctica,"Halsey, L.G., P.J. Butler & T.M. Blackburn (2006) A phylogenetic analysis of the allometry of diving. Am. Nat. 167: 276-287.",0,
Globicephala macrorhynchus,Endotherm,1500.000000000000000000,1.6,4.4,35.8,"temperature value from: Clarke A, and Rothery P. 2008. Scaling of body temperature in mammals and birds. Functional Ecology 22:58-67. ","Barlow, J., K. Forney,  A. Von Saunder, & J. Urban-Ramirez (1997) A report of cetacean acoustic detection and dive interval studies (CADDIS) conducted in the southern Gulf of California, 1995. NOAA Tech. Mem. NMFS-SWFSC-250. 52pp.",0,
Globicephala melas,Endotherm,1500.000000000000000000,8.1,12.7,35.8,temperature taken to be similar to that for Globicephala macrorhynchus,"Baird, R. W., J.F. Borsani, M.B. Hanson & P.L. Tyack (2002) Diving and night-time behavior of long-finned pilot whales in the Ligurian Sea. Mar. Ecol. Prog. Ser. 237: 301?305.",0,
Globicephala melas,Endotherm,1500.000000000000000000,NA,15.833,35.8,temperature taken to be similar to that for Globicephala macrorhynchus,"Airoldi S., Fasano D., Gavazzi N., Miragliuolo A., Mussi B., Mariani M. (2003) Diving behaviour and reactions to tagging of long-finned pilot whales in the central Mediterranean Sea. In: P.G.H. Evans, P. Anderwald & M. AndrÇ (eds.) European Research on Cetaceans. 17. European Cetacean Society, Cambridge, Las Palmas, Gran Canaria. ",0,
Globicephala melas,Endotherm,1500.000000000000000000,4.173,NA,35.8,temperature taken to be similar to that for Globicephala macrorhynchus,"Kvadsheim, P.H., P.J.O. Miller, P.L. Tyack, L.D. Sivle, F.P.A. Lam & A. Fahlman (2012) Estimated tissue and blood N2 levels and risk of decompression sickness in deep-, intermediate-, and shallow-diving toothed whales during exposure to naval sonar. Front. Physiol. 3: e125.",0,
Halichoerus grypus Females,Endotherm,208.000000000000000000,0.317,0.833,36.6,"temperature value from: Clarke A, and Rothery P. 2008. Scaling of body temperature in mammals and birds. Functional Ecology 22:58-67. ","Lydersen, C., M.O. Hammill & K.M. Kovacs (1994) Activity of lactating ice-breeding grey seals, Halichoerus grypus, from the Gulf of St Lawrence, Canada. Anim. Behav. 48: 1417-1425.",0,
Halichoerus grypus Females,Endotherm,171.000000000000000000,0.867,3.5,36.6,"temperature value from: Clarke A, and Rothery P. 2008. Scaling of body temperature in mammals and birds. Functional Ecology 22:58-67. ","Lydersen, C., M.O. Hammill & K.M. Kovacs (1994) Activity of lactating ice-breeding grey seals, Halichoerus grypus, from the Gulf of St Lawrence, Canada. Anim. Behav. 48: 1417-1425.",0,
Halichoerus grypus Females,Endotherm,212.000000000000000000,1.7,4.667,36.6,"temperature value from: Clarke A, and Rothery P. 2008. Scaling of body temperature in mammals and birds. Functional Ecology 22:58-67. ","Lydersen, C., M.O. Hammill & K.M. Kovacs (1994) Activity of lactating ice-breeding grey seals, Halichoerus grypus, from the Gulf of St Lawrence, Canada. Anim. Behav. 48: 1417-1425.",0,
Halichoerus grypus Females,Endotherm,171.000000000000000000,1.633,4.667,36.6,"temperature value from: Clarke A, and Rothery P. 2008. Scaling of body temperature in mammals and birds. Functional Ecology 22:58-67. ","Lydersen, C., M.O. Hammill & K.M. Kovacs (1994) Activity of lactating ice-breeding grey seals, Halichoerus grypus, from the Gulf of St Lawrence, Canada. Anim. Behav. 48: 1417-1425.",0,
Halichoerus grypus Females,Endotherm,170.000000000000000000,1.933,4.833,36.6,"temperature value from: Clarke A, and Rothery P. 2008. Scaling of body temperature in mammals and birds. Functional Ecology 22:58-67. ","Lydersen, C., M.O. Hammill & K.M. Kovacs (1994) Activity of lactating ice-breeding grey seals, Halichoerus grypus, from the Gulf of St Lawrence, Canada. Anim. Behav. 48: 1417-1425.",0,
Halichoerus grypus Females,Endotherm,218.000000000000000000,2.4,7.667,36.6,"temperature value from: Clarke A, and Rothery P. 2008. Scaling of body temperature in mammals and birds. Functional Ecology 22:58-67. ","Lydersen, C., M.O. Hammill & K.M. Kovacs (1994) Activity of lactating ice-breeding grey seals, Halichoerus grypus, from the Gulf of St Lawrence, Canada. Anim. Behav. 48: 1417-1425.",0,
Halichoerus grypus Females,Endotherm,237.000000000000000000,1.767,9.167,36.6,"temperature value from: Clarke A, and Rothery P. 2008. Scaling of body temperature in mammals and birds. Functional Ecology 22:58-67. ","Lydersen, C., M.O. Hammill & K.M. Kovacs (1994) Activity of lactating ice-breeding grey seals, Halichoerus grypus, from the Gulf of St Lawrence, Canada. Anim. Behav. 48: 1417-1425.",0,
Halichoerus grypus Females,Endotherm,159.600000000000000000,NA,10,36.6,"temperature value from: Clarke A, and Rothery P. 2008. Scaling of body temperature in mammals and birds. Functional Ecology 22:58-67. ","Goulet, A.-M., M.O. Hammill, & C. Barrette (2001) Movements and diving activities of grey seal females (Halichoerus grypus) in the Gulf of St. Lawrence, Canada. Polar Biol. 24: 432-439.",0,
Halichoerus grypus Females,Endotherm,210.710000000000000000,6.65,NA,36.6,"temperature value from: Clarke A, and Rothery P. 2008. Scaling of body temperature in mammals and birds. Functional Ecology 22:58-67. ","Austin, D., W. D. Bowen, J.L. McMillan & D.J. Boness (2006) Stomach temperature telemetry reveals temporal patterns of foraging success in a free-ranging marine mammal. J. Anim. Ecol. 75: 408?420.",0,
Halichoerus grypus Females,Endotherm,210.130000000000000000,6.52,NA,36.6,"temperature value from: Clarke A, and Rothery P. 2008. Scaling of body temperature in mammals and birds. Functional Ecology 22:58-67. ","Beck, C.A., W.D. Bowen, J.L. McMillan & S.J. Iverson (2003) Sex differences in the diving behaviour of a size-dimorphic capital breeder: the grey seal. Anim. Behav. 66: 777-789.",0,
Halichoerus grypus Males,Endotherm,243.960000000000000000,4.9,20.3,36.3,"temperature value from: Clarke A, and Rothery P. 2008. Scaling of body temperature in mammals and birds. Functional Ecology 22:58-67. ","Beck, C.A., W.D. Bowen, J.L. McMillan & S.J. Iverson (2003) Sex differences in diving at multiple  temporal scales in a size-dimorphic capital breeder. J. Anim. Ecol. 72: 979-993.",0,
Halichoerus grypus Males,Endotherm,305.120000000000000000,5.44,NA,36.3,"temperature value from: Clarke A, and Rothery P. 2008. Scaling of body temperature in mammals and birds. Functional Ecology 22:58-67. ","Austin, D., W. D. Bowen, J.L. McMillan & D.J. Boness (2006) Stomach temperature telemetry reveals temporal patterns of foraging success in a free-ranging marine mammal. J. Anim. Ecol. 75: 408?420.",0,
Halichoerus grypus Males,Endotherm,306.610000000000000000,4.66,NA,36.3,"temperature value from: Clarke A, and Rothery P. 2008. Scaling of body temperature in mammals and birds. Functional Ecology 22:58-67. ","Beck, C.A., W.D. Bowen, J.L. McMillan & S.J. Iverson (2003) Sex differences in the diving behaviour of a size-dimorphic capital breeder: the grey seal. Anim. Behav. 66: 777-789.",0,
Halichoerus grypus Males,Endotherm,300.300000000000000000,2.2,NA,36.3,"temperature value from: Clarke A, and Rothery P. 2008. Scaling of body temperature in mammals and birds. Functional Ecology 22:58-67. ","Lidgard DC, Boness DJ, Bowen WD, McMillan JI (2003) Diving behaviour during the breeding season in the terrestrially breeding male grey seal: implications for alternative mating tactics. Canadian Journal of Zoology 81: 1025-1033",0,
Halichoerus grypus Males,Endotherm,300.300000000000000000,5.3,NA,36.3,"temperature value from: Clarke A, and Rothery P. 2008. Scaling of body temperature in mammals and birds. Functional Ecology 22:58-67. ","Lidgard DC, Boness DJ, Bowen WD, McMillan JI (2003) Diving behaviour during the breeding season in the terrestrially breeding male grey seal: implications for alternative mating tactics. Canadian Journal of Zoology 81: 1025-1033",0,
Histrionicus histrionicus,Endotherm,0.800000000000000000,0.38,NA,41.42, temperature taken to be similar to the mean body temperature of Merginae,"Rodway, M.S. (1998) Activity patterns, diet, and feeding efficiency of Harlequin Ducks breeding in northern Labrador. Can. J. Zool. 76: 902-909.",0,
Histrionicus histrionicus,Endotherm,0.800000000000000000,0.358,NA,41.42, temperature taken to be similar to the mean body temperature of Merginae,"Rodway, M.S. (1998) Activity patterns, diet, and feeding efficiency of Harlequin Ducks breeding in northern Labrador. Can. J. Zool. 76: 902-909.",0,
Histrionicus histrionicus,Endotherm,0.800000000000000000,0.412,NA,41.42, temperature taken to be similar to the mean body temperature of Merginae,"Rodway, M.S. (1998) Activity patterns, diet, and feeding efficiency of Harlequin Ducks breeding in northern Labrador. Can. J. Zool. 76: 902-909.",0,
Histrionicus histrionicus,Endotherm,0.800000000000000000,0.1667,NA,41.42, temperature taken to be similar to the mean body temperature of Merginae,"Rodway, M.S. (1998) Activity patterns, diet, and feeding efficiency of Harlequin Ducks breeding in northern Labrador. Can. J. Zool. 76: 902-909.",0,
Histrionicus histrionicus,Endotherm,0.800000000000000000,0.388,NA,41.42, temperature taken to be similar to the mean body temperature of Merginae,"Rodway, M.S. (1998) Activity patterns, diet, and feeding efficiency of Harlequin Ducks breeding in northern Labrador. Can. J. Zool. 76: 902-909.",0,
Hydrophis belcheri,Ectotherm,0.464000000000000000,3.84,7.35,26.1,,"Heatwole, H. & R.S. Seymour (1975) Diving physiology. Chapter 15, p. 289-327. In: W. A. Dunson (ed.) The Biology of Sea Snakes. University Park Press, Baltimore. 530pp.",0,
Hydrophis belcheri,Ectotherm,0.464000000000000000,3.47,7.52,26.1,,"Heatwole, H. & R.S. Seymour (1975) Diving physiology. Chapter 15, p. 289-327. In: W. A. Dunson (ed.) The Biology of Sea Snakes. University Park Press, Baltimore. 530pp.",0,
Hydrophis belcheri,Ectotherm,0.450000000000000000,6.42,12.86,26,,"Heatwole, H. 1975. Voluntary submergence times of marine snakes. Mar. Biol. 32: 205-213.",0,
Hydrophis belcheri,Ectotherm,0.201000000000000000,6.42,12.86,26.1,,"Heatwole, H. & R.S. Seymour (1975) Diving physiology. Chapter 15, p. 289-327. In: W. A. Dunson (ed.) The Biology of Sea Snakes. University Park Press, Baltimore. 530pp.",0,
Hydrophis belcheri,Ectotherm,0.201000000000000000,5.48,19.71,26.1,,"Heatwole, H. & R.S. Seymour (1975) Diving physiology. Chapter 15, p. 289-327. In: W. A. Dunson (ed.) The Biology of Sea Snakes. University Park Press, Baltimore. 530pp.",0,
Hydrophis belcheri,Ectotherm,0.450000000000000000,11.58,25.38,26,,"Heatwole, H. 1975. Voluntary submergence times of marine snakes. Mar. Biol. 32: 205-213.",0,
Hydrophis belcheri,Ectotherm,0.464000000000000000,18.07,25.38,26.1,,"Heatwole, H. & R.S. Seymour (1975) Diving physiology. Chapter 15, p. 289-327. In: W. A. Dunson (ed.) The Biology of Sea Snakes. University Park Press, Baltimore. 530pp.",0,
Hydrophis belcheri,Ectotherm,0.201000000000000000,10.07,31.23,26.1,,"Heatwole, H. & R.S. Seymour (1975) Diving physiology. Chapter 15, p. 289-327. In: W. A. Dunson (ed.) The Biology of Sea Snakes. University Park Press, Baltimore. 530pp.",0,
Hydrophis belcheri,Ectotherm,0.450000000000000000,15.36,NA,26,,"Heatwole, H. 1975. Voluntary submergence times of marine snakes. Mar. Biol. 32: 205-213.",0,
Hydrophis belcheri,Ectotherm,0.227000000000000000,15.36,NA,26.1,,"Heatwole, H. & R.S. Seymour (1975) Diving physiology. Chapter 15, p. 289-327. In: W. A. Dunson (ed.) The Biology of Sea Snakes. University Park Press, Baltimore. 530pp.",0,
Hydrophis curtus,Ectotherm,0.530000000000000000,11.2,48,30,maximum dive times were read from fig 1B,"Udyawer V., Simpfendorfer C.A., Heupel M.R., Clark T.D. (2016) Coming up for air: thermal dependence of dive behaviours and metabolism in sea snakes. Journal of Experimental Biology 219, 3447-3454",0,
Hydrophis curtus,Ectotherm,0.530000000000000000,28.5,65,24,maximum dive times were read from fig 1B,"Udyawer V., Simpfendorfer C.A., Heupel M.R., Clark T.D. (2016) Coming up for air: thermal dependence of dive behaviours and metabolism in sea snakes. Journal of Experimental Biology 219, 3447-3454",0,
Hydrophis curtus,Ectotherm,0.530000000000000000,39.9,96,21,maximum dive times were read from fig 1B,"Udyawer V., Simpfendorfer C.A., Heupel M.R., Clark T.D. (2016) Coming up for air: thermal dependence of dive behaviours and metabolism in sea snakes. Journal of Experimental Biology 219, 3447-3454",0,
Hydrophis elegans,Ectotherm,0.350000000000000000,2.1,3.58,26.5,,"Heatwole, H. 1975. Voluntary submergence times of marine snakes. Mar. Biol. 32: 205-213.",0,
Hydrophis elegans,Ectotherm,0.350000000000000000,8.57,10.13,26.5,,"Heatwole, H. 1975. Voluntary submergence times of marine snakes. Mar. Biol. 32: 205-213.",0,
Hydrophis elegans,Ectotherm,0.350000000000000000,4.36,13.19,26,,"Heatwole, H. 1975. Voluntary submergence times of marine snakes. Mar. Biol. 32: 205-213.",0,
Hydrophis elegans,Ectotherm,0.388000000000000000,4.36,13.19,26.1,,"Heatwole, H. & R.S. Seymour (1975) Diving physiology. Chapter 15, p. 289-327. In: W. A. Dunson (ed.) The Biology of Sea Snakes. University Park Press, Baltimore. 530pp.",0,
Hydrophis elegans,Ectotherm,0.350000000000000000,16.25,20,23,,"Heatwole, H. 1975. Voluntary submergence times of marine snakes. Mar. Biol. 32: 205-213.",0,
Hydrophis elegans,Ectotherm,0.350000000000000000,18.5,22,22,,"Heatwole, H. 1975. Voluntary submergence times of marine snakes. Mar. Biol. 32: 205-213.",0,
Hydrophis elegans,Ectotherm,1.035000000000000000,10.7,45,30,maximum dive times were read from fig 1B,"Udyawer V., Simpfendorfer C.A., Heupel M.R., Clark T.D. (2016) Coming up for air: thermal dependence of dive behaviours and metabolism in sea snakes. Journal of Experimental Biology 219, 3447-3454",0,
Hydrophis elegans,Ectotherm,0.350000000000000000,18,47,23,,"Heatwole, H. 1975. Voluntary submergence times of marine snakes. Mar. Biol. 32: 205-213.",0,
Hydrophis elegans,Ectotherm,1.035000000000000000,21,50.5,24,maximum dive times were read from fig 1B,"Udyawer V., Simpfendorfer C.A., Heupel M.R., Clark T.D. (2016) Coming up for air: thermal dependence of dive behaviours and metabolism in sea snakes. Journal of Experimental Biology 219, 3447-3454",0,
Hydrophis elegans,Ectotherm,1.035000000000000000,27.3,64,21,maximum dive times were read from fig 1B,"Udyawer V., Simpfendorfer C.A., Heupel M.R., Clark T.D. (2016) Coming up for air: thermal dependence of dive behaviours and metabolism in sea snakes. Journal of Experimental Biology 219, 3447-3454",0,
Hyperodon ampullatus,Endotherm,,,70,36.12142857,Mean for the odontoceti,Ponganis PJ. 2011. Diving mammals. Comprehensive Physiol 1:517-535,0,
Ilybius chalconatus Bulgaria,Ectotherm,0.000052900000000000,1.598,5.833,14.5,,"Calosi P, Bilton DT, Spicer JI, Verberk WCEP, Atfield A & Garland T Jr (2012) The comparative biology of diving in two genera of European Dytiscidae (Coleoptera). Journal of Evolutionary Biology 25: 329-341.(doi:10.1111/j.1420-9101.2011.02423.x)",0,
Ilybius chalconatus Spain,Ectotherm,0.000046200000000000,6.004,17.2,14.5,,"Calosi P, Bilton DT, Spicer JI, Verberk WCEP, Atfield A & Garland T Jr (2012) The comparative biology of diving in two genera of European Dytiscidae (Coleoptera). Journal of Evolutionary Biology 25: 329-341.(doi:10.1111/j.1420-9101.2011.02423.x)",0,
Ilybius erichsonii,Ectotherm,0.000029000000000000,4.149,7.6,20.5,,"Calosi P, Bilton DT, Spicer JI, Verberk WCEP, Atfield A & Garland T Jr (2012) The comparative biology of diving in two genera of European Dytiscidae (Coleoptera). Journal of Evolutionary Biology 25: 329-341.(doi:10.1111/j.1420-9101.2011.02423.x)",0,
Ilybius hozgargantae,Ectotherm,0.000045800000000000,2.645,5.75,20.5,,"Calosi P, Bilton DT, Spicer JI, Verberk WCEP, Atfield A & Garland T Jr (2012) The comparative biology of diving in two genera of European Dytiscidae (Coleoptera). Journal of Evolutionary Biology 25: 329-341.(doi:10.1111/j.1420-9101.2011.02423.x)",0,
Ilybius meridionalis,Ectotherm,0.000085700000000000,1.204,3.817,20.5,,"Calosi P, Bilton DT, Spicer JI, Verberk WCEP, Atfield A & Garland T Jr (2012) The comparative biology of diving in two genera of European Dytiscidae (Coleoptera). Journal of Evolutionary Biology 25: 329-341.(doi:10.1111/j.1420-9101.2011.02423.x)",0,
Ilybius montanus,Ectotherm,0.000073200000000000,3.285,6.517,20.5,,"Calosi P, Bilton DT, Spicer JI, Verberk WCEP, Atfield A & Garland T Jr (2012) The comparative biology of diving in two genera of European Dytiscidae (Coleoptera). Journal of Evolutionary Biology 25: 329-341.(doi:10.1111/j.1420-9101.2011.02423.x)",0,
Ilybius neglectus,Ectotherm,0.000043500000000000,8.919,18.25,14.5,,"Calosi P, Bilton DT, Spicer JI, Verberk WCEP, Atfield A & Garland T Jr (2012) The comparative biology of diving in two genera of European Dytiscidae (Coleoptera). Journal of Evolutionary Biology 25: 329-341.(doi:10.1111/j.1420-9101.2011.02423.x)",0,
Ilybius pederzani,Ectotherm,0.000060700000000000,1.96,5.883,20.5,,"Calosi P, Bilton DT, Spicer JI, Verberk WCEP, Atfield A & Garland T Jr (2012) The comparative biology of diving in two genera of European Dytiscidae (Coleoptera). Journal of Evolutionary Biology 25: 329-341.(doi:10.1111/j.1420-9101.2011.02423.x)",0,
Ilybius subtilis,Ectotherm,0.000101359000000000,2.539,2.739,14.5,,"Calosi P, Bilton DT, Spicer JI, Verberk WCEP, Atfield A & Garland T Jr (2012) The comparative biology of diving in two genera of European Dytiscidae (Coleoptera). Journal of Evolutionary Biology 25: 329-341.(doi:10.1111/j.1420-9101.2011.02423.x)",0,
Inia geoffrensis,Endotherm,120.000000000000000000,0.75,NA,36.12142857, temperature taken to be similar to the mean body temperature of Odontoceti,"Halsey, L.G., P.J. Butler & T.M. Blackburn (2006) A phylogenetic analysis of the allometry of diving. Am. Nat. 167: 276-287.",0,
Lapemis hardwickii,Ectotherm,0.102200000000000000,1.43,2.95,20,,"Heatwole, H. 1975. Voluntary submergence times of marine snakes. Mar. Biol. 32: 205-213.",0,
Lapemis hardwickii,Ectotherm,0.102200000000000000,1.88,3.27,21,,"Heatwole, H. 1975. Voluntary submergence times of marine snakes. Mar. Biol. 32: 205-213.",0,
Lapemis hardwickii,Ectotherm,0.102200000000000000,1.42,3.35,14,,"Heatwole, H. 1975. Voluntary submergence times of marine snakes. Mar. Biol. 32: 205-213.",0,
Lapemis hardwickii,Ectotherm,0.102200000000000000,1.97,5.5,14,,"Heatwole, H. 1975. Voluntary submergence times of marine snakes. Mar. Biol. 32: 205-213.",0,
Lapemis hardwickii,Ectotherm,0.102200000000000000,4.73,6,21,,"Heatwole, H. 1975. Voluntary submergence times of marine snakes. Mar. Biol. 32: 205-213.",0,
Lapemis hardwickii,Ectotherm,0.102200000000000000,3.85,6.95,20,,"Heatwole, H. 1975. Voluntary submergence times of marine snakes. Mar. Biol. 32: 205-213.",0,
Lapemis hardwickii,Ectotherm,0.420000000000000000,4.66,7.85,26.1,,"Heatwole, H. & R.S. Seymour (1975) Diving physiology. Chapter 15, p. 289-327. In: W. A. Dunson (ed.) The Biology of Sea Snakes. University Park Press, Baltimore. 530pp.",0,
Lapemis hardwickii,Ectotherm,0.102200000000000000,4.17,10.62,17,,"Heatwole, H. 1975. Voluntary submergence times of marine snakes. Mar. Biol. 32: 205-213.",0,
Lapemis hardwickii,Ectotherm,0.420000000000000000,8.3,12.19,26.1,,"Heatwole, H. & R.S. Seymour (1975) Diving physiology. Chapter 15, p. 289-327. In: W. A. Dunson (ed.) The Biology of Sea Snakes. University Park Press, Baltimore. 530pp.",0,
Lapemis hardwickii,Ectotherm,0.102200000000000000,16.51,13.32,26.5,,"Heatwole, H. 1975. Voluntary submergence times of marine snakes. Mar. Biol. 32: 205-213.",0,
Lapemis hardwickii,Ectotherm,0.102200000000000000,10.9,14.2,26,,"Heatwole, H. 1975. Voluntary submergence times of marine snakes. Mar. Biol. 32: 205-213.",0,
Lapemis hardwickii,Ectotherm,0.420000000000000000,7.31,14.2,26.1,,"Heatwole, H. & R.S. Seymour (1975) Diving physiology. Chapter 15, p. 289-327. In: W. A. Dunson (ed.) The Biology of Sea Snakes. University Park Press, Baltimore. 530pp.",0,
Lapemis hardwickii,Ectotherm,0.102200000000000000,9.67,15.97,26,,"Heatwole, H. 1975. Voluntary submergence times of marine snakes. Mar. Biol. 32: 205-213.",0,
Lapemis hardwickii,Ectotherm,0.420000000000000000,9.97,15.97,26.1,,"Heatwole, H. & R.S. Seymour (1975) Diving physiology. Chapter 15, p. 289-327. In: W. A. Dunson (ed.) The Biology of Sea Snakes. University Park Press, Baltimore. 530pp.",0,
Lapemis hardwickii,Ectotherm,0.102200000000000000,15.83,18,19,,"Heatwole, H. 1975. Voluntary submergence times of marine snakes. Mar. Biol. 32: 205-213.",0,
Lapemis hardwickii,Ectotherm,0.102200000000000000,15.83,37,21,,"Heatwole, H. 1975. Voluntary submergence times of marine snakes. Mar. Biol. 32: 205-213.",0,
Laticauda colubrina,Ectotherm,1.200000000000000000,0.66,3.49,22,,"Heatwole, H. 1975. Voluntary submergence times of marine snakes. Mar. Biol. 32: 205-213.",0,
Laticauda colubrina,Ectotherm,1.200000000000000000,2.91,18.21,22,,"Heatwole, H. 1975. Voluntary submergence times of marine snakes. Mar. Biol. 32: 205-213.",0,
Laticauda colubrina,Ectotherm,1.200000000000000000,24.9,NA,20.5,,"Heatwole, H. 1975. Voluntary submergence times of marine snakes. Mar. Biol. 32: 205-213.",0,
Laticauda saintgironsi,Ectotherm,0.390000000000000000,17,138,26.3,,"Brischoux F, Bonnet X, and Shine R. 2007. Foraging ecology of sea kraits Laticauda spp. in the Neo-Caledonian Lagoon. Marine Ecology Progress Series 350:145-151. 10.3354/meps07133",0,
Laticauda saintgironsi,Ectotherm,0.390000000000000000,NA,138,26.2,,"Cook T.R., Bonnet, X., Fauvel, T., Shine, R. & F. Brischoux (2016). Foraging behaviour and energy budgets of sea snakes:
insights from implanted data loggers. Journal of Zoology 298: 82—93",0,
Lepidochelys kempii,Ectotherm,33.600000000000000000,24.3,80.5,23.3,data not averaged for day and night,"Gitschlag, G.R. (1996) Migration and diving beahviour of KempÂs ridley (Garman) sea turtles along the US south-eastern Atlantic coast. .J Exp. Mar. Biol. Ecol. 205: 115-135.",0,
Lepidochelys kempii,Ectotherm,33.600000000000000000,33.1,80.5,23.3,data for night,"Gitschlag, G.R. (1996) Migration and diving beahviour of KempÂs ridley (Garman) sea turtles along the US south-eastern Atlantic coast. .J Exp. Mar. Biol. Ecol. 205: 115-135.",0,
Lepidochelys kempii,Ectotherm,9.800000000000000000,20.6,115.3,22,data not averaged for day and night,"Gitschlag, G.R. (1996) Migration and diving beahviour of KempÂs ridley (Garman) sea turtles along the US south-eastern Atlantic coast. .J Exp. Mar. Biol. Ecol. 205: 115-135.",0,
Lepidochelys kempii,Ectotherm,7.400000000000000000,33.3,147.7,22,data not averaged for day and night,"Gitschlag, G.R. (1996) Migration and diving beahviour of KempÂs ridley (Garman) sea turtles along the US south-eastern Atlantic coast. .J Exp. Mar. Biol. Ecol. 205: 115-135.",0,
Lepidochelys kempii,Ectotherm,41.000000000000000000,16.6,167,25,"maximum dive duration from Starbird, 1993","Mendonca, M.T. & P.C.H. Pritchard (1986) Offshore movements of post-nesting Kemp?s ridley sea turtles (Lepidochelys kempii). Herpetologica 42: 373-381. ",0,
Lepidochelys kempii,Ectotherm,7.400000000000000000,32.1,NA,22,data not averaged for day and night,"Gitschlag, G.R. (1996) Migration and diving beahviour of KempÂs ridley (Garman) sea turtles along the US south-eastern Atlantic coast. .J Exp. Mar. Biol. Ecol. 205: 115-135.",0,
Lepidochelys kempii,Ectotherm,9.800000000000000000,13.7,NA,22,data not averaged for day and night,"Gitschlag, G.R. (1996) Migration and diving beahviour of KempÂs ridley (Garman) sea turtles along the US south-eastern Atlantic coast. .J Exp. Mar. Biol. Ecol. 205: 115-135.",0,
Lepidochelys kempii,Ectotherm,7.400000000000000000,37.2,NA,22,data for night,"Gitschlag, G.R. (1996) Migration and diving beahviour of KempÂs ridley (Garman) sea turtles along the US south-eastern Atlantic coast. .J Exp. Mar. Biol. Ecol. 205: 115-135.",0,
Lepidochelys kempii,Ectotherm,9.800000000000000000,77.3,NA,22,data for night,"Gitschlag, G.R. (1996) Migration and diving beahviour of KempÂs ridley (Garman) sea turtles along the US south-eastern Atlantic coast. .J Exp. Mar. Biol. Ecol. 205: 115-135.",0,
Lepidochelys kempii,Ectotherm,33.600000000000000000,68.3,NA,22.6,data not averaged for day and night,"Gitschlag, G.R. (1996) Migration and diving beahviour of KempÂs ridley (Garman) sea turtles along the US south-eastern Atlantic coast. .J Exp. Mar. Biol. Ecol. 205: 115-135.",0,
Lepidochelys kempii,Ectotherm,33.600000000000000000,56,NA,21.1,data not averaged for day and night,"Gitschlag, G.R. (1996) Migration and diving beahviour of KempÂs ridley (Garman) sea turtles along the US south-eastern Atlantic coast. .J Exp. Mar. Biol. Ecol. 205: 115-135.",0,
Lepidochelys kempii,Ectotherm,33.600000000000000000,106.6,NA,22.6,data for night,"Gitschlag, G.R. (1996) Migration and diving beahviour of KempÂs ridley (Garman) sea turtles along the US south-eastern Atlantic coast. .J Exp. Mar. Biol. Ecol. 205: 115-135.",0,
Lepidochelys kempii,Ectotherm,33.600000000000000000,96,NA,21.1,data for night,"Gitschlag, G.R. (1996) Migration and diving beahviour of KempÂs ridley (Garman) sea turtles along the US south-eastern Atlantic coast. .J Exp. Mar. Biol. Ecol. 205: 115-135.",0,
Lepidochelys olivacea,Ectotherm,33.100000000000000000,24.5,130,27.2,,"McMahon, C.R., C.J.A. Bradshaw &  G.C. Hays (2007) Satellite tracking reveals unusual diving characteristics for a marine reptile, the olive ridley turtle (Lepidochelys olivacea). Mar. Ecol.. Prog. Ser. 329: 239-252.",0,
Lepidochelys olivacea,Ectotherm,34.300000000000000000,33.7,150,26.4,,"McMahon, C.R., C.J.A. Bradshaw &  G.C. Hays (2007) Satellite tracking reveals unusual diving characteristics for a marine reptile, the olive ridley turtle (Lepidochelys olivacea). Mar. Ecol.. Prog. Ser. 329: 239-252.",0,
Lepidochelys olivacea,Ectotherm,32.600000000000000000,37.2,180,24.3,,"McMahon, C.R., C.J.A. Bradshaw &  G.C. Hays (2007) Satellite tracking reveals unusual diving characteristics for a marine reptile, the olive ridley turtle (Lepidochelys olivacea). Mar. Ecol.. Prog. Ser. 329: 239-252.",0,
Lepidochelys olivacea,Ectotherm,39.000000000000000000,49.8,NA,31.6,,"Beavers SC, and Cassano ER. 1996. Movements and Dive Behavior of a Male Sea Turtle (Lepidochelys olivacea) in the Eastern Tropical Pacific. Journal of Herpetology 30:97-104.",0,
Lepidochelys olivacea,Ectotherm,39.000000000000000000,35.5,NA,26.9,,"Beavers SC, and Cassano ER. 1996. Movements and Dive Behavior of a Male Sea Turtle (Lepidochelys olivacea) in the Eastern Tropical Pacific. Journal of Herpetology 30:97-104.",0,
Leptonichotes wedelli Females,Endotherm,330.000000000000000000,15.938,29.4,36.5,"temperature value from: Noren, S. R., Pearson, L. E., Davis, J., Trumble, S. J., & Kanatous, S. B. (2008). Different thermoregulatory strategies in nearly weaned pup, yearling, and adult Weddell seals (Leptonychotes weddelli). Physiological and Biochemical Zoology, 81(6), 868-879.","Sato, K., Y. Mitani, M.F. Cameron, D.B. Siniff & Y. Naito (2003) Factors affecting stroking patterns and body angle in diving Weddell seals under natural conditions. J. Exp. Biol. 206: 1461-1470.",0,
Leptonichotes wedelli Females,Endotherm,359.800000000000000000,12.73,38,36.5,"temperature value from: Noren, S. R., Pearson, L. E., Davis, J., Trumble, S. J., & Kanatous, S. B. (2008). Different thermoregulatory strategies in nearly weaned pup, yearling, and adult Weddell seals (Leptonychotes weddelli). Physiological and Biochemical Zoology, 81(6), 868-879.","Burns, J.M. (1999) The development of diving behaviour in juvenile Weddell seals: pushing physiological limits in order to survive. Can. J. Zool. 77: 737?747.",0,
Leptonichotes wedelli Females,Endotherm,330.000000000000000000,NA,43.333,36.5,"temperature value from: Noren, S. R., Pearson, L. E., Davis, J., Trumble, S. J., & Kanatous, S. B. (2008). Different thermoregulatory strategies in nearly weaned pup, yearling, and adult Weddell seals (Leptonychotes weddelli). Physiological and Biochemical Zoology, 81(6), 868-879.","Kooyman, G.L. (1966) Maximum Diving Capacities of the Weddell Seal, Leptonychotes weddelli. Science 151(3717): 1553-1554.",0,
Leptonichotes wedelli Females,Endotherm,330.000000000000000000,42.5,NA,36.5,"temperature value from: Noren, S. R., Pearson, L. E., Davis, J., Trumble, S. J., & Kanatous, S. B. (2008). Different thermoregulatory strategies in nearly weaned pup, yearling, and adult Weddell seals (Leptonychotes weddelli). Physiological and Biochemical Zoology, 81(6), 868-879.","Testa, J.W. (1994) Over-winter movements and diving behavior of female Weddell seals (Leptonychotes weddellii) in the south-western Ross Sea, Antarctica. Can. J. Zool. 72: 1700-1710.",0,
Leptonichotes wedelli Juveniles,Endotherm,96.500000000000000000,5.67,13,36.5,"temperature value from: Noren, S. R., Pearson, L. E., Davis, J., Trumble, S. J., & Kanatous, S. B. (2008). Different thermoregulatory strategies in nearly weaned pup, yearling, and adult Weddell seals (Leptonychotes weddelli). Physiological and Biochemical Zoology, 81(6), 868-879.","Burns, J.M. (1999) The development of diving behaviour in juvenile Weddell seals: pushing physiological limits in order to survive. Can. J. Zool. 77: 737?747.",0,
Leptonichotes wedelli Juveniles,Endotherm,132.000000000000000000,7.27,16,36.5,"temperature value from: Noren, S. R., Pearson, L. E., Davis, J., Trumble, S. J., & Kanatous, S. B. (2008). Different thermoregulatory strategies in nearly weaned pup, yearling, and adult Weddell seals (Leptonychotes weddelli). Physiological and Biochemical Zoology, 81(6), 868-879.","Burns, J.M. (1999) The development of diving behaviour in juvenile Weddell seals: pushing physiological limits in order to survive. Can. J. Zool. 77: 737?747.",0,
Leptonichotes wedelli Juveniles,Endotherm,168.000000000000000000,NA,33,36.5,"temperature value from: Noren, S. R., Pearson, L. E., Davis, J., Trumble, S. J., & Kanatous, S. B. (2008). Different thermoregulatory strategies in nearly weaned pup, yearling, and adult Weddell seals (Leptonychotes weddelli). Physiological and Biochemical Zoology, 81(6), 868-879.","Castellini, M.A., R.W. Davis & G.L. Kooyman (1988) Blood chemistry regulation during repetitive diving in Weddell seals. Physiol. Zool. 61: 379?386.",0,
Leptonychotes wedelli,Endotherm,,,82,36.5,Noren et al. 2008,Ponganis PJ. 2011. Diving mammals. Comprehensive Physiol 1:517-535,0,
Leptonychotes wedelli,Endotherm,,10.52,NA,36.5,Noren et al. 2008,"Davis RW, Williams TM (2012) The marine mammal dive response is exercise modulated to maximize aerobic dive duration. J Comp Physiol A 198:583?591",0,
Lutra lutra,Endotherm,5.400000000000000000,0.2217,NA,38.1,"temperature value from: Clarke A, and Rothery P. 2008. Scaling of body temperature in mammals and birds. Functional Ecology 22:58-67. ","Conroy, J.W. & D. Jenkins (1986) Ecology of otters in northern Scotland. VI. Diving times and hunting success of otters (Lutra lutra) at Dinnet Lochs, Aberdeenshire and in Yell Sound, Shetland. J. Zool. Lond. 209: 341-346.",0,
Lutra lutra,Endotherm,5.400000000000000000,0.2183,NA,38.1,"temperature value from: Clarke A, and Rothery P. 2008. Scaling of body temperature in mammals and birds. Functional Ecology 22:58-67. ","Conroy, J.W. & D. Jenkins (1986) Ecology of otters in northern Scotland. VI. Diving times and hunting success of otters (Lutra lutra) at Dinnet Lochs, Aberdeenshire and in Yell Sound, Shetland. J. Zool. Lond. 209: 341-346.",0,
Lutra lutra,Endotherm,5.400000000000000000,1.6,NA,38.1,"temperature value from: Clarke A, and Rothery P. 2008. Scaling of body temperature in mammals and birds. Functional Ecology 22:58-67. ","Nolet, B.A., D.E.H. Wansink & H. Kruuk (1993) Diving of otters (Lutra lutra) in a marine habitat: use of depths by a single prey loader. J. Anim. Ecol. 62: 22-32.",0,
Megadyptes antipodes,Endotherm,5.500000000000000000,1.428,NA,37.8,"temperature value from: Clarke A, and Rothery P. 2008. Scaling of body temperature in mammals and birds. Functional Ecology 22:58-67. ","Mattern, T., U. Ellenberg, D.M. Houston & L.S. Davis (2007) Consistent foraging routes and benthic foraging behaviour in yellow-eyed penguins. Mar. Ecol. Prog. Ser. 343: 295-306.",0,
Megadyptes antipodes,Endotherm,5.500000000000000000,1.923,NA,37.8,"temperature value from: Clarke A, and Rothery P. 2008. Scaling of body temperature in mammals and birds. Functional Ecology 22:58-67. ","Mattern, T., U. Ellenberg, D.M. Houston & L.S. Davis (2007) Consistent foraging routes and benthic foraging behaviour in yellow-eyed penguins. Mar. Ecol. Prog. Ser. 343: 295-306.",0,
Megadyptes antipodes,Endotherm,5.500000000000000000,1.877,NA,37.8,"temperature value from: Clarke A, and Rothery P. 2008. Scaling of body temperature in mammals and birds. Functional Ecology 22:58-67. ","Mattern, T., U. Ellenberg, D.M. Houston & L.S. Davis (2007) Consistent foraging routes and benthic foraging behaviour in yellow-eyed penguins. Mar. Ecol. Prog. Ser. 343: 295-306.",0,
Megaptera novaeangliae,Endotherm,,9.6,11.3,36.7,Morrisson 1962,"Goldbogen, J.A., Calambokidis, J., Croll, D.A., McKenna, M.F., Oleson, E., Potvin, J., Pyenson, N.D., Schorr, G., Shadwick, R.E., Tershy, B.R., 2012. Scaling of lunge-feeding performance in rorqual whales: mass-specific energy expenditure increases with body size and progressively limits diving capacity. Funct. Ecol. 26, 216ñ226.",0,
Megaptera novaeangliae,Endotherm,32700.000000000000000000,NA,15.6,36.7,"temperature value from: Morrison, P. (1962). Body temperatures in some Australian mammals. III. Cetacea (Megaptera). The Biological Bulletin, 123(1), 154-169.","Baird, R.W., A.D. Ligon & S.K. Hooker (2000) Sub-surface and night-time behavior of humpback whales off Maui, Hawaii: a preliminary report. Report prepared under Contract #40ABNC050729 from the Hawaiian Islands Humpback Whale National Marine Sanctuary, Kihei, HI, to the Hawaii Wildlife Fund, Paia, HI. 18pp.",0,
Megaptera novaeangliae,Endotherm,32700.000000000000000000,3,20,36.7,"temperature value from: Morrison, P. (1962). Body temperatures in some Australian mammals. III. Cetacea (Megaptera). The Biological Bulletin, 123(1), 154-169.","Dolphin, W,F. (1987b) Ventilation and dive patterns of humpback whales, Megaptera novaeangliae, on their Alaskan feeding grounds. Can. J. Zool. 65: 83-90.",0,
Megaptera novaeangliae,Endotherm,32700.000000000000000000,13.7,NA,36.7,"temperature value from: Morrison, P. (1962). Body temperatures in some Australian mammals. III. Cetacea (Megaptera). The Biological Bulletin, 123(1), 154-169.","Chu, K.C. (1988) Dive times and ventilation patterns of singing humpback whales (Megaptera novaeangliae). Can. J. Zool. 66: 1322-1327.",0,
Melanitta fusca,Endotherm,1.375000000000000000,0.337,NA,41.42, temperature taken to be similar to the mean body temperature of Merginae,"Richman, S.E. & J.R. Lovvorn (2009) Predator size, prey size and threshold food densities of diving ducks: does a common prey base support fewer large animals? J. Anim. Ecol. 78: 1033-1042.",0,
Mesoplodon densirostris,Endotherm,900.000000000000000000,7.47,23.3,36.12142857, temperature taken to be similar to the mean body temperature of Odontoceti,"Baird, R.W., D.J.  McSweeney, A.D. Ligon & D.L. Webster (2004) Tagging feasibility and diving of Cuvier?s beaked whales (Ziphius cavirostirs) and Blainville?s beaked whales (Mesoplodon densirostris) in Hawaii. SWFSC Admin. Report prepared under Order No. AB133F-03-SE-0986 to the Hawaii Wildlife Fund, Volcano, HI. 15pp.",0,
Mesoplodon densirostris,Endotherm,900.000000000000000000,NA,54.067,36.12142857, temperature taken to be similar to the mean body temperature of Odontoceti,"Baird, R.W., D.L. Webster, D.J. McSweeney, A.D. Ligon, G.S. Schorr & J. Barlow (2006) Diving behaviour of Cuvier?s (Ziphius cavirostris) and Blainville?s (Mesoplodon densirostris) beaked whales in Hawaii. Can. J. Zool. 84: 1120?1128.",0,
Mesoplodon densirostris,Endotherm,,,84,36.12142857,Mean for the odontoceti,Ponganis PJ. 2011. Diving mammals. Comprehensive Physiol 1:517-535,0,
Mesoplodon densirostris,Endotherm,1150.000000000000000000,20.367,NA,36.12142857, temperature taken to be similar to the mean body temperature of Odontoceti,"Kvadsheim, P.H., P.J.O. Miller, P.L. Tyack, L.D. Sivle, F.P.A. Lam & A. Fahlman (2012) Estimated tissue and blood N2 levels and risk of decompression sickness in deep-, intermediate-, and shallow-diving toothed whales during exposure to naval sonar. Front. Physiol. 3: e125.",0,
Mirounga angustirostris,Endotherm,,,119,35,original value from Clarke and Rothery,Ponganis PJ. 2011. Diving mammals. Comprehensive Physiol 1:517-535,0,
Mirounga angustirostris,Endotherm,391.400000000000000000,23.8,NA,35,"temperature value from: Clarke A, and Rothery P. 2008. Scaling of body temperature in mammals and birds. Functional Ecology 22:58-67. ","Hassrick, J.L., D.E. Crocker, N.M. Teutschel, B.I. McDonald, P.W. Robinson, S.E. Simmons & D.P. Costa (2010) Condition and mass impact oxygen stores and dive duration in adult female northern elephant seals. J. Exp. Biol. 213: 585-592.",0,
Mirounga angustirostris Females,Endotherm,263.000000000000000000,14.9,22.2,35,"temperature value from: Clarke A, and Rothery P. 2008. Scaling of body temperature in mammals and birds. Functional Ecology 22:58-67. ","Davis, R.W., L.A. Fuiman, T.M. Williams & B.J. Le Boeuf (2001) Three-dimensional movements and swimming activity of a northern elephant seal. Comp. Biochem. Physiol. 129A: 759-770.",0,
Mirounga angustirostris Females,Endotherm,307.500000000000000000,20.1,22.9,35,"temperature value from: Clarke A, and Rothery P. 2008. Scaling of body temperature in mammals and birds. Functional Ecology 22:58-67. ","Kuhn, C.E., D.E. Crocker, Y. Tremblay & D.P. Costa (2009) Time to eat: measurements of feeding behaviour in a large marine predator, the northern elephant seal Mirounga angustirostris. J. Anim. Ecol. 78: 513-523.",0,
Mirounga angustirostris Females,Endotherm,247.000000000000000000,12.9,23.3,35,"temperature value from: Clarke A, and Rothery P. 2008. Scaling of body temperature in mammals and birds. Functional Ecology 22:58-67. ","Le Boeuf, B.J., D.P. Costa, A.C. Huntley & S.D. Fedlkamp (1988) Continuous, deep diving in female northern elephant seals, Mirounga angusitrostris. Can. J. Zool. 66: 446-458.",0,
Mirounga angustirostris Females,Endotherm,253.000000000000000000,16.4,30.6,35,"temperature value from: Clarke A, and Rothery P. 2008. Scaling of body temperature in mammals and birds. Functional Ecology 22:58-67. ","Le Boeuf, B.J., D.P. Costa, A.C. Huntley & S.D. Fedlkamp (1988) Continuous, deep diving in female northern elephant seals, Mirounga angusitrostris. Can. J. Zool. 66: 446-458.",0,
Mirounga angustirostris Females,Endotherm,348.000000000000000000,18.2,32.4,35,"temperature value from: Clarke A, and Rothery P. 2008. Scaling of body temperature in mammals and birds. Functional Ecology 22:58-67. ","Le Boeuf, B.J., D.P. Costa, A.C. Huntley & S.D. Fedlkamp (1988) Continuous, deep diving in female northern elephant seals, Mirounga angusitrostris. Can. J. Zool. 66: 446-458.",0,
Mirounga angustirostris Females,Endotherm,242.000000000000000000,17.1,33.5,35,"temperature value from: Clarke A, and Rothery P. 2008. Scaling of body temperature in mammals and birds. Functional Ecology 22:58-67. ","Naito, Y., B.J. Le Boeuf, T. Asaga & A.C. Huntley (1989) Long-term diving records of an adult Female northern elephant seal. Antarctic Records 33: 1-9.",0,
Mirounga angustirostris Females,Endotherm,300.000000000000000000,17.2,35.2,35,"temperature value from: Clarke A, and Rothery P. 2008. Scaling of body temperature in mammals and birds. Functional Ecology 22:58-67. ","Le Boeuf, B.J., D.P. Costa, A.C. Huntley & S.D. Fedlkamp (1988) Continuous, deep diving in female northern elephant seals, Mirounga angusitrostris. Can. J. Zool. 66: 446-458.",0,
Mirounga angustirostris Females,Endotherm,325.000000000000000000,19.4,35.8,35,"temperature value from: Clarke A, and Rothery P. 2008. Scaling of body temperature in mammals and birds. Functional Ecology 22:58-67. ","Le Boeuf, B.J., D.P. Costa, A.C. Huntley & S.D. Fedlkamp (1988) Continuous, deep diving in female northern elephant seals, Mirounga angusitrostris. Can. J. Zool. 66: 446-458.",0,
Mirounga angustirostris Females,Endotherm,307.000000000000000000,20.5,35.9,35,"temperature value from: Clarke A, and Rothery P. 2008. Scaling of body temperature in mammals and birds. Functional Ecology 22:58-67. ","Le Boeuf, B.J., D.P. Costa, A.C. Huntley & S.D. Fedlkamp (1988) Continuous, deep diving in female northern elephant seals, Mirounga angusitrostris. Can. J. Zool. 66: 446-458.",0,
Mirounga angustirostris Females,Endotherm,369.000000000000000000,18,38,35,"temperature value from: Clarke A, and Rothery P. 2008. Scaling of body temperature in mammals and birds. Functional Ecology 22:58-67. ","Le Boeuf, B., Crocker, D., Costa, D., Blackwell, S., Webb, P., & Houser, D. (2000). Foraging Ecology of Northern Elephant Seals. Ecological Monographs, 70(3), 353-382. doi:10.2307/2657207",0,
Mirounga angustirostris Females,Endotherm,279.000000000000000000,17.8,39,35,"temperature value from: Clarke A, and Rothery P. 2008. Scaling of body temperature in mammals and birds. Functional Ecology 22:58-67. ","Le Boeuf, B., Crocker, D., Costa, D., Blackwell, S., Webb, P., & Houser, D. (2000). Foraging Ecology of Northern Elephant Seals. Ecological Monographs, 70(3), 353-382. doi:10.2307/2657208",0,
Mirounga angustirostris Females,Endotherm,256.000000000000000000,16,40.5,35,"temperature value from: Clarke A, and Rothery P. 2008. Scaling of body temperature in mammals and birds. Functional Ecology 22:58-67. ","Le Boeuf, B., Crocker, D., Costa, D., Blackwell, S., Webb, P., & Houser, D. (2000). Foraging Ecology of Northern Elephant Seals. Ecological Monographs, 70(3), 353-382. doi:10.2307/2657215",0,
Mirounga angustirostris Females,Endotherm,304.000000000000000000,21.4,41.8,35,"temperature value from: Clarke A, and Rothery P. 2008. Scaling of body temperature in mammals and birds. Functional Ecology 22:58-67. ","Le Boeuf, B.J., Y. Naito, A.C. Huntley & T. Asaga (1989) Prolonged, continuous, deep diving by northern elephant seals. Can. J. Zool. 67: 2514-2519.",0,
Mirounga angustirostris Females,Endotherm,291.000000000000000000,18.2,44.4,35,"temperature value from: Clarke A, and Rothery P. 2008. Scaling of body temperature in mammals and birds. Functional Ecology 22:58-67. ","Le Boeuf, B.J., Y. Naito, A.C. Huntley & T. Asaga (1989) Prolonged, continuous, deep diving by northern elephant seals. Can. J. Zool. 67: 2514-2519.",0,
Mirounga angustirostris Females,Endotherm,399.000000000000000000,20.8,44.5,35,"temperature value from: Clarke A, and Rothery P. 2008. Scaling of body temperature in mammals and birds. Functional Ecology 22:58-67. ","Le Boeuf, B.J., D.P. Costa, A.C. Huntley & S.D. Fedlkamp (1988) Continuous, deep diving in female northern elephant seals, Mirounga angusitrostris. Can. J. Zool. 66: 446-458.",0,
Mirounga angustirostris Females,Endotherm,390.000000000000000000,23.4,47,35,"temperature value from: Clarke A, and Rothery P. 2008. Scaling of body temperature in mammals and birds. Functional Ecology 22:58-67. ","Le Boeuf, B., Crocker, D., Costa, D., Blackwell, S., Webb, P., & Houser, D. (2000). Foraging Ecology of Northern Elephant Seals. Ecological Monographs, 70(3), 353-382. doi:10.2307/2657210",0,
Mirounga angustirostris Females,Endotherm,292.000000000000000000,20.2,47.5,35,"temperature value from: Clarke A, and Rothery P. 2008. Scaling of body temperature in mammals and birds. Functional Ecology 22:58-67. ","Le Boeuf, B.J., Y. Naito, A.C. Huntley & T. Asaga (1989) Prolonged, continuous, deep diving by northern elephant seals. Can. J. Zool. 67: 2514-2519.",0,
Mirounga angustirostris Females,Endotherm,401.000000000000000000,22,47.7,35,"temperature value from: Clarke A, and Rothery P. 2008. Scaling of body temperature in mammals and birds. Functional Ecology 22:58-67. ","Le Boeuf, B.J., D.P. Costa, A.C. Huntley & S.D. Fedlkamp (1988) Continuous, deep diving in female northern elephant seals, Mirounga angusitrostris. Can. J. Zool. 66: 446-458.",0,
Mirounga angustirostris Females,Endotherm,384.000000000000000000,22.5,50.1,35,"temperature value from: Clarke A, and Rothery P. 2008. Scaling of body temperature in mammals and birds. Functional Ecology 22:58-67. ","Le Boeuf, B.J., Y. Naito, A.C. Huntley & T. Asaga (1989) Prolonged, continuous, deep diving by northern elephant seals. Can. J. Zool. 67: 2514-2519.",0,
Mirounga angustirostris Females,Endotherm,375.000000000000000000,22.9,54,35,"temperature value from: Clarke A, and Rothery P. 2008. Scaling of body temperature in mammals and birds. Functional Ecology 22:58-67. ","Le Boeuf, B., Crocker, D., Costa, D., Blackwell, S., Webb, P., & Houser, D. (2000). Foraging Ecology of Northern Elephant Seals. Ecological Monographs, 70(3), 353-382. doi:10.2307/2657211",0,
Mirounga angustirostris Females,Endotherm,348.000000000000000000,23.9,54.5,35,"temperature value from: Clarke A, and Rothery P. 2008. Scaling of body temperature in mammals and birds. Functional Ecology 22:58-67. ","Le Boeuf, B., Crocker, D., Costa, D., Blackwell, S., Webb, P., & Houser, D. (2000). Foraging Ecology of Northern Elephant Seals. Ecological Monographs, 70(3), 353-382. doi:10.2307/2657213",0,
Mirounga angustirostris Females,Endotherm,340.000000000000000000,22.3,55.3,35,"temperature value from: Clarke A, and Rothery P. 2008. Scaling of body temperature in mammals and birds. Functional Ecology 22:58-67. ","Le Boeuf, B., Crocker, D., Costa, D., Blackwell, S., Webb, P., & Houser, D. (2000). Foraging Ecology of Northern Elephant Seals. Ecological Monographs, 70(3), 353-382. doi:10.2307/2657212",0,
Mirounga angustirostris Females,Endotherm,307.000000000000000000,20.8,56.7,35,"temperature value from: Clarke A, and Rothery P. 2008. Scaling of body temperature in mammals and birds. Functional Ecology 22:58-67. ","Le Boeuf, B., Crocker, D., Costa, D., Blackwell, S., Webb, P., & Houser, D. (2000). Foraging Ecology of Northern Elephant Seals. Ecological Monographs, 70(3), 353-382. doi:10.2307/2657209",0,
Mirounga angustirostris Females,Endotherm,301.000000000000000000,21.3,59.5,35,"temperature value from: Clarke A, and Rothery P. 2008. Scaling of body temperature in mammals and birds. Functional Ecology 22:58-67. ","Le Boeuf, B., Crocker, D., Costa, D., Blackwell, S., Webb, P., & Houser, D. (2000). Foraging Ecology of Northern Elephant Seals. Ecological Monographs, 70(3), 353-382. doi:10.2307/2657218",0,
Mirounga angustirostris Females,Endotherm,316.000000000000000000,20.3,62,35,"temperature value from: Clarke A, and Rothery P. 2008. Scaling of body temperature in mammals and birds. Functional Ecology 22:58-67. ","Le Boeuf, B.J., Y. Naito, A.C. Huntley & T. Asaga (1989) Prolonged, continuous, deep diving by northern elephant seals. Can. J. Zool. 67: 2514-2519.",0,
Mirounga angustirostris Females,Endotherm,254.000000000000000000,21.3,65.5,35,"temperature value from: Clarke A, and Rothery P. 2008. Scaling of body temperature in mammals and birds. Functional Ecology 22:58-67. ","Le Boeuf, B., Crocker, D., Costa, D., Blackwell, S., Webb, P., & Houser, D. (2000). Foraging Ecology of Northern Elephant Seals. Ecological Monographs, 70(3), 353-382. doi:10.2307/2657219",0,
Mirounga angustirostris Females,Endotherm,308.000000000000000000,21.7,68,35,"temperature value from: Clarke A, and Rothery P. 2008. Scaling of body temperature in mammals and birds. Functional Ecology 22:58-67. ","Le Boeuf, B., Crocker, D., Costa, D., Blackwell, S., Webb, P., & Houser, D. (2000). Foraging Ecology of Northern Elephant Seals. Ecological Monographs, 70(3), 353-382. doi:10.2307/2657216",0,
Mirounga angustirostris Females,Endotherm,330.000000000000000000,23.3,75.5,35,"temperature value from: Clarke A, and Rothery P. 2008. Scaling of body temperature in mammals and birds. Functional Ecology 22:58-67. ","Le Boeuf, B., Crocker, D., Costa, D., Blackwell, S., Webb, P., & Houser, D. (2000). Foraging Ecology of Northern Elephant Seals. Ecological Monographs, 70(3), 353-382. doi:10.2307/2657217",0,
Mirounga angustirostris Females,Endotherm,307.500000000000000000,21.8,80,35,"temperature value from: Clarke A, and Rothery P. 2008. Scaling of body temperature in mammals and birds. Functional Ecology 22:58-67. ","Stewart, B.S. & R.L. DeLong (1995) Double migrations of the northern elephant seal, Mirounga angustirostris. J. Mammal. 76: 196-205.",0,
Mirounga angustirostris Females,Endotherm,394.000000000000000000,24.2,106,35,"temperature value from: Clarke A, and Rothery P. 2008. Scaling of body temperature in mammals and birds. Functional Ecology 22:58-67. ","Le Boeuf, B., Crocker, D., Costa, D., Blackwell, S., Webb, P., & Houser, D. (2000). Foraging Ecology of Northern Elephant Seals. Ecological Monographs, 70(3), 353-382. doi:10.2307/2657214",0,
Mirounga angustirostris Females,Endotherm,307.500000000000000000,24.5,119,35,"temperature value from: Clarke A, and Rothery P. 2008. Scaling of body temperature in mammals and birds. Functional Ecology 22:58-67. ","Stewart, B.S. & R.L. DeLong (1995) Double migrations of the northern elephant seal, Mirounga angustirostris. J. Mammal. 76: 196-205.",0,
Mirounga angustirostris Females,Endotherm,307.500000000000000000,23.6,NA,35,"temperature value from: Clarke A, and Rothery P. 2008. Scaling of body temperature in mammals and birds. Functional Ecology 22:58-67. ","Stewart, B.S. & R.L. DeLong (1993) Seasonal dispersion and habitat use of foraging northern elephant seals. Symp. Zool. Soc. Lond. 66: 179-194.",0,
Mirounga angustirostris Females,Endotherm,307.500000000000000000,22.3,NA,35,"temperature value from: Clarke A, and Rothery P. 2008. Scaling of body temperature in mammals and birds. Functional Ecology 22:58-67. ","Stewart, B.S. & R.L. DeLong (1994) Post-breeding foraging migrations of northern elephant seals. p. 290-309. In: B.J. Le Boeuf & R.M. Laws (eds.) Elephant seals: population ecology, behavior and physiology. University of California Press, Berkeley, California, USA. 414pp.",0,
Mirounga angustirostris Juveniles,Endotherm,84.200000000000000000,12.1,26.5,35,"temperature value from: Clarke A, and Rothery P. 2008. Scaling of body temperature in mammals and birds. Functional Ecology 22:58-67. ","Le Boeuf, B.J., P.A. Morris, S.B. Blackwell, D.E. Crocker & D.P. Costa (1996) Diving behavior of juvenile northern elephant seals. Can. J. Zool. 74: 1632-1644.",0,
Mirounga angustirostris Juveniles,Endotherm,171.000000000000000000,17.5,28,35,"temperature value from: Clarke A, and Rothery P. 2008. Scaling of body temperature in mammals and birds. Functional Ecology 22:58-67. ","Le Boeuf, B.J., P.A. Morris, S.B. Blackwell, D.E. Crocker & D.P. Costa (1996) Diving behavior of juvenile northern elephant seals. Can. J. Zool. 74: 1632-1644.",0,
Mirounga angustirostris Juveniles,Endotherm,127.000000000000000000,14,29,35,"temperature value from: Clarke A, and Rothery P. 2008. Scaling of body temperature in mammals and birds. Functional Ecology 22:58-67. ","Le Boeuf, B.J., P.A. Morris, S.B. Blackwell, D.E. Crocker & D.P. Costa (1996) Diving behavior of juvenile northern elephant seals. Can. J. Zool. 74: 1632-1644.",0,
Mirounga angustirostris Juveniles,Endotherm,88.000000000000000000,13.6,29,35,"temperature value from: Clarke A, and Rothery P. 2008. Scaling of body temperature in mammals and birds. Functional Ecology 22:58-67. ","Le Boeuf, B.J., P.A. Morris, S.B. Blackwell, D.E. Crocker & D.P. Costa (1996) Diving behavior of juvenile northern elephant seals. Can. J. Zool. 74: 1632-1644.",0,
Mirounga angustirostris Juveniles,Endotherm,110.700000000000000000,14,29.5,35,"temperature value from: Clarke A, and Rothery P. 2008. Scaling of body temperature in mammals and birds. Functional Ecology 22:58-67. ","Le Boeuf, B.J., P.A. Morris, S.B. Blackwell, D.E. Crocker & D.P. Costa (1996) Diving behavior of juvenile northern elephant seals. Can. J. Zool. 74: 1632-1644.",0,
Mirounga angustirostris Juveniles,Endotherm,128.400000000000000000,10.6,30.5,35,"temperature value from: Clarke A, and Rothery P. 2008. Scaling of body temperature in mammals and birds. Functional Ecology 22:58-67. ","Le Boeuf, B.J., P.A. Morris, S.B. Blackwell, D.E. Crocker & D.P. Costa (1996) Diving behavior of juvenile northern elephant seals. Can. J. Zool. 74: 1632-1644.",0,
Mirounga angustirostris Juveniles,Endotherm,114.900000000000000000,15.3,31.5,35,"temperature value from: Clarke A, and Rothery P. 2008. Scaling of body temperature in mammals and birds. Functional Ecology 22:58-67. ","Le Boeuf, B.J., P.A. Morris, S.B. Blackwell, D.E. Crocker & D.P. Costa (1996) Diving behavior of juvenile northern elephant seals. Can. J. Zool. 74: 1632-1644.",0,
Mirounga angustirostris Juveniles,Endotherm,104.600000000000000000,13.2,32.5,35,"temperature value from: Clarke A, and Rothery P. 2008. Scaling of body temperature in mammals and birds. Functional Ecology 22:58-67. ","Le Boeuf, B.J., P.A. Morris, S.B. Blackwell, D.E. Crocker & D.P. Costa (1996) Diving behavior of juvenile northern elephant seals. Can. J. Zool. 74: 1632-1644.",0,
Mirounga angustirostris Juveniles,Endotherm,133.000000000000000000,13.4,33.5,35,"temperature value from: Clarke A, and Rothery P. 2008. Scaling of body temperature in mammals and birds. Functional Ecology 22:58-67. ","Le Boeuf, B.J., P.A. Morris, S.B. Blackwell, D.E. Crocker & D.P. Costa (1996) Diving behavior of juvenile northern elephant seals. Can. J. Zool. 74: 1632-1644.",0,
Mirounga angustirostris Juveniles,Endotherm,128.400000000000000000,18,35,35,"temperature value from: Clarke A, and Rothery P. 2008. Scaling of body temperature in mammals and birds. Functional Ecology 22:58-67. ","Le Boeuf, B.J., P.A. Morris, S.B. Blackwell, D.E. Crocker & D.P. Costa (1996) Diving behavior of juvenile northern elephant seals. Can. J. Zool. 74: 1632-1644.",0,
Mirounga angustirostris Juveniles,Endotherm,149.000000000000000000,16.1,37,35,"temperature value from: Clarke A, and Rothery P. 2008. Scaling of body temperature in mammals and birds. Functional Ecology 22:58-67. ","Le Boeuf, B.J., P.A. Morris, S.B. Blackwell, D.E. Crocker & D.P. Costa (1996) Diving behavior of juvenile northern elephant seals. Can. J. Zool. 74: 1632-1644.",0,
Mirounga angustirostris Juveniles,Endotherm,134.000000000000000000,13.3,38,35,"temperature value from: Clarke A, and Rothery P. 2008. Scaling of body temperature in mammals and birds. Functional Ecology 22:58-67. ","Le Boeuf, B.J., P.A. Morris, S.B. Blackwell, D.E. Crocker & D.P. Costa (1996) Diving behavior of juvenile northern elephant seals. Can. J. Zool. 74: 1632-1644.",0,
Mirounga angustirostris Juveniles,Endotherm,93.200000000000000000,13.3,40,35,"temperature value from: Clarke A, and Rothery P. 2008. Scaling of body temperature in mammals and birds. Functional Ecology 22:58-67. ","Le Boeuf, B.J., P.A. Morris, S.B. Blackwell, D.E. Crocker & D.P. Costa (1996) Diving behavior of juvenile northern elephant seals. Can. J. Zool. 74: 1632-1644.",0,
Mirounga angustirostris Juveniles,Endotherm,155.000000000000000000,17.6,42.5,35,"temperature value from: Clarke A, and Rothery P. 2008. Scaling of body temperature in mammals and birds. Functional Ecology 22:58-67. ","Le Boeuf, B.J., P.A. Morris, S.B. Blackwell, D.E. Crocker & D.P. Costa (1996) Diving behavior of juvenile northern elephant seals. Can. J. Zool. 74: 1632-1644.",0,
Mirounga angustirostris Juveniles,Endotherm,115.400000000000000000,15.8,45.5,35,"temperature value from: Clarke A, and Rothery P. 2008. Scaling of body temperature in mammals and birds. Functional Ecology 22:58-67. ","Le Boeuf, B.J., P.A. Morris, S.B. Blackwell, D.E. Crocker & D.P. Costa (1996) Diving behavior of juvenile northern elephant seals. Can. J. Zool. 74: 1632-1644.",0,
Mirounga angustirostris Juveniles,Endotherm,127.000000000000000000,14.1,47,35,"temperature value from: Clarke A, and Rothery P. 2008. Scaling of body temperature in mammals and birds. Functional Ecology 22:58-67. ","Le Boeuf, B.J., P.A. Morris, S.B. Blackwell, D.E. Crocker & D.P. Costa (1996) Diving behavior of juvenile northern elephant seals. Can. J. Zool. 74: 1632-1644.",0,
Mirounga angustirostris Juveniles,Endotherm,174.200000000000000000,20.5,53,35,"temperature value from: Clarke A, and Rothery P. 2008. Scaling of body temperature in mammals and birds. Functional Ecology 22:58-67. ","Le Boeuf, B.J., P.A. Morris, S.B. Blackwell, D.E. Crocker & D.P. Costa (1996) Diving behavior of juvenile northern elephant seals. Can. J. Zool. 74: 1632-1644.",0,
Mirounga angustirostris Juveniles,Endotherm,153.000000000000000000,17.9,53.5,35,"temperature value from: Clarke A, and Rothery P. 2008. Scaling of body temperature in mammals and birds. Functional Ecology 22:58-67. ","Le Boeuf, B.J., P.A. Morris, S.B. Blackwell, D.E. Crocker & D.P. Costa (1996) Diving behavior of juvenile northern elephant seals. Can. J. Zool. 74: 1632-1644.",0,
Mirounga angustirostris Juveniles,Endotherm,162.000000000000000000,20,65,35,"temperature value from: Clarke A, and Rothery P. 2008. Scaling of body temperature in mammals and birds. Functional Ecology 22:58-67. ","Le Boeuf, B.J., P.A. Morris, S.B. Blackwell, D.E. Crocker & D.P. Costa (1996) Diving behavior of juvenile northern elephant seals. Can. J. Zool. 74: 1632-1644.",0,
Mirounga angustirostris Juveniles,Endotherm,188.650000000000000000,12.4,NA,35,"temperature value from: Clarke A, and Rothery P. 2008. Scaling of body temperature in mammals and birds. Functional Ecology 22:58-67. ","Webb, P.M., D.E. Crocker, S.B. Blackwell, D.P. Costa & B.J. Le Boeuf (1998) Effects of buoyancy on the diving behavior of northern elephant seals. J. Exp. Biol. 201: 2349-2358.",0,
Mirounga angustirostris Juveniles,Endotherm,174.800000000000000000,14,NA,35,"temperature value from: Clarke A, and Rothery P. 2008. Scaling of body temperature in mammals and birds. Functional Ecology 22:58-67. ","Webb, P.M., D.E. Crocker, S.B. Blackwell, D.P. Costa & B.J. Le Boeuf (1998) Effects of buoyancy on the diving behavior of northern elephant seals. J. Exp. Biol. 201: 2349-2358.",0,
Mirounga angustirostris Juveniles,Endotherm,193.280000000000000000,11.8,NA,35,"temperature value from: Clarke A, and Rothery P. 2008. Scaling of body temperature in mammals and birds. Functional Ecology 22:58-67. ","Webb, P.M., D.E. Crocker, S.B. Blackwell, D.P. Costa & B.J. Le Boeuf (1998) Effects of buoyancy on the diving behavior of northern elephant seals. J. Exp. Biol. 201: 2349-2358.",0,
Mirounga angustirostris Males,Endotherm,1175.000000000000000000,22.6,77,35,"temperature value from: Clarke A, and Rothery P. 2008. Scaling of body temperature in mammals and birds. Functional Ecology 22:58-67. ","DeLong, R.L. & B.S. Stewart (1991) Diving patterns of northern elephant seal bulls. Mar. Mammal Sci. 7: 369-384.",0,
Mirounga angustirostris Males,Endotherm,1175.000000000000000000,23.8,80,35,"temperature value from: Clarke A, and Rothery P. 2008. Scaling of body temperature in mammals and birds. Functional Ecology 22:58-67. ","Stewart, B.S. & R.L. DeLong (1995) Double migrations of the northern elephant seal, Mirounga angustirostris. J. Mammal. 76: 196-205.",0,
Mirounga angustirostris Males,Endotherm,1175.000000000000000000,22.4,89,35,"temperature value from: Clarke A, and Rothery P. 2008. Scaling of body temperature in mammals and birds. Functional Ecology 22:58-67. ","Stewart, B.S. & R.L. DeLong (1995) Double migrations of the northern elephant seal, Mirounga angustirostris. J. Mammal. 76: 196-205.",0,
Mirounga angustirostris Males,Endotherm,1175.000000000000000000,21.2,NA,35,"temperature value from: Clarke A, and Rothery P. 2008. Scaling of body temperature in mammals and birds. Functional Ecology 22:58-67. ","Le Boeuf, B., Crocker, D., Costa, D., Blackwell, S., Webb, P., & Houser, D. (2000). Foraging Ecology of Northern Elephant Seals. Ecological Monographs, 70(3), 353-382. doi:10.2307/2657207",0,
Mirounga angustirostris Males,Endotherm,1175.000000000000000000,23.1,NA,35,"temperature value from: Clarke A, and Rothery P. 2008. Scaling of body temperature in mammals and birds. Functional Ecology 22:58-67. ","Stewart, B.S. & R.L. DeLong (1993) Seasonal dispersion and habitat use of foraging northern elephant seals. Symp. Zool. Soc. Lond. 66: 179-194.",0,
Mirounga angustirostris Males,Endotherm,1175.000000000000000000,22.6,NA,35,"temperature value from: Clarke A, and Rothery P. 2008. Scaling of body temperature in mammals and birds. Functional Ecology 22:58-67. ","Stewart, B.S. & R.L. DeLong (1994) Post-breeding foraging migrations of northern elephant seals. p. 290-309. In: B.J. Le Boeuf & R.M. Laws (eds.) Elephant seals: population ecology, behavior and physiology. University of California Press, Berkeley, California, USA. 414pp.",0,
Mirounga leonina Females,Endotherm,364.000000000000000000,12,20,35,temperature taken to be similar to that for Mirouga leonina,"Campagna, C., F. Quintana, B.J. Le Boeuf, S.B. Blackwell, & D.E. Crocker (1998) Diving behaviour and foraging ecology of female southern elephant seels from Patagonia. Aquatic  Mammals 24: 1?11.",0,
Mirounga leonina Females,Endotherm,364.000000000000000000,12,23,35,temperature taken to be similar to that for Mirouga leonina,"Campagna, C., F. Quintana, B.J. Le Boeuf, S.B. Blackwell, & D.E. Crocker (1998) Diving behaviour and foraging ecology of female southern elephant seels from Patagonia. Aquatic  Mammals 24: 1?11.",0,
Mirounga leonina Females,Endotherm,364.000000000000000000,15.6,24,35,temperature taken to be similar to that for Mirouga leonina,"Campagna, C., J. Dignani, S.B. Blackwell & M.R. Marin (2001) Detecting bioluminescence with an irradiance time-depth recorder deployed on southern elephant seals. Mar. Mammal Sci. 17: 402?414",0,
Mirounga leonina Females,Endotherm,364.000000000000000000,15.9,27,35,temperature taken to be similar to that for Mirouga leonina,"Campagna, C., J. Dignani, S.B. Blackwell & M.R. Marin (2001) Detecting bioluminescence with an irradiance time-depth recorder deployed on southern elephant seals. Mar. Mammal Sci. 17: 402?414",0,
Mirounga leonina Females,Endotherm,364.000000000000000000,16,28,35,temperature taken to be similar to that for Mirouga leonina,"Campagna, C., F. Quintana, B.J. Le Boeuf, S.B. Blackwell, & D.E. Crocker (1998) Diving behaviour and foraging ecology of female southern elephant seels from Patagonia. Aquatic  Mammals 24: 1?11.",0,
Mirounga leonina Females,Endotherm,364.000000000000000000,14,28,35,temperature taken to be similar to that for Mirouga leonina,"Campagna, C., F. Quintana, B.J. Le Boeuf, S.B. Blackwell, & D.E. Crocker (1998) Diving behaviour and foraging ecology of female southern elephant seels from Patagonia. Aquatic  Mammals 24: 1?11.",0,
Mirounga leonina Females,Endotherm,364.000000000000000000,14.5,28,35,temperature taken to be similar to that for Mirouga leonina,"Campagna, C., J. Dignani, S.B. Blackwell & M.R. Marin (2001) Detecting bioluminescence with an irradiance time-depth recorder deployed on southern elephant seals. Mar. Mammal Sci. 17: 402?414",0,
Mirounga leonina Females,Endotherm,364.000000000000000000,15,29,35,temperature taken to be similar to that for Mirouga leonina,"Campagna, C., F. Quintana, B.J. Le Boeuf, S.B. Blackwell, & D.E. Crocker (1998) Diving behaviour and foraging ecology of female southern elephant seels from Patagonia. Aquatic  Mammals 24: 1?11.",0,
Mirounga leonina Females,Endotherm,364.000000000000000000,19,30,35,temperature taken to be similar to that for Mirouga leonina,"Campagna, C., F. Quintana, B.J. Le Boeuf, S.B. Blackwell, & D.E. Crocker (1998) Diving behaviour and foraging ecology of female southern elephant seels from Patagonia. Aquatic  Mammals 24: 1?11.",0,
Mirounga leonina Females,Endotherm,364.000000000000000000,12,30,35,temperature taken to be similar to that for Mirouga leonina,"Campagna, C., F. Quintana, B.J. Le Boeuf, S.B. Blackwell, & D.E. Crocker (1998) Diving behaviour and foraging ecology of female southern elephant seels from Patagonia. Aquatic  Mammals 24: 1?11.",0,
Mirounga leonina Females,Endotherm,364.000000000000000000,12,31,35,temperature taken to be similar to that for Mirouga leonina,"Campagna, C., F. Quintana, B.J. Le Boeuf, S.B. Blackwell, & D.E. Crocker (1998) Diving behaviour and foraging ecology of female southern elephant seels from Patagonia. Aquatic  Mammals 24: 1?11.",0,
Mirounga leonina Females,Endotherm,364.000000000000000000,14,32,35,temperature taken to be similar to that for Mirouga leonina,"Campagna, C., F. Quintana, B.J. Le Boeuf, S.B. Blackwell, & D.E. Crocker (1998) Diving behaviour and foraging ecology of female southern elephant seels from Patagonia. Aquatic  Mammals 24: 1?11.",0,
Mirounga leonina Females,Endotherm,364.000000000000000000,15,33,35,temperature taken to be similar to that for Mirouga leonina,"Campagna, C., F. Quintana, B.J. Le Boeuf, S.B. Blackwell, & D.E. Crocker (1998) Diving behaviour and foraging ecology of female southern elephant seels from Patagonia. Aquatic  Mammals 24: 1?11.",0,
Mirounga leonina Females,Endotherm,364.000000000000000000,14,34,35,temperature taken to be similar to that for Mirouga leonina,"Campagna, C., F. Quintana, B.J. Le Boeuf, S.B. Blackwell, & D.E. Crocker (1998) Diving behaviour and foraging ecology of female southern elephant seels from Patagonia. Aquatic  Mammals 24: 1?11.",0,
Mirounga leonina Females,Endotherm,364.000000000000000000,17.5,36,35,temperature taken to be similar to that for Mirouga leonina,"Boyd, .I.L & T. Arnbom (1991) Diving behaviour in relation to water temperature in the southern elephant seal: foraging implications. Polar Biol. 11: 259-266.",0,
Mirounga leonina Females,Endotherm,364.000000000000000000,20.7,37,35,temperature taken to be similar to that for Mirouga leonina,"Campagna, C., J. Dignani, S.B. Blackwell & M.R. Marin (2001) Detecting bioluminescence with an irradiance time-depth recorder deployed on southern elephant seals. Mar. Mammal Sci. 17: 402?414",0,
Mirounga leonina Females,Endotherm,364.000000000000000000,18.62,37.017,35,temperature taken to be similar to that for Mirouga leonina,"Hindell, M.A. & M.-A. Lea (1998) Heart Rate, Swimming Speed, and Estimated Oxygen Consumption of a Free-Ranging Southern Elephant Seal. Physiol. Zool. 71: 74-84.",0,
Mirounga leonina Females,Endotherm,367.000000000000000000,17,40.5,35,temperature taken to be similar to that for Mirouga leonina,"Slip, D.J., M.A. Hindell & H.R. Burton (1994) Diving Behavior of Southern Elephant Seals from Macquarie Island: An Overview. p. 253-270. In: B.J. Le Boeuf & R. Laws (eds.) Elephant Seals: Population Ecology, Behavior, and Physiology. University of California Press, Los Angeles. 414pp. ",0,
Mirounga leonina Females,Endotherm,364.000000000000000000,22.6,41,35,temperature taken to be similar to that for Mirouga leonina,"Campagna, C., J. Dignani, S.B. Blackwell & M.R. Marin (2001) Detecting bioluminescence with an irradiance time-depth recorder deployed on southern elephant seals. Mar. Mammal Sci. 17: 402?414",0,
Mirounga leonina Females,Endotherm,366.000000000000000000,22.3,42,35,temperature taken to be similar to that for Mirouga leonina,"Hindell, M.A., D.J. Slip & H.R. Burton (1991) The diving behaviour of adult male and female southern elephant seals, Mirounga leonine (Pinnipedia: Phocidae). Aust. J. Zool. 39: 595-619.",0,
Mirounga leonina Females,Endotherm,366.000000000000000000,22.3,42,35,temperature taken to be similar to that for Mirouga leonina,"Slip, D.J., M.A. Hindell & H.R. Burton (1994) Diving Behavior of Southern Elephant Seals from Macquarie Island: An Overview. p. 253-270. In: B.J. Le Boeuf & R. Laws (eds.) Elephant Seals: Population Ecology, Behavior, and Physiology. University of California Press, Los Angeles. 414pp. ",0,
Mirounga leonina Females,Endotherm,364.000000000000000000,15,43,35,temperature taken to be similar to that for Mirouga leonina,"Campagna, C., F. Quintana, B.J. Le Boeuf, S.B. Blackwell, & D.E. Crocker (1998) Diving behaviour and foraging ecology of female southern elephant seels from Patagonia. Aquatic  Mammals 24: 1?11.",0,
Mirounga leonina Females,Endotherm,364.000000000000000000,21.9,48,35,temperature taken to be similar to that for Mirouga leonina,"Campagna, C., F. Quintana, B.J. Le Boeuf, S.B. Blackwell, & D.E. Crocker (1998) Diving behaviour and foraging ecology of female southern elephant seels from Patagonia. Aquatic  Mammals 24: 1?11.",0,
Mirounga leonina Females,Endotherm,462.000000000000000000,21.3,50,35,temperature taken to be similar to that for Mirouga leonina,"Hindell, M.A., D.J. Slip & H.R. Burton (1991) The diving behaviour of adult male and female southern elephant seals, Mirounga leonine (Pinnipedia: Phocidae). Aust. J. Zool. 39: 595-619.",0,
Mirounga leonina Females,Endotherm,462.000000000000000000,21.3,50,35,temperature taken to be similar to that for Mirouga leonina,"Slip, D.J., M.A. Hindell & H.R. Burton (1994) Diving Behavior of Southern Elephant Seals from Macquarie Island: An Overview. p. 253-270. In: B.J. Le Boeuf & R. Laws (eds.) Elephant Seals: Population Ecology, Behavior, and Physiology. University of California Press, Los Angeles. 414pp. ",0,
Mirounga leonina Females,Endotherm,333.000000000000000000,25.7,52,35,temperature taken to be similar to that for Mirouga leonina,"Slip, D.J., M.A. Hindell & H.R. Burton (1994) Diving Behavior of Southern Elephant Seals from Macquarie Island: An Overview. p. 253-270. In: B.J. Le Boeuf & R. Laws (eds.) Elephant Seals: Population Ecology, Behavior, and Physiology. University of California Press, Los Angeles. 414pp. ",0,
Mirounga leonina Females,Endotherm,425.000000000000000000,19.5,52.5,35,temperature taken to be similar to that for Mirouga leonina,"Hindell, M.A., D.J. Slip & H.R. Burton (1991) The diving behaviour of adult male and female southern elephant seals, Mirounga leonine (Pinnipedia: Phocidae). Aust. J. Zool. 39: 595-619.",0,
Mirounga leonina Females,Endotherm,425.000000000000000000,19.5,52.5,35,temperature taken to be similar to that for Mirouga leonina,"Slip, D.J., M.A. Hindell & H.R. Burton (1994) Diving Behavior of Southern Elephant Seals from Macquarie Island: An Overview. p. 253-270. In: B.J. Le Boeuf & R. Laws (eds.) Elephant Seals: Population Ecology, Behavior, and Physiology. University of California Press, Los Angeles. 414pp. ",0,
Mirounga leonina Females,Endotherm,364.000000000000000000,23.3,53,35,temperature taken to be similar to that for Mirouga leonina,"Campagna, C., F. Quintana, B.J. Le Boeuf, S.B. Blackwell, & D.E. Crocker (1998) Diving behaviour and foraging ecology of female southern elephant seels from Patagonia. Aquatic  Mammals 24: 1?11.",0,
Mirounga leonina Females,Endotherm,422.000000000000000000,21.3,53,35,temperature taken to be similar to that for Mirouga leonina,"Hindell, M.A., D.J. Slip & H.R. Burton (1991) The diving behaviour of adult male and female southern elephant seals, Mirounga leonine (Pinnipedia: Phocidae). Aust. J. Zool. 39: 595-619.",0,
Mirounga leonina Females,Endotherm,422.000000000000000000,21.4,53,35,temperature taken to be similar to that for Mirouga leonina,"Slip, D.J., M.A. Hindell & H.R. Burton (1994) Diving Behavior of Southern Elephant Seals from Macquarie Island: An Overview. p. 253-270. In: B.J. Le Boeuf & R. Laws (eds.) Elephant Seals: Population Ecology, Behavior, and Physiology. University of California Press, Los Angeles. 414pp. ",0,
Mirounga leonina Females,Endotherm,304.000000000000000000,21.7,53.5,35,temperature taken to be similar to that for Mirouga leonina,"Slip, D.J., M.A. Hindell & H.R. Burton (1994) Diving Behavior of Southern Elephant Seals from Macquarie Island: An Overview. p. 253-270. In: B.J. Le Boeuf & R. Laws (eds.) Elephant Seals: Population Ecology, Behavior, and Physiology. University of California Press, Los Angeles. 414pp. ",0,
Mirounga leonina Females,Endotherm,298.000000000000000000,19,54,35,temperature taken to be similar to that for Mirouga leonina,"Slip, D.J., M.A. Hindell & H.R. Burton (1994) Diving Behavior of Southern Elephant Seals from Macquarie Island: An Overview. p. 253-270. In: B.J. Le Boeuf & R. Laws (eds.) Elephant Seals: Population Ecology, Behavior, and Physiology. University of California Press, Los Angeles. 414pp. ",0,
Mirounga leonina Females,Endotherm,320.000000000000000000,16,54.5,35,temperature taken to be similar to that for Mirouga leonina,"Hindell, M.A., D.J. Slip & H.R. Burton (1991) The diving behaviour of adult male and female southern elephant seals, Mirounga leonine (Pinnipedia: Phocidae). Aust. J. Zool. 39: 595-619.",0,
Mirounga leonina Females,Endotherm,302.000000000000000000,16,54.5,35,temperature taken to be similar to that for Mirouga leonina,"Slip, D.J., M.A. Hindell & H.R. Burton (1994) Diving Behavior of Southern Elephant Seals from Macquarie Island: An Overview. p. 253-270. In: B.J. Le Boeuf & R. Laws (eds.) Elephant Seals: Population Ecology, Behavior, and Physiology. University of California Press, Los Angeles. 414pp. ",0,
Mirounga leonina Females,Endotherm,282.000000000000000000,18.3,55.5,35,temperature taken to be similar to that for Mirouga leonina,"Slip, D.J., M.A. Hindell & H.R. Burton (1994) Diving Behavior of Southern Elephant Seals from Macquarie Island: An Overview. p. 253-270. In: B.J. Le Boeuf & R. Laws (eds.) Elephant Seals: Population Ecology, Behavior, and Physiology. University of California Press, Los Angeles. 414pp. ",0,
Mirounga leonina Females,Endotherm,364.000000000000000000,16,56,35,temperature taken to be similar to that for Mirouga leonina,"Campagna, C., F. Quintana, B.J. Le Boeuf, S.B. Blackwell, & D.E. Crocker (1998) Diving behaviour and foraging ecology of female southern elephant seels from Patagonia. Aquatic  Mammals 24: 1?11.",0,
Mirounga leonina Females,Endotherm,339.000000000000000000,19.9,56.5,35,temperature taken to be similar to that for Mirouga leonina,"Slip, D.J., M.A. Hindell & H.R. Burton (1994) Diving Behavior of Southern Elephant Seals from Macquarie Island: An Overview. p. 253-270. In: B.J. Le Boeuf & R. Laws (eds.) Elephant Seals: Population Ecology, Behavior, and Physiology. University of California Press, Los Angeles. 414pp. ",0,
Mirounga leonina Females,Endotherm,390.000000000000000000,21.1,57,35,temperature taken to be similar to that for Mirouga leonina,"Slip, D.J., M.A. Hindell & H.R. Burton (1994) Diving Behavior of Southern Elephant Seals from Macquarie Island: An Overview. p. 253-270. In: B.J. Le Boeuf & R. Laws (eds.) Elephant Seals: Population Ecology, Behavior, and Physiology. University of California Press, Los Angeles. 414pp. ",0,
Mirounga leonina Females,Endotherm,402.000000000000000000,29.1,58.6,35,temperature taken to be similar to that for Mirouga leonina,"Hindell, M.A., D.J. Slip & H.R. Burton (1991) The diving behaviour of adult male and female southern elephant seals, Mirounga leonine (Pinnipedia: Phocidae). Aust. J. Zool. 39: 595-619.",0,
Mirounga leonina Females,Endotherm,402.000000000000000000,29.1,58.6,35,temperature taken to be similar to that for Mirouga leonina,"Slip, D.J., M.A. Hindell & H.R. Burton (1994) Diving Behavior of Southern Elephant Seals from Macquarie Island: An Overview. p. 253-270. In: B.J. Le Boeuf & R. Laws (eds.) Elephant Seals: Population Ecology, Behavior, and Physiology. University of California Press, Los Angeles. 414pp. ",0,
Mirounga leonina Females,Endotherm,364.000000000000000000,22.3,59,35,temperature taken to be similar to that for Mirouga leonina,"Campagna, C., F. Quintana, B.J. Le Boeuf, S.B. Blackwell, & D.E. Crocker (1998) Diving behaviour and foraging ecology of female southern elephant seels from Patagonia. Aquatic  Mammals 24: 1?11.",0,
Mirounga leonina Females,Endotherm,364.000000000000000000,27.5,59,35,temperature taken to be similar to that for Mirouga leonina,"Campagna, C., F. Quintana, B.J. Le Boeuf, S.B. Blackwell, & D.E. Crocker (1998) Diving behaviour and foraging ecology of female southern elephant seels from Patagonia. Aquatic  Mammals 24: 1?11.",0,
Mirounga leonina Females,Endotherm,344.000000000000000000,20.7,60,35,temperature taken to be similar to that for Mirouga leonina,"Slip, D.J., M.A. Hindell & H.R. Burton (1994) Diving Behavior of Southern Elephant Seals from Macquarie Island: An Overview. p. 253-270. In: B.J. Le Boeuf & R. Laws (eds.) Elephant Seals: Population Ecology, Behavior, and Physiology. University of California Press, Los Angeles. 414pp. ",0,
Mirounga leonina Females,Endotherm,364.000000000000000000,26.1,61,35,temperature taken to be similar to that for Mirouga leonina,"Campagna, C., F. Quintana, B.J. Le Boeuf, S.B. Blackwell, & D.E. Crocker (1998) Diving behaviour and foraging ecology of female southern elephant seels from Patagonia. Aquatic  Mammals 24: 1?11.",0,
Mirounga leonina Females,Endotherm,364.000000000000000000,21.9,63,35,temperature taken to be similar to that for Mirouga leonina,"Campagna, C., F. Quintana, B.J. Le Boeuf, S.B. Blackwell, & D.E. Crocker (1998) Diving behaviour and foraging ecology of female southern elephant seels from Patagonia. Aquatic  Mammals 24: 1?11.",0,
Mirounga leonina Females,Endotherm,295.000000000000000000,21.4,66,35,temperature taken to be similar to that for Mirouga leonina,"Hindell, M.A., D.J. Slip & H.R. Burton (1991) The diving behaviour of adult male and female southern elephant seals, Mirounga leonine (Pinnipedia: Phocidae). Aust. J. Zool. 39: 595-619.",0,
Mirounga leonina Females,Endotherm,392.000000000000000000,35.4,66,35,temperature taken to be similar to that for Mirouga leonina,"Slip, D.J., M.A. Hindell & H.R. Burton (1994) Diving Behavior of Southern Elephant Seals from Macquarie Island: An Overview. p. 253-270. In: B.J. Le Boeuf & R. Laws (eds.) Elephant Seals: Population Ecology, Behavior, and Physiology. University of California Press, Los Angeles. 414pp. ",0,
Mirounga leonina Females,Endotherm,295.000000000000000000,21.4,66,35,temperature taken to be similar to that for Mirouga leonina,"Slip, D.J., M.A. Hindell & H.R. Burton (1994) Diving Behavior of Southern Elephant Seals from Macquarie Island: An Overview. p. 253-270. In: B.J. Le Boeuf & R. Laws (eds.) Elephant Seals: Population Ecology, Behavior, and Physiology. University of California Press, Los Angeles. 414pp. ",0,
Mirounga leonina Females,Endotherm,278.000000000000000000,20.1,68,35,temperature taken to be similar to that for Mirouga leonina,"Slip, D.J., M.A. Hindell & H.R. Burton (1994) Diving Behavior of Southern Elephant Seals from Macquarie Island: An Overview. p. 253-270. In: B.J. Le Boeuf & R. Laws (eds.) Elephant Seals: Population Ecology, Behavior, and Physiology. University of California Press, Los Angeles. 414pp. ",0,
Mirounga leonina Females,Endotherm,364.000000000000000000,21.3,76,35,temperature taken to be similar to that for Mirouga leonina,"Campagna, C., F. Quintana, B.J. Le Boeuf, S.B. Blackwell, & D.E. Crocker (1998) Diving behaviour and foraging ecology of female southern elephant seels from Patagonia. Aquatic  Mammals 24: 1?11.",0,
Mirounga leonina Females,Endotherm,387.000000000000000000,28.8,76,35,temperature taken to be similar to that for Mirouga leonina,"Slip, D.J., M.A. Hindell & H.R. Burton (1994) Diving Behavior of Southern Elephant Seals from Macquarie Island: An Overview. p. 253-270. In: B.J. Le Boeuf & R. Laws (eds.) Elephant Seals: Population Ecology, Behavior, and Physiology. University of California Press, Los Angeles. 414pp. ",0,
Mirounga leonina Females,Endotherm,362.000000000000000000,30.9,78.5,35,temperature taken to be similar to that for Mirouga leonina,"Hindell, M.A., D.J. Slip & H.R. Burton (1991) The diving behaviour of adult male and female southern elephant seals, Mirounga leonine (Pinnipedia: Phocidae). Aust. J. Zool. 39: 595-619.",0,
Mirounga leonina Females,Endotherm,422.000000000000000000,36.9,78.5,35,temperature taken to be similar to that for Mirouga leonina,"Hindell, M.A., D.J. Slip & H.R. Burton (1991) The diving behaviour of adult male and female southern elephant seals, Mirounga leonine (Pinnipedia: Phocidae). Aust. J. Zool. 39: 595-619.",0,
Mirounga leonina Females,Endotherm,362.000000000000000000,30.9,78.5,35,temperature taken to be similar to that for Mirouga leonina,"Slip, D.J., M.A. Hindell & H.R. Burton (1994) Diving Behavior of Southern Elephant Seals from Macquarie Island: An Overview. p. 253-270. In: B.J. Le Boeuf & R. Laws (eds.) Elephant Seals: Population Ecology, Behavior, and Physiology. University of California Press, Los Angeles. 414pp. ",0,
Mirounga leonina Females,Endotherm,422.000000000000000000,36.9,78.5,35,temperature taken to be similar to that for Mirouga leonina,"Slip, D.J., M.A. Hindell & H.R. Burton (1994) Diving Behavior of Southern Elephant Seals from Macquarie Island: An Overview. p. 253-270. In: B.J. Le Boeuf & R. Laws (eds.) Elephant Seals: Population Ecology, Behavior, and Physiology. University of California Press, Los Angeles. 414pp. ",0,
Mirounga leonina Females,Endotherm,364.000000000000000000,24.7,79,35,temperature taken to be similar to that for Mirouga leonina,"Campagna, C., F. Quintana, B.J. Le Boeuf, S.B. Blackwell, & D.E. Crocker (1998) Diving behaviour and foraging ecology of female southern elephant seels from Patagonia. Aquatic  Mammals 24: 1?11.",0,
Mirounga leonina Females,Endotherm,400.000000000000000000,28.9,79.5,35,temperature taken to be similar to that for Mirouga leonina,"Slip, D.J., M.A. Hindell & H.R. Burton (1994) Diving Behavior of Southern Elephant Seals from Macquarie Island: An Overview. p. 253-270. In: B.J. Le Boeuf & R. Laws (eds.) Elephant Seals: Population Ecology, Behavior, and Physiology. University of California Press, Los Angeles. 414pp. ",0,
Mirounga leonina Females,Endotherm,364.000000000000000000,24.4,91,35,temperature taken to be similar to that for Mirouga leonina,"Campagna, C., F. Quintana, B.J. Le Boeuf, S.B. Blackwell, & D.E. Crocker (1998) Diving behaviour and foraging ecology of female southern elephant seels from Patagonia. Aquatic  Mammals 24: 1?11.",0,
Mirounga leonina Females,Endotherm,430.000000000000000000,32.2,98.5,35,temperature taken to be similar to that for Mirouga leonina,"Slip, D.J., M.A. Hindell & H.R. Burton (1994) Diving Behavior of Southern Elephant Seals from Macquarie Island: An Overview. p. 253-270. In: B.J. Le Boeuf & R. Laws (eds.) Elephant Seals: Population Ecology, Behavior, and Physiology. University of California Press, Los Angeles. 414pp. ",0,
Mirounga leonina Females,Endotherm,364.000000000000000000,26.2,102,35,temperature taken to be similar to that for Mirouga leonina,"Campagna, C., F. Quintana, B.J. Le Boeuf, S.B. Blackwell, & D.E. Crocker (1998) Diving behaviour and foraging ecology of female southern elephant seels from Patagonia. Aquatic  Mammals 24: 1?11.",0,
Mirounga leonina Females,Endotherm,342.000000000000000000,33.7,120,35,temperature taken to be similar to that for Mirouga leonina,"Hindell, M.A., D.J. Slip & H.R. Burton (1991) The diving behaviour of adult male and female southern elephant seals, Mirounga leonine (Pinnipedia: Phocidae). Aust. J. Zool. 39: 595-619.",0,
Mirounga leonina Females,Endotherm,342.000000000000000000,33.7,120,35,temperature taken to be similar to that for Mirouga leonina,"Slip, D.J., M.A. Hindell & H.R. Burton (1994) Diving Behavior of Southern Elephant Seals from Macquarie Island: An Overview. p. 253-270. In: B.J. Le Boeuf & R. Laws (eds.) Elephant Seals: Population Ecology, Behavior, and Physiology. University of California Press, Los Angeles. 414pp. ",0,
Mirounga leonina Females,Endotherm,239.000000000000000000,17.5,NA,35,temperature taken to be similar to that for Mirouga leonina,"Hindell, M.A., M.-A. Lea, M.G. Morrice & C.R. McMahon (2000) Metabolic limits on dive duration and swimming speed in the southern elephant seal Mirounga leonina. Physiol. Biochem. Zool. 73: 790-798.",0,
Mirounga leonina Females,Endotherm,303.000000000000000000,20.9,NA,35,temperature taken to be similar to that for Mirouga leonina,"Hindell, M.A., M.-A. Lea, M.G. Morrice & C.R. McMahon (2000) Metabolic limits on dive duration and swimming speed in the southern elephant seal Mirounga leonina. Physiol. Biochem. Zool. 73: 790-798.",0,
Mirounga leonina Females,Endotherm,452.000000000000000000,21.1,NA,35,temperature taken to be similar to that for Mirouga leonina,"Hindell, M.A., M.-A. Lea, M.G. Morrice & C.R. McMahon (2000) Metabolic limits on dive duration and swimming speed in the southern elephant seal Mirounga leonina. Physiol. Biochem. Zool. 73: 790-798.",0,
Mirounga leonina Females,Endotherm,456.000000000000000000,21.7,NA,35,temperature taken to be similar to that for Mirouga leonina,"Hindell, M.A., M.-A. Lea, M.G. Morrice & C.R. McMahon (2000) Metabolic limits on dive duration and swimming speed in the southern elephant seal Mirounga leonina. Physiol. Biochem. Zool. 73: 790-798.",0,
Mirounga leonina Females,Endotherm,334.000000000000000000,16.7,NA,35,temperature taken to be similar to that for Mirouga leonina,"Hindell, M.A., M.-A. Lea, M.G. Morrice & C.R. McMahon (2000) Metabolic limits on dive duration and swimming speed in the southern elephant seal Mirounga leonina. Physiol. Biochem. Zool. 73: 790-798.",0,
Mirounga leonina Females,Endotherm,309.000000000000000000,21.7,NA,35,temperature taken to be similar to that for Mirouga leonina,"Hindell, M.A., M.-A. Lea, M.G. Morrice & C.R. McMahon (2000) Metabolic limits on dive duration and swimming speed in the southern elephant seal Mirounga leonina. Physiol. Biochem. Zool. 73: 790-798.",0,
Mirounga leonina Females,Endotherm,323.000000000000000000,21.3,NA,35,temperature taken to be similar to that for Mirouga leonina,"Hindell, M.A., M.-A. Lea, M.G. Morrice & C.R. McMahon (2000) Metabolic limits on dive duration and swimming speed in the southern elephant seal Mirounga leonina. Physiol. Biochem. Zool. 73: 790-798.",0,
Mirounga leonina Females,Endotherm,367.000000000000000000,15.7,NA,35,temperature taken to be similar to that for Mirouga leonina,"Hindell, M.A., M.-A. Lea, M.G. Morrice & C.R. McMahon (2000) Metabolic limits on dive duration and swimming speed in the southern elephant seal Mirounga leonina. Physiol. Biochem. Zool. 73: 790-798.",0,
Mirounga leonina Females,Endotherm,295.000000000000000000,21.6,NA,35,temperature taken to be similar to that for Mirouga leonina,"Hindell, M.A., M.-A. Lea, M.G. Morrice & C.R. McMahon (2000) Metabolic limits on dive duration and swimming speed in the southern elephant seal Mirounga leonina. Physiol. Biochem. Zool. 73: 790-798.",0,
Mirounga leonina Males,Endotherm,2008.000000000000000000,31.9,59.5,35,temperature taken to be similar to that for Mirouga leonina,"Slip, D.J., M.A. Hindell & H.R. Burton (1994) Diving Behavior of Southern Elephant Seals from Macquarie Island: An Overview. p. 253-270. In: B.J. Le Boeuf & R. Laws (eds.) Elephant Seals: Population Ecology, Behavior, and Physiology. University of California Press, Los Angeles. 414pp. ",0,
Mirounga leonina Males,Endotherm,1657.000000000000000000,27.6,62.5,35,temperature taken to be similar to that for Mirouga leonina,"Hindell, M.A., D.J. Slip & H.R. Burton (1991) The diving behaviour of adult male and female southern elephant seals, Mirounga leonine (Pinnipedia: Phocidae). Aust. J. Zool. 39: 595-619.",0,
Mirounga leonina Males,Endotherm,1657.000000000000000000,27.6,62.5,35,temperature taken to be similar to that for Mirouga leonina,"Slip, D.J., M.A. Hindell & H.R. Burton (1994) Diving Behavior of Southern Elephant Seals from Macquarie Island: An Overview. p. 253-270. In: B.J. Le Boeuf & R. Laws (eds.) Elephant Seals: Population Ecology, Behavior, and Physiology. University of California Press, Los Angeles. 414pp. ",0,
Mirounga leonina Males,Endotherm,1711.000000000000000000,25.2,63,35,temperature taken to be similar to that for Mirouga leonina,"Hindell, M.A., D.J. Slip & H.R. Burton (1991) The diving behaviour of adult male and female southern elephant seals, Mirounga leonine (Pinnipedia: Phocidae). Aust. J. Zool. 39: 595-619.",0,
Mirounga leonina Males,Endotherm,1711.000000000000000000,25.2,63,35,temperature taken to be similar to that for Mirouga leonina,"Slip, D.J., M.A. Hindell & H.R. Burton (1994) Diving Behavior of Southern Elephant Seals from Macquarie Island: An Overview. p. 253-270. In: B.J. Le Boeuf & R. Laws (eds.) Elephant Seals: Population Ecology, Behavior, and Physiology. University of California Press, Los Angeles. 414pp. ",0,
Mirounga leonina Males,Endotherm,1733.000000000000000000,22.3,67.5,35,temperature taken to be similar to that for Mirouga leonina,"Slip, D.J., M.A. Hindell & H.R. Burton (1994) Diving Behavior of Southern Elephant Seals from Macquarie Island: An Overview. p. 253-270. In: B.J. Le Boeuf & R. Laws (eds.) Elephant Seals: Population Ecology, Behavior, and Physiology. University of California Press, Los Angeles. 414pp. ",0,
Mirounga leonina Males,Endotherm,2143.000000000000000000,26.7,73.5,35,temperature taken to be similar to that for Mirouga leonina,"Slip, D.J., M.A. Hindell & H.R. Burton (1994) Diving Behavior of Southern Elephant Seals from Macquarie Island: An Overview. p. 253-270. In: B.J. Le Boeuf & R. Laws (eds.) Elephant Seals: Population Ecology, Behavior, and Physiology. University of California Press, Los Angeles. 414pp. ",0,
Mirounga leonina Males,Endotherm,3600.000000000000000000,22.1,78.5,35,temperature taken to be similar to that for Mirouga leonina,"Hindell, M.A., D.J. Slip & H.R. Burton (1991) The diving behaviour of adult male and female southern elephant seals, Mirounga leonine (Pinnipedia: Phocidae). Aust. J. Zool. 39: 595-619.",0,
Mirounga leonina Males,Endotherm,1275.000000000000000000,22,78.5,35,temperature taken to be similar to that for Mirouga leonina,"Slip, D.J., M.A. Hindell & H.R. Burton (1994) Diving Behavior of Southern Elephant Seals from Macquarie Island: An Overview. p. 253-270. In: B.J. Le Boeuf & R. Laws (eds.) Elephant Seals: Population Ecology, Behavior, and Physiology. University of California Press, Los Angeles. 414pp. ",0,
Mirounga leonina Males,Endotherm,3600.000000000000000000,22.1,78.5,35,temperature taken to be similar to that for Mirouga leonina,"Slip, D.J., M.A. Hindell & H.R. Burton (1994) Diving Behavior of Southern Elephant Seals from Macquarie Island: An Overview. p. 253-270. In: B.J. Le Boeuf & R. Laws (eds.) Elephant Seals: Population Ecology, Behavior, and Physiology. University of California Press, Los Angeles. 414pp. ",0,
Mirounga leonina Males,Endotherm,2122.000000000000000000,21.6,88.5,35,temperature taken to be similar to that for Mirouga leonina,"Hindell, M.A., D.J. Slip & H.R. Burton (1991) The diving behaviour of adult male and female southern elephant seals, Mirounga leonine (Pinnipedia: Phocidae). Aust. J. Zool. 39: 595-619.",0,
Mirounga leonina Males,Endotherm,2122.000000000000000000,21.6,88.5,35,temperature taken to be similar to that for Mirouga leonina,"Slip, D.J., M.A. Hindell & H.R. Burton (1994) Diving Behavior of Southern Elephant Seals from Macquarie Island: An Overview. p. 253-270. In: B.J. Le Boeuf & R. Laws (eds.) Elephant Seals: Population Ecology, Behavior, and Physiology. University of California Press, Los Angeles. 414pp. ",0,
Monodon monoceros,Endotherm,900.000000000000000000,3.85,9.4,36.1,"temperature value from: Morrison, P. (1962). Body temperatures in some Australian mammals. III. Cetacea (Megaptera). The Biological Bulletin, 123(1), 154-169.","Laidre, K., M.P. Heide-Jõrgensen & R. Dietz (2002) Diving behaviour of narwhals (Monodon monoceros) at two localities in the Canadian Arctic. Can. J. Zool. 80: 624-635.",0,
Morus (Sula) serrator,Endotherm,,0.056666667,NA,41.4,approximated form value for Morus bassanus,"Green JA, White CR, Bunce A, Frappell PB, Butler PJ (2009) Energetic consequences of plunge diving in gannets. Endang Species Res 10:269ñ279",0,
Morus bassanus,Endotherm,3.000000000000000000,0.0733,0.125,41.4,"temperature value from: Clarke A, and Rothery P. 2008. Scaling of body temperature in mammals and birds. Functional Ecology 22:58-67. ","Garthe, S., D. Gremillet & R.W. Furness (1999) At-sea-activity and foraging efficiency in chickrearing northern gannets Sula bassana: a case study in Shetland. Mar. Ecol. Prog. Ser. 185: 93-99.",0,
Morus bassanus,Endotherm,3.000000000000000000,0.045,0.2,41.4,"temperature value from: Clarke A, and Rothery P. 2008. Scaling of body temperature in mammals and birds. Functional Ecology 22:58-67. ","Ropert-Coudert, Y., F. Daunt, A. Kato, P.G. Ryan, S. Lewis, K. Kobayashi, Y. Mori, D. GrÇmillet & S. Wanless (2009) Underwater wingbeats extend depth and duration of plunge dives in northern Morus bassanus. J. Avian Biol. 40: 380-387.",0,
Morus bassanus,Endotherm,3.000000000000000000,0.0783,0.2667,41.4,"temperature value from: Clarke A, and Rothery P. 2008. Scaling of body temperature in mammals and birds. Functional Ecology 22:58-67. ","Ropert-Coudert, Y., F. Daunt, A. Kato, P.G. Ryan, S. Lewis, K. Kobayashi, Y. Mori, D. GrÇmillet & S. Wanless (2009) Underwater wingbeats extend depth and duration of plunge dives in northern Morus bassanus. J. Avian Biol. 40: 380-387.",0,
Morus bassanus,Endotherm,3.000000000000000000,0.1227,0.467,41.4,"temperature value from: Clarke A, and Rothery P. 2008. Scaling of body temperature in mammals and birds. Functional Ecology 22:58-67. ","Lewis, S., S. Benvenuti, L. Dall?Antonia, R. Griffith, L. Money, T.N. Sherratt, S. Wanless & K.C. Hamer (2002) Sex-specific foraging behaviour in a monomorphic seabird. Proc. R. Soc. Lond. B 269: 1687-1693.",0,
Morus bassanus,Endotherm,3.000000000000000000,0.1668,0.617,41.4,"temperature value from: Clarke A, and Rothery P. 2008. Scaling of body temperature in mammals and birds. Functional Ecology 22:58-67. ","Lewis, S., S. Benvenuti, L. Dall?Antonia, R. Griffith, L. Money, T.N. Sherratt, S. Wanless & K.C. Hamer (2002) Sex-specific foraging behaviour in a monomorphic seabird. Proc. R. Soc. Lond. B 269: 1687-1693.",0,
Morus bassanus,Endotherm,3.000000000000000000,0.1817,0.633,41.4,"temperature value from: Clarke A, and Rothery P. 2008. Scaling of body temperature in mammals and birds. Functional Ecology 22:58-67. ","Garthe, S., S. Benvenutti & W.A. Montevecchi (2000) Pursuit plunging by northern gannets (Sula bassana) feeding on capelin (Mallotus villosus). Proc. R. Soc. Lond. B 267: 1717-1722.",0,
Morus capensis,Endotherm,2.600000000000000000,0.0717,0.1183,41.4,temperature taken to be similar to that for Morus bassanus,"Gremillet, D., G. Dell?Omo, P.G. Ryan, G. Peters, Y. Ropert-Coudert & S.J. Weeks (2004) Offshore diplomacy, or how seabirds mitigate intra-specific competition: a case study based on GPS tracking of Cape gannets from neighbouring colonies. Mar. Ecol. Prog. Ser. 268: 265-279.",0,
Morus capensis,Endotherm,2.600000000000000000,0.0717,0.1183,41.4,temperature taken to be similar to that for Morus bassanus,"Gremillet, D., G. Dell?Omo, P.G. Ryan, G. Peters, Y. Ropert-Coudert & S.J. Weeks (2004) Offshore diplomacy, or how seabirds mitigate intra-specific competition: a case study based on GPS tracking of Cape gannets from neighbouring colonies. Mar. Ecol. Prog. Ser. 268: 265-279.",0,
Morus capensis,Endotherm,2.600000000000000000,0.0483,0.145,41.4,temperature taken to be similar to that for Morus bassanus,Adams N.J. & Walter C.B. (1993) Maximum diving depths of Cape gannets. Condor 95: 734?736,0,
Morus capensis,Endotherm,2.600000000000000000,0.0838,0.367,41.4,temperature taken to be similar to that for Morus bassanus,"Ropert-Coudert, Y., D. GrÇmillet, P. Ryan, A. Kato, Y. Naito & Y. Le Maho (2004) Between air and water: the plunge dive of the Cape Gannet Morus capensis. Ibis 146: 281-290.",0,
Neophoca cinerea females,Endotherm,88.200000000000000000,3.3,7.5,37.55, temperature taken to be similar to the mean body temperature of Otariidae,"Fowler, S.L. & D.P. Costa (2006) Ontogeny of diving behaviour in the Australian sea lion: trials of adolescence in a late bloomer. J. Anim. Ecol. 75: 358-367.",0,
Neophoca cinerea females,Endotherm,84.500000000000000000,3.4,NA,37.55, temperature taken to be similar to the mean body temperature of Otariidae,"Costa, D.P. & N.J. Gales (2003) Energetics of a benthic diver: seasonal foraging ecology of the Australian sea lion, Neophoca cinerea. Ecol. Monogr. 73: 27?43.",0,
Neophoca cinerea females,Endotherm,72.900000000000000000,2.97,NA,37.55, temperature taken to be similar to the mean body temperature of Otariidae,"Costa, D.P. & N.J. Gales (2003) Energetics of a benthic diver: seasonal foraging ecology of the Australian sea lion, Neophoca cinerea. Ecol. Monogr. 73: 27?43.",0,
Neophoca cinerea females,Endotherm,84.500000000000000000,3.55,NA,37.55, temperature taken to be similar to the mean body temperature of Otariidae,"Costa, D.P. & N.J. Gales (2003) Energetics of a benthic diver: seasonal foraging ecology of the Australian sea lion, Neophoca cinerea. Ecol. Monogr. 73: 27?43.",0,
Neophoca cinerea Juveniles,Endotherm,30.000000000000000000,0.4,2.7,37.55, temperature taken to be similar to the mean body temperature of Otariidae,"Fowler, S.L. & D.P. Costa (2006) Ontogeny of diving behaviour in the Australian sea lion: trials of adolescence in a late bloomer. J. Anim. Ecol. 75: 358-367.",0,
Neophoca cinerea Juveniles,Endotherm,44.500000000000000000,3.2,5.8,37.55, temperature taken to be similar to the mean body temperature of Otariidae,"Fowler, S.L. & D.P. Costa (2006) Ontogeny of diving behaviour in the Australian sea lion: trials of adolescence in a late bloomer. J. Anim. Ecol. 75: 358-367.",0,
Neophoca cinerea Juveniles,Endotherm,48.300000000000000000,2.8,5.8,37.55, temperature taken to be similar to the mean body temperature of Otariidae,"Fowler, S.L. & D.P. Costa (2006) Ontogeny of diving behaviour in the Australian sea lion: trials of adolescence in a late bloomer. J. Anim. Ecol. 75: 358-367.",0,
Neophocaena phocaenoides,Endotherm,40.000000000000000000,0.1933,0.667,36.12142857, temperature taken to be similar to the mean body temperature of Odontoceti,"Akamatsu ,T., D. Wang, K.  Wang, Y. Naito (2000) A method for individual identification of echolocation signals in free ranging finless porpoises carrying data loggers. J. Acoust.  Soc. Am. 108: 1353?1356.",0,
Neophocaena phocaenoides,Endotherm,40.000000000000000000,0.2567,1.45,36.12142857, temperature taken to be similar to the mean body temperature of Odontoceti,"Akamatsu, T., D. Wang, K. Wang, Z. Wei, Q. Zhao & Y. Naito (2002) Diving behavior of freshwater finless porpoises (Neophocaena phocaenoides) in an oxbow of the Yangtze River, China. ICES J. Mar. Sci. 59: 438?443.",0,
Neophocaena phocaenoides,Endotherm,40.000000000000000000,0.438,2.35,36.12142857, temperature taken to be similar to the mean body temperature of Odontoceti,"Akamatsu ,T., D. Wang, K.  Wang, Y. Naito (2000) A method for individual identification of echolocation signals in free ranging finless porpoises carrying data loggers. J. Acoust.  Soc. Am. 108: 1353?1356.",0,
Odobenus rosmarus Males,Endotherm,1347.250000000000000000,5.2,12.75,36.4,"temperature value from: Clarke A, and Rothery P. 2008. Scaling of body temperature in mammals and birds. Functional Ecology 22:58-67. ","Wiig, ù., I. Gjertz, D. Griffiths & C. Lydersen (1993) Diving patterns of an Atlantic walrus Odobenus rosmarus rosmarus near Svalbard. Polar Biol 13: 71-72.",0,
Odobenus rosmarus Males,Endotherm,1347.250000000000000000,6,NA,36.4,"temperature value from: Clarke A, and Rothery P. 2008. Scaling of body temperature in mammals and birds. Functional Ecology 22:58-67. ","Gjertz, I., D. Griffiths, B.A. Krafft, C. Lydersen &  ù. Wiig (2001) Diving and haul-out patterns of walruses Odobenus rosmarus on Svalbard. Polar Biol. 24: 314-319.",0,
Oligosoma smithi,Ectotherm,0.004800000000000000,NA,6.6,17,,"Hare KM, and Miller KA. 2009. What Dives Beneath: Diving as a Measure of Performance in Lizards. Herpetologica 65:227-236. doi:10.1655/08-032R2.1",0,
Oligosoma smithi,Ectotherm,0.004200000000000000,2.5,NA,17,,"Hare KM, and Miller KA. 2009. What Dives Beneath: Diving as a Measure of Performance in Lizards. Herpetologica 65:227-236. doi:10.1655/08-032R2.1",0,
Omatophoca rossi,Endotherm,180.000000000000000000,10.5,NA,36.7, temperature taken to be similar to the mean body temperature of Phocidae,"Southwell, C. (2005) Diving behaviour of two Ross seals off east Antarctica. Wildlife Res. 32: 63-65.",0,
Omatophoca rossi,Endotherm,160.000000000000000000,6.5,NA,36.7, temperature taken to be similar to the mean body temperature of Phocidae,"Southwell, C. (2005) Diving behaviour of two Ross seals off east Antarctica. Wildlife Res. 32: 63-65.",0,
Orcinus orca,Endotherm,,,5.8,35.5,Kusuda_et_al-2011-Zoo_Biology,"Miller PJO, Shapiro AD, Deecke VB. 2010. The diving behaviour of mammal-eating killer whales (Orcinus orca): variations with ecological not physiological factors. Canadian Journal of Zoology 88:1103ñ1112",0,
Orcinus orca,Endotherm,,,7.2,35.5,Kusuda_et_al-2011-Zoo_Biology,"Miller PJO, Shapiro AD, Deecke VB. 2010. The diving behaviour of mammal-eating killer whales (Orcinus orca): variations with ecological not physiological factors. Canadian Journal of Zoology 88:1103ñ1112",0,
Orcinus orca,Endotherm,,,7.5,35.5,Kusuda_et_al-2011-Zoo_Biology,"Miller PJO, Shapiro AD, Deecke VB. 2010. The diving behaviour of mammal-eating killer whales (Orcinus orca): variations with ecological not physiological factors. Canadian Journal of Zoology 88:1103ñ1112",0,
Orcinus orca,Endotherm,,,7.9,35.5,Kusuda_et_al-2011-Zoo_Biology,"Miller PJO, Shapiro AD, Deecke VB. 2010. The diving behaviour of mammal-eating killer whales (Orcinus orca): variations with ecological not physiological factors. Canadian Journal of Zoology 88:1103ñ1112",0,
Orcinus orca,Endotherm,,,8.3,35.5,Kusuda_et_al-2011-Zoo_Biology,"Miller PJO, Shapiro AD, Deecke VB. 2010. The diving behaviour of mammal-eating killer whales (Orcinus orca): variations with ecological not physiological factors. Canadian Journal of Zoology 88:1103ñ1112",0,
Orcinus orca,Endotherm,,,8.3,35.5,Kusuda_et_al-2011-Zoo_Biology,"Miller PJO, Shapiro AD, Deecke VB. 2010. The diving behaviour of mammal-eating killer whales (Orcinus orca): variations with ecological not physiological factors. Canadian Journal of Zoology 88:1103ñ1112",0,
Orcinus orca,Endotherm,,,8.5,35.5,Kusuda_et_al-2011-Zoo_Biology,"Miller PJO, Shapiro AD, Deecke VB. 2010. The diving behaviour of mammal-eating killer whales (Orcinus orca): variations with ecological not physiological factors. Canadian Journal of Zoology 88:1103ñ1112",0,
Orcinus orca,Endotherm,,,8.9,35.5,Kusuda_et_al-2011-Zoo_Biology,"Miller PJO, Shapiro AD, Deecke VB. 2010. The diving behaviour of mammal-eating killer whales (Orcinus orca): variations with ecological not physiological factors. Canadian Journal of Zoology 88:1103ñ1112",0,
Orcinus orca,Endotherm,,,9.3,35.5,Kusuda_et_al-2011-Zoo_Biology,"Miller PJO, Shapiro AD, Deecke VB. 2010. The diving behaviour of mammal-eating killer whales (Orcinus orca): variations with ecological not physiological factors. Canadian Journal of Zoology 88:1103ñ1112",0,
Orcinus orca,Endotherm,,,9.4,35.5,Kusuda_et_al-2011-Zoo_Biology,"Miller PJO, Shapiro AD, Deecke VB. 2010. The diving behaviour of mammal-eating killer whales (Orcinus orca): variations with ecological not physiological factors. Canadian Journal of Zoology 88:1103ñ1112",0,
Orcinus orca,Endotherm,,,11.2,35.5,Kusuda_et_al-2011-Zoo_Biology,"Miller PJO, Shapiro AD, Deecke VB. 2010. The diving behaviour of mammal-eating killer whales (Orcinus orca): variations with ecological not physiological factors. Canadian Journal of Zoology 88:1103ñ1112",0,
Orcinus orca,Endotherm,3500.000000000000000000,1.898,NA,35.5,"temperature value from: Kusuda, S., Kakizoe, Y., Kanda, K., Sengoku, T., Fukumoto, Y., Adachi, I., ... & Doi, O. (2011). Ovarian cycle approach by rectal temperature and fecal progesterone in a female killer whale, Orcinus orca. Zoo biology, 30(3), 285-295.","Kvadsheim, P.H., P.J.O. Miller, P.L. Tyack, L.D. Sivle, F.P.A. Lam & A. Fahlman (2012) Estimated tissue and blood N2 levels and risk of decompression sickness in deep-, intermediate-, and shallow-diving toothed whales during exposure to naval sonar. Front. Physiol. 3: e125.",0,
Orcinus orca Females,Endotherm,5000.000000000000000000,2.09,2.09,35.5,"temperature value from: Kusuda, S., Kakizoe, Y., Kanda, K., Sengoku, T., Fukumoto, Y., Adachi, I., ... & Doi, O. (2011). Ovarian cycle approach by rectal temperature and fecal progesterone in a female killer whale, Orcinus orca. Zoo biology, 30(3), 285-295.","Baird, R.W., M.B. Hanson & L.M. Dill (2005) Factors influencing the diving behaviour of fish-eating killer whales: sex differences and diel and interannual variation in diving rates. Can. J. Zool. 83: 257?267.",0,
Orcinus orca Males,Endotherm,6000.000000000000000000,NA,7.667,35.5,"temperature value from: Kusuda, S., Kakizoe, Y., Kanda, K., Sengoku, T., Fukumoto, Y., Adachi, I., ... & Doi, O. (2011). Ovarian cycle approach by rectal temperature and fecal progesterone in a female killer whale, Orcinus orca. Zoo biology, 30(3), 285-295.","Bowers, C. & R. Henderson (1972) Project Deep OPS: Deep object recovery with pilot and killer whales. Report NUC TP 306, from the Naval Undersea Center, Hawaii Laboratory. 91pp.",0,
Orcinus orca Males,Endotherm,6000.000000000000000000,2.79,NA,35.5,"temperature value from: Kusuda, S., Kakizoe, Y., Kanda, K., Sengoku, T., Fukumoto, Y., Adachi, I., ... & Doi, O. (2011). Ovarian cycle approach by rectal temperature and fecal progesterone in a female killer whale, Orcinus orca. Zoo biology, 30(3), 285-295.","Baird, R.W., M.B. Hanson & L.M. Dill (2005) Factors influencing the diving behaviour of fish-eating killer whales: sex differences and diel and interannual variation in diving rates. Can. J. Zool. 83: 257?267.",0,
Ornithorhynchus anatinus,Endotherm,1.545000000000000000,0.58,1.25,32.1,"temperature value from: Clarke A, and Rothery P. 2008. Scaling of body temperature in mammals and birds. Functional Ecology 22:58-67. ","Kruuk, H.A. (1993) The diving behaviour of the platypus (Ornithorhynchus anatinus) in waters with different trophic status. J. Appl. Ecol. 30: 592-598.",0,
Ornithorhynchus anatinus,Endotherm,1.790000000000000000,0.522,2.3,32.1,"temperature value from: Clarke A, and Rothery P. 2008. Scaling of body temperature in mammals and birds. Functional Ecology 22:58-67. ","Bethge, P., S. Munks, H. Otley & S. Nicol (2003) Diving behaviour, dive cycles and aerobic dive limit in the platypus Ornithorhynchus anatinus. Comp. Biochem. Physiol. 136A: 799?809.",0,
Ornithorhynchus anatinus,Endotherm,1.545000000000000000,0.4,3.4,32.1,"temperature value from: Clarke A, and Rothery P. 2008. Scaling of body temperature in mammals and birds. Functional Ecology 22:58-67. ","McLeod, A.L., 1993. Movement, home range and burrowusage, diel activity and juvenile dispersal of platypuses,Ornithorhynchus anatinus, on the Duckmaloi Weir, NSW.Bachelor of Applied Science(Hons)Thesis, Charles SturtUniversity, Bathurst.",0,
Ornithorhynchus anatinus,Endotherm,1.545000000000000000,0.75,NA,32.1,"temperature value from: Clarke A, and Rothery P. 2008. Scaling of body temperature in mammals and birds. Functional Ecology 22:58-67. ","Allport,M.1878Thefollowingnotesontheplatypus.Pap.Proc.R.Soc.Tas.1878,30^31.",0,
Ornithorhynchus anatinus,Endotherm,1.545000000000000000,0.886,NA,32.1,"temperature value from: Clarke A, and Rothery P. 2008. Scaling of body temperature in mammals and birds. Functional Ecology 22:58-67. ","Benson, V. 1997. Aspects of surfacing and diving behaviour of the platypus (Ornithorhynchus anatinus) in the wild. Unpublished Honours thesis, Charles Sturt University.",0,
Ornithorhynchus anatinus,Endotherm,1.545000000000000000,0.75,NA,32.1,"temperature value from: Clarke A, and Rothery P. 2008. Scaling of body temperature in mammals and birds. Functional Ecology 22:58-67. ","Grant, T.R., 1995. The Platypus. New South Wales UniversityPress, Sydney.",0,
Ornithorhynchus anatinus,Endotherm,1.545000000000000000,0.5,NA,32.1,"temperature value from: Clarke A, and Rothery P. 2008. Scaling of body temperature in mammals and birds. Functional Ecology 22:58-67. ","Gust, N., & Handasyde, K. (1995). Seasonal-variation in the ranging behavior of the platypus (Ornithorhynchus-anatinus) on the Goulburn River, Victoria. Australian Journal of Zoology, 43(2), 193-208.",0,
Ornithorhynchus anatinus,Endotherm,1.545000000000000000,0.75,NA,32.1,"temperature value from: Clarke A, and Rothery P. 2008. Scaling of body temperature in mammals and birds. Functional Ecology 22:58-67. ","Lamm, P., 1993. Nature Study on Food Intake and Reproduc-tion of the Platypus(Ornithorhynchus anatinus). Instituteof Biology, Johannes-Gutenberg University, Mainz,Germany.",0,
Ornithorhynchus anatinus,Endotherm,2.020000000000000000,0.56,NA,32.1,"temperature value from: Clarke A, and Rothery P. 2008. Scaling of body temperature in mammals and birds. Functional Ecology 22:58-67. ","Otley, H.M., S.A. Munks & M.A. Hindell (2000) Activity pattern, movements and burrows of platypuses (Ornithorhynchus anatinus) in a sub-alpine Tasmanian lake. Austr. J. Zool. 48: 701-713.",0,
Ornithorhynchus anatinus,Endotherm,1.300000000000000000,0.518,NA,32.1,"temperature value from: Clarke A, and Rothery P. 2008. Scaling of body temperature in mammals and birds. Functional Ecology 22:58-67. ","Otley, H.M., S.A. Munks & M.A. Hindell (2000) Activity pattern, movements and burrows of platypuses (Ornithorhynchus anatinus) in a sub-alpine Tasmanian lake. Austr. J. Zool. 48: 701-713.",0,
Ornithorhynchus anatinus,Endotherm,1.300000000000000000,0.555,NA,32.1,"temperature value from: Clarke A, and Rothery P. 2008. Scaling of body temperature in mammals and birds. Functional Ecology 22:58-67. ","Otley, H.M., S.A. Munks & M.A. Hindell (2000) Activity pattern, movements and burrows of platypuses (Ornithorhynchus anatinus) in a sub-alpine Tasmanian lake. Austr. J. Zool. 48: 701-713.",0,
Ornithorhynchus anatinus,Endotherm,1.545000000000000000,0.482,NA,32.1,"temperature value from: Clarke A, and Rothery P. 2008. Scaling of body temperature in mammals and birds. Functional Ecology 22:58-67. ","Otley, H.M., S.A. Munks & M.A. Hindell (2000) Activity pattern, movements and burrows of platypuses (Ornithorhynchus anatinus) in a sub-alpine Tasmanian lake. Austr. J. Zool. 48: 701-713.",0,
Otaria flavescens Females,Endotherm,121.000000000000000000,2.5,4.4,37.07,"temperature value from: Melero, M., Rodr°guez-Prieto, V., Rubio-Garc°a, A., Garc°a-P†rraga, D., & S†nchez-Vizca°no, J. M. (2015). Thermal reference points as an index for monitoring body temperature in marine mammals. BMC research notes, 8(1), 411.","Werner, R. & C. Campagna (1995) Diving behaviour of lactating southern sea lions Otaria flavescens in Patagonia. Can. J. Zool. 73: 1975-1982.",0,
Otaria flavescens Females,Endotherm,100.000000000000000000,2.3,5.2,37.07,"temperature value from: Melero, M., Rodr°guez-Prieto, V., Rubio-Garc°a, A., Garc°a-P†rraga, D., & S†nchez-Vizca°no, J. M. (2015). Thermal reference points as an index for monitoring body temperature in marine mammals. BMC research notes, 8(1), 411.","Werner, R. & C. Campagna (1995) Diving behaviour of lactating southern sea lions Otaria flavescens in Patagonia. Can. J. Zool. 73: 1975-1982.",0,
Otaria flavescens Females,Endotherm,131.000000000000000000,2.1,5.7,37.07,"temperature value from: Melero, M., Rodr°guez-Prieto, V., Rubio-Garc°a, A., Garc°a-P†rraga, D., & S†nchez-Vizca°no, J. M. (2015). Thermal reference points as an index for monitoring body temperature in marine mammals. BMC research notes, 8(1), 411.","Werner, R. & C. Campagna (1995) Diving behaviour of lactating southern sea lions Otaria flavescens in Patagonia. Can. J. Zool. 73: 1975-1982.",0,
Otaria flavescens Females,Endotherm,120.000000000000000000,2.8,6.5,37.07,"temperature value from: Melero, M., Rodr°guez-Prieto, V., Rubio-Garc°a, A., Garc°a-P†rraga, D., & S†nchez-Vizca°no, J. M. (2015). Thermal reference points as an index for monitoring body temperature in marine mammals. BMC research notes, 8(1), 411.","Werner, R. & C. Campagna (1995) Diving behaviour of lactating southern sea lions Otaria flavescens in Patagonia. Can. J. Zool. 73: 1975-1982.",0,
Otaria flavescens Females,Endotherm,120.500000000000000000,1.897,7.15,37.07,"temperature value from: Melero, M., Rodr°guez-Prieto, V., Rubio-Garc°a, A., Garc°a-P†rraga, D., & S†nchez-Vizca°no, J. M. (2015). Thermal reference points as an index for monitoring body temperature in marine mammals. BMC research notes, 8(1), 411.","Thompson, D., C.D. Duck, B.J. McConnell & J. Garrett (1998) Foraging behaviour and diet of lactating female southern sea lions (Otaria flavescens) in the Falkland Islands. J. Zool. 246: 135-146.",0,
Otaria flavescens Females,Endotherm,165.000000000000000000,2.3,7.3,37.07,"temperature value from: Melero, M., Rodr°guez-Prieto, V., Rubio-Garc°a, A., Garc°a-P†rraga, D., & S†nchez-Vizca°no, J. M. (2015). Thermal reference points as an index for monitoring body temperature in marine mammals. BMC research notes, 8(1), 411.","Werner, R. & C. Campagna (1995) Diving behaviour of lactating southern sea lions Otaria flavescens in Patagonia. Can. J. Zool. 73: 1975-1982.",0,
Oxyura australis,Endotherm,0.800000000000000000,0.417,NA,42.2,temperature taken to be similar to that for Oxyura jamaicensis,"Halsey, L.G., P.J. Butler & T.M. Blackburn (2006) A phylogenetic analysis of the allometry of diving. Am. Nat. 167: 276-287.",0,
Oxyura leucocephala,Endotherm,0.700000000000000000,NA,0.667,42.2,temperature taken to be similar to that for Oxyura jamaicensis,"Halsey, L.G., P.J. Butler & T.M. Blackburn (2006) A phylogenetic analysis of the allometry of diving. Am. Nat. 167: 276-287.",0,
Pagophilus groenlandica Females,Endotherm,123.000000000000000000,3.2,13,37.6,"temperature value from: Christiansen, J. S., Gildberg, A., Nilssen, K. T., Lindblom, C., & Haug, T. (2004). The gastric properties of free-ranging harp (Pagophilus groenlandicus (Erxleben, 1777)) and hooded (Cystophora cristata (Erxleben, 1777)) seals. ICES Journal of Marine Science, 61(2), 287-292.","Lydersen, C. & K.M. Kovacs (1993) Diving behavior of lactating harp seal, Phoca groenlandica, females from the Gulf of St. Lawrence, Canada. Anim. Behav. 46: 1213-1221.",0,
Pelamis platurus,Ectotherm,0.101000000000000000,20.46,30.07,20,Snake ID:Fw,"Cook, T.R. & F. Brischoux (2014) Why does the only ‚planktonic tetrapodÂ dive? Determinants of diving behaviour in a marine ectotherm. Animal Behaviour 98: 113—123",0,
Pelamis platurus,Ectotherm,0.161000000000000000,27.18,37.03,20,Snake ID:Dw,"Cook, T.R. & F. Brischoux (2014) Why does the only ‚planktonic tetrapodÂ dive? Determinants of diving behaviour in a marine ectotherm. Animal Behaviour 98: 113—123",0,
Pelamis platurus,Ectotherm,0.147000000000000000,33.39,54.44,20,Snake ID:Bw,"Cook, T.R. & F. Brischoux (2014) Why does the only ‚planktonic tetrapodÂ dive? Determinants of diving behaviour in a marine ectotherm. Animal Behaviour 98: 113—123",0,
Pelamis platurus,Ectotherm,0.150000000000000000,26.52,70.2,22.5,Snake ID:J,"Cook, T.R. & F. Brischoux (2014) Why does the only ‚planktonic tetrapodÂ dive? Determinants of diving behaviour in a marine ectotherm. Animal Behaviour 98: 113—123",0,
Pelamis platurus,Ectotherm,0.090000000000000000,44.72,71.11,22.5,Snake ID:Hd,"Cook, T.R. & F. Brischoux (2014) Why does the only ‚planktonic tetrapodÂ dive? Determinants of diving behaviour in a marine ectotherm. Animal Behaviour 98: 113—123",0,
Pelamis platurus,Ectotherm,0.161000000000000000,38.43,85.67,20,Snake ID:Ew,"Cook, T.R. & F. Brischoux (2014) Why does the only ‚planktonic tetrapodÂ dive? Determinants of diving behaviour in a marine ectotherm. Animal Behaviour 98: 113—123",0,
Pelamis platurus,Ectotherm,0.128000000000000000,69.63,89.93,20,Snake ID:Mw,"Cook, T.R. & F. Brischoux (2014) Why does the only ‚planktonic tetrapodÂ dive? Determinants of diving behaviour in a marine ectotherm. Animal Behaviour 98: 113—123",0,
Pelamis platurus,Ectotherm,0.160000000000000000,65.58,91.95,20,Snake ID:C,"Cook, T.R. & F. Brischoux (2014) Why does the only ‚planktonic tetrapodÂ dive? Determinants of diving behaviour in a marine ectotherm. Animal Behaviour 98: 113—123",0,
Pelamis platurus,Ectotherm,0.150000000000000000,38.09,92.42,20,Snake ID:Nw,"Cook, T.R. & F. Brischoux (2014) Why does the only ‚planktonic tetrapodÂ dive? Determinants of diving behaviour in a marine ectotherm. Animal Behaviour 98: 113—123",0,
Pelamis platurus,Ectotherm,0.118000000000000000,53.02,109.5,20,Snake ID:Aw,"Cook, T.R. & F. Brischoux (2014) Why does the only ‚planktonic tetrapodÂ dive? Determinants of diving behaviour in a marine ectotherm. Animal Behaviour 98: 113—123",0,
Pelamis platurus,Ectotherm,0.130000000000000000,58.78,141.9,20,Snake ID:Lw,"Cook, T.R. & F. Brischoux (2014) Why does the only ‚planktonic tetrapodÂ dive? Determinants of diving behaviour in a marine ectotherm. Animal Behaviour 98: 113—123",0,
Pelamis platurus,Ectotherm,0.110000000000000000,66.43,150.6,22.5,Snake ID:I,"Cook, T.R. & F. Brischoux (2014) Why does the only ‚planktonic tetrapodÂ dive? Determinants of diving behaviour in a marine ectotherm. Animal Behaviour 98: 113—123",0,
Pelamis platurus,Ectotherm,0.140000000000000000,62.88,213.51,22.5,Snake ID:Ow,"Cook, T.R. & F. Brischoux (2014) Why does the only ‚planktonic tetrapodÂ dive? Determinants of diving behaviour in a marine ectotherm. Animal Behaviour 98: 113—123",0,
Pelecanus occidentalis thagus,Endotherm,6.000000000000000000,0.0317,NA,42.2,"temperature value from: Clarke A, and Rothery P. 2008. Scaling of body temperature in mammals and birds. Functional Ecology 22:58-67. ","Duffy, D.C. (1983) The Foraging Ecology of Peruvian Seabirds. The Auk 100: 800-810.",0,
Phalacrocorax africanus,Endotherm,0.588500000000000000,0.15,0.3,40.55,temperature taken to be similar to that for the genus Phalacrocorax,"Cooper, J. (1986) Diving patterns of Cormorants Phalacrocoracidae. Ibis 128: 562-570.",0,
Phalacrocorax africanus,Endotherm,0.577000000000000000,0.2083,0.452,40.55,temperature taken to be similar to that for the genus Phalacrocorax,"Cooper, J. (1986) Diving patterns of Cormorants Phalacrocoracidae. Ibis 128: 562-570.",0,
Phalacrocorax africanus,Endotherm,0.588500000000000000,NA,0.567,40.55,temperature taken to be similar to that for the genus Phalacrocorax,"Cooper, J. (1986) Diving patterns of Cormorants Phalacrocoracidae. Ibis 128: 562-570.",0,
Phalacrocorax aristotelis,Endotherm,1.750000000000000000,0.462,0.833,40.55,temperature taken to be similar to that for the genus Phalacrocorax,"Cooper, J. (1986) Diving patterns of Cormorants Phalacrocoracidae. Ibis 128: 562-570.",0,
Phalacrocorax aristotelis,Endotherm,1.750000000000000000,0.64,0.847,40.55,temperature taken to be similar to that for the genus Phalacrocorax,"Cooper, J. (1986) Diving patterns of Cormorants Phalacrocoracidae. Ibis 128: 562-570.",0,
Phalacrocorax aristotelis,Endotherm,1.741000000000000000,0.667,1.667,40.55,temperature taken to be similar to that for the genus Phalacrocorax,"Cooper, J. (1986) Diving patterns of Cormorants Phalacrocoracidae. Ibis 128: 562-570.",0,
Phalacrocorax aristotelis,Endotherm,1.750000000000000000,1.055,NA,40.55,temperature taken to be similar to that for the genus Phalacrocorax,"Camphuysen, C. (2005) Understanding marine foodweb processes: An ecosystem approach to sustainable Sandeel fisheries in the North Sea. IMPRESS Report, Koninklijk Nederlands Instituut voor Onderzoek der Zee, Q5RS-2000-30864, Texel. 241pp.",0,
Phalacrocorax aristotelis,Endotherm,1.750000000000000000,1.198,NA,40.55,temperature taken to be similar to that for the genus Phalacrocorax,"Camphuysen, C. (2005) Understanding marine foodweb processes: An ecosystem approach to sustainable Sandeel fisheries in the North Sea. IMPRESS Report, Koninklijk Nederlands Instituut voor Onderzoek der Zee, Q5RS-2000-30864, Texel. 241pp.",0,
Phalacrocorax aristotelis,Endotherm,1.750000000000000000,1.04,NA,40.55,temperature taken to be similar to that for the genus Phalacrocorax,"Camphuysen, C. (2005) Understanding marine foodweb processes: An ecosystem approach to sustainable Sandeel fisheries in the North Sea. IMPRESS Report, Koninklijk Nederlands Instituut voor Onderzoek der Zee, Q5RS-2000-30864, Texel. 241pp.",0,
Phalacrocorax aristotelis,Endotherm,1.750000000000000000,0.97,NA,40.55,temperature taken to be similar to that for the genus Phalacrocorax,"Camphuysen, C. (2005) Understanding marine foodweb processes: An ecosystem approach to sustainable Sandeel fisheries in the North Sea. IMPRESS Report, Koninklijk Nederlands Instituut voor Onderzoek der Zee, Q5RS-2000-30864, Texel. 241pp.",0,
Phalacrocorax aristotelis,Endotherm,1.750000000000000000,1.147,NA,40.55,temperature taken to be similar to that for the genus Phalacrocorax,"Camphuysen, C. (2005) Understanding marine foodweb processes: An ecosystem approach to sustainable Sandeel fisheries in the North Sea. IMPRESS Report, Koninklijk Nederlands Instituut voor Onderzoek der Zee, Q5RS-2000-30864, Texel. 241pp.",0,
Phalacrocorax aristotelis,Endotherm,1.750000000000000000,0.633,NA,40.55,temperature taken to be similar to that for the genus Phalacrocorax,"Gremillet, D., G. Argentin, B. Schulte & B.M. Culik (1998) Flexible foraging techniques in breeding Cormorants Phalacrocorax carbo and Shags Phalacrocorax aristotelis: benthic or pelagic feeding? Ibis 140: 113-119.",0,
Phalacrocorax aristotelis,Endotherm,1.750000000000000000,0.727,NA,40.55,temperature taken to be similar to that for the genus Phalacrocorax,"Lea SEG, Daley C, Boddington PJC, Morison V. 1996. Diving patterns in shags and cormorants (Phalacrocorax): tests of an optimal breathing model. Ibis 138: 391-398",0,
Phalacrocorax aristotelis,Endotherm,1.903000000000000000,1.098,NA,40.55,temperature taken to be similar to that for the genus Phalacrocorax,"Wanless, S., T. Corfield, M.P. Harris, S.T. Buckland & J.A. Morris (1993) Diving behaviour of the shag Phalacrocorax aristotelis (Aves: Pelecaniformes) in relation to water depth and prey size. J. Zool. 231: 11-25.",0,
Phalacrocorax aristotelis,Endotherm,1.597000000000000000,1.019,NA,40.55,temperature taken to be similar to that for the genus Phalacrocorax,"Wanless, S., T. Corfield, M.P. Harris, S.T. Buckland & J.A. Morris (1993) Diving behaviour of the shag Phalacrocorax aristotelis (Aves: Pelecaniformes) in relation to water depth and prey size. J. Zool. 231: 11-25.",0,
Phalacrocorax auritus,Endotherm,1.871000000000000000,0.345,0.467,41.3,"temperature value from: Clarke A, and Rothery P. 2008. Scaling of body temperature in mammals and birds. Functional Ecology 22:58-67. ","Cooper, J. (1986) Diving patterns of Cormorants Phalacrocoracidae. Ibis 128: 562-570.",0,
Phalacrocorax auritus,Endotherm,,0.25,0.533333333,41.3,original value from Clarke and Rothery,"Halsey, L.G., White, C.R., Enstipp, M.R., Wilson, R.P., Butler, P.J., Martin, G.R., GrÈmillet, D., Jones, D.R., 2011b. Assessing the validity of the accelerometry technique for estimating the energy expenditure of diving double-crested cormorants Phalacrocorax auritus. Physiol. Biochem. Zool. 84, 230ñ237.",0,
Phalacrocorax auritus,Endotherm,1.871000000000000000,0.418,NA,41.3,"temperature value from: Clarke A, and Rothery P. 2008. Scaling of body temperature in mammals and birds. Functional Ecology 22:58-67. ","Cooper, J. (1986) Diving patterns of Cormorants Phalacrocoracidae. Ibis 128: 562-570.",0,
Phalacrocorax auritus,Endotherm,,0.366666667,NA,41.3,original value from Clarke and Rothery,"Coleman, J. T. H. 2009. Diving behavior, predatorñprey dynamics, and management efficacy of double-crested cormorants in New York State. Doctoral dissertation, Cornell University, Ithaca, New York.",0,
Phalacrocorax bougainvillii,Endotherm,1.800000000000000000,0.16,NA,40.55,temperature taken to be similar to that for the genus Phalacrocorax,"Cooper, J. (1986) Diving patterns of Cormorants Phalacrocoracidae. Ibis 128: 562-570.",0,
Phalacrocorax bougainvillii,Endotherm,1.800000000000000000,0.548,NA,40.55,temperature taken to be similar to that for the genus Phalacrocorax,"Cooper, J. (1986) Diving patterns of Cormorants Phalacrocoracidae. Ibis 128: 562-570.",0,
Phalacrocorax bransfieldensis,Endotherm,2.750000000000000000,1.123,NA,40.55,temperature taken to be similar to that for the genus Phalacrocorax,"Casaux, R. (2004) Diving Patterns in the Antarctic Shag. Waterbirds, 27: 382-387.",0,
Phalacrocorax brasilianus (previously olivaceus),Endotherm,1.680000000000000000,0.205,0.45,40.55,temperature taken to be similar to that for the genus Phalacrocorax,"Cooper, J. (1986) Diving patterns of Cormorants Phalacrocoracidae. Ibis 128: 562-570.",0,
Phalacrocorax brasilianus (previously olivaceus),Endotherm,1.680000000000000000,0.105,NA,40.55,temperature taken to be similar to that for the genus Phalacrocorax,"Cooper, J. (1986) Diving patterns of Cormorants Phalacrocoracidae. Ibis 128: 562-570.",0,
Phalacrocorax brasilianus (previously olivaceus),Endotherm,1.680000000000000000,0.255,NA,40.55,temperature taken to be similar to that for the genus Phalacrocorax,"Cooper, J. (1986) Diving patterns of Cormorants Phalacrocoracidae. Ibis 128: 562-570.",0,
Phalacrocorax brasilianus (previously olivaceus),Endotherm,1.680000000000000000,0.1083,NA,40.55,temperature taken to be similar to that for the genus Phalacrocorax,"Cooper, J. (1986) Diving patterns of Cormorants Phalacrocoracidae. Ibis 128: 562-570.",0,
Phalacrocorax brasilianus (previously olivaceus),Endotherm,1.680000000000000000,0.2533,NA,40.55,temperature taken to be similar to that for the genus Phalacrocorax,"Duffy, D.C., R.P. Wilson, M.-P. Wilson & C. Velasquez (1986) Plunge-diving by Olivaceous Cormorants in Chile. Wilson Bulletin 98: 607-608.",0,
Phalacrocorax brasilianus (previously olivaceus),Endotherm,1.680000000000000000,0.02833,NA,40.55,temperature taken to be similar to that for the genus Phalacrocorax,"Duffy, D.C., R.P. Wilson, M.-P. Wilson & C. Velasquez (1986) Plunge-diving by Olivaceous Cormorants in Chile. Wilson Bulletin 98: 607-608.",0,
Phalacrocorax capensis,Endotherm,,0.473333333,1.3,40.55,approximated from mean value for the genus Phalacrocorax,"Cook TR, Hamann M, Pichegru L, Bonadonna F, GrÈmillet D, et al. (2012) GPS and time-depth loggers reveal underwater foraging plasticity in a ying diver, the Cape Cormorant. Marine Biology 159: 373ñ387",0,
Phalacrocorax capensis,Endotherm,1.204000000000000000,0.4,NA,40.55,temperature taken to be similar to that for the genus Phalacrocorax,"Cooper, J. (1986) Diving patterns of Cormorants Phalacrocoracidae. Ibis 128: 562-570.",0,
Phalacrocorax capillatus - filamentosus,Endotherm,2.500000000000000000,0.333,0.75,40.55,temperature taken to be similar to that for the genus Phalacrocorax,"Watanuki ,Y., A. Kato & Y. Naito (1996) Diving performance of male and female Japanese Cormorants. Can. J. Zool. 74: 1098-1109.",0,
Phalacrocorax capillatus - filamentosus,Endotherm,2.700000000000000000,0.417,0.917,40.55,temperature taken to be similar to that for the genus Phalacrocorax,"Watanuki ,Y., A. Kato & Y. Naito (1996) Diving performance of male and female Japanese Cormorants. Can. J. Zool. 74: 1098-1109.",0,
Phalacrocorax capillatus - filamentosus,Endotherm,2.700000000000000000,0.367,1,40.55,temperature taken to be similar to that for the genus Phalacrocorax,"Watanuki ,Y., A. Kato & Y. Naito (1996) Diving performance of male and female Japanese Cormorants. Can. J. Zool. 74: 1098-1109.",0,
Phalacrocorax capillatus - filamentosus,Endotherm,2.350000000000000000,0.4,1.167,40.55,temperature taken to be similar to that for the genus Phalacrocorax,"Watanuki ,Y., A. Kato & Y. Naito (1996) Diving performance of male and female Japanese Cormorants. Can. J. Zool. 74: 1098-1109.",0,
Phalacrocorax capillatus - filamentosus,Endotherm,2.300000000000000000,0.517,1.333,40.55,temperature taken to be similar to that for the genus Phalacrocorax,"Watanuki ,Y., A. Kato & Y. Naito (1996) Diving performance of male and female Japanese Cormorants. Can. J. Zool. 74: 1098-1109.",0,
Phalacrocorax capillatus - filamentosus,Endotherm,3.050000000000000000,0.5,1.5,40.55,temperature taken to be similar to that for the genus Phalacrocorax,"Watanuki ,Y., A. Kato & Y. Naito (1996) Diving performance of male and female Japanese Cormorants. Can. J. Zool. 74: 1098-1109.",0,
Phalacrocorax capillatus - filamentosus,Endotherm,3.150000000000000000,0.633,1.667,40.55,temperature taken to be similar to that for the genus Phalacrocorax,"Watanuki ,Y., A. Kato & Y. Naito (1996) Diving performance of male and female Japanese Cormorants. Can. J. Zool. 74: 1098-1109.",0,
Phalacrocorax capillatus - filamentosus,Endotherm,3.150000000000000000,0.75,1.75,40.55,temperature taken to be similar to that for the genus Phalacrocorax,"Watanuki ,Y., A. Kato & Y. Naito (1996) Diving performance of male and female Japanese Cormorants. Can. J. Zool. 74: 1098-1109.",0,
Phalacrocorax capillatus - filamentosus,Endotherm,3.150000000000000000,0.6,1.833,40.55,temperature taken to be similar to that for the genus Phalacrocorax,"Watanuki ,Y., A. Kato & Y. Naito (1996) Diving performance of male and female Japanese Cormorants. Can. J. Zool. 74: 1098-1109.",0,
Phalacrocorax capillatus - filamentosus,Endotherm,2.750000000000000000,0.883,NA,40.55,temperature taken to be similar to that for the genus Phalacrocorax,"Ishikawa, K. & Y. Watanuki (2002) Sex and individual differences in foraging behavior of Japanese cormorants in years of different prey availability. J. Ethol. 20: 49-54.",0,
Phalacrocorax capillatus - filamentosus,Endotherm,2.750000000000000000,0.65,NA,40.55,temperature taken to be similar to that for the genus Phalacrocorax,"Ishikawa, K. & Y. Watanuki (2002) Sex and individual differences in foraging behavior of Japanese cormorants in years of different prey availability. J. Ethol. 20: 49-54.",0,
Phalacrocorax capillatus - filamentosus,Endotherm,2.750000000000000000,0.583,NA,40.55,temperature taken to be similar to that for the genus Phalacrocorax,"Ishikawa, K. & Y. Watanuki (2002) Sex and individual differences in foraging behavior of Japanese cormorants in years of different prey availability. J. Ethol. 20: 49-54.",0,
Phalacrocorax capillatus - filamentosus,Endotherm,2.750000000000000000,0.6,NA,40.55,temperature taken to be similar to that for the genus Phalacrocorax,"Ishikawa, K. & Y. Watanuki (2002) Sex and individual differences in foraging behavior of Japanese cormorants in years of different prey availability. J. Ethol. 20: 49-54.",0,
Phalacrocorax capillatus - filamentosus,Endotherm,2.750000000000000000,0.543,NA,40.55,temperature taken to be similar to that for the genus Phalacrocorax,"Kato, A., Y.Watanuki & Y. Naito (1998) Benthic and pelagic foraging of two japanese cormorants, determined by simultaneous recording of location and diving activity. Journal of Yamashina Institute of Ornithology 30: 101-108.",0,
Phalacrocorax capillatus - filamentosus,Endotherm,2.750000000000000000,0.37,NA,40.55,temperature taken to be similar to that for the genus Phalacrocorax,"Kato, A., Y.Watanuki & Y. Naito (1998) Benthic and pelagic foraging of two japanese cormorants, determined by simultaneous recording of location and diving activity. Journal of Yamashina Institute of Ornithology 30: 101-108.",0,
Phalacrocorax capillatus - filamentosus,Endotherm,3.200000000000000000,0.517,NA,40.55,temperature taken to be similar to that for the genus Phalacrocorax,"Kato, A., Y. Watanuki, P. Shaughnessy,Y. Le Maho & Y. Naito (1999) Intersexual differences in the diving behavior of foraging subantarctic cormorant (Phalacrocorax albiventer) and Japanese cormorant (P. filamentosus). C. R. Acad. Sci. Paris, Sciences de la vie / Life Sciences 322, 557?562",0,
Phalacrocorax capillatus - filamentosus,Endotherm,2.700000000000000000,0.367,NA,40.55,temperature taken to be similar to that for the genus Phalacrocorax,"Kato, A., Y. Watanuki, P. Shaughnessy,Y. Le Maho & Y. Naito (1999) Intersexual differences in the diving behavior of foraging subantarctic cormorant (Phalacrocorax albiventer) and Japanese cormorant (P. filamentosus). C. R. Acad. Sci. Paris, Sciences de la vie / Life Sciences 322, 557?562",0,
Phalacrocorax carbo,Endotherm,3.500000000000000000,0.7,1,39.8,"temperature value from: Clarke A, and Rothery P. 2008. Scaling of body temperature in mammals and birds. Functional Ecology 22:58-67. ","Gremillet, D., G. Kuntz, A.J. Woakes, C. Gilbert, J.P. Robin, Y. Le Maho & P.J. Butler (2005) Year-round recordings of behavioural and physiological parameters reveal the survival strategy of a poorly insulated diving endotherm during the Arctic winter. J. Exp. Biol. 208: 4231-4241.",0,
Phalacrocorax carbo,Endotherm,2.127000000000000000,0.543,1.183,39.8,"temperature value from: Clarke A, and Rothery P. 2008. Scaling of body temperature in mammals and birds. Functional Ecology 22:58-67. ","Cooper, J. (1986) Diving patterns of Cormorants Phalacrocoracidae. Ibis 128: 562-570.",0,
Phalacrocorax carbo,Endotherm,3.637000000000000000,0.332,1.233,39.8,"temperature value from: Clarke A, and Rothery P. 2008. Scaling of body temperature in mammals and birds. Functional Ecology 22:58-67. ","Ropert-Coudert, Y., A. Kato, N. Poulin, D. GrÇmillet & (2009) Leg?attached data loggers do not modify the diving performances of a foot?propelled seabird. Journal of Zoology 279: 294-297",0,
Phalacrocorax carbo,Endotherm,2.750000000000000000,0.533,1.467,39.8,"temperature value from: Clarke A, and Rothery P. 2008. Scaling of body temperature in mammals and birds. Functional Ecology 22:58-67. ","Gremillet, D., R.P. Wilson, S. Storch & Y. Gary (1999) Three-dimensional space utilization by a marine predator. Mar. Ecol. Prog. Ser. 183: 263-273.",0,
Phalacrocorax carbo,Endotherm,3.480000000000000000,0.85,NA,39.8,"temperature value from: Clarke A, and Rothery P. 2008. Scaling of body temperature in mammals and birds. Functional Ecology 22:58-67. ","Cooper, J. (1986) Diving patterns of Cormorants Phalacrocoracidae. Ibis 128: 562-570.",0,
Phalacrocorax carbo,Endotherm,2.626000000000000000,0.35,NA,39.8,"temperature value from: Clarke A, and Rothery P. 2008. Scaling of body temperature in mammals and birds. Functional Ecology 22:58-67. ","Cooper, J. (1986) Diving patterns of Cormorants Phalacrocoracidae. Ibis 128: 562-570.",0,
Phalacrocorax carbo,Endotherm,2.750000000000000000,0.467,NA,39.8,"temperature value from: Clarke A, and Rothery P. 2008. Scaling of body temperature in mammals and birds. Functional Ecology 22:58-67. ","Gremillet, D., G. Argentin, B. Schulte & B.M. Culik (1998) Flexible foraging techniques in breeding Cormorants Phalacrocorax carbo and Shags Phalacrocorax aristotelis: benthic or pelagic feeding? Ibis 140: 113-119.",0,
Phalacrocorax carbo,Endotherm,3.240000000000000000,0.377,NA,39.8,"temperature value from: Clarke A, and Rothery P. 2008. Scaling of body temperature in mammals and birds. Functional Ecology 22:58-67. ","Kato, A.. Y. Riopert-Coudert, D. Gremillet & B. Cannell (2006) Locomotion and foraging strategy in foot-propelled and wing-propelled shallow-diving seabirds. Mar. Ecol. Prog. Ser. 308: 293-301.",0,
Phalacrocorax carbo,Endotherm,3.240000000000000000,0.315,NA,39.8,"temperature value from: Clarke A, and Rothery P. 2008. Scaling of body temperature in mammals and birds. Functional Ecology 22:58-67. ","Kato, A.. Y. Riopert-Coudert, D. Gremillet & B. Cannell (2006) Locomotion and foraging strategy in foot-propelled and wing-propelled shallow-diving seabirds. Mar. Ecol. Prog. Ser. 308: 293-301.",0,
Phalacrocorax carbo,Endotherm,3.240000000000000000,0.37,NA,39.8,"temperature value from: Clarke A, and Rothery P. 2008. Scaling of body temperature in mammals and birds. Functional Ecology 22:58-67. ","Kato, A.. Y. Riopert-Coudert, D. Gremillet & B. Cannell (2006) Locomotion and foraging strategy in foot-propelled and wing-propelled shallow-diving seabirds. Mar. Ecol. Prog. Ser. 308: 293-301.",0,
Phalacrocorax carbo,Endotherm,3.240000000000000000,0.26,NA,39.8,"temperature value from: Clarke A, and Rothery P. 2008. Scaling of body temperature in mammals and birds. Functional Ecology 22:58-67. ","Kato, A.. Y. Riopert-Coudert, D. Gremillet & B. Cannell (2006) Locomotion and foraging strategy in foot-propelled and wing-propelled shallow-diving seabirds. Mar. Ecol. Prog. Ser. 308: 293-301.",0,
Phalacrocorax carbo,Endotherm,3.240000000000000000,0.2167,NA,39.8,"temperature value from: Clarke A, and Rothery P. 2008. Scaling of body temperature in mammals and birds. Functional Ecology 22:58-67. ","Kato, A.. Y. Riopert-Coudert, D. Gremillet & B. Cannell (2006) Locomotion and foraging strategy in foot-propelled and wing-propelled shallow-diving seabirds. Mar. Ecol. Prog. Ser. 308: 293-301.",0,
Phalacrocorax carbo,Endotherm,3.240000000000000000,0.2967,NA,39.8,"temperature value from: Clarke A, and Rothery P. 2008. Scaling of body temperature in mammals and birds. Functional Ecology 22:58-67. ","Kato, A.. Y. Riopert-Coudert, D. Gremillet & B. Cannell (2006) Locomotion and foraging strategy in foot-propelled and wing-propelled shallow-diving seabirds. Mar. Ecol. Prog. Ser. 308: 293-301.",0,
Phalacrocorax carbo,Endotherm,2.630000000000000000,0.37,NA,39.8,"temperature value from: Clarke A, and Rothery P. 2008. Scaling of body temperature in mammals and birds. Functional Ecology 22:58-67. ","Kato, A.. Y. Riopert-Coudert, D. Gremillet & B. Cannell (2006) Locomotion and foraging strategy in foot-propelled and wing-propelled shallow-diving seabirds. Mar. Ecol. Prog. Ser. 308: 293-301.",0,
Phalacrocorax carbo,Endotherm,2.630000000000000000,0.34,NA,39.8,"temperature value from: Clarke A, and Rothery P. 2008. Scaling of body temperature in mammals and birds. Functional Ecology 22:58-67. ","Kato, A.. Y. Riopert-Coudert, D. Gremillet & B. Cannell (2006) Locomotion and foraging strategy in foot-propelled and wing-propelled shallow-diving seabirds. Mar. Ecol. Prog. Ser. 308: 293-301.",0,
Phalacrocorax carbo,Endotherm,2.630000000000000000,0.428,NA,39.8,"temperature value from: Clarke A, and Rothery P. 2008. Scaling of body temperature in mammals and birds. Functional Ecology 22:58-67. ","Kato, A.. Y. Riopert-Coudert, D. Gremillet & B. Cannell (2006) Locomotion and foraging strategy in foot-propelled and wing-propelled shallow-diving seabirds. Mar. Ecol. Prog. Ser. 308: 293-301.",0,
Phalacrocorax carbo,Endotherm,2.630000000000000000,0.2617,NA,39.8,"temperature value from: Clarke A, and Rothery P. 2008. Scaling of body temperature in mammals and birds. Functional Ecology 22:58-67. ","Kato, A.. Y. Riopert-Coudert, D. Gremillet & B. Cannell (2006) Locomotion and foraging strategy in foot-propelled and wing-propelled shallow-diving seabirds. Mar. Ecol. Prog. Ser. 308: 293-301.",0,
Phalacrocorax carbo,Endotherm,2.630000000000000000,0.2683,NA,39.8,"temperature value from: Clarke A, and Rothery P. 2008. Scaling of body temperature in mammals and birds. Functional Ecology 22:58-67. ","Kato, A.. Y. Riopert-Coudert, D. Gremillet & B. Cannell (2006) Locomotion and foraging strategy in foot-propelled and wing-propelled shallow-diving seabirds. Mar. Ecol. Prog. Ser. 308: 293-301.",0,
Phalacrocorax carbo,Endotherm,2.630000000000000000,0.2767,NA,39.8,"temperature value from: Clarke A, and Rothery P. 2008. Scaling of body temperature in mammals and birds. Functional Ecology 22:58-67. ","Kato, A.. Y. Riopert-Coudert, D. Gremillet & B. Cannell (2006) Locomotion and foraging strategy in foot-propelled and wing-propelled shallow-diving seabirds. Mar. Ecol. Prog. Ser. 308: 293-301.",0,
Phalacrocorax carbo,Endotherm,2.750000000000000000,0.352,NA,39.8,"temperature value from: Clarke A, and Rothery P. 2008. Scaling of body temperature in mammals and birds. Functional Ecology 22:58-67. ","Lea SEG, Daley C, Boddington PJC, Morison V. 1996. Diving patterns in shags and cormorants (Phalacrocorax): tests of an optimal breathing model. Ibis 138: 391-398",0,
Phalacrocorax carbo,Endotherm,3.504000000000000000,0.363,NA,39.8,"temperature value from: Clarke A, and Rothery P. 2008. Scaling of body temperature in mammals and birds. Functional Ecology 22:58-67. ","Ropert-Coudert, Y., D. GrÇmillet & A. Kato (2006) Swim speeds of free-ranging great cormorants. Mar. Biol. 149: 415-422.",0,
Phalacrocorax carbo,Endotherm,2.750000000000000000,0.397,NA,39.8,"temperature value from: Clarke A, and Rothery P. 2008. Scaling of body temperature in mammals and birds. Functional Ecology 22:58-67. ","Ropert-Coudert, Y., D. GrÇmillet & A. Kato (2006) Swim speeds of free-ranging great cormorants. Mar. Biol. 149: 415-422.",0,
Phalacrocorax featherstoni,Endotherm,1.000000000000000000,0.503,NA,40.55,temperature taken to be similar to that for the genus Phalacrocorax,"Halsey, L.G., P.J. Butler & T.M. Blackburn (2006) A phylogenetic analysis of the allometry of diving. Am. Nat. 167: 276-287.",0,
Phalacrocorax gaimardii,Endotherm,1.350000000000000000,0.467,0.55,40.55,temperature taken to be similar to that for the genus Phalacrocorax,"Frere, E., F. Quintana & P. Gandini (2002) Diving behavior of the red-legged cormorant in southeastern Patagonia, Argentina. Condor 104: 440-444.",0,
Phalacrocorax gaimardii,Endotherm,1.350000000000000000,0.408,0.783,40.55,temperature taken to be similar to that for the genus Phalacrocorax,"Frere, E., F. Quintana & P. Gandini (2002) Diving behavior of the red-legged cormorant in southeastern Patagonia, Argentina. Condor 104: 440-444.",0,
Phalacrocorax gaimardii,Endotherm,1.350000000000000000,0.42,0.933,40.55,temperature taken to be similar to that for the genus Phalacrocorax,"Frere, E., F. Quintana & P. Gandini (2002) Diving behavior of the red-legged cormorant in southeastern Patagonia, Argentina. Condor 104: 440-444.",0,
Phalacrocorax gaimardii,Endotherm,1.350000000000000000,0.437,0.95,40.55,temperature taken to be similar to that for the genus Phalacrocorax,"Frere, E., F. Quintana & P. Gandini (2002) Diving behavior of the red-legged cormorant in southeastern Patagonia, Argentina. Condor 104: 440-444.",0,
Phalacrocorax gaimardii,Endotherm,1.350000000000000000,0.513,1.033,40.55,temperature taken to be similar to that for the genus Phalacrocorax,"Frere, E., F. Quintana & P. Gandini (2002) Diving behavior of the red-legged cormorant in southeastern Patagonia, Argentina. Condor 104: 440-444.",0,
Phalacrocorax gaimardii,Endotherm,1.300000000000000000,0.427,1.183,40.55,temperature taken to be similar to that for the genus Phalacrocorax,"Cooper, J. (1986) Diving patterns of Cormorants Phalacrocoracidae. Ibis 128: 562-570.",0,
Phalacrocorax georgianus,Endotherm,2.546500000000000000,2.173,4.6,40.55,temperature taken to be similar to that for the genus Phalacrocorax,"Wanless, S. & M.P. Harris (1993) Use of Mutually Exclusive Foraging Areas by Adjacent Colonies of Blue-Eyed Shags (Phalacrocorax atriceps) at South Georgia. Colonial Waterbirds 16: 176-182.",0,
Phalacrocorax georgianus,Endotherm,2.390000000000000000,1.417,4.783,40.55,temperature taken to be similar to that for the genus Phalacrocorax,"Bevan, R.M., I.L. Boyd, P.J. Butler, K. Reid, A.J. Woakes & J.P. Croxall (1997) Heart rates and abdominal temperatures of free-ranging South Georgia Shags. J. Exp. Biol. 200: 661?675.",0,
Phalacrocorax georgianus,Endotherm,2.703000000000000000,3.267,5.2,40.55,temperature taken to be similar to that for the genus Phalacrocorax,"Croxall, J.P., Y. Naito, A. Kato, P. Rothery & D.R. Briggs (1991) Diving patterns and performance in the Antarctic Blue-eyed Shag Phalacrocorax atriceps. J. Zool. (Lond.) 225: 177-200.",0,
Phalacrocorax georgianus,Endotherm,2.546500000000000000,NA,6.333,40.55,temperature taken to be similar to that for the genus Phalacrocorax,"Wanless, S., M.P. Harris & J. Morris (1992) Diving behaviour and diet of the blue-eyed shag at South Georgia. Polar Biol. 12: 713-719.",0,
Phalacrocorax lucidus,Endotherm,2.592000000000000000,0.2333,0.5,40.55,temperature taken to be similar to that for the genus Phalacrocorax,"Cooper, J. (1986) Diving patterns of Cormorants Phalacrocoracidae. Ibis 128: 562-570.",0,
Phalacrocorax lucidus,Endotherm,2.592000000000000000,0.425,NA,40.55,temperature taken to be similar to that for the genus Phalacrocorax,"Ryan, P. (2007) Diving in shallow water: the foraging ecology of darters (Aves: Anhingidae). J. Avian Biol. 38: 507-514.",0,
Phalacrocorax lucidus,Endotherm,2.592000000000000000,0.332,NA,40.55,temperature taken to be similar to that for the genus Phalacrocorax,"Ryan, P. (2007) Diving in shallow water: the foraging ecology of darters (Aves: Anhingidae). J. Avian Biol. 38: 507-514.",0,
Phalacrocorax magellanicus,Endotherm,1.475000000000000000,0.7,NA,40.55,temperature taken to be similar to that for the genus Phalacrocorax,"Sapoznikov, A. & F. Quintana (2003) Foraging Behavior and Feeding Locations of Imperial Cormorants and Rock Shags Breeding Sympatrically in Patagonia, Argentina.  Waterbirds 26: 184-191.",0,
Phalacrocorax magellanicus,Endotherm,1.475000000000000000,0.833,NA,40.55,temperature taken to be similar to that for the genus Phalacrocorax,"Sapoznikov, A. & F. Quintana (2003) Foraging Behavior and Feeding Locations of Imperial Cormorants and Rock Shags Breeding Sympatrically in Patagonia, Argentina.  Waterbirds 26: 184-191.",0,
Phalacrocorax magellanicus,Endotherm,1.475000000000000000,0.472,NA,40.55,temperature taken to be similar to that for the genus Phalacrocorax,"Wanless, S. & M.P. Harris (1991) Diving Patterns of Full-Grown and Juvenile Rock Shags. The Condor 93: 44-48.",0,
Phalacrocorax melanogenis,Endotherm,2.230000000000000000,0.67,1.467,40.55,temperature taken to be similar to that for the genus Phalacrocorax,"Cooper, J. (1986) Diving patterns of Cormorants Phalacrocoracidae. Ibis 128: 562-570.",0,
Phalacrocorax melanogenis,Endotherm,2.112000000000000000,1.4,2.633,40.55,temperature taken to be similar to that for the genus Phalacrocorax,"Cook, T.R., Y. Cherel, C.A. Bost & Y. Tremblay (2007) Chick-rearing Crozet shags (Phalacrocorax melanogenis) display sex-specific foraging behaviour. Antarct. Sci.  19: 55-63.",0,
Phalacrocorax melanogenis,Endotherm,2.542000000000000000,2.067,4.667,40.55,temperature taken to be similar to that for the genus Phalacrocorax,"Cook, T.R., Y. Cherel, C.A. Bost & Y. Tremblay (2007) Chick-rearing Crozet shags (Phalacrocorax melanogenis) display sex-specific foraging behaviour. Antarct. Sci.  19: 55-63.",0,
Phalacrocorax melanoleucos,Endotherm,0.731000000000000000,0.2667,NA,40.55,temperature taken to be similar to that for the genus Phalacrocorax,"Cooper, J. (1986) Diving patterns of Cormorants Phalacrocoracidae. Ibis 128: 562-570.",0,
Phalacrocorax melanoleucos,Endotherm,0.780000000000000000,0.337,NA,40.55,temperature taken to be similar to that for the genus Phalacrocorax,"Lea SEG, Daley C, Boddington PJC, Morison V. 1996. Diving patterns in shags and cormorants (Phalacrocorax): tests of an optimal breathing model. Ibis 138: 391-398",0,
Phalacrocorax melanoleucos,Endotherm,0.780000000000000000,0.1133,NA,40.55,temperature taken to be similar to that for the genus Phalacrocorax,"Trayler, K.M., D.J. Brothers, R.D. Wooler & I.C. Potter (1989) Opportunistic foraging by three species of cormorants in an Australian estuary. J. Zool. (Lond.) 218: 87-98.",0,
Phalacrocorax melanoleucos,Endotherm,0.780000000000000000,0.2083,NA,40.55,temperature taken to be similar to that for the genus Phalacrocorax,"Trayler, K.M., D.J. Brothers, R.D. Wooler & I.C. Potter (1989) Opportunistic foraging by three species of cormorants in an Australian estuary. J. Zool. (Lond.) 218: 87-98.",0,
Phalacrocorax neglectus,Endotherm,1.922500000000000000,0.48,0.63,40.55,temperature taken to be similar to that for the genus Phalacrocorax,"Cooper, J. (1986) Diving patterns of Cormorants Phalacrocoracidae. Ibis 128: 562-570.",0,
Phalacrocorax niger,Endotherm,0.444670000000000000,0.1743,NA,40.55,temperature taken to be similar to that for the genus Phalacrocorax,"Zeenath, C. & V.J. Zacharias (2010) Foraging behaviour and diving pattern of Little Cormorant Phalacrocorax niger (Vieillot) (Pelecaniformes: Phalacrocoracidae) at Kallampara backwaters, Kerala, India. Journal of Threatened Taxa 2: 1382-1386.",0,
Phalacrocorax pelagicus,Endotherm,1.884000000000000000,0.755,1.007,40.55,temperature taken to be similar to that for the genus Phalacrocorax,"Cooper, J. (1986) Diving patterns of Cormorants Phalacrocoracidae. Ibis 128: 562-570.",0,
Phalacrocorax pelagicus,Endotherm,1.868000000000000000,0.522,NA,40.55,temperature taken to be similar to that for the genus Phalacrocorax,"Cooper, J. (1986) Diving patterns of Cormorants Phalacrocoracidae. Ibis 128: 562-570.",0,
Phalacrocorax pelagicus,Endotherm,1.884000000000000000,0.582,NA,40.55,temperature taken to be similar to that for the genus Phalacrocorax,"Cooper, J. (1986) Diving patterns of Cormorants Phalacrocoracidae. Ibis 128: 562-570.",0,
Phalacrocorax penicillatus,Endotherm,2.500000000000000000,0.7,NA,40.55,temperature taken to be similar to that for the genus Phalacrocorax,"Cooper, J. (1986) Diving patterns of Cormorants Phalacrocoracidae. Ibis 128: 562-570.",0,
Phalacrocorax punctatus,Endotherm,1.275000000000000000,0.5,NA,40.55,temperature taken to be similar to that for the genus Phalacrocorax,"Cooper, J. (1986) Diving patterns of Cormorants Phalacrocoracidae. Ibis 128: 562-570.",0,
Phalacrocorax purpurascens,Endotherm,2.520000000000000000,0.463,1.667,40.55,temperature taken to be similar to that for the genus Phalacrocorax,"Kato, A., Y. Watanuki, I. Nishiumi, M. Kuroki, P. Shaughnessy & Y. Naito (2000) Variation in foraging and parental behavior of king cormorants. Auk 117: 718-730.",0,
Phalacrocorax purpurascens,Endotherm,2.480000000000000000,1.602,2.333,40.55,temperature taken to be similar to that for the genus Phalacrocorax,"Kato, A., Y. Watanuki, I. Nishiumi, M. Kuroki, P. Shaughnessy & Y. Naito (2000) Variation in foraging and parental behavior of king cormorants. Auk 117: 718-730.",0,
Phalacrocorax purpurascens,Endotherm,3.000000000000000000,1.5,3,40.55,temperature taken to be similar to that for the genus Phalacrocorax,"Kato, A., Y. Naito, Y. Watanuki  & P.D. Shaughnessy (1996). Diving pattern and stomach temperatures of foraging king cormorants at subantarctic Macquarie Island. Condor 98: 844-848.",0,
Phalacrocorax purpurascens,Endotherm,3.200000000000000000,2.5,3.3,40.55,temperature taken to be similar to that for the genus Phalacrocorax,"Kato, A., Y. Naito, Y. Watanuki  & P.D. Shaughnessy (1996). Diving pattern and stomach temperatures of foraging king cormorants at subantarctic Macquarie Island. Condor 98: 844-848.",0,
Phalacrocorax purpurascens,Endotherm,3.100000000000000000,2.433,3.383,40.55,temperature taken to be similar to that for the genus Phalacrocorax,"Kato, A., Y. Naito, Y. Watanuki  & P.D. Shaughnessy (1996). Diving pattern and stomach temperatures of foraging king cormorants at subantarctic Macquarie Island. Condor 98: 844-848.",0,
Phalacrocorax purpurascens,Endotherm,2.900000000000000000,1.8,NA,40.55,temperature taken to be similar to that for the genus Phalacrocorax,"Kato, A., Y. Watanuki, P. Shaughnessy,Y. Le Maho & Y. Naito (1999) Intersexual differences in the diving behavior of foraging subantarctic cormorant (Phalacrocorax albiventer) and Japanese cormorant (P. filamentosus). C. R. Acad. Sci. Paris, Sciences de la vie / Life Sciences 322, 557?562",0,
Phalacrocorax purpurascens,Endotherm,2.500000000000000000,1.117,NA,40.55,temperature taken to be similar to that for the genus Phalacrocorax,"Kato, A., Y. Watanuki, P. Shaughnessy,Y. Le Maho & Y. Naito (1999) Intersexual differences in the diving behavior of foraging subantarctic cormorant (Phalacrocorax albiventer) and Japanese cormorant (P. filamentosus). C. R. Acad. Sci. Paris, Sciences de la vie / Life Sciences 322, 557?562",0,
Phalacrocorax pygmaeus,Endotherm,0.700000000000000000,0.583,NA,40.55,temperature taken to be similar to that for the genus Phalacrocorax,"Halsey, L.G., P.J. Butler & T.M. Blackburn (2006) A phylogenetic analysis of the allometry of diving. Am. Nat. 167: 276-287.",0,
Phalacrocorax sulcirostris,Endotherm,0.865000000000000000,0.2233,NA,40.55,temperature taken to be similar to that for the genus Phalacrocorax,"Trayler, K.M., D.J. Brothers, R.D. Wooler & I.C. Potter (1989) Opportunistic foraging by three species of cormorants in an Australian estuary. J. Zool. (Lond.) 218: 87-98.",0,
Phalacrocorax sulcirostris,Endotherm,0.865000000000000000,0.322,NA,40.55,temperature taken to be similar to that for the genus Phalacrocorax,"Trayler, K.M., D.J. Brothers, R.D. Wooler & I.C. Potter (1989) Opportunistic foraging by three species of cormorants in an Australian estuary. J. Zool. (Lond.) 218: 87-98.",0,
Phalacrocorax varius,Endotherm,1.970000000000000000,0.442,NA,40.55,temperature taken to be similar to that for the genus Phalacrocorax,"Lea SEG, Daley C, Boddington PJC, Morison V. 1996. Diving patterns in shags and cormorants (Phalacrocorax): tests of an optimal breathing model. Ibis 138: 391-398",0,
Phalacrocorax varius,Endotherm,1.970000000000000000,0.2883,NA,40.55,temperature taken to be similar to that for the genus Phalacrocorax,"Trayler, K.M., D.J. Brothers, R.D. Wooler & I.C. Potter (1989) Opportunistic foraging by three species of cormorants in an Australian estuary. J. Zool. (Lond.) 218: 87-98.",0,
Phalacrocorax varius,Endotherm,1.970000000000000000,0.413,NA,40.55,temperature taken to be similar to that for the genus Phalacrocorax,"Trayler, K.M., D.J. Brothers, R.D. Wooler & I.C. Potter (1989) Opportunistic foraging by three species of cormorants in an Australian estuary. J. Zool. (Lond.) 218: 87-98.",0,
Phalacrocorax verrucosus,Endotherm,1.552000000000000000,NA,1.8,40.55,temperature taken to be similar to that for the genus Phalacrocorax,"Cook, T. (2008) Ecologie des oiseaux plongeurs (Phalacrocorax spp.) : rÇponses Çcophysiologiques, comportementales et sexuelles aux variations de l'environnement. PhD Thesis, 5 juin 2008, UniversitÇ de La Rochelle. 258pp.",0,
Phalacrocorax verrucosus,Endotherm,1.890000000000000000,0.883,2.567,40.55,temperature taken to be similar to that for the genus Phalacrocorax,"Watanabe, Y., A. Takahashi, K. Sato, M. Viviant & C. Bost (2011) Poor flight performance in deep-diving cormorants. J. Exp. Biol. 214: 412-421.",0,
Phalacrocorax verrucosus,Endotherm,1.994000000000000000,NA,3.25,40.55,temperature taken to be similar to that for the genus Phalacrocorax,"Cook, T. (2008) Ecologie des oiseaux plongeurs (Phalacrocorax spp.) : rÇponses Çcophysiologiques, comportementales et sexuelles aux variations de l'environnement. PhD Thesis, 5 juin 2008, UniversitÇ de La Rochelle. 258pp.",0,
Phalacrocorax verrucosus,Endotherm,1.842000000000000000,NA,3.267,40.55,temperature taken to be similar to that for the genus Phalacrocorax,"Cook, T. (2008) Ecologie des oiseaux plongeurs (Phalacrocorax spp.) : rÇponses Çcophysiologiques, comportementales et sexuelles aux variations de l'environnement. PhD Thesis, 5 juin 2008, UniversitÇ de La Rochelle. 258pp.",0,
Phalacrocorax verrucosus,Endotherm,2.614000000000000000,NA,5.017,40.55,temperature taken to be similar to that for the genus Phalacrocorax,"Cook, T. (2008) Ecologie des oiseaux plongeurs (Phalacrocorax spp.) : rÇponses Çcophysiologiques, comportementales et sexuelles aux variations de l'environnement. PhD Thesis, 5 juin 2008, UniversitÇ de La Rochelle. 258pp.",0,
Phalacrocorax verrucosus,Endotherm,2.450000000000000000,1.833,5.1,40.55,temperature taken to be similar to that for the genus Phalacrocorax,"Watanabe, Y., A. Takahashi, K. Sato, M. Viviant & C. Bost (2011) Poor flight performance in deep-diving cormorants. J. Exp. Biol. 214: 412-421.",0,
Phalacrocorax verrucosus,Endotherm,2.800000000000000000,NA,5.633,40.55,temperature taken to be similar to that for the genus Phalacrocorax,"Cook, T. (2008) Ecologie des oiseaux plongeurs (Phalacrocorax spp.) : rÇponses Çcophysiologiques, comportementales et sexuelles aux variations de l'environnement. PhD Thesis, 5 juin 2008, UniversitÇ de La Rochelle. 258pp.",0,
Phoca hispida females,Endotherm,51.000000000000000000,2,18.9,36.7, temperature taken to be similar to the mean body temperature of Phocidae,"Kelly, B.P. & D. Wartzok (1996) Ringed seal diving behavior in the breeding season. Can J. Zool. 74: 1547-1555.",0,
Phoca hispida females,Endotherm,76.000000000000000000,8.1,21.6,36.7, temperature taken to be similar to the mean body temperature of Phocidae,"Kelly, B.P. & D. Wartzok (1996) Ringed seal diving behavior in the breeding season. Can J. Zool. 74: 1547-1555.",0,
Phoca hispida females,Endotherm,80.000000000000000000,6.2,22.6,36.7, temperature taken to be similar to the mean body temperature of Phocidae,"Kelly, B.P. & D. Wartzok (1996) Ringed seal diving behavior in the breeding season. Can J. Zool. 74: 1547-1555.",0,
Phoca hispida females,Endotherm,62.500000000000000000,7.1,22.8,36.7, temperature taken to be similar to the mean body temperature of Phocidae,"HyvÑrinen, H., HÑmÑlÑinen, E., & Kunnasranta, M. (1995). Diving behavior of the Saimaa ringed seal (Phoca hispida saimensis Nordq.). Marine Mammal Science, 11(3), 324-334.",0,
Phoca hispida females,Endotherm,103.000000000000000000,7.4,26.4,36.7, temperature taken to be similar to the mean body temperature of Phocidae,"Kelly, B.P. & D. Wartzok (1996) Ringed seal diving behavior in the breeding season. Can J. Zool. 74: 1547-1555.",0,
Phoca hispida Juveniles,Endotherm,16.000000000000000000,1.1,1.5,36.7, temperature taken to be similar to the mean body temperature of Phocidae,"Kelly, B.P. & D. Wartzok (1996) Ringed seal diving behavior in the breeding season. Can J. Zool. 74: 1547-1555.",0,
Phoca hispida Juveniles,Endotherm,39.000000000000000000,1.4,5.4,36.7, temperature taken to be similar to the mean body temperature of Phocidae,"Kelly, B.P. & D. Wartzok (1996) Ringed seal diving behavior in the breeding season. Can J. Zool. 74: 1547-1555.",0,
Phoca hispida Juveniles,Endotherm,17.100000000000000000,0.85,5.833,36.7, temperature taken to be similar to the mean body temperature of Phocidae,"Lydersen, C. & M.O. Hammill (1993) Diving in ringed seal (Phoca hispida) pups during the nursing period. Can. J. Zool. 71: 991-996.",0,
Phoca hispida Juveniles,Endotherm,15.800000000000000000,0.683,7.5,36.7, temperature taken to be similar to the mean body temperature of Phocidae,"Lydersen, C. & M.O. Hammill (1993) Diving in ringed seal (Phoca hispida) pups during the nursing period. Can. J. Zool. 71: 991-996.",0,
Phoca hispida Juveniles,Endotherm,30.000000000000000000,2.3,9.1,36.7, temperature taken to be similar to the mean body temperature of Phocidae,"Kelly, B.P. & D. Wartzok (1996) Ringed seal diving behavior in the breeding season. Can J. Zool. 74: 1547-1555.",0,
Phoca hispida Juveniles,Endotherm,37.000000000000000000,2.2,11.5,36.7, temperature taken to be similar to the mean body temperature of Phocidae,"Kelly, B.P. & D. Wartzok (1996) Ringed seal diving behavior in the breeding season. Can J. Zool. 74: 1547-1555.",0,
Phoca hispida Juveniles,Endotherm,17.200000000000000000,1.15,12,36.7, temperature taken to be similar to the mean body temperature of Phocidae,"Lydersen, C. & M.O. Hammill (1993) Diving in ringed seal (Phoca hispida) pups during the nursing period. Can. J. Zool. 71: 991-996.",0,
Phoca hispida Males,Endotherm,58.000000000000000000,4,12.3,36.7, temperature taken to be similar to the mean body temperature of Phocidae,"HyvÑrinen, H., HÑmÑlÑinen, E., & Kunnasranta, M. (1995). Diving behavior of the Saimaa ringed seal (Phoca hispida saimensis Nordq.). Marine Mammal Science, 11(3), 324-334.",0,
Phoca hispida Males,Endotherm,66.000000000000000000,5.5,13.4,36.7, temperature taken to be similar to the mean body temperature of Phocidae,"Kelly, B.P. & D. Wartzok (1996) Ringed seal diving behavior in the breeding season. Can J. Zool. 74: 1547-1555.",0,
Phoca hispida Males,Endotherm,48.000000000000000000,5.6,15.2,36.7, temperature taken to be similar to the mean body temperature of Phocidae,"Kelly, B.P. & D. Wartzok (1996) Ringed seal diving behavior in the breeding season. Can J. Zool. 74: 1547-1555.",0,
Phoca hispida Males,Endotherm,57.000000000000000000,8.2,16.8,36.7, temperature taken to be similar to the mean body temperature of Phocidae,"Kelly, B.P. & D. Wartzok (1996) Ringed seal diving behavior in the breeding season. Can J. Zool. 74: 1547-1555.",0,
Phoca hispida Males,Endotherm,61.000000000000000000,4.3,17.1,36.7, temperature taken to be similar to the mean body temperature of Phocidae,"HyvÑrinen, H., E. HÑmÑlÑinen & M. Kunnasranta (1995) Diving behaviour of the Saimaa ringed seal (Phoca hispida saimensis Nordq.). Mar. Mammal Sci. 11: 324-334.",0,
Phoca hispida Males,Endotherm,57.000000000000000000,6.3,18.6,36.7, temperature taken to be similar to the mean body temperature of Phocidae,"HyvÑrinen, H., HÑmÑlÑinen, E., & Kunnasranta, M. (1995). Diving behavior of the Saimaa ringed seal (Phoca hispida saimensis Nordq.). Marine Mammal Science, 11(3), 324-334.",0,
Phoca hispida Males,Endotherm,70.000000000000000000,5.6,21,36.7, temperature taken to be similar to the mean body temperature of Phocidae,"HyvÑrinen, H., HÑmÑlÑinen, E., & Kunnasranta, M. (1995). Diving behavior of the Saimaa ringed seal (Phoca hispida saimensis Nordq.). Marine Mammal Science, 11(3), 324-334.",0,
Phoca hispida Males,Endotherm,70.000000000000000000,9,21.4,36.7, temperature taken to be similar to the mean body temperature of Phocidae,"Kelly, B.P. & D. Wartzok (1996) Ringed seal diving behavior in the breeding season. Can J. Zool. 74: 1547-1555.",0,
Phoca hispida Males,Endotherm,95.000000000000000000,2,22.3,36.7, temperature taken to be similar to the mean body temperature of Phocidae,"Kelly, B.P. & D. Wartzok (1996) Ringed seal diving behavior in the breeding season. Can J. Zool. 74: 1547-1555.",0,
Phoca sibirica females,Endotherm,54.600000000000000000,5.7,NA,36.7, temperature taken to be similar to the mean body temperature of Phocidae,"Watanabe, Y., E.A. Baranov, K. Sato, Y. Naito & N. Miyazaki (2004) Foraging tactics of Baikal seals differ between day and night. Mar. Ecol. Prog. Ser. 279: 283-289.",0,
Phoca sibirica females,Endotherm,54.600000000000000000,5.6,NA,36.7, temperature taken to be similar to the mean body temperature of Phocidae,"Watanabe, Y., E.A. Baranov, K. Sato, Y. Naito & N. Miyazaki (2004) Foraging tactics of Baikal seals differ between day and night. Mar. Ecol. Prog. Ser. 279: 283-289.",0,
Phoca sibirica females,Endotherm,72.800000000000000000,5.4,NA,36.7, temperature taken to be similar to the mean body temperature of Phocidae,"Watanabe, Y., E.A. Baranov, K. Sato, Y. Naito & N. Miyazaki (2004) Foraging tactics of Baikal seals differ between day and night. Mar. Ecol. Prog. Ser. 279: 283-289.",0,
Phoca sibirica females,Endotherm,72.800000000000000000,8.2,NA,36.7, temperature taken to be similar to the mean body temperature of Phocidae,"Watanabe, Y., E.A. Baranov, K. Sato, Y. Naito & N. Miyazaki (2004) Foraging tactics of Baikal seals differ between day and night. Mar. Ecol. Prog. Ser. 279: 283-289.",0,
Phoca sibirica Juveniles,Endotherm,28.500000000000000000,3.967,NA,36.7, temperature taken to be similar to the mean body temperature of Phocidae,"Stewart, B. S., Petrov, E. A., Baranov, E. A., & Ivanov, A. T. M. (1996). Seasonal movements and dive patterns of juvenile Baikal seals, Phoca sibirica. Marine Mammal Science, 12(4), 528-542.",0,
Phoca vitulina Females,Endotherm,78.000000000000000000,1.1,2.5,36.3,"temperature value from: Clarke A, and Rothery P. 2008. Scaling of body temperature in mammals and birds. Functional Ecology 22:58-67. ","Bowen, W. D., D.J. Boness & S.J. Iverson (1999) Diving behaviour of lactating harbour seals and their pups during maternal foraging trips. Can. J. Zool. 77: 978?988.",0,
Phoca vitulina Females,Endotherm,105.500000000000000000,1.2,2.7,36.3,"temperature value from: Clarke A, and Rothery P. 2008. Scaling of body temperature in mammals and birds. Functional Ecology 22:58-67. ","Bowen, W. D., D.J. Boness & S.J. Iverson (1999) Diving behaviour of lactating harbour seals and their pups during maternal foraging trips. Can. J. Zool. 77: 978?988.",0,
Phoca vitulina Females,Endotherm,79.500000000000000000,1,2.8,36.3,"temperature value from: Clarke A, and Rothery P. 2008. Scaling of body temperature in mammals and birds. Functional Ecology 22:58-67. ","Bowen, W. D., D.J. Boness & S.J. Iverson (1999) Diving behaviour of lactating harbour seals and their pups during maternal foraging trips. Can. J. Zool. 77: 978?988.",0,
Phoca vitulina Females,Endotherm,87.000000000000000000,1.5,3,36.3,"temperature value from: Clarke A, and Rothery P. 2008. Scaling of body temperature in mammals and birds. Functional Ecology 22:58-67. ","Bowen, W. D., D.J. Boness & S.J. Iverson (1999) Diving behaviour of lactating harbour seals and their pups during maternal foraging trips. Can. J. Zool. 77: 978?988.",0,
Phoca vitulina Females,Endotherm,81.000000000000000000,1.3,3.5,36.3,"temperature value from: Clarke A, and Rothery P. 2008. Scaling of body temperature in mammals and birds. Functional Ecology 22:58-67. ","Bowen, W. D., D.J. Boness & S.J. Iverson (1999) Diving behaviour of lactating harbour seals and their pups during maternal foraging trips. Can. J. Zool. 77: 978?988.",0,
Phoca vitulina Females,Endotherm,90.500000000000000000,1.4,4.2,36.3,"temperature value from: Clarke A, and Rothery P. 2008. Scaling of body temperature in mammals and birds. Functional Ecology 22:58-67. ","Bowen, W. D., D.J. Boness & S.J. Iverson (1999) Diving behaviour of lactating harbour seals and their pups during maternal foraging trips. Can. J. Zool. 77: 978?988.",0,
Phoca vitulina Females,Endotherm,97.000000000000000000,1.8,4.3,36.3,"temperature value from: Clarke A, and Rothery P. 2008. Scaling of body temperature in mammals and birds. Functional Ecology 22:58-67. ","Bowen, W. D., D.J. Boness & S.J. Iverson (1999) Diving behaviour of lactating harbour seals and their pups during maternal foraging trips. Can. J. Zool. 77: 978?988.",0,
Phoca vitulina Females,Endotherm,77.000000000000000000,1.8,4.5,36.3,"temperature value from: Clarke A, and Rothery P. 2008. Scaling of body temperature in mammals and birds. Functional Ecology 22:58-67. ","Bowen, W. D., D.J. Boness & S.J. Iverson (1999) Diving behaviour of lactating harbour seals and their pups during maternal foraging trips. Can. J. Zool. 77: 978?988.",0,
Phoca vitulina Females,Endotherm,62.600000000000000000,2.5,4.5,36.3,"temperature value from: Clarke A, and Rothery P. 2008. Scaling of body temperature in mammals and birds. Functional Ecology 22:58-67. ","Eguchi, T. & J.T. Harvey (2005) Diving behavior of the Pacific harbor seal (Phoca vitulina richardii) in Monterey Bay, California. Mar. Mammal Sci. 21: 283-295.",0,
Phoca vitulina Females,Endotherm,90.000000000000000000,1.5,5.3,36.3,"temperature value from: Clarke A, and Rothery P. 2008. Scaling of body temperature in mammals and birds. Functional Ecology 22:58-67. ","Bowen, W. D., D.J. Boness & S.J. Iverson (1999) Diving behaviour of lactating harbour seals and their pups during maternal foraging trips. Can. J. Zool. 77: 978?988.",0,
Phoca vitulina Females,Endotherm,58.100000000000000000,3.5,5.58,36.3,"temperature value from: Clarke A, and Rothery P. 2008. Scaling of body temperature in mammals and birds. Functional Ecology 22:58-67. ","Eguchi, T. & J.T. Harvey (2005) Diving behavior of the Pacific harbor seal (Phoca vitulina richardii) in Monterey Bay, California. Mar. Mammal Sci. 21: 283-295.",0,
Phoca vitulina Females,Endotherm,84.810000000000000000,1.6,5.8,36.3,"temperature value from: Clarke A, and Rothery P. 2008. Scaling of body temperature in mammals and birds. Functional Ecology 22:58-67. ","Boness, E.S., W.D. Bowen & O.T. Oftedel (1994) Evidence of a maternal foraging cycle resembling that of otariid seals in a small phocid, the harbor seal. Behav. Ecol. Sociobiol. 34: 95-104.",0,
Phoca vitulina Females,Endotherm,97.000000000000000000,2.5,5.8,36.3,"temperature value from: Clarke A, and Rothery P. 2008. Scaling of body temperature in mammals and birds. Functional Ecology 22:58-67. ","Bowen, W. D., D.J. Boness & S.J. Iverson (1999) Diving behaviour of lactating harbour seals and their pups during maternal foraging trips. Can. J. Zool. 77: 978?988.",0,
Phoca vitulina Females,Endotherm,84.000000000000000000,1.9,5.8,36.3,"temperature value from: Clarke A, and Rothery P. 2008. Scaling of body temperature in mammals and birds. Functional Ecology 22:58-67. ","Bowen, W. D., D.J. Boness & S.J. Iverson (1999) Diving behaviour of lactating harbour seals and their pups during maternal foraging trips. Can. J. Zool. 77: 978?988.",0,
Phoca vitulina Females,Endotherm,92.000000000000000000,1.8,6.3,36.3,"temperature value from: Clarke A, and Rothery P. 2008. Scaling of body temperature in mammals and birds. Functional Ecology 22:58-67. ","Bowen, W. D., D.J. Boness & S.J. Iverson (1999) Diving behaviour of lactating harbour seals and their pups during maternal foraging trips. Can. J. Zool. 77: 978?988.",0,
Phoca vitulina Females,Endotherm,79.500000000000000000,1.6,6.3,36.3,"temperature value from: Clarke A, and Rothery P. 2008. Scaling of body temperature in mammals and birds. Functional Ecology 22:58-67. ","Bowen, W. D., D.J. Boness & S.J. Iverson (1999) Diving behaviour of lactating harbour seals and their pups during maternal foraging trips. Can. J. Zool. 77: 978?988.",0,
Phoca vitulina Females,Endotherm,87.500000000000000000,2.1,6.3,36.3,"temperature value from: Clarke A, and Rothery P. 2008. Scaling of body temperature in mammals and birds. Functional Ecology 22:58-67. ","Bowen, W. D., D.J. Boness & S.J. Iverson (1999) Diving behaviour of lactating harbour seals and their pups during maternal foraging trips. Can. J. Zool. 77: 978?988.",0,
Phoca vitulina Females,Endotherm,76.000000000000000000,1.5,6.3,36.3,"temperature value from: Clarke A, and Rothery P. 2008. Scaling of body temperature in mammals and birds. Functional Ecology 22:58-67. ","Bowen, W. D., D.J. Boness & S.J. Iverson (1999) Diving behaviour of lactating harbour seals and their pups during maternal foraging trips. Can. J. Zool. 77: 978?988.",0,
Phoca vitulina Females,Endotherm,93.000000000000000000,1.8,6.7,36.3,"temperature value from: Clarke A, and Rothery P. 2008. Scaling of body temperature in mammals and birds. Functional Ecology 22:58-67. ","Bowen, W. D., D.J. Boness & S.J. Iverson (1999) Diving behaviour of lactating harbour seals and their pups during maternal foraging trips. Can. J. Zool. 77: 978?988.",0,
Phoca vitulina Females,Endotherm,66.900000000000000000,5.1,7,36.3,"temperature value from: Clarke A, and Rothery P. 2008. Scaling of body temperature in mammals and birds. Functional Ecology 22:58-67. ","Eguchi, T. & J.T. Harvey (2005) Diving behavior of the Pacific harbor seal (Phoca vitulina richardii) in Monterey Bay, California. Mar. Mammal Sci. 21: 283-295.",0,
Phoca vitulina Females,Endotherm,76.500000000000000000,2,8.8,36.3,"temperature value from: Clarke A, and Rothery P. 2008. Scaling of body temperature in mammals and birds. Functional Ecology 22:58-67. ","Bowen, W. D., D.J. Boness & S.J. Iverson (1999) Diving behaviour of lactating harbour seals and their pups during maternal foraging trips. Can. J. Zool. 77: 978?988.",0,
Phoca vitulina Females,Endotherm,96.000000000000000000,1.6,9,36.3,"temperature value from: Clarke A, and Rothery P. 2008. Scaling of body temperature in mammals and birds. Functional Ecology 22:58-67. ","Bowen, W. D., D.J. Boness & S.J. Iverson (1999) Diving behaviour of lactating harbour seals and their pups during maternal foraging trips. Can. J. Zool. 77: 978?988.",0,
Phoca vitulina Females,Endotherm,83.500000000000000000,6,9.75,36.3,"temperature value from: Clarke A, and Rothery P. 2008. Scaling of body temperature in mammals and birds. Functional Ecology 22:58-67. ","Eguchi, T. & J.T. Harvey (2005) Diving behavior of the Pacific harbor seal (Phoca vitulina richardii) in Monterey Bay, California. Mar. Mammal Sci. 21: 283-295.",0,
Phoca vitulina Females,Endotherm,88.900000000000000000,7,10.25,36.3,"temperature value from: Clarke A, and Rothery P. 2008. Scaling of body temperature in mammals and birds. Functional Ecology 22:58-67. ","Eguchi, T. & J.T. Harvey (2005) Diving behavior of the Pacific harbor seal (Phoca vitulina richardii) in Monterey Bay, California. Mar. Mammal Sci. 21: 283-295.",0,
Phoca vitulina Females,Endotherm,104.000000000000000000,1.5,15.7,36.3,"temperature value from: Clarke A, and Rothery P. 2008. Scaling of body temperature in mammals and birds. Functional Ecology 22:58-67. ","Bowen, W. D., D.J. Boness & S.J. Iverson (1999) Diving behaviour of lactating harbour seals and their pups during maternal foraging trips. Can. J. Zool. 77: 978?988.",0,
Phoca vitulina Females,Endotherm,97.500000000000000000,1.1,17.2,36.3,"temperature value from: Clarke A, and Rothery P. 2008. Scaling of body temperature in mammals and birds. Functional Ecology 22:58-67. ","Bowen, W. D., D.J. Boness & S.J. Iverson (1999) Diving behaviour of lactating harbour seals and their pups during maternal foraging trips. Can. J. Zool. 77: 978?988.",0,
Phoca vitulina Females,Endotherm,85.905000000000000000,3.5,NA,36.3,"temperature value from: Clarke A, and Rothery P. 2008. Scaling of body temperature in mammals and birds. Functional Ecology 22:58-67. ","Stewart, B.S., S. Leatherwood, P.K. Yochem & M.P. Heide-Jorgensen (1989) Harbor seal tracking and telemetry by satellite. Mar. Mammal Sci. 5: 361-375.",0,
Phoca vitulina Juveniles,Endotherm,12.000000000000000000,0.2667,1,36.3,"temperature value from: Clarke A, and Rothery P. 2008. Scaling of body temperature in mammals and birds. Functional Ecology 22:58-67. ","Jõrgensen, C., C. Lydersen, O. Brix O & K.M. Kovacs (2001) Diving development in nursing harbour seal pups. J. Exp. Biol. 204: 3993-4004.",0,
Phoca vitulina Juveniles,Endotherm,11.500000000000000000,0.383,1.5,36.3,"temperature value from: Clarke A, and Rothery P. 2008. Scaling of body temperature in mammals and birds. Functional Ecology 22:58-67. ","Jõrgensen, C., C. Lydersen, O. Brix O & K.M. Kovacs (2001) Diving development in nursing harbour seal pups. J. Exp. Biol. 204: 3993-4004.",0,
Phoca vitulina Juveniles,Endotherm,15.400000000000000000,0.45,1.667,36.3,"temperature value from: Clarke A, and Rothery P. 2008. Scaling of body temperature in mammals and birds. Functional Ecology 22:58-67. ","Jõrgensen, C., C. Lydersen, O. Brix O & K.M. Kovacs (2001) Diving development in nursing harbour seal pups. J. Exp. Biol. 204: 3993-4004.",0,
Phoca vitulina Juveniles,Endotherm,12.100000000000000000,0.98,1.67,36.3,"temperature value from: Clarke A, and Rothery P. 2008. Scaling of body temperature in mammals and birds. Functional Ecology 22:58-67. ","Bowen, W. D., D.J. Boness & S.J. Iverson (1999) Diving behaviour of lactating harbour seals and their pups during maternal foraging trips. Can. J. Zool. 77: 978?988.",0,
Phoca vitulina Juveniles,Endotherm,13.500000000000000000,0.84,1.67,36.3,"temperature value from: Clarke A, and Rothery P. 2008. Scaling of body temperature in mammals and birds. Functional Ecology 22:58-67. ","Bowen, W. D., D.J. Boness & S.J. Iverson (1999) Diving behaviour of lactating harbour seals and their pups during maternal foraging trips. Can. J. Zool. 77: 978?988.",0,
Phoca vitulina Juveniles,Endotherm,11.500000000000000000,0.83,1.83,36.3,"temperature value from: Clarke A, and Rothery P. 2008. Scaling of body temperature in mammals and birds. Functional Ecology 22:58-67. ","Bowen, W. D., D.J. Boness & S.J. Iverson (1999) Diving behaviour of lactating harbour seals and their pups during maternal foraging trips. Can. J. Zool. 77: 978?988.",0,
Phoca vitulina Juveniles,Endotherm,9.700000000000000000,0.76,1.83,36.3,"temperature value from: Clarke A, and Rothery P. 2008. Scaling of body temperature in mammals and birds. Functional Ecology 22:58-67. ","Bowen, W. D., D.J. Boness & S.J. Iverson (1999) Diving behaviour of lactating harbour seals and their pups during maternal foraging trips. Can. J. Zool. 77: 978?988.",0,
Phoca vitulina Juveniles,Endotherm,10.500000000000000000,1.19,2,36.3,"temperature value from: Clarke A, and Rothery P. 2008. Scaling of body temperature in mammals and birds. Functional Ecology 22:58-67. ","Bowen, W. D., D.J. Boness & S.J. Iverson (1999) Diving behaviour of lactating harbour seals and their pups during maternal foraging trips. Can. J. Zool. 77: 978?988.",0,
Phoca vitulina Juveniles,Endotherm,14.100000000000000000,0.433,2,36.3,"temperature value from: Clarke A, and Rothery P. 2008. Scaling of body temperature in mammals and birds. Functional Ecology 22:58-67. ","Jõrgensen, C., C. Lydersen, O. Brix O & K.M. Kovacs (2001) Diving development in nursing harbour seal pups. J. Exp. Biol. 204: 3993-4004.",0,
Phoca vitulina Juveniles,Endotherm,10.600000000000000000,0.45,2.5,36.3,"temperature value from: Clarke A, and Rothery P. 2008. Scaling of body temperature in mammals and birds. Functional Ecology 22:58-67. ","Jõrgensen, C., C. Lydersen, O. Brix O & K.M. Kovacs (2001) Diving development in nursing harbour seal pups. J. Exp. Biol. 204: 3993-4004.",0,
Phoca vitulina Juveniles,Endotherm,11.700000000000000000,1.52,2.67,36.3,"temperature value from: Clarke A, and Rothery P. 2008. Scaling of body temperature in mammals and birds. Functional Ecology 22:58-67. ","Bowen, W. D., D.J. Boness & S.J. Iverson (1999) Diving behaviour of lactating harbour seals and their pups during maternal foraging trips. Can. J. Zool. 77: 978?988.",0,
Phoca vitulina Juveniles,Endotherm,12.000000000000000000,1.64,2.83,36.3,"temperature value from: Clarke A, and Rothery P. 2008. Scaling of body temperature in mammals and birds. Functional Ecology 22:58-67. ","Bowen, W. D., D.J. Boness & S.J. Iverson (1999) Diving behaviour of lactating harbour seals and their pups during maternal foraging trips. Can. J. Zool. 77: 978?988.",0,
Phoca vitulina Juveniles,Endotherm,10.400000000000000000,1.1,2.83,36.3,"temperature value from: Clarke A, and Rothery P. 2008. Scaling of body temperature in mammals and birds. Functional Ecology 22:58-67. ","Bowen, W. D., D.J. Boness & S.J. Iverson (1999) Diving behaviour of lactating harbour seals and their pups during maternal foraging trips. Can. J. Zool. 77: 978?988.",0,
Phoca vitulina Juveniles,Endotherm,14.500000000000000000,0.367,3,36.3,"temperature value from: Clarke A, and Rothery P. 2008. Scaling of body temperature in mammals and birds. Functional Ecology 22:58-67. ","Jõrgensen, C., C. Lydersen, O. Brix O & K.M. Kovacs (2001) Diving development in nursing harbour seal pups. J. Exp. Biol. 204: 3993-4004.",0,
Phoca vitulina Juveniles,Endotherm,10.500000000000000000,0.433,3,36.3,"temperature value from: Clarke A, and Rothery P. 2008. Scaling of body temperature in mammals and birds. Functional Ecology 22:58-67. ","Jõrgensen, C., C. Lydersen, O. Brix O & K.M. Kovacs (2001) Diving development in nursing harbour seal pups. J. Exp. Biol. 204: 3993-4004.",0,
Phoca vitulina Juveniles,Endotherm,12.200000000000000000,0.417,3.667,36.3,"temperature value from: Clarke A, and Rothery P. 2008. Scaling of body temperature in mammals and birds. Functional Ecology 22:58-67. ","Jõrgensen, C., C. Lydersen, O. Brix O & K.M. Kovacs (2001) Diving development in nursing harbour seal pups. J. Exp. Biol. 204: 3993-4004.",0,
Phoca vitulina Juveniles,Endotherm,12.200000000000000000,1.46,3.83,36.3,"temperature value from: Clarke A, and Rothery P. 2008. Scaling of body temperature in mammals and birds. Functional Ecology 22:58-67. ","Bowen, W. D., D.J. Boness & S.J. Iverson (1999) Diving behaviour of lactating harbour seals and their pups during maternal foraging trips. Can. J. Zool. 77: 978?988.",0,
Phoca vitulina Juveniles,Endotherm,11.400000000000000000,1.28,4,36.3,"temperature value from: Clarke A, and Rothery P. 2008. Scaling of body temperature in mammals and birds. Functional Ecology 22:58-67. ","Bowen, W. D., D.J. Boness & S.J. Iverson (1999) Diving behaviour of lactating harbour seals and their pups during maternal foraging trips. Can. J. Zool. 77: 978?988.",0,
Phoca vitulina Juveniles,Endotherm,12.200000000000000000,1.3,6.17,36.3,"temperature value from: Clarke A, and Rothery P. 2008. Scaling of body temperature in mammals and birds. Functional Ecology 22:58-67. ","Bowen, W. D., D.J. Boness & S.J. Iverson (1999) Diving behaviour of lactating harbour seals and their pups during maternal foraging trips. Can. J. Zool. 77: 978?988.",0,
Phoca vitulina Juveniles,Endotherm,12.300000000000000000,1.02,6.33,36.3,"temperature value from: Clarke A, and Rothery P. 2008. Scaling of body temperature in mammals and birds. Functional Ecology 22:58-67. ","Bowen, W. D., D.J. Boness & S.J. Iverson (1999) Diving behaviour of lactating harbour seals and their pups during maternal foraging trips. Can. J. Zool. 77: 978?988.",0,
Phoca vitulina Juveniles,Endotherm,11.400000000000000000,1.06,9.17,36.3,"temperature value from: Clarke A, and Rothery P. 2008. Scaling of body temperature in mammals and birds. Functional Ecology 22:58-67. ","Bowen, W. D., D.J. Boness & S.J. Iverson (1999) Diving behaviour of lactating harbour seals and their pups during maternal foraging trips. Can. J. Zool. 77: 978?988.",0,
Phoca vitulina Males,Endotherm,73.700000000000000000,2.8,4.5,36.3,"temperature value from: Clarke A, and Rothery P. 2008. Scaling of body temperature in mammals and birds. Functional Ecology 22:58-67. ","Eguchi, T. & J.T. Harvey (2005) Diving behavior of the Pacific harbor seal (Phoca vitulina richardii) in Monterey Bay, California. Mar. Mammal Sci. 21: 283-295.",0,
Phoca vitulina Males,Endotherm,62.800000000000000000,3.5,5,36.3,"temperature value from: Clarke A, and Rothery P. 2008. Scaling of body temperature in mammals and birds. Functional Ecology 22:58-67. ","Eguchi, T. & J.T. Harvey (2005) Diving behavior of the Pacific harbor seal (Phoca vitulina richardii) in Monterey Bay, California. Mar. Mammal Sci. 21: 283-295.",0,
Phoca vitulina Males,Endotherm,61.200000000000000000,3.2,6.36,36.3,"temperature value from: Clarke A, and Rothery P. 2008. Scaling of body temperature in mammals and birds. Functional Ecology 22:58-67. ","Eguchi, T. & J.T. Harvey (2005) Diving behavior of the Pacific harbor seal (Phoca vitulina richardii) in Monterey Bay, California. Mar. Mammal Sci. 21: 283-295.",0,
Phoca vitulina Males,Endotherm,86.600000000000000000,6,8.25,36.3,"temperature value from: Clarke A, and Rothery P. 2008. Scaling of body temperature in mammals and birds. Functional Ecology 22:58-67. ","Eguchi, T. & J.T. Harvey (2005) Diving behavior of the Pacific harbor seal (Phoca vitulina richardii) in Monterey Bay, California. Mar. Mammal Sci. 21: 283-295.",0,
Phoca vitulina Males,Endotherm,86.200000000000000000,4.8,8.5,36.3,"temperature value from: Clarke A, and Rothery P. 2008. Scaling of body temperature in mammals and birds. Functional Ecology 22:58-67. ","Eguchi, T. & J.T. Harvey (2005) Diving behavior of the Pacific harbor seal (Phoca vitulina richardii) in Monterey Bay, California. Mar. Mammal Sci. 21: 283-295.",0,
Phoca vitulina Males,Endotherm,77.100000000000000000,3.5,8.75,36.3,"temperature value from: Clarke A, and Rothery P. 2008. Scaling of body temperature in mammals and birds. Functional Ecology 22:58-67. ","Eguchi, T. & J.T. Harvey (2005) Diving behavior of the Pacific harbor seal (Phoca vitulina richardii) in Monterey Bay, California. Mar. Mammal Sci. 21: 283-295.",0,
Phoca vitulina Males,Endotherm,73.000000000000000000,6,9.25,36.3,"temperature value from: Clarke A, and Rothery P. 2008. Scaling of body temperature in mammals and birds. Functional Ecology 22:58-67. ","Eguchi, T. & J.T. Harvey (2005) Diving behavior of the Pacific harbor seal (Phoca vitulina richardii) in Monterey Bay, California. Mar. Mammal Sci. 21: 283-295.",0,
Phoca vitulina Males,Endotherm,91.400000000000000000,6.6,9.7,36.3,"temperature value from: Clarke A, and Rothery P. 2008. Scaling of body temperature in mammals and birds. Functional Ecology 22:58-67. ","Eguchi, T. & J.T. Harvey (2005) Diving behavior of the Pacific harbor seal (Phoca vitulina richardii) in Monterey Bay, California. Mar. Mammal Sci. 21: 283-295.",0,
Phoca vitulina Males,Endotherm,101.200000000000000000,8.1,12.75,36.3,"temperature value from: Clarke A, and Rothery P. 2008. Scaling of body temperature in mammals and birds. Functional Ecology 22:58-67. ","Eguchi, T. & J.T. Harvey (2005) Diving behavior of the Pacific harbor seal (Phoca vitulina richardii) in Monterey Bay, California. Mar. Mammal Sci. 21: 283-295.",0,
Phoca vitulina Males,Endotherm,119.300000000000000000,7.2,14.75,36.3,"temperature value from: Clarke A, and Rothery P. 2008. Scaling of body temperature in mammals and birds. Functional Ecology 22:58-67. ","Eguchi, T. & J.T. Harvey (2005) Diving behavior of the Pacific harbor seal (Phoca vitulina richardii) in Monterey Bay, California. Mar. Mammal Sci. 21: 283-295.",0,
Phoca vitulina Males,Endotherm,105.600000000000000000,4.27,33.9,36.3,"temperature value from: Clarke A, and Rothery P. 2008. Scaling of body temperature in mammals and birds. Functional Ecology 22:58-67. ","Bowen, W.D., D. Tully, D.J. Boness, B.M. Bulheier & G.J. Marshall (2002) Prey-dependent foraging tactics and prey profitability in a marine mammal. Mar. Ecol. Prog. Ser. 244: 235?245.",0,
Phoca vitulina richardii,Endotherm,,2.8,3.8,36.3,Brodie and Pasche 2001,"Womble JN (2012) Foraging ecology, diving behavior, and migration patterns of Harbor seals (Phoca vitulina richardii) from a Glacial Fjord in Alaska in relation to prey availability and  oceanographic features. Ph.D. (thesis), Oregon State University, Corvallis, Oregon",0,
Phocartos hookeri females,Endotherm,101.000000000000000000,3.1,5.6,37.55, temperature taken to be similar to the mean body temperature of Otariidae,"Gales, N.J. & R.H. Mattlin (1997) Summer diving behaviour of lactating New Zealand sea lions, Phocarctos hookeri. Can. J. Zool. 75: 1695-1706.",0,
Phocartos hookeri females,Endotherm,129.000000000000000000,3.2,6.9,37.55, temperature taken to be similar to the mean body temperature of Otariidae,"Gales, N.J. & R.H. Mattlin (1997) Summer diving behaviour of lactating New Zealand sea lions, Phocarctos hookeri. Can. J. Zool. 75: 1695-1706.",0,
Phocartos hookeri females,Endotherm,123.500000000000000000,4.29,7,37.55, temperature taken to be similar to the mean body temperature of Otariidae,"Chilvers, B.L., I.S. Wilkinson, P.J. Duignan & N.J. Gemmell (2006) Diving to extremes: are New Zealand sea lions pushing their limits in a marginal habitat? J. Zool. 269: 233?241.",0,
Phocartos hookeri females,Endotherm,98.000000000000000000,3.5,7.1,37.55, temperature taken to be similar to the mean body temperature of Otariidae,"Gales, N.J. & R.H. Mattlin (1997) Summer diving behaviour of lactating New Zealand sea lions, Phocarctos hookeri. Can. J. Zool. 75: 1695-1706.",0,
Phocartos hookeri females,Endotherm,115.000000000000000000,3.8,7.2,37.55, temperature taken to be similar to the mean body temperature of Otariidae,"Gales, N.J. & R.H. Mattlin (1997) Summer diving behaviour of lactating New Zealand sea lions, Phocarctos hookeri. Can. J. Zool. 75: 1695-1706.",0,
Phocartos hookeri females,Endotherm,102.000000000000000000,4.1,7.5,37.55, temperature taken to be similar to the mean body temperature of Otariidae,"Gales, N.J. & R.H. Mattlin (1997) Summer diving behaviour of lactating New Zealand sea lions, Phocarctos hookeri. Can. J. Zool. 75: 1695-1706.",0,
Phocartos hookeri females,Endotherm,99.000000000000000000,3.92,7.7,37.55, temperature taken to be similar to the mean body temperature of Otariidae,"Chilvers, B.L., I.S. Wilkinson, P.J. Duignan & N.J. Gemmell (2006) Diving to extremes: are New Zealand sea lions pushing their limits in a marginal habitat? J. Zool. 269: 233?241.",0,
Phocartos hookeri females,Endotherm,111.500000000000000000,2.6,7.7,37.55, temperature taken to be similar to the mean body temperature of Otariidae,"Gales, N.J. & R.H. Mattlin (1997) Summer diving behaviour of lactating New Zealand sea lions, Phocarctos hookeri. Can. J. Zool. 75: 1695-1706.",0,
Phocartos hookeri females,Endotherm,106.000000000000000000,3.9,7.7,37.55, temperature taken to be similar to the mean body temperature of Otariidae,"Gales, N.J. & R.H. Mattlin (1997) Summer diving behaviour of lactating New Zealand sea lions, Phocarctos hookeri. Can. J. Zool. 75: 1695-1706.",0,
Phocartos hookeri females,Endotherm,107.500000000000000000,4,7.7,37.55, temperature taken to be similar to the mean body temperature of Otariidae,"Gales, N.J. & R.H. Mattlin (1997) Summer diving behaviour of lactating New Zealand sea lions, Phocarctos hookeri. Can. J. Zool. 75: 1695-1706.",0,
Phocartos hookeri females,Endotherm,131.000000000000000000,4.3,7.9,37.55, temperature taken to be similar to the mean body temperature of Otariidae,"Gales, N.J. & R.H. Mattlin (1997) Summer diving behaviour of lactating New Zealand sea lions, Phocarctos hookeri. Can. J. Zool. 75: 1695-1706.",0,
Phocartos hookeri females,Endotherm,116.000000000000000000,3.37,8.1,37.55, temperature taken to be similar to the mean body temperature of Otariidae,"Chilvers, B.L., I.S. Wilkinson, P.J. Duignan & N.J. Gemmell (2006) Diving to extremes: are New Zealand sea lions pushing their limits in a marginal habitat? J. Zool. 269: 233?241.",0,
Phocartos hookeri females,Endotherm,119.000000000000000000,4.42,8.4,37.55, temperature taken to be similar to the mean body temperature of Otariidae,"Chilvers, B.L., I.S. Wilkinson, P.J. Duignan & N.J. Gemmell (2006) Diving to extremes: are New Zealand sea lions pushing their limits in a marginal habitat? J. Zool. 269: 233?241.",0,
Phocartos hookeri females,Endotherm,107.000000000000000000,4.7,8.5,37.55, temperature taken to be similar to the mean body temperature of Otariidae,"Gales, N.J. & R.H. Mattlin (1997) Summer diving behaviour of lactating New Zealand sea lions, Phocarctos hookeri. Can. J. Zool. 75: 1695-1706.",0,
Phocartos hookeri females,Endotherm,113.000000000000000000,4.01,8.8,37.55, temperature taken to be similar to the mean body temperature of Otariidae,"Chilvers, B.L., I.S. Wilkinson, P.J. Duignan & N.J. Gemmell (2006) Diving to extremes: are New Zealand sea lions pushing their limits in a marginal habitat? J. Zool. 269: 233?241.",0,
Phocartos hookeri females,Endotherm,91.000000000000000000,4.12,8.9,37.55, temperature taken to be similar to the mean body temperature of Otariidae,"Gales, N.J. & R.H. Mattlin (1997) Summer diving behaviour of lactating New Zealand sea lions, Phocarctos hookeri. Can. J. Zool. 75: 1695-1706.",0,
Phocartos hookeri females,Endotherm,114.500000000000000000,4.18,9.2,37.55, temperature taken to be similar to the mean body temperature of Otariidae,"Chilvers, B.L., I.S. Wilkinson, P.J. Duignan & N.J. Gemmell (2006) Diving to extremes: are New Zealand sea lions pushing their limits in a marginal habitat? J. Zool. 269: 233?241.",0,
Phocartos hookeri females,Endotherm,131.500000000000000000,3.5,9.5,37.55, temperature taken to be similar to the mean body temperature of Otariidae,"Gales, N.J. & R.H. Mattlin (1997) Summer diving behaviour of lactating New Zealand sea lions, Phocarctos hookeri. Can. J. Zool. 75: 1695-1706.",0,
Phocartos hookeri females,Endotherm,104.500000000000000000,3.59,9.6,37.55, temperature taken to be similar to the mean body temperature of Otariidae,"Chilvers, B.L., I.S. Wilkinson, P.J. Duignan & N.J. Gemmell (2006) Diving to extremes: are New Zealand sea lions pushing their limits in a marginal habitat? J. Zool. 269: 233?241.",0,
Phocartos hookeri females,Endotherm,120.500000000000000000,3.56,9.7,37.55, temperature taken to be similar to the mean body temperature of Otariidae,"Chilvers, B.L., I.S. Wilkinson, P.J. Duignan & N.J. Gemmell (2006) Diving to extremes: are New Zealand sea lions pushing their limits in a marginal habitat? J. Zool. 269: 233?241.",0,
Phocartos hookeri females,Endotherm,103.000000000000000000,3.96,9.7,37.55, temperature taken to be similar to the mean body temperature of Otariidae,"Chilvers, B.L., I.S. Wilkinson, P.J. Duignan & N.J. Gemmell (2006) Diving to extremes: are New Zealand sea lions pushing their limits in a marginal habitat? J. Zool. 269: 233?241.",0,
Phocartos hookeri females,Endotherm,119.000000000000000000,3.89,9.8,37.55, temperature taken to be similar to the mean body temperature of Otariidae,"Chilvers, B.L., I.S. Wilkinson, P.J. Duignan & N.J. Gemmell (2006) Diving to extremes: are New Zealand sea lions pushing their limits in a marginal habitat? J. Zool. 269: 233?241.",0,
Phocartos hookeri females,Endotherm,109.000000000000000000,3.45,10.1,37.55, temperature taken to be similar to the mean body temperature of Otariidae,"Chilvers, B.L., I.S. Wilkinson, P.J. Duignan & N.J. Gemmell (2006) Diving to extremes: are New Zealand sea lions pushing their limits in a marginal habitat? J. Zool. 269: 233?241.",0,
Phocartos hookeri females,Endotherm,105.000000000000000000,4.48,10.6,37.55, temperature taken to be similar to the mean body temperature of Otariidae,"Chilvers, B.L., I.S. Wilkinson, P.J. Duignan & N.J. Gemmell (2006) Diving to extremes: are New Zealand sea lions pushing their limits in a marginal habitat? J. Zool. 269: 233?241.",0,
Phocartos hookeri females,Endotherm,148.500000000000000000,3.8,10.7,37.55, temperature taken to be similar to the mean body temperature of Otariidae,"Gales, N.J. & R.H. Mattlin (1997) Summer diving behaviour of lactating New Zealand sea lions, Phocarctos hookeri. Can. J. Zool. 75: 1695-1706.",0,
Phocartos hookeri females,Endotherm,109.500000000000000000,3.64,10.8,37.55, temperature taken to be similar to the mean body temperature of Otariidae,"Chilvers, B.L., I.S. Wilkinson, P.J. Duignan & N.J. Gemmell (2006) Diving to extremes: are New Zealand sea lions pushing their limits in a marginal habitat? J. Zool. 269: 233?241.",0,
Phocartos hookeri females,Endotherm,124.500000000000000000,4.97,11.3,37.55, temperature taken to be similar to the mean body temperature of Otariidae,"Chilvers, B.L., I.S. Wilkinson, P.J. Duignan & N.J. Gemmell (2006) Diving to extremes: are New Zealand sea lions pushing their limits in a marginal habitat? J. Zool. 269: 233?241.",0,
Phocartos hookeri females,Endotherm,126.000000000000000000,4.1,11.3,37.55, temperature taken to be similar to the mean body temperature of Otariidae,"Gales, N.J. & R.H. Mattlin (1997) Summer diving behaviour of lactating New Zealand sea lions, Phocarctos hookeri. Can. J. Zool. 75: 1695-1706.",0,
Phocartos hookeri females,Endotherm,147.400000000000000000,3.4,11.5,37.55, temperature taken to be similar to the mean body temperature of Otariidae,"Costa, D.P. & N.J. Gales (2000) Foraging energetics and diving behavior of lactating New Zealand sea lions, Phocarctos hookeri. J. Exp. Biol. 203: 3655-3665.",0,
Phocartos hookeri females,Endotherm,133.000000000000000000,4.14,12.9,37.55, temperature taken to be similar to the mean body temperature of Otariidae,"Chilvers, B.L., I.S. Wilkinson, P.J. Duignan & N.J. Gemmell (2006) Diving to extremes: are New Zealand sea lions pushing their limits in a marginal habitat? J. Zool. 269: 233?241.",0,
Phocartos hookeri females,Endotherm,91.500000000000000000,4.39,13.5,37.55, temperature taken to be similar to the mean body temperature of Otariidae,"Chilvers, B.L., I.S. Wilkinson, P.J. Duignan & N.J. Gemmell (2006) Diving to extremes: are New Zealand sea lions pushing their limits in a marginal habitat? J. Zool. 269: 233?241.",0,
Phocartos hookeri females,Endotherm,103.000000000000000000,3.51,14.5,37.55, temperature taken to be similar to the mean body temperature of Otariidae,"Chilvers, B.L., I.S. Wilkinson, P.J. Duignan & N.J. Gemmell (2006) Diving to extremes: are New Zealand sea lions pushing their limits in a marginal habitat? J. Zool. 269: 233?241.",0,
Phocartos hookeri females,Endotherm,106.000000000000000000,3,NA,37.55, temperature taken to be similar to the mean body temperature of Otariidae,"Costa, D.P. & N.J. Gales (2000) Foraging energetics and diving behavior of lactating New Zealand sea lions, Phocarctos hookeri. J. Exp. Biol. 203: 3655-3665.",0,
Phocartos hookeri females,Endotherm,107.200000000000000000,2.6,NA,37.55, temperature taken to be similar to the mean body temperature of Otariidae,"Costa, D.P. & N.J. Gales (2000) Foraging energetics and diving behavior of lactating New Zealand sea lions, Phocarctos hookeri. J. Exp. Biol. 203: 3655-3665.",0,
Phocartos hookeri females,Endotherm,120.600000000000000000,3.3,NA,37.55, temperature taken to be similar to the mean body temperature of Otariidae,"Costa, D.P. & N.J. Gales (2000) Foraging energetics and diving behavior of lactating New Zealand sea lions, Phocarctos hookeri. J. Exp. Biol. 203: 3655-3665.",0,
Phocartos hookeri females,Endotherm,103.600000000000000000,2.6,NA,37.55, temperature taken to be similar to the mean body temperature of Otariidae,"Costa, D.P. & N.J. Gales (2000) Foraging energetics and diving behavior of lactating New Zealand sea lions, Phocarctos hookeri. J. Exp. Biol. 203: 3655-3665.",0,
Phocartos hookeri females,Endotherm,105.800000000000000000,4.1,NA,37.55, temperature taken to be similar to the mean body temperature of Otariidae,"Costa, D.P. & N.J. Gales (2000) Foraging energetics and diving behavior of lactating New Zealand sea lions, Phocarctos hookeri. J. Exp. Biol. 203: 3655-3665.",0,
Phocartos hookeri females,Endotherm,116.600000000000000000,3.6,NA,37.55, temperature taken to be similar to the mean body temperature of Otariidae,"Costa, D.P. & N.J. Gales (2000) Foraging energetics and diving behavior of lactating New Zealand sea lions, Phocarctos hookeri. J. Exp. Biol. 203: 3655-3665.",0,
Phocartos hookeri females,Endotherm,91.600000000000000000,3.8,NA,37.55, temperature taken to be similar to the mean body temperature of Otariidae,"Costa, D.P. & N.J. Gales (2000) Foraging energetics and diving behavior of lactating New Zealand sea lions, Phocarctos hookeri. J. Exp. Biol. 203: 3655-3665.",0,
Phocartos hookeri females,Endotherm,83.400000000000000000,4,NA,37.55, temperature taken to be similar to the mean body temperature of Otariidae,"Crocker, D.E., N.J. Gales & D.P. Costa (2001) Swimming speed and foraging strategies of New Zealand sea lions, Phocarctos hookeri. J. Zool. 254: 267-277.",0,
Phocartos hookeri females,Endotherm,107.000000000000000000,3,NA,37.55, temperature taken to be similar to the mean body temperature of Otariidae,"Crocker, D.E., N.J. Gales & D.P. Costa (2001) Swimming speed and foraging strategies of New Zealand sea lions, Phocarctos hookeri. J. Zool. 254: 267-277.",0,
Phocartos hookeri females,Endotherm,121.100000000000000000,3.9,NA,37.55, temperature taken to be similar to the mean body temperature of Otariidae,"Crocker, D.E., N.J. Gales & D.P. Costa (2001) Swimming speed and foraging strategies of New Zealand sea lions, Phocarctos hookeri. J. Zool. 254: 267-277.",0,
Phocartos hookeri females,Endotherm,113.200000000000000000,3.6,NA,37.55, temperature taken to be similar to the mean body temperature of Otariidae,"Crocker, D.E., N.J. Gales & D.P. Costa (2001) Swimming speed and foraging strategies of New Zealand sea lions, Phocarctos hookeri. J. Zool. 254: 267-277.",0,
Phocartos hookeri females,Endotherm,122.600000000000000000,3.3,NA,37.55, temperature taken to be similar to the mean body temperature of Otariidae,"Crocker, D.E., N.J. Gales & D.P. Costa (2001) Swimming speed and foraging strategies of New Zealand sea lions, Phocarctos hookeri. J. Zool. 254: 267-277.",0,
Phocartos hookeri females,Endotherm,115.000000000000000000,4.5,NA,37.55, temperature taken to be similar to the mean body temperature of Otariidae,"Crocker, D.E., N.J. Gales & D.P. Costa (2001) Swimming speed and foraging strategies of New Zealand sea lions, Phocarctos hookeri. J. Zool. 254: 267-277.",0,
Phocartos hookeri females,Endotherm,107.200000000000000000,2.6,NA,37.55, temperature taken to be similar to the mean body temperature of Otariidae,"Crocker, D.E., N.J. Gales & D.P. Costa (2001) Swimming speed and foraging strategies of New Zealand sea lions, Phocarctos hookeri. J. Zool. 254: 267-277.",0,
Phocartos hookeri females,Endotherm,120.600000000000000000,3.6,NA,37.55, temperature taken to be similar to the mean body temperature of Otariidae,"Crocker, D.E., N.J. Gales & D.P. Costa (2001) Swimming speed and foraging strategies of New Zealand sea lions, Phocarctos hookeri. J. Zool. 254: 267-277.",0,
Phocartos hookeri females,Endotherm,105.800000000000000000,4.1,NA,37.55, temperature taken to be similar to the mean body temperature of Otariidae,"Crocker, D.E., N.J. Gales & D.P. Costa (2001) Swimming speed and foraging strategies of New Zealand sea lions, Phocarctos hookeri. J. Zool. 254: 267-277.",0,
Phocartos hookeri females,Endotherm,91.600000000000000000,3.5,NA,37.55, temperature taken to be similar to the mean body temperature of Otariidae,"Crocker, D.E., N.J. Gales & D.P. Costa (2001) Swimming speed and foraging strategies of New Zealand sea lions, Phocarctos hookeri. J. Zool. 254: 267-277.",0,
Phocartos hookeri females,Endotherm,135.200000000000000000,2.5,NA,37.55, temperature taken to be similar to the mean body temperature of Otariidae,"Crocker, D.E., N.J. Gales & D.P. Costa (2001) Swimming speed and foraging strategies of New Zealand sea lions, Phocarctos hookeri. J. Zool. 254: 267-277.",0,
Phocartos hookeri females,Endotherm,123.000000000000000000,2.4,NA,37.55, temperature taken to be similar to the mean body temperature of Otariidae,"Crocker, D.E., N.J. Gales & D.P. Costa (2001) Swimming speed and foraging strategies of New Zealand sea lions, Phocarctos hookeri. J. Zool. 254: 267-277.",0,
Phocoena phocoena Females,Endotherm,37.000000000000000000,0.437,3.217,36.12142857, temperature taken to be similar to the mean body temperature of Odontoceti,"Otani, S., Y. Naito, A. Kato & A. Kawamura (2000) Diving behavior and swimming speed of a free-ranging harbour porpoise Phocoena phocoena. Mar. Mammal Sci. 16: 811-814.",0,
Phocoena phocoena Females,Endotherm,37.100000000000000000,1.267,3.3,36.12142857, temperature taken to be similar to the mean body temperature of Odontoceti,"Westgate, A., A. Read, P. Berggren, H. Koopman & D. Gaskin (1995) Diving behaviour of harbour porpoises (Phocoena phocoena) in the Bay of Fundy. Can. J. Fish. Aquat. Sci. 52: 1064-1073.",0,
Phocoena phocoena Females,Endotherm,42.500000000000000000,1.717,3.7,36.12142857, temperature taken to be similar to the mean body temperature of Odontoceti,"Westgate, A., A. Read, P. Berggren, H. Koopman & D. Gaskin (1995) Diving behaviour of harbour porpoises (Phocoena phocoena) in the Bay of Fundy. Can. J. Fish. Aquat. Sci. 52: 1064-1073.",0,
Phocoena phocoena Females,Endotherm,43.700000000000000000,1.44,4.117,36.12142857, temperature taken to be similar to the mean body temperature of Odontoceti,"Watson, A.P. & D.E. Gaskin (1983) Observations on the ventilation cycle of the harbour porpoise Phoeoena phocoena (L.) in the coastal waters of the Bay of Fundy. Can. J. Zool. 61: 126-132.",0,
Phocoena phocoena Females,Endotherm,43.700000000000000000,1.1,4.3,36.12142857, temperature taken to be similar to the mean body temperature of Odontoceti,"Otani, S., Y. Naito, A. Kawamura, M. Kawasaki, S. Nishiwaki & A. Kato (1998) Diving behavior and performance of harbor porpoises, Phocoena phocoena, in Funka Bay, Hokkaido, Japan. Mar. Mammal Sci. 14: 209-220.",0,
Phocoena phocoena Females,Endotherm,48.500000000000000000,1.067,4.4,36.12142857, temperature taken to be similar to the mean body temperature of Odontoceti,"Westgate, A., A. Read, P. Berggren, H. Koopman & D. Gaskin (1995) Diving behaviour of harbour porpoises (Phocoena phocoena) in the Bay of Fundy. Can. J. Fish. Aquat. Sci. 52: 1064-1073.",0,
Phocoena phocoena Females,Endotherm,70.000000000000000000,1.167,5.35,36.12142857, temperature taken to be similar to the mean body temperature of Odontoceti,"Westgate, A., A. Read, P. Berggren, H. Koopman & D. Gaskin (1995) Diving behaviour of harbour porpoises (Phocoena phocoena) in the Bay of Fundy. Can. J. Fish. Aquat. Sci. 52: 1064-1073.",0,
Phocoena phocoena Females,Endotherm,37.000000000000000000,0.447,NA,36.12142857, temperature taken to be similar to the mean body temperature of Odontoceti,"Otani, S., Y. Naito, A. Kato & A. Kawamura (2001) Oxygen consumption and swim speed of the harbor porpoise Phocoena phocoena. Fisheries Sci. 67: 894-898.",0,
Phocoena phocoena Females,Endotherm,48.000000000000000000,0.385,NA,36.12142857, temperature taken to be similar to the mean body temperature of Odontoceti,"Otani, S., Y. Naito, A. Kato & A. Kawamura (2001) Oxygen consumption and swim speed of the harbor porpoise Phocoena phocoena. Fisheries Sci. 67: 894-898.",0,
Phocoena phocoena Males,Endotherm,29.600000000000000000,0.733,3.4,36.12142857, temperature taken to be similar to the mean body temperature of Odontoceti,"Westgate, A., A. Read, P. Berggren, H. Koopman & D. Gaskin (1995) Diving behaviour of harbour porpoises (Phocoena phocoena) in the Bay of Fundy. Can. J. Fish. Aquat. Sci. 52: 1064-1073.",0,
Phocoena phocoena Males,Endotherm,38.900000000000000000,0.767,3.85,36.12142857, temperature taken to be similar to the mean body temperature of Odontoceti,"Westgate, A., A. Read, P. Berggren, H. Koopman & D. Gaskin (1995) Diving behaviour of harbour porpoises (Phocoena phocoena) in the Bay of Fundy. Can. J. Fish. Aquat. Sci. 52: 1064-1073.",0,
Phocoena phocoena Males,Endotherm,45.800000000000000000,0.867,4.267,36.12142857, temperature taken to be similar to the mean body temperature of Odontoceti,"Westgate, A., A. Read, P. Berggren, H. Koopman & D. Gaskin (1995) Diving behaviour of harbour porpoises (Phocoena phocoena) in the Bay of Fundy. Can. J. Fish. Aquat. Sci. 52: 1064-1073.",0,
Physeter macrocephalus,Endotherm,,22.9,50,36.3,Morrisson 1962,"Gallo-Reynoso, J-P., Egido-Villarreal, J., & Coria-Galindo, E-M. (2009). Sperm whale distribution and diving behaviour in relation to presence of jumbo squid in Guaymas Basin, Mexico. Marine Biodiversity Records, 2, 1-5.",0,
Physeter macrocephalus,Endotherm,,,138,36.3,Morrisson 1962,Ponganis PJ. 2011. Diving mammals. Comprehensive Physiol 1:517-535,0,
Physeter macrocephalus,Endotherm,39750.000000000000000000,18,NA,36.3,"temperature taken from: Morrison, P. (1962). Body temperatures in some Australian mammals. III. Cetacea (Megaptera). The Biological Bulletin, 123(1), 154-169.","Kvadsheim, P.H., P.J.O. Miller, P.L. Tyack, L.D. Sivle, F.P.A. Lam & A. Fahlman (2012) Estimated tissue and blood N2 levels and risk of decompression sickness in deep-, intermediate-, and shallow-diving toothed whales during exposure to naval sonar. Front. Physiol. 3: e125.",0,
Physeter macrocephalus Females,Endotherm,25000.000000000000000000,36.2,40.2,36.3,"temperature taken from: Morrison, P. (1962). Body temperatures in some Australian mammals. III. Cetacea (Megaptera). The Biological Bulletin, 123(1), 154-169.","Amano, M. & M. Yoshioka (2003) Sperm whale diving behavior monitored using a suction-cup attached TDR tag. Mar. Ecol. Prog. Ser. 258: 291?295.",0,
Physeter macrocephalus Males,Endotherm,50000.000000000000000000,11,18,36.3,"temperature taken from: Morrison, P. (1962). Body temperatures in some Australian mammals. III. Cetacea (Megaptera). The Biological Bulletin, 123(1), 154-169.","Mano, S. (1990) Analysis of diving behaviour of sperm whale, Physeter catodon. Bull. Jpn. Soc. Sci. Fish. 56: 179-187.",0,
Physeter macrocephalus Males,Endotherm,50000.000000000000000000,8,19,36.3,"temperature taken from: Morrison, P. (1962). Body temperatures in some Australian mammals. III. Cetacea (Megaptera). The Biological Bulletin, 123(1), 154-169.","Mano, S. (1990) Analysis of diving behaviour of sperm whale, Physeter catodon. Bull. Jpn. Soc. Sci. Fish. 56: 179-187.",0,
Physeter macrocephalus Males,Endotherm,50000.000000000000000000,10,23,36.3,"temperature taken from: Morrison, P. (1962). Body temperatures in some Australian mammals. III. Cetacea (Megaptera). The Biological Bulletin, 123(1), 154-169.","Mano, S. (1990) Analysis of diving behaviour of sperm whale, Physeter catodon. Bull. Jpn. Soc. Sci. Fish. 56: 179-187.",0,
Physeter macrocephalus Males,Endotherm,50000.000000000000000000,10,26,36.3,"temperature taken from: Morrison, P. (1962). Body temperatures in some Australian mammals. III. Cetacea (Megaptera). The Biological Bulletin, 123(1), 154-169.","Mano, S. (1990) Analysis of diving behaviour of sperm whale, Physeter catodon. Bull. Jpn. Soc. Sci. Fish. 56: 179-187.",0,
Physeter macrocephalus Males,Endotherm,50000.000000000000000000,11.1,47,36.3,"temperature taken from: Morrison, P. (1962). Body temperatures in some Australian mammals. III. Cetacea (Megaptera). The Biological Bulletin, 123(1), 154-169.","Mano, S. (1990) Analysis of diving behaviour of sperm whale, Physeter catodon. Bull. Jpn. Soc. Sci. Fish. 56: 179-187.",0,
Physeter macrocephalus Males,Endotherm,50000.000000000000000000,44.9,64.5,36.3,"temperature taken from: Morrison, P. (1962). Body temperatures in some Australian mammals. III. Cetacea (Megaptera). The Biological Bulletin, 123(1), 154-169.","Watkins, W.A., M.A. Daher, N. A. DiMarzio, A. Samuels, D. Wartzok, K.M. Fristrup, P.W. Howey & R.R. Maiefski (2002)Sperm whale dives tracked by radio tag telemetry. Mar. Mammal Sci. 18: 55-68.",0,
Physeter macrocephalus Males,Endotherm,50000.000000000000000000,43.8,65.3,36.3,"temperature taken from: Morrison, P. (1962). Body temperatures in some Australian mammals. III. Cetacea (Megaptera). The Biological Bulletin, 123(1), 154-169.","Watkins, W.A., M.A. Daher, N. A. DiMarzio, A. Samuels, D. Wartzok, K.M. Fristrup, P.W. Howey & R.R. Maiefski (2002)Sperm whale dives tracked by radio tag telemetry. Mar. Mammal Sci. 18: 55-68.",0,
Platanista gangetica,Endotherm,77.500000000000000000,0.605,1,36.12142857, temperature taken to be similar to the mean body temperature of Odontoceti,"Pilleri, G. (1970) Observations on the Behaviour of Platanista gangetica in the Indus and Brahmaputra Rivers. Invest Cetacea 2: 27-60.",0,
Platanista gangetica,Endotherm,,2,7.75,36.12142857,Mean for the odontoceti,"Sinha R. K. ; Sinha, S.K. ; Sharma G. ; Kedia, D. K. 2010 Surfacing and diving behaviour of free-ranging Ganges river dolphin, Platanista gangetica gangetica. Current science 98:230-236",0,
Platanista gangetica,Endotherm,77.500000000000000000,1.042,NA,36.12142857, temperature taken to be similar to the mean body temperature of Odontoceti,"Halsey, L.G., P.J. Butler & T.M. Blackburn (2006) A phylogenetic analysis of the allometry of diving. Am. Nat. 167: 276-287.",0,
Podiceps auritus,Endotherm,0.400000000000000000,0.325,0.417,40.5,"temperature value from: Clarke A, and Rothery P. 2008. Scaling of body temperature in mammals and birds. Functional Ecology 22:58-67. ","Ladhams, D. (1968) Diving times of grebes. British Birds 61: 27-30.",0,
Podiceps auritus,Endotherm,0.400000000000000000,0.321,0.43,40.5,"temperature value from: Clarke A, and Rothery P. 2008. Scaling of body temperature in mammals and birds. Functional Ecology 22:58-67. ","Heintzelman, D.S. & C.J. Newberry (1964) Some Waterfowl Diving Times. The Wilson Bulletin 76: 291-291.",0,
Podiceps auritus,Endotherm,0.400000000000000000,0.2917,0.5,40.5,"temperature value from: Clarke A, and Rothery P. 2008. Scaling of body temperature in mammals and birds. Functional Ecology 22:58-67. ","Ladhams, D. (1968) Diving times of grebes. British Birds 61: 27-30.",0,
Podiceps cristatus,Endotherm,1.000000000000000000,0.333,0.417,40.5,temperature taken to be similar to that for Podiceps auritus,"Edgar, A. (1962) A note on the diving of the two New Zealand grebes. Notornis 10: 42.",0,
Podiceps cristatus,Endotherm,1.000000000000000000,0.373,0.65,40.5,temperature taken to be similar to that for Podiceps auritus,"Hancock, C. & P. Bacon (1968) Diving times of Red-necked Grebe. British Birds 63: 299-300.",0,
Podiceps cristatus,Endotherm,1.000000000000000000,0.3,0.75,40.5,temperature taken to be similar to that for Podiceps auritus,"Ladhams, D. (1968) Diving times of grebes. British Birds 61: 27-30.",0,
Podiceps cristatus,Endotherm,1.000000000000000000,0.295,NA,40.5,temperature taken to be similar to that for Podiceps auritus,"Ulenaers, P., J. van Vessem & A.A. Dhondt (1992) For aging of the Great Crested Grebe in relation to food supply. J. Anim. Ecol. 61: 659-667.",0,
Podiceps grisegena,Endotherm,1.100000000000000000,0.413,0.567,40.5,temperature taken to be similar to that for Podiceps auritus,"Simmons, K. (1969) Duration of dives in the Red-necked Grebe. British Birds 64: 300-302.",0,
Podiceps grisegena,Endotherm,1.100000000000000000,0.417,0.682,40.5,temperature taken to be similar to that for Podiceps auritus,"Hancock, C. & P. Bacon (1968) Diving times of Red-necked Grebe. British Birds 63: 299-300.",0,
Podiceps grisegena,Endotherm,1.100000000000000000,0.388,NA,40.5,temperature taken to be similar to that for Podiceps auritus,"Kloskowski, J. (2004) Food provisioning in red-necked grebes (Podiceps grisegena) at common carp (Cyprinus carpio) ponds. Hydrobiologia 525: 131-138.",0,
Podiceps grisegena,Endotherm,1.100000000000000000,0.353,NA,40.5,temperature taken to be similar to that for Podiceps auritus,"Kloskowski, J. (2004) Food provisioning in red-necked grebes (Podiceps grisegena) at common carp (Cyprinus carpio) ponds. Hydrobiologia 525: 131-138.",0,
Podiceps grisegena,Endotherm,1.100000000000000000,0.373,NA,40.5,temperature taken to be similar to that for Podiceps auritus,"Kloskowski, J. (2004) Food provisioning in red-necked grebes (Podiceps grisegena) at common carp (Cyprinus carpio) ponds. Hydrobiologia 525: 131-138.",0,
Podiceps major,Endotherm,,0.3285,NA,40.5,approximated from the mean value for the Podiceps auritus,"Gomez, A., Pereira, J., and Bugoni, L. (2009). Age-specific diving and foraging behavior of the Great Grebe (Podicephorus major). Waterbirds 32, 149ñ156.",0,
Podilymbus (Podiceps) nigricollis,Endotherm,0.300000000000000000,0.388,NA,40.5,"temperature value from: Clarke A, and Rothery P. 2008. Scaling of body temperature in mammals and birds. Functional Ecology 22:58-67. ","Halsey, L.G., P.J. Butler & T.M. Blackburn (2006) A phylogenetic analysis of the allometry of diving. Am. Nat. 167: 276-287.",0,
Podilymbus (Podiceps) podiceps,Endotherm,0.400000000000000000,0.1263,0.25,39.3,"temperature value from: Clarke A, and Rothery P. 2008. Scaling of body temperature in mammals and birds. Functional Ecology 22:58-67. ","Bleich, V.C. (1975) Diving Times and Distances in the Pied-billed Grebe. The Wilson Bulletin 87: 278-280.",0,
Podilymbus (Podiceps) podiceps,Endotherm,0.400000000000000000,0.2117,0.2767,39.3,"temperature value from: Clarke A, and Rothery P. 2008. Scaling of body temperature in mammals and birds. Functional Ecology 22:58-67. ","Heintzelman, D.S. & C.J. Newberry (1964) Some Waterfowl Diving Times. The Wilson Bulletin 76: 291-291.",0,
Podilymbus (Podiceps) podiceps,Endotherm,0.400000000000000000,0.2167,0.417,39.3,"temperature value from: Clarke A, and Rothery P. 2008. Scaling of body temperature in mammals and birds. Functional Ecology 22:58-67. ","Ladhams, D. (1968) Diving times of grebes. British Birds 61: 27-30.",0,
Podilymbus (Podiceps) podiceps,Endotherm,0.400000000000000000,0.371,0.54,39.3,"temperature value from: Clarke A, and Rothery P. 2008. Scaling of body temperature in mammals and birds. Functional Ecology 22:58-67. ","Jenni, D.A. & R.D. Gambs (1974) Diving Times of Grebes and Masked Ducks. The Auk 91: 415-417.",0,
Podilymbus (Podiceps) ruficollis,Endotherm,0.200000000000000000,0.1833,NA,39.9,temperature taken to be similar to that for the genus Podilymbus,"Halsey, L.G., P.J. Butler & T.M. Blackburn (2006) A phylogenetic analysis of the allometry of diving. Am. Nat. 167: 276-287.",0,
Podilymbus gigas,Endotherm,0.830000000000000000,0.582,NA,39.9,temperature taken to be similar to that for the genus Podilymbus,"La Bastille, A. (1974) Ecology and Management of the Atitl†n Grebe, Lake Atitl†n, Guatemala. Wildlife Monogr. 37: 3-66.",0,
Podilymbus gigas,Endotherm,0.830000000000000000,0.33,NA,39.9,temperature taken to be similar to that for the genus Podilymbus,"La Bastille, A. (1974) Ecology and Management of the Atitl†n Grebe, Lake Atitl†n, Guatemala. Wildlife Monogr. 37: 3-66.",0,
Podilymbus gigas,Endotherm,0.830000000000000000,0.08,NA,39.9,temperature taken to be similar to that for the genus Podilymbus,"La Bastille, A. (1974) Ecology and Management of the Atitl†n Grebe, Lake Atitl†n, Guatemala. Wildlife Monogr. 37: 3-66.",0,
Podilymbus gigas,Endotherm,0.830000000000000000,0.397,NA,39.9,temperature taken to be similar to that for the genus Podilymbus,"La Bastille, A. (1974) Ecology and Management of the Atitl†n Grebe, Lake Atitl†n, Guatemala. Wildlife Monogr. 37: 3-66.",0,
Podilymbus gigas,Endotherm,0.830000000000000000,0.328,NA,39.9,temperature taken to be similar to that for the genus Podilymbus,"La Bastille, A. (1974) Ecology and Management of the Atitl†n Grebe, Lake Atitl†n, Guatemala. Wildlife Monogr. 37: 3-66.",0,
Podilymbus gigas,Endotherm,0.568200000000000000,0.452,NA,39.9,temperature taken to be similar to that for the genus Podilymbus,"La Bastille, A. (1974) Ecology and Management of the Atitl†n Grebe, Lake Atitl†n, Guatemala. Wildlife Monogr. 37: 3-66.",0,
Podilymbus gigas,Endotherm,0.568200000000000000,0.405,NA,39.9,temperature taken to be similar to that for the genus Podilymbus,"La Bastille, A. (1974) Ecology and Management of the Atitl†n Grebe, Lake Atitl†n, Guatemala. Wildlife Monogr. 37: 3-66.",0,
Poliocephalus poliocephalus,Endotherm,0.250000000000000000,0.25,NA,39.55, temperature taken to be similar to the mean body temperature of Podicipedidae,"Best, H. (1976) First sighting of the Hoary-Headed Grebe (Podiceps poliocephalus) in New Zealand. Notornis 23: 182-183.",0,
Ptychorhamphus aleuticus,Endotherm,0.194000000000000000,0.1667,NA,40.2, temperature taken to be similar to the mean body temperature of Alcidae,"Cody, M.L. (1973) Coexistence, Coevoluation and Convergent Evolution in Seabird Communities. Ecology. 54: 31-44.",0,
Puffinus griseus,Endotherm,0.800000000000000000,0.1267,NA,40.9,temperature taken to be similar to that for the genus Puffinus,"Duffy, D.C. (1983) The Foraging Ecology of Peruvian Seabirds. The Auk 100: 800-810.",0,
Pygoscelis adeliae,Endotherm,4.500000000000000000,1.035,1.55,38,"temperature value from: Clarke A, and Rothery P. 2008. Scaling of body temperature in mammals and birds. Functional Ecology 22:58-67. ","Watanuki, Y., A. Kato, Y. Naito, G. Robertson & S. Robinson (1997) Diving and foraging behaviour of Ade{ lie penguins in areas with and without fast sea-ice. Polar Biol. 17: 296-304.",0,
Pygoscelis adeliae,Endotherm,4.266000000000000000,1.233,1.673,38,"temperature value from: Clarke A, and Rothery P. 2008. Scaling of body temperature in mammals and birds. Functional Ecology 22:58-67. ","Watanuki,Y., Y. Miyamoto & A. Kato (1999) Dive Bouts and Feeding Sites of AdÇlie Penguins Rearing Chicks in an Area with Fast Sea-Ice. Waterbirds 22: 120-129.",0,
Pygoscelis adeliae,Endotherm,4.520000000000000000,1.5,1.7,38,"temperature value from: Clarke A, and Rothery P. 2008. Scaling of body temperature in mammals and birds. Functional Ecology 22:58-67. ","Watanuki, Y., A. Kato, Y. Mori & Y. Naito (1993) Diving Performance of AdÇlie Penguins in Relation to Food Availability in Fast Sea-Ice Areas: Comparison between Years. J. Anim. Ecol. 62: 634-646.",0,
Pygoscelis adeliae,Endotherm,4.550000000000000000,1.9,2.3,38,"temperature value from: Clarke A, and Rothery P. 2008. Scaling of body temperature in mammals and birds. Functional Ecology 22:58-67. ","Watanuki, Y., A. Kato, Y. Mori & Y. Naito (1993) Diving Performance of AdÇlie Penguins in Relation to Food Availability in Fast Sea-Ice Areas: Comparison between Years. J. Anim. Ecol. 62: 634-646.",0,
Pygoscelis adeliae,Endotherm,4.000000000000000000,1.22,2.667,38,"temperature value from: Clarke A, and Rothery P. 2008. Scaling of body temperature in mammals and birds. Functional Ecology 22:58-67. ","Chappell, M.A., V.H.  Shoemaker, D.N. Janes, T.L. Bucher & S.K. Maloney (1993) Diving Behavior During Foraging in Breeding Adelie Penguins. Ecology  74: 1204-1215.",0,
Pygoscelis adeliae,Endotherm,4.500000000000000000,1.915,3.033,38,"temperature value from: Clarke A, and Rothery P. 2008. Scaling of body temperature in mammals and birds. Functional Ecology 22:58-67. ","Davis, L.S., G.D. Ward & R.M.F.S.  Sadleir (1988) Foraging by AdÇlie Penguins during the incubation period. Notornis 35: 15-26.",0,
Pygoscelis adeliae,Endotherm,4.600000000000000000,1.345,3.433,38,"temperature value from: Clarke A, and Rothery P. 2008. Scaling of body temperature in mammals and birds. Functional Ecology 22:58-67. ","Sato, K., Y. Naito, A. Kato, Y. Niizuma, Y. Watanuki, J.B. Charrassin, C.-A. Bost, Y. Handrich & Y. Le Maho (2002) Buoyancy and maximal diving depth in penguins: do they control inhaling air volume? J. Exp. Biol. 205: 1189-1197.",0,
Pygoscelis adeliae,Endotherm,4.500000000000000000,1.7,4,38,"temperature value from: Clarke A, and Rothery P. 2008. Scaling of body temperature in mammals and birds. Functional Ecology 22:58-67. ","Naito, Y., T. Asaga & Y. Ohyama (1990) Diving Behavior of AdÇlie Penguins Determined by Time-Depth Recorder. The Condor 92: 582-586.",0,
Pygoscelis adeliae,Endotherm,4.000000000000000000,1.417,NA,38,"temperature value from: Clarke A, and Rothery P. 2008. Scaling of body temperature in mammals and birds. Functional Ecology 22:58-67. ","Culik, B.M. & R.P. Wilson (1994) Underwater swimming at low energetic cost by pygoscelid penguins. J. Exp. Biol. 197: 65-78.",0,
Pygoscelis adeliae,Endotherm,4.500000000000000000,1.608,NA,38,"temperature value from: Clarke A, and Rothery P. 2008. Scaling of body temperature in mammals and birds. Functional Ecology 22:58-67. ","Kato, A., Y. Watanuki & Y. Naito (2003) Annual and seasonal changes in foraging site and diving behavior in AdÇlie penguins. Polar Biol. 26: 389-395.",0,
Pygoscelis adeliae,Endotherm,4.500000000000000000,0.795,NA,38,"temperature value from: Clarke A, and Rothery P. 2008. Scaling of body temperature in mammals and birds. Functional Ecology 22:58-67. ","Kato, A., Y. Watanuki & Y. Naito (2003) Annual and seasonal changes in foraging site and diving behavior in AdÇlie penguins. Polar Biol. 26: 389-395.",0,
Pygoscelis adeliae,Endotherm,4.190000000000000000,0.758,NA,38,"temperature value from: Clarke A, and Rothery P. 2008. Scaling of body temperature in mammals and birds. Functional Ecology 22:58-67. ","Kato, A., A. Yoshioka & K. Sato (2009) Foraging behavior of AdÇlie penguins during incubation period in LÅtzow-Holm Bay. Polar Biol. 32: 181-186.",0,
Pygoscelis adeliae,Endotherm,4.040000000000000000,0.515,NA,38,"temperature value from: Clarke A, and Rothery P. 2008. Scaling of body temperature in mammals and birds. Functional Ecology 22:58-67. ","Kato, A., A. Yoshioka & K. Sato (2009) Foraging behavior of AdÇlie penguins during incubation period in LÅtzow-Holm Bay. Polar Biol. 32: 181-186.",0,
Pygoscelis adeliae,Endotherm,4.500000000000000000,1.708,NA,38,"temperature value from: Clarke A, and Rothery P. 2008. Scaling of body temperature in mammals and birds. Functional Ecology 22:58-67. ","Rodary, D., B.C. Wienecke & C.A. Bost (2000) Diving behaviour of Ade∂ lie penguins (Pygoscelis adeliae) at Dumont D'Urville, Antarctica: nocturnal patterns of diving and rapid adaptations to changes in sea-ice condition. Polar Biol. 23: 113-120.",0,
Pygoscelis adeliae,Endotherm,4.500000000000000000,1.433,NA,38,"temperature value from: Clarke A, and Rothery P. 2008. Scaling of body temperature in mammals and birds. Functional Ecology 22:58-67. ","Rodary, D., B.C. Wienecke & C.A. Bost (2000) Diving behaviour of Ade∂ lie penguins (Pygoscelis adeliae) at Dumont D'Urville, Antarctica: nocturnal patterns of diving and rapid adaptations to changes in sea-ice condition. Polar Biol. 23: 113-120.",0,
Pygoscelis antartica,Endotherm,3.600000000000000000,1.61,2.6,38,temperature taken to be similar to that for  Pygoscelis adeliae,"Mori , Y. (1997) Dive Bout Organization in the Chinstrap Penguin at Seal Island, Antarctica. J. Ethol. 15: 9-15.",0,
Pygoscelis antartica,Endotherm,3.100000000000000000,1.56,2.9,38,temperature taken to be similar to that for  Pygoscelis adeliae,"Mori , Y. (1997) Dive Bout Organization in the Chinstrap Penguin at Seal Island, Antarctica. J. Ethol. 15: 9-15.",0,
Pygoscelis antartica,Endotherm,3.800000000000000000,1.2,3,38,temperature taken to be similar to that for  Pygoscelis adeliae,"Bengston J.L., D.A. Croll & M.E. Goebel (1993) Diving behaviour of chinstrap penguins at Seal Island. Antarctic Science 5: 9-15.",0,
Pygoscelis antartica,Endotherm,3.800000000000000000,1.3,NA,38,temperature taken to be similar to that for  Pygoscelis adeliae,"Culik, B.M. & R.P. Wilson (1994) Underwater swimming at low energetic cost by pygoscelid penguins. J. Exp. Biol. 197: 65-78.",0,
Pygoscelis antartica,Endotherm,4.000000000000000000,1.517,NA,38,temperature taken to be similar to that for  Pygoscelis adeliae,"Trivelpiece, W.Z., J.L. Bengston, S.G. Trivelpiece & N.J. Volkman (1986) Foraging Behavior of Gentoo and Chinstrap Penguins as Determined by New Radiotelemetry Techniques. The Auk 103:  777-781.",0,
Pygoscelis papua,Endotherm,5.300000000000000000,2.133,3.15,38,temperature taken to be similar to that for  Pygoscelis adeliae,"Trivelpiece, W.Z., J.L. Bengston, S.G. Trivelpiece & N.J. Volkman (1986) Foraging Behavior of Gentoo and Chinstrap Penguins as Determined by New Radiotelemetry Techniques. The Auk 103:  777-781.",0,
Pygoscelis papua,Endotherm,5.500000000000000000,3.383,5.5,38,temperature taken to be similar to that for  Pygoscelis adeliae,"Bost, C.A., K. PÅtz & J. Lage (1994) Maximum diving depth and diving patterns of the gentoo penguin Pygoscelis papua at the Crozet Islands. Mar. Ornithol. 22: 237?244.",0,
Pygoscelis papua,Endotherm,5.500000000000000000,1.433,NA,38,temperature taken to be similar to that for  Pygoscelis adeliae,"Culik, B.M. & R.P. Wilson (1994) Underwater swimming at low energetic cost by pygoscelid penguins. J. Exp. Biol. 197: 65-78.",0,
Pygoscelis papua,Endotherm,5.500000000000000000,2.4,NA,38,temperature taken to be similar to that for  Pygoscelis adeliae,"Williams, T.D., A. Kato, J.P. Croxall, Y. Naito, D.R. Briggs, S. Rodwell & T.R. Barton (1992) Diving pattern and performance in nonbreeding Gentoo Penguins (Pygoscelis papua) during winter. Auk 109: 223-234.",0,
Pygoscelis papua,Endotherm,5.500000000000000000,2.8,NA,38,temperature taken to be similar to that for  Pygoscelis adeliae,"Williams, T.D., A. Kato, J.P. Croxall, Y. Naito, D.R. Briggs, S. Rodwell & T.R. Barton (1992) Diving pattern and performance in nonbreeding Gentoo Penguins (Pygoscelis papua) during winter. Auk 109: 223-234.",0,
Pygoscelis papua,Endotherm,5.500000000000000000,3,NA,38,temperature taken to be similar to that for  Pygoscelis adeliae,"Williams, T.D., D.R. Briggs, J.P. Croxall, Y. Naito & A. Kato (1992) Diving pattern and performance in relation to foraging ecology in the Gentoo Penguin, Pygoscelis papua. J. Zool. (Lond.) 227: 211-230.",0,
Pygoscelis papua,Endotherm,5.500000000000000000,3.1,NA,38,temperature taken to be similar to that for  Pygoscelis adeliae,"Williams, T.D., D.R. Briggs, J.P. Croxall, Y. Naito & A. Kato (1992) Diving pattern and performance in relation to foraging ecology in the Gentoo Penguin, Pygoscelis papua. J. Zool. (Lond.) 227: 211-230.",0,
Rheodytes leukops,Ectotherm,1.325000000000000000,7,10,30,data on mean or mean max dive times measured under anoxia (so the data are not confounded with aquatic respiration),"Priest, T. & C.E. Franklin (2002) Effect of water temperature and oxygen levels on the diving behaviour of two freshwater turtles: Rheodytes leukops and Emydura macquarii. J. Herpetol. 36: 555-561.",0,
Rheodytes leukops,Ectotherm,1.325000000000000000,16,37,23,data on mean or mean max dive times measured under anoxia (so the data are not confounded with aquatic respiration),"Priest, T. & C.E. Franklin (2002) Effect of water temperature and oxygen levels on the diving behaviour of two freshwater turtles: Rheodytes leukops and Emydura macquarii. J. Herpetol. 36: 555-561.",0,
Rheodytes leukops,Ectotherm,1.340000000000000000,23.6,3441.6,27.3,"Summer; data were in a natural setting, so we cannot exclude aquatic respiration","Gordos, M.A., C.E. Franklin & C.J. Limpus (2003) Seasonal changes in the diving performance of the bimodally respiring freshwater turtle Rheodytes leukops in a natural setting. Can. J. Zool. 81: 617-625.",0,
Rheodytes leukops,Ectotherm,1.340000000000000000,10512,30240,16.5,"Winter; data were in a natural setting, so we cannot exclude aquatic respiration","Gordos, M.A., C.E. Franklin & C.J. Limpus (2003) Seasonal changes in the diving performance of the bimodally respiring freshwater turtle Rheodytes leukops in a natural setting. Can. J. Zool. 81: 617-625.",0,
Rheodytes leukops,Ectotherm,1.460000000000000000,33.5,NA,25.5,"data were in a natural setting, so we cannot exclude aquatic respiration","Gordos M, and Franklin CE. 2002. Diving behaviour of two Australian bimodally respiring turtles, Rheodytes leukops and Emydura macquarii, in a natural setting. Journal of Zoology 258:335-342. 10.1017/s0952836902001474",0,
Somateria mollissima,Endotherm,2.100000000000000000,0.773,0.85,40.87,"temperature value from: Sonne, C., Andersen, S., Mosbech, A., Flagstad, A., & Merkel, F. (2011). Monitoring Temperature and Heart Rate during Surgical Field Implantation of PTT-100 Satellite Transmitters in Greenland Sea Birds. Veterinary medicine international, 2011.","Nilsson, L. (1972) Habitat Selection, Food Choice, and Feeding Habits of Diving Ducks in Coastal Waters of SouthSweden during the Non-Breeding Season. Ornis Scandinavica 3: 55-78.",0,
Somateria spectabilis,Endotherm,1.800000000000000000,NA,1.35,40.87,temperature taken to be similar to that for Somateria mollissima,"Halsey, L.G., P.J. Butler & T.M. Blackburn (2006) A phylogenetic analysis of the allometry of diving. Am. Nat. 167: 276-287.",0,
Spheniscus demersus,Endotherm,3.000000000000000000,NA,1.567,39.8,"temperature value from: Wilson, R. P., & GrÇmillet, D. A. V. I. D. (1996). Body temperatures of free-living African penguins (Spheniscus demersus) and bank cormorants (Phalacrocorax neglectus). Journal of Experimental Biology, 199(10), 2215-2223. ","Ryan, P.G., S. Petersen, A. Simeone & D. GrÇmillet (2007) Diving behaviour of African penguins: do they differ from other Spheniscus penguins? Afr. J. Mar. Sci. 29: 153-160.",0,
Spheniscus demersus,Endotherm,3.000000000000000000,0.868,2.317,39.8,"temperature value from: Wilson, R. P., & GrÇmillet, D. A. V. I. D. (1996). Body temperatures of free-living African penguins (Spheniscus demersus) and bank cormorants (Phalacrocorax neglectus). Journal of Experimental Biology, 199(10), 2215-2223. ","Peterson, S.L., P.G. Ryan & D. Gremillet (2006) Is food availability limiting African Penguins Spheniscus demersus at Boulders? A comparison of foraging effort at mainland and island colonies. Ibis 148: 14-26.",0,
Spheniscus demersus,Endotherm,3.000000000000000000,0.862,2.317,39.8,"temperature value from: Wilson, R. P., & GrÇmillet, D. A. V. I. D. (1996). Body temperatures of free-living African penguins (Spheniscus demersus) and bank cormorants (Phalacrocorax neglectus). Journal of Experimental Biology, 199(10), 2215-2223. ","Ryan, P.G., S. Petersen, A. Simeone & D. GrÇmillet (2007) Diving behaviour of African penguins: do they differ from other Spheniscus penguins? Afr. J. Mar. Sci. 29: 153-160.",0,
Spheniscus demersus,Endotherm,3.000000000000000000,0.845,2.367,39.8,"temperature value from: Wilson, R. P., & GrÇmillet, D. A. V. I. D. (1996). Body temperatures of free-living African penguins (Spheniscus demersus) and bank cormorants (Phalacrocorax neglectus). Journal of Experimental Biology, 199(10), 2215-2223. ","Ryan, P.G., S. Petersen, A. Simeone & D. GrÇmillet (2007) Diving behaviour of African penguins: do they differ from other Spheniscus penguins? Afr. J. Mar. Sci. 29: 153-160.",0,
Spheniscus demersus,Endotherm,3.000000000000000000,0.372,NA,39.8,"temperature value from: Wilson, R. P., & GrÇmillet, D. A. V. I. D. (1996). Body temperatures of free-living African penguins (Spheniscus demersus) and bank cormorants (Phalacrocorax neglectus). Journal of Experimental Biology, 199(10), 2215-2223. ","Wilson, R.P. (1985) The Jackass Penguin (Spheniscus demersus) as a pelagic predator. Mar. Ecol. Prog. Ser. 25: 219-227.",0,
Spheniscus demersus,Endotherm,3.000000000000000000,2.433,NA,39.8,"temperature value from: Wilson, R. P., & GrÇmillet, D. A. V. I. D. (1996). Body temperatures of free-living African penguins (Spheniscus demersus) and bank cormorants (Phalacrocorax neglectus). Journal of Experimental Biology, 199(10), 2215-2223. ","Wilson, R.P. (1985) The Jackass Penguin (Spheniscus demersus) as a pelagic predator. Mar. Ecol. Prog. Ser. 25: 219-227.",0,
Spheniscus demersus,Endotherm,3.000000000000000000,0.328,NA,39.8,"temperature value from: Wilson, R. P., & GrÇmillet, D. A. V. I. D. (1996). Body temperatures of free-living African penguins (Spheniscus demersus) and bank cormorants (Phalacrocorax neglectus). Journal of Experimental Biology, 199(10), 2215-2223. ","Wilson, R.P., M.P. Wilson & M. McQuaid (1986) Group Size in Foraging African Penguins (Spheniscus demersus). Ethology 72: 338-341. ",0,
Spheniscus humboldti,Endotherm,4.199000000000000000,1.25,NA,39.8,temperature taken to be similar to that for Spheniscus demersus,"Duffy, D.C. (1983) The Foraging Ecology of Peruvian Seabirds. The Auk 100: 800-810.",0,
Spheniscus humboldti,Endotherm,4.199000000000000000,0.675,NA,39.8,temperature taken to be similar to that for Spheniscus demersus,"Taylor, S.S., M.L. Leonard, D.J. Boness & P. Majluf (2004) Humboldt Penguins Spheniscus humboldti change their foraging behaviour following breeding failure. Marine Ornithology 32: 63-67.",0,
Spheniscus humboldti,Endotherm,4.199000000000000000,0.77,NA,39.8,temperature taken to be similar to that for Spheniscus demersus,"Taylor, S.S., M.L. Leonard, D.J. Boness & P. Majluf (2004) Humboldt Penguins Spheniscus humboldti change their foraging behaviour following breeding failure. Marine Ornithology 32: 63-67.",0,
Spheniscus humboldti,Endotherm,4.199000000000000000,0.437,NA,39.8,temperature taken to be similar to that for Spheniscus demersus,"Wilson, R.P., M-P Wilson, D.C. Duffy, B.A. M & N. Klages (1989) Diving behaviour and prey of the Humboldt penguin (Spheniscus humboldti). J. Ornithol. 130: 75-79.",0,
Spheniscus humboldti,Endotherm,4.199000000000000000,0.2217,NA,39.8,temperature taken to be similar to that for Spheniscus demersus,"Wilson, R.P., M-P Wilson, D.C. Duffy, B.A. M & N. Klages (1989) Diving behaviour and prey of the Humboldt penguin (Spheniscus humboldti). J. Ornithol. 130: 75-79.",0,
Spheniscus magellanicus,Endotherm,5.000000000000000000,0.362,0.433,39.8,temperature taken to be similar to that for Spheniscus demersus,"Wilson, R.P. (1996) Foraging And Feeding Behaviour Of A Fledgling Magellanic Penguin Spheniscus Magellanicus. Marine Ornithology 24: 55-56.",0,
Spheniscus magellanicus,Endotherm,5.000000000000000000,1.072,2.667,39.8,temperature taken to be similar to that for Spheniscus demersus,"Radl, A. & B.M. Culik (1999) Foraging behaviour and reproductive success in Magellanic penguins (Spheniscus magellanicus): a comparative study of two colonies in southern Chile. Mar. Biol. 133: 381-393.",0,
Spheniscus magellanicus,Endotherm,5.000000000000000000,0.963,2.667,39.8,temperature taken to be similar to that for Spheniscus demersus,"Radl, A. & B.M. Culik (1999) Foraging behaviour and reproductive success in Magellanic penguins (Spheniscus magellanicus): a comparative study of two colonies in southern Chile. Mar. Biol. 133: 381-393.",0,
Spheniscus magellanicus,Endotherm,5.000000000000000000,1.225,3.9,39.8,temperature taken to be similar to that for Spheniscus demersus,"Peters, G., R.P. Wilson, J.A. Scolaro, S. Laurenti, J. Upton & H. Gallelli (1998) The diving behavior of the Magellanic penguin (Spheniscus magellanicus) at Punta Norte, Peninsula Valdes, Argentina. Colonial  Waterbirds 21: 1-10.",0,
Spheniscus mendiculus,Endotherm,2.130000000000000000,0.15,1.9,39.8,temperature taken to be similar to that for Spheniscus demersus,"Mills, K.L.. (2000) Diving Behaviour Of Two Gal†pagos Penguins Spheniscus mendiculus. Marine Ornithology 28: 75-79.",0,
Stenella attenuata,Endotherm,80.000000000000000000,NA,3.4,37,temperature taken to be similar to that for Stenella longirostris,"Leatherwood, S. & D.K. Ljungblad (1979) Nightmare swimming and diving behavior of a radio-tagged spotted dolphin, Stenella attenuata. Cetology 34: 1-6.",0,
Stenella attenuata,Endotherm,80.000000000000000000,1.43,4.6,37,temperature taken to be similar to that for Stenella longirostris,"Baird, R.W., A.D. Ligon, S.K. Hooker & A.M. Gorgone (2001) Subsurface and nighttime behaviour of pantropical spotted dolphins in Hawaii. Can. J. Zool. 79: 988?996",0,
Stenella attenuata,Endotherm,,1.52,5.4,37,approximated from data for Stenella longirostris,"Scott MS, Chivers SJ. 2009. Movements and diving behavior of pelagic spotted dolphins. Mar Mamm Sci 25: 137-160,",0,
Stenella longirostris,Endotherm,77.000000000000000000,2.25,NA,37,"Temperature taken from: HAMPTON, I. F. G., and G. C. WHITTOW. 1976. Body temperature and heat transfer in the Hawaiian spinner dolphin, Stenella longirostris. Comp. Biochem. Physiol. 55A:195-197",Fitch & Brownell '68; Norris & Dohl '80; W?rsig et al. '94 ~,0,
Sula leucogaster,Endotherm,1.194000000000000000,0.0333,NA,40.7,temperature taken to be similar to that for Sula dactylatra,"Weimerskirch, H., S.A. Shaffer, Y. Tremblay, D.P. Costa, H. Gadenne, A. Kato, Y. Ropert-Coudert, K. Sato & D. Aurioles (2009) Species- and sex-specific differences in foraging behaviour and foraging zones in blue-footed and brown boobies in the Gulf of California. Mar. Ecol. Prog. Ser. 391: 267-278.",0,
Sula leucogaster,Endotherm,1.448000000000000000,0.0317,NA,40.7,temperature taken to be similar to that for Sula dactylatra,"Weimerskirch, H., S.A. Shaffer, Y. Tremblay, D.P. Costa, H. Gadenne, A. Kato, Y. Ropert-Coudert, K. Sato & D. Aurioles (2009) Species- and sex-specific differences in foraging behaviour and foraging zones in blue-footed and brown boobies in the Gulf of California. Mar. Ecol. Prog. Ser. 391: 267-278.",0,
Sula nebouxii,Endotherm,1.319000000000000000,0.085,0.383,40.7,temperature taken to be similar to that for Sula dactylatra,"Zavalaga, C.B., S. Benvenuti, L. Dall?Antonia & S.D. Emslie (2007) Diving behavior of blue-footed boobies Sula nebouxii in northern Peru in relation to sex, body size and prey type. Mar. Ecol. Prog. Ser. 336: 291-303.",0,
Sula nebouxii,Endotherm,1.319000000000000000,0.095,0.45,40.7,temperature taken to be similar to that for Sula dactylatra,"Zavalaga, C.B., S. Benvenuti, L. Dall?Antonia & S.D. Emslie (2007) Diving behavior of blue-footed boobies Sula nebouxii in northern Peru in relation to sex, body size and prey type. Mar. Ecol. Prog. Ser. 336: 291-303.",0,
Sula nebouxii,Endotherm,1.723000000000000000,0.1333,0.583,40.7,temperature taken to be similar to that for Sula dactylatra,"Zavalaga, C.B., S. Benvenuti, L. Dall?Antonia & S.D. Emslie (2007) Diving behavior of blue-footed boobies Sula nebouxii in northern Peru in relation to sex, body size and prey type. Mar. Ecol. Prog. Ser. 336: 291-303.",0,
Sula nebouxii,Endotherm,1.430000000000000000,0.0583,NA,40.7,temperature taken to be similar to that for Sula dactylatra,"Weimerskirch, H., S.A. Shaffer, Y. Tremblay, D.P. Costa, H. Gadenne, A. Kato, Y. Ropert-Coudert, K. Sato & D. Aurioles (2009) Species- and sex-specific differences in foraging behaviour and foraging zones in blue-footed and brown boobies in the Gulf of California. Mar. Ecol. Prog. Ser. 391: 267-278.",0,
Sula nebouxii,Endotherm,1.811000000000000000,0.08,NA,40.7,temperature taken to be similar to that for Sula dactylatra,"Weimerskirch, H., S.A. Shaffer, Y. Tremblay, D.P. Costa, H. Gadenne, A. Kato, Y. Ropert-Coudert, K. Sato & D. Aurioles (2009) Species- and sex-specific differences in foraging behaviour and foraging zones in blue-footed and brown boobies in the Gulf of California. Mar. Ecol. Prog. Ser. 391: 267-278.",0,
Sula variegata,Endotherm,,0.071333333,0.328666667,40.7,approximated from Sula dactylatra data,"Zavalaga, C.B., Halls, J.N., Mori, G.P., Taylor, S.A. & DellíOmo, G. (2010) At-sea movement patterns and diving behavior of Peruvian boobies (Sula variegate) in northern Peru. Marine Ecology Progress Series, 404, 259ñ274.",0,
Sula variegata,Endotherm,1.300000000000000000,0.0533,NA,40.7,temperature taken to be similar to that for Sula dactylatra,"Duffy, D.C. (1983) The Foraging Ecology of Peruvian Seabirds. The Auk 100: 800-810.",0,
Sula variegata,Endotherm,1.300000000000000000,0.0567,NA,40.7,temperature taken to be similar to that for Sula dactylatra,"Ludynia, K., S. Garthe & G. Luna-Jorquera (2010) Distribution and foraging behaviour of the Peruvian Booby (Sula variegata) off northern Chile. J. Ornithol. 151: 103-111.",0,
Sula variegata,Endotherm,1.300000000000000000,0.0467,NA,40.7,temperature taken to be similar to that for Sula dactylatra,"Ludynia, K., S. Garthe & G. Luna-Jorquera (2010) Distribution and foraging behaviour of the Peruvian Booby (Sula variegata) off northern Chile. J. Ornithol. 151: 103-111.",0,
Synthliboramphus hypoleucus,Endotherm,0.156900000000000000,0.3,NA,39.1,"temperature value from: Clarke A, and Rothery P. 2008. Scaling of body temperature in mammals and birds. Functional Ecology 22:58-67. ","Hamilton, C.D., R.T. Golightly & J.Y. Takekawa (2005) Characteristics of diving in radio-marked Xantus?s Murrelets. Marine Ornithology 33: 155-159.",0,
Synthliboramphus hypoleucus,Endotherm,0.156900000000000000,0.467,NA,39.1,"temperature value from: Clarke A, and Rothery P. 2008. Scaling of body temperature in mammals and birds. Functional Ecology 22:58-67. ","Hamilton, C.D., R.T. Golightly & J.Y. Takekawa (2005) Characteristics of diving in radio-marked Xantus?s Murrelets. Marine Ornithology 33: 155-159.",0,
Synthliboramphus hypoleucus,Endotherm,0.156900000000000000,0.4,NA,39.1,"temperature value from: Clarke A, and Rothery P. 2008. Scaling of body temperature in mammals and birds. Functional Ecology 22:58-67. ","Hamilton, C.D., R.T. Golightly & J.Y. Takekawa (2005) Characteristics of diving in radio-marked Xantus?s Murrelets. Marine Ornithology 33: 155-159.",0,
Tachybaptus dominicus,Endotherm,0.100000000000000000,0.208,0.245,39.55, temperature taken to be similar to the mean body temperature of Podicipedidae,"Jenni, D.A. (1969) Diving Times of the Least Grebe and Masked Duck. The Auk 86: 355-356.",0,
Tachybaptus dominicus,Endotherm,0.100000000000000000,0.2167,0.353,39.55, temperature taken to be similar to the mean body temperature of Podicipedidae,"Jenni, D.A. & R.D. Gambs (1974) Diving Times of Grebes and Masked Ducks. The Auk 91: 415-417.",0,
Triturus alpestris,Ectotherm,0.002600000000000000,3.61,NA,15,,"?amajova, P. & L. Gvo?d°k (2009) The influence of temperature on diving behaviour in the alpine newt, Triturus alpestris. J. Therm. Biol. 34: 401-405.",0,
Triturus alpestris,Ectotherm,0.002600000000000000,2.3,NA,20,,"?amajova, P. & L. Gvo?d°k (2009) The influence of temperature on diving behaviour in the alpine newt, Triturus alpestris. J. Therm. Biol. 34: 401-405.",0,
Triturus alpestris,Ectotherm,0.002600000000000000,1.1,NA,25,,"?amajova, P. & L. Gvo?d°k (2009) The influence of temperature on diving behaviour in the alpine newt, Triturus alpestris. J. Therm. Biol. 34: 401-405.",0,
Tursiops aduncus,Endotherm,,0.253333333,NA,36.75,approximated from value for tursiops truncatus,"Seuront, L. & Cribb, N. (2011). Fractal analysis reveals pernicious stress levels related to boat presence and type in the Indo-Pacific bottlenose dolphin, Tursiops aduncus. Physica A, 390(12), 2333-2339.",0,
Tursiops truncatus,Endotherm,186.300000000000000000,1.92,3.42,36.75,"Temperature taken from: Melero, M., Rodr°guez-Prieto, V., Rubio-Garc°a, A., Garc°a-P†rraga, D., & S†nchez-Vizca°no, J. M. (2015). Thermal reference points as an index for monitoring body temperature in marine mammals. BMC research notes, 8(1), 411.","Noren, S.R., T. Kendall, V. Cuccurullo & T.M. Williams (2012) The dive response redefined: underwater behavior influences cardiac variability in freely diving dolphins. J. Exp. Biol. 215: 2735-2741.",0,
Tursiops truncatus,Endotherm,,3.5,4,36.75,Melero et al. 2015,"Davis RW, Williams TM (2012) The marine mammal dive response is exercise modulated to maximize aerobic dive duration. J Comp Physiol A 198:583?591",0,
Tursiops truncatus,Endotherm,,,8,36.75,Melero et al. 2015,Ponganis PJ. 2011. Diving mammals. Comprehensive Physiol 1:517-535,0,
Tursiops truncatus,Endotherm,201.000000000000000000,0.922,NA,36.75,"Temperature taken from: Melero, M., Rodr°guez-Prieto, V., Rubio-Garc°a, A., Garc°a-P†rraga, D., & S†nchez-Vizca°no, J. M. (2015). Thermal reference points as an index for monitoring body temperature in marine mammals. BMC research notes, 8(1), 411.","Lockyer, C. & R. Morris (1987) Observation on diving behaviour and swimming speeds in a wild juvenile Tursiops truncatus. Aquatic  Mammals 13: 31-35.",0,
Uria aalge,Endotherm,1.000000000000000000,0.917,1.167,41.6,"temperature value from: Clarke A, and Rothery P. 2008. Scaling of body temperature in mammals and birds. Functional Ecology 22:58-67. ","Ainley D.G., Strong C., Penniman T., Boekelheide T. (1990) The feeding ecology of Farallon seabirds. p. 51-127. In: D.G. Ainley & R.J. Boekelkeide (eds.) Seabirds of the Farallon Islands: Ecology, Dynamics, and Structure of an Upwelling-System Community. Stanford University Press, Stanford, California. 450pp.",0,
Uria aalge,Endotherm,0.993000000000000000,0.645,1.983,41.6,"temperature value from: Clarke A, and Rothery P. 2008. Scaling of body temperature in mammals and birds. Functional Ecology 22:58-67. ","Tremblay, Y., Y. Cherel, M. Oremus, T. Tveraa & O. Chastel (2003) Unconventional ventral attachment of time?depth recorders as a new method for investigating time budget and diving behaviour of seabirds. J. Exp. Biol. 206: 1929-1940.",0,
Uria aalge,Endotherm,1.000000000000000000,1.277,2.333,41.6,"temperature value from: Clarke A, and Rothery P. 2008. Scaling of body temperature in mammals and birds. Functional Ecology 22:58-67. ","Monaghan, P., P. Walton., S. Wanless., J.D. Uttley & M.D. Burns (1994) Effects of prey abundance on the foraging behaviour, diving efficiency and time allocation of breeding Guillemots Uria aalge. IBIS 136: 214-222.",0,
Uria aalge,Endotherm,1.000000000000000000,1.233,2.667,41.6,"temperature value from: Clarke A, and Rothery P. 2008. Scaling of body temperature in mammals and birds. Functional Ecology 22:58-67. ","Bradstreet, M.S.W. (1982) Occurrence, Habitat Use, and Behavior of Seabirds, Marine Mammals, and Arctic Cod at the Pond Inlet Ice Edge. Arctic 35: 28-40.",0,
Uria aalge,Endotherm,1.000000000000000000,1.197,2.983,41.6,"temperature value from: Clarke A, and Rothery P. 2008. Scaling of body temperature in mammals and birds. Functional Ecology 22:58-67. ","Monaghan, P., P. Walton., S. Wanless., J.D. Uttley & M.D. Burns (1994) Effects of prey abundance on the foraging behaviour, diving efficiency and time allocation of breeding Guillemots Uria aalge. IBIS 136: 214-222.",0,
Uria aalge,Endotherm,1.000000000000000000,2.283,3.2,41.6,"temperature value from: Clarke A, and Rothery P. 2008. Scaling of body temperature in mammals and birds. Functional Ecology 22:58-67. ","Bradstreet, M.S.W. (1982) Occurrence, Habitat Use, and Behavior of Seabirds, Marine Mammals, and Arctic Cod at the Pond Inlet Ice Edge. Arctic 35: 28-40.",0,
Uria aalge,Endotherm,,1.066666667,3.533333333,41.6,original value from Clarke and Rothery,"Hedd, A., Regular, P.M., Montevecchi, W.A., Buren, A.D., Burke, C.M. & Fifield, D.A. (2009). Going deep: common murres dive into frigid water for aggregated, persistent and slow-moving capelin. Mar. Biol. 156, 741ñ751",0,
Uria aalge,Endotherm,1.000000000000000000,1.787,NA,41.6,"temperature value from: Clarke A, and Rothery P. 2008. Scaling of body temperature in mammals and birds. Functional Ecology 22:58-67. ","Camphuysen, C. (2005) Understanding marine foodweb processes: An ecosystem approach to sustainable Sandeel fisheries in the North Sea. IMPRESS Report, Koninklijk Nederlands Instituut voor Onderzoek der Zee, Q5RS-2000-30864, Texel. 241pp.",0,
Uria aalge,Endotherm,1.000000000000000000,1.795,NA,41.6,"temperature value from: Clarke A, and Rothery P. 2008. Scaling of body temperature in mammals and birds. Functional Ecology 22:58-67. ","Camphuysen, C. (2005) Understanding marine foodweb processes: An ecosystem approach to sustainable Sandeel fisheries in the North Sea. IMPRESS Report, Koninklijk Nederlands Instituut voor Onderzoek der Zee, Q5RS-2000-30864, Texel. 241pp.",0,
Uria aalge,Endotherm,1.000000000000000000,1.733,NA,41.6,"temperature value from: Clarke A, and Rothery P. 2008. Scaling of body temperature in mammals and birds. Functional Ecology 22:58-67. ","Camphuysen, C. (2005) Understanding marine foodweb processes: An ecosystem approach to sustainable Sandeel fisheries in the North Sea. IMPRESS Report, Koninklijk Nederlands Instituut voor Onderzoek der Zee, Q5RS-2000-30864, Texel. 241pp.",0,
Uria aalge,Endotherm,1.000000000000000000,1.667,NA,41.6,"temperature value from: Clarke A, and Rothery P. 2008. Scaling of body temperature in mammals and birds. Functional Ecology 22:58-67. ","Camphuysen, C. (2005) Understanding marine foodweb processes: An ecosystem approach to sustainable Sandeel fisheries in the North Sea. IMPRESS Report, Koninklijk Nederlands Instituut voor Onderzoek der Zee, Q5RS-2000-30864, Texel. 241pp.",0,
Uria aalge,Endotherm,1.000000000000000000,1.195,NA,41.6,"temperature value from: Clarke A, and Rothery P. 2008. Scaling of body temperature in mammals and birds. Functional Ecology 22:58-67. ","Camphuysen, C. (2005) Understanding marine foodweb processes: An ecosystem approach to sustainable Sandeel fisheries in the North Sea. IMPRESS Report, Koninklijk Nederlands Instituut voor Onderzoek der Zee, Q5RS-2000-30864, Texel. 241pp.",0,
Uria aalge,Endotherm,1.000000000000000000,0.683,NA,41.6,"temperature value from: Clarke A, and Rothery P. 2008. Scaling of body temperature in mammals and birds. Functional Ecology 22:58-67. ","Cody, M.L. (1973) Coexistence, Coevoluation and Convergent Evolution in Seabird Communities. Ecology. 54: 31-44.",0,
Uria aalge,Endotherm,,0.773333333,NA,41.6,original value from Clarke and Rothery,"Thaxter C, Wanless S, Daunt F, Harris M, Benvenuti S, Watanuki Y, GrÈmillet D, Hamer K (2010) Influence of wing loading on the trade-off between pursuit-diving and flight in common guillemots and razorbills. J Exp Biol 213:1018ñ1025",0,
Uria aalge,Endotherm,,1.973333333,NA,41.6,original value from Clarke and Rothery,"Thaxter C, Wanless S, Daunt F, Harris M, Benvenuti S, Watanuki Y, GrÈmillet D, Hamer K (2010) Influence of wing loading on the trade-off between pursuit-diving and flight in common guillemots and razorbills. J Exp Biol 213:1018ñ1025",0,
Uria lomvia,Endotherm,1.000000000000000000,1.622,3.217,39.7,"temperature value from: Sonne, C., Andersen, S., Mosbech, A., Flagstad, A., & Merkel, F. (2011). Monitoring Temperature and Heart Rate during Surgical Field Implantation of PTT-100 Satellite Transmitters in Greenland Sea Birds. Veterinary medicine international, 2011.","Mehlum, F., Y. Watanuki & A. Takahashi (2001) Diving behaviour and foraging habitats of Brunnich's guillemots (Uria lomvia) breeding in the High-Arctic. J. Zool. Lond. 255: 413-423.",0,
Uria lomvia,Endotherm,1.024000000000000000,1.75,3.267,39.7,"temperature value from: Sonne, C., Andersen, S., Mosbech, A., Flagstad, A., & Merkel, F. (2011). Monitoring Temperature and Heart Rate during Surgical Field Implantation of PTT-100 Satellite Transmitters in Greenland Sea Birds. Veterinary medicine international, 2011.","Mori, Y., A. Takahashi, F. Mehlum & Y. Waranuki (2002) An application of optimal diving models to diving behaviour of Brunnich?s guillemots. Anim. Behav. 64: 739-745.",0,
Uria lomvia,Endotherm,1.000000000000000000,2.055,3.667,39.7,"temperature value from: Sonne, C., Andersen, S., Mosbech, A., Flagstad, A., & Merkel, F. (2011). Monitoring Temperature and Heart Rate during Surgical Field Implantation of PTT-100 Satellite Transmitters in Greenland Sea Birds. Veterinary medicine international, 2011.","Jones, I.L., S. Rowe, S.M. Carr, G. Fraser & P. Taylor (2002) Different Patterns of Parental Effort during Chick-Rearing by Female and Male Thick-Billed Murres (Uria lomvia) at a Low-Arctic Colony. The Auk 119: 1064-1074.",0,
Uria lomvia,Endotherm,1.150000000000000000,0.917,3.733,39.7,"temperature value from: Sonne, C., Andersen, S., Mosbech, A., Flagstad, A., & Merkel, F. (2011). Monitoring Temperature and Heart Rate during Surgical Field Implantation of PTT-100 Satellite Transmitters in Greenland Sea Birds. Veterinary medicine international, 2011.","Croll, D.A., A.J. Gaston, A.E. Burger & D. Konnof (1992) Foraging Behavior and Physiological Adaptation for Diving in Thick-Billed Murres. Ecology 73: 344-356.",0,
Uria lomvia,Endotherm,0.934000000000000000,2.05,4,39.7,"temperature value from: Sonne, C., Andersen, S., Mosbech, A., Flagstad, A., & Merkel, F. (2011). Monitoring Temperature and Heart Rate during Surgical Field Implantation of PTT-100 Satellite Transmitters in Greenland Sea Birds. Veterinary medicine international, 2011.","Falk, K, S. Benvenuti, L. Dall?Antonia, K. Kampp & A. Ribolini (2000) Time allocation and foraging behaviour of chick-rearing BrÅnnich?s Guillemots Uria lomvia in high-arctic Greenland. Ibis 142: 82-92.",0,
Uria lomvia,Endotherm,1.000000000000000000,1.423,4,39.7,"temperature value from: Sonne, C., Andersen, S., Mosbech, A., Flagstad, A., & Merkel, F. (2011). Monitoring Temperature and Heart Rate during Surgical Field Implantation of PTT-100 Satellite Transmitters in Greenland Sea Birds. Veterinary medicine international, 2011.","Jones, I.L., S. Rowe, S.M. Carr, G. Fraser & P. Taylor (2002) Different Patterns of Parental Effort during Chick-Rearing by Female and Male Thick-Billed Murres (Uria lomvia) at a Low-Arctic Colony. The Auk 119: 1064-1074.",0,
Uria lomvia,Endotherm,1.000000000000000000,1.438,NA,39.7,"temperature value from: Sonne, C., Andersen, S., Mosbech, A., Flagstad, A., & Merkel, F. (2011). Monitoring Temperature and Heart Rate during Surgical Field Implantation of PTT-100 Satellite Transmitters in Greenland Sea Birds. Veterinary medicine international, 2011.","Benvenuti, S., L. Dall?Antonia & K. Falk (2002) Diving behaviour differs between incubating and brooding BrÅnnich?s guillemots, Uria lomvia. Polar Biol. 25: 474?478.",0,
Uria lomvia,Endotherm,1.000000000000000000,1.755,NA,39.7,"temperature value from: Sonne, C., Andersen, S., Mosbech, A., Flagstad, A., & Merkel, F. (2011). Monitoring Temperature and Heart Rate during Surgical Field Implantation of PTT-100 Satellite Transmitters in Greenland Sea Birds. Veterinary medicine international, 2011.","Benvenuti, S., L. Dall?Antonia & K. Falk (2002) Diving behaviour differs between incubating and brooding BrÅnnich?s guillemots, Uria lomvia. Polar Biol. 25: 474?478.",0,
Uria lomvia,Endotherm,0.945500000000000000,1.867,NA,39.7,"temperature value from: Sonne, C., Andersen, S., Mosbech, A., Flagstad, A., & Merkel, F. (2011). Monitoring Temperature and Heart Rate during Surgical Field Implantation of PTT-100 Satellite Transmitters in Greenland Sea Birds. Veterinary medicine international, 2011.","Falk, K., S. Benvenuti, L. Dall?Antonia, G. Gilchris & K. Kampp (2002) Foraging behaviour of thick-billed murres breeding in different sectors of the North Water polynya: an inter-colony comparison. Mar. Ecol. Prog. Ser. 231: 293?302.",0,
Uria lomvia,Endotherm,0.906000000000000000,1.427,NA,39.7,"temperature value from: Sonne, C., Andersen, S., Mosbech, A., Flagstad, A., & Merkel, F. (2011). Monitoring Temperature and Heart Rate during Surgical Field Implantation of PTT-100 Satellite Transmitters in Greenland Sea Birds. Veterinary medicine international, 2011.","Falk, K., S. Benvenuti, L. Dall?Antonia, G. Gilchris & K. Kampp (2002) Foraging behaviour of thick-billed murres breeding in different sectors of the North Water polynya: an inter-colony comparison. Mar. Ecol. Prog. Ser. 231: 293?302.",0,
Ursus maritimus,Endotherm,450.000000000000000000,0.2167,0.483,36.8,"temperature value from: Clarke A, and Rothery P. 2008. Scaling of body temperature in mammals and birds. Functional Ecology 22:58-67. ","Dyck, M.G. & S. Romberg (2007) Observations of a wild polar bear (Ursus maritimus) successfully fishing Arctic charr (Salvelinus alpinus) and Fourhorn sculpin (Myoxocephalus quadricornis). Polar Biol. 30: 1625-1628.",0,
Zalophus californianus,Endotherm,72.000000000000000000,2.2,2.7,37,"temperature value from: Liwanag, H. E. M., Williams, T. M., Costa, D. P., Kanatous, S. B., Davis, R. W., & Boyd, I. L. (2009). The effects of water temperature on the energetic costs of juvenile and adult California sea lions (Zalophus californianus): the importance of skeletal muscle thermogenesis for thermal balance. Journal of Experimental Biology, 212(24), 3977-3984.","McDonald, B.I. & P.J. Ponganis (2013) Insights from venous oxygen profiles: oxygen utilization and management in diving California sea lions. J. Exp. Biol. 216: 3332-3341.",0,
Zalophus californianus,Endotherm,83.000000000000000000,2.4,3.1,37,"temperature value from: Liwanag, H. E. M., Williams, T. M., Costa, D. P., Kanatous, S. B., Davis, R. W., & Boyd, I. L. (2009). The effects of water temperature on the energetic costs of juvenile and adult California sea lions (Zalophus californianus): the importance of skeletal muscle thermogenesis for thermal balance. Journal of Experimental Biology, 212(24), 3977-3984.","McDonald, B.I. & P.J. Ponganis (2013) Insights from venous oxygen profiles: oxygen utilization and management in diving California sea lions. J. Exp. Biol. 216: 3332-3341.",0,
Zalophus californianus,Endotherm,91.000000000000000000,2.6,5,37,"temperature value from: Liwanag, H. E. M., Williams, T. M., Costa, D. P., Kanatous, S. B., Davis, R. W., & Boyd, I. L. (2009). The effects of water temperature on the energetic costs of juvenile and adult California sea lions (Zalophus californianus): the importance of skeletal muscle thermogenesis for thermal balance. Journal of Experimental Biology, 212(24), 3977-3984.","McDonald, B.I. & P.J. Ponganis (2013) Insights from venous oxygen profiles: oxygen utilization and management in diving California sea lions. J. Exp. Biol. 216: 3332-3341.",0,
Zalophus californianus,Endotherm,75.400000000000000000,2.9,6,37,"temperature value from: Liwanag, H. E. M., Williams, T. M., Costa, D. P., Kanatous, S. B., Davis, R. W., & Boyd, I. L. (2009). The effects of water temperature on the energetic costs of juvenile and adult California sea lions (Zalophus californianus): the importance of skeletal muscle thermogenesis for thermal balance. Journal of Experimental Biology, 212(24), 3977-3984.","McDonald, B.I. & P.J. Ponganis (2013) Insights from venous oxygen profiles: oxygen utilization and management in diving California sea lions. J. Exp. Biol. 216: 3332-3341.",0,
Zalophus californianus,Endotherm,65.000000000000000000,2.9,6.3,37,"temperature value from: Liwanag, H. E. M., Williams, T. M., Costa, D. P., Kanatous, S. B., Davis, R. W., & Boyd, I. L. (2009). The effects of water temperature on the energetic costs of juvenile and adult California sea lions (Zalophus californianus): the importance of skeletal muscle thermogenesis for thermal balance. Journal of Experimental Biology, 212(24), 3977-3984.","McDonald, B.I. & P.J. Ponganis (2013) Insights from venous oxygen profiles: oxygen utilization and management in diving California sea lions. J. Exp. Biol. 216: 3332-3341.",0,
Zalophus californianus,Endotherm,87.600000000000000000,3.9,7.4,37,"temperature value from: Liwanag, H. E. M., Williams, T. M., Costa, D. P., Kanatous, S. B., Davis, R. W., & Boyd, I. L. (2009). The effects of water temperature on the energetic costs of juvenile and adult California sea lions (Zalophus californianus): the importance of skeletal muscle thermogenesis for thermal balance. Journal of Experimental Biology, 212(24), 3977-3984.","McDonald, B.I. & P.J. Ponganis (2013) Insights from venous oxygen profiles: oxygen utilization and management in diving California sea lions. J. Exp. Biol. 216: 3332-3341.",0,
Zalophus californianus,Endotherm,87.200000000000000000,3.5,8.1,37,"temperature value from: Liwanag, H. E. M., Williams, T. M., Costa, D. P., Kanatous, S. B., Davis, R. W., & Boyd, I. L. (2009). The effects of water temperature on the energetic costs of juvenile and adult California sea lions (Zalophus californianus): the importance of skeletal muscle thermogenesis for thermal balance. Journal of Experimental Biology, 212(24), 3977-3984.","McDonald, B.I. & P.J. Ponganis (2013) Insights from venous oxygen profiles: oxygen utilization and management in diving California sea lions. J. Exp. Biol. 216: 3332-3341.",0,
Zalophus californianus,Endotherm,,1.96,NA,37,Liwanag et al. 2009,"Weise MJ, Harvey JT, Costa DP (2010) The role of body size in individual-based foraging strategies of a top marine predator. Ecology 91: 1004ñ1015.",0,
Zalophus wollebaeki,Endotherm,91.000000000000000000,NA,6,37,temperature taken to be similar to that for Zalophus californianus,"Kooyman, G.L. & F. Trillmich (1986) Diving Behavior of Galapagos Fur Seals. p. 186-195. In: R.L. Gentry & G.L. Kooyman (eds.) Fur Seals: Maternal Strategies on Land and at Sea. Princeton University Press, New Jersey. 291pp. ",0,
Zalophus wollebaeki,Endotherm,62.000000000000000000,4.1,7.5,37,temperature taken to be similar to that for Zalophus californianus,"Villegas-Amtmann, S. & D.P. Costa (2010) Oxygen stores plasticity linked to foraging behaviour and pregnancy in a diving predator, the Galapagos sea lion. Funct. Ecol. 24: 785-795.",0,
Zalophus wollebaeki,Endotherm,80.500000000000000000,3.1,7.7,37,temperature taken to be similar to that for Zalophus californianus,"Villegas-Amtmann, S. & D.P. Costa (2010) Oxygen stores plasticity linked to foraging behaviour and pregnancy in a diving predator, the Galapagos sea lion. Funct. Ecol. 24: 785-795.",0,
Zalophus wollebaeki,Endotherm,67.000000000000000000,4.3,8.8,37,temperature taken to be similar to that for Zalophus californianus,"Villegas-Amtmann, S. & D.P. Costa (2010) Oxygen stores plasticity linked to foraging behaviour and pregnancy in a diving predator, the Galapagos sea lion. Funct. Ecol. 24: 785-795.",0,
Zalophus wollebaeki,Endotherm,75.500000000000000000,2.6,9.4,37,temperature taken to be similar to that for Zalophus californianus,"Villegas-Amtmann, S. & D.P. Costa (2010) Oxygen stores plasticity linked to foraging behaviour and pregnancy in a diving predator, the Galapagos sea lion. Funct. Ecol. 24: 785-795.",0,
Zalophus wollebaeki,Endotherm,77.500000000000000000,3.8,9.5,37,temperature taken to be similar to that for Zalophus californianus,"Villegas-Amtmann, S. & D.P. Costa (2010) Oxygen stores plasticity linked to foraging behaviour and pregnancy in a diving predator, the Galapagos sea lion. Funct. Ecol. 24: 785-795.",0,
Zalophus wollebaeki,Endotherm,81.500000000000000000,5.9,10,37,temperature taken to be similar to that for Zalophus californianus,"Villegas-Amtmann, S. & D.P. Costa (2010) Oxygen stores plasticity linked to foraging behaviour and pregnancy in a diving predator, the Galapagos sea lion. Funct. Ecol. 24: 785-795.",0,
Zalophus wollebaeki,Endotherm,92.000000000000000000,3.4,10.1,37,temperature taken to be similar to that for Zalophus californianus,"Villegas-Amtmann, S. & D.P. Costa (2010) Oxygen stores plasticity linked to foraging behaviour and pregnancy in a diving predator, the Galapagos sea lion. Funct. Ecol. 24: 785-795.",0,
Zalophus wollebaeki,Endotherm,78.000000000000000000,6.8,10.3,37,temperature taken to be similar to that for Zalophus californianus,"Villegas-Amtmann, S. & D.P. Costa (2010) Oxygen stores plasticity linked to foraging behaviour and pregnancy in a diving predator, the Galapagos sea lion. Funct. Ecol. 24: 785-795.",0,
Ziphius cavirostris,Endotherm,,19.7,37.9,36.12142857,Mean for the odontoceti,"Davis RW, Williams TM (2012) The marine mammal dive response is exercise modulated to maximize aerobic dive duration. J Comp Physiol A 198:583?591",0,
Ziphius cavirostris,Endotherm,,17.6,40,36.12142857,Mean for the odontoceti,"Davis RW, Williams TM (2012) The marine mammal dive response is exercise modulated to maximize aerobic dive duration. J Comp Physiol A 198:583?591",0,
Ziphius cavirostris,Endotherm,,19.5,41.1,36.12142857,Mean for the odontoceti,"Davis RW, Williams TM (2012) The marine mammal dive response is exercise modulated to maximize aerobic dive duration. J Comp Physiol A 198:583?591",0,
Ziphius cavirostris,Endotherm,,18.7,43.2,36.12142857,Mean for the odontoceti,"Davis RW, Williams TM (2012) The marine mammal dive response is exercise modulated to maximize aerobic dive duration. J Comp Physiol A 198:583?591",0,
Ziphius cavirostris,Endotherm,,24,57.1,36.12142857,Mean for the odontoceti,"Davis RW, Williams TM (2012) The marine mammal dive response is exercise modulated to maximize aerobic dive duration. J Comp Physiol A 198:583?591",0,
Ziphius cavirostris,Endotherm,,21.9,57.1,36.12142857,Mean for the odontoceti,"Davis RW, Williams TM (2012) The marine mammal dive response is exercise modulated to maximize aerobic dive duration. J Comp Physiol A 198:583?591",0,
Ziphius cavirostris,Endotherm,,21.3,58.1,36.12142857,Mean for the odontoceti,"Davis RW, Williams TM (2012) The marine mammal dive response is exercise modulated to maximize aerobic dive duration. J Comp Physiol A 198:583?591",0,
Ziphius cavirostris,Endotherm,,25.6,66.7,36.12142857,Mean for the odontoceti,"Davis RW, Williams TM (2012) The marine mammal dive response is exercise modulated to maximize aerobic dive duration. J Comp Physiol A 198:583?591",0,
Ziphius cavirostris,Endotherm,2112.500000000000000000,NA,68.7,36.12142857, temperature taken to be similar to the mean body temperature of Odontoceti,"Baird, R.W., D.L. Webster, D.J. McSweeney, A.D. Ligon, G.S. Schorr & J. Barlow (2006) Diving behaviour of Cuvier?s (Ziphius cavirostris) and Blainville?s (Mesoplodon densirostris) beaked whales in Hawaii. Can. J. Zool. 84: 1120?1128.",0,
Ziphius cavirostris,Endotherm,,58.7,82.7,36.12142857,Mean for the odontoceti,"Davis RW, Williams TM (2012) The marine mammal dive response is exercise modulated to maximize aerobic dive duration. J Comp Physiol A 198:583?591",0,
Ziphius cavirostris,Endotherm,2112.500000000000000000,59.8,84.9,36.12142857, temperature taken to be similar to the mean body temperature of Odontoceti,"Tyack, P.L., M. Johnson, N. Aguilar Soto, A. Sturlese & P.T. Madsen (2006) Extreme diving of beaked whales. J. Exp. Biol. 209: 4238-4253.",0,
Ziphius cavirostris,Endotherm,2112.500000000000000000,31.5,87,36.12142857, temperature taken to be similar to the mean body temperature of Odontoceti,"Baird, R.W., D.J.  McSweeney, A.D. Ligon & D.L. Webster (2004) Tagging feasibility and diving of Cuvier?s beaked whales (Ziphius cavirostirs) and Blainville?s beaked whales (Mesoplodon densirostris) in Hawaii. SWFSC Admin. Report prepared under Order No. AB133F-03-SE-0986 to the Hawaii Wildlife Fund, Volcano, HI. 15pp.",0,
Ziphius cavirostris,Endotherm,,64.5,91.2,36.12142857,Mean for the odontoceti,"Davis RW, Williams TM (2012) The marine mammal dive response is exercise modulated to maximize aerobic dive duration. J Comp Physiol A 198:583?591",0,
Ziphius cavirostris,Endotherm,,,95,36.12142857,Mean for the odontoceti,Ponganis PJ. 2011. Diving mammals. Comprehensive Physiol 1:517-535,0,
Ziphius cavirostris,Endotherm,,76.3,99.7,36.12142857,Mean for the odontoceti,"Davis RW, Williams TM (2012) The marine mammal dive response is exercise modulated to maximize aerobic dive duration. J Comp Physiol A 198:583?591",0,
Ziphius cavirostris,Endotherm,,72,110.4,36.12142857,Mean for the odontoceti,"Davis RW, Williams TM (2012) The marine mammal dive response is exercise modulated to maximize aerobic dive duration. J Comp Physiol A 198:583?591",0,
Ziphius cavirostris,Endotherm,,64.5,112.5,36.12142857,Mean for the odontoceti,"Davis RW, Williams TM (2012) The marine mammal dive response is exercise modulated to maximize aerobic dive duration. J Comp Physiol A 198:583?591",0,
Ziphius cavirostris,Endotherm,,78.4,114.7,36.12142857,Mean for the odontoceti,"Davis RW, Williams TM (2012) The marine mammal dive response is exercise modulated to maximize aerobic dive duration. J Comp Physiol A 198:583?591",0,
Ziphius cavirostris,Endotherm,,65.6,114.7,36.12142857,Mean for the odontoceti,"Davis RW, Williams TM (2012) The marine mammal dive response is exercise modulated to maximize aerobic dive duration. J Comp Physiol A 198:583?591",0,
Ziphius cavirostris,Endotherm,,59.2,137.5,36.12142857,Mean for the odontoceti,"Davis RW, Williams TM (2012) The marine mammal dive response is exercise modulated to maximize aerobic dive duration. J Comp Physiol A 198:583?591",0,
Ziphius cavirostris,Endotherm,2050.000000000000000000,15.7,NA,36.12142857, temperature taken to be similar to the mean body temperature of Odontoceti,"Kvadsheim, P.H., P.J.O. Miller, P.L. Tyack, L.D. Sivle, F.P.A. Lam & A. Fahlman (2012) Estimated tissue and blood N2 levels and risk of decompression sickness in deep-, intermediate-, and shallow-diving toothed whales during exposure to naval sonar. Front. Physiol. 3: e125.",0,
