"source_label","native_key","raw_citation","raw_doi","n_records","role","parsed_author1","parsed_year","parsed_title","parsed_container","parsed_volume","parsed_pages","doi","bibcite","cite_id","match_status","match_reason","services","title_sim","author_match","year_match","container_match","volume_match","pages_match","openalex_id","is_retracted","editorial_notice","verified_at","tool_version","decided_by","decided_at","year_override","notes"
"Herberstein_etal_2022","h:0017b502","Duncan, F. D., & Crewe, R. M. (1993). A comparison of the energetics of foraging of three species of Leptogenys (Hymenoptera, Formicidae). Physiological Entomology, 18(4), 372-378. doi:10.1111/j.1365-3032.1993.tb00610.x","10.1111/j.1365-3032.1993.tb00610.x",9,"measurement","Duncan",1993,"A comparison of the energetics of foraging of three species of Leptogenys (Hymenoptera, Formicidae)","Physiological Entomology","18","372-378","10.1111/j.1365-3032.1993.tb00610.x",,,"certain","doi_resolves","crossref;openalex;consensus-mcp",1,TRUE,TRUE,TRUE,TRUE,TRUE,"https://openalex.org/W2085614058",FALSE,,"2026-10-05T01:03:49Z","tbmcite 0.1.0",,,,"in-text: Duncan & Crewe, 1993"
"Herberstein_etal_2022","h:00d71a7c","Seymour, R. S., Withers, P. C., & Weathers, W. W. (1998). Energetics of burrowing, running, and free-living in the Namib Desert golden mole (Eremitalpa namibensis). Journal of Zoology, 244(1), 107-117.",,1,"measurement","Seymour",1998,"Energetics of burrowing, running, and free-living in the Namib Desert golden mole (Eremitalpa namibensis)","Journal of Zoology","244","107-117","10.1017/s0952836998001125",,,"pending","ambiguous","crossref;openalex;consensus-mcp",1,TRUE,TRUE,TRUE,TRUE,TRUE,"https://openalex.org/W4243018409",FALSE,,"2026-10-05T01:18:21Z","tbmcite 0.1.0",,,,"in-text: Seymour, Withers, & Weathers, 1998"
"Herberstein_etal_2022","h:01582582","Vleck, C. M., & Vleck, D. (1979). Metabolic rate in five tropical bird species. The Condor, 81(1), 89-91. doi:10.2307/1367864","10.2307/1367864",6,"measurement","Vleck",1979,"Metabolic rate in five tropical bird species","The Condor","81","89-91","10.2307/1367864",,,"certain","doi_resolves","crossref;openalex;consensus-mcp",1,TRUE,TRUE,TRUE,TRUE,TRUE,"https://openalex.org/W2334533963",FALSE,,"2026-10-05T01:03:49Z","tbmcite 0.1.0",,,,"in-text: Vleck & Vleck, 1979"
"Herberstein_etal_2022","h:024d8773","Withers, P. C. (1983). Energy, Water, and Solute Balance of the Ostrich Struthio camelus. Physiological Zoology, 56(4), 568-579. doi:10.1086/physzool.56.4.30155880","10.1086/physzool.56.4.30155880",1,"measurement","Withers",1983,"Energy, Water, and Solute Balance of the Ostrich Struthio camelus","Physiological Zoology","56","568-579","10.1086/physzool.56.4.30155880",,,"certain","doi_resolves","crossref;openalex;consensus-mcp",1,TRUE,TRUE,TRUE,TRUE,TRUE,"https://openalex.org/W2257363369",FALSE,,"2026-10-05T01:03:49Z","tbmcite 0.1.0",,,,"in-text: Withers, 1983"
"Herberstein_etal_2022","h:0411fb75","Quesada, R., Triana, E., Vargas, G., Douglass, J. K., Seid, M. A., Niven, J. E., . . . Wcislo, W. T. (2011). The allometry of CNS size and consequences of miniaturization in orb-weaving and cleptoparasitic spiders. Arthropod Structure & Development, 40(6), 521-529. doi:10.1016/j.asd.2011.07.002","10.1016/j.asd.2011.07.002",13,"measurement","Quesada",2011,"The allometry of CNS size and consequences of miniaturization in orb-weaving and cleptoparasitic spiders","Arthropod Structure & Development","40","521-529","10.1016/j.asd.2011.07.002",,,"certain","doi_resolves","crossref;openalex;consensus-mcp",1,TRUE,TRUE,TRUE,TRUE,TRUE,"https://openalex.org/W2151026520",FALSE,,"2026-10-05T01:03:49Z","tbmcite 0.1.0",,,,"in-text: Quesada et al., 2011"
"Herberstein_etal_2022","h:076bc266","Dawson, T. J., Grant, T. R., & Fanning, D. (1979). Standard Metabolism of Monotremes and the Evolution of Homeothermy. Australian Journal of Zoology, 27(4), 511-515. doi:10.1071/ZO9790511","10.1071/zo9790511",3,"measurement","Dawson",1979,"Standard Metabolism of Monotremes and the Evolution of Homeothermy","Australian Journal of Zoology","27","511-515","10.1071/zo9790511",,,"certain","doi_resolves","crossref;openalex;consensus-mcp",1,TRUE,TRUE,TRUE,TRUE,TRUE,"https://openalex.org/W2054340063",FALSE,,"2026-10-05T01:03:49Z","tbmcite 0.1.0",,,,"in-text: Dawson, Grant, & Fanning, 1979"
"Herberstein_etal_2022","h:0993ba83","Casey, T. M., Withers, P. C., & Casey, K. K. (1979). Metabolic and respiratory responses of arctic mammals to ambient temperature during the summer. Comparative Biochemistry and Physiology Part A: Physiology, 64(3), 331-341. doi:10.1016/0300-9629(79)90452-3","10.1016/0300-9629(79)90452-3",6,"measurement","Casey",1979,"Metabolic and respiratory responses of arctic mammals to ambient temperature during the summer","Comparative Biochemistry and Physiology Part A: Physiology","64","331-341","10.1016/0300-9629(79)90452-3",,,"certain","doi_resolves","crossref;openalex;consensus-mcp",0.8871,TRUE,TRUE,TRUE,TRUE,TRUE,"https://openalex.org/W1986521712",FALSE,,"2026-10-05T01:03:49Z","tbmcite 0.1.0",,,,"in-text: Casey, Withers, & Casey, 1979"
"Herberstein_etal_2022","h:09d560d4","Goldstein, D. L., & Nagy, K. A. (1985). Resource Utilization by Desert Quail: Time and Energy, Food and Water. Ecology, 66(2), 378-387. doi:10.2307/1940387","10.2307/1940387",2,"measurement","Goldstein",1985,"Resource Utilization by Desert Quail: Time and Energy, Food and Water","Ecology","66","378-387","10.2307/1940387",,,"certain","doi_resolves","crossref;openalex;consensus-mcp",1,TRUE,TRUE,TRUE,TRUE,TRUE,"https://openalex.org/W2029114426",FALSE,,"2026-10-05T01:03:49Z","tbmcite 0.1.0",,,,"in-text: Goldstein & Nagy, 1985"
"Herberstein_etal_2022","h:09e1d455","Leitner, P., & Nelson, J. E. (1967). Body temperature, oxygen consumption and heart rate in the Australian false vampire bat, Macroderma gigas. Comparative Biochemistry and Physiology, 21(1), 65-74. doi:10.1016/0010-406X(67)90115-6","10.1016/0010-406x(67)90115-6",1,"measurement","Leitner",1967,"Body temperature, oxygen consumption and heart rate in the Australian false vampire bat, Macroderma gigas","Comparative Biochemistry and Physiology","21","65-74",,,,,,,,,,,,,,,,,"tbmcite 0.1.0",,,,"in-text: Leitner & Nelson, 1967"
"Herberstein_etal_2022","h:0a222652","Rosenzweig M, Bennett. E. L. (1969). Effects of differential environments on brain weights and enzyme activities in gerbils, rats, and mice. Developmental Psychobiology, 2(2), 87-95. doi:10.1002/dev.420020208","10.1002/dev.420020208",3,"measurement","Rosenzweig",1969,"Effects of differential environments on brain weights and enzyme activities in gerbils, rats, and mice","Developmental Psychobiology","2","87-95","10.1002/dev.420020208",,,"certain","doi_resolves","crossref;openalex;consensus-mcp",1,TRUE,TRUE,TRUE,TRUE,TRUE,"https://openalex.org/W1986967663",FALSE,,"2026-10-05T01:03:49Z","tbmcite 0.1.0",,,,"in-text: Rosenzweig & Bennett, 1969"
"Herberstein_etal_2022","h:0af12421","Boyce, A. J., Mouton, J. C., Lloyd, P., Wolf, B. O., & Martin, T. E. (2020). Metabolic rate is negatively linked to adult survival but does not explain latitudinal differences in songbirds. Ecology letters, 23(4), 642-652.",,47,"measurement","Boyce",2020,"Metabolic rate is negatively linked to adult survival but does not explain latitudinal differences in songbirds","Ecology letters","23","642-652","10.1111/ele.13464",,,"pending","ambiguous","crossref;openalex;consensus-mcp",1,TRUE,TRUE,TRUE,TRUE,TRUE,"https://openalex.org/W3004052874",FALSE,,"2026-10-05T01:18:21Z","tbmcite 0.1.0",,,,"in-text: Boyce, 2020"
"Herberstein_etal_2022","h:0b6a8709","Bailey, W. J., Withers, P. C., Endersby, M., & Gaull, K. (1993). The energetic costs of calling in the bushcrisket Requena verticalis (Orthoptera: Tettigoniidae: Listroscelidinae). Journal of Experimental Biology, 178(1), 21-37.",,1,"measurement","Bailey",1993,"The energetic costs of calling in the bushcrisket Requena verticalis (Orthoptera: Tettigoniidae: Listroscelidinae)","Journal of Experimental Biology","178","21-37","10.1242/jeb.178.1.21",,,"pending","weak_match","crossref;openalex;consensus-mcp",0.8973,TRUE,TRUE,TRUE,TRUE,TRUE,"https://openalex.org/W1963330475",FALSE,,"2026-10-05T01:18:21Z","tbmcite 0.1.0",,,,"in-text: Bailey, Withers, Endersby, & Gaull, 1993"
"Herberstein_etal_2022","h:0c17e12e","Lewis, L. C., Mutchmor, J. A., & Lynch, R. E. (1971). Effect of Perezia pyraustae on oxygen consumption by the European corn borer, Ostrinia nubilalis. Journal of insect physiology, 17(12), 2457-2468. doi:10.1016/0022-1910(71)90093-X","10.1016/0022-1910(71)90093-x",6,"measurement","Lewis",1971,"Effect of Perezia pyraustae on oxygen consumption by the European corn borer, Ostrinia nubilalis","Journal of insect physiology","17","2457-2468",,,,,,,,,,,,,,,,,"tbmcite 0.1.0",,,,"in-text: Lewis, Mutchmor, & Lynch, 1971"
"Herberstein_etal_2022","h:0c7f2d21","Du, A. P., Erasmus, T., & Kerley, G. (1989). Thermoregulatory patterns of two sympatric rodents: Otomys unisulcatus and Parotomys brantsii. Comparative Biochemistry and Physiology, Part A: Physiology, 94(2), 215-220. doi:10.1016/0300-9629(89)90538-0","10.1016/0300-9629(89)90538-0",2,"measurement","Du",1989,"Thermoregulatory patterns of two sympatric rodents: Otomys unisulcatus and Parotomys brantsii","Comparative Biochemistry and Physiology, Part A: Physiology","94","215-220",,,,,,,,,,,,,,,,,"tbmcite 0.1.0",,,,"in-text: Du, Erasmus, & Kerley, 1989"
"Herberstein_etal_2022","h:0cff271c","Prinzinger, R., Lübben, I., & Schuchmann, K. L. (1989). Energy metabolism and body temperature in 13 sunbird species (Nectariniidae). Comparative Biochemistry and Physiology Part A: Physiology, 92(3), 393-402. doi:10.1016/0300-9629(89)90581-1","10.1016/0300-9629(89)90581-1",13,"measurement","Prinzinger",1989,"Energy metabolism and body temperature in 13 sunbird species (Nectariniidae)","Comparative Biochemistry and Physiology Part A: Physiology","92","393-402",,,,,,,,,,,,,,,,,"tbmcite 0.1.0",,,,"in-text: Prinzinger, Lübben, & Schuchmann, 1989"
"Herberstein_etal_2022","h:116353ab","Bennett, A. F., & Gleeson, T. T. (1979). Metabolic expenditure and the cost of foraging in the lizard Cnemidophorus murinus. Copeia, 573-577. doi:10.2307/1443864","10.2307/1443864",1,"measurement","Bennett",1979,"Metabolic expenditure and the cost of foraging in the lizard Cnemidophorus murinus","Copeia, 573-577",,,"10.2307/1443864",,,"certain","doi_resolves","crossref;openalex;consensus-mcp",1,TRUE,TRUE,TRUE,FALSE,FALSE,"https://openalex.org/W2080271049",FALSE,,"2026-10-05T01:03:49Z","tbmcite 0.1.0",,,,"in-text: Bennett & Gleeson, 1979"
"Herberstein_etal_2022","h:161ca374","Al-Sadoon, M. K., & Abdo, N. M. (1989). Temperature effects on oxygen consumption of two nocturnal geckos, Ptyodactylus hasselquistii (Donndorff) and Bunopus tuberculatus (Blanford) (Reptilia: Gekkonidae) in Saudi Arabia. Journal of Comparative Physiology B, 159(1), 1-4. doi:10.1007/bf00692676","10.1007/bf00692676",2,"measurement","Al-Sadoon",1989,"Temperature effects on oxygen consumption of two nocturnal geckos, Ptyodactylus hasselquistii (Donndorff) and Bunopus tuberculatus (Blanford) (Reptilia: Gekkonidae) in Saudi Arabia","Journal of Comparative Physiology B","159","1-4","10.1007/bf00692676",,,"certain","doi_resolves","crossref;openalex;consensus-mcp",0.9269,TRUE,TRUE,TRUE,TRUE,TRUE,"https://openalex.org/W1993380826",FALSE,,"2026-10-05T01:03:49Z","tbmcite 0.1.0",,,,"in-text: Al-Sadoon & Abdo, 1989"
"Herberstein_etal_2022","h:16b1bfc6","Saarela, S., & Hissa, R. (1993). Metabolism, thermogenesis and daily rhythm of body temperature in the wood lemming, Myopus schisticolor. Journal of Comparative Physiology B, 163(7), 546-555. doi:10.1007/bf00302113","10.1007/bf00302113",1,"measurement","Saarela",1993,"Metabolism, thermogenesis and daily rhythm of body temperature in the wood lemming, Myopus schisticolor","Journal of Comparative Physiology B","163","546-555","10.1007/bf00302113",,,"certain","doi_resolves","crossref;openalex;consensus-mcp",1,TRUE,TRUE,TRUE,TRUE,TRUE,"https://openalex.org/W2079124614",FALSE,,"2026-10-05T01:03:49Z","tbmcite 0.1.0",,,,"in-text: Saarela & Hissa, 1993"
"Herberstein_etal_2022","h:1747a2ac","Bozinovic, F., & Contreras, L. C. (1990). Basal rate of metabolism and temperature regulation of two desert herbivorous octodontid rodents: Octomys mimax and Tympanoctomys barrerae. Oecologia, 84(4), 567-570. doi:10.1007/bf00328175","10.1007/bf00328175",3,"measurement","Bozinovic",1990,"Basal rate of metabolism and temperature regulation of two desert herbivorous octodontid rodents: Octomys mimax and Tympanoctomys barrerae","Oecologia","84","567-570","10.1007/bf00328175",,,"certain","doi_resolves","crossref;openalex;consensus-mcp",1,TRUE,TRUE,TRUE,TRUE,TRUE,"https://openalex.org/W2049214913",FALSE,,"2026-10-05T01:03:49Z","tbmcite 0.1.0",,,,"in-text: Bozinovic & Contreras, 1990"
"Herberstein_etal_2022","h:17705f14","Putnam, R. W., & Murphy, R. W. (1982). Low metabolic rate in a nocturnal desert lizard, Anarbylus switaki Murphy (Sauria: Gekkonidae). Comparative Biochemistry and Physiology, Part A: Physiology, 71(1), 119-123.",,2,"measurement","Putnam",1982,"Low metabolic rate in a nocturnal desert lizard, Anarbylus switaki Murphy (Sauria: Gekkonidae)","Comparative Biochemistry and Physiology, Part A: Physiology","71","119-123","10.1016/0300-9629(82)90376-0",,,"pending","weak_match","crossref;openalex;consensus-mcp",0.8989,TRUE,TRUE,TRUE,TRUE,TRUE,"https://openalex.org/W2068820087",FALSE,,"2026-10-05T01:18:21Z","tbmcite 0.1.0",,,,"in-text: Putnam & Murphy, 1982"
"Herberstein_etal_2022","h:1992d17b","Fusari, M. H. (1984). Temperature responses of standard, aerobic metabolism by the California legless lizard, Anniella pulchra. Comparative Biochemistry and Physiology, Part A: Physiology, 77(1), 97-101. doi:10.1016/0300-9629(84)90018-5","10.1016/0300-9629(84)90018-5",1,"measurement","Fusari",1984,"Temperature responses of standard, aerobic metabolism by the California legless lizard, Anniella pulchra","Comparative Biochemistry and Physiology, Part A: Physiology","77","97-101",,,,,,,,,,,,,,,,,"tbmcite 0.1.0",,,,"in-text: Fusari, 1984"
"Herberstein_etal_2022","h:1aa0a494","Bradley, W., & Yousef, M. (1975). Thermoregulatory responses in the plains pocket gopher, Geomys bursarius. Comparative Biochemistry and Physiology Part A: Physiology, 52(1), 35-38. doi:10.1016/S0300-9629(75)80122-8","10.1016/s0300-9629(75)80122-8",1,"measurement","Bradley",1975,"Thermoregulatory responses in the plains pocket gopher, Geomys bursarius","Comparative Biochemistry and Physiology Part A: Physiology","52","35-38",,,,,,,,,,,,,,,,,"tbmcite 0.1.0",,,,"in-text: Bradley & Yousef, 1975"
"Herberstein_etal_2022","h:1c3db4a1","Vogt, J. T., & Appel, A. G. (1999). Standard metabolic rate of the fire ant, Solenopsis invicta Buren: effects of temperature, mass, and caste. Journal of insect physiology, 45(7), 655-666. doi:10.1016/S0022-1910(99)00036-0","10.1016/s0022-1910(99)00036-0",1,"measurement","Vogt",1999,"Standard metabolic rate of the fire ant, Solenopsis invicta Buren: effects of temperature, mass, and caste","Journal of insect physiology","45","655-666",,,,,,,,,,,,,,,,,"tbmcite 0.1.0",,,,"in-text: Vogt & Appel, 1999"
"Herberstein_etal_2022","h:1c6eee4a","Chown, S. L., Marais, E., Terblanche, J. S., Klok, C. J., Lighton, J. R. B., & Blackburn, T. M. (2007). Scaling of insect metabolic rate is inconsistent with the nutrient supply network model. Functional Ecology, 21(2), 282-290. doi:10.1111/j.1365-2435.2007.01245.x","10.1111/j.1365-2435.2007.01245.x",244,"measurement","Chown",2007,"Scaling of insect metabolic rate is inconsistent with the nutrient supply network model","Functional Ecology","21","282-290","10.1111/j.1365-2435.2007.01245.x",,,"certain","doi_resolves","crossref;openalex;consensus-mcp",1,TRUE,TRUE,TRUE,TRUE,TRUE,"https://openalex.org/W2119825866",FALSE,,"2026-10-05T01:03:49Z","tbmcite 0.1.0",,,,"in-text: Chown et al., 2007"
"Herberstein_etal_2022","h:1dfdd288","Francis, C., & Brooks, G. R. (1970). Oxygen consumption, rate of heart beat and ventilatory rate in parietalectomized lizards, Sceloporus occidentalis. Comparative Biochemistry and Physiology, 35(2), 463-469. doi:10.1016/0010-406X(70)90609-2","10.1016/0010-406x(70)90609-2",1,"measurement","Francis",1970,"Oxygen consumption, rate of heart beat and ventilatory rate in parietalectomized lizards, Sceloporus occidentalis","Comparative Biochemistry and Physiology","35","463-469",,,,,,,,,,,,,,,,,"tbmcite 0.1.0",,,,"in-text: Francis & Brooks, 1970"
"Herberstein_etal_2022","h:1fdfdde5","Bauchot, R., & Stephan, H. (1966). Données nouvelles sur l’encéphalisation des insectivores et des prosimiens. Mammalia, 30(1), 160-196. doi:10.1515/mamm.1966.30.1.160","10.1515/mamm.1966.30.1.160",60,"measurement","Bauchot",1966,"Donnees nouvelles sur l'encephalisation des insectivores et des prosimiens","Mammalia","30","160-196","10.1515/mamm.1966.30.1.160",,,"certain","doi_resolves","crossref;openalex",1,TRUE,TRUE,TRUE,TRUE,FALSE,"https://openalex.org/W2057497831",FALSE,,"2026-10-05T01:03:49Z","tbmcite 0.1.0",,,,"in-text: Bauchot and Stephan, 1966"
"Herberstein_etal_2022","h:25f3f4a4","Sheehan, Z.B.V., Kamhi, J.F., Seid, M.A. & Narendra, A. (2019). Differential investment in brain regions for a diurnal and nocturnal lifestyle in Australian Myrmecia ants. Journal of Comparative Neurology, 527, 1261-1277.",,100,"measurement","Sheehan",2019,"Differential investment in brain regions for a diurnal and nocturnal lifestyle in Australian Myrmecia ants","Journal of Comparative Neurology","527","1261-1277","10.1002/cne.24617",,,"certain","two_service_agreement","crossref;openalex;consensus-mcp",1,TRUE,TRUE,TRUE,TRUE,TRUE,"https://openalex.org/W2907900402",FALSE,,"2026-10-05T01:03:49Z","tbmcite 0.1.0",,,,"in-text: Sheehan et al., 2019"
"Herberstein_etal_2022","h:264531bc","Zari, T. (1991). The influence of body mass and temperature on the standard metabolic rate of the herbivorous desert lizard, Uromastyx microlepis. Journal of thermal Biology, 16(3), 129-133. doi:10.1016/0306-4565(91)90033-X","10.1016/0306-4565(91)90033-x",3,"measurement","Zari",1991,"The influence of body mass and temperature on the standard metabolic rate of the herbivorous desert lizard, Uromastyx microlepis","Journal of thermal Biology","16","129-133",,,,,,,,,,,,,,,,,"tbmcite 0.1.0",,,,"in-text: Zari, 1991"
"Herberstein_etal_2022","h:27b9fec7","Full, R. J., Zuccarello, D. A., & Tullis, A. (1990). Effect of variation in form on the cost of terrestrial locomotion. Journal of Experimental Biology, 150(1), 233-246.",,3,"measurement","Full",1990,"Effect of variation in form on the cost of terrestrial locomotion","Journal of Experimental Biology","150","233-246","10.1242/jeb.150.1.233",,,"certain","two_service_agreement","crossref;openalex;consensus-mcp",1,TRUE,TRUE,TRUE,TRUE,TRUE,"https://openalex.org/W1921027223",FALSE,,"2026-10-05T01:03:49Z","tbmcite 0.1.0",,,,"in-text: Full, Zuccarello, & Tullis, 1990"
"Herberstein_etal_2022","h:283e6e72","Boddy, A. M., McGowen, M. R., Sherwood, C. C., Grossman, L. I., Goodman, M., & Wildman, D. E. (2012). Comparative analysis of encephalization in mammals reveals relaxed constraints on anthropoid primate and cetacean brain scaling. Journal of evolutionary biology, 25(5), 981-994.",,35,"measurement","Boddy",2012,"Comparative analysis of encephalization in mammals reveals relaxed constraints on anthropoid primate and cetacean brain scaling","Journal of evolutionary biology","25","981-994","10.1111/j.1420-9101.2012.02491.x",,,"certain","two_service_agreement","crossref;openalex;consensus-mcp",1,TRUE,TRUE,TRUE,TRUE,TRUE,"https://openalex.org/W2167626357",FALSE,,"2026-10-05T01:03:49Z","tbmcite 0.1.0",,,,"in-text: Boddy et al., 2012"
"Herberstein_etal_2022","h:28f447fd","Hack, M. A. (1997). The effects of mass and age on standard metabolic rate in house crickets. Physiological Entomology, 22(4), 325-331. doi:10.1111/j.1365-3032.1997.tb01176.x","10.1111/j.1365-3032.1997.tb01176.x",1,"measurement","Hack",1997,"The effects of mass and age on standard metabolic rate in house crickets","Physiological Entomology","22","325-331","10.1111/j.1365-3032.1997.tb01176.x",,,"certain","doi_resolves","crossref;openalex;consensus-mcp",1,TRUE,TRUE,TRUE,TRUE,TRUE,"https://openalex.org/W2074500642",FALSE,,"2026-10-05T01:03:49Z","tbmcite 0.1.0",,,,"in-text: Hack, 1997"
"Herberstein_etal_2022","h:294388d2","Wang, L. C.-H., & Hudson, J. W. (1971). Temperature regulation in normothermic and hibernating eastern chipmunk, Tamias striatus. Comparative Biochemistry and Physiology Part A: Physiology, 38(1), 59-90. doi:10.1016/0300-9629(71)90098-3","10.1016/0300-9629(71)90098-3",1,"measurement","Wang",1971,"Temperature regulation in normothermic and hibernating eastern chipmunk, Tamias striatus","Comparative Biochemistry and Physiology Part A: Physiology","38","59-90",,,,,,,,,,,,,,,,,"tbmcite 0.1.0",,,,"in-text: Wang & Hudson, 1971"
"Herberstein_etal_2022","h:2af008b0","Calder III, W. A., & Dawson, T. J. (1978). Resting metabolic rates of ratite birds: the kiwis and the emu. Comparative Biochemistry and Physiology Part A: Physiology, 60(4), 479-481.",,15,"measurement","Calder",1978,"Resting metabolic rates of ratite birds: the kiwis and the emu","Comparative Biochemistry and Physiology Part A: Physiology","60","479-481","10.1016/0300-9629(78)90020-8",,,"certain","two_service_agreement","crossref;openalex;consensus-mcp",1,TRUE,TRUE,TRUE,TRUE,TRUE,"https://openalex.org/W2004582425",FALSE,,"2026-10-05T01:03:49Z","tbmcite 0.1.0",,,,"in-text: Calder III & Dawson, 1978"
"Herberstein_etal_2022","h:2d8a568d","Roxburgh, L., & Perrin, M. R. (1994). Temperature regulation and activity pattern of the round-eared elephant shrew Macroscelides proboscideus. Journal of thermal Biology, 19(1), 13-20. doi:10.1016/0306-4565(94)90004-3","10.1016/0306-4565(94)90004-3",1,"measurement","Roxburgh",1994,"Temperature regulation and activity pattern of the round-eared elephant shrew Macroscelides proboscideus","Journal of thermal Biology","19","13-20",,,,,,,,,,,,,,,,,"tbmcite 0.1.0",,,,"in-text: Roxburgh & Perrin, 1994"
"Herberstein_etal_2022","h:2de6bf2c","Weathers, W. W., Paton, D. C., & Seymour, R. S. (1996). Field Metabolic Rate and Water Flux of Nectarivorous Honeyeaters. Australian Journal of Zoology, 44(5), 445-460. doi:10.1071/ZO9960445","10.1071/zo9960445",3,"measurement","Weathers",1996,"Field Metabolic Rate and Water Flux of Nectarivorous Honeyeaters","Australian Journal of Zoology","44","445-460","10.1071/zo9960445",,,"certain","doi_resolves","crossref;openalex;consensus-mcp",1,TRUE,TRUE,TRUE,TRUE,TRUE,"https://openalex.org/W1974067181",FALSE,,"2026-10-05T01:03:49Z","tbmcite 0.1.0",,,,"in-text: Weathers, Paton, & Seymour, 1996"
"Herberstein_etal_2022","h:2f2749c1","Bradley, T. J., Brethorst, L., Robinsom, S., & Hetz, S. (2003). Changes in the Rate of CO2 Release following Feeding in the Insect Rhodnius prolixus. Physiological and Biochemical Zoology, 76(3), 302-309. doi:10.1086/367953","10.1086/367953",1,"measurement","Bradley",2003,"Changes in the Rate of CO2 Release following Feeding in the Insect Rhodnius prolixus","Physiological and Biochemical Zoology","76","302-309","10.1086/367953",,,"certain","doi_resolves","crossref;openalex;consensus-mcp",0.8333,TRUE,TRUE,TRUE,TRUE,TRUE,"https://openalex.org/W2069822401",FALSE,,"2026-10-05T01:03:49Z","tbmcite 0.1.0",,,,"in-text: Bradley, Brethorst, Robinsom, & Hetz, 2003"
"Herberstein_etal_2022","h:32007c19","El-Nouty, F. D., Yousef, M. K., Magdub, A. B., & Johnson, H. D. (1978). Thyroid hormones and metabolic rate in burros, Equus asinus, and llamas, Lama glama: effects of environmental temperature. Comparative Biochemistry and Physiology Part A: Physiology, 60(2), 235-237. doi:10.1016/0300-9629(78)90238-4","10.1016/0300-9629(78)90238-4",2,"measurement","El-Nouty",1978,"Thyroid hormones and metabolic rate in burros, Equus asinus, and llamas, Lama glama: effects of environmental temperature","Comparative Biochemistry and Physiology Part A: Physiology","60","235-237",,,,,,,,,,,,,,,,,"tbmcite 0.1.0",,,,"in-text: El-Nouty, Yousef, Magdub, & Johnson, 1978"
"Herberstein_etal_2022","h:3299ec11","Bartholomew, G. A., & Casey, T. M. (1977). Body temperature and oxygen consumption during rest and activity in relation to body size in some tropical beetles. Journal of thermal Biology, 2(4), 173-176. doi:doi:10.1016/0306-4565(77)90026-2","10.1016/0306-4565(77)90026-2",40,"measurement","Bartholomew",1977,"Body temperature and oxygen consumption during rest and activity in relation to body size in some tropical beetles","Journal of thermal Biology, 2(4), 173-176. doi",,,,,,,,,,,,,,,,,,,"tbmcite 0.1.0",,,,"in-text: Bartholomew & Casey, 1977"
"Herberstein_etal_2022","h:346450e6","Warnke, P. (1908). Mitteilung neuer Gehirn-und Körpergewichtsbestimmungen bei Saugern. J. Psychol. Neurol., 13, 355-403.",,145,"measurement","Warnke",1908,"Mitteilung neuer Gehirn-und Korpergewichtsbestimmungen bei Saugern","J. Psychol. Neurol","13","355-403","10.1007/bf01945620",,,"not_found","below_threshold","crossref;openalex",0.4388,FALSE,FALSE,FALSE,FALSE,FALSE,"https://openalex.org/W2908780729",FALSE,,"2026-10-05T01:18:21Z","tbmcite 0.1.0",,,,"in-text: Warnke, 1908"
"Herberstein_etal_2022","h:34b48127","Worthen, G. L., & Kilgore, D. L. (1981). Metabolic rate of pine marten in relation to air temperature. Journal of Mammalogy, 62(3), 624-628. doi:10.2307/1380410","10.2307/1380410",1,"measurement","Worthen",1981,"Metabolic rate of pine marten in relation to air temperature","Journal of Mammalogy","62","624-628","10.2307/1380410",,,"certain","doi_resolves","crossref;openalex;consensus-mcp",1,TRUE,TRUE,TRUE,TRUE,TRUE,"https://openalex.org/W2313416873",FALSE,,"2026-10-05T01:03:49Z","tbmcite 0.1.0",,,,"in-text: Worthen & Kilgore, 1981"
"Herberstein_etal_2022","h:373d5fe4","Schmitz, A. (2015). Functional morphology of the respiratory organs in the cellar spider Pholcus phalangioides (Arachnida, Araneae, Pholcidae). Journal of Comparative Physiology B, 185(6), 637-646. doi:10.1007/s00360-015-0914-8","10.1007/s00360-015-0914-8",2,"measurement","Schmitz",2015,"Functional morphology of the respiratory organs in the cellar spider Pholcus phalangioides (Arachnida, Araneae, Pholcidae)","Journal of Comparative Physiology B","185","637-646","10.1007/s00360-015-0914-8",,,"certain","doi_resolves","crossref;openalex;consensus-mcp",1,TRUE,TRUE,TRUE,TRUE,TRUE,"https://openalex.org/W897624615",FALSE,,"2026-10-05T01:03:49Z","tbmcite 0.1.0",,,,"in-text: Schmitz, 2015"
"Herberstein_etal_2022","h:376e1df6","Wang, L. C.-H., & Hudson, J. W. (1970). Some physiological aspects of temperature regulation in the normothermic and torpid hispid pocket mouse, Perognathus hispidus. Comparative Biochemistry and Physiology, 32(2), 275-293. doi:10.1016/0010-406X(70)90941-2","10.1016/0010-406x(70)90941-2",1,"measurement","Wang",1970,"Some physiological aspects of temperature regulation in the normothermic and torpid hispid pocket mouse, Perognathus hispidus","Comparative Biochemistry and Physiology","32","275-293",,,,,,,,,,,,,,,,,"tbmcite 0.1.0",,,,"in-text: Wang & Hudson, 1970"
"Herberstein_etal_2022","h:37b8cfe3","Weathers, W. W., Koenig, W. D., & Stanback, M. T. (1990). Breeding energetics and thermal ecology of the acorn woodpecker in central coastal California. Condor, 341-359. doi:10.2307/1368232","10.2307/1368232",4,"measurement","Weathers",1990,"Breeding energetics and thermal ecology of the acorn woodpecker in central coastal California","Condor, 341-359",,,"10.2307/1368232",,,"certain","doi_resolves","crossref;openalex;consensus-mcp",1,TRUE,TRUE,TRUE,FALSE,FALSE,"https://openalex.org/W2318958895",FALSE,,"2026-10-05T01:03:49Z","tbmcite 0.1.0",,,,"in-text: Weathers, Koenig, & Stanback, 1990"
"Herberstein_etal_2022","h:3b1919df","Mispagel, M. E. (1981). Relation of oxygen consumption to size and temperature in desert arthropods. Ecological Entomology, 6(4), 423-431. doi:10.1111/j.1365-2311.1981.tb00634.x","10.1111/j.1365-2311.1981.tb00634.x",45,"measurement","Mispagel",1981,"Relation of oxygen consumption to size and temperature in desert arthropods","Ecological Entomology","6","423-431","10.1111/j.1365-2311.1981.tb00634.x",,,"certain","doi_resolves","crossref;openalex;consensus-mcp",1,TRUE,TRUE,TRUE,TRUE,TRUE,"https://openalex.org/W1988712734",FALSE,,"2026-10-05T01:03:49Z","tbmcite 0.1.0",,,,"in-text: Mispagel, 1981"
"Herberstein_etal_2022","h:3cf6c3b2","Louw, G., Young, B., & Bligh, J. (1976). Effect of thyroxine and noradrenaline on thermoregulation, cardiac rate and oxygen consumption in the monitor lizard Varanus albigularis albigularis. Journal of thermal Biology, 1(4), 189-193. doi:10.1016/0306-4565(76)90013-9","10.1016/0306-4565(76)90013-9",1,"measurement","Louw",1976,"Effect of thyroxine and noradrenaline on thermoregulation, cardiac rate and oxygen consumption in the monitor lizard Varanus albigularis albigularis","Journal of thermal Biology","1","189-193",,,,,,,,,,,,,,,,,"tbmcite 0.1.0",,,,"in-text: Louw, Young, & Bligh, 1976"
"Herberstein_etal_2022","h:3cfad141","Nielsen, M. G. (1986). Respiratory rates of ants from different climatic areas. Journal of insect physiology, 32(2), 125-131. doi:10.1016/0022-1910(86)90131-","10.1016/0022-1910(86)90131-",15,"measurement","Nielsen",1986,"Respiratory rates of ants from different climatic areas","Journal of insect physiology","32","125-131",,,,,,,,,,,,,,,,,"tbmcite 0.1.0",,,,"in-text: Nielsen, 1986"
"Herberstein_etal_2022","h:3d47b851","Tucker, V. A. (1965). Oxygen consumption, thermal conductance, and torpor in the California pocket mouse Perognathus californicus. Journal of cellular physiology, 65(3), 393-403. doi:10.1002/jcp.1030650313","10.1002/jcp.1030650313",1,"measurement","Tucker",1965,"Oxygen consumption, thermal conductance, and torpor in the California pocket mouse Perognathus californicus","Journal of cellular physiology","65","393-403","10.1002/jcp.1030650313",,,"certain","doi_resolves","crossref;openalex;consensus-mcp",1,TRUE,TRUE,TRUE,TRUE,TRUE,"https://openalex.org/W2036662967",FALSE,,"2026-10-05T01:03:49Z","tbmcite 0.1.0",,,,"in-text: Tucker, 1965"
"Herberstein_etal_2022","h:3d73059d","Maclean, G. S. (1981). Factors influencing the composition of respiratory gases in mammal burrows. Comparative Biochemistry and Physiology Part A: Physiology, 69(3), 373-380. doi:10.1016/0300-9629(81)92992-3","10.1016/0300-9629(81)92992-3",1,"measurement","Maclean",1981,"Factors influencing the composition of respiratory gases in mammal burrows","Comparative Biochemistry and Physiology Part A: Physiology","69","373-380",,,,,,,,,,,,,,,,,"tbmcite 0.1.0",,,,"in-text: Maclean, 1981"
"Herberstein_etal_2022","h:3d737c07","Maloiy, G. M. O., Kamau, J. M. Z., Shkolnik, A., Meir, M., & Arieli, R. (1982). Thermoregulation and metabolism in a small desert carnivore: the Fennec fox (Fennecus zerda)(Mammalia). Journal of Zoology, 198(3), 279-291. doi:10.1111/j.1469-7998.1982.tb02076.x","10.1111/j.1469-7998.1982.tb02076.x",1,"measurement","Maloiy",1982,"Thermoregulation and metabolism in a small desert carnivore: the Fennec fox (Fennecus zerda)(Mammalia)","Journal of Zoology","198","279-291","10.1111/j.1469-7998.1982.tb02076.x",,,"certain","doi_resolves","crossref;openalex;consensus-mcp",1,TRUE,TRUE,TRUE,TRUE,TRUE,"https://openalex.org/W2052371355",FALSE,,"2026-10-05T01:03:49Z","tbmcite 0.1.0",,,,"in-text: Maloiy, Kamau, Shkolnik, Meir, & Arieli, 1982"
"Herberstein_etal_2022","h:3dc41852","Chew, R. M., Lindberg, R. G., & Hayden, P. (1967). Temperature regulation in the little pocket mouse, Perognathus longimembris. Comparative Biochemistry and Physiology, 21(3), 487-505. doi:10.1016/0010-406X(67)90447-1","10.1016/0010-406x(67)90447-1",1,"measurement","Chew",1967,"Temperature regulation in the little pocket mouse, Perognathus longimembris","Comparative Biochemistry and Physiology","21","487-505",,,,,,,,,,,,,,,,,"tbmcite 0.1.0",,,,"in-text: Chew, Lindberg, & Hayden, 1967"
"Herberstein_etal_2022","h:3f984416","Zachariassen, K. E., Andersen, J., Maloiy, G. M., & Kamau, J. M. (1987). Transpiratory water loss and metabolism of beetles from arid areas in East Africa. Comparative Biochemistry and Physiology Part A: Physiology, 86(3), 403-408. doi:10.1016/0300-9629(87)90515-9","10.1016/0300-9629(87)90515-9",23,"measurement","Zachariassen",1987,"Transpiratory water loss and metabolism of beetles from arid areas in East Africa","Comparative Biochemistry and Physiology Part A: Physiology","86","403-408",,,,,,,,,,,,,,,,,"tbmcite 0.1.0",,,,"in-text: Zachariassen, Andersen, Maloiy, & Kamau, 1987"
"Herberstein_etal_2022","h:4107a127","Lighton, J. R. B., & Fielden, L. J. (1995). Mass Scaling of Standard Metabolism in Ticks: A Valid Case of Low Metabolic Rates in Sit-and-Wait Strategists. Physiological Zoology, 68(1), 43-62. doi:10.1086/physzool.68.1.30163917","10.1086/physzool.68.1.30163917",6,"measurement","Lighton",1995,"Mass Scaling of Standard Metabolism in Ticks: A Valid Case of Low Metabolic Rates in Sit-and-Wait Strategists","Physiological Zoology","68","43-62","10.1086/physzool.68.1.30163917",,,"certain","doi_resolves","crossref;openalex;consensus-mcp",1,TRUE,TRUE,TRUE,TRUE,TRUE,"https://openalex.org/W2323339693",FALSE,,"2026-10-05T01:03:49Z","tbmcite 0.1.0",,,,"in-text: Lighton & Fielden, 1995"
"Herberstein_etal_2022","h:41c21419","Bartholomew, G. A., & Lighton, J. R. (1986). Endothermy and energy metabolism of a giant tropical fly, Pantophthalmus tabaninus thunberg. Journal of Comparative Physiology B, 156(4), 461-467. doi:10.1007/bf00691031","10.1007/bf00691031",1,"measurement","Bartholomew",1986,"Endothermy and energy metabolism of a giant tropical fly, Pantophthalmus tabaninus thunberg","Journal of Comparative Physiology B","156","461-467","10.1007/bf00691031",,,"certain","doi_resolves","crossref;openalex;consensus-mcp",1,TRUE,TRUE,TRUE,TRUE,TRUE,"https://openalex.org/W2051851441",FALSE,,"2026-10-05T01:03:49Z","tbmcite 0.1.0",,,,"in-text: Bartholomew & Lighton, 1986"
"Herberstein_etal_2022","h:41fdfbf4","Hadley, N. F., Quinlan, M. C., & Kennedy, M. L. (1991). Evaporative Cooling in the Desert Cicada: Thermal Efficiency and Water/Metabolic Costs. Journal of Experimental Biology, 159(1), 269-283.",,1,"measurement","Hadley",1991,"Evaporative Cooling in the Desert Cicada: Thermal Efficiency and Water/Metabolic Costs","Journal of Experimental Biology","159","269-283","10.1242/jeb.159.1.269",,,"certain","two_service_agreement","crossref;openalex;consensus-mcp",0.9367,TRUE,TRUE,TRUE,TRUE,TRUE,"https://openalex.org/W2107691418",FALSE,,"2026-10-05T01:03:49Z","tbmcite 0.1.0",,,,"in-text: Hadley, Quinlan, & Kennedy, 1991"
"Herberstein_etal_2022","h:4451224f","Campbell, K. L., McIntyre, I. W., & MacArthur, R. A. (1999). Fasting metabolism and thermoregulatory competence of the star-nosed mole, Condylura cristata (Talpidae: Condylurinae). Comparative Biochemistry and Physiology Part A: Molecular & Integrative Physiology, 123(3), 293-298. doi:10.1016/S1095-6433(99)00065-3","10.1016/s1095-6433(99)00065-3",1,"measurement","Campbell",1999,"Fasting metabolism and thermoregulatory competence of the star-nosed mole, Condylura cristata (Talpidae: Condylurinae)","Comparative Biochemistry and Physiology Part A: Molecular & Integrative Physiology","123","293-298",,,,,,,,,,,,,,,,,"tbmcite 0.1.0",,,,"in-text: Campbell, McIntyre, & MacArthur, 1999"
"Herberstein_etal_2022","h:44ba55ea","Layne, J. N., & Dolan, P. G. (1975). Thermoregulation, metabolism, and water economy in the golden mouse (Ochrotomys nuttalli). Comparative Biochemistry and Physiology Part A: Physiology, 52(1), 153-163. doi:10.1016/S0300-9629(75)80146-0","10.1016/s0300-9629(75)80146-0",1,"measurement","Layne",1975,"Thermoregulation, metabolism, and water economy in the golden mouse (Ochrotomys nuttalli)","Comparative Biochemistry and Physiology Part A: Physiology","52","153-163",,,,,,,,,,,,,,,,,"tbmcite 0.1.0",,,,"in-text: Layne & Dolan, 1975"
"Herberstein_etal_2022","h:45d10c90","Hill, R. W. (1976). Metabolism, thermal conductance, and body temperature in one of the largest species of Peromyscus, P. pirrensis. Journal of thermal Biology, 1(2), 109-112. doi:10.1016/0306-4565(76)90029-2","10.1016/0306-4565(76)90029-2",6,"measurement","Hill",1976,"Metabolism, thermal conductance, and body temperature in one of the largest species of Peromyscus, P. pirrensis","Journal of thermal Biology","1","109-112",,,,,,,,,,,,,,,,,"tbmcite 0.1.0",,,,"in-text: Hill, 1976"
"Herberstein_etal_2022","h:4662e1d5","Genoud, M., Bonaccorso, F. J., & Anends, A. (1990). Rate of metabolism and temperature regulation in two small tropical insectivorous bats (Peropteryx macrotis and Natalus tumidirostris). Comparative Biochemistry and Physiology Part A: Physiology, 97(2), 229-234. doi:10.1016/0300-9629(90)90177-T","10.1016/0300-9629(90)90177-t",2,"measurement","Genoud",1990,"Rate of metabolism and temperature regulation in two small tropical insectivorous bats (Peropteryx macrotis and Natalus tumidirostris)","Comparative Biochemistry and Physiology Part A: Physiology","97","229-234",,,,,,,,,,,,,,,,,"tbmcite 0.1.0",,,,"in-text: Genoud, Bonaccorso, & Anends, 1990"
"Herberstein_etal_2022","h:468027f7","Jones, D. L., & Wang, L. C.-H. (1976). Metabolic and cardiovascular adaptations in the western chipmunks, genus Eutamias. Journal of comparative physiology, 105(2), 219-231. doi:10.1007/bf00691124","10.1007/bf00691124",3,"measurement","Jones",1976,"Metabolic and cardiovascular adaptations in the western chipmunks, genus Eutamias","Journal of comparative physiology","105","219-231","10.1007/bf00691124",,,"certain","doi_resolves","crossref;openalex;consensus-mcp",0.8112,TRUE,TRUE,TRUE,TRUE,TRUE,"https://openalex.org/W2014613627",FALSE,,"2026-10-05T01:03:49Z","tbmcite 0.1.0",,,,"in-text: Jones & Wang, 1976"
"Herberstein_etal_2022","h:46a5c319","Ashwell, K. W. S. (2008). Encephalization of Australian and New Guinean marsupials. Brain, Behavior and Evolution, 71(3), 181-199",,199,"measurement","Ashwell",2008,"Encephalization of Australian and New Guinean marsupials","Brain, Behavior and Evolution","71","181-199","10.1159/000114406",,,"certain","two_service_agreement","crossref;openalex;consensus-mcp",1,TRUE,TRUE,TRUE,TRUE,TRUE,"https://openalex.org/W2014619563",FALSE,,"2026-10-05T01:03:49Z","tbmcite 0.1.0",,,,"in-text: Ashwell, 2008"
"Herberstein_etal_2022","h:47a29c34","Kawamoto, T. H., Machado, F. d. A., Kaneto, G. E., & Japyassu, H. F. (2011). Resting metabolic rates of two orbweb spiders: A first approach to evolutionary success of ecribellate spiders. Journal of insect physiology, 57(3), 427-432. doi:10.1016/j.jinsphys.2011.01.001","10.1016/j.jinsphys.2011.01.001",30,"measurement","Kawamoto",2011,"Resting metabolic rates of two orbweb spiders: A first approach to evolutionary success of ecribellate spiders","Journal of insect physiology","57","427-432","10.1016/j.jinsphys.2011.01.001",,,"certain","doi_resolves","crossref;openalex;consensus-mcp",1,TRUE,TRUE,TRUE,TRUE,TRUE,"https://openalex.org/W2018373005",FALSE,,"2026-10-05T01:03:49Z","tbmcite 0.1.0",,,,"in-text: Kawamoto, Machado, Kaneto, & Japyassu, 2011"
"Herberstein_etal_2022","h:48622378","Bickler, P. E., & Anderson, R. A. (1986). Ventilation, Gas Exchange, and Aerobic Scope in a Small Monitor Lizard, Varanus gilleni. Physiological Zoology, 59(1), 76-83. doi:10.1086/physzool.59.1.30156093","10.1086/physzool.59.1.30156093",1,"measurement","Bickler",1986,"Ventilation, Gas Exchange, and Aerobic Scope in a Small Monitor Lizard, Varanus gilleni","Physiological Zoology","59","76-83","10.1086/physzool.59.1.30156093",,,"certain","doi_resolves","crossref;openalex;consensus-mcp",1,TRUE,TRUE,TRUE,TRUE,TRUE,"https://openalex.org/W2292677194",FALSE,,"2026-10-05T01:03:49Z","tbmcite 0.1.0",,,,"in-text: Bickler & Anderson, 1986"
"Herberstein_etal_2022","h:4f5777f6","Terblanche, J. S., Klok, C. J., & Chown, S. L. (2004). Metabolic rate variation in Glossina pallidipes (Diptera: Glossinidae): gender, ageing and repeatability. Journal of insect physiology, 50(5), 419-428.",,2,"measurement","Terblanche",2004,"Metabolic rate variation in Glossina pallidipes (Diptera: Glossinidae): gender, ageing and repeatability","Journal of insect physiology","50","419-428","10.1016/j.jinsphys.2004.02.009",,,"certain","two_service_agreement","crossref;openalex;consensus-mcp",1,TRUE,TRUE,TRUE,TRUE,TRUE,"https://openalex.org/W2131057130",FALSE,,"2026-10-05T01:03:49Z","tbmcite 0.1.0",,,,"in-text: Terblanche, Klok, & Chown, 2004"
"Herberstein_etal_2022","h:51b86183","Adams, N. J., & Brown, C. R. (1984). Metabolic rates of sub-Antarctic Procellariiformes: a comparative study. Comparative Biochemistry and Physiology Part A: Physiology, 77(1), 169-173. doi:10.1016/0300-9629(84)90030-6","10.1016/0300-9629(84)90030-6",9,"measurement","Adams",1984,"Metabolic rates of sub-Antarctic Procellariiformes: a comparative study","Comparative Biochemistry and Physiology Part A: Physiology","77","169-173",,,,,,,,,,,,,,,,,"tbmcite 0.1.0",,,,"in-text: Adams & Brown, 1984"
"Herberstein_etal_2022","h:52d8f330","Marhold, S., & Nagel, A. (1995). The energetics of the common mole rat Cryptomys, a subterranean eusocial rodent from Zambia. Journal of Comparative Physiology B, 164(8), 636-645. doi:10.1007/bf00389805","10.1007/bf00389805",1,"measurement","Marhold",1995,"The energetics of the common mole rat Cryptomys, a subterranean eusocial rodent from Zambia","Journal of Comparative Physiology B","164","636-645","10.1007/bf00389805",,,"certain","doi_resolves","crossref;openalex;consensus-mcp",0.8888,TRUE,TRUE,TRUE,TRUE,TRUE,"https://openalex.org/W1969990291",FALSE,,"2026-10-05T01:03:49Z","tbmcite 0.1.0",,,,"in-text: Marhold & Nagel, 1995"
"Herberstein_etal_2022","h:5353f127","Shelton, T. G., & Appel, A. G. (2001). Carbon dioxide release in Coptotermes formosanus Shiraki and Reticulitermes flavipes (Kollar): effects of caste, mass, and movement. Journal of insect physiology, 47(3), 213-224. doi:10.1016/S0022-1910(00)00111-6","10.1016/s0022-1910(00)00111-6",2,"measurement","Shelton",2001,"Carbon dioxide release in Coptotermes formosanus Shiraki and Reticulitermes flavipes (Kollar): effects of caste, mass, and movement","Journal of insect physiology","47","213-224",,,,,,,,,,,,,,,,,"tbmcite 0.1.0",,,,"in-text: Shelton & Appel, 2001"
"Herberstein_etal_2022","h:537f430c","Greenstone, M. H., & Bennett, A. F. (1980). Foraging strategy and metabolic rate in spiders. Ecology, 61(5), 1255-1259. doi:10.2307/1936843","10.2307/1936843",47,"measurement","Greenstone",1980,"Foraging strategy and metabolic rate in spiders","Ecology","61","1255-1259","10.2307/1936843",,,"certain","doi_resolves","crossref;openalex;consensus-mcp",1,TRUE,TRUE,TRUE,TRUE,TRUE,"https://openalex.org/W2094225312",FALSE,,"2026-10-05T01:03:49Z","tbmcite 0.1.0",,,,"in-text: Greenstone & Bennett, 1980"
"Herberstein_etal_2022","h:54b15906","Bedford, G. S., & Christian, K. A. (1999). Standard metabolic rate and preferred body temperatures in some Australian pythons. Australian Journal of Zoology, 46(4), 317-328. doi:10.1071/ZO98019","10.1071/zo98019",10,"measurement","Bedford",1999,"Standard metabolic rate and preferred body temperatures in some Australian pythons","Australian Journal of Zoology","46","317-328","10.1071/zo98019",,,"certain","doi_resolves","crossref;openalex;consensus-mcp",1,TRUE,TRUE,TRUE,TRUE,TRUE,"https://openalex.org/W1968188215",FALSE,,"2026-10-05T01:03:49Z","tbmcite 0.1.0",,,,"in-text: Bedford & Christian, 1999"
"Herberstein_etal_2022","h:5658e105","Guay, P., Weston, M., Symonds, M., & Glover, H. (2013). Brains and bravery: Little evidence of a relationship between brain size and flightiness in shorebirds. Austral Ecology, 38(5), 516-522. doi:10.1111/j.1442-9993.2012.02441.x","10.1111/j.1442-9993.2012.02441.x",27,"measurement","Guay",2013,"Brains and bravery: Little evidence of a relationship between brain size and flightiness in shorebirds","Austral Ecology","38","516-522","10.1111/j.1442-9993.2012.02441.x",,,"certain","doi_resolves","crossref;openalex;consensus-mcp",1,TRUE,TRUE,TRUE,TRUE,TRUE,"https://openalex.org/W1526822370",FALSE,,"2026-10-05T01:03:49Z","tbmcite 0.1.0",,,,"in-text: Guay, Weston, Symonds, & Glover, 2013"
"Herberstein_etal_2022","h:57096de1","MacMillen, R. E. (1981). Nonconformance of standard metabolic rate with body mass in Hawaiian Honeycreepers. Oecologia, 49(3), 340-343. doi:10.1007/bf00347595","10.1007/bf00347595",4,"measurement","MacMillen",1981,"Nonconformance of standard metabolic rate with body mass in Hawaiian Honeycreepers","Oecologia","49","340-343","10.1007/bf00347595",,,"certain","doi_resolves","crossref;openalex;consensus-mcp",1,TRUE,TRUE,TRUE,TRUE,TRUE,"https://openalex.org/W1997527134",FALSE,,"2026-10-05T01:03:49Z","tbmcite 0.1.0",,,,"in-text: MacMillen, 1981"
"Herberstein_etal_2022","h:57524115","Richter, T. A., Webb, P. I., & Skinner, J. D. (1997). Limits to the distribution of the southern African ice rat (Otomys sloggetti): thermal physiology or competitive exclusion? Functional Ecology, 11(2), 240-246. doi:10.1046/j.1365-2435.1997.00078.x","10.1046/j.1365-2435.1997.00078.x",1,"measurement","Richter",1997,"Limits to the distribution of the southern African ice rat (Otomys sloggetti): thermal physiology or competitive exclusion?","Functional Ecology","11","240-246","10.1046/j.1365-2435.1997.00078.x",,,"certain","doi_resolves","crossref;openalex;consensus-mcp",1,TRUE,TRUE,TRUE,TRUE,TRUE,"https://openalex.org/W2019776327",FALSE,,"2026-10-05T01:03:49Z","tbmcite 0.1.0",,,,"in-text: Richter, Webb, & Skinner, 1997"
"Herberstein_etal_2022","h:5a22ff6c","May, M. L., Pearson, D. L., & Casey, T. M. (1986). Oxygen consumption of active and inactive adult tiger beetles. Physiological Entomology, 11(2), 171-179. doi:10.1111/j.1365-3032.1986.tb00403.x","10.1111/j.1365-3032.1986.tb00403.x",5,"measurement","May",1986,"Oxygen consumption of active and inactive adult tiger beetles","Physiological Entomology","11","171-179","10.1111/j.1365-3032.1986.tb00403.x",,,"certain","doi_resolves","crossref;openalex;consensus-mcp",1,TRUE,TRUE,TRUE,TRUE,TRUE,"https://openalex.org/W2012155344",FALSE,,"2026-10-05T01:03:49Z","tbmcite 0.1.0",,,,"in-text: May, Pearson, & Casey, 1986"
"Herberstein_etal_2022","h:5ab14dd0","Hoops, D., Vidal-García, M., Ullmann, J. F., Janke, A. L., Stait-Gardner, T., Duchêne, D. A., . . . Keogh, J. S. (2017). Evidence for concerted and mosaic brain evolution in dragon lizards. Brain, behavior and evolution, 90(3), 211-223. doi:10.1159/000478738","10.1159/000478738",14,"measurement","Hoops",2017,"Evidence for concerted and mosaic brain evolution in dragon lizards","Brain, behavior and evolution","90","211-223","10.1159/000478738",,,"certain","doi_resolves","crossref;openalex;consensus-mcp",1,TRUE,TRUE,TRUE,TRUE,TRUE,"https://openalex.org/W2752565229",FALSE,,"2026-10-05T01:03:49Z","tbmcite 0.1.0",,,,"in-text: Hoops et al., 2017"
"Herberstein_etal_2022","h:5dbf2220","Nespolo, R. F., Lardies, M. A., & Bozinovic, F. (2003). Intrapopulational variation in the standard metabolic rate of insects: repeatability, thermal dependence and sensitivity (Q10) of oxygen consumption in a cricket. Journal of Experimental Biology, 206(23), 4309-4315. doi:10.1242/jeb.00687","10.1242/jeb.00687",3,"measurement","Nespolo",2003,"Intrapopulational variation in the standard metabolic rate of insects: repeatability, thermal dependence and sensitivity (Q10) of oxygen consumption in a cricket","Journal of Experimental Biology","206","4309-4315","10.1242/jeb.00687",,,"certain","doi_resolves","crossref;openalex;consensus-mcp",1,TRUE,TRUE,TRUE,TRUE,TRUE,"https://openalex.org/W2167372258",FALSE,,"2026-10-05T01:03:49Z","tbmcite 0.1.0",,,,"in-text: Nespolo, Lardies, & Bozinovic, 2003"
"Herberstein_etal_2022","h:5dd0a8b2","Prinzinger, R., & Hänssler, I. (1980). Metabolism-weight relationship in some small nonpasserine birds. Experientia, 36(11), 1299-1300. doi:10.1007/bf01969600","10.1007/bf01969600",24,"measurement","Prinzinger",1980,"Metabolism-weight relationship in some small nonpasserine birds","Experientia","36","1299-1300","10.1007/bf01969600",,,"certain","doi_resolves","crossref;openalex;consensus-mcp",1,TRUE,TRUE,TRUE,TRUE,TRUE,"https://openalex.org/W2044420982",FALSE,,"2026-10-05T01:03:49Z","tbmcite 0.1.0",,,,"in-text: Prinzinger & Hänssler, 1980"
"Herberstein_etal_2022","h:5ddc219a","Gatten Jr, R. E. (1974). Effects of temperature and activity on aerobic and anaerobic metabolism and heart rate in the turtles Pseudemys scripta and Terrapene ornata. Comparative Biochemistry and Physiology Part A: Physiology, doi:10.1016/0300-9629(74)90606-9","10.1016/0300-9629(74)90606-9",2,"measurement","Gatten Jr",1974,"Effects of temperature and activity on aerobic and anaerobic metabolism and heart rate in the turtles Pseudemys scripta and Terrapene ornata","Comparative Biochemistry and Physiology Part A: Physiology",,,,,,,,,,,,,,,,,,,"tbmcite 0.1.0",,,,"in-text: Gatten Jr, 1974"
"Herberstein_etal_2022","h:61598230","Hennemann, W. W., Thompson, S. D., & Konecny, M. J. (1983). Metabolism of Crab-Eating Foxes, Cerdocyon thous: Ecological Influences on the Energetics of Canids. Physiological Zoology, 56(3), 319-324. doi:10.1086/physzool.56.3.30152596","10.1086/physzool.56.3.30152596",2,"measurement","Hennemann",1983,"Metabolism of Crab-Eating Foxes, Cerdocyon thous: Ecological Influences on the Energetics of Canids","Physiological Zoology","56","319-324","10.1086/physzool.56.3.30152596",,,"certain","doi_resolves","crossref;openalex;consensus-mcp",1,TRUE,TRUE,TRUE,TRUE,TRUE,"https://openalex.org/W2319946196",FALSE,,"2026-10-05T01:03:49Z","tbmcite 0.1.0",,,,"in-text: Hennemann, Thompson, & Konecny, 1983"
"Herberstein_etal_2022","h:677e9af6","Brush, A. H. (1965). Energetics, temperature regulation and circulation in resting, active and defeathered California quail, Lophortyx californicus. Comparative Biochemistry and Physiology, 15(3), 399-421. doi:10.1016/0010-406X(65)90141-6","10.1016/0010-406x(65)90141-6",2,"measurement","Brush",1965,"Energetics, temperature regulation and circulation in resting, active and defeathered California quail, Lophortyx californicus","Comparative Biochemistry and Physiology","15","399-421",,,,,,,,,,,,,,,,,"tbmcite 0.1.0",,,,"in-text: Brush, 1965"
"Herberstein_etal_2022","h:680b909e","MacMillen, R. E., Whittow, G. C., Christopher, E. A., & Ebisu, R. J. (1977). Oxygen consumption, evaporative water loss, and body temperature in the sooty tern. The Auk, 72-79.",,1,"measurement","MacMillen",1977,"Oxygen consumption, evaporative water loss, and body temperature in the sooty tern","The Auk, 72-79",,,"10.1093/auk/94.1.72",,,"pending","weak_match","crossref;openalex;consensus-mcp",1,TRUE,TRUE,FALSE,FALSE,FALSE,"https://openalex.org/W3120320158",FALSE,,"2026-10-05T01:18:21Z","tbmcite 0.1.0",,,,"in-text: MacMillen, Whittow, Christopher, & Ebisu, 1977"
"Herberstein_etal_2022","h:69689a64","Du Toit, J. T., Jarvis, J. U. M., & Louw, G. N. (1985). Nutrition and burrowing energetics of the Cape mole-rat Georychus capensis. Oecologia, 66(1), 81-87. doi:10.1007/bf00378556","10.1007/bf00378556",9,"measurement","Du Toit",1985,"Nutrition and burrowing energetics of the Cape mole-rat Georychus capensis","Oecologia","66","81-87","10.1007/bf00378556",,,"certain","doi_resolves","crossref;openalex;consensus-mcp",1,TRUE,TRUE,TRUE,TRUE,TRUE,"https://openalex.org/W2080360087",FALSE,,"2026-10-05T01:03:49Z","tbmcite 0.1.0",,,,"in-text: Du Toit, Jarvis, & Louw, 1985"
"Herberstein_etal_2022","h:69aa6ea5","Hrdlicka, A. (1925). Weight of the brain and of the internal organs in American monkeys. With data on brain weight in other apes. American Journal of Physical Anthropology, 8(2), 201-211. doi:10.1002/ajpa.1330080207","10.1002/ajpa.1330080207",12,"measurement","Hrdlicka",1925,"Weight of the brain and of the internal organs in American monkeys","With data on brain weight in other apes. American Journal of Physical Anthropology","8","201-211","10.1002/ajpa.1330080207",,,"certain","doi_resolves","crossref;openalex;consensus-mcp",0.7956,TRUE,TRUE,TRUE,TRUE,TRUE,"https://openalex.org/W1965738051",FALSE,,"2026-10-05T01:03:49Z","tbmcite 0.1.0",,,,"in-text: Hrdlicka, 1925"
"Herberstein_etal_2022","h:69ad229a","McNab, B. K. (1979). The Influence of Body Size on the Energetics and Distribution of Fossorial and Burrowing Mammals. Ecology, 60(5), 1010-1021. doi:10.2307/1936869","10.2307/1936869",4,"measurement","McNab",1979,"The Influence of Body Size on the Energetics and Distribution of Fossorial and Burrowing Mammals","Ecology","60","1010-1021","10.2307/1936869",,,"certain","doi_resolves","crossref;openalex;consensus-mcp",1,TRUE,TRUE,TRUE,TRUE,TRUE,"https://openalex.org/W2168690694",FALSE,,"2026-10-05T01:03:49Z","tbmcite 0.1.0",,,,"in-text: McNab, 1979"
"Herberstein_etal_2022","h:6cff90dc","Gatten Jr, R. E. (1978). Aerobic metabolism in snapping turtles, Chelydra serpentina, after thermal acclimation. Comparative Biochemistry and Physiology Part A: Physiology, 61(2), 325-337. doi:10.1016/0300-9629(78)90116-0","10.1016/0300-9629(78)90116-0",1,"measurement","Gatten Jr",1978,"Aerobic metabolism in snapping turtles, Chelydra serpentina, after thermal acclimation","Comparative Biochemistry and Physiology Part A: Physiology","61","325-337",,,,,,,,,,,,,,,,,"tbmcite 0.1.0",,,,"in-text: Gatten Jr, 1978"
"Herberstein_etal_2022","h:6d0fdd45","Farrell, D. J., & Wood, A. J. (1968). The nutrition of the female mink (Mustela vison). I. The metabolic rate of the mink. Canadian Journal of Zoology, 46(1), 41-45. doi:10.1139/z68-008","10.1139/z68-008",3,"measurement","Farrell",1968,"The nutrition of the female mink (Mustela vison)","I. The metabolic rate of the mink. Canadian Journal of Zoology","46","41-45","10.1139/z68-008",,,"certain","doi_resolves","crossref;openalex;consensus-mcp",0.7707,TRUE,TRUE,TRUE,TRUE,TRUE,"https://openalex.org/W2148135741",FALSE,,"2026-10-05T01:03:49Z","tbmcite 0.1.0",,,,"in-text: Farrell & Wood, 1968"
"Herberstein_etal_2022","h:6d2e390d","Downs, C. T., & Perrin, M. R. (1995b). The thermal biology of three southern African elephant-shrews. Journal of thermal Biology, 20(6), 445-450. doi:10.1016/0306-4565(95)00003-F","10.1016/0306-4565(95)00003-f",3,"measurement","Downs",1995,"The thermal biology of three southern African elephant-shrews","Journal of thermal Biology","20","445-450",,,,,,,,,,,,,,,,,"tbmcite 0.1.0",,,,"in-text: Downs & Perrin, 1995b"
"Herberstein_etal_2022","h:70563c4d","Dunson, W. A., & Bramham, C. R. (1981). Evaporative Water Loss and Oxygen Consumption of Three Small Lizards from the Florida Keys: Sphaerodactylus cinereus, S. notatus, and Anolis sagrei. Physiological Zoology, 54(2), 253-259. doi:10.1086/physzool.54.2.30155827","10.1086/physzool.54.2.30155827",3,"measurement","Dunson",1981,"Evaporative Water Loss and Oxygen Consumption of Three Small Lizards from the Florida Keys: Sphaerodactylus cinereus, S. notatus, and Anolis sagrei","Physiological Zoology","54","253-259","10.1086/physzool.54.2.30155827",,,"certain","doi_resolves","crossref;openalex;consensus-mcp",1,TRUE,TRUE,TRUE,TRUE,TRUE,"https://openalex.org/W2299336150",FALSE,,"2026-10-05T01:03:49Z","tbmcite 0.1.0",,,,"in-text: Dunson & Bramham, 1981"
"Herberstein_etal_2022","h:71b64cbb","Bartholomew, G. A., Lighton, J. R., & Louw, G. N. (1985). Energetics of locomotion and patterns of respiration in tenebrionid beetles from the Namib Desert. Journal of Comparative Physiology B, 155(2), 155-162. doi:10.1007/bf00685208","10.1007/bf00685208",8,"measurement","Bartholomew",1985,"Energetics of locomotion and patterns of respiration in tenebrionid beetles from the Namib Desert","Journal of Comparative Physiology B","155","155-162","10.1007/bf00685208",,,"certain","doi_resolves","crossref;openalex;consensus-mcp",1,TRUE,TRUE,TRUE,TRUE,TRUE,"https://openalex.org/W2079925463",FALSE,,"2026-10-05T01:03:49Z","tbmcite 0.1.0",,,,"in-text: Bartholomew, Lighton, & Louw, 1985"
"Herberstein_etal_2022","h:74851217","Thompson, G. G., & Withers, P. C. (1992). Effects of body mass and temperature on standard metabolic rates for two Australian varanid lizards (Varanus gouldii and V. panoptes). Copeia, 343-350. doi:10.2307/1446195","10.2307/1446195",2,"measurement","Thompson",1992,"Effects of body mass and temperature on standard metabolic rates for two Australian varanid lizards (Varanus gouldii and V. panoptes)","Copeia, 343-350",,,"10.2307/1446195",,,"certain","doi_resolves","crossref;openalex;consensus-mcp",1,TRUE,TRUE,TRUE,FALSE,FALSE,"https://openalex.org/W2322165657",FALSE,,"2026-10-05T01:03:49Z","tbmcite 0.1.0",,,,"in-text: Thompson & Withers, 1992"
"Herberstein_etal_2022","h:77f626ab","Cortés, A., Báez, C., Rosenmann, M., & Pino, C. (1994). Body temperature, activity cycle and metabolic rate in a small nocturnal Chilean lizard, Garthia gaudichaudi (Sauria: Gekkonidae). Comparative Biochemistry and Physiology Part A: Physiology, 109(4), 967-973. doi:10.1016/0300-9629(94)90245-3","10.1016/0300-9629(94)90245-3",1,"measurement","Cortes",1994,"Body temperature, activity cycle and metabolic rate in a small nocturnal Chilean lizard, Garthia gaudichaudi (Sauria: Gekkonidae)","Comparative Biochemistry and Physiology Part A: Physiology","109","967-973",,,,,,,,,,,,,,,,,"tbmcite 0.1.0",,,,"in-text: Cortés, Báez, Rosenmann, & Pino, 1994"
"Herberstein_etal_2022","h:7860525c","Bronson, R. (1981). Brain weight-body weight relationships in 12 species of nonhuman primates. American Journal of Physical Anthropology, 56(1), 77-81. doi:10.1002/ajpa.1330560109","10.1002/ajpa.1330560109",24,"measurement","Bronson",1981,"Brain weight-body weight relationships in 12 species of nonhuman primates","American Journal of Physical Anthropology","56","77-81","10.1002/ajpa.1330560109",,,"certain","doi_resolves","crossref;openalex;consensus-mcp",1,TRUE,TRUE,TRUE,TRUE,TRUE,"https://openalex.org/W1971560949",FALSE,,"2026-10-05T01:03:49Z","tbmcite 0.1.0",,,,"in-text: Bronson, 1981"
"Herberstein_etal_2022","h:7af7e1b3","Young, S. R., & Block, W. (1980). Some factors affecting metabolic rate in an Antarctic mite. Oikos, 178-185. doi:10.2307/3544180","10.2307/3544180",1,"measurement","Young",1980,"Some factors affecting metabolic rate in an Antarctic mite","Oikos, 178-185",,,"10.2307/3544180",,,"certain","doi_resolves","crossref;openalex;consensus-mcp",1,TRUE,TRUE,TRUE,FALSE,FALSE,"https://openalex.org/W2315248805",FALSE,,"2026-10-05T01:03:49Z","tbmcite 0.1.0",,,,"in-text: Young & Block, 1980"
"Herberstein_etal_2022","h:7dc5535e","McNab, B. K. (1984). Physiological convergence amongst ant-eating and termite-eating mammals. Journal of Zoology, 203(4), 485-510. doi:10.1111/j.1469-7998.1984.tb02345.x","10.1111/j.1469-7998.1984.tb02345.x",15,"measurement","McNab",1984,"Physiological convergence amongst ant-eating and termite-eating mammals","Journal of Zoology","203","485-510","10.1111/j.1469-7998.1984.tb02345.x",,,"certain","doi_resolves","crossref;openalex;consensus-mcp",1,TRUE,TRUE,TRUE,TRUE,TRUE,"https://openalex.org/W2070927381",FALSE,,"2026-10-05T01:03:49Z","tbmcite 0.1.0",,,,"in-text: McNab, 1984"
"Herberstein_etal_2022","h:7e20f979","Pirlot, P., & Stephan, H. (1970). Encephalization in Chiroptera. Canadian Journal of Zoology, 48(3), 433-444.",,48,"measurement","Pirlot",1970,"Encephalization in Chiroptera","Canadian Journal of Zoology","48","433-444","10.1139/z70-075",,,"certain","two_service_agreement","crossref;openalex",1,TRUE,TRUE,TRUE,TRUE,TRUE,"https://openalex.org/W2118808355",FALSE,,"2026-10-05T01:03:49Z","tbmcite 0.1.0",,,,"in-text: Pirlot & Stephan, 1970"
"Herberstein_etal_2022","h:7fa4296e","Duncan, F. D., & Byrne, M. J. (2000). Discontinuous gas exchange in dung beetles: patterns and ecological implications. Oecologia, 122(4), 452-458. doi:10.1007/s004420050966","10.1007/s004420050966",5,"measurement","Duncan",2000,"Discontinuous gas exchange in dung beetles: patterns and ecological implications","Oecologia","122","452-458","10.1007/s004420050966",,,"certain","doi_resolves","crossref;openalex;consensus-mcp",1,TRUE,TRUE,TRUE,TRUE,TRUE,"https://openalex.org/W1974333579",FALSE,,"2026-10-05T01:03:49Z","tbmcite 0.1.0",,,,"in-text: Duncan & Byrne, 2000"
"Herberstein_etal_2022","h:82754ee7","Stahel, C. D., Megirian, D., & Nicol, S. C. (1984). Sleep and metabolic rate in the little penguin, Eudyptula minor. Journal of Comparative Physiology B, 154(5), 487-494. doi:10.1007/bf02515153","10.1007/bf02515153",1,"measurement","Stahel",1984,"Sleep and metabolic rate in the little penguin, Eudyptula minor","Journal of Comparative Physiology B","154","487-494","10.1007/bf02515153",,,"certain","doi_resolves","crossref;openalex;consensus-mcp",1,TRUE,TRUE,TRUE,TRUE,TRUE,"https://openalex.org/W2063681744",FALSE,,"2026-10-05T01:03:49Z","tbmcite 0.1.0",,,,"in-text: Stahel, Megirian, & Nicol, 1984"
"Herberstein_etal_2022","h:838be189","Herreid, C. F., & Full, R. J. (1984). Cockroaches on a treadmill: aerobic running. Journal of insect physiology, 30(5), 395-403. doi:10.1016/0022-1910(84)90097-0","10.1016/0022-1910(84)90097-0",5,"measurement","Herreid",1984,"Cockroaches on a treadmill: aerobic running","Journal of insect physiology","30","395-403",,,,,,,,,,,,,,,,,"tbmcite 0.1.0",,,,"in-text: Herreid & Full, 1984"
"Herberstein_etal_2022","h:8820d2fa","Bryant, D. M., Hails, C. J., & Tatner, P. (1984). Reproductive energetics of two tropical bird species. The Auk, 25-37.",,2,"measurement","Bryant",1984,"Reproductive energetics of two tropical bird species","The Auk, 25-37",,,"10.1093/auk/101.1.25",,,"certain","two_service_agreement","crossref;openalex;consensus-mcp",1,TRUE,TRUE,TRUE,FALSE,FALSE,"https://openalex.org/W2473868573",FALSE,,"2026-10-05T01:03:49Z","tbmcite 0.1.0",,,,"in-text: Bryant, Hails, & Tatner, 1984"
"Herberstein_etal_2022","h:89c47794","Mlíkovský, J. (1990). Brain size in birds: 4. Passeriformes. Acta Soc Zool Bohem, 54, 27-37.",,1,"measurement","Mlikovsky",1990,"Brain size in birds: 4. Passeriformes","Acta Soc Zool Bohem","54","27-37","10.1093/acprof:oso/9780199208784.003.0004",,,"not_found","below_threshold","crossref;openalex",0.5063,FALSE,FALSE,FALSE,FALSE,TRUE,"https://openalex.org/W320272028",FALSE,,"2026-10-05T01:18:21Z","tbmcite 0.1.0",,,,"in-text: Mlíkovský, 1990"
"Herberstein_etal_2022","h:8a46e592","Arends, A., & McNab, B. K. (2001). The comparative energetics of ‘caviomorph’ rodents. Comparative Biochemistry and Physiology Part A: Molecular & Integrative Physiology, 130(1), 105-122. doi:10.1016/S1095-6433(01)00371-3","10.1016/s1095-6433(01)00371-3",11,"measurement","Arends",2001,"The comparative energetics of 'caviomorph' rodents","Comparative Biochemistry and Physiology Part A: Molecular & Integrative Physiology","130","105-122",,,,,,,,,,,,,,,,,"tbmcite 0.1.0",,,,"in-text: Arends & McNab, 2001"
"Herberstein_etal_2022","h:8a797f0f","Maskrey, M., & Hoppe, P. P. (1979). Thermoregulation and oxygen consumption in Kirk's dik-dik (Madoqua kirkii) at ambient temperatures of 10–45° C. Comparative Biochemistry and Physiology Part A: Physiology, 62(4), 827-830. doi:10.1016/0300-9629(79)90010-0","10.1016/0300-9629(79)90010-0",1,"measurement","Maskrey",1979,"Thermoregulation and oxygen consumption in Kirk's dik-dik (Madoqua kirkii) at ambient temperatures of 10-450 C. Comparative Biochemistry and Physiology Part A: Physiology",,"62","827-830",,,,,,,,,,,,,,,,,"tbmcite 0.1.0",,,,"in-text: Maskrey & Hoppe, 1979"
"Herberstein_etal_2022","h:8aa04e8f","Hails, C. J. (1983). The metabolic rate of tropical birds. Condor, 61-65. doi:10.2307/1367889","10.2307/1367889",18,"measurement","Hails",1983,"The metabolic rate of tropical birds","Condor, 61-65",,,"10.2307/1367889",,,"certain","doi_resolves","crossref;openalex",1,TRUE,TRUE,TRUE,FALSE,FALSE,"https://openalex.org/W2332032434",FALSE,,"2026-10-05T01:03:49Z","tbmcite 0.1.0",,,,"in-text: Hails, 1983"
"Herberstein_etal_2022","h:8ac26c7b","Baudinette, R. V., Churchill, S. K., Christian, K. A., Nelson, J. E., & Hudson, P. J. (2000). Energy, water balance and the roost microenvironment in three Australian cave-dwelling bats (Microchiroptera). Journal of Comparative Physiology B, 170(5), 439-446. doi:10.1007/s003600000121","10.1007/s003600000121",3,"measurement","Baudinette",2000,"Energy, water balance and the roost microenvironment in three Australian cave-dwelling bats (Microchiroptera)","Journal of Comparative Physiology B","170","439-446","10.1007/s003600000121",,,"certain","doi_resolves","crossref;openalex",1,TRUE,TRUE,TRUE,TRUE,TRUE,"https://openalex.org/W2150404014",FALSE,,"2026-10-05T01:03:49Z","tbmcite 0.1.0",,,,"in-text: Baudinette, Churchill, Christian, Nelson, & Hudson, 2000"
"Herberstein_etal_2022","h:8e855f7e","Ricklefs, R. E., & Matthew, K. K. (1983). Rates of oxygen consumption in four species of seabird at Palmer Station, Antarctic peninsula. Comparative Biochemistry and Physiology, Part A: Physiology, 74(4), 885-888. doi:10.1016/0300-9629(83)90363-8","10.1016/0300-9629(83)90363-8",5,"measurement","Ricklefs",1983,"Rates of oxygen consumption in four species of seabird at Palmer Station, Antarctic peninsula","Comparative Biochemistry and Physiology, Part A: Physiology","74","885-888",,,,,,,,,,,,,,,,,"tbmcite 0.1.0",,,,"in-text: Ricklefs & Matthew, 1983"
"Herberstein_etal_2022","h:90135efc","Knight, M. H. (1988). Thermoregulation in the largest African cricetid, the giant rat Cricetomys gambianus. Comparative Biochemistry and Physiology, Part A: Physiology, 89(4), 705-708. doi:10.1016/0300-9629(88)90856-0","10.1016/0300-9629(88)90856-0",1,"measurement","Knight",1988,"Thermoregulation in the largest African cricetid, the giant rat Cricetomys gambianus","Comparative Biochemistry and Physiology, Part A: Physiology","89","705-708",,,,,,,,,,,,,,,,,"tbmcite 0.1.0",,,,"in-text: Knight, 1988"
"Herberstein_etal_2022","h:92c79f30","Crile, G., & Quiring, D. P. (1940). A record of the body weight and certain organ and gland weights of 3690 animals. Ohio Journal of Science",,285,"measurement","Crile",1940,"A record of the body weight and certain organ and gland weights of 3690 animals","Ohio Journal of Science",,,"10.1002/aja.1000850203",,,"not_found","below_threshold","crossref;openalex",0.517,FALSE,FALSE,FALSE,FALSE,FALSE,"https://openalex.org/W1987041542",FALSE,,"2026-10-05T01:18:21Z","tbmcite 0.1.0",,,,"in-text: Crile & Quiring, 1940"
"Herberstein_etal_2022","h:9343a0dd","Chown, S. L., Scholtz, C. H., Klok, C. J., Joubert, F. J., & Coles, K. S. (1995). Ecophysiology, range contraction and survival of a geographically restricted African dung beetle (Coleoptera: Scarabaeidae). Functional Ecology, 9(1), 30-39. doi:10.2307/2390087","10.2307/2390087",2,"measurement","Chown",1995,"Ecophysiology, range contraction and survival of a geographically restricted African dung beetle (Coleoptera: Scarabaeidae)","Functional Ecology","9","30-39","10.2307/2390087",,,"certain","doi_resolves","crossref;openalex;consensus-mcp",1,TRUE,TRUE,TRUE,TRUE,TRUE,"https://openalex.org/W2318909816",FALSE,,"2026-10-05T01:03:49Z","tbmcite 0.1.0",,,,"in-text: Chown, Scholtz, Klok, Joubert, & Coles, 1995"
"Herberstein_etal_2022","h:93c9b147","Bech, C., Chappell, M. A., Astheimer, L. B., Londoño, G. A., & Buttemer, W. A. (2016). A ‘slow pace of life’ in Australian old-endemic passerine birds is not accompanied by low basal metabolic rates. Journal of Comparative Physiology B, 186(4), 503-512. doi:10.1007/s00360-016-0964-6","10.1007/s00360-016-0964-6",33,"measurement","Bech",2016,"A 'slow pace of life' in Australian old-endemic passerine birds is not accompanied by low basal metabolic rates","Journal of Comparative Physiology B","186","503-512","10.1007/s00360-016-0964-6",,,"certain","doi_resolves","crossref;openalex;consensus-mcp",1,TRUE,TRUE,TRUE,TRUE,TRUE,"https://openalex.org/W2268927059",FALSE,,"2026-10-05T01:03:49Z","tbmcite 0.1.0",,,,"in-text: Bech, Chappell, Astheimer, Londoño, & Buttemer, 2016"
"Herberstein_etal_2022","h:960f8599","Herreid, C. F., Full, R. J., & Prawel, D. A. (1981). Energetics of Cockroach Locomotion. Journal of Experimental Biology, 94(1), 189-202.",,1,"measurement","Herreid",1981,"Energetics of Cockroach Locomotion","Journal of Experimental Biology","94","189-202","10.1242/jeb.94.1.189",,,"certain","two_service_agreement","crossref;openalex;consensus-mcp",1,TRUE,TRUE,TRUE,TRUE,TRUE,"https://openalex.org/W2127513498",FALSE,,"2026-10-05T01:03:49Z","tbmcite 0.1.0",,,,"in-text: Herreid, Full, & Prawel, 1981"
"Herberstein_etal_2022","h:961ae096","Bucher, T. L. (1985). Ventilation and oxygen consumption in Amazona viridigenalis. Journal of Comparative Physiology B, 155(3), 269-276. doi:10.1007/bf00687467","10.1007/bf00687467",1,"measurement","Bucher",1985,"Ventilation and oxygen consumption in Amazona viridigenalis","Journal of Comparative Physiology B","155","269-276","10.1007/bf00687467",,,"certain","doi_resolves","crossref;openalex;consensus-mcp",0.8247,TRUE,TRUE,TRUE,TRUE,TRUE,"https://openalex.org/W2913168618",FALSE,,"2026-10-05T01:03:49Z","tbmcite 0.1.0",,,,"in-text: Bucher, 1985"
"Herberstein_etal_2022","h:961c6cc8","Whittow, G. C., Gould, E., & Rand, D. (1977). Body temperature, oxygen consumption, and evaporative water loss in a primitive insectivore, the moon rat, Echinosorex gymnurus. Journal of Mammalogy, 58(2), 233-235. doi:10.2307/1379582","10.2307/1379582",1,"measurement","Whittow",1977,"Body temperature, oxygen consumption, and evaporative water loss in a primitive insectivore, the moon rat, Echinosorex gymnurus","Journal of Mammalogy","58","233-235","10.2307/1379582",,,"certain","doi_resolves","crossref;openalex;consensus-mcp",1,TRUE,TRUE,TRUE,TRUE,TRUE,"https://openalex.org/W2018631445",FALSE,,"2026-10-05T01:03:49Z","tbmcite 0.1.0",,,,"in-text: Whittow, Gould, & Rand, 1977"
"Herberstein_etal_2022","h:9636e034","Lighton, J. R. B., & Gillespie, R. G. (1989). The energetics of mimicry: the cost of pedestrian transport in a formicine ant and its mimic, a clubionid spider. Physiological Entomology, 14(2), 173-177. doi:10.1111/j.1365-3032.1989.tb00949.x","10.1111/j.1365-3032.1989.tb00949.x",3,"measurement","Lighton",1989,"The energetics of mimicry: the cost of pedestrian transport in a formicine ant and its mimic, a clubionid spider","Physiological Entomology","14","173-177","10.1111/j.1365-3032.1989.tb00949.x",,,"certain","doi_resolves","crossref;openalex;consensus-mcp",1,TRUE,TRUE,TRUE,TRUE,TRUE,"https://openalex.org/W2055495790",FALSE,,"2026-10-05T01:03:49Z","tbmcite 0.1.0",,,,"in-text: Lighton & Gillespie, 1989"
"Herberstein_etal_2022","h:96981eb3","Morrison, P., & Middleton, E. H. (1967). Body temperature and metabolism in the pigmy marmoset. Folia Primatologica, 6(1-2), 70-82. doi:10.1159/000155068","10.1159/000155068",2,"measurement","Morrison",1967,"Body temperature and metabolism in the pigmy marmoset","Folia Primatologica","6","70-82","10.1159/000155068",,,"certain","doi_resolves","crossref;openalex;consensus-mcp",1,TRUE,TRUE,TRUE,TRUE,TRUE,"https://openalex.org/W1964597409",FALSE,,"2026-10-05T01:03:49Z","tbmcite 0.1.0",,,,"in-text: Morrison & Middleton, 1967"
"Herberstein_etal_2022","h:96a8db76","Pasquet, A., Toscani, C., & Anotaux, M. (2018). Influence of aging on brain and web characteristics of an orb web spider. Journal of Ethology, 36(1), 85-91. doi:10.1007/s10164-017-0530-z","10.1007/s10164-017-0530-z",2,"measurement","Pasquet",2018,"Influence of aging on brain and web characteristics of an orb web spider","Journal of Ethology","36","85-91","10.1007/s10164-017-0530-z",,,"pending","retracted","crossref;openalex;consensus-mcp",1,TRUE,TRUE,TRUE,TRUE,TRUE,"https://openalex.org/W2770214985",FALSE,"crossref:updated-by:correction","2026-10-05T01:18:21Z","tbmcite 0.1.0",,,,"in-text: Pasquet, Toscani, & Anotaux, 2018"
"Herberstein_etal_2022","h:980ec0d3","McNab, B. K. (1992). The comparative energetics of rigid endothermy: the Arvicolidae. Journal of Zoology, 227(4), 585-606. doi:10.1111/j.1469-7998.1992.tb04417.x","10.1111/j.1469-7998.1992.tb04417.x",19,"measurement","McNab",1992,"The comparative energetics of rigid endothermy: the Arvicolidae","Journal of Zoology","227","585-606","10.1111/j.1469-7998.1992.tb04417.x",,,"certain","doi_resolves","crossref;openalex;consensus-mcp",1,TRUE,TRUE,TRUE,TRUE,TRUE,"https://openalex.org/W1992348152",FALSE,,"2026-10-05T01:03:49Z","tbmcite 0.1.0",,,,"in-text: McNab, 1992"
"Herberstein_etal_2022","h:9873ee8a","Goldstein, R. B. (1974). Relation of metabolism to ambient temperature in the Verdin. The Condor, 76(1), 116-119. doi:10.2307/1365995","10.2307/1365995",1,"measurement","Goldstein",1974,"Relation of metabolism to ambient temperature in the Verdin","The Condor","76","116-119","10.2307/1365995",,,"certain","doi_resolves","crossref;openalex;consensus-mcp",1,TRUE,TRUE,TRUE,TRUE,TRUE,"https://openalex.org/W2313964182",FALSE,,"2026-10-05T01:03:49Z","tbmcite 0.1.0",,,,"in-text: Goldstein, 1974"
"Herberstein_etal_2022","h:98a1af16","Whittow, G. C., Scammell, C. A., Leong, M., & Rand, D. (1977). Temperature regulation in the smallest ungulate, the lesser mouse deer (Tragulus javanicus). Comparative Biochemistry and Physiology Part A: Physiology, 56(1), 23-26. doi:10.1016/0300-9629(77)90436-4","10.1016/0300-9629(77)90436-4",2,"measurement","Whittow",1977,"Temperature regulation in the smallest ungulate, the lesser mouse deer (Tragulus javanicus)","Comparative Biochemistry and Physiology Part A: Physiology","56","23-26",,,,,,,,,,,,,,,,,"tbmcite 0.1.0",,,,"in-text: Whittow, Scammell, Leong, & Rand, 1977"
"Herberstein_etal_2022","h:9a6f2f88","Seid, M. A., Castillo, A., & Wcislo, W. T. (2011). The allometry of brain miniaturization in ants. Brain, behavior and evolution, 77(1), 5-13. doi:10.1159/000322530","10.1159/000322530",70,"measurement","Seid",2011,"The allometry of brain miniaturization in ants","Brain, behavior and evolution","77","5-13","10.1159/000322530",,,"certain","doi_resolves","crossref;openalex;consensus-mcp",1,TRUE,TRUE,TRUE,TRUE,TRUE,"https://openalex.org/W2080373783",FALSE,,"2026-10-05T01:03:49Z","tbmcite 0.1.0",,,,"in-text: Seid, Castillo, & Wcislo, 2011"
"Herberstein_etal_2022","h:9accb9a0","Pauls, R. W. (1981). Energetics of the red squirrel: a laboratory study of the effects of temperature, seasonal acclimatization, use of the nest and exercise. Journal of thermal Biology, 6(2), 79-86. doi:10.1016/0306-4565(81)90057-7","10.1016/0306-4565(81)90057-7",2,"measurement","Pauls",1981,"Energetics of the red squirrel: a laboratory study of the effects of temperature, seasonal acclimatization, use of the nest and exercise","Journal of thermal Biology","6","79-86",,,,,,,,,,,,,,,,,"tbmcite 0.1.0",,,,"in-text: Pauls, 1981"
"Herberstein_etal_2022","h:9b3042d8","Mlíkovský, J. (2003). Brain size and forearmen magnum area in crows and allies (Aves: Corvidae). Acta Soc Zool Bohem, 67(1-4), 203-211.",,43,"measurement","Mlikovsky",2003,"Brain size and forearmen magnum area in crows and allies (Aves: Corvidae)","Acta Soc Zool Bohem","67","203-211","10.2307/jj.29126475.68",,,"not_found","below_threshold","crossref;openalex",0.4656,FALSE,FALSE,FALSE,FALSE,FALSE,"https://openalex.org/W4410573512",FALSE,,"2026-10-05T01:18:21Z","tbmcite 0.1.0",,,,"in-text: Mlíkovský, 2003"
"Herberstein_etal_2022","h:a3ad39d0","Wang, L. C., Jones, D. L., MacArthur, R. A., & Fuller, W. A. (1973). Adaptation to cold: energy metabolism in an atypical lagomorph, the arctic hare (Lepus arcticus). Canadian Journal of Zoology, 51(8), 841-846. doi:10.1139/z73-125","10.1139/z73-125",1,"measurement","Wang",1973,"Adaptation to cold: energy metabolism in an atypical lagomorph, the arctic hare (Lepus arcticus)","Canadian Journal of Zoology","51","841-846","10.1139/z73-125",,,"certain","doi_resolves","crossref;openalex;consensus-mcp",1,TRUE,TRUE,TRUE,TRUE,TRUE,"https://openalex.org/W2025196168",FALSE,,"2026-10-05T01:03:49Z","tbmcite 0.1.0",,,,"in-text: Wang, Jones, MacArthur, & Fuller, 1973"
"Herberstein_etal_2022","h:a555ffc5","Hennemann, W. W., & Konecny, M. J. (1980). Oxygen consumption in large spotted genets, Genetta tigrina. Journal of Mammalogy, 61(4), 747-750. doi:10.2307/1380332","10.2307/1380332",1,"measurement","Hennemann",1980,"Oxygen consumption in large spotted genets, Genetta tigrina","Journal of Mammalogy","61","747-750","10.2307/1380332",,,"certain","doi_resolves","crossref;openalex;consensus-mcp",1,TRUE,TRUE,TRUE,TRUE,TRUE,"https://openalex.org/W2312429694",FALSE,,"2026-10-05T01:03:49Z","tbmcite 0.1.0",,,,"in-text: Hennemann & Konecny, 1980"
"Herberstein_etal_2022","h:a6eecd9a","Bartholomew, G. A., & Casey, T. M. (1978). Oxygen Consumption of Moths During Rest, Pre-Flight Warm-Up, and Flight In Relation to Body Size and Wing Morphology. Journal of Experimental Biology, 76(1), 11-25.",,106,"measurement","Bartholomew",1978,"Oxygen Consumption of Moths During Rest, Pre-Flight Warm-Up, and Flight In Relation to Body Size and Wing Morphology","Journal of Experimental Biology","76","11-25","10.1242/jeb.76.1.11",,,"certain","two_service_agreement","crossref;openalex;consensus-mcp",1,TRUE,TRUE,TRUE,TRUE,TRUE,"https://openalex.org/W2182733400",FALSE,,"2026-10-05T01:03:49Z","tbmcite 0.1.0",,,,"in-text: Bartholomew & Casey, 1978"
"Herberstein_etal_2022","h:aa38eea1","Nevo, E., & Shkolnik, A. (1974). Adaptive metabolic variation of chromosome forms in mole rats, Spalax. Experientia, 30(7), 724-726. doi:10.1007/bf01924150","10.1007/bf01924150",5,"measurement","Nevo",1974,"Adaptive metabolic variation of chromosome forms in mole rats, Spalax","Experientia","30","724-726","10.1007/bf01924150",,,"certain","doi_resolves","crossref;openalex",1,TRUE,TRUE,TRUE,TRUE,TRUE,"https://openalex.org/W2030414188",FALSE,,"2026-10-05T01:03:49Z","tbmcite 0.1.0",,,,"in-text: Nevo & Shkolnik, 1974"
"Herberstein_etal_2022","h:aa38effa","Anderson, J. F., & Prestwich, K. N. (1982). Respiratory Gas Exchange in Spiders. Physiological Zoology, 55(1), 72-90. doi:10.1086/physzool.55.1.30158445","10.1086/physzool.55.1.30158445",3,"measurement","Anderson",1982,"Respiratory Gas Exchange in Spiders","Physiological Zoology","55","72-90","10.1086/physzool.55.1.30158445",,,"certain","doi_resolves","crossref;openalex;consensus-mcp",1,TRUE,TRUE,TRUE,TRUE,TRUE,"https://openalex.org/W2291139606",FALSE,,"2026-10-05T01:03:49Z","tbmcite 0.1.0",,,,"in-text: Anderson & Prestwich, 1982"
"Herberstein_etal_2022","h:acaf4116","Hosken, D. J. (1997). Thermal Biology and Metabolism of the Greater Long-eared Bat, Nyctophilus major (Chiroptera :Vespertilionidae). Australian Journal of Zoology, 45(2), 145-156. doi:10.1071/ZO96043","10.1071/zo96043",1,"measurement","Hosken",1997,"Thermal Biology and Metabolism of the Greater Long-eared Bat, Nyctophilus major (Chiroptera :Vespertilionidae)","Australian Journal of Zoology","45","145-156","10.1071/zo96043",,,"certain","doi_resolves","crossref;openalex;consensus-mcp",1,TRUE,TRUE,TRUE,TRUE,TRUE,"https://openalex.org/W2004241918",FALSE,,"2026-10-05T01:03:49Z","tbmcite 0.1.0",,,,"in-text: Hosken, 1997"
"Herberstein_etal_2022","h:b1cfc6ce","Vitali, S. D., Withers, P. C., & Richardson, K. C. (1999). Standard metabolic rates of three nectarivorous meliphagid passerine birds. Australian Journal of Zoology, 47(4), 385-391. doi:10.1071/ZO99023","10.1071/zo99023",3,"measurement","Vitali",1999,"Standard metabolic rates of three nectarivorous meliphagid passerine birds","Australian Journal of Zoology","47","385-391","10.1071/zo99023",,,"certain","doi_resolves","crossref;openalex;consensus-mcp",1,TRUE,TRUE,TRUE,TRUE,TRUE,"https://openalex.org/W1966086000",FALSE,,"2026-10-05T01:03:49Z","tbmcite 0.1.0",,,,"in-text: Vitali, Withers, & Richardson, 1999"
"Herberstein_etal_2022","h:b2ee8d67","Lovegrove, B. G., Raman, J., & Perrin, M. R. (2001). Heterothermy in elephant shrews, Elephantulus spp. (Macroscelidea): daily torpor or hibernation? Journal of Comparative Physiology B, 171(1), 1-10. doi:10.1007/s003600000139","10.1007/s003600000139",2,"measurement","Lovegrove",2001,"Heterothermy in elephant shrews, Elephantulus spp","(Macroscelidea): daily torpor or hibernation? Journal of Comparative Physiology B","171","1-10","10.1007/s003600000139",,,"certain","doi_resolves","crossref;openalex;consensus-mcp",0.7033,TRUE,TRUE,TRUE,TRUE,TRUE,"https://openalex.org/W1976438750",FALSE,,"2026-10-05T01:03:49Z","tbmcite 0.1.0",,,,"in-text: Lovegrove, Raman, & Perrin, 2001"
"Herberstein_etal_2022","h:b33f9bae","Louw, G. N., Nicolson, S. W., & Seely, M. K. (1986). Respiration beneath desert sand: carbon dioxide diffusion and respiratory patterns in a tenebrionid beetle. Journal of Experimental Biology, 120(1), 443-446.",,1,"measurement","Louw",1986,"Respiration beneath desert sand: carbon dioxide diffusion and respiratory patterns in a tenebrionid beetle","Journal of Experimental Biology","120","443-446","10.1242/jeb.120.1.443",,,"certain","two_service_agreement","crossref;openalex;consensus-mcp",1,TRUE,TRUE,TRUE,TRUE,TRUE,"https://openalex.org/W2343124859",FALSE,,"2026-10-05T01:03:49Z","tbmcite 0.1.0",,,,"in-text: Louw, Nicolson, & Seely, 1986"
"Herberstein_etal_2022","h:b4008957","Kotiaho, J. S., Alatalo, R. V., Mappes, J., Nielsen, M. G., Parri, S., & Rivero, A. (1998). Energetic costs of size and sexual signalling in a wolf spider. Proceedings of the Royal Society B: Biological Sciences, 265(1411), 2203-2209. doi:10.1098/rspb.1998.0560","10.1098/rspb.1998.0560",6,"measurement","Kotiaho",1998,"Energetic costs of size and sexual signalling in a wolf spider","Proceedings of the Royal Society B: Biological Sciences","265","2203-2209","10.1098/rspb.1998.0560",,,"certain","doi_resolves","crossref;openalex;consensus-mcp",1,TRUE,TRUE,TRUE,TRUE,TRUE,"https://openalex.org/W2026466533",FALSE,,"2026-10-05T01:03:49Z","tbmcite 0.1.0",,,,"in-text: Kotiaho et al., 1998"
"Herberstein_etal_2022","h:b5c06273","Else, P. L., & Hulbert, A. J. (1981). Comparison of the ""mammal machine"" and the ""reptile machine"": energy production. American Journal of Physiology: Regulatory, Integrative and Comparative Physiology, 240(1), R3-R9. doi:10.1152/ajpregu.1981.240.1.R3","10.1152/ajpregu.1981.240.1.r3",2,"measurement","Else",1981,"Comparison of the ""mammal machine"" and the ""reptile machine"": energy production","American Journal of Physiology: Regulatory, Integrative and Comparative Physiology, 240(1), R3-R9",,,"10.1152/ajpregu.1981.240.1.r3",,,"certain","doi_resolves","crossref;openalex;consensus-mcp",1,TRUE,TRUE,TRUE,FALSE,FALSE,"https://openalex.org/W2191633405",FALSE,,"2026-10-05T01:03:49Z","tbmcite 0.1.0",,,,"in-text: Else & Hulbert, 1981"
"Herberstein_etal_2022","h:b8629b62","Lehmann, F. O., Dickinson, M. H., & Staunton, J. (2000). The scaling of carbon dioxide release and respiratory water loss in flying fruit flies (Drosophila spp.). Journal of Experimental Biology, 203(10), 1613-1624.",,4,"measurement","Lehmann",2000,"The scaling of carbon dioxide release and respiratory water loss in flying fruit flies (Drosophila spp.)","Journal of Experimental Biology","203","1613-1624","10.1242/jeb.203.10.1613",,,"certain","two_service_agreement","crossref;openalex;consensus-mcp",1,TRUE,TRUE,TRUE,TRUE,TRUE,"https://openalex.org/W1924200013",FALSE,,"2026-10-05T01:03:49Z","tbmcite 0.1.0",,,,"in-text: Lehmann, Dickinson, & Staunton, 2000"
"Herberstein_etal_2022","h:b8e42a8d","Rezende, E. L., Silva-Durán, I., Novoa, F. F., & Rosenmann, M. (2001). Does thermal history affect metabolic plasticity?: a study in three Phyllotis species along an altitudinal gradient. Journal of thermal Biology, 26(2), 103-108. doi:10.1016/S0306-4565(00)00029-2","10.1016/s0306-4565(00)00029-2",3,"measurement","Rezende",2001,"Does thermal history affect metabolic plasticity?: a study in three Phyllotis species along an altitudinal gradient","Journal of thermal Biology","26","103-108",,,,,,,,,,,,,,,,,"tbmcite 0.1.0",,,,"in-text: Rezende, Silva-Durán, Novoa, & Rosenmann, 2001"
"Herberstein_etal_2022","h:ba9a2986","Hadley, N. F., Ahearn, G. A., & Howarth, F. G. (1981). Water and metabolic relations of cave-adapted and epigean lycosid spiders in Hawaii. Journal of Arachnology, 215-222.",,2,"measurement","Hadley",1981,"Water and metabolic relations of cave-adapted and epigean lycosid spiders in Hawaii","Journal of Arachnology, 215-222",,,"10.5281/zenodo.16701967",,,"pending","weak_match","crossref;openalex",1,TRUE,TRUE,FALSE,FALSE,FALSE,"https://openalex.org/W2159901726",FALSE,,"2026-10-05T01:18:21Z","tbmcite 0.1.0",,,,"in-text: Hadley, Ahearn, & Howarth, 1981"
"Herberstein_etal_2022","h:bc80e881","Thompson, G., Heger, N., Heger, T., & Withers, P. (1995). Standard metabolic rate of the largest Australian lizard, Varanus giganteus. Comparative Biochemistry and Physiology Part A: Physiology, 111(4), 603-608. doi:10.1016/0300-9629(95)00055-C","10.1016/0300-9629(95)00055-c",1,"measurement","Thompson",1995,"Standard metabolic rate of the largest Australian lizard, Varanus giganteus","Comparative Biochemistry and Physiology Part A: Physiology","111","603-608",,,,,,,,,,,,,,,,,"tbmcite 0.1.0",,,,"in-text: Thompson, Heger, Heger, & Withers, 1995"
"Herberstein_etal_2022","h:bd7628e5","Jensen, T. F., & Nielsen, M. G. (1975). The influence of body size and temperature on worker ant respiration. Natura Jutlandica, 18, 21-25",,9,"measurement","Jensen",1975,"The influence of body size and temperature on worker ant respiration","Natura Jutlandica","18","21-25","10.1016/0006-3207(80)90035-x",,,"not_found","below_threshold","crossref;openalex",0.248,FALSE,FALSE,FALSE,TRUE,FALSE,"https://openalex.org/W4232929222",FALSE,,"2026-10-05T01:18:21Z","tbmcite 0.1.0",,,,"in-text: Jensen & Nielsen, 1975"
"Herberstein_etal_2022","h:bdb285e5","Genoud, M., & Ruedi, M. (1996). Rate of metabolism, temperature regulations, and evaporative water loss in the lesser gymnure Hylomys suillus (Insectivora, Mammalia). Journal of Zoology, 240(2), 309-316. doi:10.1111/j.1469-7998.1996.tb05287.x","10.1111/j.1469-7998.1996.tb05287.x",1,"measurement","Genoud",1996,"Rate of metabolism, temperature regulations, and evaporative water loss in the lesser gymnure Hylomys suillus (Insectivora, Mammalia)","Journal of Zoology","240","309-316","10.1111/j.1469-7998.1996.tb05287.x",,,"certain","doi_resolves","crossref;openalex;consensus-mcp",1,TRUE,TRUE,TRUE,TRUE,TRUE,"https://openalex.org/W2051198875",FALSE,,"2026-10-05T01:03:49Z","tbmcite 0.1.0",,,,"in-text: Genoud & Ruedi, 1996"
"Herberstein_etal_2022","h:c04766d6","Ebisu, R. J., & Whittow, G. C. (1976). Temperature regulation in the small Indian mongoose (Herpestes auropunctatus). Comparative Biochemistry and Physiology Part A: Physiology, 54(3), 309-313. doi:10.1016/S0300-9629(76)80117-X","10.1016/s0300-9629(76)80117-x",1,"measurement","Ebisu",1976,"Temperature regulation in the small Indian mongoose (Herpestes auropunctatus)","Comparative Biochemistry and Physiology Part A: Physiology","54","309-313",,,,,,,,,,,,,,,,,"tbmcite 0.1.0",,,,"in-text: Ebisu & Whittow, 1976"
"Herberstein_etal_2022","h:c1a2fe9a","Schmitz, A. (2004). Metabolic rates during rest and activity in differently tracheated spiders (Arachnida, Araneae): Pardosa lugubris (Lycosidae) and Marpissa muscosa (Salticidae). Journal of Comparative Physiology B, 174(7), 519-526. doi:10.1007/s00360-004-0440-6","10.1007/s00360-004-0440-6",4,"measurement","Schmitz",2004,"Metabolic rates during rest and activity in differently tracheated spiders (Arachnida, Araneae): Pardosa lugubris (Lycosidae) and Marpissa muscosa (Salticidae)","Journal of Comparative Physiology B","174","519-526","10.1007/s00360-004-0440-6",,,"certain","doi_resolves","crossref;openalex;consensus-mcp",1,TRUE,TRUE,TRUE,TRUE,TRUE,"https://openalex.org/W2144079528",FALSE,,"2026-10-05T01:03:49Z","tbmcite 0.1.0",,,,"in-text: Schmitz, 2004"
"Herberstein_etal_2022","h:c34a2305","Bennett, N. C., Aguilar, G. H., Jarvis, J. U. M., & Faulkes, C. G. (1994). Thermoregulation in three species of Afrotropical subterranean mole-rats (Rodentia: Bathyergidae) from Zambia and Angola and scaling within the genus Cryptomys. Oecologia, 97(2), 222-227. doi:10.1007/bf00323153","10.1007/bf00323153",1,"measurement","Bennett",1994,"Thermoregulation in three species of Afrotropical subterranean mole-rats (Rodentia: Bathyergidae) from Zambia and Angola and scaling within the genus Cryptomys","Oecologia","97","222-227","10.1007/bf00323153",,,"certain","doi_resolves","crossref;openalex;consensus-mcp",1,TRUE,TRUE,TRUE,TRUE,TRUE,"https://openalex.org/W2099887172",FALSE,,"2026-10-05T01:03:49Z","tbmcite 0.1.0",,,,"in-text: Bennett, Aguilar, Jarvis, & Faulkes, 1994"
"Herberstein_etal_2022","h:c48f28f2","Mares, S., Ash, L., & Gronenberg, W. (2005). Brain allometry in bumblebee and honey bee workers. Brain, behavior and evolution, 66(1), 50-61. doi:10.1159/000085047","10.1159/000085047",2,"measurement","Mares",2005,"Brain allometry in bumblebee and honey bee workers","Brain, behavior and evolution","66","50-61","10.1159/000085047",,,"certain","doi_resolves","crossref;openalex;consensus-mcp",1,TRUE,TRUE,TRUE,TRUE,TRUE,"https://openalex.org/W2075383612",FALSE,,"2026-10-05T01:03:49Z","tbmcite 0.1.0",,,,"in-text: Mares, Ash, & Gronenberg, 2005"
"Herberstein_etal_2022","h:c66705fa","Kurta, A., & Ferkin, M. (1991). The correlation between demography and metabolic rate: a test using the beach vole (Microtus breweri) and the meadow vole (Microtus pennsylvanicus). Oecologia, 87(1), 102-105. doi:10.1007/bf00323786","10.1007/bf00323786",2,"measurement","Kurta",1991,"The correlation between demography and metabolic rate: a test using the beach vole (Microtus breweri) and the meadow vole (Microtus pennsylvanicus)","Oecologia","87","102-105","10.1007/bf00323786",,,"certain","doi_resolves","crossref;openalex;consensus-mcp",1,TRUE,TRUE,TRUE,TRUE,TRUE,"https://openalex.org/W1985102412",FALSE,,"2026-10-05T01:03:49Z","tbmcite 0.1.0",,,,"in-text: Kurta & Ferkin, 1991"
"Herberstein_etal_2022","h:c6879101","Lighton, J., & Garrigan, D. (1995). Ant breathing: testing regulation and mechanism hypotheses with hypoxia. Journal of Experimental Biology, 198(7), 1613-1620.",,1,"measurement","Lighton",1995,"Ant breathing: testing regulation and mechanism hypotheses with hypoxia","Journal of Experimental Biology","198","1613-1620","10.1242/jeb.198.7.1613",,,"certain","two_service_agreement","crossref;openalex;consensus-mcp",1,TRUE,TRUE,TRUE,TRUE,TRUE,"https://openalex.org/W1904158915",FALSE,,"2026-10-05T01:03:49Z","tbmcite 0.1.0",,,,"in-text: Lighton & Garrigan, 1995"
"Herberstein_etal_2022","h:c6bff63a","Taylor, G. M., Nol, E., & Boire, D. (1995). Brain regions and encephalization in anurans: adaptation or stability? Brain, behavior and evolution, 45(2), 96-109. doi:10.1159/000113543","10.1159/000113543",9,"measurement","Taylor",1995,"Brain regions and encephalization in anurans: adaptation or stability?","Brain, behavior and evolution","45","96-109","10.1159/000113543",,,"certain","doi_resolves","crossref;openalex;consensus-mcp",1,TRUE,FALSE,TRUE,TRUE,TRUE,"https://openalex.org/W1989734429",FALSE,,"2026-10-05T01:03:49Z","tbmcite 0.1.0",,,,"in-text: Taylor, Nol, & Boire, 1995"
"Herberstein_etal_2022","h:c723598e","Christian, K., & Conley, K. (1994). Activity and Resting Metabolism of Varanid Lizards Compared With Typical Lizards. Australian Journal of Zoology, 42(2), 185-193. doi:10.1071/ZO9940185","10.1071/zo9940185",5,"measurement","Christian",1994,"Activity and Resting Metabolism of Varanid Lizards Compared With Typical Lizards","Australian Journal of Zoology","42","185-193","10.1071/zo9940185",,,"certain","doi_resolves","crossref;openalex;consensus-mcp",1,TRUE,TRUE,TRUE,TRUE,TRUE,"https://openalex.org/W2049441766",FALSE,,"2026-10-05T01:03:49Z","tbmcite 0.1.0",,,,"in-text: Christian & Conley, 1994"
"Herberstein_etal_2022","h:c8086cd5","Withers, P. C., Thompson, G. G., & Seymour, R. S. (2000). Metabolic physiology of the north-western marsupial mole, Notoryctes caurinus (Marsupialia: Notoryctidae). Australian Journal of Zoology, 48(3), 241-258. doi:10.1071/ZO99073","10.1071/zo99073",1,"measurement","Withers",2000,"Metabolic physiology of the north-western marsupial mole, Notoryctes caurinus (Marsupialia: Notoryctidae)","Australian Journal of Zoology","48","241-258","10.1071/zo99073",,,"certain","doi_resolves","crossref;openalex;consensus-mcp",1,TRUE,TRUE,TRUE,TRUE,TRUE,"https://openalex.org/W1926670065",FALSE,,"2026-10-05T01:03:49Z","tbmcite 0.1.0",,,,"in-text: Withers, Thompson, & Seymour, 2000"
"Herberstein_etal_2022","h:ca47f09b","Bailey, C. G., & Riegert, P. W. (1973). Energy dynamics of Encoptolophus sordidus costalis (Scudder) (Orthoptera: Acrididae) in a grassland ecosystem. Canadian Journal of Zoology, 51(1), 91-100. doi:10.1139/z73-014","10.1139/z73-014",1,"measurement","Bailey",1973,"Energy dynamics of Encoptolophus sordidus costalis (Scudder) (Orthoptera: Acrididae) in a grassland ecosystem","Canadian Journal of Zoology","51","91-100","10.1139/z73-014",,,"certain","doi_resolves","crossref;openalex;consensus-mcp",1,TRUE,TRUE,TRUE,TRUE,TRUE,"https://openalex.org/W1980478859",FALSE,,"2026-10-05T01:03:49Z","tbmcite 0.1.0",,,,"in-text: Bailey & Riegert, 1973"
"Herberstein_etal_2022","h:ca7dad75","Pettit, T. N., Ellis, H. I., & Whittow, G. C. (1985). Basal metabolic rate in tropical seabirds. The Auk, 102(1), 172-174. doi:10.2307/4086838","10.2307/4086838",8,"measurement","Pettit",1985,"Basal metabolic rate in tropical seabirds","The Auk","102","172-174","10.2307/4086838",,,"certain","doi_resolves","crossref;openalex;consensus-mcp",1,TRUE,TRUE,TRUE,TRUE,TRUE,"https://openalex.org/W2335480500",FALSE,,"2026-10-05T01:03:49Z","tbmcite 0.1.0",,,,"in-text: Pettit, Ellis, & Whittow, 1985"
"Herberstein_etal_2022","h:cdc9fbfc","Stankowich, T., & Romero, A. N. (2017). The correlated evolution of antipredator defences and brain size in mammals. Proceedings of the Royal Society B: Biological Sciences, 284(1846). doi:10.1098/rspb.2016.1857","10.1098/rspb.2016.1857",44,"measurement","Stankowich",2017,"The correlated evolution of antipredator defences and brain size in mammals","Proceedings of the Royal Society B: Biological Sciences, 284(1846)",,,"10.1098/rspb.2016.1857",,,"certain","doi_resolves","crossref;openalex;consensus-mcp",1,TRUE,TRUE,TRUE,FALSE,FALSE,"https://openalex.org/W2574549291",FALSE,,"2026-10-05T01:03:49Z","tbmcite 0.1.0",,,,"in-text: Stankowich & Romero, 2017"
"Herberstein_etal_2022","h:ce39c3a4","Chaplin, S. B. (1982). The energetic significance of huddling behavior in common bushtits (Psaltriparus minimus). The Auk, 424-430.",,1,"measurement","Chaplin",1982,"The energetic significance of huddling behavior in common bushtits (Psaltriparus minimus)","The Auk, 424-430",,,"10.2307/4088855",,,"not_found","below_threshold","crossref;openalex",0.4558,FALSE,FALSE,TRUE,FALSE,FALSE,"https://openalex.org/W2488253171",FALSE,,"2026-10-05T01:18:21Z","tbmcite 0.1.0",,,,"in-text: Chaplin, 1982"
"Herberstein_etal_2022","h:cf14007f","Hailey, A., & Davies, P. M. C. (1986). Lifestyle, latitude and activity metabolism of natricine snakes. Journal of Zoology, 209(3), 461-476. doi:10.1111/j.1469-7998.1986.tb03604.x","10.1111/j.1469-7998.1986.tb03604.x",3,"measurement","Hailey",1986,"Lifestyle, latitude and activity metabolism of natricine snakes","Journal of Zoology","209","461-476","10.1111/j.1469-7998.1986.tb03604.x",,,"certain","doi_resolves","crossref;openalex;consensus-mcp",1,TRUE,TRUE,TRUE,TRUE,TRUE,"https://openalex.org/W2162494387",FALSE,,"2026-10-05T01:03:49Z","tbmcite 0.1.0",,,,"in-text: Hailey & Davies, 1986"
"Herberstein_etal_2022","h:cf54f571","Coelho, J. R., & Moore, A. J. (1989). Allometry of resting metabolic rate in cockroaches. Comparative Biochemistry and Physiology Part A: Physiology, 94(4), 587-590. doi:10.1016/0300-9629(89)90598-7","10.1016/0300-9629(89)90598-7",1,"measurement","Coelho",1989,"Allometry of resting metabolic rate in cockroaches","Comparative Biochemistry and Physiology Part A: Physiology","94","587-590",,,,,,,,,,,,,,,,,"tbmcite 0.1.0",,,,"in-text: Coelho & Moore, 1989"
"Herberstein_etal_2022","h:d0a2105e","Shillington, C. (2005). Inter-sexual differences in resting metabolic rates in the Texas tarantula, Aphonopelma anax. Comparative Biochemistry and Physiology Part A: Molecular & Integrative Physiology, 142(4), 439-445. doi:10.1016/j.cbpa.2005.09.010","10.1016/j.cbpa.2005.09.010",2,"measurement","Shillington",2005,"Inter-sexual differences in resting metabolic rates in the Texas tarantula, Aphonopelma anax","Comparative Biochemistry and Physiology Part A: Molecular & Integrative Physiology","142","439-445","10.1016/j.cbpa.2005.09.010",,,"certain","doi_resolves","crossref;openalex;consensus-mcp",1,TRUE,TRUE,TRUE,TRUE,TRUE,"https://openalex.org/W1990135315",FALSE,,"2026-10-05T01:03:49Z","tbmcite 0.1.0",,,,"in-text: Shillington, 2005"
"Herberstein_etal_2022","h:d1b6a92b","Krog, H., & Monson, M. (1954). Notes on the metabolism of a mountain goat. American Journal of Physiology, 178(3), 515-516.",,1,"measurement","Krog",1954,"Notes on the metabolism of a mountain goat","American Journal of Physiology","178","515-516","10.1152/ajplegacy.1954.178.3.515",,,"certain","two_service_agreement","crossref;openalex",1,TRUE,TRUE,TRUE,TRUE,TRUE,"https://openalex.org/W2401137401",FALSE,,"2026-10-05T01:03:49Z","tbmcite 0.1.0",,,,"in-text: Krog & Monson, 1954"
"Herberstein_etal_2022","h:d2391f9d","Thurling, D. J. (1980). Metabolic rate and life stage of the mites Tetranychus cinnabarinus boisd. (Prostigmata) and Phytoseiulus persimilis A-H. (Mesostigmata). Oecologia, 46(3), 391-396. doi:10.1007/bf00346269","10.1007/bf00346269",2,"measurement","Thurling",1980,"Metabolic rate and life stage of the mites Tetranychus cinnabarinus boisd","(Prostigmata) and Phytoseiulus persimilis A-H. (Mesostigmata). Oecologia","46","391-396","10.1007/bf00346269",,,"certain","doi_resolves","crossref;openalex;consensus-mcp",0.7638,TRUE,TRUE,TRUE,TRUE,TRUE,"https://openalex.org/W2128493176",FALSE,,"2026-10-05T01:03:49Z","tbmcite 0.1.0",,,,"in-text: Thurling, 1980"
"Herberstein_etal_2022","h:d316ed77","Morrison, P., & Ryser, F. A. (1962). Metabolism and body temperature in a small hibernator, the meadow jumping mouse, Zapus hudsonius. Journal of Cellular and Comparative Physiology, 60(2), 169-180. doi:10.1002/jcp.1030600206","10.1002/jcp.1030600206",1,"measurement","Morrison",1962,"Metabolism and body temperature in a small hibernator, the meadow jumping mouse, Zapus hudsonius","Journal of Cellular and Comparative Physiology","60","169-180","10.1002/jcp.1030600206",,,"certain","doi_resolves","crossref;openalex;consensus-mcp",1,TRUE,TRUE,TRUE,TRUE,TRUE,"https://openalex.org/W1975138626",FALSE,,"2026-10-05T01:03:49Z","tbmcite 0.1.0",,,,"in-text: Morrison & Ryser, 1962"
"Herberstein_etal_2022","h:d43fcc97","Król, E. (1994). Metabolism and thermoregulation in the eastern hedgehog Erinaceus concolor. Journal of Comparative Physiology B, 164(6), 503-507. doi:10.1007/bf00714589","10.1007/bf00714589",1,"measurement","Krol",1994,"Metabolism and thermoregulation in the eastern hedgehog Erinaceus concolor","Journal of Comparative Physiology B","164","503-507","10.1007/bf00714589",,,"pending","doi_mismatch","crossref;openalex;consensus-mcp",0.7775,FALSE,TRUE,TRUE,TRUE,TRUE,"https://openalex.org/W2320585898",FALSE,,"2026-10-05T01:18:21Z","tbmcite 0.1.0",,,,"in-text: Król, 1994"
"Herberstein_etal_2022","h:d528b6ec","Meyer, E., & Phillipson, J. (1983). Respiratory metabolism of the isopod Trichoniscus pusillus provisorius. Oikos, 69-74. doi:10.2307/3544200","10.2307/3544200",26,"measurement","Meyer",1983,"Respiratory metabolism of the isopod Trichoniscus pusillus provisorius","Oikos, 69-74",,,"10.2307/3544200",,,"certain","doi_resolves","crossref;openalex;consensus-mcp",1,TRUE,TRUE,TRUE,FALSE,FALSE,"https://openalex.org/W2331344634",FALSE,,"2026-10-05T01:03:49Z","tbmcite 0.1.0",,,,"in-text: Meyer & Phillipson, 1983"
"Herberstein_etal_2022","h:d5f0a012","Naccarati, S. (1922). On the relation between the weight of the internal secretory glands and the body weight and brain weight. The Anatomical Record, 24(4), 254-260. doi:10.1002/ar.1090240408","10.1002/ar.1090240408",5,"measurement","Naccarati",1922,"On the relation between the weight of the internal secretory glands and the body weight and brain weight","The Anatomical Record","24","254-260","10.1002/ar.1090240408",,,"certain","doi_resolves","crossref;openalex;consensus-mcp",1,TRUE,TRUE,TRUE,TRUE,TRUE,"https://openalex.org/W2099982558",FALSE,,"2026-10-05T01:03:49Z","tbmcite 0.1.0",,,,"in-text: Naccarati, 1922"
"Herberstein_etal_2022","h:d6e155c9","Wunder, B. A. (1979). Evaporative water loss from birds: effects of artificial radiation. Comparative Biochemistry and Physiology, 63, 493-494. doi:10.1016/0300-9629(79)90180-4","10.1016/0300-9629(79)90180-4",1,"measurement","Wunder",1979,"Evaporative water loss from birds: effects of artificial radiation","Comparative Biochemistry and Physiology","63","493-494",,,,,,,,,,,,,,,,,"tbmcite 0.1.0",,,,"in-text: Wunder, 1979"
"Herberstein_etal_2022","h:d8cb6eac","Downs, C. T., & Perrin, M. R. (1995a). The thermal biology of the white-tailed rat Mystromys albicaudatus, a cricetine relic in southern temperate African grassland. Comparative Biochemistry and Physiology Part A: Physiology, 110(1), 65-69. doi:10.1016/0300-9629(94)00147-L","10.1016/0300-9629(94)00147-l",1,"measurement","Downs",1995,"The thermal biology of the white-tailed rat Mystromys albicaudatus, a cricetine relic in southern temperate African grassland","Comparative Biochemistry and Physiology Part A: Physiology","110","65-69",,,,,,,,,,,,,,,,,"tbmcite 0.1.0",,,,"in-text: Downs & Perrin, 1995a"
"Herberstein_etal_2022","h:d91e2711","May, M. L. (1979). Energy metabolism of dragonflies (Odonata: Anisoptera) at rest and during endothermic warm-up. Journal of Experimental Biology, 83(1), 79-94.",,24,"measurement","May",1979,"Energy metabolism of dragonflies (Odonata: Anisoptera) at rest and during endothermic warm-up","Journal of Experimental Biology","83","79-94","10.1242/jeb.83.1.79",,,"certain","two_service_agreement","crossref;openalex;consensus-mcp",1,TRUE,TRUE,TRUE,TRUE,TRUE,"https://openalex.org/W2151293378",FALSE,,"2026-10-05T01:03:49Z","tbmcite 0.1.0",,,,"in-text: (May, 1979)"
"Herberstein_etal_2022","h:db0a7f37","Duncan, F. D., & Dickman, C. R. (2001). Respiratory patterns and metabolism in tenebrionid and carabid beetles from the Simpson Desert, Australia. Oecologia, 129(4), 509-517. doi:10.1007/s004420100772","10.1007/s004420100772",19,"measurement","Duncan",2001,"Respiratory patterns and metabolism in tenebrionid and carabid beetles from the Simpson Desert, Australia","Oecologia","129","509-517","10.1007/s004420100772",,,"certain","doi_resolves","crossref;openalex;consensus-mcp",1,TRUE,TRUE,TRUE,TRUE,TRUE,"https://openalex.org/W1966398149",FALSE,,"2026-10-05T01:03:49Z","tbmcite 0.1.0",,,,"in-text: Duncan & Dickman, 2001"
"Herberstein_etal_2022","h:deeb05dc","Kamau, J. M., Johansen, K., & Maloiy, G. (1979). Thermoregulation and standard metabolism of the slender mongoose (Herpestes sanguineus). Physiological Zoology, 52(4), 594-602.",,1,"measurement","Kamau",1979,"Thermoregulation and standard metabolism of the slender mongoose (Herpestes sanguineus)","Physiological Zoology","52","594-602","10.1086/physzool.52.4.30155950",,,"certain","two_service_agreement","crossref;openalex;consensus-mcp",1,TRUE,TRUE,TRUE,TRUE,TRUE,"https://openalex.org/W1531006672",FALSE,,"2026-10-05T01:03:49Z","tbmcite 0.1.0",,,,"in-text: Kamau, Johansen, & Maloiy, 1979"
"Herberstein_etal_2022","h:e047bc44","Marder, J., & Bernstein, R. (1983). Heat balance of the partridge Alectoris chukar exposed to moderate, high and extreme thermal stress. Comparative Biochemistry and Physiology, Part A: Physiology, 74(1), 149-154. doi:10.1016/0300-9629(83)90726-0","10.1016/0300-9629(83)90726-0",1,"measurement","Marder",1983,"Heat balance of the partridge Alectoris chukar exposed to moderate, high and extreme thermal stress","Comparative Biochemistry and Physiology, Part A: Physiology","74","149-154",,,,,,,,,,,,,,,,,"tbmcite 0.1.0",,,,"in-text: Marder & Bernstein, 1983"
"Herberstein_etal_2022","h:e06f9324","Holter, P. (1982). Resource utilization and local coexistence in a guild of scarabaeid dung beetles (Aphodius spp.). Oikos, 39(2), 213-227. doi:10.2307/3544488","10.2307/3544488",7,"measurement","Holter",1982,"Resource utilization and local coexistence in a guild of scarabaeid dung beetles (Aphodius spp.)","Oikos","39","213-227","10.2307/3544488",,,"certain","doi_resolves","crossref;openalex;consensus-mcp",1,TRUE,TRUE,TRUE,TRUE,TRUE,"https://openalex.org/W2055775660",FALSE,,"2026-10-05T01:03:49Z","tbmcite 0.1.0",,,,"in-text: Holter, 1982"
"Herberstein_etal_2022","h:e1052da1","Kamel, S., & Gatten, R. E. J. (1983). Aerobic and Anaerobic Activity Metabolism of Limbless and Fossorial Reptiles. Physiological Zoology, 56(3), 419-429. doi:10.1086/physzool.56.3.30152607","10.1086/physzool.56.3.30152607",4,"measurement","Kamel",1983,"Aerobic and Anaerobic Activity Metabolism of Limbless and Fossorial Reptiles","Physiological Zoology","56","419-429","10.1086/physzool.56.3.30152607",,,"certain","doi_resolves","crossref;openalex;consensus-mcp",1,TRUE,TRUE,TRUE,TRUE,TRUE,"https://openalex.org/W2312439140",FALSE,,"2026-10-05T01:03:49Z","tbmcite 0.1.0",,,,"in-text: Kamel & Gatten, 1983"
"Herberstein_etal_2022","h:e1c8ee98","Haim, A., & Skinner, J. D. (1991). A comparative study of metabolic rates and thermoregulation of two African antelopes, the steenbok Raphicerus campestris and the blue duiker Cephalophus monticola. Journal of thermal Biology, 16(3), 145-148. doi:10.1016/0306-4565(91)90036-2","10.1016/0306-4565(91)90036-2",2,"measurement","Haim",1991,"A comparative study of metabolic rates and thermoregulation of two African antelopes, the steenbok Raphicerus campestris and the blue duiker Cephalophus monticola","Journal of thermal Biology","16","145-148",,,,,,,,,,,,,,,,,"tbmcite 0.1.0",,,,"in-text: Haim & Skinner, 1991"
"Herberstein_etal_2022","h:e337855a","Anderson, J. F. (1996). Metabolic rates of resting salticid and thomisid spiders. Journal of Arachnology, 129-134.",,4,"measurement","Anderson",1996,"Metabolic rates of resting salticid and thomisid spiders","Journal of Arachnology, 129-134",,,"10.5281/zenodo.16006767",,,"pending","weak_match","crossref;openalex",1,TRUE,TRUE,FALSE,FALSE,FALSE,"https://openalex.org/W2183613745",FALSE,,"2026-10-05T01:18:21Z","tbmcite 0.1.0",,,,"in-text: Anderson, 1996"
"Herberstein_etal_2022","h:e3c934d9","Chown, S. L., & Holter, P. (2000). Discontinuous gas exchange cycles in aphodius fossor (Scarabaeidae): a test of hypotheses concerning origins and mechanisms. Journal of Experimental Biology, 203(2), 397-403",,1,"measurement","Chown",2000,"Discontinuous gas exchange cycles in aphodius fossor (Scarabaeidae): a test of hypotheses concerning origins and mechanisms","Journal of Experimental Biology","203","397-403","10.1242/jeb.203.2.397",,,"certain","two_service_agreement","crossref;openalex;consensus-mcp",1,TRUE,TRUE,TRUE,TRUE,TRUE,"https://openalex.org/W2153049316",FALSE,,"2026-10-05T01:03:49Z","tbmcite 0.1.0",,,,"in-text: Chown & Holter, 2000"
"Herberstein_etal_2022","h:e8cf399a","Bartholomew, G. A., & Lighton, J. R. B. (1985). Ventilation and Oxygen Consumption During Rest and Locomotion in a Tropical Cockroach, Blaberus Giganteus. Journal of Experimental Biology, 118(1), 449-454",,1,"measurement","Bartholomew",1985,"Ventilation and Oxygen Consumption During Rest and Locomotion in a Tropical Cockroach, Blaberus Giganteus","Journal of Experimental Biology","118","449-454","10.1242/jeb.118.1.449",,,"certain","two_service_agreement","crossref;openalex;consensus-mcp",1,TRUE,TRUE,TRUE,TRUE,TRUE,"https://openalex.org/W136409099",FALSE,,"2026-10-05T01:03:49Z","tbmcite 0.1.0",,,,"in-text: Bartholomew & Lighton, 1985"
"Herberstein_etal_2022","h:e93a7446","Roberts, J. R., & Baudinette, R. V. (1986). Thermoregulation, Oxygen Consumption and Water Turnover in Stubble Quail, Coturnix Pectoralis, and King Quail, Coturnix Chinensis. Australian Journal of Zoology, 34(1), 25-33. doi:10.1071/ZO9860025","10.1071/zo9860025",2,"measurement","Roberts",1986,"Thermoregulation, Oxygen Consumption and Water Turnover in Stubble Quail, Coturnix Pectoralis, and King Quail, Coturnix Chinensis","Australian Journal of Zoology","34","25-33","10.1071/zo9860025",,,"certain","doi_resolves","crossref;openalex;consensus-mcp",1,TRUE,TRUE,TRUE,TRUE,TRUE,"https://openalex.org/W2050688261",FALSE,,"2026-10-05T01:03:49Z","tbmcite 0.1.0",,,,"in-text: Roberts & Baudinette, 1986"
"Herberstein_etal_2022","h:e93b7603","Lardies, M. A., Catalán, T. P., & Bozinovic, F. (2004). Metabolism and life-history correlates in a lowland and highland population of a terrestrial isopod. Canadian Journal of Zoology, 82(5), 677-687. doi:10.1139/z04-033","10.1139/z04-033",2,"measurement","Lardies",2004,"Metabolism and life-history correlates in a lowland and highland population of a terrestrial isopod","Canadian Journal of Zoology","82","677-687","10.1139/z04-033",,,"certain","doi_resolves","crossref;openalex;consensus-mcp",1,TRUE,TRUE,TRUE,TRUE,TRUE,"https://openalex.org/W2148714255",FALSE,,"2026-10-05T01:03:49Z","tbmcite 0.1.0",,,,"in-text: Lardies, Catalán, & Bozinovic, 2004"
"Herberstein_etal_2022","h:eb370840","Bartholomew, G. A., & Barnhart, M. C. (1984). Tracheal Gases, Respiratory Gas Exchange, Body Temperature and Flight in Some Tropical Cicadas. Journal of Experimental Biology, 111(1), 131-144",,1,"measurement","Bartholomew",1984,"Tracheal Gases, Respiratory Gas Exchange, Body Temperature and Flight in Some Tropical Cicadas","Journal of Experimental Biology","111","131-144","10.1242/jeb.111.1.131",,,"certain","two_service_agreement","crossref;openalex;consensus-mcp",1,TRUE,TRUE,TRUE,TRUE,TRUE,"https://openalex.org/W1899100672",FALSE,,"2026-10-05T01:03:49Z","tbmcite 0.1.0",,,,"in-text: Bartholomew & Barnhart, 1984"
"Herberstein_etal_2022","h:ee67b885","Bozinovic, F., & Rosenmann, M. (1988). Comparative energetics of South American cricetid rodents. Comparative Biochemistry and Physiology, Part A: Physiology, 91(1), 195-202. doi:10.1016/0300-9629(88)91616-7","10.1016/0300-9629(88)91616-7",8,"measurement","Bozinovic",1988,"Comparative energetics of South American cricetid rodents","Comparative Biochemistry and Physiology, Part A: Physiology","91","195-202",,,,,,,,,,,,,,,,,"tbmcite 0.1.0",,,,"in-text: Bozinovic & Rosenmann, 1988"
"Herberstein_etal_2022","h:efe8de4f","Lovegrove, B. G. (1986). The metabolism of social subterranean rodents: adaptation to aridity. Oecologia, 69(4), 551-555. doi:10.1007/bf00410361","10.1007/bf00410361",1,"measurement","Lovegrove",1986,"The metabolism of social subterranean rodents: adaptation to aridity","Oecologia","69","551-555","10.1007/bf00410361",,,"certain","doi_resolves","crossref;openalex;consensus-mcp",1,TRUE,TRUE,TRUE,TRUE,TRUE,"https://openalex.org/W2053316519",FALSE,,"2026-10-05T01:03:49Z","tbmcite 0.1.0",,,,"in-text: Lovegrove, 1986"
"Herberstein_etal_2022","h:f00ef039","Fewell, J. H., Harrison, J. F., Lighton, J. R. B., & Breed, M. D. (1996). Foraging energetics of the ant, Paraponera clavata. Oecologia, 105(4), 419-427. doi:10.1007/bf00330003","10.1007/bf00330003",1,"measurement","Fewell",1996,"Foraging energetics of the ant, Paraponera clavata","Oecologia","105","419-427","10.1007/bf00330003",,,"certain","doi_resolves","crossref;openalex;consensus-mcp",1,TRUE,TRUE,TRUE,TRUE,TRUE,"https://openalex.org/W1990562327",FALSE,,"2026-10-05T01:03:49Z","tbmcite 0.1.0",,,,"in-text: Fewell, Harrison, Lighton, & Breed, 1996"
"Herberstein_etal_2022","h:f09ec6a0","Haim, A. (1984). Adaptive variations in heat production within Gerbils (genus Gerbillus) from different habitats. Oecologia, 61(1), 49-52. doi:10.1007/bf00379087","10.1007/bf00379087",2,"measurement","Haim",1984,"Adaptive variations in heat production within Gerbils (genus Gerbillus) from different habitats","Oecologia","61","49-52","10.1007/bf00379087",,,"certain","doi_resolves","crossref;openalex;consensus-mcp",1,TRUE,TRUE,TRUE,TRUE,TRUE,"https://openalex.org/W1990961090",FALSE,,"2026-10-05T01:03:49Z","tbmcite 0.1.0",,,,"in-text: Haim, 1984"
"Herberstein_etal_2022","h:f0cc0346","Drent, R. H., & Stonehouse, B. (1971). Thermoregulatory responses of the Peruvian penguin, Spheniscus humboldti. Comparative Biochemistry and Physiology Part A: Physiology, 40(3), 689-710. doi:10.1016/0300-9629(71)90254-4","10.1016/0300-9629(71)90254-4",3,"measurement","Drent",1971,"Thermoregulatory responses of the Peruvian penguin, Spheniscus humboldti","Comparative Biochemistry and Physiology Part A: Physiology","40","689-710",,,,,,,,,,,,,,,,,"tbmcite 0.1.0",,,,"in-text: Drent & Stonehouse, 1971"
"Herberstein_etal_2022","h:f0cd2a4e","Gleeson, T. T. (1979). The effects of training and captivity on the metabolic capacity of the lizard Sceloporus occidentalis. Journal of comparative physiology, 129(2), 123-128. doi:10.1007/bf00798176","10.1007/bf00798176",2,"measurement","Gleeson",1979,"The effects of training and captivity on the metabolic capacity of the lizard Sceloporus occidentalis","Journal of comparative physiology","129","123-128","10.1007/bf00798176",,,"certain","doi_resolves","crossref;openalex;consensus-mcp",0.8268,TRUE,TRUE,TRUE,TRUE,TRUE,"https://openalex.org/W1989549548",FALSE,,"2026-10-05T01:03:49Z","tbmcite 0.1.0",,,,"in-text: Gleeson, 1979"
"Herberstein_etal_2022","h:f0e2b351","Dawson, T. J., & Fanning, F. D. (1981). Thermal and energetic problems of semiaquatic mammals: a study of the Australian water rat, including comparisons with the platypus. Physiological Zoology, 54(3), 285-296.",,1,"measurement","Dawson",1981,"Thermal and energetic problems of semiaquatic mammals: a study of the Australian water rat, including comparisons with the platypus","Physiological Zoology","54","285-296","10.1086/physzool.54.3.30159943",,,"certain","two_service_agreement","crossref;openalex;consensus-mcp",1,TRUE,TRUE,TRUE,TRUE,TRUE,"https://openalex.org/W2313731456",FALSE,,"2026-10-05T01:03:49Z","tbmcite 0.1.0",,,,"in-text: Dawson & Fanning, 1981"
"Herberstein_etal_2022","h:f0f85599","Bienkowski, P., & Marszalek, U. (1974). Metabolism and energy budget in the snow vole. Acta theriologica, 19(4), 55-67.",,1,"measurement","Bienkowski",1974,"Metabolism and energy budget in the snow vole","Acta theriologica","19","55-67",,,,,,,,,,,,,,,,,"tbmcite 0.1.0",,,,"in-text: Bienkowski & Marszalek, 1974"
"Herberstein_etal_2022","h:f15b62f6","Lasiewski, R. C., & Dawson, W. R. (1967). A re-examination of the relation between standard metabolic rate and body weight in birds. The Condor, 69(1), 13-23.",,10,"measurement","Lasiewski",1967,"A re-examination of the relation between standard metabolic rate and body weight in birds","The Condor","69","13-23",,,,,,,,,,,,,,,,,"tbmcite 0.1.0",,,,"in-text: Lasiewski & Dawson, 1967"
"Herberstein_etal_2022","h:f283a52f","Rubsamen, U., Hume, I. D., & Rubsamen, K. (1983). Effect of ambient temperature on autonomic thermoregulation and activity patterns in the rufous rat-kangaroo (Aepyprymnus rufescens: Marsupialia). Journal of comparative physiology, 153(2), 175-179. doi:10.1007/bf00689621","10.1007/bf00689621",1,"measurement","Rubsamen",1983,"Effect of ambient temperature on autonomic thermoregulation and activity patterns in the rufous rat-kangaroo (Aepyprymnus rufescens: Marsupialia)","Journal of comparative physiology","153","175-179",,,,,,,,,,,,,,,,,"tbmcite 0.1.0",,,,"in-text: Rubsamen, Hume, & Rubsamen, 1983"
"Herberstein_etal_2022","h:f2d410db","Casey, T. M., & Casey, K. K. (1979). Thermoregulation of Arctic Weasels. Physiological Zoology, 52(2), 153-164. doi:10.1086/physzool.52.2.30152560","10.1086/physzool.52.2.30152560",11,"measurement","Casey",1979,"Thermoregulation of Arctic Weasels","Physiological Zoology","52","153-164",,,,,,,,,,,,,,,,,"tbmcite 0.1.0",,,,"in-text: Casey & Casey, 1979"
"Herberstein_etal_2022","h:f3f5ee14","Franklin, D. C., Garnett, S. T., Luck, G. W., Gutierrez-Ibanez, C., & Iwaniuk, A. N. (2014). Relative brain size in Australian birds. Emu, 114(2), 160-170. doi:10.1071/MU13034","10.1071/mu13034",503,"measurement","Franklin",2014,"Relative brain size in Australian birds","Emu","114","160-170",,,,,,,,,,,,,,,,,"tbmcite 0.1.0",,,,"in-text: Franklin, Garnett, Luck, Gutierrez-Ibanez, & Iwaniuk, 2014"
"Herberstein_etal_2022","h:f57b0433","Rfinking, L. N., Kilgore Jr, D. L., Fairbanks, E. S., & Hamilton, J. D. (1977). Temperature regulation in normothermic black-tailed prairie dogs, Cynomys ludovicianus. Comparative Biochemistry and Physiology Part A: Physiology, 57(1), 161-165. doi:10.1016/0300-9629(77)90368-1","10.1016/0300-9629(77)90368-1",1,"measurement","Rfinking",1977,"Temperature regulation in normothermic black-tailed prairie dogs, Cynomys ludovicianus","Comparative Biochemistry and Physiology Part A: Physiology","57","161-165",,,,,,,,,,,,,,,,,"tbmcite 0.1.0",,,,"in-text: Rfinking, Kilgore Jr, Fairbanks, & Hamilton, 1977"
"Herberstein_etal_2022","h:f8c55205","Duxbury, K. J., & Perrin, M. (1992). Thermal biology and water turnover rate in the Cape gerbil, Tatera afra (Gerbillidae). Journal of thermal Biology, 17(4-5), 199-208. doi:10.1016/0306-4565(92)90056-L","10.1016/0306-4565(92)90056-l",1,"measurement","Duxbury",1992,"Thermal biology and water turnover rate in the Cape gerbil, Tatera afra (Gerbillidae)","Journal of thermal Biology","17","199-208",,,,,,,,,,,,,,,,,"tbmcite 0.1.0",,,,"in-text: Duxbury & Perrin, 1992"
"Herberstein_etal_2022","h:faca11a6","Terblanche, J. S., Klok, C. J., Marais, E., & Chown, S. L. (2004). Metabolic rate in the whip-spider, Damon annulatipes (Arachnida: Amblypygi). Journal of Insect Physiology, 50(7), 637-645.",,1,"measurement","Terblanche",2004,"Metabolic rate in the whip-spider, Damon annulatipes (Arachnida: Amblypygi)","Journal of Insect Physiology","50","637-645",,,,,,,,,,,,,,,,,"tbmcite 0.1.0",,,,"in-text: Terblanche, Klok, & Chown, 2004"
"Herberstein_etal_2022","h:fc0ce1f8","Campbell, K. L., & Hochachka, P. W. (2000). Thermal biology and metabolism of the American shrew-mole, Neurotrichus gibbsii. Journal of Mammalogy, 81(2), 578-585. doi:10.1644/1545-1542(2000)081<0578:TBAMOT>2.0.CO;2","10.1644/1545-1542(2000)081",1,"measurement","Campbell",2000,"Thermal biology and metabolism of the American shrew-mole, Neurotrichus gibbsii","Journal of Mammalogy","81","578-585",,,,,,,,,,,,,,,,,"tbmcite 0.1.0",,,,"in-text: Campbell & Hochachka, 2000"
"Herberstein_etal_2022","h:fc91575a","Baudinette, R. V. (1972). Energy metabolism and evaporative water loss in the California ground squirrel. Journal of comparative physiology, 81(1), 57-72. doi:10.1007/bf00693550","10.1007/bf00693550",1,"measurement","Baudinette",1972,"Energy metabolism and evaporative water loss in the California ground squirrel","Journal of comparative physiology","81","57-72",,,,,,,,,,,,,,,,,"tbmcite 0.1.0",,,,"in-text: Baudinette, 1972"
"Herberstein_etal_2022","h:fcc4d2b5","Bennett, A. F., Dawson, W. R., & Bartholomew, G. A. (1975). Effects of activity and temperature on aerobic and anaerobic metabolism in the Galapagos marine iguana. Journal of comparative physiology, 100(4), 317-329. doi:10.1007/bf00691052","10.1007/bf00691052",2,"measurement","Bennett",1975,"Effects of activity and temperature on aerobic and anaerobic metabolism in the Galapagos marine iguana","Journal of comparative physiology","100","317-329",,,,,,,,,,,,,,,,,"tbmcite 0.1.0",,,,"in-text: Bennett, Dawson, & Bartholomew, 1975"
"Herberstein_etal_2022","h:fd1aaacf","Grant, G. S., & Whittow, G. C. (1983). Metabolic cost of incubation in the Laysan albatross and Bonin petrel. Comparative Biochemistry and Physiology, Part A: Physiology, 74(1), 77-82. doi:10.1016/0300-9629(83)90715-6","10.1016/0300-9629(83)90715-6",2,"measurement","Grant",1983,"Metabolic cost of incubation in the Laysan albatross and Bonin petrel","Comparative Biochemistry and Physiology, Part A: Physiology","74","77-82",,,,,,,,,,,,,,,,,"tbmcite 0.1.0",,,,"in-text: Grant & Whittow, 1983"
"Herberstein_etal_2022","h:ffbfc707","Krüger, K., Prinzinger, R., & Schuchmann, K. L. (1982). Torpor and metabolism in hummingbirds. Comparative Biochemistry and Physiology Part A: Physiology, 73(4), 679-689.",,21,"measurement","Kruger",1982,"Torpor and metabolism in hummingbirds","Comparative Biochemistry and Physiology Part A: Physiology","73","679-689",,,,,,,,,,,,,,,,,"tbmcite 0.1.0",,,,"in-text: Krüger, Prinzinger, & Schuchmann, 1982"
