"English_name_AviList","scientific_name","genus","ebird_ref","scavenging","breeding_system","cooperative_breeding","dispersal_age","life_span","bodymeasures_ref","beak_length_culmen","beak_length_nares","beak_width","beak_depth","tarsus_length","wing_length","kipps_distance","hand_wing_index","tail_length","bodymass_ref","bodymass","habitat","trophic_niche","primary_lifestyle","min_latitude","max_latitude","centroid_latitude","centroid_longitude","range_size","endocranial_volume","caching","repertoire","mimicry","corvid_database_entries","ref_BIRDBASE","2024_IUCN_Red_List_Category","biogeographic_realm","latitudinal_range","elevational_range","ecological_specialization_index","nest_type","nest_substrate","clutch_min","clutch_max","incubation_sex","min_incubation_duration","max_incubation_duration","min_fledging","max_fledging","abundance_estimate"
"California Scrub Jay","Aphelocoma californica","Aphelocoma","Curry, R. L., A. T. Peterson, T. A. Langen, P. Pyle, and M. A. Patten (2020). California Scrub-Jay (Aphelocoma californica), version 1.0. In Birds of the World (P. G. Rodewald, Editor). Cornell Lab of Ornithology, Ithaca, NY, USA.","no","territorial pairs","no","1","15.5","Tobias, J. A., Sheard, C., Pigot, A. L., Devenish, A. J., Yang, J., Sayol, F., ... & Schleuning, M. (2022). AVONET: morphological, ecological and geographical data for all birds. Ecology Letters, 25(3), 581-597.","34","20.7","9.1","9.8000000000000007","42.4","128.5","18","14.1","140.19999999999999","del Hoyo, J., A.Elliott, and Christie, D.A. 2009. Handbook of the birds of the world. Vol. 14. Bush-shrikes to Old World Sparrows. Lynx Edicions, Barcelona.","85.74","shrubland","omnivore","terrestrial","16.16","46.82","34.81","-110.7","2323260.89","not reported","specialist","19",0,105,"Şekercioğlu, Ç. H., Kittelberger, K. D., Mota, F. M., Buxton, A. N., Orton, N., DeNiro, A., ... & Neate-Clegg, M. H. (2025). BIRDBASE: a global dataset of avian biogeography, conservation, ecology and life history traits. Scientific Data, 12(1), 1558.","least concern","Neotropical, Neacrtic","Tropical-Temperate","2400","0.92081875395237522","cup, bowl; platform","Shrub, Tree","1","6","female","16","18","17","24","1940297"
"Florida Scrub Jay","Aphelocoma coerulescens","Aphelocoma","Woolfenden, G. E. and J. W. Fitzpatrick (2020). Florida Scrub-Jay (Aphelocoma coerulescens), version 1.0. In Birds of the World (A. F. Poole and F. B. Gill, Editors). Cornell Lab of Ornithology, Ithaca, NY, USA.","no","groups","yes","12","15.5","Tobias, J. A., Sheard, C., Pigot, A. L., Devenish, A. J., Yang, J., Sayol, F., ... & Schleuning, M. (2022). AVONET: morphological, ecological and geographical data for all birds. Ecology Letters, 25(3), 581-597.","30","17.7","9.1","9.1","37.799999999999997","116.7","20.6","17.5","140.5","Tobias, J. A., Sheard, C., Pigot, A. L., Devenish, A. J., Yang, J., Sayol, F., ... & Schleuning, M. (2022). AVONET: morphological, ecological and geographical data for all birds. Ecology Letters, 25(3), 581-597.","77.12","shrubland","omnivore","insessorial","26.47","29.57","28.13","-81.41","6933.22","3.08","specialist","13",1,161,"Şekercioğlu, Ç. H., Kittelberger, K. D., Mota, F. M., Buxton, A. N., Orton, N., DeNiro, A., ... & Neate-Clegg, M. H. (2025). BIRDBASE: a global dataset of avian biogeography, conservation, ecology and life history traits. Scientific Data, 12(1), 1558.","vulnerable","Nearctic","Temperate","100","1.5228787452803376","cup, bowl; platform","Shrub, Tree","1","6","female","16","21","12","25","7629"
"Island Scrub Jay","Aphelocoma insularis","Aphelocoma","Semple Delaney, K. and R. G. Cheek (2022). Island Scrub-Jay (Aphelocoma insularis), version 2.0. In Birds of the World (S. M. Billerman, Editor). Cornell Lab of Ornithology, Ithaca, NY, USA. https://doi.org/10.2173/bow.issjay.02","no","territorial pairs","no","1","15","Semple Delaney, K. and R. G. Cheek (2022). Island Scrub-Jay (Aphelocoma insularis), version 2.0. In Birds of the World (S. M. Billerman, Editor). Cornell Lab of Ornithology, Ithaca, NY, USA. https://doi.org/10.2173/bow.issjay.02","22.75","not reported","not reported","not reported","45.2","134.69999999999999","not reported","not reported","151.94999999999999","Atwood, Jonathan L. ""Body weights of the Santa Cruz Island Scrub Jay."" North American Bird Bander 4, no. 4 (1980): 2.","116","shrubland","omnivore","terrestrial","16.16","46.82","34.81","-110.7","250000","not reported","specialist","11",0,23,"Şekercioğlu, Ç. H., Kittelberger, K. D., Mota, F. M., Buxton, A. N., Orton, N., DeNiro, A., ... & Neate-Clegg, M. H. (2025). BIRDBASE: a global dataset of avian biogeography, conservation, ecology and life history traits. Scientific Data, 12(1), 1558.","not reported","Nearctic","Temperate","750","0.92081875395237522","cup, bowl","Shrub, Tree","2","5","female","18","not reported","not reported","not reported","8368"
"Transvolcanic Jay","Aphelocoma ultramarina","Aphelocoma","Marzluff, J. and J. S. Marks (2020). Transvolcanic Jay (Aphelocoma ultramarina), version 1.0. In Birds of the World (J. del Hoyo, A. Elliott, J. Sargatal, D. A. Christie, and E. de Juana, Editors). Cornell Lab of Ornithology, Ithaca, NY, USA. https://doi.org/10.2173/bow.mexjay3.01","no","groups","no","not reported","not reported","Tobias, J. A., Sheard, C., Pigot, A. L., Devenish, A. J., Yang, J., Sayol, F., ... & Schleuning, M. (2022). AVONET: morphological, ecological and geographical data for all birds. Ecology Letters, 25(3), 581-597.","32.5","19.399999999999999","8.9","10.199999999999999","43","166.2","29.4","17.8","150.30000000000001","Tobias, J. A., Sheard, C., Pigot, A. L., Devenish, A. J., Yang, J., Sayol, F., ... & Schleuning, M. (2022). AVONET: morphological, ecological and geographical data for all birds. Ecology Letters, 25(3), 581-597.","113.33","forest","omnivore","generalist","18.73","21","19.8","-100.39","87898.14","3.05","specialist","not reported",0,81,"Şekercioğlu, Ç. H., Kittelberger, K. D., Mota, F. M., Buxton, A. N., Orton, N., DeNiro, A., ... & Neate-Clegg, M. H. (2025). BIRDBASE: a global dataset of avian biogeography, conservation, ecology and life history traits. Scientific Data, 12(1), 1558.","least concern","Neotropical, Neacrtic","Tropical-Temperate","2350","1","cup, bowl; platform","Tree","4","4","female","18","not reported","24","28","137320"
"Unicolored Jay","Aphelocoma unicolor","Aphelocoma","Webber, T. A. (2020). Unicolored Jay (Aphelocoma unicolor), version 2.0. In Birds of the World (T. S. Schulenberg, B. K. Keeney, and S. M. Billerman, Editors). Cornell Lab of Ornithology, Ithaca, NY, USA. And Pitelka, Frank A. (1946) ""A New Race of Aphelocoma Unicolor from Southern Mexico,"" Condor: Vol. 48 : Iss. 1 , Article 16.","no","groups","yes","not reported","not reported","Tobias, J. A., Sheard, C., Pigot, A. L., Devenish, A. J., Yang, J., Sayol, F., ... & Schleuning, M. (2022). AVONET: morphological, ecological and geographical data for all birds. Ecology Letters, 25(3), 581-597.","35","19.8","10.6","10.9","42.6","168.9","31.3","18.600000000000001","153.69999999999999","Tobias, J. A., Sheard, C., Pigot, A. L., Devenish, A. J., Yang, J., Sayol, F., ... & Schleuning, M. (2022). AVONET: morphological, ecological and geographical data for all birds. Ecology Letters, 25(3), 581-597.","124","forest","omnivore","insessorial","13.46","21.11","16.23","-92.35","149103.75","3.34","unclassified","not reported",0,47,"Şekercioğlu, Ç. H., Kittelberger, K. D., Mota, F. M., Buxton, A. N., Orton, N., DeNiro, A., ... & Neate-Clegg, M. H. (2025). BIRDBASE: a global dataset of avian biogeography, conservation, ecology and life history traits. Scientific Data, 12(1), 1558.","least concern","Neotropical","Tropical","1500","1.5228787452803376","cup, bowl","Tree","3","4","female","not reported","not reported","21","26","193488"
"Mexican Jay","Aphelocoma wollweberi","Aphelocoma","McCormack, J. E. and J. L. Brown (2020). Mexican Jay (Aphelocoma wollweberi), version 1.0. In Birds of the World (A. F. Poole, Editor). Cornell Lab of Ornithology, Ithaca, NY, USA. https://doi.org/10.2173/bow.mexjay4.01","no","groups","yes","not reported","not reported","Tobias, J. A., Sheard, C., Pigot, A. L., Devenish, A. J., Yang, J., Sayol, F., ... & Schleuning, M. (2022). AVONET: morphological, ecological and geographical data for all birds. Ecology Letters, 25(3), 581-597.","30.7","19.7","7.8","8.9","39.9","160.80000000000001","29.6","18.399999999999999","129.19999999999999","Tobias, J. A., Sheard, C., Pigot, A. L., Devenish, A. J., Yang, J., Sayol, F., ... & Schleuning, M. (2022). AVONET: morphological, ecological and geographical data for all birds. Ecology Letters, 25(3), 581-597.","113.33","forest","omnivore","generalist","20.329999999999998","35.18","27.31","-105.58","484129.24","not reported","specialist","6",0,31,"Şekercioğlu, Ç. H., Kittelberger, K. D., Mota, F. M., Buxton, A. N., Orton, N., DeNiro, A., ... & Neate-Clegg, M. H. (2025). BIRDBASE: a global dataset of avian biogeography, conservation, ecology and life history traits. Scientific Data, 12(1), 1558.","least concern","Nearctic","Tropical-Temperate","2470","1.5228787452803376","platform","Tree","1","5","female","18","not reported","24","28","1625230"
"Woodhouse's Scrub Jay","Aphelocoma woodhouseii","Aphelocoma","Curry, R. L., A. T. Peterson, T. A. Langen, P. Pyle, and M. A. Patten (2020). Woodhouse's Scrub-Jay (Aphelocoma woodhouseii), version 1.0. In Birds of the World (P. G. Rodewald, Editor). Cornell Lab of Ornithology, Ithaca, NY, USA. https://doi.org/10.2173/bow.wooscj2.01","no","territorial pairs","facultative","1","15.5","Tobias, J. A., Sheard, C., Pigot, A. L., Devenish, A. J., Yang, J., Sayol, F., ... & Schleuning, M. (2022). AVONET: morphological, ecological and geographical data for all birds. Ecology Letters, 25(3), 581-597.","18.7","not reported","7.3","8.4499999999999993","39.200000000000003","133.19999999999999","not reported","not reported","145.30000000000001","Şekercioğlu, Ç. H., Kittelberger, K. D., Mota, F. M., Buxton, A. N., Orton, N., DeNiro, A., ... & Neate-Clegg, M. H. (2025). BIRDBASE: a global dataset of avian biogeography, conservation, ecology and life history traits. Scientific Data, 12(1), 1558.","65","shrubland","omnivore","terrestrial","16.16","46.82","34.81","-110.7","2323260.89","not reported","specialist","16",1,40,"Şekercioğlu, Ç. H., Kittelberger, K. D., Mota, F. M., Buxton, A. N., Orton, N., DeNiro, A., ... & Neate-Clegg, M. H. (2025). BIRDBASE: a global dataset of avian biogeography, conservation, ecology and life history traits. Scientific Data, 12(1), 1558.","not reported","Nearctic","Temperate","1200","0.82390874094431876","cup, bowl","Tree","3","6","female","17","19","not reported","not reported","1948407"
"Common Green Magpie","Cissa chinensis","Cissa","Madge, S. (2020). Common Green-Magpie (Cissa chinensis), version 1.0. In Birds of the World (J. del Hoyo, A. Elliott, J. Sargatal, D. A. Christie, and E. de Juana, Editors). Cornell Lab of Ornithology, Ithaca, NY, USA. https://doi.org/10.2173/bow.gremag1.01","no","territorial pairs","not reported","not reported","not reported","Tobias, J. A., Sheard, C., Pigot, A. L., Devenish, A. J., Yang, J., Sayol, F., ... & Schleuning, M. (2022). AVONET: morphological, ecological and geographical data for all birds. Ecology Letters, 25(3), 581-597.","39.9","24.2","11.7","14.1","44.2","145.80000000000001","12.4","8.4","186.5","Tobias, J. A., Sheard, C., Pigot, A. L., Devenish, A. J., Yang, J., Sayol, F., ... & Schleuning, M. (2022). AVONET: morphological, ecological and geographical data for all birds. Ecology Letters, 25(3), 581-597.","126.64","forest","omnivore","generalist","-5.56","30.06","19.059999999999999","99.9","2108736.38","3.53","generalist","3",1,3,"Şekercioğlu, Ç. H., Kittelberger, K. D., Mota, F. M., Buxton, A. N., Orton, N., DeNiro, A., ... & Neate-Clegg, M. H. (2025). BIRDBASE: a global dataset of avian biogeography, conservation, ecology and life history traits. Scientific Data, 12(1), 1558.","least concern","Indomalayan, Palearctic","Tropical-Temperate","1500","0.79588001734407521","cup, bowl","Bamboo, Tree","5","5","not reported","not reported","not reported","not reported","not reported","334999"
"Indochinese Green Magpie","Cissa hypoleuca","Cissa","Madge, S. (2020). Indochinese Green-Magpie (Cissa hypoleuca), version 1.0. In Birds of the World (J. del Hoyo, A. Elliott, J. Sargatal, D. A. Christie, and E. de Juana, Editors). Cornell Lab of Ornithology, Ithaca, NY, USA. https://doi.org/10.2173/bow.yebmag1.01","no","territorial pairs","no","not reported","not reported","Tobias, J. A., Sheard, C., Pigot, A. L., Devenish, A. J., Yang, J., Sayol, F., ... & Schleuning, M. (2022). AVONET: morphological, ecological and geographical data for all birds. Ecology Letters, 25(3), 581-597.","38.9","24.5","9.5","15.3","44.3","144.4","10.3","7.2","144.9","Tobias, J. A., Sheard, C., Pigot, A. L., Devenish, A. J., Yang, J., Sayol, F., ... & Schleuning, M. (2022). AVONET: morphological, ecological and geographical data for all birds. Ecology Letters, 25(3), 581-597.","125","forest","omnivore","generalist","8.56","32.15","20.34","106.68","890296.66","not reported","not reported","5",1,2,"Şekercioğlu, Ç. H., Kittelberger, K. D., Mota, F. M., Buxton, A. N., Orton, N., DeNiro, A., ... & Neate-Clegg, M. H. (2025). BIRDBASE: a global dataset of avian biogeography, conservation, ecology and life history traits. Scientific Data, 12(1), 1558.","least concern","Indomalayan","Tropical-Temperate","1600","1.5228787452803376","cup, bowl","Tree","3","3","female","18","20","25","not reported","56499"
"Bornean Green Magpie","Cissa jefferyi","Cissa","van Balen, S. B., Eaton, J. A., & Rheindt, F. E. (2013). Biology, taxonomy and conservation status of the Short-tailed Green Magpie Cissa [t.] thalassina from Java. Bird Conservation International, 23(1), 91-109.","no","territorial pairs","not reported","not reported","not reported","Tobias, J. A., Sheard, C., Pigot, A. L., Devenish, A. J., Yang, J., Sayol, F., ... & Schleuning, M. (2022). AVONET: morphological, ecological and geographical data for all birds. Ecology Letters, 25(3), 581-597.","34.9","21.6","9.9","12.4","40.200000000000003","130.30000000000001","12.8","9.8000000000000007","121.1","Tobias, J. A., Sheard, C., Pigot, A. L., Devenish, A. J., Yang, J., Sayol, F., ... & Schleuning, M. (2022). AVONET: morphological, ecological and geographical data for all birds. Ecology Letters, 25(3), 581-597.","125","forest","invertivore","generalist","0.91","6.3","3.01","115.45","78459.360000000001","not reported","not reported","12",0,0,"Şekercioğlu, Ç. H., Kittelberger, K. D., Mota, F. M., Buxton, A. N., Orton, N., DeNiro, A., ... & Neate-Clegg, M. H. (2025). BIRDBASE: a global dataset of avian biogeography, conservation, ecology and life history traits. Scientific Data, 12(1), 1558.","least concern","Indomalayan","Tropical","1335","1.6989700043360187","cup, bowl","not reported","not reported","3","not reported","not reported","not reported","not reported","not reported","not reported"
"Javan Green Magpie","Cissa thalassina","Cissa","Madge, S., C. J. Sharpe, and D. A. Christie (2020). Javan Green-Magpie (Cissa thalassina), version 1.0. In Birds of the World (J. del Hoyo, A. Elliott, J. Sargatal, D. A. Christie, and E. de Juana, Editors). Cornell Lab of Ornithology, Ithaca, NY, USA. https://doi.org/10.2173/bow.shtmag1.01","no","territorial pairs","not reported","not reported","not reported","Tobias, J. A., Sheard, C., Pigot, A. L., Devenish, A. J., Yang, J., Sayol, F., ... & Schleuning, M. (2022). AVONET: morphological, ecological and geographical data for all birds. Ecology Letters, 25(3), 581-597.","37.4","25","12.1","14.7","42.7","139.30000000000001","10.9","7.9","112.8","Tobias, J. A., Sheard, C., Pigot, A. L., Devenish, A. J., Yang, J., Sayol, F., ... & Schleuning, M. (2022). AVONET: morphological, ecological and geographical data for all birds. Ecology Letters, 25(3), 581-597.","125","forest","invertivore","generalist","-7.7","-6.51","-7.11","108.23","33452.410000000003","3.45","not reported","4",0,1,"Şekercioğlu, Ç. H., Kittelberger, K. D., Mota, F. M., Buxton, A. N., Orton, N., DeNiro, A., ... & Neate-Clegg, M. H. (2025). BIRDBASE: a global dataset of avian biogeography, conservation, ecology and life history traits. Scientific Data, 12(1), 1558.","critically endangered","Indomalayan","Tropical","1500","1.5228787452803376","cup, bowl","not reported","1","2","not reported","not reported","not reported","not reported","not reported","not reported"
"Daurian Jackdaw","Coloeus dauuricus","Coloeus","Madge, S. (2020). Daurian Jackdaw (Corvus dauuricus), version 1.0. In Birds of the World (J. del Hoyo, A. Elliott, J. Sargatal, D. A. Christie, and E. de Juana, Editors). Cornell Lab of Ornithology, Ithaca, NY, USA. https://doi.org/10.2173/bow.daujac1.01","no","communal nests","no","not reported","not reported","Tobias, J. A., Sheard, C., Pigot, A. L., Devenish, A. J., Yang, J., Sayol, F., ... & Schleuning, M. (2022). AVONET: morphological, ecological and geographical data for all birds. Ecology Letters, 25(3), 581-597.","34.6","20.3","11","12.8","44.1","232.3","87.8","37.799999999999997","128.6","Tobias, J. A., Sheard, C., Pigot, A. L., Devenish, A. J., Yang, J., Sayol, F., ... & Schleuning, M. (2022). AVONET: morphological, ecological and geographical data for all birds. Ecology Letters, 25(3), 581-597.","208","grassland","omnivore","terrestrial","24.37","53.48","41.79","113.35","6025004.5099999998","4.5999999999999996","not reported","not reported",0,13,"Şekercioğlu, Ç. H., Kittelberger, K. D., Mota, F. M., Buxton, A. N., Orton, N., DeNiro, A., ... & Neate-Clegg, M. H. (2025). BIRDBASE: a global dataset of avian biogeography, conservation, ecology and life history traits. Scientific Data, 12(1), 1558.","least concern","Indomalayan, Palearctic","Temperate","2000","1.0969100130080565","cavity","Tree","4","6","not reported","not reported","not reported","not reported","not reported","11106690"
"Western Jackdaw","Coloeus monedula","Coloeus","Madge, S. and E. de Juana (2020). Eurasian Jackdaw (Corvus monedula), version 1.0. In Birds of the World (J. del Hoyo, A. Elliott, J. Sargatal, D. A. Christie, and E. de Juana, Editors). Cornell Lab of Ornithology, Ithaca, NY, USA. https://doi.org/10.2173/bow.eurjac.01","no","communal nests","no","not reported","not reported","Tobias, J. A., Sheard, C., Pigot, A. L., Devenish, A. J., Yang, J., Sayol, F., ... & Schleuning, M. (2022). AVONET: morphological, ecological and geographical data for all birds. Ecology Letters, 25(3), 581-597.","35.200000000000003","21.4","11.2","13.3","43.3","231.1","90.5","39.1","122.4","Tobias, J. A., Sheard, C., Pigot, A. L., Devenish, A. J., Yang, J., Sayol, F., ... & Schleuning, M. (2022). AVONET: morphological, ecological and geographical data for all birds. Ecology Letters, 25(3), 581-597.","246","human modified","omnivore","terrestrial","30.35","67.349999999999994","48.54","45.36","13975046.48","4.5999999999999996","non cacher","10",1,182,"Şekercioğlu, Ç. H., Kittelberger, K. D., Mota, F. M., Buxton, A. N., Orton, N., DeNiro, A., ... & Neate-Clegg, M. H. (2025). BIRDBASE: a global dataset of avian biogeography, conservation, ecology and life history traits. Scientific Data, 12(1), 1558.","least concern","Palearctic","Temperate","2000","0.6020599913279624","cavity","Building, Rock, Tree","3","7","female","17","19","30","33","184949422"
"White-necked Raven","Corvus albicollis","Corvus","Madge, S. (2020). White-necked Raven (Corvus albicollis), version 1.0. In Birds of the World (J. del Hoyo, A. Elliott, J. Sargatal, D. A. Christie, and E. de Juana, Editors). Cornell Lab of Ornithology, Ithaca, NY, USA. https://doi.org/10.2173/bow.whnrav1.01","yes","territorial pairs","no","not reported","not reported","Tobias, J. A., Sheard, C., Pigot, A. L., Devenish, A. J., Yang, J., Sayol, F., ... & Schleuning, M. (2022). AVONET: morphological, ecological and geographical data for all birds. Ecology Letters, 25(3), 581-597.","65.900000000000006","42.4","19.600000000000001","34","75.2","417.1","164.6","39.6","165.6","Tobias, J. A., Sheard, C., Pigot, A. L., Devenish, A. J., Yang, J., Sayol, F., ... & Schleuning, M. (2022). AVONET: morphological, ecological and geographical data for all birds. Ecology Letters, 25(3), 581-597.","893.99","rock","omnivore","terrestrial","-34.840000000000003","2.4","-17.3","30.73","1615598.28","12.35","generalist","3",1,3,"Şekercioğlu, Ç. H., Kittelberger, K. D., Mota, F. M., Buxton, A. N., Orton, N., DeNiro, A., ... & Neate-Clegg, M. H. (2025). BIRDBASE: a global dataset of avian biogeography, conservation, ecology and life history traits. Scientific Data, 12(1), 1558.","least concern","Afrotropical","Tropical-Temperate","2000","0.69897000433601886","cup, bowl","Ground, Rock","2","7","female","19","21","21","28","906681"
"Pied Crow","Corvus albus","Corvus","Madge, S. and E. de Juana (2020). Pied Crow (Corvus albus), version 1.0. In Birds of the World (J. del Hoyo, A. Elliott, J. Sargatal, D. A. Christie, and E. de Juana, Editors). Cornell Lab of Ornithology, Ithaca, NY, USA. https://doi.org/10.2173/bow.piecro1.01","yes","territorial pairs","no","not reported","not reported","Tobias, J. A., Sheard, C., Pigot, A. L., Devenish, A. J., Yang, J., Sayol, F., ... & Schleuning, M. (2022). AVONET: morphological, ecological and geographical data for all birds. Ecology Letters, 25(3), 581-597.","60.4","38.5","15.6","20.6","61.5","353.3","147.9","41.9","177.2","Tobias, J. A., Sheard, C., Pigot, A. L., Devenish, A. J., Yang, J., Sayol, F., ... & Schleuning, M. (2022). AVONET: morphological, ecological and geographical data for all birds. Ecology Letters, 25(3), 581-597.","524","shrubland","omnivore","terrestrial","-34.840000000000003","24.93","-2.98","21.16","19544750.219999999","8.2799999999999994","generalist","10",0,29,"Şekercioğlu, Ç. H., Kittelberger, K. D., Mota, F. M., Buxton, A. N., Orton, N., DeNiro, A., ... & Neate-Clegg, M. H. (2025). BIRDBASE: a global dataset of avian biogeography, conservation, ecology and life history traits. Scientific Data, 12(1), 1558.","least concern","Afrotropical, Madagascar & islands","Tropical-Temperate","3700","0.3979400086720376","not reported","Building, Pole, Tree","1","7","both","18","19","35","45","24543518"
"Little Crow","Corvus bennetti","Corvus","Debus, S. (2020). Little Crow (Corvus bennetti), version 1.0. In Birds of the World (J. del Hoyo, A. Elliott, J. Sargatal, D. A. Christie, and E. de Juana, Editors). Cornell Lab of Ornithology, Ithaca, NY, USA. https://doi.org/10.2173/bow.litcro1.01","yes","communal nests","no","not reported","not reported","Tobias, J. A., Sheard, C., Pigot, A. L., Devenish, A. J., Yang, J., Sayol, F., ... & Schleuning, M. (2022). AVONET: morphological, ecological and geographical data for all birds. Ecology Letters, 25(3), 581-597.","50.7","32","13.4","16.600000000000001","55.4","313.5","129.5","41.1","173.3","Tobias, J. A., Sheard, C., Pigot, A. L., Devenish, A. J., Yang, J., Sayol, F., ... & Schleuning, M. (2022). AVONET: morphological, ecological and geographical data for all birds. Ecology Letters, 25(3), 581-597.","389","shrubland","omnivore","generalist","-36.03","-14.76","-25.69","131.69","5681813.4699999997","6.87","generalist","4",0,1,"Şekercioğlu, Ç. H., Kittelberger, K. D., Mota, F. M., Buxton, A. N., Orton, N., DeNiro, A., ... & Neate-Clegg, M. H. (2025). BIRDBASE: a global dataset of avian biogeography, conservation, ecology and life history traits. Scientific Data, 12(1), 1558.","least concern","Australian","Tropical-Temperate","1000","0.6777807052660807","cup, bowl","Pole, Tree","1","8","female","16","18","29","31","4951040"
"American Crow","Corvus brachyrhynchos","Corvus","Verbeek, N. A. and C. Caffrey (2021). American Crow (Corvus brachyrhynchos), version 1.1. In Birds of the World (A. F. Poole and F. B. Gill, Editors). Cornell Lab of Ornithology, Ithaca, NY, USA. https://doi.org/10.2173/bow.amecro.01.1","no","groups","facultative","9","17","Tobias, J. A., Sheard, C., Pigot, A. L., Devenish, A. J., Yang, J., Sayol, F., ... & Schleuning, M. (2022). AVONET: morphological, ecological and geographical data for all birds. Ecology Letters, 25(3), 581-597.","51.1","35.4","14.7","17.7","59.3","309.60000000000002","109.1","35.299999999999997","177.3","Tobias, J. A., Sheard, C., Pigot, A. L., Devenish, A. J., Yang, J., Sayol, F., ... & Schleuning, M. (2022). AVONET: morphological, ecological and geographical data for all birds. Ecology Letters, 25(3), 581-597.","448.76","human modified","omnivore","terrestrial","24.53","63.75","46.23","-97.42","11573830.539999999","8.0399999999999991","generalist","21",1,90,"Şekercioğlu, Ç. H., Kittelberger, K. D., Mota, F. M., Buxton, A. N., Orton, N., DeNiro, A., ... & Neate-Clegg, M. H. (2025). BIRDBASE: a global dataset of avian biogeography, conservation, ecology and life history traits. Scientific Data, 12(1), 1558.","least concern","Nearctic","Temperate","1800","0.3979400086720376","cup, bowl","Building, Shrub, Tree","3","7","female","16","20","29","43","91840173"
"Cape Crow","Corvus capensis","Corvus","Madge, S. (2020). Cape Crow (Corvus capensis), version 1.0. In Birds of the World (J. del Hoyo, A. Elliott, J. Sargatal, D. A. Christie, and E. de Juana, Editors). Cornell Lab of Ornithology, Ithaca, NY, USA. https://doi.org/10.2173/bow.capcro2.01","yes","territorial pairs","no","6","not reported","Tobias, J. A., Sheard, C., Pigot, A. L., Devenish, A. J., Yang, J., Sayol, F., ... & Schleuning, M. (2022). AVONET: morphological, ecological and geographical data for all birds. Ecology Letters, 25(3), 581-597.","62.9","46.5","14.5","16","65.599999999999994","322.2","114.5","35.4","164.7","Tobias, J. A., Sheard, C., Pigot, A. L., Devenish, A. J., Yang, J., Sayol, F., ... & Schleuning, M. (2022). AVONET: morphological, ecological and geographical data for all birds. Ecology Letters, 25(3), 581-597.","553","grassland","omnivore","terrestrial","-34.840000000000003","16.79","-16.5","25.35","4036026.48","8.31","not reported","8",0,7,"Şekercioğlu, Ç. H., Kittelberger, K. D., Mota, F. M., Buxton, A. N., Orton, N., DeNiro, A., ... & Neate-Clegg, M. H. (2025). BIRDBASE: a global dataset of avian biogeography, conservation, ecology and life history traits. Scientific Data, 12(1), 1558.","least concern","Afrotropical","Tropical-Temperate","2500","0.52287874528033762","cup, bowl","Tree","1","6","both","18","19","36","39","1909761"
"Sulawesi Crow","Corvus celebensis","Corvus","Madge, S. and D. A. Christie (2024). Sulawesi Crow (Corvus celebensis), version 1.0. In Birds of the World (B. K. Keeney and S. M. Billerman, Editors). Cornell Lab of Ornithology, Ithaca, NY, USA. https://doi.org/10.2173/bow.slbcro12.01","yes","territorial pairs","no","not reported","not reported","Tobias, J. A., Sheard, C., Pigot, A. L., Devenish, A. J., Yang, J., Sayol, F., ... & Schleuning, M. (2022). AVONET: morphological, ecological and geographical data for all birds. Ecology Letters, 25(3), 581-597.","not reported","not reported","not reported","not reported","not reported","not reported","not reported","not reported","not reported","not reported","not reported","forest","omnivore","insessorial","not reported","not reported","not reported","not reported","not reported","not reported","not reported","4",0,0,"Şekercioğlu, Ç. H., Kittelberger, K. D., Mota, F. M., Buxton, A. N., Orton, N., DeNiro, A., ... & Neate-Clegg, M. H. (2025). BIRDBASE: a global dataset of avian biogeography, conservation, ecology and life history traits. Scientific Data, 12(1), 1558.","not reported","Indomalayan, Wallacea","Tropical","1600","0.92081875395237522","cup, bowl","Tree","2","2","female","not reported","not reported","not reported","not reported","not reported"
"Northern Raven","Corvus corax","Corvus","Boarman, W. I. and B. Heinrich (2020). Common Raven (Corvus corax), version 1.0. In Birds of the World (S. M. Billerman, Editor). Cornell Lab of Ornithology, Ithaca, NY, USA. https://doi.org/10.2173/bow.comrav.01","yes","territorial pairs","no","5","44","Tobias, J. A., Sheard, C., Pigot, A. L., Devenish, A. J., Yang, J., Sayol, F., ... & Schleuning, M. (2022). AVONET: morphological, ecological and geographical data for all birds. Ecology Letters, 25(3), 581-597.","77","49.2","21.9","27.9","67.099999999999994","419.7","167.2","39.799999999999997","228.7","Tobias, J. A., Sheard, C., Pigot, A. L., Devenish, A. J., Yang, J., Sayol, F., ... & Schleuning, M. (2022). AVONET: morphological, ecological and geographical data for all birds. Ecology Letters, 25(3), 581-597.","927.97","forest","omnivore","terrestrial","12.76","83.11","54.65","18.59","52288449.5","13.58","generalist","30",1,352,"Şekercioğlu, Ç. H., Kittelberger, K. D., Mota, F. M., Buxton, A. N., Orton, N., DeNiro, A., ... & Neate-Clegg, M. H. (2025). BIRDBASE: a global dataset of avian biogeography, conservation, ecology and life history traits. Scientific Data, 12(1), 1558.","least concern","Cosmopolitan","Temperate","6000","0.3979400086720376","cup, bowl; platform","Building, Pole, Tree","1","8","female","20","25","28","49","47152451"
"Carrion Crow","Corvus corone","Corvus","Madge, S. (2020). Carrion Crow (Corvus corone), version 1.0. In Birds of the World (S. M. Billerman, B. K. Keeney, P. G. Rodewald, and T. S. Schulenberg, Editors). Cornell Lab of Ornithology, Ithaca, NY, USA. https://doi.org/10.2173/bow.carcro1.01","yes","groups","facultative","not reported","not reported","Tobias, J. A., Sheard, C., Pigot, A. L., Devenish, A. J., Yang, J., Sayol, F., ... & Schleuning, M. (2022). AVONET: morphological, ecological and geographical data for all birds. Ecology Letters, 25(3), 581-597.","55","35.9","15.1","18.5","59.4","323.89999999999998","119.6","36.9","179.6","Tobias, J. A., Sheard, C., Pigot, A. L., Devenish, A. J., Yang, J., Sayol, F., ... & Schleuning, M. (2022). AVONET: morphological, ecological and geographical data for all birds. Ecology Letters, 25(3), 581-597.","570","human modified","omnivore","terrestrial","22.23","71.19","52.96","78.23","33343165.09","7.61","generalist","5",1,306,"Şekercioğlu, Ç. H., Kittelberger, K. D., Mota, F. M., Buxton, A. N., Orton, N., DeNiro, A., ... & Neate-Clegg, M. H. (2025). BIRDBASE: a global dataset of avian biogeography, conservation, ecology and life history traits. Scientific Data, 12(1), 1558.","least concern","Palearctic","Temperate","3600","0.45593195564972439","platform","Tree","4","5","female","17","22","30","34","44906864"
"Australian Raven","Corvus coronoides","Corvus","Debus, S. (2020). Australian Raven (Corvus coronoides), version 1.0. In Birds of the World (J. del Hoyo, A. Elliott, J. Sargatal, D. A. Christie, and E. de Juana, Editors). Cornell Lab of Ornithology, Ithaca, NY, USA. https://doi.org/10.2173/bow.ausrav1.01","yes","territorial pairs","no","3","not reported","Tobias, J. A., Sheard, C., Pigot, A. L., Devenish, A. J., Yang, J., Sayol, F., ... & Schleuning, M. (2022). AVONET: morphological, ecological and geographical data for all birds. Ecology Letters, 25(3), 581-597.","61.1","39.799999999999997","16.2","20.100000000000001","63.6","356.1","147.80000000000001","41.1","198.7","Tobias, J. A., Sheard, C., Pigot, A. L., Devenish, A. J., Yang, J., Sayol, F., ... & Schleuning, M. (2022). AVONET: morphological, ecological and geographical data for all birds. Ecology Letters, 25(3), 581-597.","644.30","shrubland","omnivore","generalist","-39.24","-12.68","-27.75","138.57","4803477.78","10.15","generalist","4",1,15,"Şekercioğlu, Ç. H., Kittelberger, K. D., Mota, F. M., Buxton, A. N., Orton, N., DeNiro, A., ... & Neate-Clegg, M. H. (2025). BIRDBASE: a global dataset of avian biogeography, conservation, ecology and life history traits. Scientific Data, 12(1), 1558.","least concern","Australian","Tropical-Temperate","2000","0.52287874528033762","cup, bowl","Pole, Tree","1","6","female","19","21","40","45","6360177"
"Thick-billed Raven","Corvus crassirostris","Corvus","Madge, S. (2020). Thick-billed Raven (Corvus crassirostris), version 1.0. In Birds of the World (J. del Hoyo, A. Elliott, J. Sargatal, D. A. Christie, and E. de Juana, Editors). Cornell Lab of Ornithology, Ithaca, NY, USA. https://doi.org/10.2173/bow.thbrav1.01","yes","territorial pairs","no","not reported","not reported","Tobias, J. A., Sheard, C., Pigot, A. L., Devenish, A. J., Yang, J., Sayol, F., ... & Schleuning, M. (2022). AVONET: morphological, ecological and geographical data for all birds. Ecology Letters, 25(3), 581-597.","83.2","56.7","24.3","41.1","78.900000000000006","446.9","181.3","40.6","228.1","Tobias, J. A., Sheard, C., Pigot, A. L., Devenish, A. J., Yang, J., Sayol, F., ... & Schleuning, M. (2022). AVONET: morphological, ecological and geographical data for all birds. Ecology Letters, 25(3), 581-597.","1135","rock","omnivore","terrestrial","3.67","16.579999999999998","9.52","38.340000000000003","759238.98","14.26","generalist","4",0,4,"Şekercioğlu, Ç. H., Kittelberger, K. D., Mota, F. M., Buxton, A. N., Orton, N., DeNiro, A., ... & Neate-Clegg, M. H. (2025). BIRDBASE: a global dataset of avian biogeography, conservation, ecology and life history traits. Scientific Data, 12(1), 1558.","least concern","Afrotropical","Tropical","1500","0.61978875828839397","platform","Tree","4","4","not reported","not reported","not reported","not reported","not reported","809520"
"Chihuahuan Raven","Corvus cryptoleucus","Corvus","Dwyer, J. F., J. C. Bednarz, and R. J. Raitt (2020). Chihuahuan Raven (Corvus cryptoleucus), version 1.0. In Birds of the World (A. F. Poole, Editor). Cornell Lab of Ornithology, Ithaca, NY, USA. https://doi.org/10.2173/bow.chirav.01","yes","territorial pairs","no","not reported","12.5","Tobias, J. A., Sheard, C., Pigot, A. L., Devenish, A. J., Yang, J., Sayol, F., ... & Schleuning, M. (2022). AVONET: morphological, ecological and geographical data for all birds. Ecology Letters, 25(3), 581-597.","55.8","34.299999999999997","17.2","20.100000000000001","59.5","351.1","146.69999999999999","41.7","181.5","Tobias, J. A., Sheard, C., Pigot, A. L., Devenish, A. J., Yang, J., Sayol, F., ... & Schleuning, M. (2022). AVONET: morphological, ecological and geographical data for all birds. Ecology Letters, 25(3), 581-597.","533.54","grassland","omnivore","terrestrial","20.83","38.76","29.63","-103.06","1195845.67","8.5399999999999991","generalist","5",0,5,"Şekercioğlu, Ç. H., Kittelberger, K. D., Mota, F. M., Buxton, A. N., Orton, N., DeNiro, A., ... & Neate-Clegg, M. H. (2025). BIRDBASE: a global dataset of avian biogeography, conservation, ecology and life history traits. Scientific Data, 12(1), 1558.","least concern","Nearctic","Tropical-Temperate","2400","0.69897000433601886","cup, bowl","Building, Pole, Tree","1","8","female","18","22","37","40","753541"
"Somali Crow","Corvus edithae","Corvus","Madge, S. (2020). Somali Crow (Corvus edithae), version 1.0. In Birds of the World (J. del Hoyo, A. Elliott, J. Sargatal, D. A. Christie, and E. de Juana, Editors). Cornell Lab of Ornithology, Ithaca, NY, USA. https://doi.org/10.2173/bow.somcro2.01","yes","territorial pairs","no","not reported","not reported","Tobias, J. A., Sheard, C., Pigot, A. L., Devenish, A. J., Yang, J., Sayol, F., ... & Schleuning, M. (2022). AVONET: morphological, ecological and geographical data for all birds. Ecology Letters, 25(3), 581-597.","52.5","30.9","14.3","18.7","57.7","338.5","138.1","41","168.6","Tobias, J. A., Sheard, C., Pigot, A. L., Devenish, A. J., Yang, J., Sayol, F., ... & Schleuning, M. (2022). AVONET: morphological, ecological and geographical data for all birds. Ecology Letters, 25(3), 581-597.","524","desert","omnivore","terrestrial","1.33","15.5","6.95","42.04","1179817.28","not reported","not reported","7",0,2,"Şekercioğlu, Ç. H., Kittelberger, K. D., Mota, F. M., Buxton, A. N., Orton, N., DeNiro, A., ... & Neate-Clegg, M. H. (2025). BIRDBASE: a global dataset of avian biogeography, conservation, ecology and life history traits. Scientific Data, 12(1), 1558.","least concern","Afrotropical","Tropical","2000","0.82390874094431876","cup, bowl","Tree","4","6","not reported","not reported","not reported","not reported","not reported","89176"
"Sunda Crow","Corvus enca","Corvus","Madge, S. and D. A. Christie (2020). Slender-billed Crow (Corvus enca), version 1.0. In Birds of the World (J. del Hoyo, A. Elliott, J. Sargatal, D. A. Christie, and E. de Juana, Editors). Cornell Lab of Ornithology, Ithaca, NY, USA. https://doi.org/10.2173/bow.slbcro1.01","yes","territorial pairs","no","not reported","not reported","Tobias, J. A., Sheard, C., Pigot, A. L., Devenish, A. J., Yang, J., Sayol, F., ... & Schleuning, M. (2022). AVONET: morphological, ecological and geographical data for all birds. Ecology Letters, 25(3), 581-597.","58","41.4","14.9","19.399999999999999","50.4","277.60000000000002","92.4","32.5","140.80000000000001","Tobias, J. A., Sheard, C., Pigot, A. L., Devenish, A. J., Yang, J., Sayol, F., ... & Schleuning, M. (2022). AVONET: morphological, ecological and geographical data for all birds. Ecology Letters, 25(3), 581-597.","251","forest","omnivore","insessorial","-8.85","19.579999999999998","1.25","112.99","1629657.05","7.66","not reported","4",0,3,"Şekercioğlu, Ç. H., Kittelberger, K. D., Mota, F. M., Buxton, A. N., Orton, N., DeNiro, A., ... & Neate-Clegg, M. H. (2025). BIRDBASE: a global dataset of avian biogeography, conservation, ecology and life history traits. Scientific Data, 12(1), 1558.","least concern","Indomalayan, Wallacea","Tropical","600","0.69897000433601886","cup, bowl","Tree","2","2","female","not reported","not reported","not reported","not reported","3920803"
"Flores Crow","Corvus florensis","Corvus","Madge, S. (2020). Flores Crow (Corvus florensis), version 1.0. In Birds of the World (J. del Hoyo, A. Elliott, J. Sargatal, D. A. Christie, and E. de Juana, Editors). Cornell Lab of Ornithology, Ithaca, NY, USA. https://doi.org/10.2173/bow.flocro1.01","no","territorial pairs","not reported","9","not reported","Tobias, J. A., Sheard, C., Pigot, A. L., Devenish, A. J., Yang, J., Sayol, F., ... & Schleuning, M. (2022). AVONET: morphological, ecological and geographical data for all birds. Ecology Letters, 25(3), 581-597.","51.5","30.2","12.5","16.5","48.3","226","57.6","25.5","160","Tobias, J. A., Sheard, C., Pigot, A. L., Devenish, A. J., Yang, J., Sayol, F., ... & Schleuning, M. (2022). AVONET: morphological, ecological and geographical data for all birds. Ecology Letters, 25(3), 581-597.","175","forest","omnivore","insessorial","-8.9600000000000009","-8.23","-8.61","120.62","9095.6200000000008","not reported","not reported","3",0,2,"Şekercioğlu, Ç. H., Kittelberger, K. D., Mota, F. M., Buxton, A. N., Orton, N., DeNiro, A., ... & Neate-Clegg, M. H. (2025). BIRDBASE: a global dataset of avian biogeography, conservation, ecology and life history traits. Scientific Data, 12(1), 1558.","near-threatened","Wallacea","Tropical","950","1.6989700043360187","not reported","Tree","2","3","not reported","not reported","not reported","not reported","not reported","2501"
"Rook","Corvus frugilegus","Corvus","Madge, S. (2020). Rook (Corvus frugilegus), version 1.0. In Birds of the World (J. del Hoyo, A. Elliott, J. Sargatal, D. A. Christie, and E. de Juana, Editors). Cornell Lab of Ornithology, Ithaca, NY, USA. https://doi.org/10.2173/bow.rook1.01","no","communal nests","no","1","not reported","Tobias, J. A., Sheard, C., Pigot, A. L., Devenish, A. J., Yang, J., Sayol, F., ... & Schleuning, M. (2022). AVONET: morphological, ecological and geographical data for all birds. Ecology Letters, 25(3), 581-597.","59.5","39.1","14.8","18.3","55.7","312.3","127.8","41","166.8","Tobias, J. A., Sheard, C., Pigot, A. L., Devenish, A. J., Yang, J., Sayol, F., ... & Schleuning, M. (2022). AVONET: morphological, ecological and geographical data for all birds. Ecology Letters, 25(3), 581-597.","452.10","grassland","omnivore","terrestrial","28.08","66.069999999999993","50.24","76.75","19019081.219999999","7.44","generalist","15",1,422,"Şekercioğlu, Ç. H., Kittelberger, K. D., Mota, F. M., Buxton, A. N., Orton, N., DeNiro, A., ... & Neate-Clegg, M. H. (2025). BIRDBASE: a global dataset of avian biogeography, conservation, ecology and life history traits. Scientific Data, 12(1), 1558.","least concern","Palearctic","Temperate","2000","0.79588001734407521","cup, bowl","Tree","2","7","female","16","18","30","36","355015538"
"Brown-headed Crow","Corvus fuscicapillus","Corvus","Debus, S. (2020). Brown-headed Crow (Corvus fuscicapillus), version 1.0. In Birds of the World (J. del Hoyo, A. Elliott, J. Sargatal, D. A. Christie, and E. de Juana, Editors). Cornell Lab of Ornithology, Ithaca, NY, USA. https://doi.org/10.2173/bow.brhcro1.01","no","territorial pairs","not reported","not reported","not reported","Tobias, J. A., Sheard, C., Pigot, A. L., Devenish, A. J., Yang, J., Sayol, F., ... & Schleuning, M. (2022). AVONET: morphological, ecological and geographical data for all birds. Ecology Letters, 25(3), 581-597.","74.599999999999994","52.1","18.2","26.6","56.5","335.9","103.2","30.7","191.1","Tobias, J. A., Sheard, C., Pigot, A. L., Devenish, A. J., Yang, J., Sayol, F., ... & Schleuning, M. (2022). AVONET: morphological, ecological and geographical data for all birds. Ecology Letters, 25(3), 581-597.","635","forest","frugivore","insessorial","-7.09","0.04","-3.48","135.38999999999999","18445.52","not reported","not reported","not reported",0,3,"Şekercioğlu, Ç. H., Kittelberger, K. D., Mota, F. M., Buxton, A. N., Orton, N., DeNiro, A., ... & Neate-Clegg, M. H. (2025). BIRDBASE: a global dataset of avian biogeography, conservation, ecology and life history traits. Scientific Data, 12(1), 1558.","least concern","Australian","Tropical","500","1.6989700043360187","not reported","not reported","not reported","not reported","not reported","not reported","not reported","not reported","not reported","161571"
"Hawaiian Crow","Corvus hawaiiensis","Corvus","Banko, P. C., D. L. Ball, and W. E. Banko (2020). Hawaiian Crow (Corvus hawaiiensis), version 1.0. In Birds of the World (A. F. Poole and F. B. Gill, Editors). Cornell Lab of Ornithology, Ithaca, NY, USA. https://doi.org/10.2173/bow.hawcro.01","no","territorial pairs","no","not reported","18","Tobias, J. A., Sheard, C., Pigot, A. L., Devenish, A. J., Yang, J., Sayol, F., ... & Schleuning, M. (2022). AVONET: morphological, ecological and geographical data for all birds. Ecology Letters, 25(3), 581-597.","59.3","38.299999999999997","18.8","24.7","66.599999999999994","315.39999999999998","96.4","30.5","195.3","Tobias, J. A., Sheard, C., Pigot, A. L., Devenish, A. J., Yang, J., Sayol, F., ... & Schleuning, M. (2022). AVONET: morphological, ecological and geographical data for all birds. Ecology Letters, 25(3), 581-597.","518.82","forest","omnivore","insessorial","not reported","not reported","not reported","not reported","not reported","10.52","generalist","24",0,20,"Şekercioğlu, Ç. H., Kittelberger, K. D., Mota, F. M., Buxton, A. N., Orton, N., DeNiro, A., ... & Neate-Clegg, M. H. (2025). BIRDBASE: a global dataset of avian biogeography, conservation, ecology and life history traits. Scientific Data, 12(1), 1558.","extinct in the wild","Oceania","Tropical","1160","0.82390874094431876","not reported","Tree","1","5","female","20","not reported","42","not reported","0"
"Tamaulipas Crow","Corvus imparatus","Corvus","Rodríguez-Flores, C. I., C. A. Soberanes-González, M. d. C. Arizmendi, G. M. Kirwan, and T. S. Schulenberg (2020). Tamaulipas Crow (Corvus imparatus), version 1.0. In Birds of the World (T. S. Schulenberg, Editor). Cornell Lab of Ornithology, Ithaca, NY, USA. https://doi.org/10.2173/bow.tamcro.01","no","communal nests","no","not reported","not reported","Tobias, J. A., Sheard, C., Pigot, A. L., Devenish, A. J., Yang, J., Sayol, F., ... & Schleuning, M. (2022). AVONET: morphological, ecological and geographical data for all birds. Ecology Letters, 25(3), 581-597.","41.9","26.3","12.7","13","39.6","238.7","84.8","35.700000000000003","143.19999999999999","Tobias, J. A., Sheard, C., Pigot, A. L., Devenish, A. J., Yang, J., Sayol, F., ... & Schleuning, M. (2022). AVONET: morphological, ecological and geographical data for all birds. Ecology Letters, 25(3), 581-597.","221","shrubland","omnivore","terrestrial","21.01","26.29","23.69","-98.62","99924.43","not reported","not reported","not reported",0,2,"Şekercioğlu, Ç. H., Kittelberger, K. D., Mota, F. M., Buxton, A. N., Orton, N., DeNiro, A., ... & Neate-Clegg, M. H. (2025). BIRDBASE: a global dataset of avian biogeography, conservation, ecology and life history traits. Scientific Data, 12(1), 1558.","least concern","Neotropical","Tropical-Temperate","900","0.79588001734407521","not reported","not reported","4","4","female","17","18","not reported","not reported","364536"
"Bismarck Crow","Corvus insularis","Corvus","Debus, S. (2020). Bismarck Crow (Corvus insularis), version 1.0. In Birds of the World (J. del Hoyo, A. Elliott, J. Sargatal, D. A. Christie, and E. de Juana, Editors). Cornell Lab of Ornithology, Ithaca, NY, USA. https://doi.org/10.2173/bow.torcro3.01","no","territorial pairs","not reported","not reported","not reported","Tobias, J. A., Sheard, C., Pigot, A. L., Devenish, A. J., Yang, J., Sayol, F., ... & Schleuning, M. (2022). AVONET: morphological, ecological and geographical data for all birds. Ecology Letters, 25(3), 581-597.","59.8","41.1","17.2","19.5","54.2","312.39999999999998","116","37.6","153.19999999999999","Tobias, J. A., Sheard, C., Pigot, A. L., Devenish, A. J., Yang, J., Sayol, F., ... & Schleuning, M. (2022). AVONET: morphological, ecological and geographical data for all birds. Ecology Letters, 25(3), 581-597.","507.96","forest","omnivore","generalist","-6.31","-2.34","-5.12","150.81","44924.58","not reported","generalist","not reported",0,0,"Şekercioğlu, Ç. H., Kittelberger, K. D., Mota, F. M., Buxton, A. N., Orton, N., DeNiro, A., ... & Neate-Clegg, M. H. (2025). BIRDBASE: a global dataset of avian biogeography, conservation, ecology and life history traits. Scientific Data, 12(1), 1558.","least concern","Australian","Tropical","1500","1.3979400086720377","cup, bowl","Tree","not reported","4","not reported","not reported","not reported","not reported","not reported","1894829"
"Jamaican Crow","Corvus jamaicensis","Corvus","Marzluff, J. (2020). Jamaican Crow (Corvus jamaicensis), version 1.0. In Birds of the World (J. del Hoyo, A. Elliott, J. Sargatal, D. A. Christie, and E. de Juana, Editors). Cornell Lab of Ornithology, Ithaca, NY, USA. https://doi.org/10.2173/bow.jamcro1.01","no","territorial pairs","not reported","not reported","not reported","Tobias, J. A., Sheard, C., Pigot, A. L., Devenish, A. J., Yang, J., Sayol, F., ... & Schleuning, M. (2022). AVONET: morphological, ecological and geographical data for all birds. Ecology Letters, 25(3), 581-597.","47.9","32.1","13.9","16.600000000000001","46.5","227.7","66.400000000000006","29.2","137","Tobias, J. A., Sheard, C., Pigot, A. L., Devenish, A. J., Yang, J., Sayol, F., ... & Schleuning, M. (2022). AVONET: morphological, ecological and geographical data for all birds. Ecology Letters, 25(3), 581-597.","338","forest","omnivore","insessorial","17.7","18.53","18.16","-77.31","11021.79","7.08","generalist","3",0,1,"Şekercioğlu, Ç. H., Kittelberger, K. D., Mota, F. M., Buxton, A. N., Orton, N., DeNiro, A., ... & Neate-Clegg, M. H. (2025). BIRDBASE: a global dataset of avian biogeography, conservation, ecology and life history traits. Scientific Data, 12(1), 1558.","near-threatened","Neotropical","Tropical","600","0.79588001734407521","platform","Tree","3","3","not reported","not reported","not reported","not reported","not reported","3888"
"Mariana Crow","Corvus kubaryi","Corvus","Marzluff, J. (2020). Mariana Crow (Corvus kubaryi), version 1.0. In Birds of the World (J. del Hoyo, A. Elliott, J. Sargatal, D. A. Christie, and E. de Juana, Editors). Cornell Lab of Ornithology, Ithaca, NY, USA. https://doi.org/10.2173/bow.marcro1.01","no","territorial pairs","not reported","not reported","not reported","Tobias, J. A., Sheard, C., Pigot, A. L., Devenish, A. J., Yang, J., Sayol, F., ... & Schleuning, M. (2022). AVONET: morphological, ecological and geographical data for all birds. Ecology Letters, 25(3), 581-597.","55.2","37.700000000000003","13.3","18.3","52.5","226.4","63","27","157.6","Tobias, J. A., Sheard, C., Pigot, A. L., Devenish, A. J., Yang, J., Sayol, F., ... & Schleuning, M. (2022). AVONET: morphological, ecological and geographical data for all birds. Ecology Letters, 25(3), 581-597.","249.92","forest","omnivore","insessorial","14.11","14.2","14.16","145.22","92.35","not reported","not reported","4",0,12,"Şekercioğlu, Ç. H., Kittelberger, K. D., Mota, F. M., Buxton, A. N., Orton, N., DeNiro, A., ... & Neate-Clegg, M. H. (2025). BIRDBASE: a global dataset of avian biogeography, conservation, ecology and life history traits. Scientific Data, 12(1), 1558.","critically endangered","Oceania","Tropical","500","1.3979400086720377","cup, bowl; platform","Tree","1","4","female","21","23","36","39","not reported"
"White-necked Crow","Corvus leucognaphalus","Corvus","Marzluff, J. (2020). White-necked Crow (Corvus leucognaphalus), version 1.0. In Birds of the World (J. del Hoyo, A. Elliott, J. Sargatal, D. A. Christie, and E. de Juana, Editors). Cornell Lab of Ornithology, Ithaca, NY, USA. https://doi.org/10.2173/bow.whncro1.01","no","territorial pairs","not reported","not reported","not reported","Tobias, J. A., Sheard, C., Pigot, A. L., Devenish, A. J., Yang, J., Sayol, F., ... & Schleuning, M. (2022). AVONET: morphological, ecological and geographical data for all birds. Ecology Letters, 25(3), 581-597.","60.7","41","16.8","20.9","54.9","304.3","107.2","35.200000000000003","191.6","Tobias, J. A., Sheard, C., Pigot, A. L., Devenish, A. J., Yang, J., Sayol, F., ... & Schleuning, M. (2022). AVONET: morphological, ecological and geographical data for all birds. Ecology Letters, 25(3), 581-597.","401","forest","omnivore","insessorial","17.47","19.440000000000001","18.75","-71.16","8280.85","8.02","generalist","3",0,2,"Şekercioğlu, Ç. H., Kittelberger, K. D., Mota, F. M., Buxton, A. N., Orton, N., DeNiro, A., ... & Neate-Clegg, M. H. (2025). BIRDBASE: a global dataset of avian biogeography, conservation, ecology and life history traits. Scientific Data, 12(1), 1558.","vulnerable","Neotropical","Tropical","1500","1.045757490560675","platform","Tree","3","4","not reported","not reported","not reported","not reported","not reported","653460"
"Large-billed Crow","Corvus macrorhynchos","Corvus","Madge, S. (2020). Large-billed Crow (Corvus macrorhynchos), version 1.0. In Birds of the World (J. del Hoyo, A. Elliott, J. Sargatal, D. A. Christie, and E. de Juana, Editors). Cornell Lab of Ornithology, Ithaca, NY, USA. https://doi.org/10.2173/bow.labcro1.01","yes","territorial pairs","no","3","not reported","Tobias, J. A., Sheard, C., Pigot, A. L., Devenish, A. J., Yang, J., Sayol, F., ... & Schleuning, M. (2022). AVONET: morphological, ecological and geographical data for all birds. Ecology Letters, 25(3), 581-597.","62","42.3","17.399999999999999","21.9","57","318.60000000000002","111.2","34.799999999999997","182.9","Tobias, J. A., Sheard, C., Pigot, A. L., Devenish, A. J., Yang, J., Sayol, F., ... & Schleuning, M. (2022). AVONET: morphological, ecological and geographical data for all birds. Ecology Letters, 25(3), 581-597.","513.14","woodland","omnivore","generalist","-10.74","55.35","29.04","107.25","13313192.58","11.85","generalist","not reported",0,133,"Şekercioğlu, Ç. H., Kittelberger, K. D., Mota, F. M., Buxton, A. N., Orton, N., DeNiro, A., ... & Neate-Clegg, M. H. (2025). BIRDBASE: a global dataset of avian biogeography, conservation, ecology and life history traits. Scientific Data, 12(1), 1558.","least concern","Indomalayan, Palearctic, Wallacea","Tropical-Temperate","5000","0.37675070960209955","platform","Tree","3","6","female","17","19","21","28","26127713"
"Bougainville Crow","Corvus meeki","Corvus","Debus, S. (2020). Bougainville Crow (Corvus meeki), version 1.0. In Birds of the World (J. del Hoyo, A. Elliott, J. Sargatal, D. A. Christie, and E. de Juana, Editors). Cornell Lab of Ornithology, Ithaca, NY, USA. https://doi.org/10.2173/bow.boucro1.01","no","not reported","not reported","not reported","not reported","Tobias, J. A., Sheard, C., Pigot, A. L., Devenish, A. J., Yang, J., Sayol, F., ... & Schleuning, M. (2022). AVONET: morphological, ecological and geographical data for all birds. Ecology Letters, 25(3), 581-597.","70.099999999999994","48.6","18.5","24.1","55.8","288.60000000000002","86.9","30","135.69999999999999","Tobias, J. A., Sheard, C., Pigot, A. L., Devenish, A. J., Yang, J., Sayol, F., ... & Schleuning, M. (2022). AVONET: morphological, ecological and geographical data for all birds. Ecology Letters, 25(3), 581-597.","467","forest","omnivore","insessorial","-7.43","-5.01","-6.2","155.28","9689.8799999999992","not reported","not reported","not reported",0,0,"Şekercioğlu, Ç. H., Kittelberger, K. D., Mota, F. M., Buxton, A. N., Orton, N., DeNiro, A., ... & Neate-Clegg, M. H. (2025). BIRDBASE: a global dataset of avian biogeography, conservation, ecology and life history traits. Scientific Data, 12(1), 1558.","least concern","Australian","Tropical","1600","1.3979400086720377","not reported","not reported","not reported","not reported","not reported","not reported","not reported","not reported","not reported","not reported"
"Little Raven","Corvus mellori","Corvus","Debus, S. (2020). Little Raven (Corvus mellori), version 1.0. In Birds of the World (J. del Hoyo, A. Elliott, J. Sargatal, D. A. Christie, and E. de Juana, Editors). Cornell Lab of Ornithology, Ithaca, NY, USA. https://doi.org/10.2173/bow.litrav1.01","no","communal nests","no","not reported","not reported","Tobias, J. A., Sheard, C., Pigot, A. L., Devenish, A. J., Yang, J., Sayol, F., ... & Schleuning, M. (2022). AVONET: morphological, ecological and geographical data for all birds. Ecology Letters, 25(3), 581-597.","55.4","36.200000000000003","13.6","17.899999999999999","59","330.8","130.4","39.5","184.7","Tobias, J. A., Sheard, C., Pigot, A. L., Devenish, A. J., Yang, J., Sayol, F., ... & Schleuning, M. (2022). AVONET: morphological, ecological and geographical data for all birds. Ecology Letters, 25(3), 581-597.","540.37","shrubland","omnivore","generalist","-40.479999999999997","-28.51","-33.29","143.80000000000001","1353458.96","8.4","generalist","not reported",0,16,"Şekercioğlu, Ç. H., Kittelberger, K. D., Mota, F. M., Buxton, A. N., Orton, N., DeNiro, A., ... & Neate-Clegg, M. H. (2025). BIRDBASE: a global dataset of avian biogeography, conservation, ecology and life history traits. Scientific Data, 12(1), 1558.","least concern","Australian","Temperate","2000","0.61978875828839397","cup, bowl","Pole, Tree","1","6","female","19","20","34","39","3112204"
"Cuban Palm Crow","Corvus minutus","Corvus","Kirwan, G. M., J. Marzluff, and C. J. Sharpe (2023). Cuban Palm-Crow (Corvus minutus), version 1.0. In Birds of the World (S. M. Billerman, Editor). Cornell Lab of Ornithology, Ithaca, NY, USA. https://doi.org/10.2173/bow.cupcro1.01","no","territorial pairs","not reported","not reported","not reported","Tobias, J. A., Sheard, C., Pigot, A. L., Devenish, A. J., Yang, J., Sayol, F., ... & Schleuning, M. (2022). AVONET: morphological, ecological and geographical data for all birds. Ecology Letters, 25(3), 581-597.","45.5","31.5","11.6","16.600000000000001","50.4","241.8","83.8","34.6","141.5","Tobias, J. A., Sheard, C., Pigot, A. L., Devenish, A. J., Yang, J., Sayol, F., ... & Schleuning, M. (2022). AVONET: morphological, ecological and geographical data for all birds. Ecology Letters, 25(3), 581-597.","287.82","forest","omnivore","insessorial","not reported","not reported","not reported","not reported","not reported","not reported","not reported","not reported",0,1,"Şekercioğlu, Ç. H., Kittelberger, K. D., Mota, F. M., Buxton, A. N., Orton, N., DeNiro, A., ... & Neate-Clegg, M. H. (2025). BIRDBASE: a global dataset of avian biogeography, conservation, ecology and life history traits. Scientific Data, 12(1), 1558.","not reported","Neotropical","Tropical","600","1.2218487496163564","platform","Grass","3","not reported","not reported","19","22","34","35","not reported"
"New Caledonian Crow","Corvus moneduloides","Corvus","Debus, S. (2020). New Caledonian Crow (Corvus moneduloides), version 1.0. In Birds of the World (J. del Hoyo, A. Elliott, J. Sargatal, D. A. Christie, and E. de Juana, Editors). Cornell Lab of Ornithology, Ithaca, NY, USA. https://doi.org/10.2173/bow.neccro1.01","no","groups","not reported","not reported","not reported","Tobias, J. A., Sheard, C., Pigot, A. L., Devenish, A. J., Yang, J., Sayol, F., ... & Schleuning, M. (2022). AVONET: morphological, ecological and geographical data for all birds. Ecology Letters, 25(3), 581-597.","43.5","28.4","11.9","17.100000000000001","47.1","238.1","54.7","23","164.6","Tobias, J. A., Sheard, C., Pigot, A. L., Devenish, A. J., Yang, J., Sayol, F., ... & Schleuning, M. (2022). AVONET: morphological, ecological and geographical data for all birds. Ecology Letters, 25(3), 581-597.","277.38","woodland","omnivore","generalist","-22.4","-20.09","-21.33","165.48","16389.59","6.4","generalist","not reported",1,37,"Şekercioğlu, Ç. H., Kittelberger, K. D., Mota, F. M., Buxton, A. N., Orton, N., DeNiro, A., ... & Neate-Clegg, M. H. (2025). BIRDBASE: a global dataset of avian biogeography, conservation, ecology and life history traits. Scientific Data, 12(1), 1558.","least concern","Oceania","Tropical","1000","0.52287874528033762","cup, bowl","Tree","2","4","not reported","not reported","not reported","not reported","not reported","221690"
"Cuban Crow","Corvus nasicus","Corvus","Marzluff, J. (2020). Cuban Crow (Corvus nasicus), version 1.0. In Birds of the World (J. del Hoyo, A. Elliott, J. Sargatal, D. A. Christie, and E. de Juana, Editors). Cornell Lab of Ornithology, Ithaca, NY, USA. https://doi.org/10.2173/bow.cubcro1.01","yes","territorial pairs","not reported","not reported","not reported","Tobias, J. A., Sheard, C., Pigot, A. L., Devenish, A. J., Yang, J., Sayol, F., ... & Schleuning, M. (2022). AVONET: morphological, ecological and geographical data for all birds. Ecology Letters, 25(3), 581-597.","58","40","13.8","18.8","52.2","271.5","95.6","35.299999999999997","162","Tobias, J. A., Sheard, C., Pigot, A. L., Devenish, A. J., Yang, J., Sayol, F., ... & Schleuning, M. (2022). AVONET: morphological, ecological and geographical data for all birds. Ecology Letters, 25(3), 581-597.","401","forest","omnivore","insessorial","19.829999999999998","22.66","21.23","-78.12","28429.7","7.04","not reported","not reported",0,2,"Şekercioğlu, Ç. H., Kittelberger, K. D., Mota, F. M., Buxton, A. N., Orton, N., DeNiro, A., ... & Neate-Clegg, M. H. (2025). BIRDBASE: a global dataset of avian biogeography, conservation, ecology and life history traits. Scientific Data, 12(1), 1558.","least concern","Neotropical","Tropical","1500","1.2218487496163564","platform","Tree","3","4","not reported","not reported","not reported","not reported","not reported","11072"
"Torresian Crow","Corvus orru","Corvus","Debus, S. (2020). Torresian Crow (Corvus orru), version 1.0. In Birds of the World (J. del Hoyo, A. Elliott, J. Sargatal, D. A. Christie, and E. de Juana, Editors). Cornell Lab of Ornithology, Ithaca, NY, USA. https://doi.org/10.2173/bow.torcro2.01","yes","territorial pairs","no","not reported","not reported","Tobias, J. A., Sheard, C., Pigot, A. L., Devenish, A. J., Yang, J., Sayol, F., ... & Schleuning, M. (2022). AVONET: morphological, ecological and geographical data for all birds. Ecology Letters, 25(3), 581-597.","60.1","41.1","16.5","20.2","57","327.39999999999998","118.7","36.700000000000003","166.7","Tobias, J. A., Sheard, C., Pigot, A. L., Devenish, A. J., Yang, J., Sayol, F., ... & Schleuning, M. (2022). AVONET: morphological, ecological and geographical data for all birds. Ecology Letters, 25(3), 581-597.","507.96","forest","omnivore","generalist","-33.75","2.64","-19.420000000000002","134.76","5394057.7199999997","8.42","generalist","87",0,8,"Şekercioğlu, Ç. H., Kittelberger, K. D., Mota, F. M., Buxton, A. N., Orton, N., DeNiro, A., ... & Neate-Clegg, M. H. (2025). BIRDBASE: a global dataset of avian biogeography, conservation, ecology and life history traits. Scientific Data, 12(1), 1558.","least concern","Australian, Wallacea","Tropical-Temperate","1500","0.61978875828839397","cup, bowl","Pole, Tree","1","7","female","19","20","38","48","8124451"
"Fish Crow","Corvus ossifragus","Corvus","McGowan, K. J. (2020). Fish Crow (Corvus ossifragus), version 1.0. In Birds of the World (A. F. Poole and F. B. Gill, Editors). Cornell Lab of Ornithology, Ithaca, NY, USA. https://doi.org/10.2173/bow.fiscro.01","yes","territorial pairs","no","not reported","14.5","Tobias, J. A., Sheard, C., Pigot, A. L., Devenish, A. J., Yang, J., Sayol, F., ... & Schleuning, M. (2022). AVONET: morphological, ecological and geographical data for all birds. Ecology Letters, 25(3), 581-597.","43.3","27.2","13.8","14.8","47.1","276.7","100.6","36.299999999999997","157.1","Tobias, J. A., Sheard, C., Pigot, A. L., Devenish, A. J., Yang, J., Sayol, F., ... & Schleuning, M. (2022). AVONET: morphological, ecological and geographical data for all birds. Ecology Letters, 25(3), 581-597.","284.60","coastal","omnivore","terrestrial","24.53","44.92","33.75","-84.16","970986.53","6.1","generalist","10",0,29,"Şekercioğlu, Ç. H., Kittelberger, K. D., Mota, F. M., Buxton, A. N., Orton, N., DeNiro, A., ... & Neate-Clegg, M. H. (2025). BIRDBASE: a global dataset of avian biogeography, conservation, ecology and life history traits. Scientific Data, 12(1), 1558.","least concern","Nearctic","Temperate","1000","0.52287874528033762","cup, bowl","Tree","2","6","female","18","19","32","40","1366656"
"Hispaniolan Palm Crow","Corvus palmarum","Corvus","Marzluff, J. and C. J. Sharpe (2020). Palm Crow (Corvus palmarum), version 1.0. In Birds of the World (J. del Hoyo, A. Elliott, J. Sargatal, D. A. Christie, and E. de Juana, Editors). Cornell Lab of Ornithology, Ithaca, NY, USA. https://doi.org/10.2173/bow.palcro2.01","no","territorial pairs","not reported","not reported","not reported","Tobias, J. A., Sheard, C., Pigot, A. L., Devenish, A. J., Yang, J., Sayol, F., ... & Schleuning, M. (2022). AVONET: morphological, ecological and geographical data for all birds. Ecology Letters, 25(3), 581-597.","49.1","31.3","12","16.3","50.1","244.2","82.9","34","142.9","Tobias, J. A., Sheard, C., Pigot, A. L., Devenish, A. J., Yang, J., Sayol, F., ... & Schleuning, M. (2022). AVONET: morphological, ecological and geographical data for all birds. Ecology Letters, 25(3), 581-597.","289","forest","omnivore","insessorial","17.73","21.45","19.27","-72.55","32245.360000000001","6.71","not reported","not reported",0,3,"Şekercioğlu, Ç. H., Kittelberger, K. D., Mota, F. M., Buxton, A. N., Orton, N., DeNiro, A., ... & Neate-Clegg, M. H. (2025). BIRDBASE: a global dataset of avian biogeography, conservation, ecology and life history traits. Scientific Data, 12(1), 1558.","least concern","Neotropical","Tropical","2000","0.69897000433601886","platform","Tree","3","4","not reported","not reported","not reported","not reported","not reported","610206"
"Philippine Jungle Crow","Corvus philippinus","Corvus","Madge, S., C. Hansasuta, P. Pyle, S. M. Billerman, and G. M. Kirwan (2024). Philippine Jungle Crow (Corvus philippinus), version 1.0. In Birds of the World (B. K. Keeney, N. D. Sly, and M. G. Smith, Editors). Cornell Lab of Ornithology, Ithaca, NY, USA. https://doi.org/10.2173/bow.labcro15.01","yes","territorial pairs","no","3","not reported","Tobias, J. A., Sheard, C., Pigot, A. L., Devenish, A. J., Yang, J., Sayol, F., ... & Schleuning, M. (2022). AVONET: morphological, ecological and geographical data for all birds. Ecology Letters, 25(3), 581-597.","not reported","not reported","not reported","not reported","not reported","not reported","not reported","not reported","not reported","not reported","not reported","woodland","omnivore","generalist","not reported","not reported","not reported","not reported","not reported","not reported","generalist","not reported",0,0,"Şekercioğlu, Ç. H., Kittelberger, K. D., Mota, F. M., Buxton, A. N., Orton, N., DeNiro, A., ... & Neate-Clegg, M. H. (2025). BIRDBASE: a global dataset of avian biogeography, conservation, ecology and life history traits. Scientific Data, 12(1), 1558.","not reported","Indomalayan","Tropical","not reported","0.92081875395237522","platform","Tree","3","3","not reported","not reported","not reported","not reported","not reported","not reported"
"Palawan Crow","Corvus pusillus","Corvus","Madge, S. and D. A. Christie (2023). Palawan Crow (Corvus pusillus), version 1.0. In Birds of the World (B. K. Keeney, Editor). Cornell Lab of Ornithology, Ithaca, NY, USA. https://doi.org/10.2173/bow.slbcro7.01","yes","territorial pairs","no","not reported","not reported","Tobias, J. A., Sheard, C., Pigot, A. L., Devenish, A. J., Yang, J., Sayol, F., ... & Schleuning, M. (2022). AVONET: morphological, ecological and geographical data for all birds. Ecology Letters, 25(3), 581-597.","not reported","not reported","not reported","not reported","not reported","not reported","not reported","not reported","not reported","not reported","not reported","forest","omnivore","insessorial","not reported","not reported","not reported","not reported","not reported","not reported","not reported","4",0,0,"Şekercioğlu, Ç. H., Kittelberger, K. D., Mota, F. M., Buxton, A. N., Orton, N., DeNiro, A., ... & Neate-Clegg, M. H. (2025). BIRDBASE: a global dataset of avian biogeography, conservation, ecology and life history traits. Scientific Data, 12(1), 1558.","not reported","Indomalayan","Tropical","0","1.3979400086720377","not reported","not reported","not reported","not reported","not reported","not reported","not reported","not reported","not reported","not reported"
"Fan-tailed Raven","Corvus rhipidurus","Corvus","Madge, S. (2020). Fan-tailed Raven (Corvus rhipidurus), version 1.0. In Birds of the World (J. del Hoyo, A. Elliott, J. Sargatal, D. A. Christie, and E. de Juana, Editors). Cornell Lab of Ornithology, Ithaca, NY, USA. https://doi.org/10.2173/bow.fatrav1.01","yes","territorial pairs","no","not reported","not reported","Tobias, J. A., Sheard, C., Pigot, A. L., Devenish, A. J., Yang, J., Sayol, F., ... & Schleuning, M. (2022). AVONET: morphological, ecological and geographical data for all birds. Ecology Letters, 25(3), 581-597.","56.4","34.5","16.399999999999999","21.9","62","373.1","131.80000000000001","35.4","149.1","Tobias, J. A., Sheard, C., Pigot, A. L., Devenish, A. J., Yang, J., Sayol, F., ... & Schleuning, M. (2022). AVONET: morphological, ecological and geographical data for all birds. Ecology Letters, 25(3), 581-597.","611","grassland","omnivore","terrestrial","-1.05","32.340000000000003","13.86","37.619999999999997","2756382.95","9.0399999999999991","not reported","4",0,3,"Şekercioğlu, Ç. H., Kittelberger, K. D., Mota, F. M., Buxton, A. N., Orton, N., DeNiro, A., ... & Neate-Clegg, M. H. (2025). BIRDBASE: a global dataset of avian biogeography, conservation, ecology and life history traits. Scientific Data, 12(1), 1558.","least concern","Afrotropical, Palearctic","Tropical-Temperate","2830","0.69897000433601886","cup, bowl","Ground, Rock","2","6","not reported","18","20","35","40","3092965"
"Brown-necked Raven","Corvus ruficollis","Corvus","Madge, S. (2020). Brown-necked Raven (Corvus ruficollis), version 1.0. In Birds of the World (J. del Hoyo, A. Elliott, J. Sargatal, D. A. Christie, and E. de Juana, Editors). Cornell Lab of Ornithology, Ithaca, NY, USA. https://doi.org/10.2173/bow.brnrav1.01","yes","groups","yes","not reported","not reported","Tobias, J. A., Sheard, C., Pigot, A. L., Devenish, A. J., Yang, J., Sayol, F., ... & Schleuning, M. (2022). AVONET: morphological, ecological and geographical data for all birds. Ecology Letters, 25(3), 581-597.","67.7","41.5","17.100000000000001","22","66.099999999999994","385.5","177.4","45.7","191.8","Tobias, J. A., Sheard, C., Pigot, A. L., Devenish, A. J., Yang, J., Sayol, F., ... & Schleuning, M. (2022). AVONET: morphological, ecological and geographical data for all birds. Ecology Letters, 25(3), 581-597.","573.50","desert","omnivore","terrestrial","11.76","47.08","25.01","24.06","12915376.880000001","9.67","generalist","3",0,9,"Şekercioğlu, Ç. H., Kittelberger, K. D., Mota, F. M., Buxton, A. N., Orton, N., DeNiro, A., ... & Neate-Clegg, M. H. (2025). BIRDBASE: a global dataset of avian biogeography, conservation, ecology and life history traits. Scientific Data, 12(1), 1558.","least concern","Afrotropical, Palearctic","Tropical-Temperate","2000","0.52287874528033762","cup, bowl","Ground, Pole, Tree","1","7","female","18","23","35","38","10665008"
"Samar Crow","Corvus samarensis","Corvus","Madge, S. and D. A. Christie (2024). Samar Crow (Corvus samarensis), version 1.0. In Birds of the World (B. K. Keeney and S. M. Billerman, Editors). Cornell Lab of Ornithology, Ithaca, NY, USA. https://doi.org/10.2173/bow.slbcro6.01","yes","territorial pairs","no","not reported","not reported","Tobias, J. A., Sheard, C., Pigot, A. L., Devenish, A. J., Yang, J., Sayol, F., ... & Schleuning, M. (2022). AVONET: morphological, ecological and geographical data for all birds. Ecology Letters, 25(3), 581-597.","not reported","not reported","not reported","not reported","not reported","not reported","not reported","not reported","not reported","not reported","not reported","forest","omnivore","insessorial","not reported","not reported","not reported","not reported","not reported","not reported","not reported","4",0,0,"Şekercioğlu, Ç. H., Kittelberger, K. D., Mota, F. M., Buxton, A. N., Orton, N., DeNiro, A., ... & Neate-Clegg, M. H. (2025). BIRDBASE: a global dataset of avian biogeography, conservation, ecology and life history traits. Scientific Data, 12(1), 1558.","not reported","Indomalayan, Wallacea","Tropical","600","0.92081875395237522","cup, bowl","Tree","2","2","female","not reported","not reported","not reported","not reported","not reported"
"Sierra Madre Crow","Corvus sierramadrensis","Corvus","Madge, S. and D. A. Christie (2024). Sierra Madre Crow (Corvus sierramadrensis), version 1.0. In Birds of the World (B. K. Keeney and S. M. Billerman, Editors). Cornell Lab of Ornithology, Ithaca, NY, USA. https://doi.org/10.2173/bow.slbcro5.01","not reported","territorial pairs","no","not reported","not reported","Tobias, J. A., Sheard, C., Pigot, A. L., Devenish, A. J., Yang, J., Sayol, F., ... & Schleuning, M. (2022). AVONET: morphological, ecological and geographical data for all birds. Ecology Letters, 25(3), 581-597.","not reported","not reported","not reported","not reported","not reported","not reported","not reported","not reported","not reported","not reported","not reported","forest","omnivore","insessorial","not reported","not reported","not reported","not reported","not reported","not reported","not reported","4",0,0,"Şekercioğlu, Ç. H., Kittelberger, K. D., Mota, F. M., Buxton, A. N., Orton, N., DeNiro, A., ... & Neate-Clegg, M. H. (2025). BIRDBASE: a global dataset of avian biogeography, conservation, ecology and life history traits. Scientific Data, 12(1), 1558.","least concern","Indomalayan","Tropical","600","0.92081875395237522","cup, bowl","Tree","2","2","female","not reported","not reported","not reported","not reported","not reported"
"Sinaloa Crow","Corvus sinaloae","Corvus","Rodríguez-Flores, C. I., C. A. Soberanes-González, M. d. C. Arizmendi, G. M. Kirwan, and T. S. Schulenberg (2020). Sinaloa Crow (Corvus sinaloae), version 1.0. In Birds of the World (T. S. Schulenberg, Editor). Cornell Lab of Ornithology, Ithaca, NY, USA. https://doi.org/10.2173/bow.sincro1.01","no","territorial pairs","no","not reported","not reported","Tobias, J. A., Sheard, C., Pigot, A. L., Devenish, A. J., Yang, J., Sayol, F., ... & Schleuning, M. (2022). AVONET: morphological, ecological and geographical data for all birds. Ecology Letters, 25(3), 581-597.","43.5","28.8","12.3","13.1","40.6","248.4","89","35.9","152.6","Tobias, J. A., Sheard, C., Pigot, A. L., Devenish, A. J., Yang, J., Sayol, F., ... & Schleuning, M. (2022). AVONET: morphological, ecological and geographical data for all birds. Ecology Letters, 25(3), 581-597.","244","forest","omnivore","generalist","20.71","28.08","24.72","-106.93","95101.34","not reported","not reported","4",0,1,"Şekercioğlu, Ç. H., Kittelberger, K. D., Mota, F. M., Buxton, A. N., Orton, N., DeNiro, A., ... & Neate-Clegg, M. H. (2025). BIRDBASE: a global dataset of avian biogeography, conservation, ecology and life history traits. Scientific Data, 12(1), 1558.","not reported","Neotropical","Tropical-Temperate","1000","0.74472749489669388","not reported","Tree","4","5","not reported","not reported","not reported","not reported","not reported","2564697"
"House Crow","Corvus splendens","Corvus","Madge, S. (2020). House Crow (Corvus splendens), version 1.0. In Birds of the World (J. del Hoyo, A. Elliott, J. Sargatal, D. A. Christie, and E. de Juana, Editors). Cornell Lab of Ornithology, Ithaca, NY, USA. https://doi.org/10.2173/bow.houcro1.01","no","territorial pairs","no","not reported","not reported","Tobias, J. A., Sheard, C., Pigot, A. L., Devenish, A. J., Yang, J., Sayol, F., ... & Schleuning, M. (2022). AVONET: morphological, ecological and geographical data for all birds. Ecology Letters, 25(3), 581-597.","49.7","31.5","13.9","16.7","45.9","258.2","93.8","36.299999999999997","151.9","Tobias, J. A., Sheard, C., Pigot, A. L., Devenish, A. J., Yang, J., Sayol, F., ... & Schleuning, M. (2022). AVONET: morphological, ecological and geographical data for all birds. Ecology Letters, 25(3), 581-597.","292.55","human modified","omnivore","terrestrial","5.92","35.520000000000003","23.16","80.569999999999993","4469957.42","5.12","generalist","not reported",0,188,"Şekercioğlu, Ç. H., Kittelberger, K. D., Mota, F. M., Buxton, A. N., Orton, N., DeNiro, A., ... & Neate-Clegg, M. H. (2025). BIRDBASE: a global dataset of avian biogeography, conservation, ecology and life history traits. Scientific Data, 12(1), 1558.","least concern","Indomalayan","Tropical-Temperate","1600","0.69897000433601886","not reported","Building, Pole, Tree","4","5","female","16","17","21","28","41061217"
"Forest Raven","Corvus tasmanicus","Corvus","Debus, S. (2020). Forest Raven (Corvus tasmanicus), version 1.0. In Birds of the World (J. del Hoyo, A. Elliott, J. Sargatal, D. A. Christie, and E. de Juana, Editors). Cornell Lab of Ornithology, Ithaca, NY, USA. https://doi.org/10.2173/bow.forrav1.01","yes","territorial pairs","no","not reported","not reported","Tobias, J. A., Sheard, C., Pigot, A. L., Devenish, A. J., Yang, J., Sayol, F., ... & Schleuning, M. (2022). AVONET: morphological, ecological and geographical data for all birds. Ecology Letters, 25(3), 581-597.","63","40.5","15.4","19.2","61.9","344.4","134.1","38.799999999999997","190.3","Tobias, J. A., Sheard, C., Pigot, A. L., Devenish, A. J., Yang, J., Sayol, F., ... & Schleuning, M. (2022). AVONET: morphological, ecological and geographical data for all birds. Ecology Letters, 25(3), 581-597.","676.34","woodland","omnivore","generalist","-43.64","-28.71","-36.479999999999997","146.37","374479.03","not reported","generalist","3",0,8,"Şekercioğlu, Ç. H., Kittelberger, K. D., Mota, F. M., Buxton, A. N., Orton, N., DeNiro, A., ... & Neate-Clegg, M. H. (2025). BIRDBASE: a global dataset of avian biogeography, conservation, ecology and life history traits. Scientific Data, 12(1), 1558.","least concern","Australian","Temperate","1500","0.69897000433601886","cup, bowl","Rock, Tree","3","6","female","20","not reported","37","43","1915977"
"Collared Crow","Corvus torquatus","Corvus","Madge, S. (2020). Collared Crow (Corvus pectoralis), version 1.0. In Birds of the World (J. del Hoyo, A. Elliott, J. Sargatal, D. A. Christie, and E. de Juana, Editors). Cornell Lab of Ornithology, Ithaca, NY, USA. https://doi.org/10.2173/bow.colcro1.01","no","territorial pairs","not reported","not reported","not reported","Tobias, J. A., Sheard, C., Pigot, A. L., Devenish, A. J., Yang, J., Sayol, F., ... & Schleuning, M. (2022). AVONET: morphological, ecological and geographical data for all birds. Ecology Letters, 25(3), 581-597.","57","34.6","15.5","18.5","60.9","318","111.4","35.1","177.3","Tobias, J. A., Sheard, C., Pigot, A. L., Devenish, A. J., Yang, J., Sayol, F., ... & Schleuning, M. (2022). AVONET: morphological, ecological and geographical data for all birds. Ecology Letters, 25(3), 581-597.","470.53","shrubland","omnivore","terrestrial","18.100000000000001","40.82","29.49","113.94","2074732.63","not reported","not reported","5",0,0,"Şekercioğlu, Ç. H., Kittelberger, K. D., Mota, F. M., Buxton, A. N., Orton, N., DeNiro, A., ... & Neate-Clegg, M. H. (2025). BIRDBASE: a global dataset of avian biogeography, conservation, ecology and life history traits. Scientific Data, 12(1), 1558.","least concern","Nearctic","Temperate","not reported","not reported","not reported","not reported","not reported","not reported","not reported","not reported","not reported","not reported","not reported","1301809"
"Grey Crow","Corvus tristis","Corvus","Debus, S. (2020). Gray Crow (Corvus tristis), version 1.0. In Birds of the World (J. del Hoyo, A. Elliott, J. Sargatal, D. A. Christie, and E. de Juana, Editors). Cornell Lab of Ornithology, Ithaca, NY, USA. https://doi.org/10.2173/bow.grycro1.01","yes","territorial pairs","not reported","not reported","not reported","Tobias, J. A., Sheard, C., Pigot, A. L., Devenish, A. J., Yang, J., Sayol, F., ... & Schleuning, M. (2022). AVONET: morphological, ecological and geographical data for all birds. Ecology Letters, 25(3), 581-597.","65","43.2","19.2","24","56.4","324.7","98.6","30.4","234.4","Tobias, J. A., Sheard, C., Pigot, A. L., Devenish, A. J., Yang, J., Sayol, F., ... & Schleuning, M. (2022). AVONET: morphological, ecological and geographical data for all birds. Ecology Letters, 25(3), 581-597.","635","forest","frugivore","insessorial","-10.7","-0.34","-5.27","140.93","693202.25","10.65","not reported","5",0,3,"Şekercioğlu, Ç. H., Kittelberger, K. D., Mota, F. M., Buxton, A. N., Orton, N., DeNiro, A., ... & Neate-Clegg, M. H. (2025). BIRDBASE: a global dataset of avian biogeography, conservation, ecology and life history traits. Scientific Data, 12(1), 1558.","least concern","Australian","Tropical","1500","1.2218487496163564","cup, bowl","Tree","2","2","not reported","not reported","not reported","not reported","not reported","304131"
"Piping Crow","Corvus typicus","Corvus","Madge, S. (2020). Piping Crow (Corvus typicus), version 1.0. In Birds of the World (J. del Hoyo, A. Elliott, J. Sargatal, D. A. Christie, and E. de Juana, Editors). Cornell Lab of Ornithology, Ithaca, NY, USA. https://doi.org/10.2173/bow.pipcro1.01","no","territorial pairs","not reported","not reported","not reported","Tobias, J. A., Sheard, C., Pigot, A. L., Devenish, A. J., Yang, J., Sayol, F., ... & Schleuning, M. (2022). AVONET: morphological, ecological and geographical data for all birds. Ecology Letters, 25(3), 581-597.","45.8","28.5","13.7","16.899999999999999","42.6","207","57","27.5","110.2","Tobias, J. A., Sheard, C., Pigot, A. L., Devenish, A. J., Yang, J., Sayol, F., ... & Schleuning, M. (2022). AVONET: morphological, ecological and geographical data for all birds. Ecology Letters, 25(3), 581-597.","175","forest","invertivore","insessorial","-5.7","-1.0900000000000001","-3.18","120.87","104370.92","not reported","not reported","3",0,0,"Şekercioğlu, Ç. H., Kittelberger, K. D., Mota, F. M., Buxton, A. N., Orton, N., DeNiro, A., ... & Neate-Clegg, M. H. (2025). BIRDBASE: a global dataset of avian biogeography, conservation, ecology and life history traits. Scientific Data, 12(1), 1558.","critically endangered","Wallacea","Tropical","2150","1.3979400086720377","not reported","not reported","not reported","not reported","not reported","not reported","not reported","not reported","not reported","233149"
"Banggai Crow","Corvus unicolor","Corvus","Madge, S. and E. de Juana (2020). Banggai Crow (Corvus unicolor), version 1.0. In Birds of the World (J. del Hoyo, A. Elliott, J. Sargatal, D. A. Christie, and E. de Juana, Editors). Cornell Lab of Ornithology, Ithaca, NY, USA. https://doi.org/10.2173/bow.bancro1.01","no","territorial pairs","not reported","not reported","not reported","Tobias, J. A., Sheard, C., Pigot, A. L., Devenish, A. J., Yang, J., Sayol, F., ... & Schleuning, M. (2022). AVONET: morphological, ecological and geographical data for all birds. Ecology Letters, 25(3), 581-597.","46.4","30.5","14.2","16.899999999999999","43.8","201.2","60.1","29.9","104","Tobias, J. A., Sheard, C., Pigot, A. L., Devenish, A. J., Yang, J., Sayol, F., ... & Schleuning, M. (2022). AVONET: morphological, ecological and geographical data for all birds. Ecology Letters, 25(3), 581-597.","175","forest","omnivore","insessorial","-1.44","-1.24","-1.28","122.97","137.99","not reported","not reported","4",0,3,"Şekercioğlu, Ç. H., Kittelberger, K. D., Mota, F. M., Buxton, A. N., Orton, N., DeNiro, A., ... & Neate-Clegg, M. H. (2025). BIRDBASE: a global dataset of avian biogeography, conservation, ecology and life history traits. Scientific Data, 12(1), 1558.","least concern","Wallacea","Tropical","700","2","not reported","not reported","1","3","not reported","not reported","not reported","not reported","not reported","not reported"
"Long-billed Crow","Corvus validus","Corvus","Madge, S. and C. J. Sharpe (2020). Long-billed Crow (Corvus validus), version 1.0. In Birds of the World (J. del Hoyo, A. Elliott, J. Sargatal, D. A. Christie, and E. de Juana, Editors). Cornell Lab of Ornithology, Ithaca, NY, USA. https://doi.org/10.2173/bow.lobcro1.01","not reported","groups","not reported","not reported","not reported","Tobias, J. A., Sheard, C., Pigot, A. L., Devenish, A. J., Yang, J., Sayol, F., ... & Schleuning, M. (2022). AVONET: morphological, ecological and geographical data for all birds. Ecology Letters, 25(3), 581-597.","76.400000000000006","53.4","18","23.4","56.2","335.4","126.4","37.6","166.3","Tobias, J. A., Sheard, C., Pigot, A. L., Devenish, A. J., Yang, J., Sayol, F., ... & Schleuning, M. (2022). AVONET: morphological, ecological and geographical data for all birds. Ecology Letters, 25(3), 581-597.","300","forest","frugivore","insessorial","-1.74","2.65","0.64","127.98","24724.98","9.15","not reported","not reported",0,0,"Şekercioğlu, Ç. H., Kittelberger, K. D., Mota, F. M., Buxton, A. N., Orton, N., DeNiro, A., ... & Neate-Clegg, M. H. (2025). BIRDBASE: a global dataset of avian biogeography, conservation, ecology and life history traits. Scientific Data, 12(1), 1558.","least concern","Wallacea","Tropical","1150","2","not reported","not reported","not reported","not reported","not reported","not reported","not reported","not reported","not reported","12289"
"Violet Crow","Corvus violaceus","Corvus","del Hoyo, J., N. Collar, and D. A. Christie (2020). Violet Crow (Corvus violaceus), version 1.0. In Birds of the World (J. del Hoyo, A. Elliott, J. Sargatal, D. A. Christie, and E. de Juana, Editors). Cornell Lab of Ornithology, Ithaca, NY, USA. https://doi.org/10.2173/bow.slbcro3.01","no","territorial pairs","not reported","not reported","not reported","Tobias, J. A., Sheard, C., Pigot, A. L., Devenish, A. J., Yang, J., Sayol, F., ... & Schleuning, M. (2022). AVONET: morphological, ecological and geographical data for all birds. Ecology Letters, 25(3), 581-597.","49","32.1","15.8","17.899999999999999","45.5","245.7","78.8","32","133","Tobias, J. A., Sheard, C., Pigot, A. L., Devenish, A. J., Yang, J., Sayol, F., ... & Schleuning, M. (2022). AVONET: morphological, ecological and geographical data for all birds. Ecology Letters, 25(3), 581-597.","251","forest","omnivore","insessorial","-3.88","-2.78","-3.29","128.51","27245.48","not reported","not reported","3",0,0,"Şekercioğlu, Ç. H., Kittelberger, K. D., Mota, F. M., Buxton, A. N., Orton, N., DeNiro, A., ... & Neate-Clegg, M. H. (2025). BIRDBASE: a global dataset of avian biogeography, conservation, ecology and life history traits. Scientific Data, 12(1), 1558.","least concern","Wallacea","Tropical","1000","1.0969100130080565","not reported","not reported","2","2","female","not reported","not reported","not reported","not reported","not reported"
"White-billed Crow","Corvus woodfordi","Corvus","Debus, S. (2020). Guadalcanal Crow (Corvus woodfordi), version 1.0. In Birds of the World (J. del Hoyo, A. Elliott, J. Sargatal, D. A. Christie, and E. de Juana, Editors). Cornell Lab of Ornithology, Ithaca, NY, USA. https://doi.org/10.2173/bow.guacro1.01","no","not reported","not reported","not reported","not reported","Tobias, J. A., Sheard, C., Pigot, A. L., Devenish, A. J., Yang, J., Sayol, F., ... & Schleuning, M. (2022). AVONET: morphological, ecological and geographical data for all birds. Ecology Letters, 25(3), 581-597.","63.2","45.2","18.100000000000001","23.7","50.9","271.3","83.7","30.6","132.1","Tobias, J. A., Sheard, C., Pigot, A. L., Devenish, A. J., Yang, J., Sayol, F., ... & Schleuning, M. (2022). AVONET: morphological, ecological and geographical data for all birds. Ecology Letters, 25(3), 581-597.","467","forest","omnivore","insessorial","-9.9499999999999993","-6.59","-8.4499999999999993","159.03","13034.76","not reported","not reported","not reported",0,0,"Şekercioğlu, Ç. H., Kittelberger, K. D., Mota, F. M., Buxton, A. N., Orton, N., DeNiro, A., ... & Neate-Clegg, M. H. (2025). BIRDBASE: a global dataset of avian biogeography, conservation, ecology and life history traits. Scientific Data, 12(1), 1558.","near-threatened","Australian","Tropical","1000","1.3979400086720377","not reported","not reported","not reported","not reported","not reported","not reported","not reported","not reported","not reported","14243"
"Hooded Treepie","Crypsirina cucullata","Crypsirina","Madge, S. (2020). Hooded Treepie (Crypsirina cucullata), version 1.0. In Birds of the World (J. del Hoyo, A. Elliott, J. Sargatal, D. A. Christie, and E. de Juana, Editors). Cornell Lab of Ornithology, Ithaca, NY, USA. https://doi.org/10.2173/bow.hootre1.01","no","territorial pairs","no","not reported","not reported","Tobias, J. A., Sheard, C., Pigot, A. L., Devenish, A. J., Yang, J., Sayol, F., ... & Schleuning, M. (2022). AVONET: morphological, ecological and geographical data for all birds. Ecology Letters, 25(3), 581-597.","22","13.4","7.9","10.199999999999999","26.9","107.5","15.8","14.7","175.7","Tobias, J. A., Sheard, C., Pigot, A. L., Devenish, A. J., Yang, J., Sayol, F., ... & Schleuning, M. (2022). AVONET: morphological, ecological and geographical data for all birds. Ecology Letters, 25(3), 581-597.","132.50","forest","invertivore","insessorial","17.97","25.43","21.18","95.37","112222.33","not reported","not reported","not reported",0,0,"Şekercioğlu, Ç. H., Kittelberger, K. D., Mota, F. M., Buxton, A. N., Orton, N., DeNiro, A., ... & Neate-Clegg, M. H. (2025). BIRDBASE: a global dataset of avian biogeography, conservation, ecology and life history traits. Scientific Data, 12(1), 1558.","least concern","Indomalayan","Tropical-Temperate","not reported","1.5228787452803376","dome","Tree","2","4","not reported","not reported","not reported","not reported","not reported","55613"
"Racket-tailed Treepie","Crypsirina temia","Crypsirina","Madge, S. (2020). Racket-tailed Treepie (Crypsirina temia), version 1.0. In Birds of the World (J. del Hoyo, A. Elliott, J. Sargatal, D. A. Christie, and E. de Juana, Editors). Cornell Lab of Ornithology, Ithaca, NY, USA. https://doi.org/10.2173/bow.rattre1.01","no","territorial pairs","no","not reported","not reported","Tobias, J. A., Sheard, C., Pigot, A. L., Devenish, A. J., Yang, J., Sayol, F., ... & Schleuning, M. (2022). AVONET: morphological, ecological and geographical data for all birds. Ecology Letters, 25(3), 581-597.","28.2","19.2","9.8000000000000007","11.8","27.7","117.5","14.7","12.5","178.9","Tobias, J. A., Sheard, C., Pigot, A. L., Devenish, A. J., Yang, J., Sayol, F., ... & Schleuning, M. (2022). AVONET: morphological, ecological and geographical data for all birds. Ecology Letters, 25(3), 581-597.","129.50","forest","omnivore","insessorial","-8.85","22.51","14.19","103.52","1282466.77","1.74","not reported","5",0,2,"Şekercioğlu, Ç. H., Kittelberger, K. D., Mota, F. M., Buxton, A. N., Orton, N., DeNiro, A., ... & Neate-Clegg, M. H. (2025). BIRDBASE: a global dataset of avian biogeography, conservation, ecology and life history traits. Scientific Data, 12(1), 1558.","least concern","Indomalayan","Tropical","1000","1.2218487496163564","cup, bowl","Bamboo, Shrub","2","4","not reported","not reported","not reported","not reported","not reported","929265"
"Blue Jay","Cyanocitta cristata","Cyanocitta","Smith, K. G., K. A. Tarvin, and G. E. Woolfenden (2020). Blue Jay (Cyanocitta cristata), version 1.0. In Birds of the World (A. F. Poole, Editor). Cornell Lab of Ornithology, Ithaca, NY, USA. https://doi.org/10.2173/bow.blujay.01","no","territorial pairs","no","not reported","26","Tobias, J. A., Sheard, C., Pigot, A. L., Devenish, A. J., Yang, J., Sayol, F., ... & Schleuning, M. (2022). AVONET: morphological, ecological and geographical data for all birds. Ecology Letters, 25(3), 581-597.","29.9","18.600000000000001","10.1","8.9","34.700000000000003","130","22.9","17.399999999999999","121.4","Tobias, J. A., Sheard, C., Pigot, A. L., Devenish, A. J., Yang, J., Sayol, F., ... & Schleuning, M. (2022). AVONET: morphological, ecological and geographical data for all birds. Ecology Letters, 25(3), 581-597.","88","woodland","omnivore","terrestrial","24.53","56.76","43.18","-90.29","6665383.1600000001","2.48","specialist","18",1,33,"Şekercioğlu, Ç. H., Kittelberger, K. D., Mota, F. M., Buxton, A. N., Orton, N., DeNiro, A., ... & Neate-Clegg, M. H. (2025). BIRDBASE: a global dataset of avian biogeography, conservation, ecology and life history traits. Scientific Data, 12(1), 1558.","least concern","Nearctic","Temperate","1000","1.045757490560675","cup, bowl; platform","Building, Shrub, Tree","2","7","female","17","18","17","21","47457226"
"Steller's Jay","Cyanocitta stelleri","Cyanocitta","Walker, L. E., P. Pyle, M. A. Patten, E. Greene, W. Davison, and V. R. Muehter (2020). Steller's Jay (Cyanocitta stelleri), version 1.0. In Birds of the World (P. G. Rodewald, Editor). Cornell Lab of Ornithology, Ithaca, NY, USA. https://doi.org/10.2173/bow.stejay.01","no","territorial pairs","no","1","16","Tobias, J. A., Sheard, C., Pigot, A. L., Devenish, A. J., Yang, J., Sayol, F., ... & Schleuning, M. (2022). AVONET: morphological, ecological and geographical data for all birds. Ecology Letters, 25(3), 581-597.","33.700000000000003","21.1","10.199999999999999","9.5","43","145.80000000000001","20","13.6","133.19999999999999","Tobias, J. A., Sheard, C., Pigot, A. L., Devenish, A. J., Yang, J., Sayol, F., ... & Schleuning, M. (2022). AVONET: morphological, ecological and geographical data for all birds. Ecology Letters, 25(3), 581-597.","128","forest","omnivore","insessorial","12.8","61.65","41.95","-116.24","3560822.24","3.7","specialist","16",1,14,"Şekercioğlu, Ç. H., Kittelberger, K. D., Mota, F. M., Buxton, A. N., Orton, N., DeNiro, A., ... & Neate-Clegg, M. H. (2025). BIRDBASE: a global dataset of avian biogeography, conservation, ecology and life history traits. Scientific Data, 12(1), 1558.","least concern","Neotropical, Neacrtic","Tropical-Temperate","3500","0.92081875395237522","platform","Building, Tree","2","6","female","16","not reported","16","not reported","3306513"
"Black-chested Jay","Cyanocorax affinis","Cyanocorax","dos Anjos, L. (2020). Black-chested Jay (Cyanocorax affinis), version 1.0. In Birds of the World (J. del Hoyo, A. Elliott, J. Sargatal, D. A. Christie, and E. de Juana, Editors). Cornell Lab of Ornithology, Ithaca, NY, USA. https://doi.org/10.2173/bow.blcjay1.01","no","territorial pairs","not reported","not reported","not reported","Tobias, J. A., Sheard, C., Pigot, A. L., Devenish, A. J., Yang, J., Sayol, F., ... & Schleuning, M. (2022). AVONET: morphological, ecological and geographical data for all birds. Ecology Letters, 25(3), 581-597.","38.4","23.1","12.2","13.5","50.1","167.8","17.100000000000001","10.199999999999999","160","Tobias, J. A., Sheard, C., Pigot, A. L., Devenish, A. J., Yang, J., Sayol, F., ... & Schleuning, M. (2022). AVONET: morphological, ecological and geographical data for all birds. Ecology Letters, 25(3), 581-597.","212","forest","frugivore","insessorial","1.94","12.46","8.39","-74.709999999999994","473163.74","3.46","not reported","4",1,0,"Şekercioğlu, Ç. H., Kittelberger, K. D., Mota, F. M., Buxton, A. N., Orton, N., DeNiro, A., ... & Neate-Clegg, M. H. (2025). BIRDBASE: a global dataset of avian biogeography, conservation, ecology and life history traits. Scientific Data, 12(1), 1558.","least concern","Neotropical","Tropical","2600","0.92081875395237522","not reported","Tree","3","5","not reported","not reported","not reported","not reported","not reported","1466609"
"Purplish-backed Jay","Cyanocorax beecheii","Cyanocorax","Power, L. and C. K. Ghalambor (2020). Purplish-backed Jay (Cyanocorax beecheii), version 1.0. In Birds of the World (T. S. Schulenberg, Editor). Cornell Lab of Ornithology, Ithaca, NY, USA. https://doi.org/10.2173/bow.pubjay1.01","yes","groups","yes","15","not reported","Tobias, J. A., Sheard, C., Pigot, A. L., Devenish, A. J., Yang, J., Sayol, F., ... & Schleuning, M. (2022). AVONET: morphological, ecological and geographical data for all birds. Ecology Letters, 25(3), 581-597.","41.6","26.5","13.1","14.5","52.1","171","21.1","12.3","189","Tobias, J. A., Sheard, C., Pigot, A. L., Devenish, A. J., Yang, J., Sayol, F., ... & Schleuning, M. (2022). AVONET: morphological, ecological and geographical data for all birds. Ecology Letters, 25(3), 581-597.","193","forest","omnivore","insessorial","21.48","28.51","25.28","-107.27","86050.25","3.2189999999999999","not reported","5",0,0,"Şekercioğlu, Ç. H., Kittelberger, K. D., Mota, F. M., Buxton, A. N., Orton, N., DeNiro, A., ... & Neate-Clegg, M. H. (2025). BIRDBASE: a global dataset of avian biogeography, conservation, ecology and life history traits. Scientific Data, 12(1), 1558.","least concern","Neotropical","Tropical-Temperate","600","0.82390874094431876","platform","Tree","3","6","female","18","19","22","25","100401"
"Cayenne Jay","Cyanocorax cayanus","Cyanocorax","Kumar, A. V. (2020). Cayenne Jay (Cyanocorax cayanus), version 1.0. In Birds of the World (T. S. Schulenberg, Editor). Cornell Lab of Ornithology, Ithaca, NY, USA. https://doi.org/10.2173/bow.cayjay1.01","no","groups","yes","not reported","not reported","Tobias, J. A., Sheard, C., Pigot, A. L., Devenish, A. J., Yang, J., Sayol, F., ... & Schleuning, M. (2022). AVONET: morphological, ecological and geographical data for all birds. Ecology Letters, 25(3), 581-597.","34.1","20.8","11.5","13.1","49.3","158.4","11","6.9","154.19999999999999","Tobias, J. A., Sheard, C., Pigot, A. L., Devenish, A. J., Yang, J., Sayol, F., ... & Schleuning, M. (2022). AVONET: morphological, ecological and geographical data for all birds. Ecology Letters, 25(3), 581-597.","175","shrubland","omnivore","insessorial","-3.19","8.6300000000000008","2.87","-57.7","1160987.21","not reported","not reported","5",0,1,"Şekercioğlu, Ç. H., Kittelberger, K. D., Mota, F. M., Buxton, A. N., Orton, N., DeNiro, A., ... & Neate-Clegg, M. H. (2025). BIRDBASE: a global dataset of avian biogeography, conservation, ecology and life history traits. Scientific Data, 12(1), 1558.","least concern","Neotropical","Tropical","1100","1.3979400086720377","cup, bowl","Tree","4","4","not reported","not reported","not reported","not reported","not reported","491168"
"Plush-crested Jay","Cyanocorax chrysops","Cyanocorax","Reich, S. K. (2020). Plush-crested Jay (Cyanocorax chrysops), version 1.0. In Birds of the World (T. S. Schulenberg, Editor). Cornell Lab of Ornithology, Ithaca, NY, USA. https://doi.org/10.2173/bow.plcjay1.01","no","territorial pairs","not reported","not reported","37","Tobias, J. A., Sheard, C., Pigot, A. L., Devenish, A. J., Yang, J., Sayol, F., ... & Schleuning, M. (2022). AVONET: morphological, ecological and geographical data for all birds. Ecology Letters, 25(3), 581-597.","36","22.6","10.9","12.7","47.5","155.1","15.6","10.1","163.5","Tobias, J. A., Sheard, C., Pigot, A. L., Devenish, A. J., Yang, J., Sayol, F., ... & Schleuning, M. (2022). AVONET: morphological, ecological and geographical data for all birds. Ecology Letters, 25(3), 581-597.","166","forest","invertivore","insessorial","-33.69","-2.48","-21.69","-57.57","2883955.96","3.54","generalist","15",1,1,"Şekercioğlu, Ç. H., Kittelberger, K. D., Mota, F. M., Buxton, A. N., Orton, N., DeNiro, A., ... & Neate-Clegg, M. H. (2025). BIRDBASE: a global dataset of avian biogeography, conservation, ecology and life history traits. Scientific Data, 12(1), 1558.","near-threatened","Neotropical","Tropical-Temperate","1500","0.79588001734407521","cup, bowl","Tree","2","7","not reported","18","20","22","24","4900369"
"Azure Jay","Cyanocorax coeruleus","Cyanocorax","Brady, S. (2020). Azure Jay (Cyanocorax caeruleus), version 1.0. In Birds of the World (T. S. Schulenberg, Editor). Cornell Lab of Ornithology, Ithaca, NY, USA. https://doi.org/10.2173/bow.azujay1.01","no","communal nests","yes","not reported","not reported","Brady, S. (2020). Azure Jay (Cyanocorax caeruleus), version 1.0. In Birds of the World (T. S. Schulenberg, Editor). Cornell Lab of Ornithology, Ithaca, NY, USA. https://doi.org/10.2173/bow.azujay1.01","44","not reported","not reported","not reported","47","205","not reported","not reported","168","Tobias, J. A., Sheard, C., Pigot, A. L., Devenish, A. J., Yang, J., Sayol, F., ... & Schleuning, M. (2022). AVONET: morphological, ecological and geographical data for all birds. Ecology Letters, 25(3), 581-597.","272","not reported","not reported","not reported","not reported","not reported","not reported","not reported","not reported","4.78","not reported","14",1,1,"Şekercioğlu, Ç. H., Kittelberger, K. D., Mota, F. M., Buxton, A. N., Orton, N., DeNiro, A., ... & Neate-Clegg, M. H. (2025). BIRDBASE: a global dataset of avian biogeography, conservation, ecology and life history traits. Scientific Data, 12(1), 1558.","least concern","Neotropical","Tropical","1000","1.5228787452803376","cup, bowl","Tree","4","4","not reported","17","21","18","not reported","446590"
"Black-throated Magpie-Jay","Cyanocorax colliei","Cyanocorax","dos Anjos, L. and E. de Juana (2020). Black-throated Magpie-Jay (Calocitta colliei), version 1.0. In Birds of the World (J. del Hoyo, A. Elliott, J. Sargatal, D. A. Christie, and E. de Juana, Editors). Cornell Lab of Ornithology, Ithaca, NY, USA. https://doi.org/10.2173/bow.btmjay.01","no","communal nests","yes","13","not reported","Tobias, J. A., Sheard, C., Pigot, A. L., Devenish, A. J., Yang, J., Sayol, F., ... & Schleuning, M. (2022). AVONET: morphological, ecological and geographical data for all birds. Ecology Letters, 25(3), 581-597.","not reported","not reported","not reported","not reported","not reported","not reported","not reported","not reported","not reported","del Hoyo, J., A.Elliott, and Christie, D.A. 2009. Handbook of the birds of the world. Vol. 14. Bush-shrikes to Old World Sparrows. Lynx Edicions, Barcelona.","238","forest","omnivore","terrestrial","not reported","not reported","not reported","not reported","not reported","not reported","generalist","6",1,2,"Şekercioğlu, Ç. H., Kittelberger, K. D., Mota, F. M., Buxton, A. N., Orton, N., DeNiro, A., ... & Neate-Clegg, M. H. (2025). BIRDBASE: a global dataset of avian biogeography, conservation, ecology and life history traits. Scientific Data, 12(1), 1558.","least concern","Neotropical","Tropical-Temperate","1800","1.2218487496163564","cup, bowl","Tree","1","7","female","not reported","not reported","not reported","not reported","1905422"
"Curl-crested Jay","Cyanocorax cristatellus","Cyanocorax","Baran, M. A. (2020). Curl-crested Jay (Cyanocorax cristatellus), version 1.0. In Birds of the World (T. S. Schulenberg, Editor). Cornell Lab of Ornithology, Ithaca, NY, USA. https://doi.org/10.2173/bow.cucjay1.01","no","groups","yes","not reported","not reported","Tobias, J. A., Sheard, C., Pigot, A. L., Devenish, A. J., Yang, J., Sayol, F., ... & Schleuning, M. (2022). AVONET: morphological, ecological and geographical data for all birds. Ecology Letters, 25(3), 581-597.","38.200000000000003","24.2","12.5","14.7","47.1","194.6","39.799999999999997","20.399999999999999","137.4","Tobias, J. A., Sheard, C., Pigot, A. L., Devenish, A. J., Yang, J., Sayol, F., ... & Schleuning, M. (2022). AVONET: morphological, ecological and geographical data for all birds. Ecology Letters, 25(3), 581-597.","178","woodland","omnivore","insessorial","-24.21","-6.69","-15.4","-49.99","3037012.19","3.92","non cacher","4",0,0,"Şekercioğlu, Ç. H., Kittelberger, K. D., Mota, F. M., Buxton, A. N., Orton, N., DeNiro, A., ... & Neate-Clegg, M. H. (2025). BIRDBASE: a global dataset of avian biogeography, conservation, ecology and life history traits. Scientific Data, 12(1), 1558.","least concern","Neotropical","Tropical","500","1.3010299956639813","cup, bowl","Tree","5","6","female","18","20","24","not reported","864484"
"Purplish Jay","Cyanocorax cyanomelas","Cyanocorax","Molfetto, D. (2020). Purplish Jay (Cyanocorax cyanomelas), version 1.0. In Birds of the World (T. S. Schulenberg, Editor). Cornell Lab of Ornithology, Ithaca, NY, USA. https://doi.org/10.2173/bow.purjay1.01","no","not reported","not reported","not reported","not reported","Tobias, J. A., Sheard, C., Pigot, A. L., Devenish, A. J., Yang, J., Sayol, F., ... & Schleuning, M. (2022). AVONET: morphological, ecological and geographical data for all birds. Ecology Letters, 25(3), 581-597.","38.200000000000003","22.6","12.1","14.2","47.5","187.6","28.2","15","162.6","Tobias, J. A., Sheard, C., Pigot, A. L., Devenish, A. J., Yang, J., Sayol, F., ... & Schleuning, M. (2022). AVONET: morphological, ecological and geographical data for all birds. Ecology Letters, 25(3), 581-597.","207","woodland","omnivore","insessorial","-31.64","-12.19","-19.62","-59.83","1680479.72","3.93","not reported","4",0,0,"Şekercioğlu, Ç. H., Kittelberger, K. D., Mota, F. M., Buxton, A. N., Orton, N., DeNiro, A., ... & Neate-Clegg, M. H. (2025). BIRDBASE: a global dataset of avian biogeography, conservation, ecology and life history traits. Scientific Data, 12(1), 1558.","least concern","Neotropical","Tropical-Temperate","2000","1.045757490560675","not reported","Tree","2","6","not reported","not reported","not reported","not reported","not reported","2404396"
"White-naped Jay","Cyanocorax cyanopogon","Cyanocorax","dos Anjos, L. (2020). White-naped Jay (Cyanocorax cyanopogon), version 1.0. In Birds of the World (J. del Hoyo, A. Elliott, J. Sargatal, D. A. Christie, and E. de Juana, Editors). Cornell Lab of Ornithology, Ithaca, NY, USA. https://doi.org/10.2173/bow.whnjay1.01; and Sick, H. (1993). Birds in Brazil: a natural history","no","groups","not reported","not reported","not reported","Tobias, J. A., Sheard, C., Pigot, A. L., Devenish, A. J., Yang, J., Sayol, F., ... & Schleuning, M. (2022). AVONET: morphological, ecological and geographical data for all birds. Ecology Letters, 25(3), 581-597.","34.5","19.399999999999999","10.1","11.5","45","141.69999999999999","12.6","8.8000000000000007","149.6","Tobias, J. A., Sheard, C., Pigot, A. L., Devenish, A. J., Yang, J., Sayol, F., ... & Schleuning, M. (2022). AVONET: morphological, ecological and geographical data for all birds. Ecology Letters, 25(3), 581-597.","146","woodland","omnivore","generalist","-22.6","-2.2000000000000002","-11.5","-45.07","3068149.17","2.37","not reported","14",1,0,"Şekercioğlu, Ç. H., Kittelberger, K. D., Mota, F. M., Buxton, A. N., Orton, N., DeNiro, A., ... & Neate-Clegg, M. H. (2025). BIRDBASE: a global dataset of avian biogeography, conservation, ecology and life history traits. Scientific Data, 12(1), 1558.","near-threatened","Neotropical","Tropical","700","0.82390874094431876","not reported","not reported","1","3","not reported","17","not reported","not reported","not reported","2321356"
"Tufted Jay","Cyanocorax dickeyi","Cyanocorax","Kittelson, M. and C. K. Ghalambor (2020). Tufted Jay (Cyanocorax dickeyi), version 1.0. In Birds of the World (T. S. Schulenberg, Editor). Cornell Lab of Ornithology, Ithaca, NY, USA. https://doi.org/10.2173/bow.tufjay1.01","no","groups","yes","15","not reported","Tobias, J. A., Sheard, C., Pigot, A. L., Devenish, A. J., Yang, J., Sayol, F., ... & Schleuning, M. (2022). AVONET: morphological, ecological and geographical data for all birds. Ecology Letters, 25(3), 581-597.","39","24.2","11.1","12.5","47.4","173","15.6","9","161.19999999999999","Tobias, J. A., Sheard, C., Pigot, A. L., Devenish, A. J., Yang, J., Sayol, F., ... & Schleuning, M. (2022). AVONET: morphological, ecological and geographical data for all birds. Ecology Letters, 25(3), 581-597.","181","forest","omnivore","insessorial","22.28","24.53","23.4","-105.48","13431.36","not reported","unclassified","10",1,4,"Şekercioğlu, Ç. H., Kittelberger, K. D., Mota, F. M., Buxton, A. N., Orton, N., DeNiro, A., ... & Neate-Clegg, M. H. (2025). BIRDBASE: a global dataset of avian biogeography, conservation, ecology and life history traits. Scientific Data, 12(1), 1558.","least concern","Neotropical","Tropical","600","0.74472749489669388","not reported","Tree","2","5","female","18","19","24","not reported","1414"
"White-throated Magpie-Jay","Cyanocorax formosus","Cyanocorax","dos Anjos, L. (2020). White-throated Magpie-Jay (Calocitta formosa), version 1.0. In Birds of the World (J. del Hoyo, A. Elliott, J. Sargatal, D. A. Christie, and E. de Juana, Editors). Cornell Lab of Ornithology, Ithaca, NY, USA. https://doi.org/10.2173/bow.wtmjay1.01","no","communal nests","yes","13","not reported","Tobias, J. A., Sheard, C., Pigot, A. L., Devenish, A. J., Yang, J., Sayol, F., ... & Schleuning, M. (2022). AVONET: morphological, ecological and geographical data for all birds. Ecology Letters, 25(3), 581-597.","not reported","not reported","not reported","not reported","not reported","not reported","not reported","not reported","not reported","del Hoyo, J., A.Elliott, and Christie, D.A. 2009. Handbook of the birds of the world. Vol. 14. Bush-shrikes to Old World Sparrows. Lynx Edicions, Barcelona.","209","forest","omnivore","terrestrial","not reported","not reported","not reported","not reported","not reported","5.01","non cacher","13",0,10,"Şekercioğlu, Ç. H., Kittelberger, K. D., Mota, F. M., Buxton, A. N., Orton, N., DeNiro, A., ... & Neate-Clegg, M. H. (2025). BIRDBASE: a global dataset of avian biogeography, conservation, ecology and life history traits. Scientific Data, 12(1), 1558.","least concern","Neotropical","Tropical","1400","0.6020599913279624","cup, bowl","Tree","3","4","female","20","not reported","23","not reported","2891247"
"Azure-naped Jay","Cyanocorax heilprini","Cyanocorax","Greeney, H. F., L. dos Anjos, J. del Hoyo, G. M. Kirwan, and N. Collar (2021). Azure-naped Jay (Cyanocorax heilprini), version 2.0. In Birds of the World (B. K. Keeney, Editor). Cornell Lab of Ornithology, Ithaca, NY, USA. https://doi.org/10.2173/bow.aznjay1.02","no","groups","yes","not reported","not reported","Tobias, J. A., Sheard, C., Pigot, A. L., Devenish, A. J., Yang, J., Sayol, F., ... & Schleuning, M. (2022). AVONET: morphological, ecological and geographical data for all birds. Ecology Letters, 25(3), 581-597.","33.9","19.8","11.2","12.7","49.3","163.19999999999999","16.8","10.3","155.5","Tobias, J. A., Sheard, C., Pigot, A. L., Devenish, A. J., Yang, J., Sayol, F., ... & Schleuning, M. (2022). AVONET: morphological, ecological and geographical data for all birds. Ecology Letters, 25(3), 581-597.","172","forest","omnivore","insessorial","0.06","5.8","2.5099999999999998","-67.709999999999994","140727.06","not reported","not reported","6",0,0,"Şekercioğlu, Ç. H., Kittelberger, K. D., Mota, F. M., Buxton, A. N., Orton, N., DeNiro, A., ... & Neate-Clegg, M. H. (2025). BIRDBASE: a global dataset of avian biogeography, conservation, ecology and life history traits. Scientific Data, 12(1), 1558.","not reported","Neotropical","Tropical","150","1.045757490560675","half cup, shallow; platform","not reported","not reported","not reported","not reported","not reported","not reported","not reported","not reported","407324"
"Bushy-crested Jay","Cyanocorax melanocyaneus","Cyanocorax","Molfetto, D. (2020). Bushy-crested Jay (Cyanocorax melanocyaneus), version 1.0. In Birds of the World (T. S. Schulenberg, Editor). Cornell Lab of Ornithology, Ithaca, NY, USA. https://doi.org/10.2173/bow.bucjay1.01","no","groups","yes","not reported","not reported","Tobias, J. A., Sheard, C., Pigot, A. L., Devenish, A. J., Yang, J., Sayol, F., ... & Schleuning, M. (2022). AVONET: morphological, ecological and geographical data for all birds. Ecology Letters, 25(3), 581-597.","33.4","19.399999999999999","10.6","11.3","40.700000000000003","136.19999999999999","12.7","9.4","151.9","Tobias, J. A., Sheard, C., Pigot, A. L., Devenish, A. J., Yang, J., Sayol, F., ... & Schleuning, M. (2022). AVONET: morphological, ecological and geographical data for all birds. Ecology Letters, 25(3), 581-597.","101","forest","invertivore","insessorial","12.76","15.95","14.64","-88.46","123771.88","2.5299999999999998","not reported","6",0,0,"Şekercioğlu, Ç. H., Kittelberger, K. D., Mota, F. M., Buxton, A. N., Orton, N., DeNiro, A., ... & Neate-Clegg, M. H. (2025). BIRDBASE: a global dataset of avian biogeography, conservation, ecology and life history traits. Scientific Data, 12(1), 1558.","least concern","Neotropical","Tropical","1800","0.92081875395237522","not reported","Tree","3","4","female","not reported","not reported","not reported","not reported","629743"
"Brown Jay","Cyanocorax morio","Cyanocorax","Jones, M. F. (2020). Brown Jay (Psilorhinus morio), version 1.0. In Birds of the World (T. S. Schulenberg, Editor). Cornell Lab of Ornithology, Ithaca, NY, USA. https://doi.org/10.2173/bow.brnjay.01","no","groups","yes","24","not reported","Jones, M. F. (2020). Brown Jay (Psilorhinus morio), version 1.0. In Birds of the World (T. S. Schulenberg, Editor). Cornell Lab of Ornithology, Ithaca, NY, USA. https://doi.org/10.2173/bow.brnjay.01","27.45","not reported","not reported","not reported","50.25","205.25","not reported","not reported","213.6","del Hoyo, J., A.Elliott, and Christie, D.A. 2009. Handbook of the birds of the world. Vol. 14. Bush-shrikes to Old World Sparrows. Lynx Edicions, Barcelona.","199","not reported","not reported","not reported","not reported","not reported","not reported","not reported","not reported","not reported","not reported","3",0,6,"Şekercioğlu, Ç. H., Kittelberger, K. D., Mota, F. M., Buxton, A. N., Orton, N., DeNiro, A., ... & Neate-Clegg, M. H. (2025). BIRDBASE: a global dataset of avian biogeography, conservation, ecology and life history traits. Scientific Data, 12(1), 1558.","least concern","Neotropical, Neacrtic","Tropical-Temperate","2500","0.79588001734407521","not reported","Tree","2","8","not reported","18","20","18","22","2644335"
"White-tailed Jay","Cyanocorax mystacalis","Cyanocorax","dos Anjos, L. (2020). White-tailed Jay (Cyanocorax mystacalis), version 1.0. In Birds of the World (J. del Hoyo, A. Elliott, J. Sargatal, D. A. Christie, and E. de Juana, Editors). Cornell Lab of Ornithology, Ithaca, NY, USA. https://doi.org/10.2173/bow.whtjay2.01","no","territorial pairs","not reported","not reported","not reported","Tobias, J. A., Sheard, C., Pigot, A. L., Devenish, A. J., Yang, J., Sayol, F., ... & Schleuning, M. (2022). AVONET: morphological, ecological and geographical data for all birds. Ecology Letters, 25(3), 581-597.","36.5","22.1","10.6","12.5","45.6","143.4","12.6","8.6999999999999993","138","Tobias, J. A., Sheard, C., Pigot, A. L., Devenish, A. J., Yang, J., Sayol, F., ... & Schleuning, M. (2022). AVONET: morphological, ecological and geographical data for all birds. Ecology Letters, 25(3), 581-597.","154.40","woodland","omnivore","insessorial","-8.01","-1.1100000000000001","-4.55","-80.17","81043.679999999993","not reported","not reported","not reported",0,1,"Şekercioğlu, Ç. H., Kittelberger, K. D., Mota, F. M., Buxton, A. N., Orton, N., DeNiro, A., ... & Neate-Clegg, M. H. (2025). BIRDBASE: a global dataset of avian biogeography, conservation, ecology and life history traits. Scientific Data, 12(1), 1558.","least concern","Neotropical","Tropical","2600","0.69897000433601886","not reported","Tree","not reported","not reported","not reported","not reported","not reported","not reported","not reported","415596"
"San Blas Jay","Cyanocorax sanblasianus","Cyanocorax","Adams, K. (2020). San Blas Jay (Cyanocorax sanblasianus), version 1.0. In Birds of the World (T. S. Schulenberg, Editor). Cornell Lab of Ornithology, Ithaca, NY, USA. https://doi.org/10.2173/bow.sabjay.01","no","groups","yes","not reported","15","Tobias, J. A., Sheard, C., Pigot, A. L., Devenish, A. J., Yang, J., Sayol, F., ... & Schleuning, M. (2022). AVONET: morphological, ecological and geographical data for all birds. Ecology Letters, 25(3), 581-597.","35.6","21.5","10.9","13","41.6","139.9","15.5","11.2","148.4","Tobias, J. A., Sheard, C., Pigot, A. L., Devenish, A. J., Yang, J., Sayol, F., ... & Schleuning, M. (2022). AVONET: morphological, ecological and geographical data for all birds. Ecology Letters, 25(3), 581-597.","109","forest","omnivore","insessorial","16.68","21.47","18.93","-103.01","67589.94","3.06","not reported","7",0,2,"Şekercioğlu, Ç. H., Kittelberger, K. D., Mota, F. M., Buxton, A. N., Orton, N., DeNiro, A., ... & Neate-Clegg, M. H. (2025). BIRDBASE: a global dataset of avian biogeography, conservation, ecology and life history traits. Scientific Data, 12(1), 1558.","least concern","Neotropical","Tropical","1200","0.69897000433601886","not reported","Tree","3","4","not reported","17","18","18","20","1212994"
"Violaceous Jay","Cyanocorax violaceus","Cyanocorax","Potter, A. B. (2020). Violaceous Jay (Cyanocorax violaceus), version 1.0. In Birds of the World (T. S. Schulenberg, Editor). Cornell Lab of Ornithology, Ithaca, NY, USA. https://doi.org/10.2173/bow.viojay1.01","no","groups","not reported","not reported","not reported","Tobias, J. A., Sheard, C., Pigot, A. L., Devenish, A. J., Yang, J., Sayol, F., ... & Schleuning, M. (2022). AVONET: morphological, ecological and geographical data for all birds. Ecology Letters, 25(3), 581-597.","39","24.9","12.6","14.6","48","193.6","28.5","14.8","163.80000000000001","Tobias, J. A., Sheard, C., Pigot, A. L., Devenish, A. J., Yang, J., Sayol, F., ... & Schleuning, M. (2022). AVONET: morphological, ecological and geographical data for all birds. Ecology Letters, 25(3), 581-597.","262","forest","omnivore","insessorial","-14.77","10.07","-1.78","-69.31","3381230.34","4.67","not reported","6",0,0,"Şekercioğlu, Ç. H., Kittelberger, K. D., Mota, F. M., Buxton, A. N., Orton, N., DeNiro, A., ... & Neate-Clegg, M. H. (2025). BIRDBASE: a global dataset of avian biogeography, conservation, ecology and life history traits. Scientific Data, 12(1), 1558.","least concern","Neotropical","Tropical","1100","0.92081875395237522","not reported","Tree","5","5","not reported","not reported","not reported","not reported","not reported","2618557"
"Green Jay","Cyanocorax yncas","Cyanocorax","Gayou, D. C. (2020). Green Jay (Cyanocorax yncas), version 1.0. In Birds of the World (A. F. Poole and F. B. Gill, Editors). Cornell Lab of Ornithology, Ithaca, NY, USA. https://doi.org/10.2173/bow.grnjay.01","no","groups","facultative","12","10.5","Tobias, J. A., Sheard, C., Pigot, A. L., Devenish, A. J., Yang, J., Sayol, F., ... & Schleuning, M. (2022). AVONET: morphological, ecological and geographical data for all birds. Ecology Letters, 25(3), 581-597.","29.6","16.2","9.3000000000000007","9.9","38.700000000000003","121.5","9.5","7.8","139.30000000000001","Tobias, J. A., Sheard, C., Pigot, A. L., Devenish, A. J., Yang, J., Sayol, F., ... & Schleuning, M. (2022). AVONET: morphological, ecological and geographical data for all birds. Ecology Letters, 25(3), 581-597.","78.50","forest","omnivore","insessorial","-17.71","28.31","10.8","-84.26","1092392.74","2.39","not reported","7",1,3,"Şekercioğlu, Ç. H., Kittelberger, K. D., Mota, F. M., Buxton, A. N., Orton, N., DeNiro, A., ... & Neate-Clegg, M. H. (2025). BIRDBASE: a global dataset of avian biogeography, conservation, ecology and life history traits. Scientific Data, 12(1), 1558.","least concern","Neotropical, Neacrtic","Tropical-Temperate","2100","0.69897000433601886","half cup, shallow","Shrub, Tree","2","6","female","17","not reported","17","22","1599865"
"Yucatan Jay","Cyanocorax yucatanicus","Cyanocorax","Duvall, A. and G. M. Kirwan (2020). Yucatan Jay (Cyanocorax yucatanicus), version 1.0. In Birds of the World (S. M. Billerman, B. K. Keeney, P. G. Rodewald, and T. S. Schulenberg, Editors). Cornell Lab of Ornithology, Ithaca, NY, USA. https://doi.org/10.2173/bow.yucjay1.01","no","groups","yes","not reported","not reported","Tobias, J. A., Sheard, C., Pigot, A. L., Devenish, A. J., Yang, J., Sayol, F., ... & Schleuning, M. (2022). AVONET: morphological, ecological and geographical data for all birds. Ecology Letters, 25(3), 581-597.","35.9","22.6","11.3","12.7","41.8","141.9","17.600000000000001","12.4","171.1","Tobias, J. A., Sheard, C., Pigot, A. L., Devenish, A. J., Yang, J., Sayol, F., ... & Schleuning, M. (2022). AVONET: morphological, ecological and geographical data for all birds. Ecology Letters, 25(3), 581-597.","118","woodland","omnivore","insessorial","17.05","21.61","19.16","-89.66","187835.71","not reported","not reported","12",1,1,"Şekercioğlu, Ç. H., Kittelberger, K. D., Mota, F. M., Buxton, A. N., Orton, N., DeNiro, A., ... & Neate-Clegg, M. H. (2025). BIRDBASE: a global dataset of avian biogeography, conservation, ecology and life history traits. Scientific Data, 12(1), 1558.","least concern","Neotropical","Tropical","500","1.045757490560675","half cup, shallow; platform","Tree","4","6","female","17","not reported","26","not reported","735587"
"Silvery-throated Jay","Cyanolyca argentigula","Cyanolyca","Chaine, N. M. (2020). Silvery-throated Jay (Cyanolyca argentigula), version 1.0. In Birds of the World (T. S. Schulenberg, Editor). Cornell Lab of Ornithology, Ithaca, NY, USA. https://doi.org/10.2173/bow.sitjay1.01","no","groups","yes","not reported","not reported","Tobias, J. A., Sheard, C., Pigot, A. L., Devenish, A. J., Yang, J., Sayol, F., ... & Schleuning, M. (2022). AVONET: morphological, ecological and geographical data for all birds. Ecology Letters, 25(3), 581-597.","28.2","17","8.1","9.3000000000000007","34.299999999999997","118.3","9.1","7.7","120.5","Tobias, J. A., Sheard, C., Pigot, A. L., Devenish, A. J., Yang, J., Sayol, F., ... & Schleuning, M. (2022). AVONET: morphological, ecological and geographical data for all birds. Ecology Letters, 25(3), 581-597.","200","forest","omnivore","insessorial","8.76","10.07","9.3699999999999992","-83.27","3924.6","not reported","not reported","5",0,1,"Şekercioğlu, Ç. H., Kittelberger, K. D., Mota, F. M., Buxton, A. N., Orton, N., DeNiro, A., ... & Neate-Clegg, M. H. (2025). BIRDBASE: a global dataset of avian biogeography, conservation, ecology and life history traits. Scientific Data, 12(1), 1558.","least concern","Neotropical","Tropical","1200","1.5228787452803376","not reported","not reported","not reported","not reported","not reported","not reported","not reported","not reported","not reported","43"
"Black-collared Jay","Cyanolyca armillata","Cyanolyca","dos Anjos, L., H. F. Greeney, J. del Hoyo, G. M. Kirwan, and N. Collar (2022). Black-collared Jay (Cyanolyca armillata), version 1.1. In Birds of the World (B. K. Keeney, Editor). Cornell Lab of Ornithology, Ithaca, NY, USA. https://doi.org/10.2173/bow.blcjay2.01.1","no","not reported","not reported","not reported","not reported","Tobias, J. A., Sheard, C., Pigot, A. L., Devenish, A. J., Yang, J., Sayol, F., ... & Schleuning, M. (2022). AVONET: morphological, ecological and geographical data for all birds. Ecology Letters, 25(3), 581-597.","29.8","17","9.3000000000000007","10.3","41.2","138.4","11.6","8.4","166.4","Tobias, J. A., Sheard, C., Pigot, A. L., Devenish, A. J., Yang, J., Sayol, F., ... & Schleuning, M. (2022). AVONET: morphological, ecological and geographical data for all birds. Ecology Letters, 25(3), 581-597.","200","forest","invertivore","insessorial","4.3600000000000003","9.4700000000000006","6.46","-72.760000000000005","53723.98","not reported","not reported","8",0,0,"Şekercioğlu, Ç. H., Kittelberger, K. D., Mota, F. M., Buxton, A. N., Orton, N., DeNiro, A., ... & Neate-Clegg, M. H. (2025). BIRDBASE: a global dataset of avian biogeography, conservation, ecology and life history traits. Scientific Data, 12(1), 1558.","least concern","Neotropical","Tropical","1600","2","not reported","not reported","not reported","not reported","not reported","not reported","not reported","not reported","not reported","2277"
"Azure-hooded Jay","Cyanolyca cucullata","Cyanolyca","Fitzgerald, J. (2020). Azure-hooded Jay (Cyanolyca cucullata), version 1.0. In Birds of the World (T. S. Schulenberg, Editor). Cornell Lab of Ornithology, Ithaca, NY, USA. https://doi.org/10.2173/bow.azhjay1.01","no","groups","not reported","not reported","not reported","Tobias, J. A., Sheard, C., Pigot, A. L., Devenish, A. J., Yang, J., Sayol, F., ... & Schleuning, M. (2022). AVONET: morphological, ecological and geographical data for all birds. Ecology Letters, 25(3), 581-597.","32","18.2","10.199999999999999","11.2","38.5","123.9","7.9","6.4","130.69999999999999","Tobias, J. A., Sheard, C., Pigot, A. L., Devenish, A. J., Yang, J., Sayol, F., ... & Schleuning, M. (2022). AVONET: morphological, ecological and geographical data for all birds. Ecology Letters, 25(3), 581-597.","101.33","forest","omnivore","insessorial","8.5","21.72","16.04","-91.39","105285.43","not reported","not reported","3",0,0,"Şekercioğlu, Ç. H., Kittelberger, K. D., Mota, F. M., Buxton, A. N., Orton, N., DeNiro, A., ... & Neate-Clegg, M. H. (2025). BIRDBASE: a global dataset of avian biogeography, conservation, ecology and life history traits. Scientific Data, 12(1), 1558.","least concern","Neotropical","Tropical","1300","1.2218487496163564","cup, bowl; platform","Tree","2","2","not reported","not reported","not reported","not reported","not reported","117119"
"White-throated Jay","Cyanolyca mirabilis","Cyanolyca","Stone, K. L. (2020). White-throated Jay (Cyanolyca mirabilis), version 1.0. In Birds of the World (T. S. Schulenberg, Editor). Cornell Lab of Ornithology, Ithaca, NY, USA. https://doi.org/10.2173/bow.whtjay1.01","not reported","not reported","not reported","not reported","not reported","Tobias, J. A., Sheard, C., Pigot, A. L., Devenish, A. J., Yang, J., Sayol, F., ... & Schleuning, M. (2022). AVONET: morphological, ecological and geographical data for all birds. Ecology Letters, 25(3), 581-597.","23.4","14.5","6.9","8.3000000000000007","32.6","106","10.3","9.6999999999999993","109.3","Tobias, J. A., Sheard, C., Pigot, A. L., Devenish, A. J., Yang, J., Sayol, F., ... & Schleuning, M. (2022). AVONET: morphological, ecological and geographical data for all birds. Ecology Letters, 25(3), 581-597.","52.40","forest","invertivore","insessorial","16","17.739999999999998","16.829999999999998","-98.23","3738.6","not reported","not reported","4",0,0,"Şekercioğlu, Ç. H., Kittelberger, K. D., Mota, F. M., Buxton, A. N., Orton, N., DeNiro, A., ... & Neate-Clegg, M. H. (2025). BIRDBASE: a global dataset of avian biogeography, conservation, ecology and life history traits. Scientific Data, 12(1), 1558.","vulnerable","Neotropical","Tropical","1700","2","not reported","not reported","not reported","not reported","not reported","not reported","not reported","not reported","not reported","169"
"Dwarf Jay","Cyanolyca nanus","Cyanolyca","Foote, D. (2020). Dwarf Jay (Cyanolyca nanus), version 1.0. In Birds of the World (T. S. Schulenberg, Editor). Cornell Lab of Ornithology, Ithaca, NY, USA. https://doi.org/10.2173/bow.dwajay1.01","not reported","territorial pairs","no","not reported","not reported","Tobias, J. A., Sheard, C., Pigot, A. L., Devenish, A. J., Yang, J., Sayol, F., ... & Schleuning, M. (2022). AVONET: morphological, ecological and geographical data for all birds. Ecology Letters, 25(3), 581-597.","24.1","13.2","6.5","7.3","31.6","113.4","14.9","13.1","113.9","Tobias, J. A., Sheard, C., Pigot, A. L., Devenish, A. J., Yang, J., Sayol, F., ... & Schleuning, M. (2022). AVONET: morphological, ecological and geographical data for all birds. Ecology Letters, 25(3), 581-597.","41","forest","invertivore","insessorial","17.14","21.26","17.98","-96.79","4670.68","not reported","not reported","4",0,0,"Şekercioğlu, Ç. H., Kittelberger, K. D., Mota, F. M., Buxton, A. N., Orton, N., DeNiro, A., ... & Neate-Clegg, M. H. (2025). BIRDBASE: a global dataset of avian biogeography, conservation, ecology and life history traits. Scientific Data, 12(1), 1558.","near-threatened","Neotropical","Tropical","1450","2","cup, bowl","Tree","2","3","female","20","not reported","not reported","not reported","514"
"Beautiful Jay","Cyanolyca pulchra","Cyanolyca","Hodes, C. E. (2020). Beautiful Jay (Cyanolyca pulchra), version 1.0. In Birds of the World (T. S. Schulenberg, Editor). Cornell Lab of Ornithology, Ithaca, NY, USA. https://doi.org/10.2173/bow.beajay1.01","not reported","groups","not reported","not reported","not reported","Tobias, J. A., Sheard, C., Pigot, A. L., Devenish, A. J., Yang, J., Sayol, F., ... & Schleuning, M. (2022). AVONET: morphological, ecological and geographical data for all birds. Ecology Letters, 25(3), 581-597.","31.6","19","10.199999999999999","11.6","40.700000000000003","133","20.5","15","132.19999999999999","Tobias, J. A., Sheard, C., Pigot, A. L., Devenish, A. J., Yang, J., Sayol, F., ... & Schleuning, M. (2022). AVONET: morphological, ecological and geographical data for all birds. Ecology Letters, 25(3), 581-597.","101.33","forest","invertivore","insessorial","-0.28000000000000003","5.47","2.5299999999999998","-77.33","19718.93","not reported","not reported","5",0,0,"Şekercioğlu, Ç. H., Kittelberger, K. D., Mota, F. M., Buxton, A. N., Orton, N., DeNiro, A., ... & Neate-Clegg, M. H. (2025). BIRDBASE: a global dataset of avian biogeography, conservation, ecology and life history traits. Scientific Data, 12(1), 1558.","near-threatened","Neotropical","Tropical","1400","2","cup, bowl","Tree","2","2","not reported","not reported","not reported","24","not reported","411"
"Black-throated Jay","Cyanolyca pumilo","Cyanolyca","Rodríguez-Flores, C. I., C. A. Soberanes-González, M. d. C. Arizmendi, and T. S. Schulenberg (2020). Black-throated Jay (Cyanolyca pumilo), version 1.0. In Birds of the World (T. S. Schulenberg, Editor). Cornell Lab of Ornithology, Ithaca, NY, USA. https://doi.org/10.2173/bow.bltjay1.01","no","not reported","not reported","not reported","not reported","Tobias, J. A., Sheard, C., Pigot, A. L., Devenish, A. J., Yang, J., Sayol, F., ... & Schleuning, M. (2022). AVONET: morphological, ecological and geographical data for all birds. Ecology Letters, 25(3), 581-597.","27.3","15","7.4","8.1","32.4","117.6","11.6","9.9","118.4","Tobias, J. A., Sheard, C., Pigot, A. L., Devenish, A. J., Yang, J., Sayol, F., ... & Schleuning, M. (2022). AVONET: morphological, ecological and geographical data for all birds. Ecology Letters, 25(3), 581-597.","47","forest","invertivore","insessorial","13.79","17.37","15.21","-89.8","103163.24","not reported","not reported","6",0,0,"Şekercioğlu, Ç. H., Kittelberger, K. D., Mota, F. M., Buxton, A. N., Orton, N., DeNiro, A., ... & Neate-Clegg, M. H. (2025). BIRDBASE: a global dataset of avian biogeography, conservation, ecology and life history traits. Scientific Data, 12(1), 1558.","least concern","Neotropical","Tropical","1500","1.6989700043360187","not reported","Tree","not reported","not reported","not reported","not reported","not reported","not reported","not reported","92856"
"Turquoise Jay","Cyanolyca turcosa","Cyanolyca","McLean, S. A. (2020). Turquoise Jay (Cyanolyca turcosa), version 1.0. In Birds of the World (T. S. Schulenberg, Editor). Cornell Lab of Ornithology, Ithaca, NY, USA. https://doi.org/10.2173/bow.turjay1.01","no","groups","not reported","not reported","not reported","Tobias, J. A., Sheard, C., Pigot, A. L., Devenish, A. J., Yang, J., Sayol, F., ... & Schleuning, M. (2022). AVONET: morphological, ecological and geographical data for all birds. Ecology Letters, 25(3), 581-597.","33.4","18","9.6","10.7","39.799999999999997","137","13","9.5","143.1","Tobias, J. A., Sheard, C., Pigot, A. L., Devenish, A. J., Yang, J., Sayol, F., ... & Schleuning, M. (2022). AVONET: morphological, ecological and geographical data for all birds. Ecology Letters, 25(3), 581-597.","97.50","forest","invertivore","insessorial","-5.76","1.06","-1.85","-78.599999999999994","62126.94","not reported","not reported","3",0,0,"Şekercioğlu, Ç. H., Kittelberger, K. D., Mota, F. M., Buxton, A. N., Orton, N., DeNiro, A., ... & Neate-Clegg, M. H. (2025). BIRDBASE: a global dataset of avian biogeography, conservation, ecology and life history traits. Scientific Data, 12(1), 1558.","least concern","Neotropical","Tropical","1150","1.3979400086720377","cup, bowl","Tree","1","2","not reported","not reported","not reported","not reported","not reported","13854"
"White-collared Jay","Cyanolyca viridicyanus","Cyanolyca","dos Anjos, L. (2020). White-collared Jay (Cyanolyca viridicyanus), version 1.0. In Birds of the World (J. del Hoyo, A. Elliott, J. Sargatal, D. A. Christie, and E. de Juana, Editors). Cornell Lab of Ornithology, Ithaca, NY, USA. https://doi.org/10.2173/bow.whcjay2.01","no","not reported","not reported","not reported","not reported","Tobias, J. A., Sheard, C., Pigot, A. L., Devenish, A. J., Yang, J., Sayol, F., ... & Schleuning, M. (2022). AVONET: morphological, ecological and geographical data for all birds. Ecology Letters, 25(3), 581-597.","31.6","17.7","9.4","10.3","41.5","138.19999999999999","12.7","9.3000000000000007","162.9","Tobias, J. A., Sheard, C., Pigot, A. L., Devenish, A. J., Yang, J., Sayol, F., ... & Schleuning, M. (2022). AVONET: morphological, ecological and geographical data for all birds. Ecology Letters, 25(3), 581-597.","119.79","forest","invertivore","insessorial","-18.04","-5.38","-12.56","-71.989999999999995","197888.28","not reported","not reported","6",0,0,"Şekercioğlu, Ç. H., Kittelberger, K. D., Mota, F. M., Buxton, A. N., Orton, N., DeNiro, A., ... & Neate-Clegg, M. H. (2025). BIRDBASE: a global dataset of avian biogeography, conservation, ecology and life history traits. Scientific Data, 12(1), 1558.","least concern","Neotropical","Tropical","1400","1.5228787452803376","not reported","not reported","not reported","not reported","not reported","not reported","not reported","not reported","not reported","160495"
"Iberian Magpie","Cyanopica cooki","Cyanopica","Madge, S. and E. de Juana (2020). Iberian Magpie (Cyanopica cooki), version 1.0. In Birds of the World (J. del Hoyo, A. Elliott, J. Sargatal, D. A. Christie, and E. de Juana, Editors). Cornell Lab of Ornithology, Ithaca, NY, USA. https://doi.org/10.2173/bow.azwmag3.01","no","groups","facultative","not reported","not reported","Tobias, J. A., Sheard, C., Pigot, A. L., Devenish, A. J., Yang, J., Sayol, F., ... & Schleuning, M. (2022). AVONET: morphological, ecological and geographical data for all birds. Ecology Letters, 25(3), 581-597.","27.4","16.600000000000001","7.7","8.3000000000000007","34.6","132.1","22.4","16.899999999999999","179.1","Tobias, J. A., Sheard, C., Pigot, A. L., Devenish, A. J., Yang, J., Sayol, F., ... & Schleuning, M. (2022). AVONET: morphological, ecological and geographical data for all birds. Ecology Letters, 25(3), 581-597.","70.40","woodland","omnivore","generalist","36.590000000000003","42.27","39.36","-5.69","179269.64","2.2200000000000002","unclassified","3",0,2,"Şekercioğlu, Ç. H., Kittelberger, K. D., Mota, F. M., Buxton, A. N., Orton, N., DeNiro, A., ... & Neate-Clegg, M. H. (2025). BIRDBASE: a global dataset of avian biogeography, conservation, ecology and life history traits. Scientific Data, 12(1), 1558.","least concern","Palearctic","Temperate","700","0.92081875395237522","cup, bowl","Tree","4","9","female","15","16","14","16","1156955"
"Azure-winged Magpie","Cyanopica cyanus","Cyanopica","Madge, S. (2020). Azure-winged Magpie (Cyanopica cyanus), version 1.0. In Birds of the World (J. del Hoyo, A. Elliott, J. Sargatal, D. A. Christie, and E. de Juana, Editors). Cornell Lab of Ornithology, Ithaca, NY, USA. https://doi.org/10.2173/bow.azwmag2.01","no","communal nests","yes","not reported","not reported","Tobias, J. A., Sheard, C., Pigot, A. L., Devenish, A. J., Yang, J., Sayol, F., ... & Schleuning, M. (2022). AVONET: morphological, ecological and geographical data for all birds. Ecology Letters, 25(3), 581-597.","29.1","17.399999999999999","8.6","8.6","35.6","141.30000000000001","20.2","14.3","212","Tobias, J. A., Sheard, C., Pigot, A. L., Devenish, A. J., Yang, J., Sayol, F., ... & Schleuning, M. (2022). AVONET: morphological, ecological and geographical data for all birds. Ecology Letters, 25(3), 581-597.","95.91","woodland","omnivore","generalist","27.45","54.31","42.1","118.42","4748269.37","2.48","generalist","not reported",0,43,"Şekercioğlu, Ç. H., Kittelberger, K. D., Mota, F. M., Buxton, A. N., Orton, N., DeNiro, A., ... & Neate-Clegg, M. H. (2025). BIRDBASE: a global dataset of avian biogeography, conservation, ecology and life history traits. Scientific Data, 12(1), 1558.","least concern","Indomalayan, Palearctic","Temperate","1600","1.045757490560675","cup, bowl","Ground, Tree","5","7","female","15","16","16","19","19803827"
"Andaman Treepie","Dendrocitta bayleii","Dendrocitta","Madge, S. and C. J. Sharpe (2020). Andaman Treepie (Dendrocitta bayleii), version 1.0. In Birds of the World (J. del Hoyo, A. Elliott, J. Sargatal, D. A. Christie, and E. de Juana, Editors). Cornell Lab of Ornithology, Ithaca, NY, USA. https://doi.org/10.2173/bow.andtre1.01","not reported","territorial pairs","no","not reported","not reported","Tobias, J. A., Sheard, C., Pigot, A. L., Devenish, A. J., Yang, J., Sayol, F., ... & Schleuning, M. (2022). AVONET: morphological, ecological and geographical data for all birds. Ecology Letters, 25(3), 581-597.","27.9","16.899999999999999","9.3000000000000007","11.4","27.2","116.4","17.2","14.9","181.3","Tobias, J. A., Sheard, C., Pigot, A. L., Devenish, A. J., Yang, J., Sayol, F., ... & Schleuning, M. (2022). AVONET: morphological, ecological and geographical data for all birds. Ecology Letters, 25(3), 581-597.","101.96","forest","omnivore","insessorial","10.51","13.68","12.29","92.78","5706.32","not reported","not reported","not reported",0,0,"Şekercioğlu, Ç. H., Kittelberger, K. D., Mota, F. M., Buxton, A. N., Orton, N., DeNiro, A., ... & Neate-Clegg, M. H. (2025). BIRDBASE: a global dataset of avian biogeography, conservation, ecology and life history traits. Scientific Data, 12(1), 1558.","vulnerable","Indomalayan","Tropical","500","1.3979400086720377","not reported","not reported","3","3","not reported","not reported","not reported","not reported","not reported","1397"
"Bornean Treepie","Dendrocitta cinerascens","Dendrocitta","Madge, S. (2020). Bornean Treepie (Dendrocitta cinerascens), version 1.0. In Birds of the World (J. del Hoyo, A. Elliott, J. Sargatal, D. A. Christie, and E. de Juana, Editors). Cornell Lab of Ornithology, Ithaca, NY, USA. https://doi.org/10.2173/bow.bortre1.01","yes","territorial pairs","no","not reported","not reported","Tobias, J. A., Sheard, C., Pigot, A. L., Devenish, A. J., Yang, J., Sayol, F., ... & Schleuning, M. (2022). AVONET: morphological, ecological and geographical data for all birds. Ecology Letters, 25(3), 581-597.","32.799999999999997","20.9","12.2","15.4","30.6","143.6","23.7","16.5","236.6","Tobias, J. A., Sheard, C., Pigot, A. L., Devenish, A. J., Yang, J., Sayol, F., ... & Schleuning, M. (2022). AVONET: morphological, ecological and geographical data for all birds. Ecology Letters, 25(3), 581-597.","125","forest","omnivore","insessorial","-3.79","6.5","2.4900000000000002","115.48","168404.1","not reported","not reported","3",1,1,"Şekercioğlu, Ç. H., Kittelberger, K. D., Mota, F. M., Buxton, A. N., Orton, N., DeNiro, A., ... & Neate-Clegg, M. H. (2025). BIRDBASE: a global dataset of avian biogeography, conservation, ecology and life history traits. Scientific Data, 12(1), 1558.","least concern","Indomalayan","Tropical","2300","0.79588001734407521","cup, bowl","Shrub, Tree","2","2","not reported","not reported","not reported","not reported","not reported","540756"
"Grey Treepie","Dendrocitta formosae","Dendrocitta","Madge, S. (2020). Gray Treepie (Dendrocitta formosae), version 1.0. In Birds of the World (J. del Hoyo, A. Elliott, J. Sargatal, D. A. Christie, and E. de Juana, Editors). Cornell Lab of Ornithology, Ithaca, NY, USA. https://doi.org/10.2173/bow.grytre1.01","yes","territorial pairs","no","not reported","not reported","Tobias, J. A., Sheard, C., Pigot, A. L., Devenish, A. J., Yang, J., Sayol, F., ... & Schleuning, M. (2022). AVONET: morphological, ecological and geographical data for all birds. Ecology Letters, 25(3), 581-597.","34","23.2","11.7","14.7","30.2","141.1","22.8","16","200.7","Tobias, J. A., Sheard, C., Pigot, A. L., Devenish, A. J., Yang, J., Sayol, F., ... & Schleuning, M. (2022). AVONET: morphological, ecological and geographical data for all birds. Ecology Letters, 25(3), 581-597.","102.74","forest","omnivore","insessorial","13.07","33.770000000000003","25.48","105.19","3328585.52","2.39","not reported","not reported",0,5,"Şekercioğlu, Ç. H., Kittelberger, K. D., Mota, F. M., Buxton, A. N., Orton, N., DeNiro, A., ... & Neate-Clegg, M. H. (2025). BIRDBASE: a global dataset of avian biogeography, conservation, ecology and life history traits. Scientific Data, 12(1), 1558.","least concern","Indomalayan, Palearctic","Tropical-Temperate","1750","0.82390874094431876","cup, bowl","Bamboo, Shrub, Tree","3","5","not reported","not reported","not reported","not reported","not reported","3670613"
"Collared Treepie","Dendrocitta frontalis","Dendrocitta","Madge, S. (2020). Collared Treepie (Dendrocitta frontalis), version 1.0. In Birds of the World (J. del Hoyo, A. Elliott, J. Sargatal, D. A. Christie, and E. de Juana, Editors). Cornell Lab of Ornithology, Ithaca, NY, USA. https://doi.org/10.2173/bow.coltre1.01","no","territorial pairs","no","not reported","not reported","Tobias, J. A., Sheard, C., Pigot, A. L., Devenish, A. J., Yang, J., Sayol, F., ... & Schleuning, M. (2022). AVONET: morphological, ecological and geographical data for all birds. Ecology Letters, 25(3), 581-597.","32.5","20.5","9.6999999999999993","14.9","30","130.19999999999999","16.7","12.7","214.4","Tobias, J. A., Sheard, C., Pigot, A. L., Devenish, A. J., Yang, J., Sayol, F., ... & Schleuning, M. (2022). AVONET: morphological, ecological and geographical data for all birds. Ecology Letters, 25(3), 581-597.","100","forest","omnivore","insessorial","21.74","29.6","26.44","96.49","200384.69","not reported","not reported","not reported",0,0,"Şekercioğlu, Ç. H., Kittelberger, K. D., Mota, F. M., Buxton, A. N., Orton, N., DeNiro, A., ... & Neate-Clegg, M. H. (2025). BIRDBASE: a global dataset of avian biogeography, conservation, ecology and life history traits. Scientific Data, 12(1), 1558.","least concern","Indomalayan, Palearctic","Temperate","1500","1.0969100130080565","not reported","not reported","3","4","not reported","not reported","not reported","not reported","not reported","194060"
"White-bellied Treepie","Dendrocitta leucogastra","Dendrocitta","Madge, S. (2020). White-bellied Treepie (Dendrocitta leucogastra), version 1.0. In Birds of the World (J. del Hoyo, A. Elliott, J. Sargatal, D. A. Christie, and E. de Juana, Editors). Cornell Lab of Ornithology, Ithaca, NY, USA. https://doi.org/10.2173/bow.whbtre1.01","no","territorial pairs","no","not reported","not reported","Tobias, J. A., Sheard, C., Pigot, A. L., Devenish, A. J., Yang, J., Sayol, F., ... & Schleuning, M. (2022). AVONET: morphological, ecological and geographical data for all birds. Ecology Letters, 25(3), 581-597.","34.5","20.9","11.7","14.8","30.7","140.9","19.100000000000001","13.5","282.39999999999998","Tobias, J. A., Sheard, C., Pigot, A. L., Devenish, A. J., Yang, J., Sayol, F., ... & Schleuning, M. (2022). AVONET: morphological, ecological and geographical data for all birds. Ecology Letters, 25(3), 581-597.","99.20","forest","omnivore","insessorial","8.1","17.350000000000001","12.52","75.73","107997.21","not reported","not reported","8",1,2,"Şekercioğlu, Ç. H., Kittelberger, K. D., Mota, F. M., Buxton, A. N., Orton, N., DeNiro, A., ... & Neate-Clegg, M. H. (2025). BIRDBASE: a global dataset of avian biogeography, conservation, ecology and life history traits. Scientific Data, 12(1), 1558.","least concern","Indomalayan","Tropical","1440","1","cup, bowl","not reported","3","4","not reported","not reported","not reported","not reported","not reported","194540"
"Sumatran Treepie","Dendrocitta occipitalis","Dendrocitta","Madge, S. (2020). Sumatran Treepie (Dendrocitta occipitalis), version 1.0. In Birds of the World (J. del Hoyo, A. Elliott, J. Sargatal, D. A. Christie, and E. de Juana, Editors). Cornell Lab of Ornithology, Ithaca, NY, USA. https://doi.org/10.2173/bow.sumtre1.01","no","not reported","not reported","not reported","not reported","Tobias, J. A., Sheard, C., Pigot, A. L., Devenish, A. J., Yang, J., Sayol, F., ... & Schleuning, M. (2022). AVONET: morphological, ecological and geographical data for all birds. Ecology Letters, 25(3), 581-597.","33.299999999999997","20.8","11.9","14.8","29.6","140","20.5","14.6","262.3","Tobias, J. A., Sheard, C., Pigot, A. L., Devenish, A. J., Yang, J., Sayol, F., ... & Schleuning, M. (2022). AVONET: morphological, ecological and geographical data for all birds. Ecology Letters, 25(3), 581-597.","95.30","forest","omnivore","insessorial","-5.95","5.49","0.31","100.03","165533.34","2.69","not reported","not reported",0,0,"Şekercioğlu, Ç. H., Kittelberger, K. D., Mota, F. M., Buxton, A. N., Orton, N., DeNiro, A., ... & Neate-Clegg, M. H. (2025). BIRDBASE: a global dataset of avian biogeography, conservation, ecology and life history traits. Scientific Data, 12(1), 1558.","least concern","Indomalayan","Tropical","1900","0.69897000433601886","not reported","not reported","not reported","not reported","not reported","not reported","not reported","not reported","not reported","not reported"
"Rufous Treepie","Dendrocitta vagabunda","Dendrocitta","Madge, S. (2020). Rufous Treepie (Dendrocitta vagabunda), version 1.0. In Birds of the World (J. del Hoyo, A. Elliott, J. Sargatal, D. A. Christie, and E. de Juana, Editors). Cornell Lab of Ornithology, Ithaca, NY, USA. https://doi.org/10.2173/bow.ruftre2.01","yes","territorial pairs","no","not reported","not reported","Tobias, J. A., Sheard, C., Pigot, A. L., Devenish, A. J., Yang, J., Sayol, F., ... & Schleuning, M. (2022). AVONET: morphological, ecological and geographical data for all birds. Ecology Letters, 25(3), 581-597.","33.4","21.3","10.6","14","34.200000000000003","155","22.4","15","257.3","Tobias, J. A., Sheard, C., Pigot, A. L., Devenish, A. J., Yang, J., Sayol, F., ... & Schleuning, M. (2022). AVONET: morphological, ecological and geographical data for all birds. Ecology Letters, 25(3), 581-597.","100","woodland","omnivore","terrestrial","8.07","33.79","22.02","83.51","4361512.68","2.58","unclassified","not reported",0,8,"Şekercioğlu, Ç. H., Kittelberger, K. D., Mota, F. M., Buxton, A. N., Orton, N., DeNiro, A., ... & Neate-Clegg, M. H. (2025). BIRDBASE: a global dataset of avian biogeography, conservation, ecology and life history traits. Scientific Data, 12(1), 1558.","least concern","Indomalayan, Palearctic","Tropical-Temperate","2100","1.0969100130080565","cup, bowl","Tree","2","6","not reported","not reported","not reported","not reported","not reported","5088811"
"Eurasian Jay","Garrulus glandarius","Garrulus","Madge, S., J. del Hoyo, D. A. Christie, N. Collar, G. M. Kirwan, and N. Moura (2022). Eurasian Jay (Garrulus glandarius), version 2.0. In Birds of the World (B. K. Keeney, Editor). Cornell Lab of Ornithology, Ithaca, NY, USA. https://doi.org/10.2173/bow.eurjay1.02","no","territorial pairs","no","not reported","not reported","Tobias, J. A., Sheard, C., Pigot, A. L., Devenish, A. J., Yang, J., Sayol, F., ... & Schleuning, M. (2022). AVONET: morphological, ecological and geographical data for all birds. Ecology Letters, 25(3), 581-597.","33","19.899999999999999","9","11.6","39.1","181.1","35.4","19.399999999999999","150.19999999999999","Tobias, J. A., Sheard, C., Pigot, A. L., Devenish, A. J., Yang, J., Sayol, F., ... & Schleuning, M. (2022). AVONET: morphological, ecological and geographical data for all birds. Ecology Letters, 25(3), 581-597.","159.46","forest","omnivore","insessorial","28.84","70.09","51.02","62.66","19458203.899999999","3.71","specialist","3",1,110,"Şekercioğlu, Ç. H., Kittelberger, K. D., Mota, F. M., Buxton, A. N., Orton, N., DeNiro, A., ... & Neate-Clegg, M. H. (2025). BIRDBASE: a global dataset of avian biogeography, conservation, ecology and life history traits. Scientific Data, 12(1), 1558.","least concern","Eastern Hemisphere","Tropical-Temperate","3600","0.79588001734407521","cup, bowl; cavity","Tree, Building","3","10","female","15","19","19","23","16081076"
"Black-headed Jay","Garrulus lanceolatus","Garrulus","Menon, T. (2020). Black-headed Jay (Garrulus lanceolatus), version 2.0. In Birds of the World (S. M. Billerman and B. K. Keeney, Editors). Cornell Lab of Ornithology, Ithaca, NY, USA. https://doi.org/10.2173/bow.blhjay1.02","no","territorial pairs","no","not reported","not reported","Tobias, J. A., Sheard, C., Pigot, A. L., Devenish, A. J., Yang, J., Sayol, F., ... & Schleuning, M. (2022). AVONET: morphological, ecological and geographical data for all birds. Ecology Letters, 25(3), 581-597.","27.4","15.1","8.9","11.3","38","152.6","23.6","15.5","149.4","Tobias, J. A., Sheard, C., Pigot, A. L., Devenish, A. J., Yang, J., Sayol, F., ... & Schleuning, M. (2022). AVONET: morphological, ecological and geographical data for all birds. Ecology Letters, 25(3), 581-597.","97.70","forest","omnivore","insessorial","27.38","36.1","31.98","75.900000000000006","322480.19","2.63","specialist","8",1,2,"Şekercioğlu, Ç. H., Kittelberger, K. D., Mota, F. M., Buxton, A. N., Orton, N., DeNiro, A., ... & Neate-Clegg, M. H. (2025). BIRDBASE: a global dataset of avian biogeography, conservation, ecology and life history traits. Scientific Data, 12(1), 1558.","least concern","Indomalayan, Palearctic","Temperate","2500","0.74472749489669388","cup, bowl","Tree","3","5","female","16","not reported","20","not reported","789791"
"Lidth's Jay","Garrulus lidthi","Garrulus","Madge, S. (2020). Lidth's Jay (Garrulus lidthi), version 1.0. In Birds of the World (J. del Hoyo, A. Elliott, J. Sargatal, D. A. Christie, and E. de Juana, Editors). Cornell Lab of Ornithology, Ithaca, NY, USA. https://doi.org/10.2173/bow.lidjay1.01","no","territorial pairs","not reported","not reported","not reported","Tobias, J. A., Sheard, C., Pigot, A. L., Devenish, A. J., Yang, J., Sayol, F., ... & Schleuning, M. (2022). AVONET: morphological, ecological and geographical data for all birds. Ecology Letters, 25(3), 581-597.","37.799999999999997","22.7","10.8","14.4","44.3","173.8","26.9","15.5","166.8","Tobias, J. A., Sheard, C., Pigot, A. L., Devenish, A. J., Yang, J., Sayol, F., ... & Schleuning, M. (2022). AVONET: morphological, ecological and geographical data for all birds. Ecology Letters, 25(3), 581-597.","125","forest","omnivore","insessorial","28.01","28.52","28.28","129.41","815.32","3.66","specialist","3",0,1,"Şekercioğlu, Ç. H., Kittelberger, K. D., Mota, F. M., Buxton, A. N., Orton, N., DeNiro, A., ... & Neate-Clegg, M. H. (2025). BIRDBASE: a global dataset of avian biogeography, conservation, ecology and life history traits. Scientific Data, 12(1), 1558.","vulnerable","Palearctic","Temperate","1000","1.045757490560675","cup, bowl","Ground, Tree","3","5","not reported","not reported","not reported","not reported","not reported","354"
"Pinyon Jay","Gymnorhinus cyanocephalus","Gymnorhinus","Johnson, K. and R. P. Balda (2020). Pinyon Jay (Gymnorhinus cyanocephalus), version 2.0. In Birds of the World (P. G. Rodewald and B. K. Keeney, Editors). Cornell Lab of Ornithology, Ithaca, NY, USA. https://doi.org/10.2173/bow.pinjay.02","no","territorial pairs","facultative","3","16","Tobias, J. A., Sheard, C., Pigot, A. L., Devenish, A. J., Yang, J., Sayol, F., ... & Schleuning, M. (2022). AVONET: morphological, ecological and geographical data for all birds. Ecology Letters, 25(3), 581-597.","37.9","23.8","8.3000000000000007","8.8000000000000007","37.700000000000003","147.80000000000001","39.200000000000003","26.6","106.2","Tobias, J. A., Sheard, C., Pigot, A. L., Devenish, A. J., Yang, J., Sayol, F., ... & Schleuning, M. (2022). AVONET: morphological, ecological and geographical data for all birds. Ecology Letters, 25(3), 581-597.","104.82","forest","omnivore","generalist","30.16","46.72","39.049999999999997","-111.57","1284048.8899999999","3.35","specialist","15",0,19,"Şekercioğlu, Ç. H., Kittelberger, K. D., Mota, F. M., Buxton, A. N., Orton, N., DeNiro, A., ... & Neate-Clegg, M. H. (2025). BIRDBASE: a global dataset of avian biogeography, conservation, ecology and life history traits. Scientific Data, 12(1), 1558.","vulnerable","Nearctic","Temperate","2000","0.92081875395237522","cup, bowl","Tree","2","5","female","17","not reported","21","22","954939"
"Northern Nutcracker","Nucifraga caryocatactes","Nucifraga","Madge, S., J. del Hoyo, D. A. Christie, N. Collar, and G. M. Kirwan (2020). Eurasian Nutcracker (Nucifraga caryocatactes), version 1.0. In Birds of the World (S. M. Billerman, B. K. Keeney, P. G. Rodewald, and T. S. Schulenberg, Editors). Cornell Lab of Ornithology, Ithaca, NY, USA. https://doi.org/10.2173/bow.eurnut1.01","no","territorial pairs","no","not reported","not reported","Tobias, J. A., Sheard, C., Pigot, A. L., Devenish, A. J., Yang, J., Sayol, F., ... & Schleuning, M. (2022). AVONET: morphological, ecological and geographical data for all birds. Ecology Letters, 25(3), 581-597.","52.1","36.6","13.3","14.9","39.299999999999997","183.2","44.7","24.4","116","Tobias, J. A., Sheard, C., Pigot, A. L., Devenish, A. J., Yang, J., Sayol, F., ... & Schleuning, M. (2022). AVONET: morphological, ecological and geographical data for all birds. Ecology Letters, 25(3), 581-597.","182.51","forest","granivore","insessorial","31.15","70.87","57.8","99.93","15486182.220000001","5.28","specialist","3",1,38,"Şekercioğlu, Ç. H., Kittelberger, K. D., Mota, F. M., Buxton, A. N., Orton, N., DeNiro, A., ... & Neate-Clegg, M. H. (2025). BIRDBASE: a global dataset of avian biogeography, conservation, ecology and life history traits. Scientific Data, 12(1), 1558.","least concern","Palearctic","Temperate","3000","1.2218487496163564","cup, bowl","Tree, Rock, Building","2","5","both","17.5","18.5","23","28","10262737"
"Clark's Nutcracker","Nucifraga columbiana","Nucifraga","Tomback, D. F. (2020). Clark's Nutcracker (Nucifraga columbiana), version 1.0. In Birds of the World (A. F. Poole and F. B. Gill, Editors). Cornell Lab of Ornithology, Ithaca, NY, USA. https://doi.org/10.2173/bow.clanut.01","no","territorial pairs","no","not reported","17","Tobias, J. A., Sheard, C., Pigot, A. L., Devenish, A. J., Yang, J., Sayol, F., ... & Schleuning, M. (2022). AVONET: morphological, ecological and geographical data for all birds. Ecology Letters, 25(3), 581-597.","44.3","35.4","11.6","12.3","36.700000000000003","191","61.6","32.200000000000003","112","Tobias, J. A., Sheard, C., Pigot, A. L., Devenish, A. J., Yang, J., Sayol, F., ... & Schleuning, M. (2022). AVONET: morphological, ecological and geographical data for all birds. Ecology Letters, 25(3), 581-597.","129.81","forest","omnivore","insessorial","24.81","54.26","43.24","-114.14","2287629.4","4.83","specialist","6",1,27,"Şekercioğlu, Ç. H., Kittelberger, K. D., Mota, F. M., Buxton, A. N., Orton, N., DeNiro, A., ... & Neate-Clegg, M. H. (2025). BIRDBASE: a global dataset of avian biogeography, conservation, ecology and life history traits. Scientific Data, 12(1), 1558.","least concern","Nearctic","Temperate","3600","0.82390874094431876","platform","Tree","2","6","both","18","not reported","20","not reported","352967"
"Southern Nutcracker","Nucifraga hemispila","Nucifraga","Kirwan, G. M., S. Madge, J. del Hoyo, D. A. Christie, N. Collar, N. Moura, P. F. D. Boesman, and P. Pyle (2024). Southern Nutcracker (Nucifraga hemispila), version 1.0. In Birds of the World (G. M. Kirwan, B. K. Keeney, and M. G. Smith, Editors). Cornell Lab of Ornithology, Ithaca, NY, USA. https://doi.org/10.2173/bow.eurnut4.01","no","territorial pairs","no","not reported","not reported","Tobias, J. A., Sheard, C., Pigot, A. L., Devenish, A. J., Yang, J., Sayol, F., ... & Schleuning, M. (2022). AVONET: morphological, ecological and geographical data for all birds. Ecology Letters, 25(3), 581-597.","52.1","36.6","13.3","14.9","39.299999999999997","208","53.1","25.5","116","Tobias, J. A., Sheard, C., Pigot, A. L., Devenish, A. J., Yang, J., Sayol, F., ... & Schleuning, M. (2022). AVONET: morphological, ecological and geographical data for all birds. Ecology Letters, 25(3), 581-597.","182.51","forest","granivore","insessorial","21.9","44.67","30.64","105.06","2107948.75","not reported","specialist","3",0,7,"Şekercioğlu, Ç. H., Kittelberger, K. D., Mota, F. M., Buxton, A. N., Orton, N., DeNiro, A., ... & Neate-Clegg, M. H. (2025). BIRDBASE: a global dataset of avian biogeography, conservation, ecology and life history traits. Scientific Data, 12(1), 1558.","least concern","Indomalayan, Palearctic","Tropical-Temperate","4000","1.3979400086720377","cup, bowl","Tree","2","5","both","17","17","23","23","not reported"
"Kashmir Nutcracker","Nucifraga multipunctata","Nucifraga","Madge, S., A. J. Spencer, and G. M. Kirwan (2020). Kashmir Nutcracker (Nucifraga multipunctata), version 1.1. In Birds of the World (P. G. Rodewald, S. M. Billerman, and B. K. Keeney, Editors). Cornell Lab of Ornithology, Ithaca, NY, USA. https://doi.org/10.2173/bow.sponut1.01.1","no","territorial pairs","not reported","not reported","not reported","Tobias, J. A., Sheard, C., Pigot, A. L., Devenish, A. J., Yang, J., Sayol, F., ... & Schleuning, M. (2022). AVONET: morphological, ecological and geographical data for all birds. Ecology Letters, 25(3), 581-597.","45.7","36.700000000000003","11.3","13.2","39.5","205.9","52.6","25.5","150.6","Tobias, J. A., Sheard, C., Pigot, A. L., Devenish, A. J., Yang, J., Sayol, F., ... & Schleuning, M. (2022). AVONET: morphological, ecological and geographical data for all birds. Ecology Letters, 25(3), 581-597.","191","forest","granivore","insessorial","31.56","37.57","34.83","72.540000000000006","300625.95","not reported","specialist","4",0,0,"Şekercioğlu, Ç. H., Kittelberger, K. D., Mota, F. M., Buxton, A. N., Orton, N., DeNiro, A., ... & Neate-Clegg, M. H. (2025). BIRDBASE: a global dataset of avian biogeography, conservation, ecology and life history traits. Scientific Data, 12(1), 1558.","least concern","Palearctic","Temperate","1000","1.0969100130080565","cup, bowl","Tree","3","4","both","not reported","not reported","not reported","not reported","20987"
"Canada Jay","Perisoreus canadensis","Perisoreus","Strickland, D. and H. R. Ouellet (2020). Canada Jay (Perisoreus canadensis), version 1.0. In Birds of the World (P. G. Rodewald, Editor). Cornell Lab of Ornithology, Ithaca, NY, USA. https://doi.org/10.2173/bow.gryjay.01","no","territorial pairs","no","not reported","17","Tobias, J. A., Sheard, C., Pigot, A. L., Devenish, A. J., Yang, J., Sayol, F., ... & Schleuning, M. (2022). AVONET: morphological, ecological and geographical data for all birds. Ecology Letters, 25(3), 581-597.","24.6","14.3","9","8.6","36.299999999999997","150.4","27.2","18.100000000000001","135.9","Tobias, J. A., Sheard, C., Pigot, A. L., Devenish, A. J., Yang, J., Sayol, F., ... & Schleuning, M. (2022). AVONET: morphological, ecological and geographical data for all birds. Ecology Letters, 25(3), 581-597.","71.58","forest","omnivore","insessorial","33.79","68.78","56.26","-107.33","7301159.5800000001","2.39","specialist","11",1,7,"Şekercioğlu, Ç. H., Kittelberger, K. D., Mota, F. M., Buxton, A. N., Orton, N., DeNiro, A., ... & Neate-Clegg, M. H. (2025). BIRDBASE: a global dataset of avian biogeography, conservation, ecology and life history traits. Scientific Data, 12(1), 1558.","least concern","Nearctic","Temperate","3050","1.2218487496163564","cup, bowl; platform","Tree","1","4","female","18.5","not reported","22","24","15030323"
"Siberian Jay","Perisoreus infaustus","Perisoreus","Madge, S. (2020). Siberian Jay (Perisoreus infaustus), version 1.0. In Birds of the World (J. del Hoyo, A. Elliott, J. Sargatal, D. A. Christie, and E. de Juana, Editors). Cornell Lab of Ornithology, Ithaca, NY, USA. https://doi.org/10.2173/bow.sibjay1.01","no","groups","no","not reported","11.5","Tobias, J. A., Sheard, C., Pigot, A. L., Devenish, A. J., Yang, J., Sayol, F., ... & Schleuning, M. (2022). AVONET: morphological, ecological and geographical data for all birds. Ecology Letters, 25(3), 581-597.","27.5","15.9","9.4","9.1","35.9","140.4","24.4","17.399999999999999","128.1","Tobias, J. A., Sheard, C., Pigot, A. L., Devenish, A. J., Yang, J., Sayol, F., ... & Schleuning, M. (2022). AVONET: morphological, ecological and geographical data for all birds. Ecology Letters, 25(3), 581-597.","84.40","forest","omnivore","insessorial","43.73","70.31","59.77","93.47","11840129.85","2.7","specialist","14",1,56,"Şekercioğlu, Ç. H., Kittelberger, K. D., Mota, F. M., Buxton, A. N., Orton, N., DeNiro, A., ... & Neate-Clegg, M. H. (2025). BIRDBASE: a global dataset of avian biogeography, conservation, ecology and life history traits. Scientific Data, 12(1), 1558.","least concern","Palearctic","Temperate","2200","1.3010299956639813","cup, bowl","Tree","3","5","female","19","19","21","24","2486563"
"Sichuan Jay","Perisoreus internigrans","Perisoreus","Madge, S. (2020). Sichuan Jay (Perisoreus internigrans), version 1.0. In Birds of the World (J. del Hoyo, A. Elliott, J. Sargatal, D. A. Christie, and E. de Juana, Editors). Cornell Lab of Ornithology, Ithaca, NY, USA. https://doi.org/10.2173/bow.sicjay1.01","no","groups","yes","not reported","not reported","Tobias, J. A., Sheard, C., Pigot, A. L., Devenish, A. J., Yang, J., Sayol, F., ... & Schleuning, M. (2022). AVONET: morphological, ecological and geographical data for all birds. Ecology Letters, 25(3), 581-597.","26.2","16.2","8.9","9","41.7","163.80000000000001","32.1","19.600000000000001","148.6","Tobias, J. A., Sheard, C., Pigot, A. L., Devenish, A. J., Yang, J., Sayol, F., ... & Schleuning, M. (2022). AVONET: morphological, ecological and geographical data for all birds. Ecology Letters, 25(3), 581-597.","102","forest","omnivore","insessorial","29.97","34.15","32.340000000000003","100.92","143343.38","not reported","specialist","2",0,2,"Şekercioğlu, Ç. H., Kittelberger, K. D., Mota, F. M., Buxton, A. N., Orton, N., DeNiro, A., ... & Neate-Clegg, M. H. (2025). BIRDBASE: a global dataset of avian biogeography, conservation, ecology and life history traits. Scientific Data, 12(1), 1558.","near-threatened","Palearctic","Temperate","1366","1.3979400086720377","not reported","not reported","3","3","not reported","not reported","not reported","not reported","not reported","48640"
"Asir Magpie","Pica asirensis","Pica","Madge, S. and G. M. Kirwan (2020). Asir Magpie (Pica asirensis), version 1.0. In Birds of the World (J. del Hoyo, A. Elliott, J. Sargatal, D. A. Christie, and E. de Juana, Editors). Cornell Lab of Ornithology, Ithaca, NY, USA. https://doi.org/10.2173/bow.eurmag5.01","yes","groups","not reported","not reported","not reported","Tobias, J. A., Sheard, C., Pigot, A. L., Devenish, A. J., Yang, J., Sayol, F., ... & Schleuning, M. (2022). AVONET: morphological, ecological and geographical data for all birds. Ecology Letters, 25(3), 581-597.","40.799999999999997","26.1","12.4","13.7","49.1","194.5","44.6","22.9","237.4","Tobias, J. A., Sheard, C., Pigot, A. L., Devenish, A. J., Yang, J., Sayol, F., ... & Schleuning, M. (2022). AVONET: morphological, ecological and geographical data for all birds. Ecology Letters, 25(3), 581-597.","200","human modified","omnivore","terrestrial","17.850000000000001","20.92","19.37","42.54","42656.37","not reported","not reported","3",0,0,"Şekercioğlu, Ç. H., Kittelberger, K. D., Mota, F. M., Buxton, A. N., Orton, N., DeNiro, A., ... & Neate-Clegg, M. H. (2025). BIRDBASE: a global dataset of avian biogeography, conservation, ecology and life history traits. Scientific Data, 12(1), 1558.","endangered","Palearctic, Afrotropical","Tropical","800","1.0969100130080565","dome","Tree","not reported","not reported","not reported","not reported","not reported","not reported","not reported","not reported"
"Black-rumped Magpie","Pica bottanensis","Pica","Madge, S., D. A. Christie, and G. M. Kirwan (2020). Black-rumped Magpie (Pica bottanensis), version 1.0. In Birds of the World (S. M. Billerman, B. K. Keeney, P. G. Rodewald, and T. S. Schulenberg, Editors). Cornell Lab of Ornithology, Ithaca, NY, USA. https://doi.org/10.2173/bow.eurmag6.01","yes","territorial pairs","no","not reported","not reported","Tobias, J. A., Sheard, C., Pigot, A. L., Devenish, A. J., Yang, J., Sayol, F., ... & Schleuning, M. (2022). AVONET: morphological, ecological and geographical data for all birds. Ecology Letters, 25(3), 581-597.","not reported","not reported","not reported","not reported","not reported","not reported","not reported","not reported","not reported","Tobias, J. A., Sheard, C., Pigot, A. L., Devenish, A. J., Yang, J., Sayol, F., ... & Schleuning, M. (2022). AVONET: morphological, ecological and geographical data for all birds. Ecology Letters, 25(3), 581-597.","not reported","not reported","not reported","not reported","not reported","not reported","not reported","not reported","not reported","not reported","not reported","3",0,0,"Şekercioğlu, Ç. H., Kittelberger, K. D., Mota, F. M., Buxton, A. N., Orton, N., DeNiro, A., ... & Neate-Clegg, M. H. (2025). BIRDBASE: a global dataset of avian biogeography, conservation, ecology and life history traits. Scientific Data, 12(1), 1558.","not reported","Palearctic","Temperate","not reported","1.0969100130080565","dome","Pole, Building, Tree","2","8","female","21","22","24","30","2973069"
"Black-billed Magpie","Pica hudsonia","Pica","Trost, C. H. (2020). Black-billed Magpie (Pica hudsonia), version 1.0. In Birds of the World (S. M. Billerman, Editor). Cornell Lab of Ornithology, Ithaca, NY, USA. https://doi.org/10.2173/bow.bkbmag1.01","yes","territorial pairs","no","not reported","20","Tobias, J. A., Sheard, C., Pigot, A. L., Devenish, A. J., Yang, J., Sayol, F., ... & Schleuning, M. (2022). AVONET: morphological, ecological and geographical data for all birds. Ecology Letters, 25(3), 581-597.","38.6","24.7","11.1","12.9","47.7","202.8","49.6","24.6","262","Tobias, J. A., Sheard, C., Pigot, A. L., Devenish, A. J., Yang, J., Sayol, F., ... & Schleuning, M. (2022). AVONET: morphological, ecological and geographical data for all birds. Ecology Letters, 25(3), 581-597.","177.12","grassland","omnivore","terrestrial","33.97","65.16","49.66","-114.6","6726173.6600000001","5.08","generalist","14",1,15,"Şekercioğlu, Ç. H., Kittelberger, K. D., Mota, F. M., Buxton, A. N., Orton, N., DeNiro, A., ... & Neate-Clegg, M. H. (2025). BIRDBASE: a global dataset of avian biogeography, conservation, ecology and life history traits. Scientific Data, 12(1), 1558.","least concern","Nearctic","Temperate","not reported","0.61978875828839397","cup, bowl","Bamboo, Pole, Tree","1","9","female","18","not reported","24","31","18362730"
"Maghreb Magpie","Pica mauritanica","Pica","del Hoyo, J., N. Collar, and D. A. Christie (2020). Maghreb Magpie (Pica mauritanica), version 1.0. In Birds of the World (J. del Hoyo, A. Elliott, J. Sargatal, D. A. Christie, and E. de Juana, Editors). Cornell Lab of Ornithology, Ithaca, NY, USA. https://doi.org/10.2173/bow.eurmag3.01","no","territorial pairs","not reported","not reported","not reported","Tobias, J. A., Sheard, C., Pigot, A. L., Devenish, A. J., Yang, J., Sayol, F., ... & Schleuning, M. (2022). AVONET: morphological, ecological and geographical data for all birds. Ecology Letters, 25(3), 581-597.","40.799999999999997","26.1","12.4","13.7","49.1","194.5","44.6","22.9","237.4","Tobias, J. A., Sheard, C., Pigot, A. L., Devenish, A. J., Yang, J., Sayol, F., ... & Schleuning, M. (2022). AVONET: morphological, ecological and geographical data for all birds. Ecology Letters, 25(3), 581-597.","217.48","human modified","omnivore","terrestrial","26.63","36.549999999999997","32.840000000000003","-4.33","212471.64","not reported","not reported","not reported",0,1,"Şekercioğlu, Ç. H., Kittelberger, K. D., Mota, F. M., Buxton, A. N., Orton, N., DeNiro, A., ... & Neate-Clegg, M. H. (2025). BIRDBASE: a global dataset of avian biogeography, conservation, ecology and life history traits. Scientific Data, 12(1), 1558.","least concern","Palearctic","Tropical-Temperate","2300","0.82390874094431876","dome","Shrub, Tree","4","6","not reported","not reported","not reported","not reported","not reported","588165"
"Yellow-billed Magpie","Pica nuttalli","Pica","Koenig, W. D., M. D. Reynolds, and D. A. Airola (2022). Yellow-billed Magpie (Pica nuttalli), version 2.0. In Birds of the World (G. M. Kirwan and B. K. Keeney, Editors). Cornell Lab of Ornithology, Ithaca, NY, USA. https://doi.org/10.2173/bow.yebmag.02","no","communal nests","no","not reported","10","Tobias, J. A., Sheard, C., Pigot, A. L., Devenish, A. J., Yang, J., Sayol, F., ... & Schleuning, M. (2022). AVONET: morphological, ecological and geographical data for all birds. Ecology Letters, 25(3), 581-597.","36.299999999999997","23.3","11.4","13.2","48.2","188.8","49.9","26.2","241.5","Tobias, J. A., Sheard, C., Pigot, A. L., Devenish, A. J., Yang, J., Sayol, F., ... & Schleuning, M. (2022). AVONET: morphological, ecological and geographical data for all birds. Ecology Letters, 25(3), 581-597.","158.29","shrubland","omnivore","terrestrial","34.43","40.93","37.619999999999997","-121.17","95191.28","3.96","generalist","7",1,7,"Şekercioğlu, Ç. H., Kittelberger, K. D., Mota, F. M., Buxton, A. N., Orton, N., DeNiro, A., ... & Neate-Clegg, M. H. (2025). BIRDBASE: a global dataset of avian biogeography, conservation, ecology and life history traits. Scientific Data, 12(1), 1558.","vulnerable","Nearctic","Temperate","550","0.79588001734407521","sphere, globular","Tree","4","9","female","16","18","30","not reported","1195742"
"Eurasian Magpie","Pica pica","Pica","Madge, S., D. A. Christie, and G. M. Kirwan (2020). Eurasian Magpie (Pica pica), version 1.0. In Birds of the World (S. M. Billerman, B. K. Keeney, P. G. Rodewald, and T. S. Schulenberg, Editors). Cornell Lab of Ornithology, Ithaca, NY, USA. https://doi.org/10.2173/bow.eurmag1.01","yes","territorial pairs","no","not reported","not reported","Tobias, J. A., Sheard, C., Pigot, A. L., Devenish, A. J., Yang, J., Sayol, F., ... & Schleuning, M. (2022). AVONET: morphological, ecological and geographical data for all birds. Ecology Letters, 25(3), 581-597.","40.799999999999997","26.1","12.4","13.7","49.1","194.5","44.6","22.9","237.4","Tobias, J. A., Sheard, C., Pigot, A. L., Devenish, A. J., Yang, J., Sayol, F., ... & Schleuning, M. (2022). AVONET: morphological, ecological and geographical data for all birds. Ecology Letters, 25(3), 581-597.","217.48","human modified","omnivore","terrestrial","14.97","71.19","48.8","71.45","31831405.079999998","4.8","generalist","3",1,376,"Şekercioğlu, Ç. H., Kittelberger, K. D., Mota, F. M., Buxton, A. N., Orton, N., DeNiro, A., ... & Neate-Clegg, M. H. (2025). BIRDBASE: a global dataset of avian biogeography, conservation, ecology and life history traits. Scientific Data, 12(1), 1558.","least concern","Palearctic","Temperate","not reported","1","dome","Pole, Building, Tree","2","8","female","21","22","24","30","33377656"
"Oriental Magpie","Pica serica","Pica","Madge, S., D. A. Christie, and G. M. Kirwan (2020). Oriental Magpie (Pica serica), version 1.0. In Birds of the World (S. M. Billerman, B. K. Keeney, P. G. Rodewald, and T. S. Schulenberg, Editors). Cornell Lab of Ornithology, Ithaca, NY, USA. https://doi.org/10.2173/bow.orimag1.01","yes","territorial pairs","no","not reported","not reported","Tobias, J. A., Sheard, C., Pigot, A. L., Devenish, A. J., Yang, J., Sayol, F., ... & Schleuning, M. (2022). AVONET: morphological, ecological and geographical data for all birds. Ecology Letters, 25(3), 581-597.","not reported","not reported","not reported","not reported","not reported","not reported","not reported","not reported","not reported","Şekercioğlu, Ç. H., Kittelberger, K. D., Mota, F. M., Buxton, A. N., Orton, N., DeNiro, A., ... & Neate-Clegg, M. H. (2025). BIRDBASE: a global dataset of avian biogeography, conservation, ecology and life history traits. Scientific Data, 12(1), 1558.","208.75","not reported","not reported","not reported","not reported","not reported","not reported","not reported","not reported","not reported","not reported","3",0,1,"Şekercioğlu, Ç. H., Kittelberger, K. D., Mota, F. M., Buxton, A. N., Orton, N., DeNiro, A., ... & Neate-Clegg, M. H. (2025). BIRDBASE: a global dataset of avian biogeography, conservation, ecology and life history traits. Scientific Data, 12(1), 1558.","not reported","Palearctic, Indomalayan","Tropical-Temperate","not reported","1.0969100130080565","dome","Pole, Building, Tree","2","8","female","21","22","24","30","15310919"
"Bornean Black Magpie","Platysmurus aterrimus","Platysmurus","Kirwan, G. M., J. del Hoyo, D. A. Christie, N. Collar, P. Pyle, and C. Hansasuta (2024). Bornean Black Magpie (Platysmurus aterrimus), version 1.0. In Birds of the World (G. M. Kirwan, B. K. Keeney, and P. N. Maleko, Editors). Cornell Lab of Ornithology, Ithaca, NY, USA. https://doi.org/10.2173/bow.blkmag2.01","no","not reported","not reported","not reported","not reported","Tobias, J. A., Sheard, C., Pigot, A. L., Devenish, A. J., Yang, J., Sayol, F., ... & Schleuning, M. (2022). AVONET: morphological, ecological and geographical data for all birds. Ecology Letters, 25(3), 581-597.","37.700000000000003","26.6","11.7","15.9","35.5","179.4","27.7","15.5","163.80000000000001","Tobias, J. A., Sheard, C., Pigot, A. L., Devenish, A. J., Yang, J., Sayol, F., ... & Schleuning, M. (2022). AVONET: morphological, ecological and geographical data for all birds. Ecology Letters, 25(3), 581-597.","180","forest","omnivore","insessorial","-4.83","7.36","1","114.3","675743.4","not reported","not reported","5",0,0,"Şekercioğlu, Ç. H., Kittelberger, K. D., Mota, F. M., Buxton, A. N., Orton, N., DeNiro, A., ... & Neate-Clegg, M. H. (2025). BIRDBASE: a global dataset of avian biogeography, conservation, ecology and life history traits. Scientific Data, 12(1), 1558.","least concern","Indomalayan","Tropical","300","1.045757490560675","platform; half cup, shallow","Shrub, Bush, Vine; Tree","2","3","not reported","18","22","20","25","not reported"
"Malayan Black Magpie","Platysmurus leucopterus","Platysmurus","Kirwan, G. M., J. del Hoyo, D. A. Christie, and N. Collar (2021). Black Magpie (Platysmurus leucopterus), version 2.0. In Birds of the World (G. M. Kirwan and P. N. Maleko, Editors). Cornell Lab of Ornithology, Ithaca, NY, USA. https://doi.org/10.2173/bow.blamag1.02","no","not reported","not reported","not reported","not reported","Tobias, J. A., Sheard, C., Pigot, A. L., Devenish, A. J., Yang, J., Sayol, F., ... & Schleuning, M. (2022). AVONET: morphological, ecological and geographical data for all birds. Ecology Letters, 25(3), 581-597.","35.799999999999997","26.2","12.3","17.2","36.9","186","24.5","13.3","179","Tobias, J. A., Sheard, C., Pigot, A. L., Devenish, A. J., Yang, J., Sayol, F., ... & Schleuning, M. (2022). AVONET: morphological, ecological and geographical data for all birds. Ecology Letters, 25(3), 581-597.","180","forest","omnivore","insessorial","-6.08","14.09","1.93","101.28","624071.23","not reported","not reported","5",0,0,"Şekercioğlu, Ç. H., Kittelberger, K. D., Mota, F. M., Buxton, A. N., Orton, N., DeNiro, A., ... & Neate-Clegg, M. H. (2025). BIRDBASE: a global dataset of avian biogeography, conservation, ecology and life history traits. Scientific Data, 12(1), 1558.","least concern","Indomalayan","Tropical","300","1.045757490560675","platform; half cup, shallow","Shrub, Tree","2","3","not reported","18","22","20","25","233533"
"Xinjiang Ground Jay","Podoces biddulphi","Podoces","Madge, S. (2020). Xinjiang Ground-Jay (Podoces biddulphi), version 1.0. In Birds of the World (J. del Hoyo, A. Elliott, J. Sargatal, D. A. Christie, and E. de Juana, Editors). Cornell Lab of Ornithology, Ithaca, NY, USA. https://doi.org/10.2173/bow.xigjay1.01","no","territorial pairs","not reported","not reported","not reported","Tobias, J. A., Sheard, C., Pigot, A. L., Devenish, A. J., Yang, J., Sayol, F., ... & Schleuning, M. (2022). AVONET: morphological, ecological and geographical data for all birds. Ecology Letters, 25(3), 581-597.","53.8","40.799999999999997","9.5","10.3","44.4","148.6","35.6","24","99.3","Tobias, J. A., Sheard, C., Pigot, A. L., Devenish, A. J., Yang, J., Sayol, F., ... & Schleuning, M. (2022). AVONET: morphological, ecological and geographical data for all birds. Ecology Letters, 25(3), 581-597.","130.50","desert","omnivore","terrestrial","36.729999999999997","42.12","39.5","83.1","420108.26","not reported","unclassified","not reported",0,5,"Şekercioğlu, Ç. H., Kittelberger, K. D., Mota, F. M., Buxton, A. N., Orton, N., DeNiro, A., ... & Neate-Clegg, M. H. (2025). BIRDBASE: a global dataset of avian biogeography, conservation, ecology and life history traits. Scientific Data, 12(1), 1558.","near-threatened","Palearctic","Temperate","300","1.2218487496163564","cup, bowl","Ground, Tree","1","3","not reported","not reported","not reported","not reported","not reported","342574"
"Mongolian Ground Jay","Podoces hendersoni","Podoces","Madge, S. (2020). Mongolian Ground-Jay (Podoces hendersoni), version 1.0. In Birds of the World (J. del Hoyo, A. Elliott, J. Sargatal, D. A. Christie, and E. de Juana, Editors). Cornell Lab of Ornithology, Ithaca, NY, USA. https://doi.org/10.2173/bow.mogjay1.01","no","territorial pairs","not reported","not reported","not reported","Tobias, J. A., Sheard, C., Pigot, A. L., Devenish, A. J., Yang, J., Sayol, F., ... & Schleuning, M. (2022). AVONET: morphological, ecological and geographical data for all birds. Ecology Letters, 25(3), 581-597.","43.7","32.4","9.9","9.8000000000000007","41","139.4","30.1","21.6","101.3","Tobias, J. A., Sheard, C., Pigot, A. L., Devenish, A. J., Yang, J., Sayol, F., ... & Schleuning, M. (2022). AVONET: morphological, ecological and geographical data for all birds. Ecology Letters, 25(3), 581-597.","120.49","desert","omnivore","terrestrial","38.950000000000003","52.84","44.51","94.48","1783211.45","3.8","specialist","not reported",0,1,"Şekercioğlu, Ç. H., Kittelberger, K. D., Mota, F. M., Buxton, A. N., Orton, N., DeNiro, A., ... & Neate-Clegg, M. H. (2025). BIRDBASE: a global dataset of avian biogeography, conservation, ecology and life history traits. Scientific Data, 12(1), 1558.","least concern","Palearctic","Temperate","700","0.92081875395237522","cup, bowl","Shrub","3","4","not reported","not reported","not reported","not reported","not reported","575433"
"Turkestan Ground Jay","Podoces panderi","Podoces","Madge, S. (2020). Turkestan Ground-Jay (Podoces panderi), version 1.0. In Birds of the World (J. del Hoyo, A. Elliott, J. Sargatal, D. A. Christie, and E. de Juana, Editors). Cornell Lab of Ornithology, Ithaca, NY, USA. https://doi.org/10.2173/bow.tugjay1.01","no","territorial pairs","not reported","not reported","not reported","Tobias, J. A., Sheard, C., Pigot, A. L., Devenish, A. J., Yang, J., Sayol, F., ... & Schleuning, M. (2022). AVONET: morphological, ecological and geographical data for all birds. Ecology Letters, 25(3), 581-597.","32.1","22.4","7.9","7.6","40.799999999999997","119.7","25.6","21.4","89.9","Tobias, J. A., Sheard, C., Pigot, A. L., Devenish, A. J., Yang, J., Sayol, F., ... & Schleuning, M. (2022). AVONET: morphological, ecological and geographical data for all birds. Ecology Letters, 25(3), 581-597.","91.10","desert","omnivore","terrestrial","37.78","46.43","41.08","61.23","291415.99","not reported","specialist","not reported",0,1,"Şekercioğlu, Ç. H., Kittelberger, K. D., Mota, F. M., Buxton, A. N., Orton, N., DeNiro, A., ... & Neate-Clegg, M. H. (2025). BIRDBASE: a global dataset of avian biogeography, conservation, ecology and life history traits. Scientific Data, 12(1), 1558.","least concern","Palearctic","Temperate","1000","0.92081875395237522","cup, bowl; dome","Ground, Shrub","4","5","female","16","19","17","18","97645"
"Iranian Ground Jay","Podoces pleskei","Podoces","Madge, S. (2020). Iranian Ground-Jay (Podoces pleskei), version 1.0. In Birds of the World (J. del Hoyo, A. Elliott, J. Sargatal, D. A. Christie, and E. de Juana, Editors). Cornell Lab of Ornithology, Ithaca, NY, USA. https://doi.org/10.2173/bow.irgjay1.01","no","territorial pairs","not reported","not reported","not reported","Tobias, J. A., Sheard, C., Pigot, A. L., Devenish, A. J., Yang, J., Sayol, F., ... & Schleuning, M. (2022). AVONET: morphological, ecological and geographical data for all birds. Ecology Letters, 25(3), 581-597.","38.799999999999997","28.8","8.9","8.6999999999999993","43.4","118.8","24.4","20.6","82.2","Tobias, J. A., Sheard, C., Pigot, A. L., Devenish, A. J., Yang, J., Sayol, F., ... & Schleuning, M. (2022). AVONET: morphological, ecological and geographical data for all birds. Ecology Letters, 25(3), 581-597.","87.46","desert","omnivore","terrestrial","27.53","36.46","32.049999999999997","55.97","219917.49","not reported","specialist","not reported",0,3,"Şekercioğlu, Ç. H., Kittelberger, K. D., Mota, F. M., Buxton, A. N., Orton, N., DeNiro, A., ... & Neate-Clegg, M. H. (2025). BIRDBASE: a global dataset of avian biogeography, conservation, ecology and life history traits. Scientific Data, 12(1), 1558.","least concern","Palearctic","Temperate","1100","1.2218487496163564","cup, bowl","Shrub","4","6","not reported","not reported","not reported","15","18","97392"
"Piapiac","Ptilostomus afer","Ptilostomus","Madge, S. (2020). Piapiac (Ptilostomus afer), version 1.0. In Birds of the World (J. del Hoyo, A. Elliott, J. Sargatal, D. A. Christie, and E. de Juana, Editors). Cornell Lab of Ornithology, Ithaca, NY, USA. https://doi.org/10.2173/bow.piapia1.01","no","groups","yes","not reported","not reported","Tobias, J. A., Sheard, C., Pigot, A. L., Devenish, A. J., Yang, J., Sayol, F., ... & Schleuning, M. (2022). AVONET: morphological, ecological and geographical data for all birds. Ecology Letters, 25(3), 581-597.","37.1","29.4","12.1","14.3","48.2","165.1","41.6","25.2","258","Tobias, J. A., Sheard, C., Pigot, A. L., Devenish, A. J., Yang, J., Sayol, F., ... & Schleuning, M. (2022). AVONET: morphological, ecological and geographical data for all birds. Ecology Letters, 25(3), 581-597.","128","grassland","omnivore","terrestrial","-1.1499999999999999","16.79","10.06","7.85","3779257.09","2.66","not reported","not reported",0,2,"Şekercioğlu, Ç. H., Kittelberger, K. D., Mota, F. M., Buxton, A. N., Orton, N., DeNiro, A., ... & Neate-Clegg, M. H. (2025). BIRDBASE: a global dataset of avian biogeography, conservation, ecology and life history traits. Scientific Data, 12(1), 1558.","least concern","Afrotropical","Tropical","1500","0.82390874094431876","cup, bowl","Tree","3","7","not reported","not reported","not reported","not reported","not reported","3344104"
"Alpine Chough","Pyrrhocorax graculus","Pyrrhocorax","Madge, S. (2020). Yellow-billed Chough (Pyrrhocorax graculus), version 1.0. In Birds of the World (J. del Hoyo, A. Elliott, J. Sargatal, D. A. Christie, and E. de Juana, Editors). Cornell Lab of Ornithology, Ithaca, NY, USA. https://doi.org/10.2173/bow.yebcho1.01","no","territorial pairs","no","not reported","not reported","Tobias, J. A., Sheard, C., Pigot, A. L., Devenish, A. J., Yang, J., Sayol, F., ... & Schleuning, M. (2022). AVONET: morphological, ecological and geographical data for all birds. Ecology Letters, 25(3), 581-597.","36.200000000000003","22.2","9.3000000000000007","9.8000000000000007","43.8","267.39999999999998","98.5","36.700000000000003","163.5","Tobias, J. A., Sheard, C., Pigot, A. L., Devenish, A. J., Yang, J., Sayol, F., ... & Schleuning, M. (2022). AVONET: morphological, ecological and geographical data for all birds. Ecology Letters, 25(3), 581-597.","211","rock","invertivore","terrestrial","27.23","52.77","38.96","65.010000000000005","3556954.7","3.81","generalist","3",0,30,"Şekercioğlu, Ç. H., Kittelberger, K. D., Mota, F. M., Buxton, A. N., Orton, N., DeNiro, A., ... & Neate-Clegg, M. H. (2025). BIRDBASE: a global dataset of avian biogeography, conservation, ecology and life history traits. Scientific Data, 12(1), 1558.","least concern","Palearctic","Temperate","3740","0.92081875395237522","cavity","Building, Rock","3","6","female","18","21","29","31","4688985"
"Red-billed Chough","Pyrrhocorax pyrrhocorax","Pyrrhocorax","Madge, S. (2020). Red-billed Chough (Pyrrhocorax pyrrhocorax), version 1.0. In Birds of the World (J. del Hoyo, A. Elliott, J. Sargatal, D. A. Christie, and E. de Juana, Editors). Cornell Lab of Ornithology, Ithaca, NY, USA. https://doi.org/10.2173/bow.rebcho1.01","no","territorial pairs","no","not reported","not reported","Tobias, J. A., Sheard, C., Pigot, A. L., Devenish, A. J., Yang, J., Sayol, F., ... & Schleuning, M. (2022). AVONET: morphological, ecological and geographical data for all birds. Ecology Letters, 25(3), 581-597.","54.6","43.7","12.2","12.6","52.5","284.5","111","39","133.30000000000001","Tobias, J. A., Sheard, C., Pigot, A. L., Devenish, A. J., Yang, J., Sayol, F., ... & Schleuning, M. (2022). AVONET: morphological, ecological and geographical data for all birds. Ecology Letters, 25(3), 581-597.","276.68","rock","invertivore","terrestrial","5.45","57.54","40.200000000000003","85.68","12981520.529999999","5.86","generalist","13",1,62,"Şekercioğlu, Ç. H., Kittelberger, K. D., Mota, F. M., Buxton, A. N., Orton, N., DeNiro, A., ... & Neate-Clegg, M. H. (2025). BIRDBASE: a global dataset of avian biogeography, conservation, ecology and life history traits. Scientific Data, 12(1), 1558.","least concern","Afrotropical, Palearctic","Tropical-Temperate","6000","1.045757490560675","cavity","Building, Rock","3","5","female","17","21","35","41","16061318"
"Ratchet-tailed Treepie","Temnurus temnurus","Temnurus","Madge, S. (2020). Ratchet-tailed Treepie (Temnurus temnurus), version 1.0. In Birds of the World (J. del Hoyo, A. Elliott, J. Sargatal, D. A. Christie, and E. de Juana, Editors). Cornell Lab of Ornithology, Ithaca, NY, USA. https://doi.org/10.2173/bow.rattre2.01","no","territorial pairs","not reported","not reported","not reported","Tobias, J. A., Sheard, C., Pigot, A. L., Devenish, A. J., Yang, J., Sayol, F., ... & Schleuning, M. (2022). AVONET: morphological, ecological and geographical data for all birds. Ecology Letters, 25(3), 581-597.","30.2","18.899999999999999","8.8000000000000007","11.6","29.2","131.6","16.8","12.7","171.3","Tobias, J. A., Sheard, C., Pigot, A. L., Devenish, A. J., Yang, J., Sayol, F., ... & Schleuning, M. (2022). AVONET: morphological, ecological and geographical data for all birds. Ecology Letters, 25(3), 581-597.","138","forest","invertivore","insessorial","11.9","23.18","19.100000000000001","106.26","266868.95","not reported","not reported","7",0,1,"Şekercioğlu, Ç. H., Kittelberger, K. D., Mota, F. M., Buxton, A. N., Orton, N., DeNiro, A., ... & Neate-Clegg, M. H. (2025). BIRDBASE: a global dataset of avian biogeography, conservation, ecology and life history traits. Scientific Data, 12(1), 1558.","least concern","Indomalayan","Tropical","1500","1.5228787452803376","not reported","not reported","2","2","not reported","not reported","not reported","not reported","not reported","177016"
"Taiwan Blue Magpie","Urocissa caerulea","Urocissa","Madge, S. (2020). Taiwan Blue-Magpie (Urocissa caerulea), version 1.0. In Birds of the World (J. del Hoyo, A. Elliott, J. Sargatal, D. A. Christie, and E. de Juana, Editors). Cornell Lab of Ornithology, Ithaca, NY, USA. https://doi.org/10.2173/bow.formag1.01","no","groups","yes","not reported","not reported","Tobias, J. A., Sheard, C., Pigot, A. L., Devenish, A. J., Yang, J., Sayol, F., ... & Schleuning, M. (2022). AVONET: morphological, ecological and geographical data for all birds. Ecology Letters, 25(3), 581-597.","45.8","27.5","13.1","16.600000000000001","51.3","198.9","29.5","14.8","386.8","Tobias, J. A., Sheard, C., Pigot, A. L., Devenish, A. J., Yang, J., Sayol, F., ... & Schleuning, M. (2022). AVONET: morphological, ecological and geographical data for all birds. Ecology Letters, 25(3), 581-597.","256.98","forest","omnivore","insessorial","21.9","25.28","23.8","121.1","20500.71","4.46","generalist","4",1,2,"Şekercioğlu, Ç. H., Kittelberger, K. D., Mota, F. M., Buxton, A. N., Orton, N., DeNiro, A., ... & Neate-Clegg, M. H. (2025). BIRDBASE: a global dataset of avian biogeography, conservation, ecology and life history traits. Scientific Data, 12(1), 1558.","least concern","Indomalayan, Palearctic","Tropical-Temperate","600","1.6989700043360187","platform","Tree","5","6","not reported","not reported","not reported","not reported","not reported","6114"
"Red-billed Blue Magpie","Urocissa erythroryncha","Urocissa","Madge, S. (2020). Red-billed Blue-Magpie (Urocissa erythroryncha), version 1.0. In Birds of the World (J. del Hoyo, A. Elliott, J. Sargatal, D. A. Christie, and E. de Juana, Editors). Cornell Lab of Ornithology, Ithaca, NY, USA. https://doi.org/10.2173/bow.rbbmag.01","no","groups","not reported","not reported","not reported","Tobias, J. A., Sheard, C., Pigot, A. L., Devenish, A. J., Yang, J., Sayol, F., ... & Schleuning, M. (2022). AVONET: morphological, ecological and geographical data for all birds. Ecology Letters, 25(3), 581-597.","38.700000000000003","22.5","12.1","13","45.3","181.3","35","19.3","366.3","Tobias, J. A., Sheard, C., Pigot, A. L., Devenish, A. J., Yang, J., Sayol, F., ... & Schleuning, M. (2022). AVONET: morphological, ecological and geographical data for all birds. Ecology Letters, 25(3), 581-597.","151.52","forest","omnivore","insessorial","11.63","41.17","26.37","107.36","4461983.1100000003","4.25","generalist","5",1,0,"Şekercioğlu, Ç. H., Kittelberger, K. D., Mota, F. M., Buxton, A. N., Orton, N., DeNiro, A., ... & Neate-Clegg, M. H. (2025). BIRDBASE: a global dataset of avian biogeography, conservation, ecology and life history traits. Scientific Data, 12(1), 1558.","least concern","Indomalayan, Palearctic","Tropical-Temperate","1500","0.92081875395237522","cup, bowl; platform","Tree","3","5","female","not reported","not reported","not reported","not reported","1870375"
"Yellow-billed Blue Magpie","Urocissa flavirostris","Urocissa","Madge, S. (2020). Yellow-billed Blue-Magpie (Urocissa flavirostris), version 1.0. In Birds of the World (J. del Hoyo, A. Elliott, J. Sargatal, D. A. Christie, and E. de Juana, Editors). Cornell Lab of Ornithology, Ithaca, NY, USA. https://doi.org/10.2173/bow.gobmag1.01","no","groups","not reported","not reported","not reported","Tobias, J. A., Sheard, C., Pigot, A. L., Devenish, A. J., Yang, J., Sayol, F., ... & Schleuning, M. (2022). AVONET: morphological, ecological and geographical data for all birds. Ecology Letters, 25(3), 581-597.","39.4","22.9","12.1","13.3","47.6","184.8","26.5","14.3","392.4","Tobias, J. A., Sheard, C., Pigot, A. L., Devenish, A. J., Yang, J., Sayol, F., ... & Schleuning, M. (2022). AVONET: morphological, ecological and geographical data for all birds. Ecology Letters, 25(3), 581-597.","149.19","forest","omnivore","insessorial","21.31","35.17","28.24","87.92","304129.15999999997","not reported","not reported","4",1,3,"Şekercioğlu, Ç. H., Kittelberger, K. D., Mota, F. M., Buxton, A. N., Orton, N., DeNiro, A., ... & Neate-Clegg, M. H. (2025). BIRDBASE: a global dataset of avian biogeography, conservation, ecology and life history traits. Scientific Data, 12(1), 1558.","least concern","Indomalayan, Palearctic","Tropical-Temperate","2600","1.045757490560675","cup, bowl; platform","Tree","3","4","female","not reported","not reported","not reported","not reported","1672930"
"Sri Lanka Blue Magpie","Urocissa ornata","Urocissa","Madge, S. (2020). Sri Lanka Blue-Magpie (Urocissa ornata), version 1.0. In Birds of the World (J. del Hoyo, A. Elliott, J. Sargatal, D. A. Christie, and E. de Juana, Editors). Cornell Lab of Ornithology, Ithaca, NY, USA. https://doi.org/10.2173/bow.ceymag1.01","no","territorial pairs","not reported","not reported","not reported","Tobias, J. A., Sheard, C., Pigot, A. L., Devenish, A. J., Yang, J., Sayol, F., ... & Schleuning, M. (2022). AVONET: morphological, ecological and geographical data for all birds. Ecology Letters, 25(3), 581-597.","42.6","24.2","11.6","15.5","43.1","165.8","24.2","14.6","240.9","Tobias, J. A., Sheard, C., Pigot, A. L., Devenish, A. J., Yang, J., Sayol, F., ... & Schleuning, M. (2022). AVONET: morphological, ecological and geographical data for all birds. Ecology Letters, 25(3), 581-597.","196","forest","omnivore","insessorial","6.17","7.47","6.95","80.45","5325.88","2.98","not reported","6",1,1,"Şekercioğlu, Ç. H., Kittelberger, K. D., Mota, F. M., Buxton, A. N., Orton, N., DeNiro, A., ... & Neate-Clegg, M. H. (2025). BIRDBASE: a global dataset of avian biogeography, conservation, ecology and life history traits. Scientific Data, 12(1), 1558.","vulnerable","Indomalayan","Tropical","2050","1.5228787452803376","not reported","Tree","3","5","not reported","not reported","not reported","not reported","not reported","1354"
"White-winged Magpie","Urocissa whiteheadi","Urocissa","Kirwan, G. M., S. Madge, and D. A. Christie (2022). White-winged Magpie (Urocissa whiteheadi), version 2.0. In Birds of the World (B. K. Keeney, Editor). Cornell Lab of Ornithology, Ithaca, NY, USA. https://doi.org/10.2173/bow.whwmag1.02","no","not reported","not reported","not reported","not reported","Tobias, J. A., Sheard, C., Pigot, A. L., Devenish, A. J., Yang, J., Sayol, F., ... & Schleuning, M. (2022). AVONET: morphological, ecological and geographical data for all birds. Ecology Letters, 25(3), 581-597.","48.9","28","13.4","15.2","50.2","203","28.6","13.4","236","Tobias, J. A., Sheard, C., Pigot, A. L., Devenish, A. J., Yang, J., Sayol, F., ... & Schleuning, M. (2022). AVONET: morphological, ecological and geographical data for all birds. Ecology Letters, 25(3), 581-597.","200","forest","omnivore","insessorial","18.16","20.13","19.2","109.74","33794.26","not reported","not reported","4",0,1,"Şekercioğlu, Ç. H., Kittelberger, K. D., Mota, F. M., Buxton, A. N., Orton, N., DeNiro, A., ... & Neate-Clegg, M. H. (2025). BIRDBASE: a global dataset of avian biogeography, conservation, ecology and life history traits. Scientific Data, 12(1), 1558.","endangered","Indomalayan","Temperate","1350","1.0969100130080565","platform","not reported","6","6","not reported","not reported","not reported","not reported","not reported","191291"
"Ethiopian Bushcrow","Zavattariornis stresemanni","Zavattariornis","Madge, S. and E. de Juana (2020). Stresemann's Bush-Crow (Zavattariornis stresemanni), version 1.0. In Birds of the World (J. del Hoyo, A. Elliott, J. Sargatal, D. A. Christie, and E. de Juana, Editors). Cornell Lab of Ornithology, Ithaca, NY, USA. https://doi.org/10.2173/bow.stbcro1.01","no","groups","yes","not reported","not reported","Tobias, J. A., Sheard, C., Pigot, A. L., Devenish, A. J., Yang, J., Sayol, F., ... & Schleuning, M. (2022). AVONET: morphological, ecological and geographical data for all birds. Ecology Letters, 25(3), 581-597.","35.700000000000003","24","7.9","9.6999999999999993","40.299999999999997","140.80000000000001","35.6","25.3","121.8","Tobias, J. A., Sheard, C., Pigot, A. L., Devenish, A. J., Yang, J., Sayol, F., ... & Schleuning, M. (2022). AVONET: morphological, ecological and geographical data for all birds. Ecology Letters, 25(3), 581-597.","130","shrubland","invertivore","terrestrial","3.67","5.07","4.3899999999999997","38.31","4600.83","not reported","not reported","6",0,14,"Şekercioğlu, Ç. H., Kittelberger, K. D., Mota, F. M., Buxton, A. N., Orton, N., DeNiro, A., ... & Neate-Clegg, M. H. (2025). BIRDBASE: a global dataset of avian biogeography, conservation, ecology and life history traits. Scientific Data, 12(1), 1558.","endangered","Afrotropical","Tropical","500","1.5228787452803376","sphere, globular","Tree","6","6","not reported","not reported","not reported","not reported","not reported","1063"
