species,ID at source,Tribe,Reference,Locality,Region/State,Abdomen slope (¬∞C/¬∞C),Ability to roll (ratio),Age,Anterior femur area (mean) (mm¬≤),Anterior femur area female SE (mm¬≤),Anterior femur area forest SE (mm¬≤),Anterior femur area male SE (mm¬≤),Anterior femur area pasture SE (mm¬≤),Anterior tibia area (mean) (mm¬≤),Anterior tibia area female SE (mm¬≤),Anterior tibia area forest SE (mm¬≤),Anterior tibia area male SE (mm¬≤),Anterior tibia area pasture SE (mm¬≤),Anterior tibia length (mean) (mm),Anterior tibia length female SE (mm),Anterior tibia length forest SE (mm),Anterior tibia length male SE (mm),Anterior tibia length pasture SE (mm),Biomass (forest) (g),Biomass (g),Biomass (mean - g) (g),Biomass (pastures) (g),Biomass (silvopastoral systems with pines) (g),Biomass (silvopastoral with native vegetation) (g),Biomass SD (g),Body area (mean) (mm¬≤),Body area female SE (mm¬≤),Body area in forest SE (mm¬≤),Body area in pasture SE (mm¬≤),Body area male SE (mm¬≤),Body size (categoric),Body size (mm),Body size maximum (mm),Body size minimum (mm),Body size SD (mm),Body thickness female SE (mm),Body thickness forest SE (mm),Body thickness male SE (mm),Body thickness pasture SE (mm),Burial depth (cm),Centroid size (mm),Centroid size SD (mm),Code,Diel activity,Diet,Direction (¬∞),Distance moved (m),Elytra width female SE (mm),Elytra width forest SE (mm),Elytra width male SE (mm),Elytra width pasture SE (mm),Endothermy (¬∞C),Excavation capacity (ratio),Eye dorsal area (mm¬≤),Flight capacity (ratio),Habitat specificity,Head area (mean) (mm¬≤),Head area female SE (mm¬≤),Head area in forest SE (mm¬≤),Head area male SE (mm¬≤),Head area pasture SE (mm¬≤),Head length (mm),Head width (mm),Horizontal displacement (m),Levins standardized index (dimensionless),Metatibia length (mm),Minimum thoracic take off temperature (¬∞C),Movement rate (m/day),Muscle strength (ratio),Nest,Pear/ball nest,Primary disperser Muriqui (%),Primary disperser Tapir (%),Pronotum width (mm),Pronotum width (mean) (mm),Pronotum width female SE (mm),Pronotum width in forest SE (mm),Pronotum width in pasture SE (mm),Pronotum width male SE (mm),Prosternum height (mm),Protibia area (mm¬≤),Relative abundance (%),Relocation behavior,Sex,Spatial range distribution,"Sphericity (mean, dimensionless)",Sphericity female SE (dimensionless),Sphericity forest SE (dimensionless),Sphericity male SE (dimensionless),Sphericity pasture SE (dimensionless),Thorax slope (¬∞C/¬∞C),Tooth width (mean) (mm),Tooth width female SE (mm),Tooth width forest SE (mm),Tooth width male SE (mm),Tooth width pasture SE (mm),Total length (mean) (mm),Total length female SE (mm),Total length forest SE (mm),Total length male SE (mm),Total length pasture SE (mm),Up down,Volume (mm¬≥),Wing area (mm¬≤),Wing aspect ratio (dimensionless),Wing aspect ratio (mean - g) (dimensionless/g),Wing length (mm),Wing loading (g/mm¬≤),Wing loading (mean) (g/mm¬≤),Wing shape (dimensionless),Wing width (mm)
"Agamopus convexus Balthasar, 1942",Agamopus convexus,Ateuchini,https://doi.org/10.1007/s10841-022-00412-4,,Pernambuco/Brazil,,,,,,,,,,,,,,,,,,,,,,,,,,,,,,,Small,,,,,,,,,,,,,,Coprophagous,,,,,,,,,,,Forest specialist,,,,,,,,,,,,,,,,,,,,,,,,,,,Roller,,,,,,,,,,,,,,,,,,,,,,,,,,,,
Anomiopus sp.,,Deltochilini,https://doi.org/10.1016/j.biocon.2013.11.023,,Bahia/Brazil,,,,,,,,,,,,,,,,,,,,0.002988,,,,,,,,,,,,,,,,,,,,,,,,,,,,,,,,,,,,,,,,,,,,,,,,,,,,,,,,,,,,,,,,,,,,,,,,,,,,,,,,,,,,,,,,,,,
Anomiopus sp.,,Deltochilini,https://doi.org/10.1002/eap.1562,,Bahia/Brazil,,,,,,,,,,,,,,,,,,,,,,,,,,,,,,,Small,,,,,,,,,,,,,,,,,,,,,,,,,,,,,,,,,,,,,,,,,,,,,,,,,,,,,,,,,,,,,,,,,,,,,,,,,,,,,,,,
Anomiopus sp.1,,Deltochilini,https://doi.org/10.1016/j.ecolind.2020.106534,,Bahia/Brazil,,,,,,,,,,,,,,,,,,,,,,,,,,,,,,,,3.83,,,,,,,,,,,,,,,,,,,,,,,,,,,,,,,,,,0.79,,,,,,,,,,,,,,,0.24,,Tunneler,,,,,,,,,,,,,,,,,,,,,,,,,,,,
Anomiopus sp.2,,Deltochilini,https://doi.org/10.1016/j.ecolind.2020.106534,,Bahia/Brazil,,,,,,,,,,,,,,,,,,,,,,,,,,,,,,,,2.76,,,,,,,,,,,,,,,,,,,,,,,,,,,,,,,,,,0.82,,,,,,,,,,,,,,,0.09,,Tunneler,,,,,,,,,,,,,,,,,,,,,,,,,,,,
"Aphengium curtum Silva & Vaz-de-Mello, 2015",,Ateuchini,https://doi.org/10.1016/j.ecolind.2020.106534,,Bahia/Brazil,,,,,,,,,,,,,,,,,,,,,,,,,,,,,,,,5.41,,,,,,,,,,,,,Generalist,,,,,,,,,,,,,,,,,,,,,,,,,,,,,,,,,,,,,,Tunneler,,,,,,,,,,,,,,,,,,,,,,,,,,,,
"Aphengium ibateguara Silva & Vaz-de-Mello, 2015",Aphengium aff. sordidum,Ateuchini,https://doi.org/10.1007/s10841-022-00412-4,,Pernambuco/Brazil,,,,,,,,,,,,,,,,,,,,,,,,,,,,,,,Small,,,,,,,,,,,,,,Coprophagous,,,,,,,,,,,Forest specialist,,,,,,,,,,1.54,,,,,,,,,,,,,,,0.36,,Tunneler,,,,,,,,,,,,,,,,,,,,,,,,,,,,
Ateuchus aff. alipioi,,Ateuchini,https://doi.org/10.1007/s10841-022-00412-4,,Pernambuco/Brazil,,,,,,,,,,,,,,,,,,,,,,,,,,,,,,,Small,,,,,,,,,,,,,,Coprophagous,,,,,,,,,,,Forest specialist,,,,,,,,,,,,,,,,,,,,,,,,,,,Tunneler,,,,,,,,,,,,,,,,,,,,,,,,,,,,
Ateuchus aff. carbonarius,,Ateuchini,https://doi.org/10.1649/0010-065X-73.3.693,Nova Veneza,Santa Catarina/Brazil,,,,,,,,,,,,,,,,,,,,,,,,,,,,,,,Small,,,,,,,,,,,,,,Coprophagous,,,,,,,,,,,,,,,,,,,,,,,,,,,,,,,,,,,,,rare,Tunneler,,narrow,,,,,,,,,,,,,,,,,,,,,,,,,,
Ateuchus aff. carbonarius,,Ateuchini,https://doi.org/10.1590/S0073-47212012000200012,,Rio Grande do Sul/Brazil,,,,,,,,,,,,,,,,,,,,,,,,,,,,,,,,,,,,,,,,,,,,,,,,,,,,,,,,,,,,,,,,,,,,,,,,,,,,,,,,,,,Tunneler,,,,,,,,,,,,,,,,,,,,,,,,,,,,
Ateuchus aff. carbonarius,,Ateuchini,https://doi.org/10.1590/S0001-37652013005000033,,Rio Grande do Sul/Brazil,,,,,,,,,,,,,,,,,,,,,,,,,,,,,,,,,,,,,,,,,,,,,,,,,,,,,,,,,,,,,,,,,,,,,,,,,,,,,,,,,,,Tunneler,,,,,,,,,,,,,,,,,,,,,,,,,,,,
Ateuchus aff. histrio,,Ateuchini,https://doi.org/10.1673/031.011.0113,,Sao Paulo/Brazil,,,,,,,,,,,,,,,,,,,,,,,,,,,,,,,,6.51,,,0.449,,,,,,8.85,0.378,,Diurnal,,,,,,,,,,,,,,,,,,,,,,,,,,,,,,,,,,,,,,,,,,,,,,,,,,,,,,,,,,,,,,,,,,,
Ateuchus aff. robustus,,Ateuchini,https://doi.org/10.1590/S0001-37652013005000033,,Rio Grande do Sul/Brazil,,,,,,,,,,,,,,,,,,,,,,,,,,,,,,,,,,,,,,,,,,,,,,,,,,,,,,,,,,,,,,,,,,,,,,,,,,,,,,,,,,,,,,,,,,,,,,,,,,,,,,,,,,,,,,,
"Ateuchus carbonarius (Harold, 1868)",,Ateuchini,https://doi.org/10.1016/j.biocon.2023.109957,,Sao Paulo/Brazil,,,,,,,,,,,,,,,,,,,,,,,,,,,,,,,,,,,,,,,,,,,,,,,,,,,,,,,,Forest specialist,,,,,,,,,,,,,,,,,,,,,,,,,,,Tunneler,,,,,,,,,,,,,,,,,,,,,,,,,,,,
"Ateuchus carbonarius (Harold, 1868)",,Ateuchini,https://doi.org/10.1111/btp.12418,,Sao Paulo/Brazil,,,,,,,,,,,,,,,,,,,,,,,,,,,,,,,,6.48,,,0.96,,,,,,,,,,,,,,,,,,,,,,,,,,,,,,,,,,,,,,,,,,,,,,,,,,,,,,,,,,,,,,,,,,,,,,,,,,,,
"Ateuchus carbonarius (Harold, 1868)",,Ateuchini,this study,Jarinu,Sao Paulo/Brazil,,,,,,,,,,,,,,,,,,,,,0.01728,,,,,,,,,,Small,,,,,,,,,,,,DM191,Nocturnal,Coprophagous,,,,,,,,,,,,,,,,,,,,,,,,,,,,,,,,,,,,,,Tunneler,,,,,,,,,,,,,,,,,,,,,22.504,12.6855144,13.20448875,8.448,0.000767863,0.000863745,,3.374
"Ateuchus carbonarius (Harold, 1868)",,Ateuchini,this study,Atibaia,Sao Paulo/Brazil,,,,,,,,,,,,,,,,,,,,,0.01728,,,,,,,,,,Small,,,,,,,,,,,,DM190,Nocturnal,Coprophagous,,,,,,,,,,,,,,,,,,,,,,,,,,,,,,,,,,,,,,Tunneler,,,,,,,,,,,,,,,,,,,,,18.007,13.7234631,13.20448875,7.86,0.000959627,0.000863745,,2.93
"Ateuchus mutilatus (Harold, 1867)",,Ateuchini,https://doi.org/10.1111/btp.12418,,Sao Paulo/Brazil,,,,,,,,,,,,,,,,,,,,,,,,,,,,,,,,13.75,,,0.94,,,,,,,,,,,,,,,,,,,,,,,,,,,,,,,,,,,,,0.92,0.97,,,,,,,,,,Tunneler,,,,,,,,,,,,,,,,,,,,,,,,,,,,
"Ateuchus oblongus (Harold, 1883)",,Ateuchini,https://doi.org/10.1371/journal.pone.0201368,,Bahia/Brazil,,,,,,,,,,,,,,,,,,,,,,,,,,,,,,,,,,,,,,,,,,,,,,,,,,,,,,,,Forest specialist,,,,,,,,,,,,,,,,0,1.94,,,,,,,,,,Tunneler,,,,,,,,,,,,,,,,,,,,,,,,,,,,
"Ateuchus oblongus (Harold, 1883)",,Ateuchini,https://doi.org/10.1016/j.ecolind.2020.106534,,Bahia/Brazil,,,,,,,,,,,,,,,,,,,,,,,,,,,,,,,,7.52,,,,,,,,,,,,,Generalist,,,,,,,,,,,,,,,,,,,,,,,,,,,,,,,,,,,,,,,,,,,,,,,,,,,,,,,,,,,,,,,,,,
"Ateuchus puncticollis (Harold, 1867)",,Ateuchini,this study,,Sao Paulo/Brazil,,,,,,,,,,,,,,,,,,,,,0.0163,,,,,,,,,,Small,,,,,,,,,,,,,Nocturnal,Coprophagous,,,,,,,,,,,,,,,,,,,,,1.84,,,,,,,,,,,,,,,0.68,,Tunneler,,,,,,,,,,,,,,,,,,,,,,,,,,,,
"Ateuchus pygidialis (Harold, 1868)",Ateuchus volxemi ,Ateuchini,https://doi.org/10.1016/j.biocon.2023.109957,,Sao Paulo/Brazil,,,,,,,,,,,,,,,,,,,,,,,,,,,,,,,,,,,,,,,,,,,,,,,,,,,,,,,,Forest specialist,,,,,,,,,,,,,,,,,,,,,,,,,,,Tunneler,,,,,,,,,,,,,,,,,,,,,,,,,,,,
"Ateuchus pygidialis (Harold, 1868)",Ateuchus volxemi ,Ateuchini,https://doi.org/10.1016/j.ecolind.2020.106534,,Bahia/Brazil,,,,,,,,,,,,,,,,,,,,,,,,,,,,,,,,5.1,,,,,,,,,,,,,,,,,,,,,,,,,,,,,,,,,,,,,,,,,,,,,,,,,,,Tunneler,,,,,,,,,,,,,,,,,,,,,,,,,,,,
"Ateuchus pygidialis (Harold, 1868)",Ateuchus volxemi ,Ateuchini,this study,Atibaia,Sao Paulo/Brazil,,,,,,,,,,,,,,,,,,,,,0.00839,,,,,,,,,,Small,,,,,,,,,,,,DM170,Nocturnal,Coprophagous,,,,,,,,,,,,,,,,,,,,,,,,,,,,,,,,,,,,,,Tunneler,,,,,,,,,,,,,,,,,,,,,,,,,,,,
"Ateuchus pygidialis (Harold, 1868)",Ateuchus volxemi ,Ateuchini,this study,Atibaia,Sao Paulo/Brazil,,,,,,,,,,,,,,,,,,,,,0.00839,,,,,,,,,,Small,,,,,,,,,,,,DM171,Nocturnal,Coprophagous,,,,,,,,,,,,,,,,,,,,,,,,,,,,,,,,,,,,,,Tunneler,,,,,,,,,,,,,,,,,,,,,,,,,,,,
"Ateuchus pygidialis (Harold, 1868)",Ateuchus volxemi ,Ateuchini,this study,Atibaia,Sao Paulo/Brazil,,,,,,,,,,,,,,,,,,,,,0.00839,,,,,,,,,,Small,,,,,,,,,,,,DM176,Nocturnal,Coprophagous,,,,,,,,,,,,,,,,,,,,,,,,,,,,,,,,,,,,,,Tunneler,,,,,,,,,,,,,,,,,,,,,,,,,,,,
"Ateuchus pygidialis (Harold, 1868)",Ateuchus volxemi ,Ateuchini,this study,Atibaia,Sao Paulo/Brazil,,,,,,,,,,,,,,,,,,,,,0.00839,,,,,,,,,,Small,,,,,,,,,,,,DM177,Nocturnal,Coprophagous,,,,,,,,,,,,,,,,,,,,,,,,,,,,,,,,,,,,,,Tunneler,,,,,,,,,,,,,,,,,,,,,,,,,,,,
"Ateuchus pygidialis (Harold, 1868)",Ateuchus volxemi ,Ateuchini,this study,Atibaia,Sao Paulo/Brazil,,,,,,,,,,,,,,,,,,,,,0.00839,,,,,,,,,,Small,,,,,,,,,,,,DM175,Nocturnal,Coprophagous,,,,,,,,,,,,,,,,,,,,,,,,,,,,,,,,,,,,,,Tunneler,,,,,,,,,,,,,,,,,,,,,,,,,,,,
"Ateuchus pygidialis (Harold, 1868)",Ateuchus volxemi ,Ateuchini,this study,Atibaia,Sao Paulo/Brazil,,,,,,,,,,,,,,,,,,,,,0.00839,,,,,,,,,,Small,,,,,,,,,,,,DM173,Nocturnal,Coprophagous,,,,,,,,,,,,,,,,,,,,,,,,,,,,,,,,,,,,,,Tunneler,,,,,,,,,,,,,,,,,,,,,,,,,,,,
"Ateuchus pygidialis (Harold, 1868)",Ateuchus volxemi ,Ateuchini,this study,Atibaia,Sao Paulo/Brazil,,,,,,,,,,,,,,,,,,,,,0.00839,,,,,,,,,,Small,,,,,,,,,,,,DM179,Nocturnal,Coprophagous,,,,,,,,,,,,,,,,,,,,,,,,,,,,,,,,,,,,,,Tunneler,,,,,,,,,,,,,,,,,,,,,,,,,,,,
"Ateuchus pygidialis (Harold, 1868)",Ateuchus volxemi ,Ateuchini,this study,Atibaia,Sao Paulo/Brazil,,,,,,,,,,,,,,,,,,,,,0.00839,,,,,,,,,,Small,,,,,,,,,,,,DM172,Nocturnal,Coprophagous,,,,,,,,,,,,,,,,,,,,,,,,,,,,,,,,,,,,,,,,,,,,,,,,,,,,,,,,,,,,,,,,,,
"Ateuchus pygidialis (Harold, 1868)",Ateuchus volxemi ,Ateuchini,this study,Atibaia,Sao Paulo/Brazil,,,,,,,,,,,,,,,,,,,,,0.00839,,,,,,,,,,Small,,,,,,,,,,,,DM174,Nocturnal,Coprophagous,,,,,,,,,,,,,,,,,,,,,,,,,,,,,,,,,,,,,,,,,,,,,,,,,,,,,,,,,,,,,,,,,,
"Ateuchus pygidialis (Harold, 1868)",Ateuchus volxemi ,Ateuchini,this study,Atibaia,Sao Paulo/Brazil,,,,,,,,,,,,,,,,,,,,,0.00839,,,,,,,,,,Small,,,,,,,,,,,,DM178,Nocturnal,Coprophagous,,,,,,,,,,,,,,,,,,,,,,,,,,,,,,,,,,,,,,Tunneler,,,,,,,,,,,,,,,,,,,,,19.441,12.24971061,12.63037916,7.716,0.000663546,0.000766943,,3.047
Ateuchus sp.,,Ateuchini,https://doi.org/10.1007/s10841-022-00412-4,,Pernambuco/Brazil,,,,,,,,,,,,,,,,,,,,,,,,,,,,,,,Small,,,,,,,,,,,,,,Coprophagous,,,,,,,,,,,Forest specialist,,,,,,,,,,,,,,,,,,,,,,,,,,,Tunneler,,,,,,,,,,,,,,,,,,,,,18.788,12.79071769,12.63037916,7.751,0.000686608,0.000766943,,3.043
Ateuchus sp.,,Ateuchini,https://doi.org/10.1016/j.apsoil.2020.103652,,Misiones Province/Argentina,,,,,,,,,,,,,,,,,,,0.68,,,0,0.04,0.02,,,,,,,,,,,,,,,,,,,,,,,,,,,,,,,,,,,,,,,,,,,,,,,,,,,,,,,,,,,Tunneler,,,,,,,,,,,,,,,,,,,,,17.002,12.0981628,12.63037916,7.171,0.000758734,0.000766943,,2.926
Ateuchus sp.1,,Ateuchini,https://doi.org/10.1016/j.biocon.2013.11.023,,Bahia/Brazil,,,,,,,,,,,,,,,,,,,,0.017324,,,,,,,,,,,,,,,,,,,,,,,,Nocturnal,Generalist,,,,,,,,,,,Forest specialist,,,,,,,,,,,,,,,,,,,,,,,,,,,Tunneler,,,,,,,,,,,,,,,,,,,,,16.097,13.15167423,12.63037916,7.275,0.000801392,0.000766943,,2.82
Ateuchus sp.1,,Ateuchini,https://doi.org/10.1002/eap.1562,,Bahia/Brazil,,,,,,,,,,,,,,,,,,,,,,,,,,,,,,,Medium,,,,,,,,,,,,,Nocturnal,Generalist,,,,,,,,,,,,,,,,,,,,,,,,,,,,,,,,,,,,,,Tunneler,,,,,,,,,,,,,,,,,,,,,15.697,12.76989004,12.63037916,7.079,0.000821813,0.000766943,,2.791
Ateuchus sp.2,,Ateuchini,https://doi.org/10.1016/j.biocon.2013.11.023,,Bahia/Brazil,,,,,,,,,,,,,,,,,,,,0.009423,,,,,,,,,,,,,,,,,,,,,,,,Nocturnal,Coprophagous,,,,,,,,,,,Forest specialist,,,,,,,,,,,,,,,,,,,,,,,,,,,Tunneler,,,,,,,,,,,,,,,,,,,,,14.835,12.72211958,12.63037916,6.869,0.000869565,0.000766943,,2.72
Ateuchus sp.2,,Ateuchini,https://doi.org/10.1002/eap.1562,,Bahia/Brazil,,,,,,,,,,,,,,,,,,,,,,,,,,,,,,,Small,,,,,,,,,,,,,Nocturnal,Coprophagous,,,,,,,,,,,,,,,,,,,,,,,,,,,,,,,,,,,,,,Tunneler,,,,,,,,,,,,,,,,,,,,,,,,,,,,
Ateuchus sp.3,,Ateuchini,https://doi.org/10.1016/j.biocon.2013.11.023,,Bahia/Brazil,,,,,,,,,,,,,,,,,,,,0.017907,,,,,,,,,,,,,,,,,,,,,,,,Nocturnal,Coprophagous,,,,,,,,,,,Forest gener,,,,,,,,,,,,,,,,0.25,0,,,,,,,,,,Tunneler,,,,,,,,,,,,,,,,,,,,,,,,,,,,
Ateuchus sp.3,,Ateuchini,https://doi.org/10.1002/eap.1562,,Bahia/Brazil,,,,,,,,,,,,,,,,,,,,,,,,,,,,,,,Medium,,,,,,,,,,,,,Nocturnal,Coprophagous,,,,,,,,,,,,,,,,,,,,,1.87,,,,,,,,,,,,,,,0.74,,Tunneler,,,,,,,,,,,,,,,,,,,,,,,,,,,,
"Ateuchus striatulus (Borre, 1886)",,Ateuchini,this study,Joanopolis,Sao Paulo/Brazil,,,,,,,,,,,,,,,,,,,,,0.0129,,,,,,,,,,Small,,,,,,,,,,,,DM193,Nocturnal,Coprophagous,,,,,,,,,,,,,,,,,,,,,,,,,,,,,,,,,,,,,,,,,,,,,,,,,,,,,,,,,,,,,,,,,,
"Ateuchus striatulus (Borre, 1886)",,Ateuchini,this study,Mairipora,Sao Paulo/Brazil,,,,,,,,,,,,,,,,,,,,,0.0129,,,,,,,,,,Small,,,,,,,,,,,,DM196,Nocturnal,Coprophagous,,,,,,,,,,,,,,,,,,,,,,,,,,,,,,,,,,,,,,Tunneler,,,,,,,,,,,,,,,,,,,,,22.823,12.21091162,12.41561547,8.347,0.000367612,0.000430278,,3.401
"Ateuchus striatulus (Borre, 1886)",,Ateuchini,this study,Joanopolis,Sao Paulo/Brazil,,,,,,,,,,,,,,,,,,,,,0.0129,,,,,,,,,,Small,,,,,,,,,,,,DM192,Nocturnal,Coprophagous,,,,,,,,,,,,,,,,,,,,,,,,,,,,,,,,,,,,,,Tunneler,,,,,,,,,,,,,,,,,,,,,21.203,12.16448616,12.41561547,8.03,0.000395699,0.000430278,,3.364
"Ateuchus striatulus (Borre, 1886)",,Ateuchini,this study,Joanopolis,Sao Paulo/Brazil,,,,,,,,,,,,,,,,,,,,,0.0129,,,,,,,,,,Small,,,,,,,,,,,,DM194,Nocturnal,Coprophagous,,,,,,,,,,,,,,,,,,,,,,,,,,,,,,,,,,,,,,Tunneler,,,,,,,,,,,,,,,,,,,,,20.509,12.69227929,12.41561547,8.067,0.000409089,0.000430278,,3.161
"Ateuchus striatulus (Borre, 1886)",,Ateuchini,this study,Mairipora,Sao Paulo/Brazil,,,,,,,,,,,,,,,,,,,,,0.0129,,,,,,,,,,Small,,,,,,,,,,,,DM195,Nocturnal,Coprophagous,,,,,,,,,,,,,,,,,,,,,,,,,,,,,,,,,,,,,,Tunneler,,,,,,,,,,,,,,,,,,,,,20.452,13.17325425,12.41561547,8.207,0.000410229,0.000430278,,3.1
"Ateuchus striatulus (Borre, 1886)",,Ateuchini,this study,Mairipora,Sao Paulo/Brazil,,,,,,,,,,,,,,,,,,,,,0.0129,,,,,,,,,,Small,,,,,,,,,,,,DM197,Nocturnal,Coprophagous,,,,,,,,,,,,,,,,,,,,,,,,,,,,,,,,,,,,,,Tunneler,,,,,,,,,,,,,,,,,,,,,19.869,12.07610348,12.41561547,7.745,0.000422266,0.000430278,,3.195
"Ateuchus subquadratus (Harold, 1868)",,Ateuchini,https://doi.org/10.1111/btp.12722,,Parana/Brazil,,,,,,,,,,,,,,,,,,,,0.05,,,,,,,,,,,,,,,,,,,,,,,,,,,,,,,,,,,,,,,,,,,,,,,,,,,,,,,,,,,,,,,Tunneler,,,,,,,,,,,,,,,,,,,,,19.572,12.13935193,12.41561547,7.707,0.000428674,0.000430278,,3.221
"Ateuchus vigilans (van Lansberge, 1874)",,Ateuchini,https://doi.org/10.1111/btp.12418,,Sao Paulo/Brazil,,,,,,,,,,,,,,,,,,,,,,,,,,,,,,,,9.58,,,2.74,,,,,,,,,,,,,,,,,,,,,,,,,,,,,,,,,,,,,,,,,,,,,,,,Tunneler,,,,,,,,,,,,,,,,,,,,,18.913,12.33194015,12.41561547,7.636,0.00044361,0.000430278,,3.076
"Ateuchus vigilans (van Lansberge, 1874)",,Ateuchini,https://doi.org/10.1016/j.ecolind.2020.106534,,Bahia/Brazil,,,,,,,,,,,,,,,,,,,,,,,,,,,,,,,,6.72,,,,,,,,,,,,,Coprophagous,,,,,,,,,,,,,,,,,,,,,,,,,,,,,,,,,,,,,,Tunneler,,,,,,,,,,,,,,,,,,,,,18.842,12.10436281,12.41561547,7.551,0.000445282,0.000430278,,3.102
"Atlantemolanum riehli (Harold, 1868)",Deltochilum riehli,Deltochilini,https://doi.org/10.1007/s42690-021-00680-8,,Rio de Janeiro/Brazil,,,,,,,,,,,,,,,,,,,,,,,,,,,,,,,,,,,,,,,,,,,,,,,,,,,,,,,,,,,,,,,,,,,,,,,,,,,,,,,,,,,Tunneler,,,,,,,,,,,,,,,,,,,,,17.992,12.5422679,12.41561547,7.511,0.000466318,0.000430278,,3.015
"Atlantemolanum riehli (Harold, 1868)",Deltochilum riehli,Deltochilini,https://doi.org/10.1590/S0085-56262013000100008,,Santa Catarina/Brazil,,,,,,,,,,,,,,,,,,,,0.027,,,,,,,,,,,Medium,,,,,,,,,,,,,,,,,,,,,,,,,,,,,,,,,,,,,,,,,,,,,,,,,,,,Tunneler,,,,,,,,,,,,,,,,,,,,,16.323,12.72119708,12.41561547,7.205,0.000513999,0.000430278,,2.778
"Atlantemolanum riehli (Harold, 1868)",Deltochilum riehli,Deltochilini,https://doi.org/10.1649/0010-065X-73.3.693,"Campos Novos, Monte Castelo",Santa Catarina/Brazil,,,,,,,,,,,,,,,,,,,,,,,,,,,,,,,Small,,,,,,,,,,,,,,Coprophagous,,,,,,,,,,,,,,,,,,,,,1.27,,,,,,,,,,,,,,,0.42,,Tunneler,,,,,,,,,,,,,,,,,,,,,,,,,,,,
"Atlantemolanum riehli (Harold, 1868)",Deltochilum riehli,Deltochilini,https://doi.org/10.1111/btp.12418,,Sao Paulo/Brazil,,,,,,,,,,,,,,,,,,,,,,,,,,,,,,,,13.54,,,0.66,,,,,,,,,,,,,,,,,,,,,,,,,,,,,,,,,,,,,,,,,,,,,,,,Roller,,,,,,,,,,,,,,,,,,,,,,,,,,,,
"Bdelyrus braziliensis Cook, 1998",,Ateuchini,https://doi.org/10.1649/0010-065X-73.3.693,Governador Celso Ramos,Santa Catarina/Brazil,,,,,,,,,,,,,,,,,,,,,,,,,,,,,,,Small,,,,,,,,,,,,,,,,,,,,,,,,,,,,,,,,,,,,,,,,,,,,,,,,,,,rare,Tunneler,,narrow,,,,,,,,,,,,,,,,,,,,,,,,,,
"Bdelyrus braziliensis Cook, 1998",,Ateuchini,https://doi.org/10.1111/ddi.12785,,Santa Catarina/Brazil,,,,,,,,,,,,,,,,,,,,0.012,,,,,,,,,,,,,,,,,,,,,,,,,Saprophagous,,,,,,,,,,,,,,,,,,,,,,,,,,,,,,,,,,,,,,,,,,,,,,,,,,,,,,,,,,,,,,,,,,
"Canthidium (Canthidium) flavipes Harold, 1867",Canthidium  flavipes,Deltochilini,https://doi.org/10.1016/j.ecolind.2020.106534,,Bahia/Brazil,,,,,,,,,,,,,,,,,,,,,,,,,,,,,,,,4.87,,,,,,,,,,,,,Generalist,,,,,,,,,,,,,,,,,,,,,,,,,,,,,,,,,,,,,,Tunneler,,,,,,,,,,,,,,,,,,,,,,,,,,,,
"Canthidium (Canthidium) moestum Harold, 1867",Canthidium moestum,Deltochilini,https://doi.org/10.1590/S0085-56262013000100008,,Santa Catarina/Brazil,,,,,,,,,,,,,,,,,,,,0.022,,,,,,,,,,,Medium,,,,,,,,,,,,,,Generalist,,,,,,,,,,,,,,,,,,,,0.6,,,,,,,,,,,,,,,,,rare,Tunneler,,narrow,,,,,,,,,,,,,,,,,,,,,,,,,,
"Canthidium (Canthidium) moestum Harold, 1867",Canthidium moestum,Deltochilini,https://doi.org/10.1016/j.apsoil.2020.103652,,Misiones Province/Argentina,,,,,,,,,,,,,,,,,,,0,,,0,0.1,0.77,,,,,,,,,,,,,,,,,,,,,,,,,,,,,,,,,,,,,,,,,,,,,,,,0.05,0,,,,,,,,,,Tunneler,,,,,,,,,,,,,,,,,,,,,,,,,,,,
"Canthidium (Canthidium) moestum Harold, 1867",Canthidium moestum,Deltochilini,https://doi.org/10.1649/0010-065X-73.3.693,Campos Novos,Santa Catarina/Brazil,,,,,,,,,,,,,,,,,,,,,,,,,,,,,,,Small,,,,,,,,,,,,,Diurnal,Generalist,,,,,,,,,,,,,,,,,,,,,,,,,,,,,,,,,,,,,,Tunneler,,,,,,,,,,,,,,,,,,,,,,,,,,,,
"Canthidium (Canthidium) moestum Harold, 1867",Canthidium moestum,Deltochilini,https://doi.org/10.1590/S0001-37652013005000033,,Rio Grande do Sul/Brazil,,,,,,,,,,,,,,,,,,,,,,,,,,,,,,,,,,,,,,,,,,,,,,,,,,,,,,,,,,,,,,,,,,,,,,,,0,0.97,,,,,,,,,,Tunneler,,,,,,,,,,,,,,,,,,,,,,,,,,,,
"Canthidium (Canthidium) moestum Harold, 1867",Canthidium moestum,Deltochilini,https://doi.org/10.1111/aec.12675,,Santa Catarina/Brazil,,,,,,,,,,,,,,,,,,,,,,,,,,,,,,,Small,,,,,,,,,,,,,Diurnal,,,,,,,,,,,,,,,,,,,,,,,,,,,,0.15,0.77,,,,,,,,,,Tunneler,,,,,,,,,,,,,,,,,,,,,,,,,,,,
"Canthidium (Neocanthidium) depressum Boucomont, 1928",Canthidium depressum,Deltochilini,https://doi.org/10.1007/s42690-021-00680-8,,Rio de Janeiro/Brazil,,,,,,,,,,,,,,,,,,,,,,,,,,,,,,,,,,,,,,,,,,,,,,,,,,,,,,,,,,,,,,,,,,,,,,,,,,,,,,,,,,,Tunneler,,,,,,,,,,,,,,,,,,,,,,,,,,,,
"Canthidium (Neocanthidium) depressum Boucomont, 1928",Canthidium aff. depressum,Deltochilini,https://doi.org/10.1016/j.biocon.2013.11.023,,Bahia/Brazil,,,,,,,,,,,,,,,,,,,,0.03515,,,,,,,,,,,,,,,,,,,,,,,,,,,,,,,,,,,,,,,,,,,,,,,,,,,,,,,,,,,,,,rare,Tunneler,,intermediate,,,,,,,,,,,,,,,,,,,,,,,,,,
"Canthidium (Neocanthidium) depressum Boucomont, 1928",Canthidium aff. depressum,Deltochilini,https://doi.org/10.1111/btp.12418,,Sao Paulo/Brazil,,,,,,,,,,,,,,,,,,,,,,,,,,,,,,,,9.57,,,2,,,,,,,,,,,,,,,,,,,,,,,,,,,,,,,,,,,,,0.3,0,,,,,,,,,,Tunneler,,,,,,,,,,,,,,,,,,,,,,,,,,,,
"Canthidium (Neocanthidium) depressum Boucomont, 1928",Canthidium depressum,Deltochilini,https://doi.org/10.1111/btp.12418,,Sao Paulo/Brazil,,,,,,,,,,,,,,,,,,,,,,,,,,,,,,,,9.57,,,2,,,,,,,,,,,,,,,,,,,,,,,,,,,,,,,,,,2.1,,,,,,,,,,,,,,Tunneler,,,,,,,,,,,,,,,,,,,,,,,,,,,2.7,
"Canthidium (Neocanthidium) depressum Boucomont, 1928",Canthidium depressum,Deltochilini,this study,,Sao Paulo/Brazil,,,,,,,,,,,,,,,,,,,,,0.027,,,,,,,,,,Medium,,,,,,,,,,,,,Diurnal,Generalist,,,,,,,,,,,,,,,,,,,,,,,,,,,,,,,,,,,,,,Tunneler,,,,,,,,,,,,,,,,,,,,,,,,,,,,
"Canthidium (Neocanthidium) dispar Harold, 1867",Canthidium aff. dispar,Deltochilini,https://doi.org/10.1590/S0085-56262013000100008,,Santa Catarina/Brazil,,,,,,,,,,,,,,,,,,,,0.028,,,,,,,,,,,Medium,,,,,,,,,,,,,,Necrophagous,,,,,,,,,,,,,,,,,,,,0,,,,,,,,,,,,,,,,,,Tunneler,,,,,,,,,,,,,,,,,,,,,,,,,,,,
"Canthidium (Neocanthidium) dispar Harold, 1867",Canthidium dispar,Deltochilini,https://doi.org/10.1673/031.011.0113,,Sao Paulo/Brazil,,,,,,,,,,,,,,,,,,,,,,,,,,,,,,,,9.83,,,,,,,,,12.59,,,Diurnal,,,,,,,,,,,,,,,,,,,,,,,,,,,,,,,,,,,,,,,Tunneler,,,,,,,,,,,,,,,,,,,,,,,,,,,,
"Canthidium (Neocanthidium) dispar Harold, 1867",Canthidium dispar,Deltochilini,https://doi.org/10.1649/0010-065X-73.3.693,"Sao Miguel do Oeste, Campos Novos, Monte Castelo, Santo Amaro da Imperatriz, Florianopolis - Lagoa do Peri",Santa Catarina/Brazil,,,,,,,,,,,,,,,,,,,,,,,,,,,,,,,Small,,,,,,,,,,,,,,Generalist,,,,,,,,,,,,,,,,,,,,,,,,,,,,,,,,,,,,,,Tunneler,,,,,,,,,,,,,,,,,,,,,12.008,12.51728847,12.51728847,6.13,0.000499667,0.000499667,,2.525
"Canthidium (Neocanthidium) dispar Harold, 1867",Canthidium aff. dispar,Deltochilini,https://doi.org/10.1649/0010-065X-73.3.693,"Antonio Carlos, I√ßara",Santa Catarina/Brazil,,,,,,,,,,,,,,,,,,,,,,,,,,,,,,,Small,,,,,,,,,,,,,,Generalist,,,,,,,,,,,,,,,,,,,,,,,,,,,,,,,,,,,,,,Tunneler,,,,,,,,,,,,,,,,,,,,,,,,,,,,
"Canthidium (Neocanthidium) dispar Harold, 1867",Canthidium dispar,Deltochilini,https://doi.org/10.1111/j.1744-7917.2012.01509.x,,Parana/Brazil,,,,,,,,,,,,,,,,,,,,,,,,,,,,,,,,,,,,,,,,,,,,,Generalist/Saprophagous,,,,,,,,,,,,,,,,,,,,,,,,,,,,,,,,,,,,,rare,Tunneler,,narrow,,,,,,,,,,,,,,,,,,,,,,,,,,
"Canthidium (Neocanthidium) dispar Harold, 1867",Canthidium aff. dispar,Deltochilini,https://doi.org/10.1111/btp.12418,,Sao Paulo/Brazil,,,,,,,,,,,,,,,,,,,,,,,,,,,,,,,,7.83,,,1.52,,,,,,,,,,,,,,,,,,,,,,,,,,,,,,,,,,,,,,,,,,,,,,,,Tunneler,,,,,,,,,,,,,,,,,,,,,,,,,,,,
"Canthidium (Neocanthidium) dispar Harold, 1867",Canthidium aff. dispar,Deltochilini,https://doi.org/10.1371/journal.pone.0244783,,Santa Catarina/Brazil,,0.3,,,,,,,,,,,,,,,,,,0.01,,,,,,,,,,,,,,,,,,,,,,,,Diurnal,Coprophagous,,,,,,,,0.2,,4.5,,,,,,,,,,,,,,,,,,,,,,,,,,,,Tunneler,,,,,,,,,,,,,,,,,,,,,,,,,,,,
"Canthidium (Neocanthidium) dispar Harold, 1867",Canthidium aff. dispar,Deltochilini,https://doi.org/10.1590/S0073-47212012000200012,,Rio Grande do Sul/Brazil,,,,,,,,,,,,,,,,,,,,,,,,,,,,,,,,,,,,,,,,,,,,,,,,,,,,,,,,,,,,,,,,,,,,,,,,,,,,,,,,,,,,,,,,,,,,,,,,,,,,,,,,,,,,,,,
"Canthidium (Neocanthidium) dispar Harold, 1867",Canthidium aff. dispar,Deltochilini,https://doi.org/10.1590/S0001-37652013005000033,,Rio Grande do Sul/Brazil,,,,,,,,,,,,,,,,,,,,,,,,,,,,,,,,,,,,,,,,,,,,,,,,,,,,,,,,,,,,,,,,,,,,,,,,,,,,,,,,,,rare,Tunneler,,large,,,,,,,,,,,,,,,,,,,,,,,,,,
"Canthidium (Neocanthidium) nobile Harold, 1867",Canthon nobile,Deltochilini,https://doi.org/10.1016/j.apsoil.2020.103652,,Misiones Province/Argentina,,,,,,,,,,,,,,,,,,,0.11,,,0,0.06,0.28,,,,,,,,,,,,,,,,,,,,,,,,,,,,,,,,,,,,,,,,,,,,,1.6,,,,,,,,,,,,,,Tunneler,,,,,,,,,,,,,,,,,,,,,,,,,,,2.5,
Canthidium aff. breve,,Deltochilini,https://doi.org/10.1590/S0085-56262013000100008,,Santa Catarina/Brazil,,,,,,,,,,,,,,,,,,,,0.005,,,,,,,,,,,Small,,,,,,,,,,,,,,,,,,,,,,,,,,,,,,,,,,,,,,,,,,,,,,,,,,,,Tunneler,,,,,,,,,,,,,,,,,,,,,,,,,,,,
Canthidium aff. breve,,Deltochilini,https://doi.org/10.1649/0010-065X-73.3.693,Campos Novos,Santa Catarina/Brazil,,,,,,,,,,,,,,,,,,,,,,,,,,,,,,,Small,,,,,,,,,,,,,,,,,,,,,,,,,,,,,,,,,,,,,,,,,,,,,,,,,,,rare,Tunneler,,narrow,,,,,,,,,,,,,,,,,,,,,,,,,,
Canthidium aff. breve,,Deltochilini,https://doi.org/10.1111/btp.12418,,Sao Paulo/Brazil,,,,,,,,,,,,,,,,,,,,,,,,,,,,,,,,6.8,,,0,,,,,,,,,,,,,,,,,,,,,,,,,,,,,,,,,,,,,,,,,,,,,,,,Tunneler,,,,,,,,,,,,,,,,,,,,,,,,,,,,
Canthidium aff. dimidiatus ,,Deltochilini,https://doi.org/10.1111/btp.12418,,Sao Paulo/Brazil,,,,,,,,,,,,,,,,,,,,,,,,,,,,,,,,7.89,,,0.61,,,,,,,,,,,,,,,,,,,,,,,,,,,,,,,,,,,,,,,,,,,,,,,,Tunneler,,,,,,,,,,,,,,,,,,,,,,,,,,,,
Canthidium aff. korschefskyi sp.1,Canthidium aff. korschefskyi,Deltochilini,https://doi.org/10.1016/j.biocon.2013.11.023,,Bahia/Brazil,,,,,,,,,,,,,,,,,,,,0.014123,,,,,,,,,,,,,,,,,,,,,,,,,Necrophagous,,,,,,,,,,,Forest specialist,,,,,,,,,,,,,,,,,,,,,,,,,,,Tunneler,,,,,,,,,,,,,,,,,,,,,,,,,,,,
Canthidium aff. korschefskyi sp.2,Canthidium aff. korschefskyi,Deltochilini,this study,Santa Isabel,Sao Paulo/Brazil,,,,,,,,,,,,,,,,,,,,,0.006,,,,,,,,,,Small,,,,,,,,,,,,DM287,Diurnal,,,,,,,,,,,,,,,,,,,,,,,,,,,,,,,,,,,,,,,Tunneler,,,,,,,,,,,,,,,,,,,,,,,,,,,,
Canthidium aff. sulcatum,,Deltochilini,https://doi.org/10.1673/031.011.0113,,Sao Paulo/Brazil,,,,,,,,,,,,,,,,,,,,,,,,,,,,,,,,8.79,,,,,,,,,11.51,,,Diurnal,,,,,,,,,,,,,,,,,,,,,,,,,,,,,,,,,,,,,,common,Tunneler,,large,,,,,,,,,,,,,,,,,,,,,,,,,,
Canthidium aff. sulcatum,,Deltochilini,https://doi.org/10.1649/0010-065X-73.3.693,"Itapemag, Monte Castelo, Urubici, Florianopolis - Desterro",Santa Catarina/Brazil,,,,,,,,,,,,,,,,,,,,,,,,,,,,,,,Small,,,,,,,,,,,,,Diurnal,Generalist/Coprophagous,,,,,,,,,,,,,,,,,,,,,1.19,,,,yes,yes,,,3.03,,,,,,1.8,0.41,,,,,,,,,,,,,,,,,,,,,,25.77,,,,,2.79,,,
Canthidium aff. sulcatum,,Deltochilini,https://doi.org/10.1371/journal.pone.0244783,,Santa Catarina/Brazil,,0.2,,,,,,,,,,,,,,,,,,0.014,,,,,,,,,,,,,,,,,,,,,,,,Diurnal,Generalist,,,,,,,,0.2,,3.2,,,,,,,,,,,,,,1.7,,,,,,,,,,,,,,Tunneler,,,,,,,,,,,,,,,,,,,,,,,,,,,2.7,
Canthidium aff. sulcatum,,Deltochilini,https://doi.org/10.1111/ddi.12785,,Santa Catarina/Brazil,,,,,,,,,,,,,,,,,,,,0.023,,,,,,,,,,,,,,,,,,,,,,,,Diurnal,Generalist,,,,,,,,,,,,,,,,,,,,,,,,,,,,,,,,,,,,,,Tunneler,,,,,,,,,,,,,,,,,,,,,,,,,,,,
Canthidium aff. taurinum,,Deltochilini,https://doi.org/10.1649/0010-065X-73.3.693,Monte Castelo,Santa Catarina/Brazil,,,,,,,,,,,,,,,,,,,,,,,,,,,,,,,Medium,,,,,,,,,,,,,,,,,,,,,,,,,,,,,,,,,,,,,,,,,,,,,,,,,,,,Tunneler,,,,,,,,,,,,,,,,,,,,,,,,,,,,
Canthidium aff. trinodosum,,Deltochilini,https://doi.org/10.1016/j.biocon.2013.11.023,,Bahia/Brazil,,,,,,,,,,,,,,,,,,,,0.007337,,,,,,,,,,,,,,,,,,,,,,,,Diurnal,Coprophagous,,,,,,,,,,,Forest specialist,,,,,,,,,,,,,,,,,,,,,,,,,,,Tunneler,,,,,,,,,,,,,,,,,,,,,,,,,,,,
Canthidium aff. trinodosum,,Deltochilini,https://doi.org/10.1002/eap.1562,,Bahia/Brazil,,,,,,,,,,,,,,,,,,,,,,,,,,,,,,,Small,,,,,,,,,,,,,Diurnal,Coprophagous,,,,,,,,,,,,,,,,,,,,,,,,,,,,,,,,,,,,,,Tunneler,,,,,,,,,,,,,,,,,,,,,,,,,,,,
Canthidium aff. trinodosum,,Deltochilini,https://doi.org/10.1093/ee/nvx091,,Santa Catarina/Brazil,,,,,,,,,,,,,,,,,,,,0.012,,,,,0.004,,,,,,,2.8,,,0.7,,,,,,,,,,,,,,,,,,,,,,,,,,,,,,,,,,,,,,,,,,,,,,,,Tunneler,,,,,,,,,,,,,,,,,,,,,,,,,,,,
Canthidium aff. trinodosum,,Deltochilini,https://doi.org/10.1590/S0085-56262013000100008,,Santa Catarina/Brazil,,,,,,,,,,,,,,,,,,,,0.008,,,,,,,,,,,Small,,,,,,,,,,,,,,Coprophagous,,,,,,,,,,,,,,,,,,,,0.06,,,,,,,31.81,6.01,,,,,,,,,,Tunneler,,,,,,,,,,,,,,,,,,,,,,,,,,,,
Canthidium aff. trinodosum,Canthidium trinodosum,Deltochilini,https://doi.org/10.1673/031.011.0113,,Sao Paulo/Brazil,,,,,,,,,,,,,,,,,,,,,,,,,,,,,,,,5.37,,,0.389,,,,,,7.1,0.483,,Diurnal,,,,,,,,,,,,,,,,,,,,,,,,,,,,0.41,0,,,,,,,,,,Tunneler,,,,,,,,,,,,,,,,,,,,,,,,,,,,
Canthidium aff. trinodosum,,Deltochilini,https://doi.org/10.1649/0010-065X-73.3.693,"Anitapolis, Antonio Carlos, Brusque, Campos Novos, Florianopolis - Desterro, Florianopolis - Lagoa do Peri, Goverbador Celso Ramos, I√ßara, Ipumirim, Itapema, Itapiranga, Monte Castelo, Nova Veneza, Porto Belo - Bombinhas, Santo Amaro da Imperatriz, Sao Bonifacio, Sao Domingos, Sao Pedro de Alcantara, Sao Miguel do Oeste, Urubici",Santa Catarina/Brazil,,,,,,,,,,,,,,,,,,,,,,,,,,,,,,,Small,,,,,,,,,,,,,Diurnal,Coprophagous,,,,,,,,,,,,,,,,,,,,,,,,,,,,,,,,,,,,,,Tunneler,,,,,,,,,,,,,,,,,,,,,,,,,,,,
Canthidium aff. trinodosum,Canthidium trinodosum,Deltochilini,https://doi.org/10.1111/j.1744-7917.2012.01509.x,,Parana/Brazil,,,,,,,,,,,,,,,,,,,,,,,,,,,,,,,,,,,,,,,,,,,,,Generalist/Coprophagous,,,,,,,,,,,,,,,,,,,,,,,,,,,,,,,,,,,,,rare,Tunneler,,intermediate,,,,,,,,,,,,,,,,,,,,,,,,,,
Canthidium aff. trinodosum,,Deltochilini,https://doi.org/10.1002/ece3.9950,,Goiania/Brazil,,,,,,,,,,,,,,,,,,,,,,,,,,,,,,,,4.63,,,,,,,,,,,,Diurnal,,,,,,,,,,0.02,,,,,,,,0.52,1.72,yes,0,,,,,,,,,,,,,,,,,,,,,,,,,,,,,,,,,,,,,,,,,,,,,,
Canthidium aff. trinodosum,,Deltochilini,https://doi.org/10.1371/journal.pone.0244783,,Santa Catarina/Brazil,,0.2,,,,,,,,,,,,,,,,,,0.012,,,,,,,,,,,,,,,,,,,,,,,,Diurnal,Coprophagous,,,,,,,,0.2,,3.6,,,,,,,,,,,,,,,,,,,,,,,,,,,,Tunneler,,,,,,,,,,,,,,,,,,,,,,,,,,,,
Canthidium aff. trinodosum,,Deltochilini,https://doi.org/10.1590/S0073-47212012000200012,,Rio Grande do Sul/Brazil,,,,,,,,,,,,,,,,,,,,,,,,,,,,,,,,,,,,,,,,,,,,,Generalist/Coprophagous,,,,,,,,,,,,,,,,,,,,,,,,,,,,,,,,,,,,,,Tunneler,,,,,,,,,,,,,,,,,,,,,,,,,,,,
Canthidium aff. trinodosum,,Deltochilini,https://doi.org/10.1590/S0001-37652013005000033,,Rio Grande do Sul/Brazil,,,,,,,,,,,,,,,,,,,,,,,,,,,,,,,,,,,,,,,,,,,,,,,,,,,,,,,,,,,,,,,,,,,,,,,,1.58,0,,,,,,,,,,Tunneler,,,,,,,,,,,,,,,,,,,,,,,,,,,,
Canthidium aff. trinodosum,,Deltochilini,https://doi.org/10.1111/ddi.12785,,Santa Catarina/Brazil,,,,,,,,,,,,,,,,,,,,0.009,,,,,,,,,,,,,,,,,,,,,,,,Diurnal,Coprophagous,,,,,,,,,,,,,,,,,,,,,,,,,,,,,,,,,,,,,,,,,,,,,,,,,,,,,,,,,,,,,,,,,,
Canthidium aff. trinodosum sp.1,,Deltochilini,https://doi.org/10.1111/aec.12675,,Santa Catarina/Brazil,,,,,,,,,,,,,,,,,,,,,,,,,,,,,,,Small,,,,,,,,,,,,,Diurnal/Nocturnal,,,,,,,,,,,,,,,,,,,,,,,,,,,,,,,,,,,,,,rare,Tunneler,,large,,,,,,,,,,,,,,,,,,,,,,,,,,
Canthidium aff. trinodosum sp.2,,Deltochilini,https://doi.org/10.1111/aec.12675,,Santa Catarina/Brazil,,,,,,,,,,,,,,,,,,,,,,,,,,,,,,,Small,,,,,,,,,,,,,Diurnal,,,,,,,,,,,,,,,,,,,,,,,,,,,,,,,,,,,,,,,,,,,,,,,,,,,,,,,,,,,,,,,,,,,
"Canthidium aterrimum (Harold, 1867)",Canthidium aterrimum ,Deltochilini,https://doi.org/10.1111/btp.12418,,Sao Paulo/Brazil,,,,,,,,,,,,,,,,,,,,,,,,,,,,,,,,5.22,,,1.24,,,,,,,,,,,,,,,,,,,,,,,,,,,,,,,,,,,,,0.1,0,,,,,,,,,,Tunneler,,,,,,,,,,,,,,,,,,,,,,,,,,,,
"Canthidium bovinum (Harold, 1867)",Canthidium bovinum,Deltochilini,https://doi.org/10.1111/btp.12418,,Sao Paulo/Brazil,,,,,,,,,,,,,,,,,,,,,,,,,,,,,,,,7.38,,,0.52,,,,,,,,,,,,,,,,,,,,,,,,,,,,,,,,,,,,,,,,,,,,,,,,Tunneler,,,,,,,,,,,,,,,,,,,,,38.62,14.0934464,14.23287161,11.665,0.000313827,0.000366363,,4.279
"Canthidium cavifrons Balthasar, 1939",,Deltochilini,https://doi.org/10.1590/S0085-56262013000100008,,Santa Catarina/Brazil,,,,,,,,,,,,,,,,,,,,0.007,,,,,,,,,,,Small,,,,,,,,,,,,,,Generalist,,,,,,,,,,,,,,,,,,,,0.45,,,,,,,,,,,,,,,,,,Tunneler,,,,,,,,,,,,,,,,,,,,,28.933,14.37229682,14.23287161,10.196,0.000418899,0.000366363,,3.661
"Canthidium cavifrons Balthasar, 1939",,Deltochilini,https://doi.org/10.1649/0010-065X-73.3.693,"Sao Miguel do Oeste, Campos Novos",Santa Catarina/Brazil,,,,,,,,,,,,,,,,,,,,,,,,,,,,,,,,,,,,,,,,,,,,,Generalist,,,,,,,,,,,,,,,,,,,,,1.39,,,,,,,,,,,,,,,0.43,,Tunneler,,,,,,,,,,,,,,,,,,,,,,,,,,,,
"Canthidium cavifrons Balthasar, 1939",,Deltochilini,https://doi.org/10.1111/j.1744-7917.2012.01509.x,,Parana/Brazil,,,,,,,,,,,,,,,,,,,,,,,,,,,,,,,,,,,,,,,,,,,,,Generalist,,,,,,,,,,,,,,,,,,,,,,,,,,,,,,,,,,,,,,Tunneler,,,,,,,,,,,,,,,,,,,,,30.094,12.60691447,12.60691447,9.739,0.000402738,0.000402738,,3.901
"Canthidium femoratum (Boucomont, 1935)",Canthidium femorale,Deltochilini,https://doi.org/10.1111/btp.12418,,Sao Paulo/Brazil,,,,,,,,,,,,,,,,,,,,,,,,,,,,,,,,7.25,,,2.76,,,,,,,,,,,,,,,,,,,,,,,,,,,,,,,,,,,,,,,,,,,,,,,,Tunneler,,,,,,,,,,,,,,,,,,,,,,,,,,,,
"Canthidium femoratum (Boucomont, 1935)",Canthidium femoratum,Deltochilini,this study,Jarinu,Sao Paulo/Brazil,,,,,,,,,,,,,,,,,,,,,0.01212,,,,,,,,,,Small,,,,,,,,,,,,DM288,Diurnal,Coprophagous,,,,,,,,,,,,,,,,,,,,,,,,,,,,,,,,,,,,,rare,Tunneler,,narrow,,,,,,,,,,,,,,,,,,,,,,,,,,
"Canthidium femoratum (Boucomont, 1935)",Canthidium femoratum,Deltochilini,this study,Jarinu,Sao Paulo/Brazil,,,,,,,,,,,,,,,,,,,,,0.01212,,,,,,,,,,Small,,,,,,,,,,,,DM289,Diurnal,Coprophagous,,,,,,,,,,,,,,,,,,,,,,,,,,,,,,,,,,,,,,Tunneler,,,,,,,,,,,,,,,,,,,,,,,,,,,,
"Canthidium punctatostriatum (Mannerheim, 1829)",Canthidium aff. lucidum,Deltochilini,https://doi.org/10.1016/j.biocon.2013.11.023,,Bahia/Brazil,,,,,,,,,,,,,,,,,,,,0.02315,,,,,,,,,,,,,,,,,,,,,,,,Diurnal,Generalist,,,,,,,,,,,Forest specialist,,,,,,,,,,,,,,,,,,,,,,,,,,,Tunneler,,,,,,,,,,,,,,,,,,,,,,,,,,,,
"Canthidium punctatostriatum (Mannerheim, 1829)",Canthidium aff. lucidum,Deltochilini,https://doi.org/10.1649/0010-065X-73.3.693,"Itapema, Governador Celso Ramos, Florianopolis - Desterro, Florianopolis - Lagoa do Peri",Santa Catarina/Brazil,,,,,,,,,,,,,,,,,,,,,,,,,,,,,,,Small,,,,,,,,,,,,,Diurnal,Necrophagous,,,,,,,,,,,,,,,,,,,,,,,,,,,,,,,,,,,,,,,,,,,,,,,,,,,,,,,,,,,,,,,,,,
"Canthidium punctatostriatum (Mannerheim, 1829)",,Deltochilini,https://doi.org/10.1371/journal.pone.0201368,,Bahia/Brazil,,,,,,,,,,,,,,,,,,,,,,,,,,,,,,,,,,,,,,,,,,,,,,,,,,,,,,,,Forest specialist,,,,,,,,,,,,,,,,,,,,,,,,,,,Tunneler,,,,,,,,,,,,,,,,,,,,,,,,,,,,
"Canthidium punctatostriatum (Mannerheim, 1829)",,Deltochilini,https://doi.org/10.1002/ecs2.2491,,Parana/Brazil,,,,,,,,,,,,,,,,,,,,0.021,,,,,0.0011,,,,,,,,,,,,,,,,,,,,,,,,,,,,,,,,,,,,,,,,,,,,,,,,,,,,,,,,,,,,,,,,,,,,,,,,,,,,,,,,,,,,,,
"Canthidium punctatostriatum (Mannerheim, 1829)",Canthidium aff. lucidum,Deltochilini,https://doi.org/10.1111/ddi.12785,,Santa Catarina/Brazil,,,,,,,,,,,,,,,,,,,,0.027,,,,,,,,,,,,,,,,,,,,,,,,Diurnal,Necrophagous,,,,,,,,,,,,,,,,,,,,,,,,,,,,,,,,,,,,,,Tunneler,,,,,,,,,,,,,,,,,,,,,,,,,,,,
"Canthidium punctatostriatum (Mannerheim, 1829)",Canthidium aff. lucidum,Deltochilini,https://doi.org/10.1111/aec.12675,,Santa Catarina/Brazil,,,,,,,,,,,,,,,,,,,,,,,,,,,,,,,Small,,,,,,,,,,,,,Diurnal,,,,,,,,,,,,,,,,,,,,,,,,,2.3,,,,,,,,,,,,,,Tunneler,,,,,,,,,,,,,,,,,,,,,,,,,,,2.6,
"Canthidium punctatostriatum (Mannerheim, 1829)",Canthidium lucidulum,Deltochilini,this study,Atibaia,Sao Paulo/Brazil,,,,,,,,,,,,,,,,,,,,,0.01212,,,,,,,,,,Medium,,,,,,,,,,,,DM290,Diurnal,Generalist,,,,,,,,,,,,,,,,,,,,,,,,,,,,,,,,,,,,,,Tunneler,,,,,,,,,,,,,,,,,,,,,,,,,,,,
Canthidium sp.,,Deltochilini,https://doi.org/10.1016/j.biocon.2023.109957,,Sao Paulo/Brazil,,,,,,,,,,,,,,,,,,,,,,,,,,,,,,,,,,,,,,,,,,,,,,,,,,,,,,,,Forest specialist,,,,,,,,,,,,,,,,,,,,,,,,,,,Tunneler,,,,,,,,,,,,,,,,,,,,,,,,,,,,
Canthidium sp.,,Deltochilini,https://doi.org/10.1016/j.apsoil.2020.103652,,Misiones Province/Argentina,,,,,,,,,,,,,,,,,,,0,,,0.08,0.02,0.06,,,,,,,,,,,,,,,,,,,,,,,,,,,,,,,,,,,,,,,,,,,,,,,,,,,,,,,,,,,Tunneler,,,,,,,,,,,,,,,,,,,,,,,,,,,,
Canthidium sp.,,Deltochilini,https://doi.org/10.1371/journal.pone.0244783,,Santa Catarina/Brazil,,0.2,,,,,,,,,,,,,,,,,,0.02,,,,,,,,,,,,,,,,,,,,,,,,Diurnal,Necrophagous,,,,,,,,0.3,,4.2,,,,,,,,,,,,,,,,,,,,,,,,,,,,Tunneler,,,,,,,,,,,,,,,,,,,,,,,,,,,,
Canthidium sp.,,Deltochilini,https://doi.org/10.1590/S0001-37652013005000033,,Rio Grande do Sul/Brazil,,,,,,,,,,,,,,,,,,,,,,,,,,,,,,,,,,,,,,,,,,,,,,,,,,,,,,,,,,,,,,,,,,,,,,,,,,,,,,,,,,,Tunneler,,,,,,,,,,,,,,,,,,,,,,,,,,,,
Canthidium sp.1,,Deltochilini,https://doi.org/10.1007/s42690-021-00680-8,,Rio de Janeiro/Brazil,,,,,,,,,,,,,,,,,,,,,,,,,,,,,,,,,,,,,,,,,,,,,,,,,,,,,,,,,,,,,,,,,,,,,,,,,,,,,,,,,,,,,,,,,,,,,,,,,,,,,,,,,,,,,,,
Canthidium sp.1,,Deltochilini,https://doi.org/10.1016/j.biocon.2013.11.023,,Bahia/Brazil,,,,,,,,,,,,,,,,,,,,0.025493,,,,,,,,,,,,,,,,,,,,,,,,Nocturnal,Coprophagous,,,,,,,,,,,Forest specialist,,,,,,,,,,,,,,,,,,,,,,,,,,rare,Tunneler,,narrow,,,,,,,,,,,,,,,,,,,,,,,,,,
Canthidium sp.1,,Deltochilini,https://doi.org/10.1002/eap.1562,,Bahia/Brazil,,,,,,,,,,,,,,,,,,,,,,,,,,,,,,,Medium,,,,,,,,,,,,,Nocturnal,Coprophagous,,,,,,,,,,,,,,,,,,,,,,,,,,,,,,,,,,,,,,,,,,,,,,,,,,,,,,,,,,,,,,,,,,
Canthidium sp.1,,Deltochilini,https://doi.org/10.1007/s10841-022-00412-4,,Pernambuco/Brazil,,,,,,,,,,,,,,,,,,,,,,,,,,,,,,,Small,,,,,,,,,,,,,,,,,,,,,,,,,Habitat gener,,,,,,,,,,,,,,,,,,,,,,,,,,,Tunneler,,,,,,,,,,,,,,,,,,,,,,,,,,,,
Canthidium sp.1,,Deltochilini,https://doi.org/10.1673/031.011.0113,,Sao Paulo/Brazil,,,,,,,,,,,,,,,,,,,,,,,,,,,,,,,,5.96,,,0.381,,,,,,7.62,0.5,,Diurnal,,,,,,,,,,,,,,,,,,,,,,1.31,,,,,,,,,,,,,,,0.29,,Tunneler,,,,,,,,,,,,,,,,,,,,,,,,,,,,
Canthidium sp.1,,Deltochilini,https://doi.org/10.1649/0010-065X-73.3.693,Monte Castelo,Santa Catarina/Brazil,,,,,,,,,,,,,,,,,,,,,,,,,,,,,,,,,,,,,,,,,,,,,Coprophagous,,,,,,,,,,,,,,,,,,,,,,,,,,,,,,,,,,,,,,Tunneler,,,,,,,,,,,,,,,,,,,,,10.361,12.87098774,13.01346048,5.774,0.000239359,0.000267503,,2.252
Canthidium sp.1,,Deltochilini,https://doi.org/10.1002/ecs2.2491,,Parana/Brazil,,,,,,,,,,,,,,,,,,,,0.007,,,,,0.0024,,,,,,,,,,,,,,,,,,,,,,,,,,,,,,,,,,,,,,,,,,,,,,,,,,,,,,,,,,Tunneler,,,,,,,,,,,,,,,,,,,,,9.779,12.56315124,13.01346048,5.542,0.000253605,0.000267503,,2.229
Canthidium sp.1,,Deltochilini,https://doi.org/10.1016/j.ecolind.2020.106534,,Bahia/Brazil,,,,,,,,,,,,,,,,,,,,,,,,,,,,,,,,3.92,,,,,,,,,,,,,Generalist,,,,,,,,,,,,,,,,,,,,,,,,,,,,,,,,,,,,,,Tunneler,,,,,,,,,,,,,,,,,,,,,9.768,12.65002621,13.01346048,5.558,0.00025389,0.000267503,,2.208
Canthidium sp.10,,Deltochilini,https://doi.org/10.1590/S0073-47212012000200012,,Rio Grande do Sul/Brazil,,,,,,,,,,,,,,,,,,,,,,,,,,,,,,,,,,,,,,,,,,,,,Generalist/Coprophagous,,,,,,,,,,,,,,,,,,,,,,,,,,,,,,,,,,,,,,Tunneler,,,,,,,,,,,,,,,,,,,,,9.555,12.93667441,13.01346048,5.559,0.00025955,0.000267503,,2.145
Canthidium sp.10,,Deltochilini,this study,Atibaia,Sao Paulo/Brazil,,,,,,,,,,,,,,,,,,,,,0.00248,,,,,,,,,,Small,,,,,,,,,,,,DM283,,,,,,,,,,,,,,,,,,,,,,,,,,,,,,,,,,,,,,,,Tunneler,,,,,,,,,,,,,,,,,,,,,9.223,13.53770747,13.01346048,5.587,0.000268893,0.000267503,,2.102
Canthidium sp.10,,Deltochilini,this study,Atibaia,Sao Paulo/Brazil,,,,,,,,,,,,,,,,,,,,,0.00248,,,,,,,,,,Small,,,,,,,,,,,,DM281,,,,,,,,,,,,,,,,,,,,,,,,,,,,,,,,,,,,,,,,Tunneler,,,,,,,,,,,,,,,,,,,,,8.609,12.93842676,13.01346048,5.277,0.000288071,0.000267503,,2.059
Canthidium sp.10,,Deltochilini,this study,Atibaia,Sao Paulo/Brazil,,,,,,,,,,,,,,,,,,,,,0.00248,,,,,,,,,,Small,,,,,,,,,,,,DM282,,,,,,,,,,,,,,,,,,,,,,,,,,,,,,,,,,,,,,,,Tunneler,,,,,,,,,,,,,,,,,,,,,8.022,13.59724956,13.01346048,5.222,0.00030915,0.000267503,,1.994
Canthidium sp.10,,Deltochilini,this study,Atibaia,Sao Paulo/Brazil,,,,,,,,,,,,,,,,,,,,,0.00248,,,,,,,,,,Small,,,,,,,,,,,,DM280,,,,,,,,,,,,,,,,,,,,,,,,,,,,,,,,,,,,,,,,Tunneler,,,,,,,,,,,,,,,,,,,,,,,,,,,,
Canthidium sp.10,,Deltochilini,this study,Nazare Paulista,Sao Paulo/Brazil,,,,,,,,,,,,,,,,,,,,,0.00248,,,,,,,,,,Small,,,,,,,,,,,,DM285,,,,,,,,,,,,,,,,,,,,,,,,,,,,,,,,,,,,,,,,Tunneler,,,,,,,,,,,,,,,,,,,,,,,,,,,,
Canthidium sp.10,,Deltochilini,this study,Joanopolis,Sao Paulo/Brazil,,,,,,,,,,,,,,,,,,,,,0.00248,,,,,,,,,,Small,,,,,,,,,,,,DM286,,,,,,,,,,,,,,,,,,,,,,,,,,,,,,,,,,,,,,,,Tunneler,,,,,,,,,,,,,,,,,,,,,,,,,,,,
Canthidium sp.10,,Deltochilini,this study,Santa Isabel,Sao Paulo/Brazil,,,,,,,,,,,,,,,,,,,,,0.00248,,,,,,,,,,Small,,,,,,,,,,,,DM284,,,,,,,,,,,,,,,,,,,,,,,,,,,,,,,,,,,,,,,,Tunneler,,,,,,,,,,,,,,,,,,,,,10.434,12.37689247,12.14212867,5.682,0.000461951,0.000524634,,2.357
Canthidium sp.2,,Deltochilini,https://doi.org/10.1007/s42690-021-00680-8,,Rio de Janeiro/Brazil,,,,,,,,,,,,,,,,,,,,,,,,,,,,,,,,,,,,,,,,,,,,,,,,,,,,,,,,,,,,,,,,,,,,,,,,,,,,,,,,,,,Tunneler,,,,,,,,,,,,,,,,,,,,,10.222,12.06210292,12.14212867,5.552,0.000471532,0.000524634,,2.379
Canthidium sp.2,,Deltochilini,https://doi.org/10.1016/j.biocon.2013.11.023,,Bahia/Brazil,,,,,,,,,,,,,,,,,,,,0.0081,,,,,,,,,,,,,,,,,,,,,,,,,,,,,,,,,,,,,,,,,,,,,,,,,,,,,,,,,,,,,,,Tunneler,,,,,,,,,,,,,,,,,,,,,9.599,12.10630274,12.14212867,5.39,0.000502136,0.000524634,,2.219
Canthidium sp.2,,Deltochilini,https://doi.org/10.1007/s10841-022-00412-4,,Pernambuco/Brazil,,,,,,,,,,,,,,,,,,,,,,,,,,,,,,,Small,,,,,,,,,,,,,,,,,,,,,,,,,Forest specialist,,,,,,,,,,,,,,,,,,,,,,,,,,,Tunneler,,,,,,,,,,,,,,,,,,,,,8.525,12.18496938,12.14212867,5.096,0.000565396,0.000524634,,2.145
Canthidium sp.2,,Deltochilini,https://doi.org/10.1038/s41598-022-05616-x,,Misiones Province/Argentina,,,,0.682,,,,,0.425,,,,,1.294,,,,,,0.004,,,,,,15.926,,,,,,,,,,,,,,,,,,,,,,,,,,,,,,,2.1307,,,,,,,,,,,,,,,,,,,,,,,,,,Tunneler,,,,,,,,,,,,,,,,,,,,,8.517,12.2395327,12.14212867,5.105,0.000565927,0.000524634,,2.171
Canthidium sp.2,,Deltochilini,https://doi.org/10.1673/031.011.0113,,Sao Paulo/Brazil,,,,,,,,,,,,,,,,,,,,,,,,,,,,,,,,5.26,,,0.505,,,,,,6.89,0.64,,Diurnal,,,,,,,,,,,,,,,,,,,,,,,,,,,,,,,,,,,,,,,Tunneler,,,,,,,,,,,,,,,,,,,,,8.298,11.8829718,12.14212867,4.965,0.000580863,0.000524634,,2.161
Canthidium sp.2,,Deltochilini,https://doi.org/10.1649/0010-065X-73.3.693,Ipumirim,Santa Catarina/Brazil,,,,,,,,,,,,,,,,,,,,,,,,,,,,,,,,,,,,,,,,,,,,,,,,,,,,,,,,,,,,,,,,,,,,,,,,,,,,,,,,,,,Tunneler,,,,,,,,,,,,,,,,,,,,,,,,,,,,
Canthidium sp.2,,Deltochilini,https://doi.org/10.1111/btp.12722,,Parana/Brazil,,,,,,,,,,,,,,,,,,,,0.007,,,,,,,,,,,,,,,,,,,,,,,,,,,,,,,,,,,,,,,,,,,,,,,,,,,,,,,3.126,,,,,,,,Tunneler,,,0.342,,,,,,0.551,,,,,6.01,,,,,,,,,,,,,,
Canthidium sp.2,,Deltochilini,https://doi.org/10.1016/j.ecolind.2020.106534,,Bahia/Brazil,,,,,,,,,,,,,,,,,,,,,,,,,,,,,,,,7.95,,,,,,,,,,,,,,,,,,,,,,,,,,,,,,,,,,,,,,,,,,,,,,,,,,,,,,,,,,,,,,,,,,,,,,,,,,,,,,,
Canthidium sp.2,,Deltochilini,this study,Atibaia,Sao Paulo/Brazil,,,,,,,,,,,,,,,,,,,,,0.00482,,,,,,,,,,Small,,,,,,,,,,,,DM202,,,,,,,,,,,,,,,,,,,,,,,,,,,,,,,,,,,,,,,rare,Tunneler,,narrow,,,,,,,,,,,,,,,,,,,,,,,,,,
Canthidium sp.2,,Deltochilini,this study,Nazare Paulista,Sao Paulo/Brazil,,,,,,,,,,,,,,,,,,,,,0.00482,,,,,,,,,,Small,,,,,,,,,,,,DM205,,,,,,,,,,,,,,,,,,,,,,,,,,,,,,,,,,,,,,,,,,,,,,,,,,,,,,,,,,,,,,,,,,,,
Canthidium sp.2,,Deltochilini,this study,Nazare Paulista,Sao Paulo/Brazil,,,,,,,,,,,,,,,,,,,,,0.00482,,,,,,,,,,Small,,,,,,,,,,,,DM206,,,,,,,,,,,,,,,,,,,,,,,,,,,,,,,,,,,,,,,,Tunneler,,,,,,,,,,,,,,,,,,,,,,,,,,,,
Canthidium sp.2,,Deltochilini,this study,Nazare Paulista,Sao Paulo/Brazil,,,,,,,,,,,,,,,,,,,,,0.00482,,,,,,,,,,Small,,,,,,,,,,,,DM203,,,,,,,,,,,,,,,,,,,,,,,1.96,,,,,,,,,,,,,,,1.15,,Tunneler,,,,,,,,,,,,,,,,,,,,,,,,,,,,
Canthidium sp.2,,Deltochilini,this study,Nazare Paulista,Sao Paulo/Brazil,,,,,,,,,,,,,,,,,,,,,0.00482,,,,,,,,,,Small,,,,,,,,,,,,DM204,,,,,,,,,,,,,,,,,,,,,,,,,,,,,,,,,,,,,,,,Tunneler,,,,,,,,,,,,,,,,,,,,,,,,,,,,
Canthidium sp.2,,Deltochilini,this study,Nazare Paulista,Sao Paulo/Brazil,,,,,,,,,,,,,,,,,,,,,0.00482,,,,,,,,,,Small,,,,,,,,,,,,DM207,,,,,,,,,,,,,,,,,,,,,,,,,,,,,,,,,,,,,,,,Tunneler,,,,,,,,,,,,,,,,,,,,,,,,,,,,
Canthidium sp.22,,Deltochilini,this study,,Sao Paulo/Brazil,,,,,,,,,,,,,,,,,,,,,1.00E-04,,,,,,,,,,Small,,,,,,,,,,,,,,,,,,,,,,,,,,,,,,,,,,,,,,,,,,,,,,,,,,,,Tunneler,,,,,,,,,,,,,,,,,,,,,,,,,,,,
Canthidium sp.3,,Deltochilini,https://doi.org/10.1007/s42690-021-00680-8,,Rio de Janeiro/Brazil,,,,,,,,,,,,,,,,,,,,,,,,,,,,,,,,,,,,,,,,,,,,,,,,,,,,,,,,,,,,,,,,,,,,,,,,,,,,,,,,,,,Tunneler,,,,,,,,,,,,,,,,,,,,,32.149,12.60183471,12.49514265,10.064,0.000500482,0.000567704,,4.052
Canthidium sp.3,,Deltochilini,https://doi.org/10.1016/j.biocon.2013.11.023,,Bahia/Brazil,,,,,,,,,,,,,,,,,,,,0.003074,,,,,,,,,,,,,,,,,,,,,,,,,Coprophagous,,,,,,,,,,,Forest specialist,,,,,,,,,,,,,,,,,,,,,,,,,,,Tunneler,,,,,,,,,,,,,,,,,,,,,32.019,12.4301977,12.49514265,9.975,0.000502514,0.000567704,,4.022
Canthidium sp.3,,Deltochilini,https://doi.org/10.1007/s10841-022-00412-4,,Pernambuco/Brazil,,,,,,,,,,,,,,,,,,,,,,,,,,,,,,,Small,,,,,,,,,,,,,,,,,,,,,,,,,Forest specialist,,,,,,,,,,,,,,,,,,,,,,,,,,,Tunneler,,,,,,,,,,,,,,,,,,,,,30.395,12.51541425,12.49514265,9.752,0.000529363,0.000567704,,3.824
Canthidium sp.3,,Deltochilini,https://doi.org/10.1649/0010-065X-73.3.693,Ipumirim,Santa Catarina/Brazil,,,,,,,,,,,,,,,,,,,,,,,,,,,,,,,,,,,,,,,,,,,,,,,,,,,,,,,,,,,,,,,,,,,,,,,,,,,,,,,,,,,Tunneler,,,,,,,,,,,,,,,,,,,,,30.202,11.75737819,12.49514265,9.422,0.000532746,0.000567704,,3.946
Canthidium sp.3,,Deltochilini,https://doi.org/10.1016/j.ecolind.2020.106534,,Bahia/Brazil,,,,,,,,,,,,,,,,,,,,,,,,,,,,,,,,4.94,,,,,,,,,,,,,Coprophagous,,,,,,,,,,,,,,,,,,,,,,,,,,,,,,,,,,,,,,Tunneler,,,,,,,,,,,,,,,,,,,,,29.661,13.10544675,12.49514265,9.858,0.000542463,0.000567704,,3.871
Canthidium sp.3,,Deltochilini,this study,Mairipora,Sao Paulo/Brazil,,,,,,,,,,,,,,,,,,,,,0.01609,,,,,,,,,,Small,,,,,,,,,,,,DM261,,,,,,,,,,,,,,,,,,,,,,,,,,,,,,,,,,,,,,,,Tunneler,,,,,,,,,,,,,,,,,,,,,29.109,11.83392078,12.49514265,9.28,0.00055275,0.000567704,,3.882
Canthidium sp.3,,Deltochilini,this study,Mairipora,Sao Paulo/Brazil,,,,,,,,,,,,,,,,,,,,,0.01609,,,,,,,,,,Small,,,,,,,,,,,,DM268,,,,,,,,,,,,,,,,,,,,,,,,,,,,,,,,,,,,,,,,Tunneler,,,,,,,,,,,,,,,,,,,,,26.75,12.79992583,12.49514265,9.252,0.000601495,0.000567704,,3.605
Canthidium sp.3,,Deltochilini,this study,Mairipora,Sao Paulo/Brazil,,,,,,,,,,,,,,,,,,,,,0.01609,,,,,,,,,,Small,,,,,,,,,,,,DM263,,,,,,,,,,,,,,,,,,,,,,,,,,,,,,,,,,,,,,,,Tunneler,,,,,,,,,,,,,,,,,,,,,25.544,12.43437535,12.49514265,8.911,0.000629894,0.000567704,,3.614
Canthidium sp.3,,Deltochilini,this study,Mairipora,Sao Paulo/Brazil,,,,,,,,,,,,,,,,,,,,,0.01609,,,,,,,,,,Small,,,,,,,,,,,,DM266,,,,,,,,,,,,,,,,,,,,,,,,,,,,,,,,,,,,,,,,Tunneler,,,,,,,,,,,,,,,,,,,,,25.167,12.94849223,12.49514265,9.026,0.000639329,0.000567704,,3.592
Canthidium sp.3,,Deltochilini,this study,Mairipora,Sao Paulo/Brazil,,,,,,,,,,,,,,,,,,,,,0.01609,,,,,,,,,,Small,,,,,,,,,,,,DM264,,,,,,,,,,,,,,,,,,,,,,,,,,,,,,,,,,,,,,,,Tunneler,,,,,,,,,,,,,,,,,,,,,24.907,12.52444068,12.49514265,8.831,0.000646003,0.000567704,,3.514
Canthidium sp.3,,Deltochilini,this study,Mairipora,Sao Paulo/Brazil,,,,,,,,,,,,,,,,,,,,,0.01609,,,,,,,,,,Small,,,,,,,,,,,,DM265,,,,,,,,,,,,,,,,,,,,,,,,,,,,,,,,,,,,,,,,Tunneler,,,,,,,,,,,,,,,,,,,,,,,,,,,,
Canthidium sp.3,,Deltochilini,this study,Mairipora,Sao Paulo/Brazil,,,,,,,,,,,,,,,,,,,,,0.01609,,,,,,,,,,Small,,,,,,,,,,,,DM260,,,,,,,,,,,,,,,,,,,,,,,,,,,,,,,,,,,,,,,rare,Tunneler,,narrow,,,,,,,,,,,,,,,,,,,,,,,,,,
Canthidium sp.3,,Deltochilini,this study,Mairipora,Sao Paulo/Brazil,,,,,,,,,,,,,,,,,,,,,0.01609,,,,,,,,,,Small,,,,,,,,,,,,DM269,,,,,,,,,,,,,,,,,,,,,,,1.36,,,,,,,,,,,,,,,0.51,,Tunneler,,,,,,,,,,,,,,,,,,,,,,,,,,,,
Canthidium sp.3,,Deltochilini,this study,Mairipora,Sao Paulo/Brazil,,,,,,,,,,,,,,,,,,,,,0.01609,,,,,,,,,,Small,,,,,,,,,,,,DM267,,,,,,,,,,,,,,,,,,,,,,,,,,,,,,,,,,,,,,,,Tunneler,,,,,,,,,,,,,,,,,,,,,,,,,,,,
Canthidium sp.3,,Deltochilini,this study,Mairipora,Sao Paulo/Brazil,,,,,,,,,,,,,,,,,,,,,0.01609,,,,,,,,,,Small,,,,,,,,,,,,DM262,,,,,,,,,,,,,,,,,,,,,,,,,,,,,,,,,,,,,,,,Tunneler,,,,,,,,,,,,,,,,,,,,,,,,,,,,
Canthidium sp.4,,Deltochilini,https://doi.org/10.1007/s42690-021-00680-8,,Rio de Janeiro/Brazil,,,,,,,,,,,,,,,,,,,,,,,,,,,,,,,,,,,,,,,,,,,,,,,,,,,,,,,,,,,,,,,,,,,,,,,,,,,,,,,,,,,Tunneler,,,,,,,,,,,,,,,,,,,,,,,,,,,,
Canthidium sp.4,,Deltochilini,https://doi.org/10.1016/j.biocon.2013.11.023,,Bahia/Brazil,,,,,,,,,,,,,,,,,,,,0.005842,,,,,,,,,,,,,,,,,,,,,,,,Diurnal,Coprophagous,,,,,,,,,,,Forest gener,,,,,,,,,,,,,,,,,,,,,,,,,,,Tunneler,,,,,,,,,,,,,,,,,,,,,15.844,12.78400808,13.29121746,7.116,0.000246781,0.000284106,,2.781
Canthidium sp.4,,Deltochilini,https://doi.org/10.1002/eap.1562,,Bahia/Brazil,,,,,,,,,,,,,,,,,,,,,,,,,,,,,,,Small,,,,,,,,,,,,,Diurnal,Coprophagous,,,,,,,,,,,,,,,,,,,,,,,,,,,,,,,,,,,,,,Tunneler,,,,,,,,,,,,,,,,,,,,,15.692,13.29157303,13.29121746,7.221,0.000249172,0.000284106,,2.713
Canthidium sp.4,,Deltochilini,https://doi.org/10.1007/s10841-022-00412-4,,Pernambuco/Brazil,,,,,,,,,,,,,,,,,,,,,,,,,,,,,,,Small,,,,,,,,,,,,,,,,,,,,,,,,,Habitat gener,,,,,,,,,,,,,,,,,,,,,,,,,,,Tunneler,,,,,,,,,,,,,,,,,,,,,15.633,13.286365,13.29121746,7.206,0.000250112,0.000284106,,2.823
Canthidium sp.4,,Deltochilini,https://doi.org/10.1649/0010-065X-73.3.693,Campos Novos,Santa Catarina/Brazil,,,,,,,,,,,,,,,,,,,,,,,,,,,,,,,,,,,,,,,,,,,,,Generalist,,,,,,,,,,,,,,,,,,,,,,,,,,,,,,,,,,,,,,Tunneler,,,,,,,,,,,,,,,,,,,,,14.942,13.34700067,13.29121746,7.061,0.000261678,0.000284106,,2.626
Canthidium sp.4,,Deltochilini,https://doi.org/10.1016/j.ecolind.2020.106534,,Bahia/Brazil,,,,,,,,,,,,,,,,,,,,,,,,,,,,,,,,3.68,,,,,,,,,,,,,Coprophagous,,,,,,,,,,,,,,,,,,,,,,,,,,,,,,,,,,,,,,Tunneler,,,,,,,,,,,,,,,,,,,,,14.662,12.99997517,13.29121746,6.903,0.000266676,0.000284106,,2.611
Canthidium sp.4,,Deltochilini,this study,Atibaia,Sao Paulo/Brazil,,,,,,,,,,,,,,,,,,,,,0.00391,,,,,,,,,,Small,,,,,,,,,,,,DM272,,,,,,,,,,,,,,,,,,,,,,,,,,,,,,,,,,,,,,,,Tunneler,,,,,,,,,,,,,,,,,,,,,13.712,13.95305018,13.29121746,6.916,0.000285152,0.000284106,,2.503
Canthidium sp.4,,Deltochilini,this study,Atibaia,Sao Paulo/Brazil,,,,,,,,,,,,,,,,,,,,,0.00391,,,,,,,,,,Small,,,,,,,,,,,,DM275,,,,,,,,,,,,,,,,,,,,,,,,,,,,,,,,,,,,,,,,Tunneler,,,,,,,,,,,,,,,,,,,,,13.425,12.90023091,13.29121746,6.58,0.000291248,0.000284106,,2.497
Canthidium sp.4,,Deltochilini,this study,Mairipora,Sao Paulo/Brazil,,,,,,,,,,,,,,,,,,,,,0.00391,,,,,,,,,,Small,,,,,,,,,,,,DM279,,,,,,,,,,,,,,,,,,,,,,,,,,,,,,,,,,,,,,,,Tunneler,,,,,,,,,,,,,,,,,,,,,12.246,13.22065785,13.29121746,6.362,0.000319288,0.000284106,,2.401
Canthidium sp.4,,Deltochilini,this study,Mairipora,Sao Paulo/Brazil,,,,,,,,,,,,,,,,,,,,,0.00391,,,,,,,,,,Small,,,,,,,,,,,,DM276,,,,,,,,,,,,,,,,,,,,,,,,,,,,,,,,,,,,,,,,Tunneler,,,,,,,,,,,,,,,,,,,,,12.039,13.63888994,13.29121746,6.407,0.000324778,0.000284106,,2.33
Canthidium sp.4,,Deltochilini,this study,Atibaia,Sao Paulo/Brazil,,,,,,,,,,,,,,,,,,,,,0.00391,,,,,,,,,,Small,,,,,,,,,,,,DM274,,,,,,,,,,,,,,,,,,,,,,,,,,,,,,,,,,,,,,,,Tunneler,,,,,,,,,,,,,,,,,,,,,11.295,13.49042373,13.29121746,6.172,0.000346171,0.000284106,,2.258
Canthidium sp.4,,Deltochilini,this study,Atibaia,Sao Paulo/Brazil,,,,,,,,,,,,,,,,,,,,,0.00391,,,,,,,,,,Small,,,,,,,,,,,,DM273,,,,,,,,,,,,,,,,,,,,,,,,,,,,,,,,,,,,,,,,Tunneler,,,,,,,,,,,,,,,,,,,,,,,,,,,,
Canthidium sp.4,,Deltochilini,this study,Atibaia,Sao Paulo/Brazil,,,,,,,,,,,,,,,,,,,,,0.00391,,,,,,,,,,Small,,,,,,,,,,,,DM271,,,,,,,,,,,,,,,,,,,,,,,,,,,,,,,,,,,,,,,rare,Tunneler,,narrow,,,,,,,,,,,,,,,,,,,,,,,,,,
Canthidium sp.4,,Deltochilini,this study,Mairipora,Sao Paulo/Brazil,,,,,,,,,,,,,,,,,,,,,0.00391,,,,,,,,,,Small,,,,,,,,,,,,DM277,,,,,,,,,,,,,,,,,,,,,,,0.94,,,,,,,,,,,,,,,0.23,,Tunneler,,,,,,,,,,,,,,,,,,,,,,,,,,,,
Canthidium sp.4,,Deltochilini,this study,Atibaia,Sao Paulo/Brazil,,,,,,,,,,,,,,,,,,,,,0.00391,,,,,,,,,,Small,,,,,,,,,,,,DM270,,,,,,,,,,,,,,,,,,,,,,,,,,,,,,,,,,,,,,,,Tunneler,,,,,,,,,,,,,,,,,,,,,,,,,,,,
Canthidium sp.4,,Deltochilini,this study,Mairipora,Sao Paulo/Brazil,,,,,,,,,,,,,,,,,,,,,0.00391,,,,,,,,,,Small,,,,,,,,,,,,DM278,,,,,,,,,,,,,,,,,,,,,,,,,,,,,,,,,,,,,,,,Tunneler,,,,,,,,,,,,,,,,,,,,,,,,,,,,
Canthidium sp.5,,Deltochilini,https://doi.org/10.1007/s42690-021-00680-8,,Rio de Janeiro/Brazil,,,,,,,,,,,,,,,,,,,,,,,,,,,,,,,,,,,,,,,,,,,,,,,,,,,,,,,,,,,,,,,,,,,,,,,,,,,,,,,,,,,Tunneler,,,,,,,,,,,,,,,,,,,,,,,,,,,,
Canthidium sp.5,,Deltochilini,https://doi.org/10.1016/j.biocon.2013.11.023,,Bahia/Brazil,,,,,,,,,,,,,,,,,,,,0.01106,,,,,,,,,,,,,,,,,,,,,,,,,Coprophagous,,,,,,,,,,,,,,,,,,,,,,,,,,,,,,,,,,,,,,Tunneler,,,,,,,,,,,,,,,,,,,,,,,,,,,,
Canthidium sp.5,,Deltochilini,https://doi.org/10.1002/eap.1562,,Bahia/Brazil,,,,,,,,,,,,,,,,,,,,,,,,,,,,,,,Medium,,,,,,,,,,,,,,Coprophagous,,,,,,,,,,,,,,,,,,,,,,,,,,,,,,,,,,,,,rare,Tunneler,,intermediate,,,,,,,,,,,,,,,,,,,,,,,,,,
Canthidium sp.5,,Deltochilini,https://doi.org/10.1007/s10841-022-00412-4,,Pernambuco/Brazil,,,,,,,,,,,,,,,,,,,,,,,,,,,,,,,Small,,,,,,,,,,,,,,,,,,,,,,,,,Forest specialist,,,,,,,,,,1.52,,,,,,,,,,,,,,,0.53,,Tunneler,,,,,,,,,,,,,,,,,,,,,,,,,,,,
Canthidium sp.5,,Deltochilini,https://doi.org/10.1649/0010-065X-73.3.693,"Sao Miguel do Oeste, Campos Novos",Santa Catarina/Brazil,,,,,,,,,,,,,,,,,,,,,,,,,,,,,,,,,,,,,,,,,,,,,Coprophagous,,,,,,,,,,,,,,,,,,,,,,,,,,,,,,,,,,,,,,Tunneler,,,,,,,,,,,,,,,,,,,,,,,,,,,,
Canthidium sp.5,,Deltochilini,https://doi.org/10.1016/j.ecolind.2020.106534,,Bahia/Brazil,,,,,,,,,,,,,,,,,,,,,,,,,,,,,,,,5.23,,,,,,,,,,,,,Coprophagous,,,,,,,,,,,,,,,,,,,,,,,,,,,,,,,,,,,,,rare,Tunneler,,narrow,,,,,,,,,,,,,,,,,,,,,,,,,,
Canthidium sp.6,,Deltochilini,https://doi.org/10.1007/s42690-021-00680-8,,Rio de Janeiro/Brazil,,,,,,,,,,,,,,,,,,,,,,,,,,,,,,,,,,,,,,,,,,,,,,,,,,,,,,,,,,,,,,,,,,1.16,,,,,,,,,,,,,,,0.27,,Tunneler,,,,,,,,,,,,,,,,,,,,,,,,,,,,
Canthidium sp.6,,Deltochilini,https://doi.org/10.1649/0010-065X-73.3.693,Sao Miguel do Oeste,Santa Catarina/Brazil,,,,,,,,,,,,,,,,,,,,,,,,,,,,,,,,,,,,,,,,,,,,,,,,,,,,,,,,,,,,,,,,,,,,,,,,,,,,,,,,,,,,,,,,,,,,,,,,,,,,,,,,,,,,,,,
Canthidium sp.6,,Deltochilini,https://doi.org/10.1016/j.ecolind.2020.106534,,Bahia/Brazil,,,,,,,,,,,,,,,,,,,,,,,,,,,,,,,,4.01,,,,,,,,,,,,,Coprophagous,,,,,,,,,,,,,,,,,,,,,1.22,,,,,,,,,,,,,,,0.23,,Tunneler,,,,,,,,,,,,,,,,,,,,,,,,,,,,
Canthidium sp.7,,Deltochilini,https://doi.org/10.1371/journal.pone.0201368,,Bahia/Brazil,,,,,,,,,,,,,,,,,,,,,,,,,,,,,,,,,,,,,,,,,,,,,,,,,,,,,,,,Habitat gener,,,,,,,,,,1.56,,,,,,,,,,,,,,,0.65,,Tunneler,,,,,,,,,,,,,,,,,,,,,,,,,,,,
Canthidium sp.7,,Deltochilini,https://doi.org/10.1016/j.ecolind.2020.106534,,Bahia/Brazil,,,,,,,,,,,,,,,,,,,,,,,,,,,,,,,,4.19,,,,,,,,,,,,,,,,,,,,,,,,,,,,,,,,,,0.73,,,,,,,,,,,,,,,0.13,,Tunneler,,,,,,,,,,,,,,,,,,,,,,,,,,,,
Canthidium sp.8,,Deltochilini,https://doi.org/10.1016/j.ecolind.2020.106534,,Bahia/Brazil,,,,,,,,,,,,,,,,,,,,,,,,,,,,,,,,5.64,,,,,,,,,,,,,,,,,,,,,,,,,,,,,,,,,,,,,,,,,,,,,,,,,,,,,,,,,,,,,,,,,,,,,,,,,,,,,,,
Canthidium sp.9,,Deltochilini,https://doi.org/10.1016/j.ecolind.2020.106534,,Bahia/Brazil,,,,,,,,,,,,,,,,,,,,,,,,,,,,,,,,2.6,,,,,,,,,,,,,,,,,,,,,,,,,,,,,,,,,,,,,,,,,,,,,,,,,,,,,,,,,,,,,,,,,,,,,,,,,,,,,,,
"Canthon (Canthon) angularis Harold, 1868",Canthon angularis,Deltochilini,this study,Joanopolis,Sao Paulo/Brazil,,,,,,,,,,,,,,,,,,,,,0.03977,,,,,,,,,,Medium,,,,,,,,,,,,DM291,Diurnal,Coprophagous,,,,,,,,,,,,,,,,,,,,,,,,,,,,,,,,,,,,,,,,,,,,,,,,,,,,,,,,,,,,,,,,,,
"Canthon (Canthon) angularis Harold, 1868",Canthon angularis,Deltochilini,this study,Joanopolis,Sao Paulo/Brazil,,,,,,,,,,,,,,,,,,,,,0.03977,,,,,,,,,,Medium,,,,,,,,,,,,DM300,Diurnal,Coprophagous,,,,,,,,,,,,,,,,,,,,,,,,,,,,,,,,,,,,,,,,,,,,,,,,,,,,,,,,,,,,,,,,,,
"Canthon (Canthon) angularis Harold, 1868",Canthon angularis,Deltochilini,this study,Joanopolis,Sao Paulo/Brazil,,,,,,,,,,,,,,,,,,,,,0.03977,,,,,,,,,,Medium,,,,,,,,,,,,DM295,Diurnal,Coprophagous,,,,,,,,,,,,,,,,,,,,,,,,,,,,,,,,,,,,,,Roller,,,,,,,,,,,,,,,,,,,,,,,,,,,,
"Canthon (Canthon) angularis Harold, 1868",Canthon angularis,Deltochilini,this study,Joanopolis,Sao Paulo/Brazil,,,,,,,,,,,,,,,,,,,,,0.03977,,,,,,,,,,Medium,,,,,,,,,,,,DM292,Diurnal,Coprophagous,,,,,,,,,,,,,,,,,,,,,,,,,,,,,,4.357,,,,,,,,Roller,,,0.305,,,,,,0.789,,,,,7.843,,,,,,,,,,,,,,
"Canthon (Canthon) angularis Harold, 1868",Canthon angularis,Deltochilini,this study,Joanopolis,Sao Paulo/Brazil,,,,,,,,,,,,,,,,,,,,,0.03977,,,,,,,,,,Medium,,,,,,,,,,,,DM296,Diurnal,Coprophagous,,,,,,,,,,,,,,,,,,,,,,,,,,,,,,,,,,,,,,Roller,,,,,,,,,,,,,,,,,,,,,,,,,,,,
"Canthon (Canthon) angularis Harold, 1868",Canthon angularis,Deltochilini,this study,Joanopolis,Sao Paulo/Brazil,,,,,,,,,,,,,,,,,,,,,0.03977,,,,,,,,,,Medium,,,,,,,,,,,,DM294,Diurnal,Coprophagous,,,,,,,,,,,,,,,,,,,,,,,,,,,,,,,,,,,,,rare,Roller,,narrow,,,,,,,,,,,,,,,,,,,,,,,,,,
"Canthon (Canthon) angularis Harold, 1868",Canthon angularis,Deltochilini,this study,Joanopolis,Sao Paulo/Brazil,,,,,,,,,,,,,,,,,,,,,0.03977,,,,,,,,,,Medium,,,,,,,,,,,,DM299,Diurnal,Coprophagous,,,,,,,,,,,,,,,,,,,,,,,,,,,,,,,,,,,,,rare,Roller,,narrow,,,,,,,,,,,,,,,,,,,,,,,,,,
"Canthon (Canthon) angularis Harold, 1868",Canthon angularis,Deltochilini,this study,Joanopolis,Sao Paulo/Brazil,,,,,,,,,,,,,,,,,,,,,0.03977,,,,,,,,,,Medium,,,,,,,,,,,,DM298,Diurnal,Coprophagous,,,,,,,,,,,,,,,,,,,,,,,,,,,,,,,,,,,,,,,,,,,,,,,,,,,,,,,,,,,,,,,,,,
"Canthon (Canthon) angularis Harold, 1868",Canthon angularis,Deltochilini,this study,Joanopolis,Sao Paulo/Brazil,,,,,,,,,,,,,,,,,,,,,0.03977,,,,,,,,,,Medium,,,,,,,,,,,,DM293,Diurnal,Coprophagous,,,,,,,,,,,,,,,,,,,,,,,,,,,,,,,,,,,,,,Roller,,,,,,,,,,,,,,,,,,,,,,,,,,,,
"Canthon (Canthon) angularis Harold, 1868",Canthon angularis,Deltochilini,this study,Joanopolis,Sao Paulo/Brazil,,,,,,,,,,,,,,,,,,,,,0.03977,,,,,,,,,,Medium,,,,,,,,,,,,DM297,Diurnal,Coprophagous,,,,,,,,,,,,,,,,,,,,,,,,,,,,,,,,,,,,,,Roller,,,,,,,,,,,,,,,,,,,,,,,,,,,,
"Canthon (Canthon) angularis obenbergeri Balthasar, 1940",Canthon angularis,Deltochilini,https://doi.org/10.1649/0010-065X-73.3.693,"Itapemag, Sao Miguel do Oeste, Sao Domingos, Ipumirim, Campos Novos, Monte Castelo, Antonio Carlos, Sao Bonifacio, Urubici",Santa Catarina/Brazil,,,,,,,,,,,,,,,,,,,,,,,,,,,,,,,Small,,,,,,,,,,,,,Diurnal,Coprophagous,,,,,,,,,,,,,,,,,,,,,,,,,,,,,,,,,,,,,rare,Roller,,intermediate,,,,,,,,,,,,,,,,,,,,,,,,,,
"Canthon (Canthon) angularis obenbergeri Balthasar, 1940",Canthon angularis,Deltochilini,https://doi.org/10.1371/journal.pone.0244783,,Santa Catarina/Brazil,,0.3,,,,,,,,,,,,,,,,,,0.037,,,,,,,,,,,,,,,,,,,,,,,,Diurnal,Coprophagous,,,,,,,,0.3,,5.3,,,,,,,,,,,2.67,,,,yes,yes,,,4.23,,,,,,2.1,0.52,,,,,,,,,,,,,,,,,,,,,,57.56,,,,,3.02,,,
"Canthon (Canthon) angularis obenbergeri Balthasar, 1940",Canthon angularis obenbergeri,Deltochilini,https://doi.org/10.1111/aec.12675,,Santa Catarina/Brazil,,,,,,,,,,,,,,,,,,,,,,,,,,,,,,,Small,,,,,,,,,,,,,Diurnal,,,,,,,,,,,,,,,,,,,,,,,,,,,,,,,,,,,,,,,Roller,,,,,,,,,,,,,,,,,,,,,,,,,,,,
"Canthon (Canthon) curvodilatatus Schmidt, 1920",Canthon curvodilatatus,Deltochilini,https://doi.org/10.1038/s41598-020-70284-8,,Misiones Province/Argentina,0.0028,,,,,,,,,,,,,,,,,,,0.024,,,,,,,,,,,,,,,,,,,,,,,,Diurnal,,,,,,,,0.418,,,,Open environ. specialist,,,,,,,,,,,,,,,,,,,,,,,,,,,Roller,,,,,,,,,,,,,,,,,,,,,,,,,,,,
"Canthon (Canthon) curvodilatatus Schmidt, 1920",Canthon curvodilatatus,Deltochilini,https://doi.org/10.1038/s41598-020-70284-8,,Misiones Province/Argentina,0.0038,,,,,,,,,,,,,,,,,,,0.025,,,,,,,,,,,,,,,,,,,,,,,,Diurnal,,,,,,,,0.383,,,,Open environ. specialist,,,,,,,,,,,,,,,,,,,,,,,,,,,Roller,,,,,,,,,,,,,,,,,,,,,,,,,,,,
"Canthon (Canthon) curvodilatatus Schmidt, 1920",Canthon curvodilatatus,Deltochilini,https://doi.org/10.1038/s41598-020-70284-8,,Misiones Province/Argentina,-0.0097,,,,,,,,,,,,,,,,,,,0.029,,,,,,,,,,,,,,,,,,,,,,,,Diurnal,,,,,,,,0.687,,,,Open environ. specialist,,,,,,,,,,,,,,,,,,,,,,,,,,,Roller,,,,,,,,,,,,,,,,,,,,,,,,,,,,
"Canthon (Canthon) curvodilatatus Schmidt, 1920",Canthon curvodilatatus,Deltochilini,https://doi.org/10.1038/s41598-020-70284-8,,Misiones Province/Argentina,0.0016,,,,,,,,,,,,,,,,,,,0.03,,,,,,,,,,,,,,,,,,,,,,,,Diurnal,,,,,,,,0.402,,,,Open environ. specialist,,,,,,,,,,,,,,,,,,,3.166,,,,,,,,Roller,,,0.31,,,,,,0.575,,,,,5.745,,,,,,,,,,,,,,
"Canthon (Canthon) curvodilatatus Schmidt, 1920",Canthon curvodilatatus,Deltochilini,https://doi.org/10.1371/journal.pone.0201368,,Bahia/Brazil,,,,,,,,,,,,,,,,,,,,,,,,,,,,,,,,,,,,,,,,,,,,,,,,,,,,,,,,Open environ. specialist,,,,,,,,,,,,,,,,,,,,,,,,,,rare,Roller,,narrow,,,,,,,,,,,,,,,,,,,,,,,,,,
"Canthon (Canthon) lituratus (Germar, 1813)",Canthon lituratus,Deltochilini,https://doi.org/10.1016/j.biocon.2013.11.023,,Bahia/Brazil,,,,,,,,,,,,,,,,,,,,0.005577,,,,,,,,,,,,,,,,,,,,,,,,Diurnal,Generalist,,,,,,,,,,,Open environ. specialist,,,,,,,,,,,,,1.5,,,,,,,,,,,,,,Roller,,,,,,,,,,,,,,,,,,,,,,,,,,,2.9,
"Canthon (Canthon) lituratus (Germar, 1813)",Canthon lituratus,Deltochilini,https://doi.org/10.1002/eap.1562,,Bahia/Brazil,,,,,,,,,,,,,,,,,,,,,,,,,,,,,,,Small,,,,,,,,,,,,,Diurnal,Generalist,,,,,,,,,,,,,,,,,,,,,,,,,,,,,,,,,,,,,,,,,,,,,,,,,,,,,,,,,,,,,,,,,,
"Canthon (Canthon) lividus lividus Blanchard, 1845",Canthon lividus,Deltochilini,https://doi.org/10.1590/S0085-56262013000100008,,Santa Catarina/Brazil,,,,,,,,,,,,,,,,,,,,0.03,,,,,,,,,,,Medium,,,,,,,,,,,,,,Generalist,,,,,,,,,,,,,,,,,,,,0.89,,,,,,,,,,,,,,,,,,Roller,,,,,,,,,,,,,,,,,,,,,,,,,,,,
"Canthon (Canthon) lividus lividus Blanchard, 1845",Canthon lividus lividus,Deltochilini,https://doi.org/10.1649/0010-065X-73.3.693,Sao Miguel do Oeste,Santa Catarina/Brazil,,,,,,,,,,,,,,,,,,,,,,,,,,,,,,,Small,,,,,,,,,,,,,Diurnal,Generalist,,,,,,,,,,,,,,,,,,,,,,,,,,,,,,,,,,,,,,Roller,,,,,,,,,,,,,,,,,,,,,,,,,,,,
"Canthon (Canthon) lividus lividus Blanchard, 1845",Canthon lividus,Deltochilini,https://doi.org/10.1371/journal.pone.0244783,,Santa Catarina/Brazil,,0.3,,,,,,,,,,,,,,,,,,0.029,,,,,,,,,,,,,,,,,,,,,,,,Diurnal,Necrophagous,,,,,,,,0.2,,4,,,,,,,,,,,,,,,,,,,,,,,,,,,,Tunneler,,,,,,,,,,,,,,,,,,,,,,,,,,,,
"Canthon (Canthon) lividus lividus Blanchard, 1845",Canthon lividus,Deltochilini,https://doi.org/10.1590/S0073-47212012000200012,,Rio Grande do Sul/Brazil,,,,,,,,,,,,,,,,,,,,,,,,,,,,,,,,,,,,,,,,,,,,,Generalist/Necrophagous,,,,,,,,,,,,,,,,,,,,,,,,,,,,,,,,,,,,,,Roller,,,,,,,,,,,,,,,,,,,,,,,,,,,,
"Canthon (Canthon) lividus lividus Blanchard, 1845",Canthon lividus,Deltochilini,https://doi.org/10.1590/S0001-37652013005000033,,Rio Grande do Sul/Brazil,,,,,,,,,,,,,,,,,,,,,,,,,,,,,,,,,,,,,,,,,,,,,,,,,,,,,,,,,,,,,,,,,,,,,,,,,,,,,,,,,,,Roller,,,,,,,,,,,,,,,,,,,,,,,,,,,,
"Canthon (Canthon) lividus lividus Blanchard, 1845",Canthon lividus,Deltochilini,https://doi.org/10.1111/aec.12675,,Santa Catarina/Brazil,,,,,,,,,,,,,,,,,,,,,,,,,,,,,,,Small,,,,,,,,,,,,,Diurnal,,,,,,,,,,,,,,,,,,,,,,,,,,,,,,,,,,,,,,,Roller,,,,,,,,,,,,,,,,,,,,,,,,,,,,
"Canthon (Canthon) lividus seminitens Harold, 1868",Canthon lividus seminitens,Deltochilini,https://doi.org/10.1649/0010-065X-73.3.693,"Itapemag, Campos Novos, Anitapolis",Santa Catarina/Brazil,,,,,,,,,,,,,,,,,,,,,,,,,,,,,,,Small,,,,,,,,,,,,,Diurnal,Necrophagous,,,,,,,,,,,,,,,,,,,,,,,,,,,,,,,,,,,,,,Roller,,,,,,,,,,,,,,,,,,,,,41.814,13.77069919,13.99136693,11.998,0.000951117,0.001055246,,4.543
"Canthon (Canthon) lividus seminitens Harold, 1868",Canthon seminitens,Deltochilini,https://doi.org/10.1111/aec.12675,,Santa Catarina/Brazil,,,,,,,,,,,,,,,,,,,,,,,,,,,,,,,Small,,,,,,,,,,,,,Diurnal,,,,,,,,,,,,,,,,,,,,,,,,,,,,,,,,,,,,,,,Roller,,,,,,,,,,,,,,,,,,,,,41.655,14.27390364,13.99136693,12.192,0.000954747,0.001055246,,4.444
"Canthon (Canthon) mutabilis Lucas, 1859",Canthon mutabilis,Deltochilini,https://doi.org/10.1016/j.biocon.2013.11.023,,Bahia/Brazil,,,,,,,,,,,,,,,,,,,,0.010583,,,,,,,,,,,,,,,,,,,,,,,,Diurnal,Generalist,,,,,,,,,,,Open environ. specialist,,,,,,,,,,,,,,,,,,,,,,,,,,,Roller,,,,,,,,,,,,,,,,,,,,,41.213,14.1631427,13.99136693,12.08,0.000964987,0.001055246,,4.433
"Canthon (Canthon) mutabilis Lucas, 1859",Canthon mutabilis,Deltochilini,https://doi.org/10.1002/eap.1562,,Bahia/Brazil,,,,,,,,,,,,,,,,,,,,,,,,,,,,,,,Medium,,,,,,,,,,,,,Diurnal,Generalist,,,,,,,,,,,,,,,,,,,,,,,,,,,,,,,,,,,,,,Roller,,,,,,,,,,,,,,,,,,,,,39.345,13.94068878,13.99136693,11.71,0.001010802,0.001055246,,4.376
"Canthon (Canthon) mutabilis Lucas, 1859",Canthon mutabilis,Deltochilini,https://doi.org/10.1007/s10841-022-00412-4,,Pernambuco/Brazil,,,,,,,,,,,,,,,,,,,,,,,,,,,,,,,Small,,,,,,,,,,,,,,Generalist,,,,,,,,,,,Open environ. specialist,,,,,,,,,,,,,,,,,,,,,,,,,,,Roller,,,,,,,,,,,,,,,,,,,,,38.084,13.58285726,13.99136693,11.372,0.001044271,0.001055246,,4.303
"Canthon (Canthon) nigripennis Van Lansberge, 1874",Canthon nigripennis,Deltochilini,https://doi.org/10.1007/s10841-022-00412-4,,Pernambuco/Brazil,,,,,,,,,,,,,,,,,,,,,,,,,,,,,,,Small,,,,,,,,,,,,,,Generalist,,,,,,,,,,,Forest specialist,,,,,,,,,,,,,,,,,,,,,,,,,,,Roller,,,,,,,,,,,,,,,,,,,,,37.837,14.06137791,13.99136693,11.533,0.001051088,0.001055246,,4.269
"Canthon (Canthon) nigripennis Van Lansberge, 1874",Canthon nigripennis,Deltochilini,https://doi.org/10.1371/journal.pone.0201368,,Bahia/Brazil,,,,,,,,,,,,,,,,,,,,,,,,,,,,,,,,,,,,,,,,,,,,,,,,,,,,,,,,Habitat gener,,,,,,,,,,,,,,,,,,,,,,,,,,,Roller,,,,,,,,,,,,,,,,,,,,,37.547,14.15278728,13.99136693,11.526,0.001059206,0.001055246,,4.181
"Canthon (Canthon) nigripennis Van Lansberge, 1874",Canthon nigripennis,Deltochilini,https://doi.org/10.1016/j.ecolind.2020.106534,,Bahia/Brazil,,,,,,,,,,,,,,,,,,,,,,,,,,,,,,,,5.37,,,,,,,,,,,,,Necrophagous,,,,,,,,,,,,,,,,,,,,,,,,,,,,,,,,,,,,,,Roller,,,,,,,,,,,,,,,,,,,,,36.098,13.88505025,13.99136693,11.194,0.001101723,0.001055246,,4.191
"Canthon (Canthon) podagricus Harold, 1868",Canthon podagricus,Deltochilini,https://doi.org/10.1038/s41598-020-70284-8,,Misiones Province/Argentina,0.048,,,,,,,,,,,,,,,,,,,0.023,,,,,,,,,,,,,,,,,,,,,,,,Diurnal,,,,,,,,2.994,,,,Open environ. specialist,,,,,,,,,,,,,,,,,,,,,,,,,,,Roller,,,,,,,,,,,,,,,,,,,,,34.479,13.86958508,13.99136693,10.934,0.001153456,0.001055246,,4.142
"Canthon (Canthon) podagricus Harold, 1868",Canthon podagricus,Deltochilini,https://doi.org/10.1038/s41598-020-70284-8,,Misiones Province/Argentina,-0.0175,,,,,,,,,,,,,,,,,,,0.023,,,,,,,,,,,,,,,,,,,,,,,,Diurnal,,,,,,,,0.696,,,,Open environ. specialist,,,,,,,,,,,,,,,,,,,,,,,,,,,Roller,,,,,,,,,,,,,,,,,,,,,31.537,14.2135772,13.99136693,10.586,0.001261058,0.001055246,,3.83
"Canthon (Canthon) podagricus Harold, 1868",Canthon podagricus,Deltochilini,https://doi.org/10.1038/s41598-020-70284-8,,Misiones Province/Argentina,0.0015,,,,,,,,,,,,,,,,,,,0.025,,,,,,,,,,,,,,,,,,,,,,,,Diurnal,,,,,,,,1.462,,,,Open environ. specialist,,,,,,,,,,,,,,,,,,,,,,,,,,rare,Roller,,large,,,,,,,,,,,,,,,,,,,,,,,,,,
"Canthon (Canthon) podagricus Harold, 1868",Canthon podagricus,Deltochilini,https://doi.org/10.1038/s41598-020-70284-8,,Misiones Province/Argentina,0.0015,,,,,,,,,,,,,,,,,,,0.026,,,,,,,,,,,,,,,,,,,,,,,,Diurnal,,,,,,,,0.521,,,,Open environ. specialist,,,,,,,,,,,,,2.1,,,,,,,,,,,,,,Roller,,,,,,,,,,,,,,,,,,,,,,,,,,,2.7,
"Canthon (Canthon) podagricus Harold, 1868",Canthon podagricus,Deltochilini,https://doi.org/10.1038/s41598-020-70284-8,,Misiones Province/Argentina,-0.003,,,,,,,,,,,,,,,,,,,0.026,,,,,,,,,,,,,,,,,,,,,,,,Diurnal,,,,,,,,0.664,,,,Open environ. specialist,,,,,,,,,,,,,,,,,,,,,,,,,,,Roller,,,,,,,,,,,,,,,,,,,,,,,,,,,,
"Canthon (Canthon) podagricus Harold, 1868",Canthon podagricus,Deltochilini,https://doi.org/10.1038/s41598-020-70284-8,,Misiones Province/Argentina,-7.00E-04,,,,,,,,,,,,,,,,,,,0.028,,,,,,,,,,,,,,,,,,,,,,,,Diurnal,,,,,,,,0.761,,,,Open environ. specialist,,,,,,,,,,,,,,,,,,,,,,,,,,,Roller,,,,,,,,,,,,,,,,,,,,,,,,,,,,
"Canthon (Canthon) podagricus Harold, 1868",Canthon podagricus,Deltochilini,https://doi.org/10.1038/s41598-020-70284-8,,Misiones Province/Argentina,-0.0136,,,,,,,,,,,,,,,,,,,0.03,,,,,,,,,,,,,,,,,,,,,,,,Diurnal,,,,,,,,0.54,,,,Open environ. specialist,,,,,,,,,,,,,,,,,,,,,,,,,,rare,Roller,,narrow,,,,,,,,,,,,,,,,,,,,,,,,,,
"Canthon (Canthon) podagricus Harold, 1868",Canthon podagricus,Deltochilini,https://doi.org/10.1038/s41598-020-70284-8,,Misiones Province/Argentina,0.0278,,,,,,,,,,,,,,,,,,,0.031,,,,,,,,,,,,,,,,,,,,,,,,Diurnal,,,,,,,,1.424,,,,Open environ. specialist,,,,,,,,,,,,,,,,,,,,,,,,,,,Roller,,,,,,,,,,,,,,,,,,,,,,,,,,,,
"Canthon (Canthon) podagricus Harold, 1868",Canthon podagricus,Deltochilini,https://doi.org/10.1038/s41598-020-70284-8,,Misiones Province/Argentina,-0.0071,,,,,,,,,,,,,,,,,,,0.031,,,,,,,,,,,,,,,,,,,,,,,,Diurnal,,,,,,,,1.522,,,,Open environ. specialist,,,,,,,,,,,,,,,,,,,,,,,,,,,Roller,,,,,,,,,,,,,,,,,,,,,,,,,,,,
"Canthon (Canthon) podagricus Harold, 1868",Canthon podagricus,Deltochilini,https://doi.org/10.1038/s41598-020-70284-8,,Misiones Province/Argentina,0.0021,,,,,,,,,,,,,,,,,,,0.032,,,,,,,,,,,,,,,,,,,,,,,,Diurnal,,,,,,,,0.643,,,,Open environ. specialist,,,,,,,,,,,,,,,,,,,,,,,,,,,Roller,,,,,,,,,,,,,,,,,,,,,,,,,,,,
"Canthon (Canthon) podagricus Harold, 1868",Canthon podagricus,Deltochilini,https://doi.org/10.1038/s41598-020-70284-8,,Misiones Province/Argentina,-0.0188,,,,,,,,,,,,,,,,,,,0.032,,,,,,,,,,,,,,,,,,,,,,,,Diurnal,,,,,,,,1.333,,,,Open environ. specialist,,,,,,,,,,,,,,,,,,,,,,,,,,,Roller,,,,,,,,,,,,,,,,,,,,,,,,,,,,
"Canthon (Canthon) podagricus Harold, 1868",Canthon podagricus,Deltochilini,https://doi.org/10.1038/s41598-022-05616-x,,Misiones Province/Argentina,,,,0.825,,,,,0.495,,,,,1.367,,,,,,0.007,,,,,,16.426,,,,,,,,,,,,,,,,,,,,,,,,,,,,,,,2.342,,,,,,,,,,,,,,,,,,,,,,,,,,Roller,,,,,,,,,,,,,,,,,,,,,,,,,,,,
"Canthon (Canthon) podagricus Harold, 1868",Canthon podagricus,Deltochilini,https://doi.org/10.1002/ece3.9950,,Goiania/Brazil,,,,,,,,,,,,,,,,,,,,,,,,,,,,,,,,5.79,,,,,,,,,,,,Diurnal,,,,,,,,,,0.02,,,,,,,,0.71,1.96,yes,0,,,,,,,,,,,,,,,,,rare,Roller,,large,,,,,,,,,,,,,,,,,,,,,,,,,,
"Canthon (Francmonrosia) latipes Blanchard, 1845",Canthon latipes,Deltochilini,https://doi.org/10.1590/S0085-56262013000100008,,Santa Catarina/Brazil,,,,,,,,,,,,,,,,,,,,0.044,,,,,,,,,,,Medium,,,,,,,,,,,,,,Coprophagous,,,,,,,,,,,,,,,,,,,,0.03,,,,,,,,,,,,,,,,,,,,,,,,,,,,,,,,,,,,,,,,,,,,,,
"Canthon (Francmonrosia) latipes Blanchard, 1845",Canthon latipes,Deltochilini,https://doi.org/10.1673/031.011.0113,,Sao Paulo/Brazil,,,,,,,,,,,,,,,,,,,,,,,,,,,,,,,,9.56,,,0.569,,,,,,12.2,0.653,,Diurnal,,,,,,,,,,,,,,,,,,,,,,,,,,,,,,,,,,,,,,,Roller,,,,,,,,,,,,,,,,,,,,,,,,,,,,
"Canthon (Francmonrosia) latipes Blanchard, 1845",Canthon latipes,Deltochilini,https://doi.org/10.1590/S0073-47212012000200012,,Rio Grande do Sul/Brazil,,,,,,,,,,,,,,,,,,,,,,,,,,,,,,,,,,,,,,,,,,,,,Generalist/Coprophagous,,,,,,,,,,,,,,,,,,,,,,,,,,,,,,,,,,,,,,Roller,,,,,,,,,,,,,,,,,,,,,,,,,,,,
"Canthon (Francmonrosia) latipes Blanchard, 1845",Canthon latipes,Deltochilini,https://doi.org/10.1590/S0001-37652013005000033,,Rio Grande do Sul/Brazil,,,,,,,,,,,,,,,,,,,,,,,,,,,,,,,,,,,,,,,,,,,,,,,,,,,,,,,,,,,,,,,,,,2.52,,,,yes,yes,,,4.31,,,,,,2.71,0.99,,,,,,,,,,,,,,,,,,,,,,77.02,,,,,3.41,,,
"Canthon (Francmonrosia) rutilans cyanescens Schmidt, 1922",Canthon rutilans cyanescens,Deltochilini,https://doi.org/10.1093/ee/nvx091,,Santa Catarina/Brazil,,,,,,,,,,,,,,,,,,,,0.137,,,,,0.035,,,,,,,9,,,0.8,,,,,,,,,,,,,,,,,,,,,,,,,,,,,,,,,,,,,,,,,,,,,,,,Roller,,,,,,,,,,,,,,,,,,,,,25.921,13.76613942,13.51201285,9.445,0.000923961,0.000976508,,3.527
"Canthon (Francmonrosia) rutilans cyanescens Schmidt, 1922",Canthon rutilans cyanescens,Deltochilini,https://doi.org/10.1590/18069657rbcs20160248,,Santa Catarina/Brazil,,,,,,,,,,,,,,,,,,,,0.045,,,,,,,,,,,,10.8,,,,,,,,,,,,,Generalist,,,,,,,,,,,,,,,,,,,,,,,,,,,,,,,,,,,,,,Roller,,,,,,,,,,,,,,,,,,,,,25.747,13.23825859,13.51201285,9.231,0.000930205,0.000976508,,3.605
"Canthon (Francmonrosia) rutilans cyanescens Schmidt, 1922",Canthon rutilans cyanescens,Deltochilini,https://doi.org/10.1649/0010-065X-73.3.693,"Campos Novos, Brusque, Anitapolis, Sao Pedro de Alcantara, Santo Amaro da Imperatriz, Antonio Carlos, Sao Bonifacio, Itapema, Porto Belo - Bombinhas, Governador Celso Ramos, Florianopolis - Desterro, Florianopolis - Lagoa do Peri, I√ßara",Santa Catarina/Brazil,,,,,,,,,,,,,,,,,,,,,,,,,,,,,,,Small,,,,,,,,,,,,,,Generalist/Coprophagous,,,,,,,,,,,,,,,,,,,,,,,,,,,,,,,,,,,,,,Roller,,,,,,,,,,,,,,,,,,,,,24.623,13.39929724,13.51201285,9.082,0.000972668,0.000976508,,3.547
"Canthon (Francmonrosia) rutilans cyanescens Schmidt, 1922",Canthon rutilans cyanescens,Deltochilini,https://doi.org/10.1590/1676-0611-BN-2023-1567,,Brazil,,,,,,,,,,,,,,,,,,,,,,,,,,,,,,,,,,,,,,,,shallow,,,,,,,,,,,,,,,,,,,,,,,,,,,,,,,,,,,,,,,,,,,Roller,,,,,,,,,,,,,,,,,,,,,24.175,13.21234267,13.51201285,8.936,0.000990693,0.000976508,,3.477
"Canthon (Francmonrosia) rutilans cyanescens Schmidt, 1922",Canthon rutilans cyanescens,Deltochilini,https://doi.org/10.1002/ece3.9950,,Goiania/Brazil,,,,,,,,,,,,,,,,,,,,,,,,,,,,,,,,9.01,,,,,,,,,,,,Diurnal,,,,,,,,,,0.07,,,,,,,,1.88,3.49,yes,0,,,,,,,,,,,,,,,,,,Roller,,,,,,,,,,,,,,,,,,,,,22.488,13.94402633,13.51201285,8.854,0.001065012,0.000976508,,3.312
"Canthon (Francmonrosia) rutilans cyanescens Schmidt, 1922",Canthon rutilans cyanescens,Deltochilini,https://doi.org/10.1371/journal.pone.0126112,,Santa Catarina/Brazil,,,Young-mature,,,,,,,,,,,,,,,,,,,,,,,,,,,,Small,,,,,,,,,,,,,Diurnal,,SWNE,310,,,,,,,,,,,,,,,,,,,,27.054,,,,,,,,,,,,,,,,,Female,,,,,,,-0.0044,,,,,,,,,,,,,,,,,,,,
"Canthon (Francmonrosia) rutilans cyanescens Schmidt, 1922",Canthon rutilans cyanescens,Deltochilini,https://doi.org/10.1371/journal.pone.0126112,,Santa Catarina/Brazil,,,Young-mature,,,,,,,,,,,,,,,,,,,,,,,,,,,,Small,,,,,,,,,,,,,Diurnal,,NS,71,,,,,,,,,,,,,,,,,,,,26.007,,,,,,,,,,,,,,,,,Female,,,,,,,0.0061,,,,,,,,,,,,,,,,,,,,
"Canthon (Francmonrosia) rutilans cyanescens Schmidt, 1922",Canthon rutilans cyanescens,Deltochilini,https://doi.org/10.1371/journal.pone.0126112,,Santa Catarina/Brazil,,,Immature,,,,,,,,,,,,,,,,,,,,,,,,,,,,Small,,,,,,,,,,,,,Diurnal,,WE,85.95,,,,,,,,,,,,,,,,,,,,27.574,,,,,,,,,,,,,,,,,Male,,,,,,,-0.0092,,,,,,,,,,,,,,,,,,,,
"Canthon (Francmonrosia) rutilans cyanescens Schmidt, 1922",Canthon rutilans cyanescens,Deltochilini,https://doi.org/10.1371/journal.pone.0126112,,Santa Catarina/Brazil,,,Young-mature,,,,,,,,,,,,,,,,,,,,,,,,,,,,Small,,,,,,,,,,,,,Diurnal,,SENW,184.22,,,,,,,,,,,,,,,,,,,,26.807,,,,,,,,,,,,,,,,,Male,,,,,,,7.00E-04,,,,,,,,,,,,,,,,,,,,
"Canthon (Francmonrosia) rutilans cyanescens Schmidt, 1922",Canthon rutilans cyanescens,Deltochilini,https://doi.org/10.1371/journal.pone.0126112,,Santa Catarina/Brazil,,,Young-mature,,,,,,,,,,,,,,,,,,,,,,,,,,,,Small,,,,,,,,,,,,,Diurnal,,SWNE,221.83,,,,,,,,,,,,,,,,,,,,27.185,,,,,,,,,,,,,,,,,Male,,,,,,,-0.0023,,,,,,,,,,,,,,,,,,,,
"Canthon (Francmonrosia) rutilans cyanescens Schmidt, 1922",Canthon rutilans cyanescens,Deltochilini,https://doi.org/10.1371/journal.pone.0126112,,Santa Catarina/Brazil,,,Young-mature,,,,,,,,,,,,,,,,,,,,,,,,,,,,Small,,,,,,,,,,,,,Diurnal,,SWNE,197.82,,,,,,,,,,,,,,,,,,,,25.721,,,,,,,,,,,,,,,,,Female,,,,,,,0.0066,,,,,,,,,,,,,,,,,,,,
"Canthon (Francmonrosia) rutilans cyanescens Schmidt, 1922",Canthon rutilans cyanescens,Deltochilini,https://doi.org/10.1371/journal.pone.0126112,,Santa Catarina/Brazil,,,Immature,,,,,,,,,,,,,,,,,,,,,,,,,,,,Small,,,,,,,,,,,,,Diurnal,,SWNE,135.42,,,,,,,,,,,,,,,,,,,,28.39,,,,,,,,,,,,,,,,,Female,,,,,,,-0.0159,,,,,,,,,,,,,,,,,,,,
"Canthon (Francmonrosia) rutilans cyanescens Schmidt, 1922",Canthon rutilans cyanescens,Deltochilini,https://doi.org/10.1371/journal.pone.0126112,,Santa Catarina/Brazil,,,Immature,,,,,,,,,,,,,,,,,,,,,,,,,,,,Small,,,,,,,,,,,,,Diurnal,,SWNE,128.38,,,,,,,,,,,,,,,,,,,,27.046,,,,,,,,,,,,,,,,,Male,,,,,,,0.0015,,,,,,,,,,,,,,,,,,,,
"Canthon (Francmonrosia) rutilans cyanescens Schmidt, 1922",Canthon rutilans cyanescens,Deltochilini,https://doi.org/10.1371/journal.pone.0126112,,Santa Catarina/Brazil,,,Immature,,,,,,,,,,,,,,,,,,,,,,,,,,,,Small,,,,,,,,,,,,,Diurnal,,NESW,58.55,,,,,,,,,,,,,,,,,,,,27.95,,,,,,,,,,,,,,,,,Female,,,,,,,-0.0166,,,,,,,,,,,,,,,,,,,,
"Canthon (Francmonrosia) rutilans cyanescens Schmidt, 1922",Canthon rutilans cyanescens,Deltochilini,https://doi.org/10.1371/journal.pone.0126112,,Santa Catarina/Brazil,,,Immature,,,,,,,,,,,,,,,,,,,,,,,,,,,,Small,,,,,,,,,,,,,Diurnal,,EW,54.47,,,,,,,,,,,,,,,,,,,,26.002,,,,,,,,,,,,,,,,,Male,,,,,,,0.0037,,,,,,,,,,,,,,,,,,,,
"Canthon (Francmonrosia) rutilans cyanescens Schmidt, 1922",Canthon rutilans cyanescens,Deltochilini,https://doi.org/10.1371/journal.pone.0126112,,Santa Catarina/Brazil,,,Immature,,,,,,,,,,,,,,,,,,,,,,,,,,,,Small,,,,,,,,,,,,,Diurnal,,SWNE,267.12,,,,,,,,,,,,,,,,,,,,29.703,,,,,,,,,,,,,,,,,Female,,,,,,,-0.0261,,,,,,,,,,,,,,,,,,,,
"Canthon (Francmonrosia) rutilans cyanescens Schmidt, 1922",Canthon rutilans cyanescens,Deltochilini,https://doi.org/10.1371/journal.pone.0126112,,Santa Catarina/Brazil,,,Immature,,,,,,,,,,,,,,,,,,,,,,,,,,,,Small,,,,,,,,,,,,,Diurnal,,WE,85.95,,,,,,,,,,,,,,,,,,,,30.034,,,,,,,,,,,,,,,,,Male,,,,,,,0.0132,,,,,,,,,,,,,,,,,,,,
"Canthon (Francmonrosia) rutilans cyanescens Schmidt, 1922",Canthon rutilans cyanescens,Deltochilini,https://doi.org/10.1371/journal.pone.0126112,,Santa Catarina/Brazil,,,Immature,,,,,,,,,,,,,,,,,,,,,,,,,,,,Small,,,,,,,,,,,,,Diurnal,,SWNE,81.58,,,,,,,,,,,,,,,,,,,,28.839,,,,,,,,,,,,,,,,,Male,,,,,,,-0.0322,,,,,,,,,,,,,,,,,,,,
"Canthon (Francmonrosia) rutilans cyanescens Schmidt, 1922",Canthon rutilans cyanescens,Deltochilini,https://doi.org/10.1371/journal.pone.0126112,,Santa Catarina/Brazil,,,Immature,,,,,,,,,,,,,,,,,,,,,,,,,,,,Small,,,,,,,,,,,,,Diurnal,,SWNE,162.66,,,,,,,,,,,,,,,,,,,2.52,,,,yes,yes,,,4.78,,,,,,2.39,0.69,,,Male,,,,,,,,,,,,,,,,,,,77.91,,,,,3.06,,,
"Canthon (Francmonrosia) rutilans cyanescens Schmidt, 1922",Canthon rutilans cyanescens,Deltochilini,https://doi.org/10.1371/journal.pone.0126112,,Santa Catarina/Brazil,,,Immature,,,,,,,,,,,,,,,,,,,,,,,,,,,,Small,,,,,,,,,,,,,Diurnal,,WE,50.39,,,,,,,,,,,,,,,,,,,,27.99,,,,,,,,,,,,,,,,,Female,,,,,,,0.0024,,,,,,,,,,,,,,,,,,,,
"Canthon (Francmonrosia) rutilans cyanescens Schmidt, 1922",Canthon rutilans cyanescens,Deltochilini,https://doi.org/10.1371/journal.pone.0126112,,Santa Catarina/Brazil,,,Immature,,,,,,,,,,,,,,,,,,,,,,,,,,,,Small,,,,,,,,,,,,,Diurnal,,SENW,123.71,,,,,,,,,,,,,,,,,,,,27.444,,,,,,,,,,,,,,,,,Male,,,,,,,0.0034,,,,,,,,,,,,,,,,,,,,
"Canthon (Francmonrosia) rutilans cyanescens Schmidt, 1922",Canthon rutilans cyanescens,Deltochilini,https://doi.org/10.1371/journal.pone.0126112,,Santa Catarina/Brazil,,,Immature,,,,,,,,,,,,,,,,,,,,,,,,,,,,Small,,,,,,,,,,,,,Diurnal,,NESW,73.92,,,,,,,,,,,,,,,,,,,,29.229,,,,,,,,,,,,,,,,,Female,,,,,,,-0.011,,,,,,,,,,,,,,,,,,,,
"Canthon (Francmonrosia) rutilans cyanescens Schmidt, 1922",Canthon rutilans cyanescens,Deltochilini,https://doi.org/10.1371/journal.pone.0126112,,Santa Catarina/Brazil,,,Immature,,,,,,,,,,,,,,,,,,,,,,,,,,,,Small,,,,,,,,,,,,,Diurnal,,NWSE,92.41,,,,,,,,,,,,,,,,,,,,28.03,,,,,,,,,,,,,,,,,Female,,,,,,,-3.00E-04,,,,,,,,,,,,,,,,,,,,
"Canthon (Francmonrosia) rutilans cyanescens Schmidt, 1922",Canthon rutilans cyanescens,Deltochilini,https://doi.org/10.1371/journal.pone.0126112,,Santa Catarina/Brazil,,,Immature,,,,,,,,,,,,,,,,,,,,,,,,,,,,Small,,,,,,,,,,,,,Diurnal,,NESW,66.43,,,,,,,,,,,,,,,,,,,,,,,,,,,,,,,,,,,,,Female,,,,,,,,,,,,,,,,,,,,,,,,,,,
"Canthon (Francmonrosia) rutilans cyanescens Schmidt, 1922",Canthon rutilans cyanescens,Deltochilini,https://doi.org/10.1371/journal.pone.0126112,,Santa Catarina/Brazil,,,Immature,,,,,,,,,,,,,,,,,,,,,,,,,,,,Small,,,,,,,,,,,,,Diurnal,,NESW,66.43,,,,,,,,,,,,,,,,,,,,,,,,,,,,,,,,,,,,Roller,Male,,,,,,,,,,,,,,,,,,,,,,,,,,,
"Canthon (Francmonrosia) rutilans cyanescens Schmidt, 1922",Canthon rutilans cyanescens,Deltochilini,https://doi.org/10.1371/journal.pone.0126112,,Santa Catarina/Brazil,,,Young-mature,,,,,,,,,,,,,,,,,,,,,,,,,,,,Small,,,,,,,,,,,,,Diurnal,,SN,67.92,,,,,,,,,,,,,,,,,,,,,,,,,,,,,,,,,,,,Roller,Female,,,,,,,,,,,,,,,,,,,,,,,,,,,
"Canthon (Francmonrosia) rutilans cyanescens Schmidt, 1922",Canthon rutilans cyanescens,Deltochilini,https://doi.org/10.1371/journal.pone.0126112,,Santa Catarina/Brazil,,,Young-mature,,,,,,,,,,,,,,,,,,,,,,,,,,,,Small,,,,,,,,,,,,,Diurnal,,NESW,314.12,,,,,,,,,,,,,,,,,,,,,,,,,,,,,,,,,,,,Roller,Male,,,,,,,,,,,,,,,,,,,,44.538,13.57203727,14.0743954,12.293,0.000792806,0.000960884,,4.689
"Canthon (Francmonrosia) rutilans cyanescens Schmidt, 1922",Canthon rutilans cyanescens,Deltochilini,https://doi.org/10.1371/journal.pone.0126112,,Santa Catarina/Brazil,,,Young-mature,,,,,,,,,,,,,,,,,,,,,,,,,,,,Small,,,,,,,,,,,,,Diurnal,,SENW,190.6,,,,,,,,,,,,,,,,,,,,,,,,,,,,,,,,,,,,Roller,Male,,,,,,,,,,,,,,,,,,,,39.849,14.22899807,14.0743954,11.906,0.000886095,0.000960884,,4.349
"Canthon (Francmonrosia) rutilans cyanescens Schmidt, 1922",Canthon rutilans cyanescens,Deltochilini,https://doi.org/10.1371/journal.pone.0126112,,Santa Catarina/Brazil,,,Young-mature,,,,,,,,,,,,,,,,,,,,,,,,,,,,Small,,,,,,,,,,,,,Diurnal,,NESW,66.43,,,,,,,,,,,,,,,,,,,,,,,,,,,,,,,,,,,,Roller,Male,,,,,,,,,,,,,,,,,,,,39.108,13.97013082,14.0743954,11.687,0.000902884,0.000960884,,4.284
"Canthon (Francmonrosia) rutilans cyanescens Schmidt, 1922",Canthon rutilans cyanescens,Deltochilini,https://doi.org/10.1371/journal.pone.0126112,,Santa Catarina/Brazil,,,Young-mature,,,,,,,,,,,,,,,,,,,,,,,,,,,,Small,,,,,,,,,,,,,Diurnal,,,0,,,,,,,,,,,,,,,,,,,,,,,,,,,,,,,,,,,,Roller,Female,,,,,,,,,,,,,,,,,,,,38.931,14.5449543,14.0743954,11.898,0.000906989,0.000960884,,4.202
"Canthon (Francmonrosia) rutilans cyanescens Schmidt, 1922",Canthon rutilans cyanescens,Deltochilini,https://doi.org/10.1371/journal.pone.0126112,,Santa Catarina/Brazil,,,Immature,,,,,,,,,,,,,,,,,,,,,,,,,,,,Small,,,,,,,,,,,,,Diurnal,,,0,,,,,,,,,,,,,,,,,,,,,,,,,,,,,,,,,,,,Roller,Male,,,,,,,,,,,,,,,,,,,,38.813,13.62471378,14.0743954,11.498,0.000909747,0.000960884,,4.345
"Canthon (Francmonrosia) rutilans cyanescens Schmidt, 1922",Canthon rutilans cyanescens,Deltochilini,https://doi.org/10.1371/journal.pone.0126112,,Santa Catarina/Brazil,,,Immature,,,,,,,,,,,,,,,,,,,,,,,,,,,,Small,,,,,,,,,,,,,Diurnal,,,0,,,,,,,,,,,,,,,,,,,,,,,,,,,,,,,,,,,,Roller,Male,,,,,,,,,,,,,,,,,,,,35.141,14.23007439,14.0743954,11.181,0.001004809,0.000960884,,3.972
"Canthon (Francmonrosia) rutilans cyanescens Schmidt, 1922",Canthon rutilans cyanescens,Deltochilini,https://doi.org/10.1371/journal.pone.0126112,,Santa Catarina/Brazil,,,Immature,,,,,,,,,,,,,,,,,,,,,,,,,,,,Small,,,,,,,,,,,,,Diurnal,,,0,,,,,,,,,,,,,,,,,,,,,,,,,,,,,,,,,,,,Roller,Female,,,,,,,,,,,,,,,,,,,,34.766,14.06375608,14.0743954,11.056,0.001015647,0.000960884,,4.099
"Canthon (Francmonrosia) rutilans cyanescens Schmidt, 1922",Canthon rutilans cyanescens,Deltochilini,https://doi.org/10.1371/journal.pone.0126112,,Santa Catarina/Brazil,,,Young-mature,,,,,,,,,,,,,,,,,,,,,,,,,,,,Small,,,,,,,,,,,,,Diurnal,,,0,,,,,,,,,,,,,,,,,,,,,,,,,,,,,,,,,,,,Roller,Female,,,,,,,,,,,,,,,,,,,,34.446,13.88541195,14.0743954,10.935,0.001025083,0.000960884,,4.024
"Canthon (Francmonrosia) rutilans cyanescens Schmidt, 1922",Canthon rutilans cyanescens,Deltochilini,https://doi.org/10.1371/journal.pone.0126112,,Santa Catarina/Brazil,,,Immature,,,,,,,,,,,,,,,,,,,,,,,,,,,,Small,,,,,,,,,,,,,Diurnal,,,0,,,,,,,,,,,,,,,,,,,,,,,,,,,,,,,,,,,,Roller,Male,,,,,,,,,,,,,,,,,,,,33.839,14.23808328,14.0743954,10.975,0.001043471,0.000960884,,4.044
"Canthon (Francmonrosia) rutilans cyanescens Schmidt, 1922",Canthon rutilans cyanescens,Deltochilini,https://doi.org/10.1371/journal.pone.0126112,,Santa Catarina/Brazil,,,Immature,,,,,,,,,,,,,,,,,,,,,,,,,,,,Small,,,,,,,,,,,,,Diurnal,,,0,,,,,,,,,,,,,,,,,,,,,,,,,,,,,,,,,,,,Roller,Female,,,,,,,,,,,,,,,,,,,,31.49,14.38579409,14.0743954,10.642,0.001121308,0.000960884,,3.877
"Canthon (Francmonrosia) rutilans cyanescens Schmidt, 1922",Canthon rutilans cyanescens,Deltochilini,https://doi.org/10.1371/journal.pone.0126112,,Santa Catarina/Brazil,,,Young-mature,,,,,,,,,,,,,,,,,,,,,,,,,,,,Small,,,,,,,,,,,,,Diurnal,,,0,,,,,,,,,,,,,,,,,,,,30.247,,,,,,,,,,,,,,,,,Female,,,,,,,-0.0074,,,,,,,,,,,,,,,,,,,,
"Canthon (Francmonrosia) rutilans cyanescens Schmidt, 1922",Canthon rutilans cyanescens,Deltochilini,https://doi.org/10.1111/ddi.12785,,Santa Catarina/Brazil,,,,,,,,,,,,,,,,,,,,0.046,,,,,,,,,,,,,,,,,,,,,,,,Diurnal,Generalist,,,,,,,,,,,,,,,,,,,,,,30.023,,,,,,,,,,,,,,,,,,,,,,,,0.0039,,,,,,,,,,,,,,,,,,,,
"Canthon (Francmonrosia) rutilans rutilans Castelnau, 1840",Canthon rutilans,Deltochilini,https://doi.org/10.1673/031.011.0113,,Sao Paulo/Brazil,,,,,,,,,,,,,,,,,,,,,,,,,,,,,,,,11.68,,,0.745,,,,,,14.54,0.991,,Diurnal,,,,,,,,,,,,,,,,,,,,,,,30.621,,,,,,,,,,,,,,,,,,,,,,,,-7.00E-04,,,,,,,,,,,,,,,,,,,,
"Canthon (Francmonrosia) rutilans rutilans Castelnau, 1840",Canthon rutilans,Deltochilini,https://doi.org/10.1371/journal.pone.0244783,,Santa Catarina/Brazil,,0.3,,,,,,,,,,,,,,,,,,0.051,,,,,,,,,,,,,,,,,,,,,,,,Diurnal,Coprophagous,,,,,,,,0.3,,4.5,,,,,,,,,,,,29.853,,,,,,,,,,,,,,,,,,,,,,,,0.0075,,,,,,,,,,,,,,,,,,,,
"Canthon (Francmonrosia) rutilans rutilans Castelnau, 1840",Canthon rutilans rutilans,Deltochilini,https://doi.org/10.1111/aec.12675,,Santa Catarina/Brazil,,,,,,,,,,,,,,,,,,,,,,,,,,,,,,,Small,,,,,,,,,,,,,Diurnal,,,,,,,,,,,,,,,,,,,,,,,30.829,,,,,,,,,,,,,,,,,,,,,,,,-0.021,,,,,,,,,,,,,,,,,,,,
"Canthon (Glaphyrocanthon) ibarragrassoi (Martinez, 1952)",Canthon ibarragrassoi,Deltochilini,https://doi.org/10.1016/j.biocon.2023.109957,,Sao Paulo/Brazil,,,,,,,,,,,,,,,,,,,,,,,,,,,,,,,,,,,,,,,,,,,,,,,,,,,,,,,,Forest specialist,,,,,,,,,,,29.928,,,,,,,,,,,,,,,,,,,,,,,,-0.0204,,,,,,,,,,,,,,,,,,,,
"Canthon (Glaphyrocanthon) ibarragrassoi (Martinez, 1952)",Canthon ibarragrassoi,Deltochilini,https://doi.org/10.1590/S0085-56262013000100008,,Santa Catarina/Brazil,,,,,,,,,,,,,,,,,,,,0.008,,,,,,,,,,,Small,,,,,,,,,,,,,,,,,,,,,,,,,,,,,,,,,,,,29.512,,,,,,,,,,,,,,,,,,,,,,,,-0.0054,,,,,,,,,,,,,,,,,,,,
"Canthon (Glaphyrocanthon) ibarragrassoi (Martinez, 1952)",Canthon ibarragrassoi,Deltochilini,https://doi.org/10.1649/0010-065X-73.3.693,Itapemag,Santa Catarina/Brazil,,,,,,,,,,,,,,,,,,,,,,,,,,,,,,,Small,,,,,,,,,,,,,,,,,,,,,,,,,,,,,,,,,,,,30.785,,,,,,,,,,,,,,,,,,,,,,,,0.0031,,,,,,,,,,,,,,,,,,,,
"Canthon (Glaphyrocanthon) ibarragrassoi (Martinez, 1952)",Canthon ibarragrassoi,Deltochilini,this study,Jarinu,Sao Paulo/Brazil,,,,,,,,,,,,,,,,,,,,,0.00831,,,,,,,,,,Small,,,,,,,,,,,,DM324,Diurnal,Coprophagous,,,,,,,,,,,,,,,,,,,,,,,,,,,,,,,,,,,,,,Tunneler,,,,,,,,,,,,,,,,,,,,,,,,,,,,
"Canthon (Glaphyrocanthon) ibarragrassoi (Martinez, 1952)",Canthon ibarragrassoi,Deltochilini,this study,Jarinu,Sao Paulo/Brazil,,,,,,,,,,,,,,,,,,,,,0.00831,,,,,,,,,,Small,,,,,,,,,,,,DM325,Diurnal,Coprophagous,,,,,,,,,,,,,,,,,,,,,,,,,,,,,,5.764,,,,,,,,Roller,,,0.293,,,,,,0.979,,,,,10.681,,,,,,,,,,,,,,
"Canthon (Glaphyrocanthon) ibarragrassoi (Martinez, 1952)",Canthon ibarragrassoi,Deltochilini,this study,Jarinu,Sao Paulo/Brazil,,,,,,,,,,,,,,,,,,,,,0.00831,,,,,,,,,,Small,,,,,,,,,,,,DM328,Diurnal,Coprophagous,,,,,,,,,,,,,,,,,,,,,,,,,,,,,,,,,,,,,,,,,,,,,,,,,,,,,,,,,,,,,,,,,,
"Canthon (Glaphyrocanthon) ibarragrassoi (Martinez, 1952)",Canthon ibarragrassoi,Deltochilini,this study,Jarinu,Sao Paulo/Brazil,,,,,,,,,,,,,,,,,,,,,0.00831,,,,,,,,,,Small,,,,,,,,,,,,DM327,Diurnal,Coprophagous,,,,,,,,,,,,,,,,,,,,,,,,,,,,,,,,,,,,,,Roller,,,,,,,,,,,,,,,,,,,,,,,,,,,,
"Canthon (Glaphyrocanthon) ibarragrassoi (Martinez, 1952)",Canthon ibarragrassoi,Deltochilini,this study,Jarinu,Sao Paulo/Brazil,,,,,,,,,,,,,,,,,,,,,0.00831,,,,,,,,,,Small,,,,,,,,,,,,DM329,Diurnal,Coprophagous,,,,,,,,,,,,,,,,,,,,,,,,,,,,,,,,,,,,,,Roller,,,,,,,,,,,,,,,,,,,,,16.927,14.51004809,14.55596685,7.836,0.000490932,0.000567826,,2.737
"Canthon (Glaphyrocanthon) ibarragrassoi (Martinez, 1952)",Canthon ibarragrassoi,Deltochilini,this study,Jarinu,Sao Paulo/Brazil,,,,,,,,,,,,,,,,,,,,,0.00831,,,,,,,,,,Small,,,,,,,,,,,,DM323,Diurnal,Coprophagous,,,,,,,,,,,,,,,,,,,,,,,,,,,,,,,,,,,,,,Roller,,,,,,,,,,,,,,,,,,,,,15.927,14.64010171,14.55596685,7.635,0.000521756,0.000567826,,2.707
"Canthon (Glaphyrocanthon) ibarragrassoi (Martinez, 1952)",Canthon ibarragrassoi,Deltochilini,this study,Jarinu,Sao Paulo/Brazil,,,,,,,,,,,,,,,,,,,,,0.00831,,,,,,,,,,Small,,,,,,,,,,,,DM321,Diurnal,Coprophagous,,,,,,,,,,,,,,,,,,,,,,,,,,,,,,,,,,,,,,Roller,,,,,,,,,,,,,,,,,,,,,15.44,14.64646658,14.55596685,7.519,0.000538212,0.000567826,,2.632
"Canthon (Glaphyrocanthon) ibarragrassoi (Martinez, 1952)",Canthon ibarragrassoi,Deltochilini,this study,Jarinu,Sao Paulo/Brazil,,,,,,,,,,,,,,,,,,,,,0.00831,,,,,,,,,,Small,,,,,,,,,,,,DM322,Diurnal,Coprophagous,,,,,,,,,,,,,,,,,,,,,,,,,,,,,,,,,,,,,,Roller,,,,,,,,,,,,,,,,,,,,,14.746,14.33293395,14.55596685,7.269,0.000563543,0.000567826,,2.615
"Canthon (Glaphyrocanthon) ibarragrassoi (Martinez, 1952)",Canthon ibarragrassoi,Deltochilini,this study,Jarinu,Sao Paulo/Brazil,,,,,,,,,,,,,,,,,,,,,0.00831,,,,,,,,,,Small,,,,,,,,,,,,DM330,Diurnal,Coprophagous,,,,,,,,,,,,,,,,,,,,,,,,,,,,,,,,,,,,,,Roller,,,,,,,,,,,,,,,,,,,,,14.732,14.55254982,14.55596685,7.321,0.000564078,0.000567826,,2.605
"Canthon (Glaphyrocanthon) ibarragrassoi (Martinez, 1952)",Canthon ibarragrassoi,Deltochilini,this study,Jarinu,Sao Paulo/Brazil,,,,,,,,,,,,,,,,,,,,,0.00831,,,,,,,,,,Small,,,,,,,,,,,,DM326,Diurnal,Coprophagous,,,,,,,,,,,,,,,,,,,,,,,,,,,,,,,,,,,,,,Roller,,,,,,,,,,,,,,,,,,,,,14.407,14.75507739,14.55596685,7.29,0.000576803,0.000567826,,2.51
"Canthon (Glaphyrocanthon) oliverioi (Pereira & Mart√≠nez, 1956)",Canthon oliverioi,Deltochilini,https://doi.org/10.1007/s10841-022-00412-4,,Pernambuco/Brazil,,,,,,,,,,,,,,,,,,,,,,,,,,,,,,,Small,,,,,,,,,,,,,,Necrophagous,,,,,,,,,,,Forest specialist,,,,,,,,,,,,,,,,,,,,,,,,,,,Roller,,,,,,,,,,,,,,,,,,,,,14.07,14.44445885,14.55596685,7.128,0.000590618,0.000567826,,2.537
"Canthon (Glaphyrocanthon) oliverioi (Pereira & Mart√≠nez, 1956)",Canthon oliverioi,Deltochilini,https://doi.org/10.1649/0010-065X-73.3.693,"Campos Novos, Monte Castelo, Santo Amaro da Imperatriz",Santa Catarina/Brazil,,,,,,,,,,,,,,,,,,,,,,,,,,,,,,,Small,,,,,,,,,,,,,,Coprophagous,,,,,,,,,,,,,,,,,,,,,,,,,,,,,,,,,,,,,,Roller,,,,,,,,,,,,,,,,,,,,,14.065,14.53485986,14.55596685,7.149,0.000590828,0.000567826,,2.506
"Canthon (Glaphyrocanthon) oliverioi (Pereira & Mart√≠nez, 1956)",Canthon oliverioi,Deltochilini,https://doi.org/10.1111/btp.12418,,Sao Paulo/Brazil,,,,,,,,,,,,,,,,,,,,,,,,,,,,,,,,6.81,,,0.09,,,,,,,,,,,,,,,,,,,,,,,,,,,,,,,,,,,,,,,,,,,,,,,,Roller,,,,,,,,,,,,,,,,,,,,,13.457,14.65660519,14.55596685,7.022,0.000617522,0.000567826,,2.413
"Canthon (Glaphyrocanthon) oliverioi (Pereira & Mart√≠nez, 1956)",Canthon oliverioi,Deltochilini,https://doi.org/10.1371/journal.pone.0244783,,Santa Catarina/Brazil,,0.3,,,,,,,,,,,,,,,,,,0.01,,,,,,,,,,,,,,,,,,,,,,,,Diurnal,Coprophagous,,,,,,,,0.2,,4.2,,,,,,,,,,,,,,,,,,,,,,,,,,,,Roller,,,,,,,,,,,,,,,,,,,,,13.318,14.48656705,14.55596685,6.945,0.000623968,0.000567826,,2.472
"Canthon (Glaphyrocanthon) oliverioi (Pereira & Mart√≠nez, 1956)",Canthon oliverioi,Deltochilini,https://doi.org/10.1590/S0073-47212012000200012,,Rio Grande do Sul/Brazil,,,,,,,,,,,,,,,,,,,,,,,,,,,,,,,,,,,,,,,,,,,,,Coprophagous,,,,,,,,,,,,,,,,,,,,,,,,,,,,,,,,,,,,,rare,Roller,,narrow,,,,,,,,,,,,,,,,,,,,,,,,,,
"Canthon (Glaphyrocanthon) oliverioi (Pereira & Mart√≠nez, 1956)",Canthon oliverioi,Deltochilini,https://doi.org/10.1590/S0001-37652013005000033,,Rio Grande do Sul/Brazil,,,,,,,,,,,,,,,,,,,,,,,,,,,,,,,,,,,,,,,,,,,,,,,,,,,,,,,,,,,,,,,,,,,,,,,,,,,,,,,,,,rare,Roller,,narrow,,,,,,,,,,,,,,,,,,,,,,,,,,
"Canthon (Glaphyrocanthon) oliverioi (Pereira & Mart√≠nez, 1956)",Canthon oliverioi,Deltochilini,this study,Atibaia,Sao Paulo/Brazil,,,,,,,,,,,,,,,,,,,,,0.01505,,,,,,,,,,Small,,,,,,,,,,,,DM314,Diurnal,Coprophagous,,,,,,,,,,,,,,,,,,,,,,,,,,,,,,,,,,,,,,,,,,,,,,,,,,,,,,,,,,,,,,,,,,
"Canthon (Glaphyrocanthon) oliverioi (Pereira & Mart√≠nez, 1956)",Canthon oliverioi,Deltochilini,this study,Atibaia,Sao Paulo/Brazil,,,,,,,,,,,,,,,,,,,,,0.01505,,,,,,,,,,Small,,,,,,,,,,,,DM312,Diurnal,Coprophagous,,,,,,,,,,,,,,,,,,,,,,,,,,,,,,,,,,,,,,Roller,,,,,,,,,,,,,,,,,,,,,,,,,,,,
"Canthon (Glaphyrocanthon) oliverioi (Pereira & Mart√≠nez, 1956)",Canthon oliverioi,Deltochilini,this study,Atibaia,Sao Paulo/Brazil,,,,,,,,,,,,,,,,,,,,,0.01505,,,,,,,,,,Small,,,,,,,,,,,,DM316,Diurnal,Coprophagous,,,,,,,,,,,,,,,,,,,,,,,,,,,,,,,,,,,,,,Roller,,,,,,,,,,,,,,,,,,,,,,,,,,,,
"Canthon (Glaphyrocanthon) oliverioi (Pereira & Mart√≠nez, 1956)",Canthon oliverioi,Deltochilini,this study,Atibaia,Sao Paulo/Brazil,,,,,,,,,,,,,,,,,,,,,0.01505,,,,,,,,,,Small,,,,,,,,,,,,DM317,Diurnal,Coprophagous,,,,,,,,,,,,,,,,,,,,,,,,,,,,,,,,,,,,,,,,,,,,,,,,,,,,,,,,,,,,,,,,,,
"Canthon (Glaphyrocanthon) oliverioi (Pereira & Mart√≠nez, 1956)",Canthon oliverioi,Deltochilini,this study,Atibaia,Sao Paulo/Brazil,,,,,,,,,,,,,,,,,,,,,0.01505,,,,,,,,,,Small,,,,,,,,,,,,DM319,Diurnal,Coprophagous,,,,,,,,,,,,,,,,,,,,,,,,,,,,,,,,,,,,,,Roller,,,,,,,,,,,,,,,,,,,,,,,,,,,,
"Canthon (Glaphyrocanthon) oliverioi (Pereira & Mart√≠nez, 1956)",Canthon oliverioi,Deltochilini,this study,Atibaia,Sao Paulo/Brazil,,,,,,,,,,,,,,,,,,,,,0.01505,,,,,,,,,,Small,,,,,,,,,,,,DM315,Diurnal,Coprophagous,,,,,,,,,,,,,,,,,,,,,,,,,,,,,,,,,,,,,,Roller,,,,,,,,,,,,,,,,,,,,,,,,,,,,
"Canthon (Glaphyrocanthon) oliverioi (Pereira & Mart√≠nez, 1956)",Canthon oliverioi,Deltochilini,this study,Atibaia,Sao Paulo/Brazil,,,,,,,,,,,,,,,,,,,,,0.01505,,,,,,,,,,Small,,,,,,,,,,,,DM311,Diurnal,Coprophagous,,,,,,,,,,,,,,,,,,,,,,,,,,,,,,,,,,,,,,Roller,,,,,,,,,,,,,,,,,,,,,,,,,,,,
"Canthon (Glaphyrocanthon) oliverioi (Pereira & Mart√≠nez, 1956)",Canthon oliverioi,Deltochilini,this study,Atibaia,Sao Paulo/Brazil,,,,,,,,,,,,,,,,,,,,,0.01505,,,,,,,,,,Small,,,,,,,,,,,,DM318,Diurnal,Coprophagous,,,,,,,,,,,,,,,,,,,,,,,,,,,,,,,,,,,,,,Roller,,,,,,,,,,,,,,,,,,,,,,,,,,,,
"Canthon (Glaphyrocanthon) oliverioi (Pereira & Mart√≠nez, 1956)",Canthon oliverioi,Deltochilini,this study,Atibaia,Sao Paulo/Brazil,,,,,,,,,,,,,,,,,,,,,0.01505,,,,,,,,,,Small,,,,,,,,,,,,DM320,Diurnal,Coprophagous,,,,,,,,,,,,,,,,,,,,,,,,,,,,,,,,,,,,,,Roller,,,,,,,,,,,,,,,,,,,,,,,,,,,,
"Canthon (Glaphyrocanthon) oliverioi (Pereira & Mart√≠nez, 1956)",Canthon oliverioi,Deltochilini,this study,Atibaia,Sao Paulo/Brazil,,,,,,,,,,,,,,,,,,,,,0.01505,,,,,,,,,,Small,,,,,,,,,,,,DM313,Diurnal,Coprophagous,,,,,,,,,,,,,,,,,,,,,,,,2,,,,,,,,,,,,,,Roller,,,,,,,,,,,,,,,,,,,,,,,,,,,2.7,
"Canthon (Goniocanthon) smaragdulus (Fabricius, 1781)",Canthon smaragdulus,Deltochilini,https://doi.org/10.1007/s10841-022-00412-4,,Pernambuco/Brazil,,,,,,,,,,,,,,,,,,,,,,,,,,,,,,,Large,,,,,,,,,,,,,,Necrophagous,,,,,,,,,,,Forest specialist,,,,,,,,,,,,,,,,,,,,,,,,,,,Roller,,,,,,,,,,,,,,,,,,,,,,,,,,,,
"Canthon (Goniocanthon) smaragdulus (Fabricius, 1781)",Canthon smaragdulus,Deltochilini,https://doi.org/10.1038/s41598-020-70284-8,,Misiones Province/Argentina,0.00143,,,,,,,,,,,,,,,,,,,0.088,,,,,,,,,,,,,,,,,,,,,,,,Diurnal,,,,,,,,3.077,,,,Forest specialist,,,,,,,,,,,,,,,,,,,,,,,,,,,Roller,,,,,,,,,,,,,,,,,,,,,,,,,,,,
"Canthon (Goniocanthon) smaragdulus (Fabricius, 1781)",Canthon smaragdulus,Deltochilini,https://doi.org/10.1038/s41598-020-70284-8,,Misiones Province/Argentina,0.0028,,,,,,,,,,,,,,,,,,,0.098,,,,,,,,,,,,,,,,,,,,,,,,Diurnal,,,,,,,,4.026,,,,Forest specialist,,,,,,,,,,,,,,,,,,,,,,,,,,,Roller,,,,,,,,,,,,,,,,,,,,,,,,,,,,
"Canthon (Goniocanthon) smaragdulus (Fabricius, 1781)",Canthon smaragdulus,Deltochilini,https://doi.org/10.1038/s41598-020-70284-8,,Misiones Province/Argentina,0.0174,,,,,,,,,,,,,,,,,,,0.102,,,,,,,,,,,,,,,,,,,,,,,,Diurnal,,,,,,,,3.148,,,,Forest specialist,,,,,,,,,,,,,,,,,,,,,,,,,,rare,Roller,,narrow,,,,,,,,,,,,,,,,,,,,,,,,,,
"Canthon (Goniocanthon) smaragdulus (Fabricius, 1781)",Canthon smaragdulus,Deltochilini,https://doi.org/10.1038/s41598-020-70284-8,,Misiones Province/Argentina,0.0024,,,,,,,,,,,,,,,,,,,0.102,,,,,,,,,,,,,,,,,,,,,,,,Diurnal,,,,,,,,3.911,,,,Forest specialist,,,,,,,,,,,,,,,,,,,,,,,,,,rare,Roller,,large,,,,,,,,,,,,,,,,,,,,,,,,,,
"Canthon (Goniocanthon) smaragdulus (Fabricius, 1781)",Canthon smaragdulus,Deltochilini,https://doi.org/10.1038/s41598-020-70284-8,,Misiones Province/Argentina,0.0013,,,,,,,,,,,,,,,,,,,0.118,,,,,,,,,,,,,,,,,,,,,,,,Diurnal,,,,,,,,3.275,,,,Forest specialist,,,,,,,,,,,,,,,,,,,,,,,,,,,Roller,,,,,,,,,,,,,,,,,,,,,,,,,,,,
"Canthon (Goniocanthon) smaragdulus (Fabricius, 1781)",Canthon smaragdulus,Deltochilini,https://doi.org/10.1038/s41598-020-70284-8,,Misiones Province/Argentina,-0.0235,,,,,,,,,,,,,,,,,,,0.185,,,,,,,,,,,,,,,,,,,,,,,,Diurnal,,,,,,,,3.29,,,,Forest specialist,,,,,,,,,,,,,,,,,,,,,,,,,,,Roller,,,,,,,,,,,,,,,,,,,,,,,,,,,,
"Canthon (Goniocanthon) smaragdulus (Fabricius, 1781)",Canthon smaragdulus,Deltochilini,https://doi.org/10.1038/s41598-020-70284-8,,Misiones Province/Argentina,-0.0143,,,,,,,,,,,,,,,,,,,0.272,,,,,,,,,,,,,,,,,,,,,,,,Diurnal,,,,,,,,2.186,,,,Forest specialist,,,,,,,,,,,,,,,,,,,,,,,,,,rare,Roller,,large,,,,,,,,,,,,,,,,,,,,,,,,,,
"Canthon (Goniocanthon) smaragdulus (Fabricius, 1781)",Canthon smaragdulus,Deltochilini,https://doi.org/10.1038/s41598-020-70284-8,,Misiones Province/Argentina,-0.0147,,,,,,,,,,,,,,,,,,,0.28,,,,,,,,,,,,,,,,,,,,,,,,Diurnal,,,,,,,,2.194,,,,Forest specialist,,,,,,,,,,,,,,,,0,0.19,,,,,,,,,,Roller,,,,,,,,,,,,,,,,,,,,,,,,,,,,
"Canthon (Goniocanthon) smaragdulus (Fabricius, 1781)",Canthon smaragdulus,Deltochilini,https://doi.org/10.1016/j.apsoil.2020.103652,,Misiones Province/Argentina,,,,,,,,,,,,,,,,,,,0.93,,,0,0,0,,,,,,,,,,,,,,,,,,,,,,,,,,,,,,,,,,,,,,,,,,,,,1.8,,,,,,,,,,,,,,Roller,,,,,,,,,,,,,,,,,,,,,,,,,,,2.4,
"Canthon (Goniocanthon) smaragdulus (Fabricius, 1781)",Canthon smaragdulus,Deltochilini,https://doi.org/10.1649/0010-065X-73.3.693,I√ßara,Santa Catarina/Brazil,,,,,,,,,,,,,,,,,,,,,,,,,,,,,,,Medium,,,,,,,,,,,,,,Coprophagous,,,,,,,,,,,,,,,,,,,,,,,0,,,,,,,,,,,,,,,Roller,,,,,,,,,,,,,,,,,,,,,,,,,,,,
"Canthon (Goniocanthon) smaragdulus (Fabricius, 1781)",Canthon smaragdulus,Deltochilini,https://doi.org/10.1111/btp.12418,,Sao Paulo/Brazil,,,,,,,,,,,,,,,,,,,,,,,,,,,,,,,,10.6,,,0,,,,,,,,,,,,,,,,,,,,,,,,,,,,,,,,,0,,,,,,,,,,,,,,,Roller,,,,,,,,,,,,,,,,,,,,,,,,,,,,
"Canthon (Goniocanthon) smaragdulus (Fabricius, 1781)",Canthon smaragdulus,Deltochilini,https://doi.org/10.1002/ecs2.2491,,Parana/Brazil,,,,,,,,,,,,,,,,,,,,0.136,,,,,0.045,,,,,,,,,,,,,,,,,,,,Necrophagous,,,,,,,,,,,,,,,,,,,,,,,,,,,,,,,,,,,,,,Roller,,,,,,,,,,,,,,,,,,,,,,,,,,,,
"Canthon (Peltecanthon) haroldi Nunes, Nunes & Vaz-de-Mello, 2020",Canthon prasinus,Deltochilini,https://doi.org/10.1016/j.ecolind.2020.106534,,Bahia/Brazil,,,,,,,,,,,,,,,,,,,,,,,,,,,,,,,,10.07,,,,,,,,,,,,,Necrophagous,,,,,,,,,,,,,,,,,,,,,,,,,,,,,,,,,,,,,,Roller,,,,,,,,,,,,,,,,,,,,,,,,,,,,
"Canthon (Peltecanthon) splendidus Schmidt, 1922",Canthon auricollis,Deltochilini,https://doi.org/10.1007/s42690-021-00680-8,,Rio de Janeiro/Brazil,,,,,,,,,,,,,,,,,,,,,,,,,,,,,,,,,,,,,,,,,,,,,,,,,,,,,,,,,,,,,,,,,,,,,,,,,,,,,,,,,,,Roller,,,,,,,,,,,,,,,,,,,,,,,,,,,,
"Canthon (Peltecanthon) splendidus Schmidt, 1922",Canthon auricollis,Deltochilini,https://doi.org/10.1649/0010-065X-73.3.693,Campos Novos,Santa Catarina/Brazil,,,,,,,,,,,,,,,,,,,,,,,,,,,,,,,Small,,,,,,,,,,,,,,Generalist,,,,,,,,,,,,,,,,,,,,,,,,,,,,,,,,,,,,,,Roller,,,,,,,,,,,,,,,,,,,,,,,,,,,,
"Canthon (Peltecanthon) staigi (Pereira, 1953)",Canthon staigi,Deltochilini,https://doi.org/10.1007/s42690-021-00680-8,,Rio de Janeiro/Brazil,,,,,,,,,,,,,,,,,,,,,,,,,,,,,,,,,,,,,,,,,,,,,,,,,,,,,,,,,,,,,,,,,,,,,,,,,,,,,,,,,,,Roller,,,,,,,,,,,,,,,,,,,,,,,,,,,,
"Canthon (Peltecanthon) staigi (Pereira, 1953)",Canthon staigi,Deltochilini,https://doi.org/10.1007/s10841-022-00412-4,,Pernambuco/Brazil,,,,,,,,,,,,,,,,,,,,,,,,,,,,,,,Large,,,,,,,,,,,,,,Necrophagous,,,,,,,,,,,Forest specialist,,,,,,,,,,,,,,,,,,,,,,,,,,,Roller,,,,,,,,,,,,,,,,,,,,,,,,,,,,
"Canthon (Peltecanthon) staigi (Pereira, 1953)",Canthon staigi,Deltochilini,https://doi.org/10.1371/journal.pone.0201368,,Bahia/Brazil,,,,,,,,,,,,,,,,,,,,,,,,,,,,,,,,,,,,,,,,,,,,,,,,,,,,,,,,Habitat gener,,,,,,,,,,,,,,,,,,,,,,,,,,,,,,,,,,,,,,,,,,,,,,,,,,,,,,,
"Canthon (Peltecanthon) staigi (Pereira, 1953)",Canthon staigi,Deltochilini,https://doi.org/10.1016/j.ecolind.2020.106534,,Bahia/Brazil,,,,,,,,,,,,,,,,,,,,,,,,,,,,,,,,9.71,,,,,,,,,,,,,Necrophagous,,,,,,,,,,,,,,,,,,,,,2.02,,,,,,,,,,,,,,,0.62,,Roller,,,,,,,,,,,,,,,,,,,,,,,,,,,,
Canthon aff. amabilis,,Deltochilini,https://doi.org/10.1111/j.1744-7917.2012.01509.x,,Parana/Brazil,,,,,,,,,,,,,,,,,,,,,,,,,,,,,,,,,,,,,,,,,,,,,Necrophagous,,,,,,,,,,,,,,,,,,,,,,,,,,,,,,,,,,,,,,Roller,,,,,,,,,,,,,,,,,,,,,,,,,,,,
Canthon aff. coeruleicollis,,Deltochilini,https://doi.org/10.1111/aec.12675,,Santa Catarina/Brazil,,,,,,,,,,,,,,,,,,,,,,,,,,,,,,,Small,,,,,,,,,,,,,Diurnal,,,,,,,,,,,,,,,,,,,,,,,,,,,,,,,,,,,,,,,Roller,,,,,,,,,,,,,,,,,,,,,27.92,15.49868209,15.64128438,10.401,0.00053904,0.00063184,,3.423
Canthon aff. conformis,,Deltochilini,https://doi.org/10.1016/j.apsoil.2020.103652,,Misiones Province/Argentina,,,,,,,,,,,,,,,,,,,0,,,0.08,0.03,1.62,,,,,,,,,,,,,,,,,,,,,,,,,,,,,,,,,,,,,,,,,,,27.62,,,,,,,,,,,,,,,,,,,,,,,,-0.004,,,,,,,,,,,,,,,,,,,,
Canthon aff. conformis,,Deltochilini,https://doi.org/10.1038/s41598-022-05616-x,,Misiones Province/Argentina,,,,1.357,,,,,0.794,,,,,1.795,,,,,,0.014,,,,,,29.048,,,,,,,,,,,,,,,,,,,,,,,,,,,,,,,3.6542,,,,,,,,,,,,,,,,,,,,,,,,,,Roller,,,,,,,,,,,,,,,,,,,,,24.882,15.55923865,15.64128438,9.838,0.000604855,0.00063184,,3.238
Canthon aff. forcipatus,,Deltochilini,this study,,Sao Paulo/Brazil,,,,,,,,,,,,,,,,,,,,,0.0175,,,,,,,,,,Small,,,,,,,,,,,,,Diurnal,,,,,,,,,,,,,,,,,,,,,,,,,,,,,,,,,,,,,,,Roller,,,,,,,,,,,,,,,,,,,,,24.799,15.75764442,15.64128438,9.884,0.000606879,0.00063184,,3.276
Canthon aff. formosus,,Deltochilini,https://doi.org/10.1649/0010-065X-73.3.693,Campos Novos,Santa Catarina/Brazil,,,,,,,,,,,,,,,,,,,,,,,,,,,,,,,Small,,,,,,,,,,,,,,,,,,,,,,,,,,,,,,,,,,,,,,,,,,,,,,,,,,,,Roller,,,,,,,,,,,,,,,,,,,,,24.767,15.33105326,15.64128438,9.743,0.000607663,0.00063184,,3.242
Canthon aff. laminatus,,Deltochilini,https://doi.org/10.1649/0010-065X-73.3.693,Campos Novos,Santa Catarina/Brazil,,,,,,,,,,,,,,,,,,,,,,,,,,,,,,,Small,,,,,,,,,,,,,,,,,,,,,,,,,,,,,,,,,,,,,,,,,,,,,,,,,,,,Roller,,,,,,,,,,,,,,,,,,,,,24.653,15.21911735,15.64128438,9.685,0.000610473,0.00063184,,3.272
Canthon aff. luctuosus,,Deltochilini,https://doi.org/10.1016/j.biocon.2023.109957,,Sao Paulo/Brazil,,,,,,,,,,,,,,,,,,,,,,,,,,,,,,,,,,,,,,,,,,,,,,,,,,,,,,,,Forest specialist,,,,,,,,,,,,,,,,,,,,,,,,,,,Roller,,,,,,,,,,,,,,,,,,,,,23.087,15.42326417,15.64128438,9.435,0.000651882,0.00063184,,3.145
Canthon aff. luctuosus,,Deltochilini,https://doi.org/10.1590/S0085-56262013000100008,,Santa Catarina/Brazil,,,,,,,,,,,,,,,,,,,,0.013,,,,,,,,,,,Medium,,,,,,,,,,,,,,Necrophagous,,,,,,,,,,,,,,,,,,,,0,,,,,,,,,,,,,,,,,,Roller,,,,,,,,,,,,,,,,,,,,,22.715,15.7490379,15.64128438,9.457,0.000662558,0.00063184,,3.165
Canthon aff. luctuosus,,Deltochilini,https://doi.org/10.1649/0010-065X-73.3.693,"Sao Miguel do Oeste, Campos Novos",Santa Catarina/Brazil,,,,,,,,,,,,,,,,,,,,,,,,,,,,,,,Small,,,,,,,,,,,,,Diurnal,Generalist,,,,,,,,,,,,,,,,,,,,,,,,,,,,,,,,,,,,,,Roller,,,,,,,,,,,,,,,,,,,,,22.347,15.71855569,15.64128438,9.371,0.000673468,0.00063184,,3.004
Canthon aff. luctuosus,,Deltochilini,https://doi.org/10.1002/ece3.9950,,Goiania/Brazil,,,,,,,,,,,,,,,,,,,,,,,,,,,,,,,,6.49,,,,,,,,,,,,Diurnal,,,,,,,,,,0.06,,,,,,,,1.12,2.13,yes,0,,,,,,,,,,,,,,,,,,Roller,,,,,,,,,,,,,,,,,,,,,22.194,16.81120375,15.64128438,9.658,0.000678111,0.00063184,,3.008
Canthon aff. luctuosus,,Deltochilini,https://doi.org/10.1590/S0073-47212012000200012,,Rio Grande do Sul/Brazil,,,,,,,,,,,,,,,,,,,,,,,,,,,,,,,,,,,,,,,,,,,,,Generalist/Necrophagous,,,,,,,,,,,,,,,,,,,,,,,,,,,,,,,,,,,,,,Roller,,,,,,,,,,,,,,,,,,,,,22.02,15.3450465,15.64128438,9.191,0.00068347,0.00063184,,3.061
Canthon aff. luctuosus,,Deltochilini,https://doi.org/10.1590/S0001-37652013005000033,,Rio Grande do Sul/Brazil,,,,,,,,,,,,,,,,,,,,,,,,,,,,,,,,,,,,,,,,,,,,,,,,,,,,,,,,,,,,,,,,,,,,,,,,,,,,,,,,,,,Roller,,,,,,,,,,,,,,,,,,,,,,,,,,,,
Canthon aff. luctuosus,,Deltochilini,https://doi.org/10.1111/aec.12675,,Santa Catarina/Brazil,,,,,,,,,,,,,,,,,,,,,,,,,,,,,,,Small,,,,,,,,,,,,,Diurnal,,,,,,,,,,,,,,,,,,,,,,,,,,,,,,,,,,,,,,rare,Roller,,intermediate,,,,,,,,,,,,,,,,,,,,,,,,,,
Canthon aff. luctuosus,,Deltochilini,this study,,Sao Paulo/Brazil,,,,,,,,,,,,,,,,,,,,,,,,,,,,,,,Small,,,,,,,,,,,,,Diurnal,,,,,,,,,,,,,,,,,,,,,,,,,,,,0.05,0.19,,,,,,,,,,Roller,,,,,,,,,,,,,,,,,,,,,,,,,,,,
Canthon aff. mutabilis sp.1,Canthon aff. mutabilis,Deltochilini,https://doi.org/10.1590/18069657rbcs20160248,,Santa Catarina/Brazil,,,,,,,,,,,,,,,,,,,,0.022,,,,,,,,,,,,6.3,,,,,,,,,,,,,Coprophagous,,,,,,,,,,,,,,,,,,,,,,,,1.7,,,,,,,,,,,,,,Roller,,,,,,,,,,,,,,,,,,,,,,,,,,,2.9,
Canthon aff. mutabilis sp.2,Canthon aff. mutabilis,Deltochilini,https://doi.org/10.1038/s41598-022-05616-x,,Misiones Province/Argentina,,,,0.712,,,,,0.443,,,,,1.331,,,,,,0.005,,,,,,15.209,,,,,,,,,,,,,,,,,,,,,,,,,,,,,,,2.136,,,,,,,,,,,,,,,,,,,,,,,,,,Roller,,,,,,,,,,,,,,,,,,,,,,,,,,,,
Canthon aff. mutabilis sp.3,Canthon aff. mutabilis,Deltochilini,https://doi.org/10.1649/0010-065X-73.3.693,Sao Miguel do Oeste,Santa Catarina/Brazil,,,,,,,,,,,,,,,,,,,,,,,,,,,,,,,Small,,,,,,,,,,,,,,,,,,,,,,,,,,,,,,,,,,,,,,,,,,,,,,,,,,,,Roller,,,,,,,,,,,,,,,,,,,,,,,,,,,,
Canthon aff. mutabilis sp.4,Canthon aff. mutabilis,Deltochilini,https://doi.org/10.1371/journal.pone.0244783,,Santa Catarina/Brazil,,0.3,,,,,,,,,,,,,,,,,,0.004,,,,,,,,,,,,,,,,,,,,,,,,Diurnal,Coprophagous,,,,,,,,0.3,,3,,,,,,,,,,,,27.674,,,,,,,,,,,,,,,,,,,,,,,,0.0254,,,,,,,,,,,,,,,,,,,,
Canthon aff. oliverioi,,Deltochilini,https://doi.org/10.1590/S0085-56262013000100008,,Santa Catarina/Brazil,,,,,,,,,,,,,,,,,,,,0.014,,,,,,,,,,,Medium,,,,,,,,,,,,,,Generalist,,,,,,,,,,,,,,,,,,,,0.8,,27.686,,,,,,,,,,,,,,,,,,,,,,,,-0.0144,,,,,,,,,,,,,,,,,,,,
Canthon aff. oliverioi,Canthon coloratus,Deltochilini,https://doi.org/10.1002/ece3.9950,,Goiania/Brazil,,,,,,,,,,,,,,,,,,,,,,,,,,,,,,,,6.61,,,,,,,,,,,,Diurnal,,,,,,,,,,0.09,,,,,,,,1.79,2.26,yes,0,,28.019,,,,,,,,,,,,,,,,,,,,,,,,0.0029,,,,,,,,,,,,,,,,,,,,
Canthon aff. piluliformis,,Deltochilini,https://doi.org/10.1007/s10841-022-00412-4,,Pernambuco/Brazil,,,,,,,,,,,,,,,,,,,,,,,,,,,,,,,Small,,,,,,,,,,,,,,Generalist,,,,,,,,,,,Open environ. specialist,,,,,,,,,,,28.248,,,,,,,,,,,,,,,,,,,,,,,,0.0029,,,,,,,,,,,,,,,,,,,,
"Canthon amabilis Balthasar, 1939",,Deltochilini,https://doi.org/10.1007/s42690-021-00680-8,,Rio de Janeiro/Brazil,,,,,,,,,,,,,,,,,,,,,,,,,,,,,,,,,,,,,,,,,,,,,,,,,,,,,,,,,,,,,,,,,,,27.321,,,,,,,,,,,,,,,,,,,,,,,,-8.00E-04,,,,,,,,,,,,,,,,,,,,
"Canthon amabilis Balthasar, 1939",,Deltochilini,https://doi.org/10.1590/S0073-47212012000200012,,Rio Grande do Sul/Brazil,,,,,,,,,,,,,,,,,,,,,,,,,,,,,,,,,,,,,,,,,,,,,Generalist,,,,,,,,,,,,,,,,,,,,,,27.255,,,,,,,,,,,,,,,,,,,,,,,,-0.0079,,,,,,,,,,,,,,,,,,,,
"Canthon amabilis Balthasar, 1939",,Deltochilini,https://doi.org/10.1590/S0001-37652013005000033,,Rio Grande do Sul/Brazil,,,,,,,,,,,,,,,,,,,,,,,,,,,,,,,,,,,,,,,,,,,,,,,,,,,,,,,,,,,,,,,,,,,28.382,,,,,,,,,,,,,,,,,,,,,,,,0.0281,,,,,,,,,,,,,,,,,,,,
"Canthon angularis (Harold, 1868)",Canthon aff. angularis,Deltochilini,https://doi.org/10.1016/j.biocon.2023.109957,,Sao Paulo/Brazil,,,,,,,,,,,,,,,,,,,,,,,,,,,,,,,,,,,,,,,,,,,,,,,,,,,,,,,,Habitat gener,,,,,,,,,,,28.38,,,,,,,,,,,,,,,,,,,,,,,,-0.0057,,,,,,,,,,,,,,,,,,,,
"Canthon conformis Harold, 1869",Canthon chalybaeus,Deltochilini,https://doi.org/10.1016/j.biocon.2013.11.023,,Bahia/Brazil,,,,,,,,,,,,,,,,,,,,0.020763,,,,,,,,,,,,,,,,,,,,,,,,Diurnal,Generalist,,,,,,,,,,,Habitat gener,,,,,,,,,,,28.19,,,,,,,,,,,,,,,,,,,,,,,,0.0021,,,,,,,,,,,,,,,,,,,,
"Canthon conformis Harold, 1869",Canthon chalybaeus,Deltochilini,https://doi.org/10.1002/eap.1562,,Bahia/Brazil,,,,,,,,,,,,,,,,,,,,,,,,,,,,,,,Medium,,,,,,,,,,,,,Diurnal,Generalist,,,,,,,,,,,,,,,,,,,,,,27.108,,,,,,,,,,,,,,,,,,,,,,,,-0.0181,,,,,,,,,,,,,,,,,,,,
"Canthon conformis Harold, 1869",Canthon chalybaeus,Deltochilini,https://doi.org/10.1590/S0085-56262013000100008,,Santa Catarina/Brazil,,,,,,,,,,,,,,,,,,,,0.032,,,,,,,,,,,Medium,,,,,,,,,,,,,,Generalist,,,,,,,,,,,,,,,,,,,,0.8,,,,,,,,,,3.302,,,,,,,,Roller,,,0.332,,,,,,0.651,,,,,5.977,,,,,,,,,,,,,,
"Canthon conformis Harold, 1869",Canthon chalybaeus,Deltochilini,https://doi.org/10.1590/18069657rbcs20160248,,Santa Catarina/Brazil,,,,,,,,,,,,,,,,,,,,0.021,,,,,,,,,,,,8.5,,,,,,,,,,,,,Necrophagous,,,,,,,,,,,,,,,,,,,,,2.1,,,,yes,yes,,,3.82,,,,,,2.03,0.58,,,,,,,,,,,,,,,,,,,,,,46.03,,,,,2.55,,,
"Canthon conformis Harold, 1869",Canthon chalybaeus,Deltochilini,https://doi.org/10.1007/s10841-022-00412-4,,Pernambuco/Brazil,,,,,,,,,,,,,,,,,,,,,,,,,,,,,,,Small,,,,,,,,,,,,,,Generalist,,,,,,,,,,,Open environ. specialist,,,,,,,,,,4.26,,,,,,,,,,,,,,,2.38,,Roller,,,,,,,,,,,,,,,,,,,,,,,,,,,,
"Canthon conformis Harold, 1869",,Deltochilini,https://doi.org/10.1038/s41598-020-70284-8,,Misiones Province/Argentina,-0.0039,,,,,,,,,,,,,,,,,,,0.03,,,,,,,,,,,,,,,,,,,,,,,,Diurnal,,,,,,,,1.269,,,,Agroforestry parkland,,,,,,,,,,,,,,,,,,,,,,,,,,rare,Roller,,narrow,,,,,,,,,,,,,,,,,,,,,,,,,,
"Canthon conformis Harold, 1869",,Deltochilini,https://doi.org/10.1038/s41598-020-70284-8,,Misiones Province/Argentina,0.0049,,,,,,,,,,,,,,,,,,,0.03,,,,,,,,,,,,,,,,,,,,,,,,Diurnal,,,,,,,,3.429,,,,Agroforestry parkland,,,,,,,,,,,28.113,,,,,,,,,,,,,,,,,,,,,,,,-0.0108,,,,,,,,,,,,,,,,,,,,
"Canthon conformis Harold, 1869",,Deltochilini,https://doi.org/10.1038/s41598-020-70284-8,,Misiones Province/Argentina,-0.009,,,,,,,,,,,,,,,,,,,0.032,,,,,,,,,,,,,,,,,,,,,,,,Diurnal,,,,,,,,3.411,,,,Agroforestry parkland,,,,,,,,,,,29.486,,,,,,,,,,,,,,,,,,,,,,,,-0.0049,,,,,,,,,,,,,,,,,,,,
"Canthon conformis Harold, 1869",,Deltochilini,https://doi.org/10.1038/s41598-020-70284-8,,Misiones Province/Argentina,0.0013,,,,,,,,,,,,,,,,,,,0.033,,,,,,,,,,,,,,,,,,,,,,,,Diurnal,,,,,,,,3.265,,,,Agroforestry parkland,,,,,,,,,,,30.955,,,,,,,,,,,,,,,,,,,,,,,,-0.0053,,,,,,,,,,,,,,,,,,,,
"Canthon conformis Harold, 1869",,Deltochilini,https://doi.org/10.1038/s41598-020-70284-8,,Misiones Province/Argentina,-0.0032,,,,,,,,,,,,,,,,,,,0.035,,,,,,,,,,,,,,,,,,,,,,,,Diurnal,,,,,,,,3.347,,,,Agroforestry parkland,,,,,,,,,,,27.822,,,,,,,,,,,,,,,,,,,,,,,,4.00E-04,,,,,,,,,,,,,,,,,,,,
"Canthon conformis Harold, 1869",,Deltochilini,https://doi.org/10.1038/s41598-020-70284-8,,Misiones Province/Argentina,0.0035,,,,,,,,,,,,,,,,,,,0.037,,,,,,,,,,,,,,,,,,,,,,,,Diurnal,,,,,,,,3.241,,,,Agroforestry parkland,,,,,,,,,,,28.505,,,,,,,,,,,,,,,,,,,,,,,,-0.0101,,,,,,,,,,,,,,,,,,,,
"Canthon conformis Harold, 1869",,Deltochilini,https://doi.org/10.1038/s41598-020-70284-8,,Misiones Province/Argentina,-0.0159,,,,,,,,,,,,,,,,,,,0.038,,,,,,,,,,,,,,,,,,,,,,,,Diurnal,,,,,,,,4.023,,,,Agroforestry parkland,,,,,,,,,,,28.633,,,,,,,,,,,,,,,,,,,,,,,,-0.0024,,,,,,,,,,,,,,,,,,,,
"Canthon conformis Harold, 1869",,Deltochilini,https://doi.org/10.1038/s41598-020-70284-8,,Misiones Province/Argentina,0.002,,,,,,,,,,,,,,,,,,,0.039,,,,,,,,,,,,,,,,,,,,,,,,Diurnal,,,,,,,,3.174,,,,Agroforestry parkland,,,,,,,,,,,28.55,,,,,,,,,,,,,,,,,,,,,,,,-0.0083,,,,,,,,,,,,,,,,,,,,
"Canthon conformis Harold, 1869",,Deltochilini,https://doi.org/10.1038/s41598-020-70284-8,,Misiones Province/Argentina,-0.018,,,,,,,,,,,,,,,,,,,0.04,,,,,,,,,,,,,,,,,,,,,,,,Diurnal,,,,,,,,4.532,,,,Agroforestry parkland,,,,,,,,,,,29.946,,,,,,,,,,,,,,,,,,,,,,,,-0.007,,,,,,,,,,,,,,,,,,,,
"Canthon conformis Harold, 1869",,Deltochilini,https://doi.org/10.1038/s41598-020-70284-8,,Misiones Province/Argentina,0.0011,,,,,,,,,,,,,,,,,,,0.043,,,,,,,,,,,,,,,,,,,,,,,,Diurnal,,,,,,,,3.441,,,,Agroforestry parkland,,,,,,,,,,,28.687,,,,,,,,,,,,,,,,,,,,,,,,-0.0051,,,,,,,,,,,,,,,,,,,,
"Canthon conformis Harold, 1869",,Deltochilini,https://doi.org/10.1038/s41598-020-70284-8,,Misiones Province/Argentina,-0.0194,,,,,,,,,,,,,,,,,,,0.043,,,,,,,,,,,,,,,,,,,,,,,,Diurnal,,,,,,,,5.074,,,,Agroforestry parkland,,,,,,,,,,,30.037,,,,,,,,,,,,,,,,,,,,,,,,-0.0093,,,,,,,,,,,,,,,,,,,,
"Canthon conformis Harold, 1869",,Deltochilini,https://doi.org/10.1038/s41598-020-70284-8,,Misiones Province/Argentina,-0.0315,,,,,,,,,,,,,,,,,,,0.059,,,,,,,,,,,,,,,,,,,,,,,,Diurnal,,,,,,,,3.229,,,,Agroforestry parkland,,,,,,,,,,,,,,,,,,,,,,,,,,,Roller,,,,,,,,,,,,,,,,,,,,,,,,,,,,
"Canthon conformis Harold, 1869",,Deltochilini,https://doi.org/10.1038/s41598-020-70284-8,,Misiones Province/Argentina,-0.0251,,,,,,,,,,,,,,,,,,,0.069,,,,,,,,,,,,,,,,,,,,,,,,Diurnal,,,,,,,,1.876,,,,Agroforestry parkland,,,,,,,,,,,,,,,,,,,6.337,,,,,,,,Roller,,,0.262,,,,,,0.963,,,,,11.284,,,,,,,,,,,,,,
"Canthon conformis Harold, 1869",Canthon chalybaeus,Deltochilini,https://doi.org/10.1649/0010-065X-73.3.693,"Sao Miguel do Oeste, Sao Domingos, Porto Belo - Bombinhas",Santa Catarina/Brazil,,,,,,,,,,,,,,,,,,,,,,,,,,,,,,,Small,,,,,,,,,,,,,,Necrophagous,,,,,,,,,,,,,,,,,,,,,,,,,,,,,,,,,,,,,common,Roller,,narrow,,,,,,,,,,,,,,,,,,,,,,,,,,
"Canthon conformis Harold, 1869",Canthon chalybaeus,Deltochilini,https://doi.org/10.1111/j.1744-7917.2012.01509.x,,Parana/Brazil,,,,,,,,,,,,,,,,,,,,,,,,,,,,,,,,,,,,,,,,,,,,,Generalist/Necrophagous,,,,,,,,,,,,,,,,,,,,,,,,,,,,,,,,,,,,,,Roller,,,,,,,,,,,,,,,,,,,,,,,,,,,,
"Canthon conformis Harold, 1869",,Deltochilini,https://doi.org/10.1002/ece3.9950,,Goiania/Brazil,,,,,,,,,,,,,,,,,,,,,,,,,,,,,,,,6.8,,,,,,,,,,,,Diurnal,,,,,,,,,,0.01,,,,,,,,0.67,2.41,yes,0,,,,,,,,,,,,,,,,,,Roller,,,,,,,,,,,,,,,,,,,,,,,,,,,,
"Canthon conformis Harold, 1869",Canthon chalybaeus,Deltochilini,https://doi.org/10.1590/S0073-47212012000200012,,Rio Grande do Sul/Brazil,,,,,,,,,,,,,,,,,,,,,,,,,,,,,,,,,,,,,,,,,,,,,Generalist,,,,,,,,,,,,,,,,,,,,,,,,,,,,,,,6.43(0.36),6.74(0.43),6.49(0.42),6.76(0.45),,,,,,,,0.64(0.01),0.64(0.01),0.63(0.01),0.63(0.01),,,0.97(0.11),0.97(0.10),0.96(0.09),0.95(0.10),,11.25(0.65),11.73(0.7),11.76(0.73),11.36(0.72),,,,,,,,,,
"Canthon conformis Harold, 1869",Canthon chalybaeus,Deltochilini,https://doi.org/10.1590/S0001-37652013005000033,,Rio Grande do Sul/Brazil,,,,,,,,,,,,,,,,,,,,,,,,,,,,,,,,,,,,,,,,,,,,,,,,,,,,,,,,,,,,,,,,,,,,,,,,,,,,,,,,,,,,,,,,,,,,,,,,,,,,,,,,,,,,,,,
"Canthon conformis Harold, 1869",,Deltochilini,this study,Mairipora,Sao Paulo/Brazil,,,,,,,,,,,,,,,,,,,,,0.02395,,,,,,,,,,Medium,,,,,,,,,,,,DM334,Diurnal,Generalist,,,,,,,,,,,,,,,,,,,,,,,,,,,,,,,,,,,,,,,,,,,,,,,,,,,,,,,,,,,,,,,,,,
"Canthon conformis Harold, 1869",,Deltochilini,this study,Mairipora,Sao Paulo/Brazil,,,,,,,,,,,,,,,,,,,,,0.02395,,,,,,,,,,Medium,,,,,,,,,,,,DM331,Diurnal,Generalist,,,,,,,,,,,,,,,,,,,,,,,,2.4,,,,,,,,,,,,,,Roller,,,,,,,,,,,,,,,,,,,,,,,,,,,2.8,
"Canthon conformis Harold, 1869",,Deltochilini,this study,Mairipora,Sao Paulo/Brazil,,,,,,,,,,,,,,,,,,,,,0.02395,,,,,,,,,,Medium,,,,,,,,,,,,DM333,Diurnal,Generalist,,,,,,,,,,,,,,,,,,,,,,,,,,,,,,,,,,,,,,Roller,,,,,,,,,,,,,,,,,,,,,,,,,,,,
"Canthon conformis Harold, 1869",,Deltochilini,this study,Mairipora,Sao Paulo/Brazil,,,,,,,,,,,,,,,,,,,,,0.02395,,,,,,,,,,Medium,,,,,,,,,,,,DM332,Diurnal,Generalist,,,,,,,,,,,,,,,,,,,,,,,,,,,,,,,,,,,,,,Roller,,,,,,,,,,,,,,,,,,,,,,,,,,,,
"Canthon conformis Harold, 1869",,Deltochilini,this study,Mairipora,Sao Paulo/Brazil,,,,,,,,,,,,,,,,,,,,,0.02395,,,,,,,,,,Medium,,,,,,,,,,,,DM335,Diurnal,Generalist,,,,,,,,,,,,,,,,,,,,,,,,,,,,,,,,,,,,,common,Roller,,large,,,,,,,,,,,,,,,,,,,,,,,,,,
"Canthon histrio Lepeletier de Saint Fargeau & Audinet-Serville, 1828",,Deltochilini,https://doi.org/10.1016/j.biocon.2013.11.023,,Bahia/Brazil,,,,,,,,,,,,,,,,,,,,0.033247,,,,,,,,,,,,,,,,,,,,,,,,Diurnal,Coprophagous,,,,,,,,,,,Habitat gener,,,,,,,,,,,,,,,,,,,,,,,,,,,Roller,,,,,,,,,,,,,,,,,,,,,,,,,,,,
"Canthon histrio Lepeletier de Saint Fargeau & Audinet-Serville, 1828",,Deltochilini,https://doi.org/10.1002/eap.1562,,Bahia/Brazil,,,,,,,,,,,,,,,,,,,,,,,,,,,,,,,Medium,,,,,,,,,,,,,Diurnal,Coprophagous,,,,,,,,,,,,,,,,,,,,,3.79,,,,yes,yes,,,6.36,,,,,,3.49,2.09,,,,,,,,,,,,,,,,,,,,,,203,,,,,4.2,,,
"Canthon histrio Lepeletier de Saint Fargeau & Audinet-Serville, 1828",,Deltochilini,https://doi.org/10.1038/s41598-020-70284-8,,Misiones Province/Argentina,-0.0044,,,,,,,,,,,,,,,,,,,0.113,,,,,,,,,,,,,,,,,,,,,,,,Diurnal,,,,,,,,3.644,,,,Agroforestry parkland,,,,,,,,,,,,3.875,,,,,,,,,,,,,,,Roller,,,,,,,,,,,,,,,,,,,Up,,,,,,,,,
"Canthon histrio Lepeletier de Saint Fargeau & Audinet-Serville, 1828",,Deltochilini,https://doi.org/10.1038/s41598-020-70284-8,,Misiones Province/Argentina,0.0056,,,,,,,,,,,,,,,,,,,0.1283,,,,,,,,,,,,,,,,,,,,,,,,Diurnal,,,,,,,,2.729,,,,Agroforestry parkland,,,,,,,,,,,,3.737,,,,,,,,,,,,,,,Roller,,,,,,,,,,,,,,,,,,,Down,,,,,,,,,
"Canthon histrio Lepeletier de Saint Fargeau & Audinet-Serville, 1828",,Deltochilini,https://doi.org/10.1038/s41598-020-70284-8,,Misiones Province/Argentina,0.0034,,,,,,,,,,,,,,,,,,,0.132,,,,,,,,,,,,,,,,,,,,,,,,Diurnal,,,,,,,,4.677,,,,Agroforestry parkland,,,,,,,,,,,,6.612,,,,,,,,,,,,,,,Roller,,,,,,,,,,,,,,,,,,,Up,,,,,,,,,
"Canthon histrio Lepeletier de Saint Fargeau & Audinet-Serville, 1828",,Deltochilini,https://doi.org/10.1038/s41598-020-70284-8,,Misiones Province/Argentina,0.0137,,,,,,,,,,,,,,,,,,,0.139,,,,,,,,,,,,,,,,,,,,,,,,Diurnal,,,,,,,,4.431,,,,Agroforestry parkland,,,,,,,,,,,,3.838,,,,,,,,,,,,,,,Roller,,,,,,,,,,,,,,,,,,,Down,,,,,,,,,
"Canthon histrio Lepeletier de Saint Fargeau & Audinet-Serville, 1828",,Deltochilini,https://doi.org/10.1038/s41598-020-70284-8,,Misiones Province/Argentina,-0.008,,,,,,,,,,,,,,,,,,,0.141,,,,,,,,,,,,,,,,,,,,,,,,Diurnal,,,,,,,,4.19,,,,Agroforestry parkland,,,,,,,,,,,,8.873,,,,,,,,,,,,,,,Roller,,,,,,,,,,,,,,,,,,,Up,,,,,,,,,
"Canthon histrio Lepeletier de Saint Fargeau & Audinet-Serville, 1828",,Deltochilini,https://doi.org/10.1038/s41598-020-70284-8,,Misiones Province/Argentina,0.01,,,,,,,,,,,,,,,,,,,0.162,,,,,,,,,,,,,,,,,,,,,,,,Diurnal,,,,,,,,3.842,,,,Agroforestry parkland,,,,,,,,,,,,5.652,,,,,,,,,,,,,,,Roller,,,,,,,,,,,,,,,,,,,Up,,,,,,,,,
"Canthon histrio Lepeletier de Saint Fargeau & Audinet-Serville, 1828",,Deltochilini,https://doi.org/10.1038/s41598-020-70284-8,,Misiones Province/Argentina,0.0026,,,,,,,,,,,,,,,,,,,0.176,,,,,,,,,,,,,,,,,,,,,,,,Diurnal,,,,,,,,3.76,,,,Agroforestry parkland,,,,,,,,,,,,1.651,,,,,,,,,,,,,,,Roller,,,,,,,,,,,,,,,,,,,Up,,,,,,,,,
"Canthon histrio Lepeletier de Saint Fargeau & Audinet-Serville, 1828",,Deltochilini,https://doi.org/10.1038/s41598-020-70284-8,,Misiones Province/Argentina,0.0041,,,,,,,,,,,,,,,,,,,0.1818,,,,,,,,,,,,,,,,,,,,,,,,Diurnal,,,,,,,,2.892,,,,Agroforestry parkland,,,,,,,,,,,,5.135,,,,,,,,,,,,,,,Roller,,,,,,,,,,,,,,,,,,,Up,,,,,,,,,
"Canthon histrio Lepeletier de Saint Fargeau & Audinet-Serville, 1828",,Deltochilini,https://doi.org/10.1016/j.apsoil.2020.103652,,Misiones Province/Argentina,,,,,,,,,,,,,,,,,,,0.04,,,0,0.02,1.74,,,,,,,,,,,,,,,,,,,,,,,,,,,,,,,,,,,,,,,,,,,,1.362,,,,,,,,,,,,,,,Roller,,,,,,,,,,,,,,,,,,,Down,,,,,,,,,
"Canthon histrio Lepeletier de Saint Fargeau & Audinet-Serville, 1828",,Deltochilini,https://doi.org/10.1038/s41598-022-05616-x,,Misiones Province/Argentina,,,,2.547,,,,,1.638,,,,,2.577,,,,,,0.026,,,,,,52.48,,,,,,,,,,,,,,,,,,,,,,,,,,,,,,,7.156,,,,,,,,,,,7.781,,,,,,,,,,,,,,,Roller,,,,,,,,,,,,,,,,,,,Up,,,,,,,,,
"Canthon histrio Lepeletier de Saint Fargeau & Audinet-Serville, 1828",,Deltochilini,this study,Mairipora,Sao Paulo/Brazil,,,,,,,,,,,,,,,,,,,,,0.03531,,,,,,,,,,Medium,,,,,,,,,,,,DM301,Diurnal,Coprophagous,,,,,,,,,,,,,,,,,,,,,,,38.16,,,,,,,,,,,,,,,Roller,,,,,,,,,,,,,,,,,,,Up,,,,,,,,,
"Canthon histrio Lepeletier de Saint Fargeau & Audinet-Serville, 1828",,Deltochilini,this study,Mairipora,Sao Paulo/Brazil,,,,,,,,,,,,,,,,,,,,,0.03531,,,,,,,,,,Medium,,,,,,,,,,,,DM302,Diurnal,Coprophagous,,,,,,,,,,,,,,,,,,,,,,,6.139,,,,,,,,,,,,,,,Roller,,,,,,,,,,,,,,,,,,,Up,,,,,,,,,
"Canthon histrio Lepeletier de Saint Fargeau & Audinet-Serville, 1828",,Deltochilini,this study,Mairipora,Sao Paulo/Brazil,,,,,,,,,,,,,,,,,,,,,0.03531,,,,,,,,,,Medium,,,,,,,,,,,,DM305,Diurnal,Coprophagous,,,,,,,,,,,,,,,,,,,,,,,5.827,,,,,,,,,,,,,,,Roller,,,,,,,,,,,,,,,,,,,Up,,,,,,,,,
"Canthon histrio Lepeletier de Saint Fargeau & Audinet-Serville, 1828",,Deltochilini,this study,Mairipora,Sao Paulo/Brazil,,,,,,,,,,,,,,,,,,,,,0.03531,,,,,,,,,,Medium,,,,,,,,,,,,DM304,Diurnal,Coprophagous,,,,,,,,,,,,,,,,,,,,,,,11.619,,,,,,,,,,,,,,,Roller,,,,,,,,,,,,,,,,,,,Up,,,,,,,,,
"Canthon histrio Lepeletier de Saint Fargeau & Audinet-Serville, 1828",,Deltochilini,this study,Mairipora,Sao Paulo/Brazil,,,,,,,,,,,,,,,,,,,,,0.03531,,,,,,,,,,Medium,,,,,,,,,,,,DM303,Diurnal,Coprophagous,,,,,,,,,,,,,,,,,,,,,,,7.199,,,,,,,,,,,,,,,Roller,,,,,,,,,,,,,,,,,,,Up,,,,,,,,,
"Canthon histrio Lepeletier de Saint Fargeau & Audinet-Serville, 1828",,Deltochilini,this study,Mairipora,Sao Paulo/Brazil,,,,,,,,,,,,,,,,,,,,,0.03531,,,,,,,,,,Medium,,,,,,,,,,,,DM309,Diurnal,Coprophagous,,,,,,,,,,,,,,,,,,,,,,,17.673,,,,,,,,,,,,,,,Roller,,,,,,,,,,,,,,,,,,,Up,,,,,,,,,
"Canthon histrio Lepeletier de Saint Fargeau & Audinet-Serville, 1828",,Deltochilini,this study,Mairipora,Sao Paulo/Brazil,,,,,,,,,,,,,,,,,,,,,0.03531,,,,,,,,,,Medium,,,,,,,,,,,,DM307,Diurnal,Coprophagous,,,,,,,,,,,,,,,,,,,,,,,10.56,,,,,,,,,,,,,,,Roller,,,,,,,,,,,,,,,,,,,Down,,,,,,,,,
"Canthon histrio Lepeletier de Saint Fargeau & Audinet-Serville, 1828",,Deltochilini,this study,Mairipora,Sao Paulo/Brazil,,,,,,,,,,,,,,,,,,,,,0.03531,,,,,,,,,,Medium,,,,,,,,,,,,DM306,Diurnal,Coprophagous,,,,,,,,,,,,,,,,,,,,,,,13.201,,,,,,,,,,,,,,,Roller,,,,,,,,,,,,,,,,,,,Down,,,,,,,,,
"Canthon histrio Lepeletier de Saint Fargeau & Audinet-Serville, 1828",,Deltochilini,this study,Mairipora,Sao Paulo/Brazil,,,,,,,,,,,,,,,,,,,,,0.03531,,,,,,,,,,Medium,,,,,,,,,,,,DM308,Diurnal,Coprophagous,,,,,,,,,,,,,,,,,,,,,,,9.49,,,,,,,,,,,,,,,Roller,,,,,,,,,,,,,,,,,,,Down,,,,,,,,,
"Canthon histrio Lepeletier de Saint Fargeau & Audinet-Serville, 1828",,Deltochilini,this study,Mairipora,Sao Paulo/Brazil,,,,,,,,,,,,,,,,,,,,,0.03531,,,,,,,,,,Medium,,,,,,,,,,,,DM310,Diurnal,Coprophagous,,,,,,,,,,,,,,,,,,,,,,,2.291,,,,,,,,,,,,,,,Roller,,,,,,,,,,,,,,,,,,,Down,,,,,,,,,
"Canthon laminatus Balthasar, 1939",,Deltochilini,https://doi.org/10.1649/0010-065X-73.3.693,Sao Miguel do Oeste,Santa Catarina/Brazil,,,,,,,,,,,,,,,,,,,,,,,,,,,,,,,Small,,,,,,,,,,,,,,,,,,,,,,,,,,,,,,,,,,,,,3.087,,,,,,,,,,,,,,,Roller,,,,,,,,,,,,,,,,,,,Up,,,,,,,,,
"Canthon laminatus Balthasar, 1939",,Deltochilini,https://doi.org/10.1111/j.1744-7917.2012.01509.x,,Parana/Brazil,,,,,,,,,,,,,,,,,,,,,,,,,,,,,,,,,,,,,,,,,,,,,Necrophagous,,,,,,,,,,,,,,,,,,,,,,,44.874,,,,,,,,,,,,,,,Roller,,,,,,,,,,,,,,,,,,,Down,,,,,,,,,
"Canthon laminatus Balthasar, 1939",,Deltochilini,https://doi.org/10.1590/S0073-47212012000200012,,Rio Grande do Sul/Brazil,,,,,,,,,,,,,,,,,,,,,,,,,,,,,,,,,,,,,,,,,,,,,Generalist/Coprophagous,,,,,,,,,,,,,,,,,,,,,,,12.707,,,,,,,,,,,,,,,Roller,,,,,,,,,,,,,,,,,,,Up,,,,,,,,,
"Canthon luctuosus Harold, 1868",,Deltochilini,https://doi.org/10.1093/ee/nvx091,,Santa Catarina/Brazil,,,,,,,,,,,,,,,,,,,,0.042,,,,,0.007,,,,,,,5.4,,,0.4,,,,,,,,,,,,,,,,,,,,,,,,,,,,,,,,,4.429,,,,,,,,,,,,,,,Roller,,,,,,,,,,,,,,,,,,,Down,,,,,,,,,
"Canthon luctuosus Harold, 1868",,Deltochilini,https://doi.org/10.1590/18069657rbcs20160248,,Santa Catarina/Brazil,,,,,,,,,,,,,,,,,,,,0.016,,,,,,,,,,,,6.7,,,,,,,,,,,,,Necrophagous,,,,,,,,,,,,,,,,,,,,,,,0,,,,,,,,,,,,,,,Roller,,,,,,,,,,,,,,,,,,,,,,,,,,,,
"Canthon luctuosus Harold, 1868",,Deltochilini,https://doi.org/10.1649/0010-065X-73.3.693,"Sao Domingos, Ipumirim, Campos Novos, Monte Castelo, Brusque, Antonio Carlos, Santo Amaro da Imperatriz, Anitapolis, Urubici, Itapema, Florianopolis - Desterro, Florianopolis - Lagoa do Peri",Santa Catarina/Brazil,,,,,,,,,,,,,,,,,,,,,,,,,,,,,,,Small,,,,,,,,,,,,,Diurnal/Nocturnal,Necrophagous,,,,,,,,,,,,,,,,,,,,,,,0,,,,,,,,,,,,,,,Roller,,,,,,,,,,,,,,,,,,,,,,,,,,,,
"Canthon luctuosus Harold, 1868",,Deltochilini,https://doi.org/10.1111/btp.12418,,Sao Paulo/Brazil,,,,,,,,,,,,,,,,,,,,,,,,,,,,,,,,5.7,,,0,,,,,,,,,,,,,,,,,,,,,,,,,,,,,,,,,0,,,,,,,,,,,,,,,Roller,,,,,,,,,,,,,,,,,,,,,,,,,,,,
"Canthon luctuosus Harold, 1868",,Deltochilini,https://doi.org/10.1371/journal.pone.0244783,,Santa Catarina/Brazil,,0.3,,,,,,,,,,,,,,,,,,0.014,,,,,,,,,,,,,,,,,,,,,,,,Nocturnal,Necrophagous,,,,,,,,0.2,,4.4,,,,,,,,,,,,,0,,,,,,,,,,,,,,,Roller,,,,,,,,,,,,,,,,,,,,,,,,,,,,
"Canthon luctuosus Harold, 1868",,Deltochilini,https://doi.org/10.1371/journal.pone.0126112,,Santa Catarina/Brazil,,,Immature,,,,,,,,,,,,,,,,,,,,,,,,,,,,Small,,,,,,,,,,,,,Diurnal/Nocturnal,,,0,,,,,,,,,,,,,,,,,,,,,0,,,,,,,,,,,,,,,Roller,Male,,,,,,,,,,,,,,,,,,,,,,,,,,,
"Canthon luctuosus Harold, 1868",,Deltochilini,https://doi.org/10.1371/journal.pone.0126112,,Santa Catarina/Brazil,,,Young-mature,,,,,,,,,,,,,,,,,,,,,,,,,,,,Small,,,,,,,,,,,,,Diurnal/Nocturnal,,,0,,,,,,,,,,,,,,,,,,,,,0,,,,,,,,,,,,,,,Roller,Male,,,,,,,,,,,,,,,,,,,,,,,,,,,
"Canthon luctuosus Harold, 1868",,Deltochilini,https://doi.org/10.1111/ddi.12785,,Santa Catarina/Brazil,,,,,,,,,,,,,,,,,,,,0.012,,,,,,,,,,,,,,,,,,,,,,,,Diurnal/Nocturnal,Necrophagous,,,,,,,,,,,,,,,,,,,,,,,0,,,,,,,,,,,,,,,Roller,,,,,,,,,,,,,,,,,,,,,,,,,,,,
"Canthon quadratus Blanchard, 1845",,Deltochilini,https://doi.org/10.1649/0010-065X-73.3.693,Campos Novos,Santa Catarina/Brazil,,,,,,,,,,,,,,,,,,,,,,,,,,,,,,,Small,,,,,,,,,,,,,,,,,,,,,,,,,,,,,,,,,,,,,0,,,,,,,,,,,,,,,Roller,,,,,,,,,,,,,,,,,,,,,,,,,,,,
"Canthon quinquemaculatus Castelnau, 1840",,Deltochilini,https://doi.org/10.1038/s41598-020-70284-8,,Misiones Province/Argentina,0.0021,,,,,,,,,,,,,,,,,,,0.13,,,,,,,,,,,,,,,,,,,,,,,,Diurnal,,,,,,,,1.811,,,,Agroforestry parkland,,,,,,,,,,,,,,,,,,,,,,,,,,,Roller,,,,,,,,,,,,,,,,,,,,,,,,,,,,
"Canthon quinquemaculatus Castelnau, 1840",,Deltochilini,https://doi.org/10.1038/s41598-020-70284-8,,Misiones Province/Argentina,-0.005,,,,,,,,,,,,,,,,,,,0.14,,,,,,,,,,,,,,,,,,,,,,,,Diurnal,,,,,,,,1.572,,,,Agroforestry parkland,,,,,,,,,,,,,,,,,,,,,,,,,,,Roller,,,,,,,,,,,,,,,,,,,,,,,,,,,,
"Canthon quinquemaculatus Castelnau, 1840",,Deltochilini,https://doi.org/10.1038/s41598-020-70284-8,,Misiones Province/Argentina,-0.0035,,,,,,,,,,,,,,,,,,,0.16,,,,,,,,,,,,,,,,,,,,,,,,Diurnal,,,,,,,,2.221,,,,Agroforestry parkland,,,,,,,,,,,,,,,,,,,,,,,,,,,Tunneler,,,,,,,,,,,,,,,,,,,,,,,,,,,,
"Canthon quinquemaculatus Castelnau, 1840",,Deltochilini,https://doi.org/10.1038/s41598-020-70284-8,,Misiones Province/Argentina,0.0014,,,,,,,,,,,,,,,,,,,0.16,,,,,,,,,,,,,,,,,,,,,,,,Diurnal,,,,,,,,1.162,,,,Agroforestry parkland,,,,,,,,,,,,,,,,,,,,,,,,,,,Roller,,,,,,,,,,,,,,,,,,,,,,,,,,,,
"Canthon quinquemaculatus Castelnau, 1840",,Deltochilini,https://doi.org/10.1038/s41598-020-70284-8,,Misiones Province/Argentina,-0.0108,,,,,,,,,,,,,,,,,,,0.17,,,,,,,,,,,,,,,,,,,,,,,,Diurnal,,,,,,,,1.549,,,,Agroforestry parkland,,,,,,,,,,,,,,,,,,,,,,,,,,,,,,,,,,,,,,,,,,,,,,,,,,,,,,,
"Canthon quinquemaculatus Castelnau, 1840",,Deltochilini,https://doi.org/10.1038/s41598-020-70284-8,,Misiones Province/Argentina,-0.0014,,,,,,,,,,,,,,,,,,,0.18,,,,,,,,,,,,,,,,,,,,,,,,Diurnal,,,,,,,,1.795,,,,Agroforestry parkland,,,,,,,,,,,,,,,,,,,,,,,,,,,Roller,,,,,,,,,,,,,,,,,,,,,,,,,,,,
"Canthon quinquemaculatus Castelnau, 1840",,Deltochilini,https://doi.org/10.1038/s41598-020-70284-8,,Misiones Province/Argentina,-0.0067,,,,,,,,,,,,,,,,,,,0.19,,,,,,,,,,,,,,,,,,,,,,,,Diurnal,,,,,,,,1.5,,,,Agroforestry parkland,,,,,,,,,,,28.5,,,,,,,,,,,,,,,,,,,,,,,,0.0039,,,,,,,,,,,,,,,,,,,,
"Canthon quinquemaculatus Castelnau, 1840",,Deltochilini,https://doi.org/10.1038/s41598-020-70284-8,,Misiones Province/Argentina,-0.0051,,,,,,,,,,,,,,,,,,,0.19,,,,,,,,,,,,,,,,,,,,,,,,Diurnal,,,,,,,,2.466,,,,Agroforestry parkland,,,,,,,,,,,30.767,,,,,,,,,,,,,,,,,,,,,,,,0.0024,,,,,,,,,,,,,,,,,,,,
"Canthon quinquemaculatus Castelnau, 1840",,Deltochilini,https://doi.org/10.1038/s41598-020-70284-8,,Misiones Province/Argentina,2.00E-04,,,,,,,,,,,,,,,,,,,0.19,,,,,,,,,,,,,,,,,,,,,,,,Diurnal,,,,,,,,1.871,,,,Agroforestry parkland,,,,,,,,,,,28.714,,,,,,,,,,,,,,,,,,,,,,,,0.0362,,,,,,,,,,,,,,,,,,,,
"Canthon quinquemaculatus Castelnau, 1840",,Deltochilini,https://doi.org/10.1038/s41598-020-70284-8,,Misiones Province/Argentina,-0.0074,,,,,,,,,,,,,,,,,,,0.192,,,,,,,,,,,,,,,,,,,,,,,,Diurnal,,,,,,,,2.467,,,,Agroforestry parkland,,,,,,,,,,,28.769,,,,,,,,,,,,,,,,,,,,,,,,0.0043,,,,,,,,,,,,,,,,,,,,
"Canthon quinquemaculatus Castelnau, 1840",,Deltochilini,https://doi.org/10.1016/j.apsoil.2020.103652,,Misiones Province/Argentina,,,,,,,,,,,,,,,,,,,3.37,,,0.05,0.94,17.78,,,,,,,,,,,,,,,,,,,,,,,,,,,,,,,,,,,,,,,,,,,29.033,,,,,,,,,,,,,,,,,,,,,,,,-0.0022,,,,,,,,,,,,,,,,,,,,
"Canthon quinquemaculatus Castelnau, 1840",,Deltochilini,https://doi.org/10.1038/s41598-022-05616-x,,Misiones Province/Argentina,,,,3.102,,,,,1.73,,,,,2.772,,,,,,0.048,,,,,,58.732,,,,,,,,,,,,,,,,,,,,,,,,,,,,,,,6.961,,,,,,,,,,27.997,,,,,,,,,,,,,,,,,,,,,,,,-0.022,,,,,,,,,,,,,,,,,,,,
"Canthon quinquemaculatus Castelnau, 1840",,Deltochilini,https://doi.org/10.1649/0010-065X-73.3.693,"Itapemag, Sao Miguel do Oeste",Santa Catarina/Brazil,,,,,,,,,,,,,,,,,,,,,,,,,,,,,,,Medium,,,,,,,,,,,,,,Generalist,,,,,,,,,,,,,,,,,,,,,,26.32,,,,,,,,,,,,,,,,,,,,,,,,-0.0245,,,,,,,,,,,,,,,,,,,,
"Canthon quinquemaculatus Castelnau, 1840",,Deltochilini,https://doi.org/10.1590/S0073-47212012000200012,,Rio Grande do Sul/Brazil,,,,,,,,,,,,,,,,,,,,,,,,,,,,,,,,,,,,,,,,,,,,,,,,,,,,,,,,,,,,,,,,,,,27.89,,,,,,,,,,,,,,,,,,,,,,,,-0.0179,,,,,,,,,,,,,,,,,,,,
"Canthon quinquemaculatus Castelnau, 1840",,Deltochilini,https://doi.org/10.1590/S0001-37652013005000033,,Rio Grande do Sul/Brazil,,,,,,,,,,,,,,,,,,,,,,,,,,,,,,,,,,,,,,,,,,,,,,,,,,,,,,,,,,,,,,,,,,,,,,,,,,,,,,,,,,,Roller,,,,,,,,,,,,,,,,,,,,,,,,,,,,
"Canthon quinquemaculatus Castelnau, 1840",,Deltochilini,https://doi.org/10.1007/s10682-019-09987-y,,Misiones Province/Argentina,,,,,3.11(0.37),3.61(0.53),3.68(0.52),3.27(0.51),,1.78(0.25),2.05(0.33),2.09(0.32),1.87(0.31),,2.79(0.20),3.10(0.29),3.17(0.26),2.92(0.28),,,,,,,,,60.76(6.55),65.77(7.4),61.25(7.43),65.6(7.9),,,,,,4.54(0.25),4.72(0.27),4.69(0.30),4.52(0.27),,,,,,,,,6.95(0.39),7.19(0.40),7.17(0.43),6.95(0.43),,,,,,,7.00(0.72),7.41(0.89),7.42(0.90),7.07(0.76),,,,,,,,,,,,,,,,,,,,,common,Roller,,narrow,,,,,,,,,,,,,,,,,,,,,,,,,,
"Canthon septemmaculatus histrio (Saint-Fargeau & Audinet-Serville, 1828)",,Deltochilini,https://doi.org/10.1371/journal.pone.0201368,,Bahia/Brazil,,,,,,,,,,,,,,,,,,,,,,,,,,,,,,,,,,,,,,,,,,,,,,,,,,,,,,,,Habitat gener,,,,,,,,,,,,,,,,0.05,0,,,,,,,,,,Roller,,,,,,,,,,,,,,,,,,,,,,,,,,,,
Canthon sp.,,Deltochilini,https://doi.org/10.1673/031.011.0113,,Sao Paulo/Brazil,,,,,,,,,,,,,,,,,,,,,,,,,,,,,,,,6.17,,,0.448,,,,,,8.05,0.506,,Diurnal,,,,,,,,,,,,,,,,,,,,,,,,,,,,,,,,,,,,,,,Roller,,,,,,,,,,,,,,,,,,,,,,,,,,,,
Canthon sp.1.1,Canthon sp.1,Deltochilini,https://doi.org/10.1007/s42690-021-00680-8,,Rio de Janeiro/Brazil,,,,,,,,,,,,,,,,,,,,,,,,,,,,,,,,,,,,,,,,,,,,,,,,,,,,,,,,,,,,,,,,,,,,,,,,,,,,,,,,,,,,,,,,,,,,,,,,,,,,,,,,,,,,,,,
Canthon sp.1.2,Canthon sp.1,Deltochilini,https://doi.org/10.1007/s10841-022-00412-4,,Pernambuco/Brazil,,,,,,,,,,,,,,,,,,,,,,,,,,,,,,,Small,,,,,,,,,,,,,,,,,,,,,,,,,Forest specialist,,,,,,,,,,,,,,,,,,,,,,,,,,,Roller,,,,,,,,,,,,,,,,,,,,,,,,,,,,
Canthon sp.1.3,Canthon sp.1,Deltochilini,https://doi.org/10.1649/0010-065X-73.3.693,Santo Amaro da Imperatriz,Santa Catarina/Brazil,,,,,,,,,,,,,,,,,,,,,,,,,,,,,,,Small,,,,,,,,,,,,,,,,,,,,,,,,,,,,,,,,,,,,,,,,,,,,,,,,,,,,Roller,,,,,,,,,,,,,,,,,,,,,,,,,,,,
Canthon sp.1.4,Canthon sp.1,Deltochilini,https://doi.org/10.1016/j.ecolind.2020.106534,,Bahia/Brazil,,,,,,,,,,,,,,,,,,,,,,,,,,,,,,,,5.07,,,,,,,,,,,,,,,,,,,,,,,,,,,,,,,,,,,,,,,,,,,,,,,,,,rare,Roller,,narrow,,,,,,,,,,,,,,,,,,,,,,,,,,
Canthon sp.2.1,Canthon sp.2,Deltochilini,https://doi.org/10.1007/s42690-021-00680-8,,Rio de Janeiro/Brazil,,,,,,,,,,,,,,,,,,,,,,,,,,,,,,,,,,,,,,,,,,,,,,,,,,,,,,,,,,,,,,,,,,1.93,,,,,,,,,,,,,,,0.53,,Roller,,,,,,,,,,,,,,,,,,,,,,,,,,,,
Canthon sp.2.2,Canthon sp.2,Deltochilini,https://doi.org/10.1007/s10841-022-00412-4,,Pernambuco/Brazil,,,,,,,,,,,,,,,,,,,,,,,,,,,,,,,Small,,,,,,,,,,,,,,,,,,,,,,,,,Open environ. specialist,,,,,,,,,,,,,,,,,,,,,,,,,,,Roller,,,,,,,,,,,,,,,,,,,,,,,,,,,,
Canthon sp.2.3,Canthon sp.2,Deltochilini,https://doi.org/10.1649/0010-065X-73.3.693,Ipumirim,Santa Catarina/Brazil,,,,,,,,,,,,,,,,,,,,,,,,,,,,,,,Small,,,,,,,,,,,,,,Necrophagous,,,,,,,,,,,,,,,,,,,,,,,,,,,,,,,,,,,,,,Roller,,,,,,,,,,,,,,,,,,,,,,,,,,,,
Canthon sp.3.1,Canthon sp.3,Deltochilini,https://doi.org/10.1007/s42690-021-00680-8,,Rio de Janeiro/Brazil,,,,,,,,,,,,,,,,,,,,,,,,,,,,,,,,,,,,,,,,,,,,,,,,,,,,,,,,,,,,,,,,,,,,,,,,,,,,,,,,,,common,Roller,,narrow,,,,,,,,,,,,,,,,,,,,,,,,,,
Canthon sp.3.2,Canthon sp.3,Deltochilini,https://doi.org/10.1007/s10841-022-00412-4,,Pernambuco/Brazil,,,,,,,,,,,,,,,,,,,,,,,,,,,,,,,Small,,,,,,,,,,,,,,,,,,,,,,,,,Open environ. specialist,,,,,,,,,,,,,,,,,,,,,,,,,,,Roller,,,,,,,,,,,,,,,,,,,,,,,,,,,,
Canthon sp.4,,Deltochilini,https://doi.org/10.1007/s42690-021-00680-8,,Rio de Janeiro/Brazil,,,,,,,,,,,,,,,,,,,,,,,,,,,,,,,,,,,,,,,,,,,,,,,,,,,,,,,,,,,,,,,,,,,,,,,,,,,,,,,,,,,Roller,,,,,,,,,,,,,,,,,,,,,,,,,,,,
Canthon sp.6,Sylvicanthon aff. machadoi,Deltochilini,https://doi.org/10.1007/s10841-022-00412-4,,Pernambuco/Brazil,,,,,,,,,,,,,,,,,,,,,,,,,,,,,,,Small,,,,,,,,,,,,,,Necrophagous,,,,,,,,,,,Forest specialist,,,,,,,,,,,,,,,,,,,,,,,,,,,Roller,,,,,,,,,,,,,,,,,,,,,,,,,,,,
"Canthon unicolor Blanchard, 1845",,Deltochilini,https://doi.org/10.1111/aec.12675,,Santa Catarina/Brazil,,,,,,,,,,,,,,,,,,,,,,,,,,,,,,,Small,,,,,,,,,,,,,Diurnal,,,,,,,,,,,,,,,,,,,,,,,,,,,,,,,,,,,,,,,Roller,,,,,,,,,,,,,,,,,,,,,,,,,,,,
Canthonella aff. instriata,,Deltochilini,https://doi.org/10.1649/0010-065X-73.3.693,"Sao Miguel do Oeste, Itapema, Governador Celso Ramos, Florianopolis - Desterro, Florianopolis - Lagoa do Peri",Santa Catarina/Brazil,,,,,,,,,,,,,,,,,,,,,,,,,,,,,,,Small,,,,,,,,,,,,,Diurnal,Generalist,,,,,,,,,,,,,,,,,,,,,,,,,,,,,,,,,,,,,,Roller,,,,,,,,,,,,,,,,,,,,,,,,,,,,
Canthonella aff. instriata,,Deltochilini,https://doi.org/10.1111/ddi.12785,,Santa Catarina/Brazil,,,,,,,,,,,,,,,,,,,,0.002,,,,,,,,,,,,,,,,,,,,,,,,Diurnal,Generalist,,,,,,,,,,,,,,,,,,,,,,,,,,,,,,,,,,,,,,,,,,,,,,,,,,,,,,,,,,,,,,,,,,
Canthonella aff. lenkoi,,Deltochilini,https://doi.org/10.1007/s42690-021-00680-8,,Rio de Janeiro/Brazil,,,,,,,,,,,,,,,,,,,,,,,,,,,,,,,,,,,,,,,,,,,,,,,,,,,,,,,,,,,,,,,,,,,,,,,,,,,,,,,,,,,,,,,,,,,,,,,,,,,,,,,,,,,,,,,
Canthonella aff. lenkoi,,Deltochilini,https://doi.org/10.1111/btp.12418,,Sao Paulo/Brazil,,,,,,,,,,,,,,,,,,,,,,,,,,,,,,,,3,,,0,,,,,,,,,,,,,,,,,,,,,,,,,,,,,,,4.28,,,,,,,,,,,,,,,2.41,,Roller,,,,,,,,,,,,,,,,,,,,,,,,,,,,
Canthonella aff. silphoides,,Deltochilini,https://doi.org/10.1007/s10841-022-00412-4,,Pernambuco/Brazil,,,,,,,,,,,,,,,,,,,,,,,,,,,,,,,Small,,,,,,,,,,,,,,Necrophagous,,,,,,,,,,,Forest specialist,,,,,,,,,,,,,,,,,,,,,,,,,,,Roller,,,,,,,,,,,,,,,,,,,,,,,,,,,,
"Canthonella barrerai (Halffter & Mart√≠nez, 1968)",,Deltochilini,https://doi.org/10.1371/journal.pone.0201368,,Bahia/Brazil,,,,,,,,,,,,,,,,,,,,,,,,,,,,,,,,,,,,,,,,,,,,,,,,,,,,,,,,Forest specialist,,,,,,,,,,,,,,,,,,,,,,,,,,rare,,,large,,,,,,,,,,,,,,,,,,,,,,,,,,
"Canthonella catharinensis (Pereira & Mart√≠nez, 1956)",,Deltochilini,https://doi.org/10.1111/ddi.12785,,Santa Catarina/Brazil,,,,,,,,,,,,,,,,,,,,0.001,,,,,,,,,,,,,,,,,,,,,,,,Diurnal,Coprophagous,,,,,,,,,,,,,,,,,,,,,,,,,,,,,,,,,,,,,,Roller,,,,,,,,,,,,,,,,,,,,,,,,,,,,
"Canthonella silphoides (Harold, 1867)",,Deltochilini,https://doi.org/10.1016/j.biocon.2013.11.023,,Bahia/Brazil,,,,,,,,,,,,,,,,,,,,0.002893,,,,,,,,,,,,,,,,,,,,,,,,Nocturnal,Coprophagous,,,,,,,,,,,Forest specialist,,,,,,,,,,,,,,,,,,,,,,,,,,,Roller,,,,,,,,,,,,,,,,,,,,,,,,,,,,
"Canthonella silphoides (Harold, 1867)",,Deltochilini,https://doi.org/10.1002/eap.1562,,Bahia/Brazil,,,,,,,,,,,,,,,,,,,,,,,,,,,,,,,Small,,,,,,,,,,,,,Nocturnal,Coprophagous,,,,,,,,,,,,,,,,,,,,,,,,,,,0.05,0,,,,,,,,,,Roller,,,,,,,,,,,,,,,,,,,,,,,,,,,,
"Canthonella silphoides (Harold, 1867)",,Deltochilini,https://doi.org/10.1016/j.ecolind.2020.106534,,Bahia/Brazil,,,,,,,,,,,,,,,,,,,,,,,,,,,,,,,,3.91,,,,,,,,,,,,,Generalist,,,,,,,,,,,,,,,,,,,,,,,,,,,,,,,,,,,,,,Roller,,,,,,,,,,,,,,,,,,,,,,,,,,,,
Canthonella sp.1,Canthonella sp.,Deltochilini,https://doi.org/10.1673/031.011.0113,,Sao Paulo/Brazil,,,,,,,,,,,,,,,,,,,,,,,,,,,,,,,,2.48,,,0.177,,,,,,3.34,0.215,,Diurnal,,,,,,,,,,,,,,,,,,,,,,,,,,,,,,,,,,,,,,,,,,,,,,,,,,,,,,,,,,,,,,,,,,,
Canthonella sp.2,Canthonella sp.,Deltochilini,https://doi.org/10.1111/btp.12418,,Sao Paulo/Brazil,,,,,,,,,,,,,,,,,,,,,,,,,,,,,,,,2.49,,,0.26,,,,,,,,,,,,,,,,,,,,,,,,,,,,,,,,,,,,,,,,,,,,,,,,Roller,,,,,,,,,,,,,,,,,,,,,,,,,,,,
"Chalcocopris hesperus (Olivier, 1789)",,Coprini,https://doi.org/10.1007/s42690-021-00680-8,,Rio de Janeiro/Brazil,,,,,,,,,,,,,,,,,,,,,,,,,,,,,,,,,,,,,,,,,,,,,,,,,,,,,,,,,,,,,,,,,,,,,,,,,,,,,,,,,,,Roller,,,,,,,,,,,,,,,,,,,,,,,,,,,,
"Chalcocopris hesperus (Olivier, 1789)",,Coprini,https://doi.org/10.1016/j.biocon.2013.11.023,,Bahia/Brazil,,,,,,,,,,,,,,,,,,,,0.073753,,,,,,,,,,,,,,,,,,,,,,,,Diurnal,Coprophagous,,,,,,,,,,,Forest specialist,,,,,,,,,,,,,,,,,,,,,,,,,,,Roller,,,,,,,,,,,,,,,,,,,,,,,,,,,,
"Chalcocopris hesperus (Olivier, 1789)",,Coprini,https://doi.org/10.1016/j.biocon.2023.109957,,Sao Paulo/Brazil,,,,,,,,,,,,,,,,,,,,,,,,,,,,,,,,,,,,,,,,,,,,,,,,,,,,,,,,Habitat gener,,,,,,,,,,1.07,,,,,,,,,,,,,,,0.17,,Roller,,,,,,,,,,,,,,,,,,,,,,,,,,,,
"Chalcocopris hesperus (Olivier, 1789)",,Coprini,https://doi.org/10.1038/s41598-022-05616-x,,Misiones Province/Argentina,,,,3.762,,,,,2.426,,,,,3.166,,,,,,0.039,,,,,,77.808,,,,,,,,,,,,,,,,,,,,,,,,,,,,,,,10.4438,,,,,,,,,,,,,,,,,,,,,,,,,,,,,,,,,,,,,,,,,,,,,,,,,,,,,,
"Chalcocopris hesperus (Olivier, 1789)",,Coprini,https://doi.org/10.1649/0010-065X-73.3.693,"Antonio Carlos, Sao Pedro de Alcantara",Santa Catarina/Brazil,,,,,,,,,,,,,,,,,,,,,,,,,,,,,,,Medium,,,,,,,,,,,,,,Coprophagous,,,,,,,,,,,,,,,,,,,,,,,,,,,0.1,0,,,,,,,,,,unknown,,,,,,,,,,,,,,,,,,,,,,,,,,,,
"Chalcocopris hesperus (Olivier, 1789)",,Coprini,https://doi.org/10.1111/btp.12418,,Sao Paulo/Brazil,,,,,,,,,,,,,,,,,,,,,,,,,,,,,,,,14.27,,,2.29,,,,,,,,,,,,,,,,,,,,,,,,,,,,,,,,,,,,,,,,,,,,,,,,Tunneler,,,,,,,,,,,,,,,,,,,,,,,,,,,,
"Chalcocopris hesperus (Olivier, 1789)",,Coprini,https://doi.org/10.1111/btp.12722,,Parana/Brazil,,,,,,,,,,,,,,,,,,,,0.08,,,,,,,,,,,,,,,,,,,,,,,,,,,,,,,,,,,,,,,,,,,,,,,,,,,,,,,,,,,,,,,Tunneler,,,,,,,,,,,,,,,,,,,,,,,,,,,,
"Chalcocopris hesperus (Olivier, 1789)",,Coprini,this study,Atibaia,Sao Paulo/Brazil,,,,,,,,,,,,,,,,,,,,,0.07987,,,,,,,,,,Large,,,,,,,,,,,,DM114,Diurnal,Coprophagous,,,,,,,,,,,,,,,,,,,,,,,,,,,,,,,,,,,,,,,,,,,,,,,,,,,,,,,,,,,,,,,,,,
"Chalcocopris hesperus (Olivier, 1789)",,Coprini,this study,Atibaia,Sao Paulo/Brazil,,,,,,,,,,,,,,,,,,,,,0.07987,,,,,,,,,,Large,,,,,,,,,,,,DM113,Diurnal,Coprophagous,,,,,,,,,,,,,,,,,,,,,,,,,,,,,,,,,,,,,,Tunneler,,,,,,,,,,,,,,,,,,,,,95.669,13.61301722,14.17781523,18.044,0.000834858,0.000955754,,7.065
"Chalcocopris hesperus (Olivier, 1789)",,Coprini,this study,Atibaia,Sao Paulo/Brazil,,,,,,,,,,,,,,,,,,,,,0.07987,,,,,,,,,,Large,,,,,,,,,,,,DM117,Diurnal,Coprophagous,,,,,,,,,,,,,,,,,,,,,,,,,,,,,,,,,,,,,,Tunneler,,,,,,,,,,,,,,,,,,,,,89.924,14.38176064,14.17781523,17.981,0.000888194,0.000955754,,6.752
"Chalcocopris hesperus (Olivier, 1789)",,Coprini,this study,Mairipora,Sao Paulo/Brazil,,,,,,,,,,,,,,,,,,,,,0.07987,,,,,,,,,,Large,,,,,,,,,,,,DM108,Diurnal,Coprophagous,,,,,,,,,,,,,,,,,,,,,,,,,,,,,,,,,,,,,,Tunneler,,,,,,,,,,,,,,,,,,,,,89.295,13.92630826,14.17781523,17.632,0.000894451,0.000955754,,6.773
"Chalcocopris hesperus (Olivier, 1789)",,Coprini,this study,Mairipora,Sao Paulo/Brazil,,,,,,,,,,,,,,,,,,,,,0.07987,,,,,,,,,,Large,,,,,,,,,,,,DM109,Diurnal,Coprophagous,,,,,,,,,,,,,,,,,,,,,,,,,,,,,,,,,,,,,,Tunneler,,,,,,,,,,,,,,,,,,,,,89.264,13.08170801,14.17781523,17.086,0.000894762,0.000955754,,6.913
"Chalcocopris hesperus (Olivier, 1789)",,Coprini,this study,Atibaia,Sao Paulo/Brazil,,,,,,,,,,,,,,,,,,,,,0.07987,,,,,,,,,,Large,,,,,,,,,,,,DM115,Diurnal,Coprophagous,,,,,,,,,,,,,,,,,,,,,,,,,,,,,,,,,,,,,,Tunneler,,,,,,,,,,,,,,,,,,,,,86.715,14.27728301,14.17781523,17.593,0.000921063,0.000955754,,6.617
"Chalcocopris hesperus (Olivier, 1789)",,Coprini,this study,Mairipora,Sao Paulo/Brazil,,,,,,,,,,,,,,,,,,,,,0.07987,,,,,,,,,,Large,,,,,,,,,,,,DM110,Diurnal,Coprophagous,,,,,,,,,,,,,,,,,,,,,,,,,,,,,,,,,,,,,,Tunneler,,,,,,,,,,,,,,,,,,,,,84.632,14.52078571,14.17781523,17.528,0.000943733,0.000955754,,6.649
"Chalcocopris hesperus (Olivier, 1789)",,Coprini,this study,Mairipora,Sao Paulo/Brazil,,,,,,,,,,,,,,,,,,,,,0.07987,,,,,,,,,,Large,,,,,,,,,,,,DM111,Diurnal,Coprophagous,,,,,,,,,,,,,,,,,,,,,,,,,,,,,,,,,,,,,,Tunneler,,,,,,,,,,,,,,,,,,,,,81.02,14.73343002,14.17781523,17.275,0.000985806,0.000955754,,6.416
"Chalcocopris hesperus (Olivier, 1789)",,Coprini,this study,Mairipora,Sao Paulo/Brazil,,,,,,,,,,,,,,,,,,,,,0.07987,,,,,,,,,,Large,,,,,,,,,,,,DM112,Diurnal,Coprophagous,,,,,,,,,,,,,,,,,,,,,,,,,,,,,,,,,,,,,,Tunneler,,,,,,,,,,,,,,,,,,,,,75.641,14.61943279,14.17781523,16.627,0.001055909,0.000955754,,5.866
"Chalcocopris hesperus (Olivier, 1789)",,Coprini,this study,Atibaia,Sao Paulo/Brazil,,,,,,,,,,,,,,,,,,,,,0.07987,,,,,,,,,,Large,,,,,,,,,,,,DM116,Diurnal,Coprophagous,,,,,,,,,,,,,,,,,,,,,,,,,,,,,,,,,,,,,,Tunneler,,,,,,,,,,,,,,,,,,,,,74.967,14.40339883,14.17781523,16.43,0.001065402,0.000955754,,6.237
"Coprophanaeus (Coprophanaeus) acrisius (MacLeay, 1819)",Coprophanaeus acrisius,Phanaeini,https://doi.org/10.1371/journal.pone.0201368,,Bahia/Brazil,,,,,,,,,,,,,,,,,,,,,,,,,,,,,,,,,,,,,,,,,,,,,,,,,,,,,,,,Habitat gener,,,,,,,,,,,,,,,,,,,,,,,,,,,Tunneler,,,,,,,,,,,,,,,,,,,,,74.411,14.22102781,14.17781523,16.265,0.001073363,0.000955754,,6.21
"Coprophanaeus (Coprophanaeus) cerberus (Harold, 1869)",Coprophanaeus cerberus,Phanaeini,https://doi.org/10.1007/s42690-021-00680-8,,Rio de Janeiro/Brazil,,,,,,,,,,,,,,,,,,,,,,,,,,,,,,,,,,,,,,,,,,,,,,,,,,,,,,,,,,,,,,,,,,,,,,,,,,,7.253,,,,,,,,Tunneler,,,0.315,,,,,,1.238,,,,,13.366,,,,,,,,,,,,,,
"Coprophanaeus (Coprophanaeus) cerberus (Harold, 1869)",Coprophanaeus cerberus,Phanaeini,https://doi.org/10.1016/j.biocon.2023.109957,,Sao Paulo/Brazil,,,,,,,,,,,,,,,,,,,,,,,,,,,,,,,,,,,,,,,,,,,,,,,,,,,,,,,,Forest specialist,,,,,,,,,,,,,,,,,,,,,,,,,,rare,Tunneler,,narrow,,,,,,,,,,,,,,,,,,,,,,,,,,
"Coprophanaeus (Coprophanaeus) cerberus (Harold, 1869)",Coprophanaeus cerberus,Phanaeini,https://doi.org/10.1649/0010-065X-73.3.693,"Sao Pedro de Alcantara, Santo Amaro da Imperatriz",Santa Catarina/Brazil,,,,,,,,,,,,,,,,,,,,,,,,,,,,,,,Large,,,,,,,,,,,,,,Necrophagous,,,,,,,,,,,,,,,,,,,,,,,,,,,3.78,0,,,,,,,,,,Tunneler,,,,,,,,,,,,,,,,,,,,,,,,,,,,
"Coprophanaeus (Coprophanaeus) cerberus (Harold, 1869)",Coprophanaeus cerberus,Phanaeini,https://doi.org/10.1002/ece3.9950,,Goiania/Brazil,,,,,,,,,,,,,,,,,,,,,,,,,,,,,,,,18.49,,,,,,,,,,,,Nocturnal,,,,,,,,,,0.36,,,,,,,,3.67,8.33,no,0,,,,,,,,,,,,,,,,,,Tunneler,,,,,,,,,,,,,,,,,,,,,,,,,,,,
"Coprophanaeus (Coprophanaeus) cyanescens (d'Olsoufieff, 1924)",Coprophanaeus cyanescens,Phanaeini,https://doi.org/10.1016/j.biocon.2013.11.023,,Bahia/Brazil,,,,,,,,,,,,,,,,,,,,0.81719,,,,,,,,,,,,,,,,,,,,,,,,Nocturnal,Necrophagous,,,,,,,,,,,Habitat gener,,,,,,,,,,,,,,,,,,,,,,,,,,,,,,,,,,,,,,,,,,,,,,,,,,,,,,,
"Coprophanaeus (Coprophanaeus) cyanescens (d'Olsoufieff, 1924)",Coprophanaeus cyanescens,Phanaeini,https://doi.org/10.1002/eap.1562,,Bahia/Brazil,,,,,,,,,,,,,,,,,,,,,,,,,,,,,,,Large,,,,,,,,,,,,,Nocturnal,Necrophagous,,,,,,,,,,,,,,,,,,,,,,,,,,,,,,,,,,,,,,Tunneler,,,,,,,,,,,,,,,,,,,,,,,,,,,,
"Coprophanaeus (Coprophanaeus) cyanescens (d'Olsoufieff, 1924)",Coprophanaeus cyanescens,Phanaeini,https://doi.org/10.1007/s10841-022-00412-4,,Pernambuco/Brazil,,,,,,,,,,,,,,,,,,,,,,,,,,,,,,,Large,,,,,,,,,,,,,,Necrophagous,,,,,,,,,,,Forest specialist,,,,,,,,,,,,,,,,,,,,,,,,,,,Tunneler,,,,,,,,,,,,,,,,,,,,,,,,,,,,
"Coprophanaeus (Coprophanaeus) cyanescens (d'Olsoufieff, 1924)",Coprophanaeus cyanescens,Phanaeini,https://doi.org/10.1038/s41598-020-70284-8,,Misiones Province/Argentina,-0.0153,,,,,,,,,,,,,,,,,,,1.28,,,,,,,,,,,,,,,,,,,,,,,,Evening/Nocturnal/Crepuscular,,,,,,,,11.744,,,,Agroforestry parkland,,,,,,,,,,,,,,,,,,,,,,,,,,rare,Tunneler,,narrow,,,,,,,,,,,,,,,,,,,,,,,,,,
"Coprophanaeus (Coprophanaeus) cyanescens (d'Olsoufieff, 1924)",Coprophanaeus cyanescens,Phanaeini,https://doi.org/10.1038/s41598-020-70284-8,,Misiones Province/Argentina,4.00E-04,,,,,,,,,,,,,,,,,,,1.63,,,,,,,,,,,,,,,,,,,,,,,,Evening/Nocturnal/Crepuscular,,,,,,,,5.12,,,,Agroforestry parkland,,,,,,,,,,5.48,,,,yes,yes,,,21.76,,,,,,10.79,18.71,,,,,,,,,,,,,,,,,,,,,,6525.4,,,,,13.9,,,
"Coprophanaeus (Coprophanaeus) cyanescens (d'Olsoufieff, 1924)",Coprophanaeus cyanescens,Phanaeini,https://doi.org/10.1038/s41598-020-70284-8,,Misiones Province/Argentina,0.0022,,,,,,,,,,,,,,,,,,,1.67,,,,,,,,,,,,,,,,,,,,,,,,Evening/Nocturnal/Crepuscular,,,,,,,,13.939,,,,Agroforestry parkland,,,,,,,,,,,,,,,,,,,,,,,,,,,Tunneler,,,,,,,,,,,,,,,,,,,,,,,,,,,,
"Coprophanaeus (Coprophanaeus) cyanescens (d'Olsoufieff, 1924)",Coprophanaeus cyanescens,Phanaeini,https://doi.org/10.1038/s41598-020-70284-8,,Misiones Province/Argentina,0.014,,,,,,,,,,,,,,,,,,,1.76,,,,,,,,,,,,,,,,,,,,,,,,Evening/Nocturnal/Crepuscular,,,,,,,,12.605,,,,Agroforestry parkland,,,,,,,,,,7.6,,,,,,,,,,,,,,,15.84,,Tunneler,,,,,,,,,,,,,,,,,,,,,,,,,,,,
"Coprophanaeus (Coprophanaeus) cyanescens (d'Olsoufieff, 1924)",Coprophanaeus cyanescens,Phanaeini,https://doi.org/10.1038/s41598-020-70284-8,,Misiones Province/Argentina,4.00E-04,,,,,,,,,,,,,,,,,,,1.8,,,,,,,,,,,,,,,,,,,,,,,,Evening/Nocturnal/Crepuscular,,,,,,,,5.215,,,,Agroforestry parkland,,,,,,,,,,,,,,,,,,,,,,,,,,,Tunneler,,,,,,,,,,,,,,,,,,,,,,,,,,,,
"Coprophanaeus (Coprophanaeus) cyanescens (d'Olsoufieff, 1924)",Coprophanaeus cyanescens,Phanaeini,https://doi.org/10.1038/s41598-020-70284-8,,Misiones Province/Argentina,0.0745,,,,,,,,,,,,,,,,,,,2.14,,,,,,,,,,,,,,,,,,,,,,,,Evening/Nocturnal/Crepuscular,,,,,,,,6.678,,,,Agroforestry parkland,,,,,,,,,,,,,,,,,,,,,,,,,,,,,,,,,,,,,,,,,,,,,,,,,,,,,,,
"Coprophanaeus (Coprophanaeus) cyanescens (d'Olsoufieff, 1924)",Coprophanaeus cyanescens,Phanaeini,https://doi.org/10.1016/j.apsoil.2020.103652,,Misiones Province/Argentina,,,,,,,,,,,,,,,,,,,1.29,,,0,0.64,2.58,,,,,,,,,,,,,,,,,,,,,,,,,,,,,,,,,,,,,,,,,,,,,,,,,,,,,,,,,,rare,Tunneler,,narrow,,,,,,,,,,,,,,,,,,,,,,,,,,
"Coprophanaeus (Coprophanaeus) cyanescens (d'Olsoufieff, 1924)",Coprophanaeus cyanescens,Phanaeini,https://doi.org/10.1038/s41598-022-05616-x,,Misiones Province/Argentina,,,,15.603,,,,,11.216,,,,,6.236,,,,,,0.515,,,,,,319.749,,,,,,,,,,,,,,,,,,,,,,,,,,,,,,,39.7223,,,,,,,,,4.47,,,,yes,yes,,,13.61,,,,,,8.88,10.29,,,,,,,,,,,,,,,,,,,,,,2233.91,,,,,7.67,,,
"Coprophanaeus (Coprophanaeus) cyanescens (d'Olsoufieff, 1924)",Coprophanaeus cyanescens,Phanaeini,https://doi.org/10.1111/j.1744-7917.2012.01509.x,,Parana/Brazil,,,,,,,,,,,,,,,,,,,,,,,,,,,,,,,,,,,,,,,,,,,,,Necrophagous,,,,,,,,,,,,,,,,,,,,,,,,,,,,,,,,,,,,,,Tunneler,,,,,,,,,,,,,,,,,,,,,,,,,,,,
"Coprophanaeus (Coprophanaeus) dardanus (MacLeay, 1819)",Coprophanaeus dardanus,Phanaeini,https://doi.org/10.1007/s42690-021-00680-8,,Rio de Janeiro/Brazil,,,,,,,,,,,,,,,,,,,,,,,,,,,,,,,,,,,,,,,,,,,,,,,,,,,,,,,,,,,,,,,,,,,,,,,,,,,,,,,,,,,Tunneler,,,,,,,,,,,,,,,,,,,,,,,,,,,,
"Coprophanaeus (Coprophanaeus) dardanus (MacLeay, 1819)",Coprophanaeus dardanus,Phanaeini,https://doi.org/10.1016/j.biocon.2013.11.023,,Bahia/Brazil,,,,,,,,,,,,,,,,,,,,0.731263,,,,,,,,,,,,,,,,,,,,,,,,Nocturnal,Necrophagous,,,,,,,,,,,Forest gener,,,,,,,,,,,,,,,,,,,,,,,,,,,Tunneler,,,,,,,,,,,,,,,,,,,,,,,,,,,,
"Coprophanaeus (Coprophanaeus) dardanus (MacLeay, 1819)",Coprophanaeus dardanus,Phanaeini,https://doi.org/10.1002/eap.1562,,Bahia/Brazil,,,,,,,,,,,,,,,,,,,,,,,,,,,,,,,Large,,,,,,,,,,,,,Nocturnal,Necrophagous,,,,,,,,,,,,,,,,,,,,,,34.451,,,,,,,,,,,,,,,,,,,,,,,,-0.006,,,,,,,,,,,,,,,,,,,,
"Coprophanaeus (Coprophanaeus) dardanus (MacLeay, 1819)",Coprophanaeus dardanus,Phanaeini,https://doi.org/10.1007/s10841-022-00412-4,,Pernambuco/Brazil,,,,,,,,,,,,,,,,,,,,,,,,,,,,,,,Large,,,,,,,,,,,,,,Necrophagous,,,,,,,,,,,Habitat gener,,,,,,,,,,,33.62,,,,,,,,,,,,,,,,,,,,,,,,0.0053,,,,,,,,,,,,,,,,,,,,
"Coprophanaeus (Coprophanaeus) dardanus (MacLeay, 1819)",Coprophanaeus dardanus,Phanaeini,https://doi.org/10.1649/0010-065X-73.3.693,"Brusque, Itapema, Porto Belo - Bombinhas",Santa Catarina/Brazil,,,,,,,,,,,,,,,,,,,,,,,,,,,,,,,Large,,,,,,,,,,,,,,Necrophagous,,,,,,,,,,,,,,,,,,,,,,36.017,,,,,,,,,,,,,,,,,,,,,,,,0.0089,,,,,,,,,,,,,,,,,,,,
"Coprophanaeus (Coprophanaeus) dardanus (MacLeay, 1819)",Coprophanaeus dardanus,Phanaeini,https://doi.org/10.1371/journal.pone.0201368,,Bahia/Brazil,,,,,,,,,,,,,,,,,,,,,,,,,,,,,,,,,,,,,,,,,,,,,,,,,,,,,,,,Forest specialist,,,,,,,,,,,34.279,,,,,,,,,,,,,,,,,,,,,,,,-0.0063,,,,,,,,,,,,,,,,,,,,
"Coprophanaeus (Coprophanaeus) dardanus (MacLeay, 1819)",Coprophanaeus dardanus,Phanaeini,https://doi.org/10.1002/ece3.9950,,Goiania/Brazil,,,,,,,,,,,,,,,,,,,,,,,,,,,,,,,,20.71,,,,,,,,,,,,Nocturnal,,,,,,,,,,1.13,,,,,,,,4.37,9.28,no,0.4,,33.508,,,,,,,,,,,,,,,,,,,,,,,,3.00E-04,,,,,,,,,,,,,,,,,,,,
"Coprophanaeus (Coprophanaeus) dardanus (MacLeay, 1819)",Coprophanaeus dardanus,Phanaeini,https://doi.org/10.1002/ecs2.2491,,Parana/Brazil,,,,,,,,,,,,,,,,,,,,0.668,,,,,0.14,,,,,,,,,,,,,,,,,,,,Generalist,,,,,,,,,,,,,,,,,,,,,,33.373,,,,,,,,,,,,,,,,,,,,,,,,0.0265,,,,,,,,,,,,,,,,,,,,
"Coprophanaeus (Coprophanaeus) dardanus (MacLeay, 1819)",Coprophanaeus dardanus,Phanaeini,https://doi.org/10.1111/ddi.12785,,Santa Catarina/Brazil,,,,,,,,,,,,,,,,,,,,0.623,,,,,,,,,,,,,,,,,,,,,,,,Diurnal/Nocturnal,Necrophagous,,,,,,,,,,,,,,,,,,,,,,,,,,,,,,,,,,,,,,Tunneler,,,,,,,,,,,,,,,,,,,,,,,,,,,,
"Coprophanaeus (Coprophanaeus) dardanus (MacLeay, 1819)",Coprophanaeus dardanus,Phanaeini,https://doi.org/10.1016/j.ecolind.2020.106534,,Bahia/Brazil,,,,,,,,,,,,,,,,,,,,,,,,,,,,,,,,18.26,,,,,,,,,,,,,Necrophagous,,,,,,,,,,,,,,,,,,,,,,,,,,,,,,15.662,,,,,,,,Tunneler,,,0.314,,,,,,2.841,,,,,25.434,,,,,,,,,,,,,,
"Coprophanaeus (Coprophanaeus) milon (Blanchard, 1845)",Coprophanaeus milon,Phanaeini,https://doi.org/10.1590/S0001-37652013005000033,,Rio Grande do Sul/Brazil,,,,,,,,,,,,,,,,,,,,,,,,,,,,,,,,,,,,,,,,,,,,,,,,,,,,,,,,,,,,,,,,,,,,,,,,,,,,,,,,,,,,,,,,,,,,,,,,,,,,,,,,,,,,,,,
"Coprophanaeus (Megaphanaeus) bellicosus (Olivier, 1789)",Coprophanaeus bellicosus,Phanaeini,https://doi.org/10.1016/j.biocon.2013.11.023,,Bahia/Brazil,,,,,,,,,,,,,,,,,,,,2.17035,,,,,,,,,,,,,,,,,,,,,,,,Nocturnal,Necrophagous,,,,,,,,,,,Forest gener,,,,,,,,,,,,,,,,,,,,,,,,,,,Tunneler,,,,,,,,,,,,,,,,,,,,,,,,,,,,
"Coprophanaeus (Megaphanaeus) bellicosus (Olivier, 1789)",Coprophanaeus bellicosus,Phanaeini,https://doi.org/10.1649/0010-065X-73.3.693,"Brusque, Sao Pedro de Alcantara",Santa Catarina/Brazil,,,,,,,,,,,,,,,,,,,,,,,,,,,,,,,Large,,,,,,,,,,,,,,Necrophagous,,,,,,,,,,,,,,,,,,,,,,,,,,,,,,,,,,,,,,Tunneler,,,,,,,,,,,,,,,,,,,,,,,,,,,,
"Coprophanaeus (Megaphanaeus) bellicosus (Olivier, 1789)",Coprophanaeus bellicosus,Phanaeini,https://doi.org/10.1002/ece3.9950,,Goiania/Brazil,,,,,,,,,,,,,,,,,,,,,,,,,,,,,,,,27.79,,,,,,,,,,,,Nocturnal,,,,,,,,,,1.82,,,,,,,,4.69,11.44,no,0,,,,,,,,,,,,,,,,,,Tunneler,,,,,,,,,,,,,,,,,,,,,,,,,,,,
"Coprophanaeus (Megaphanaeus) bellicosus (Olivier, 1789)",Coprophanaeus bellicosus,Phanaeini,https://doi.org/10.1002/ecs2.2491,,Parana/Brazil,,,,,,,,,,,,,,,,,,,,1.732,,,,,0.61,,,,,,,,,,,,,,,,,,,,Necrophagous,,,,,,,,,,,,,,,,,,,,,,,,,,,,,,,,,,,,,,Tunneler,,,,,,,,,,,,,,,,,,,,,,,,,,,,
"Coprophanaeus (Megaphanaeus) bellicosus (Olivier, 1789)",Coprophanaeus bellicosus,Phanaeini,https://doi.org/10.1016/j.ecolind.2020.106534,,Bahia/Brazil,,,,,,,,,,,,,,,,,,,,,,,,,,,,,,,,24.09,,,,,,,,,,,,,Necrophagous,,,,,,,,,,,,,,,,,,,,,,,,,,,,,,,,,,,,,rare,Tunneler,,intermediate,,,,,,,,,,,,,,,,,,,,,,,,,,
"Coprophanaeus (Megaphanaeus) bellicosus (Olivier, 1789)",Coprophanaeus bellicosus,Phanaeini,this study,,Sao Paulo/Brazil,,,,,,,,,,,,,,,,,,,,,0.5014,,,,,,,,,,Very large,,,,,,,,,,,,,Crepuscular,Necrophagous,,,,,,,,,,,,,,,,,,,,,,,,,,,,,,,,,,,,,,,,,,,,,,,,,,,,,,,,,,,,,,,,,,
"Coprophanaeus (Metallophanaeus) punctatus (d'Olsoufieff, 1924)",Coprophanaeus punctatus,Phanaeini,https://doi.org/10.1016/j.biocon.2013.11.023,,Bahia/Brazil,,,,,,,,,,,,,,,,,,,,0.40528,,,,,,,,,,,,,,,,,,,,,,,,,Necrophagous,,,,,,,,,,,Forest specialist,,,,,,,,,,5.72,,,,yes,yes,,,15.81,,,,,,8.8,11.38,,,,,,,,,,,,,,,,,,,,,,2939.41,,,,,8.91,,,
"Coprophanaeus (Metallophanaeus) saphirinus (St√ºrm, 1828)",Coprophanaeus saphirinus,Phanaeini,https://doi.org/10.1016/j.biocon.2023.109957,,Sao Paulo/Brazil,,,,,,,,,,,,,,,,,,,,,,,,,,,,,,,,,,,,,,,,,,,,,,,,,,,,,,,,Forest specialist,,,,,,,,,,,,,,,,,,,,,,,,,,,Tunneler,,,,,,,,,,,,,,,,,,,,,,,,,,,,
"Coprophanaeus (Metallophanaeus) saphirinus (St√ºrm, 1828)",Coprophanaeus saphirinus,Phanaeini,https://doi.org/10.1093/ee/nvx091,,Santa Catarina/Brazil,,,,,,,,,,,,,,,,,,,,0.856,,,,,0.228,,,,,,,17.6,,,2.2,,,,,,,,,,,,,,,,,,,,,,,,,,,,,,,,,,,,,,,,,,,,,,,,Tunneler,,,,,,,,,,,,,,,,,,,,,,,,,,,,
"Coprophanaeus (Metallophanaeus) saphirinus (St√ºrm, 1828)",Coprophanaeus saphirinus,Phanaeini,https://doi.org/10.1590/S0085-56262013000100008,,Santa Catarina/Brazil,,,,,,,,,,,,,,,,,,,,0.361,,,,,,,,,,,Large,,,,,,,,,,,,,,Generalist,,,,,,,,,,,,,,,,,,,,0.72,5.86,,,,,,,,,,,,,,,9.05,,Tunneler,,,,,,,,,,,,,,,,,,,,,,,,,,,,
"Coprophanaeus (Metallophanaeus) saphirinus (St√ºrm, 1828)",Coprophanaeus saphirinus,Phanaeini,https://doi.org/10.1038/s41598-020-70284-8,,Misiones Province/Argentina,-0.0117,,,,,,,,,,,,,,,,,,,0.253,,,,,,,,,,,,,,,,,,,,,,,,Diurnal,,,,,,,,8.211,,,,Forest specialist,,,,,,,,,,,,,,,,,,,,,,,,,,,Tunneler,,,,,,,,,,,,,,,,,,,,,,,,,,,,
"Coprophanaeus (Metallophanaeus) saphirinus (St√ºrm, 1828)",Coprophanaeus saphirinus,Phanaeini,https://doi.org/10.1038/s41598-020-70284-8,,Misiones Province/Argentina,-3.00E-04,,,,,,,,,,,,,,,,,,,0.254,,,,,,,,,,,,,,,,,,,,,,,,Diurnal,,,,,,,,7.096,,,,Forest specialist,,,,,,,,,,,,,,,,,,,,,,,,,,,,,,,,,,,,,,,,,,,,,,,,,,,,,,,
"Coprophanaeus (Metallophanaeus) saphirinus (St√ºrm, 1828)",Coprophanaeus saphirinus,Phanaeini,https://doi.org/10.1038/s41598-020-70284-8,,Misiones Province/Argentina,-0.0054,,,,,,,,,,,,,,,,,,,0.267,,,,,,,,,,,,,,,,,,,,,,,,Diurnal,,,,,,,,8.312,,,,Forest specialist,,,,,,,,,,,,,,,,,,,,,,,,,,,Tunneler,,,,,,,,,,,,,,,,,,,,,,,,,,,,
"Coprophanaeus (Metallophanaeus) saphirinus (St√ºrm, 1828)",Coprophanaeus saphirinus,Phanaeini,https://doi.org/10.1038/s41598-020-70284-8,,Misiones Province/Argentina,7.00E-04,,,,,,,,,,,,,,,,,,,0.273,,,,,,,,,,,,,,,,,,,,,,,,Diurnal,,,,,,,,7.803,,,,Forest specialist,,,,,,,,,,,,,,,,,,,,,,,,,,,,,,,,,,,,,,,,,,,,,,,,,,,,,,,
"Coprophanaeus (Metallophanaeus) saphirinus (St√ºrm, 1828)",Coprophanaeus saphirinus,Phanaeini,https://doi.org/10.1038/s41598-020-70284-8,,Misiones Province/Argentina,-0.0181,,,,,,,,,,,,,,,,,,,0.307,,,,,,,,,,,,,,,,,,,,,,,,Diurnal,,,,,,,,8.433,,,,Forest specialist,,,,,,,,,,,,,,,,,,,,,,,,,,,Tunneler,,,,,,,,,,,,,,,,,,,,,,,,,,,,
"Coprophanaeus (Metallophanaeus) saphirinus (St√ºrm, 1828)",Coprophanaeus saphirinus,Phanaeini,https://doi.org/10.1038/s41598-020-70284-8,,Misiones Province/Argentina,0.0029,,,,,,,,,,,,,,,,,,,0.356,,,,,,,,,,,,,,,,,,,,,,,,Diurnal,,,,,,,,5.225,,,,Forest specialist,,,,,,,,,,,,,,,,,,,,,,,,,,,Tunneler,,,,,,,,,,,,,,,,,,,,,,,,,,,,
"Coprophanaeus (Metallophanaeus) saphirinus (St√ºrm, 1828)",Coprophanaeus saphirinus,Phanaeini,https://doi.org/10.1038/s41598-020-70284-8,,Misiones Province/Argentina,-0.0181,,,,,,,,,,,,,,,,,,,0.372,,,,,,,,,,,,,,,,,,,,,,,,Diurnal,,,,,,,,8.472,,,,Forest specialist,,,,,,,,,,,,,,,,,,,,,,,,,,,Tunneler,,,,,,,,,,,,,,,,,,,,,,17.03268173,,,0.002641422,,,
"Coprophanaeus (Metallophanaeus) saphirinus (St√ºrm, 1828)",Coprophanaeus saphirinus,Phanaeini,https://doi.org/10.1038/s41598-020-70284-8,,Misiones Province/Argentina,-0.0069,,,,,,,,,,,,,,,,,,,0.38,,,,,,,,,,,,,,,,,,,,,,,,Diurnal,,,,,,,,6.067,,,,Forest specialist,,,,,,,,,,,33.542,,,,,,,,,,,,,,,,,,,,,,,,0.0034,,,,,,,,,,,,,,,,,,,,
"Coprophanaeus (Metallophanaeus) saphirinus (St√ºrm, 1828)",Coprophanaeus saphirinus,Phanaeini,https://doi.org/10.1038/s41598-020-70284-8,,Misiones Province/Argentina,-0.0094,,,,,,,,,,,,,,,,,,,0.387,,,,,,,,,,,,,,,,,,,,,,,,Diurnal,,,,,,,,6.79,,,,Forest specialist,,,,,,,,,,,30.527,,,,,,,,,,,,,,,,,,,,,,,,0.0013,,,,,,,,,,,,,,,,,,,,
"Coprophanaeus (Metallophanaeus) saphirinus (St√ºrm, 1828)",Coprophanaeus saphirinus,Phanaeini,https://doi.org/10.1038/s41598-020-70284-8,,Misiones Province/Argentina,0.007,,,,,,,,,,,,,,,,,,,0.422,,,,,,,,,,,,,,,,,,,,,,,,Diurnal,,,,,,,,8.427,,,,Forest specialist,,,,,,,,,,,34.905,,,,,,,,,,,,,,,,,,,,,,,,0.0035,,,,,,,,,,,,,,,,,,,,
"Coprophanaeus (Metallophanaeus) saphirinus (St√ºrm, 1828)",Coprophanaeus saphirinus,Phanaeini,https://doi.org/10.1038/s41598-020-70284-8,,Misiones Province/Argentina,-0.0141,,,,,,,,,,,,,,,,,,,0.44,,,,,,,,,,,,,,,,,,,,,,,,Diurnal,,,,,,,,6.713,,,,Forest specialist,,,,,,,,,,,30.652,,,,,,,,,,,,,,,,,,,,,,,,0.0204,,,,,,,,,,,,,,,,,,,,
"Coprophanaeus (Metallophanaeus) saphirinus (St√ºrm, 1828)",Coprophanaeus saphirinus,Phanaeini,https://doi.org/10.1038/s41598-020-70284-8,,Misiones Province/Argentina,0.0062,,,,,,,,,,,,,,,,,,,0.453,,,,,,,,,,,,,,,,,,,,,,,,Diurnal,,,,,,,,7.113,,,,Forest specialist,,,,,,,,,,,31.539,,,,,,,,,,,,,,,,,,,,,,,,0.0089,,,,,,,,,,,,,,,,,,,,
"Coprophanaeus (Metallophanaeus) saphirinus (St√ºrm, 1828)",Coprophanaeus saphirinus,Phanaeini,https://doi.org/10.1038/s41598-020-70284-8,,Misiones Province/Argentina,-0.0037,,,,,,,,,,,,,,,,,,,0.59,,,,,,,,,,,,,,,,,,,,,,,,Diurnal,,,,,,,,6.978,,,,Forest specialist,,,,,,,,,,,30.313,,,,,,,,,,,,,,,,,,,,,,,,0.0064,,,,,,,,,,,,,,,,,,,,
"Coprophanaeus (Metallophanaeus) saphirinus (St√ºrm, 1828)",Coprophanaeus saphirinus,Phanaeini,https://doi.org/10.1038/s41598-020-70284-8,,Misiones Province/Argentina,0.001,,,,,,,,,,,,,,,,,,,1.17,,,,,,,,,,,,,,,,,,,,,,,,Diurnal,,,,,,,,5.918,,,,Forest specialist,,,,,,,,,,,35.393,,,,,,,,,,,,,,,,,,,,,,,,-0.0067,,,,,,,,,,,,,,,,,,,,
"Coprophanaeus (Metallophanaeus) saphirinus (St√ºrm, 1828)",Canthon saphirinus,Phanaeini,https://doi.org/10.1016/j.apsoil.2020.103652,,Misiones Province/Argentina,,,,,,,,,,,,,,,,,,,2.32,,,0,0,0.69,,,,,,,,,,,,,,,,,,,,,,,,,,,,,,,,,,,,,,,,,,,29.104,,,,,,,,,,,,,,,,,,,,,,,,-0.0236,,,,,,,,,,,,,,,,,,,,
"Coprophanaeus (Metallophanaeus) saphirinus (St√ºrm, 1828)",Coprophanaeus saphirinus,Phanaeini,https://doi.org/10.1038/s41598-022-05616-x,,Misiones Province/Argentina,,,,10.004,,,,,5.483,,,,,4.475,,,,,,0.266,,,,,,195.219,,,,,,,,,,,,,,,,,,,,,,,,,,,,,,,22.1878,,,,,,,,,,32.466,,,,,,,,,,,,,,,,,,,,,,,,0.014,,,,,,,,,,,,,,,,,,,,
"Coprophanaeus (Metallophanaeus) saphirinus (St√ºrm, 1828)",Coprophanaeus saphirinus,Phanaeini,https://doi.org/10.1673/031.011.0113,,Sao Paulo/Brazil,,,,,,,,,,,,,,,,,,,,,,,,,,,,,,,,18.01,,,1.652,,,,,,23.22,2.266,,Diurnal,,,,,,,,,,,,,,,,,,,,,,,31.033,,,,,,,,,,,,,,,,,,,,,,,,-0.0015,,,,,,,,,,,,,,,,,,,,
"Coprophanaeus (Metallophanaeus) saphirinus (St√ºrm, 1828)",Coprophanaeus saphirinus,Phanaeini,https://doi.org/10.1649/0010-065X-73.3.693,"Anitapolis, Antonio Carlos, Brusque, Campos Novos, Florianopolis - Desterro, Florianopolis - Lagoa do Peri, Goverbador Celso Ramos, I√ßara, Ipumirim, Itapema, Itapiranga, Monte Castelo, Nova Veneza, Porto Belo - Bombinhas, Santo Amaro da Imperatriz, Sao Bonifacio, Sao Domingos, Sao Pedro de Alcantara, Sao Miguel do Oeste, Urubici",Santa Catarina/Brazil,,,,,,,,,,,,,,,,,,,,,,,,,,,,,,,Large,,,,,,,,,,,,,,Generalist/Necrophagous,,,,,,,,,,,,,,,,,,,,,,34.682,,,,,,,,,,,,,,,,,,,,,,,,6.00E-05,,,,,,,,,,,,,,,,,,,,
"Coprophanaeus (Metallophanaeus) saphirinus (St√ºrm, 1828)",Coprophanaeus saphirinus,Phanaeini,https://doi.org/10.1111/btp.12418,,Sao Paulo/Brazil,,,,,,,,,,,,,,,,,,,,,,,,,,,,,,,,15.8,,,0,,,,,,,,,,,,,,,,,,,,,,,,,,,,,,,,30.377,,,,,,,,,,,,,,,,,,,,,,,,0.0118,,,,,,,,,,,,,,,,,,,,
"Coprophanaeus (Metallophanaeus) saphirinus (St√ºrm, 1828)",Coprophanaeus saphirinus,Phanaeini,https://doi.org/10.1002/ece3.9950,,Goiania/Brazil,,,,,,,,,,,,,,,,,,,,,,,,,,,,,,,,15.42,,,,,,,,,,,,Nocturnal,,,,,,,,,,0.61,,,,,,,,3.04,6.16,no,0.24,,31.292,,,,,,,,,,,,,,,,,,,,,,,,-0.0017,,,,,,,,,,,,,,,,,,,,
"Coprophanaeus (Metallophanaeus) saphirinus (St√ºrm, 1828)",Coprophanaeus saphirinus,Phanaeini,https://doi.org/10.1002/ecs2.2491,,Parana/Brazil,,,,,,,,,,,,,,,,,,,,0.343,,,,,0.11,,,,,,,,,,,,,,,,,,,,Necrophagous,,,,,,,,,,,,,,,,,,,,,,30.647,,,,,,,,,,,,,,,,,,,,,,,,4.00E-04,,,,,,,,,,,,,,,,,,,,
"Coprophanaeus (Metallophanaeus) saphirinus (St√ºrm, 1828)",Coprophanaeus saphirinus,Phanaeini,https://doi.org/10.1371/journal.pone.0244783,,Santa Catarina/Brazil,,0.2,,,,,,,,,,,,,,,,,,0.342,,,,,,,,,,,,,,,,,,,,,,,,Diurnal,Coprophagous,,,,,,,,0.3,,8.7,,,,,,,,,,,,,,,,,,,,11.717,,,,,,,,Tunneler,,,0.335,,,,,,1.899,,,,,20.475,,,,,,,,,,,,,,
"Coprophanaeus (Metallophanaeus) saphirinus (St√ºrm, 1828)",Coprophanaeus saphirinus,Phanaeini,https://doi.org/10.1590/S0073-47212012000200012,,Rio Grande do Sul/Brazil,,,,,,,,,,,,,,,,,,,,,,,,,,,,,,,,,,,,,,,,,,,,,Generalist,,,,,,,,,,,,,,,,,,,,,,,,,,,,,,,,,,,,,,,,,,,,,,,,,,,,,,,,,,,,,,,,,,
"Coprophanaeus (Metallophanaeus) saphirinus (St√ºrm, 1828)",Coprophanaeus saphirinus,Phanaeini,https://doi.org/10.1371/journal.pone.0126112,,Santa Catarina/Brazil,,,Immature,,,,,,,,,,,,,,,,,,,,,,,,,,,,Large,,,,,,,,,,,,,Diurnal,,NESW,852.74,,,,,,,,,,,,,,,,,,,,,,,,,,,,,,,,,,,common,Tunneler,Female,large,,,,,,,,,,,,,,,,,,,,,,,,,,
"Coprophanaeus (Metallophanaeus) saphirinus (St√ºrm, 1828)",Coprophanaeus saphirinus,Phanaeini,https://doi.org/10.1371/journal.pone.0126112,,Santa Catarina/Brazil,,,Young-mature,,,,,,,,,,,,,,,,,,,,,,,,,,,,Large,,,,,,,,,,,,,Diurnal,,SWNE,807.98,,,,,,,,,,,,,,,,,,,,,,,,,0,0.19,,,,,,,,,,Tunneler,Male,,,,,,,,,,,,,,,,,,,,,,,,,,,
"Coprophanaeus (Metallophanaeus) saphirinus (St√ºrm, 1828)",Coprophanaeus saphirinus,Phanaeini,https://doi.org/10.1371/journal.pone.0126112,,Santa Catarina/Brazil,,,Young-mature,,,,,,,,,,,,,,,,,,,,,,,,,,,,Large,,,,,,,,,,,,,Diurnal,,NESW,162.66,,,,,,,,,,,,,,,,,,,4.35,,,,yes,yes,,,11.28,,,,,,7.23,5.57,,,Female,,,,,,,,,,,,,,,,,,,1312.14,,,,,6.7,,,
"Coprophanaeus (Metallophanaeus) saphirinus (St√ºrm, 1828)",Coprophanaeus saphirinus,Phanaeini,https://doi.org/10.1590/S0001-37652013005000033,,Rio Grande do Sul/Brazil,,,,,,,,,,,,,,,,,,,,,,,,,,,,,,,,,,,,,,,,,,,,,,,,,,,,,,,,,,,,,,,,,,,,,,,,,,,,,,,,,,,Tunneler,,,,,,,,,,,,,,,,,,,,,,,,,,,,
"Coprophanaeus (Metallophanaeus) saphirinus (St√ºrm, 1828)",Coprophanaeus saphirinus,Phanaeini,https://doi.org/10.1111/ddi.12785,,Santa Catarina/Brazil,,,,,,,,,,,,,,,,,,,,0.336,,,,,,,,,,,,,,,,,,,,,,,,Diurnal,Necrophagous,,,,,,,,,,,,,,,,,,,,,,,,5.4,,,,,,,,,,,,,,Tunneler,,,,,,,,,,,,,,,,,,,,,,,,,,,2.5,
"Coprophanaeus (Metallophanaeus) saphirinus (St√ºrm, 1828)",Coprophanaeus saphirinus,Phanaeini,https://doi.org/10.1111/aec.12675,,Santa Catarina/Brazil,,,,,,,,,,,,,,,,,,,,,,,,,,,,,,,Large,,,,,,,,,,,,,Diurnal,,,,,,,,,,,,,,,,,,,,,,,,,,,,,,,,,,,,,,,Tunneler,,,,,,,,,,,,,,,,,,,,,,,,,,,,
"Coprophanaeus (Metallophanaeus) saphirinus (St√ºrm, 1828)",Coprophanaeus saphirinus,Phanaeini,this study,,Sao Paulo/Brazil,,,,,,,,,,,,,,,,,,,,,0.28336,,,,,,,,,,Large,,,,,,,,,,,,,Crepuscular,Necrophagous,,,,,,,,,,,,,,,,,,,,,,,38.761,,,,,,,,,,,,,,,Tunneler,,,,,,,,,,,,,,,,,,,Down,,,,,,,,,
"Deltochilum (Aganhyboma) icaroides Balthasar, 1939",Deltochilum icaroides,Deltochilini,https://doi.org/10.1016/j.apsoil.2020.103652,,Misiones Province/Argentina,,,,,,,,,,,,,,,,,,,0,,,0,0,0.45,,,,,,,,,,,,,,,,,,,,,,,,,,,,,,,,,,,,,,,,,,,,57.713,,,,,,,,,,,,,,,Tunneler,,,,,,,,,,,,,,,,,,,Up,,,,,,,,,
Deltochilum (Aganhyboma) sp.1,,Deltochilini,https://doi.org/10.1649/0010-065X-73.3.693,Florianopolis - Desterro,Santa Catarina/Brazil,,,,,,,,,,,,,,,,,,,,,,,,,,,,,,,Medium,,,,,,,,,,,,,,,,,,,,,,,,,,,,,,,,,,,,,11.619,,,,,,,,,,,,,,,Tunneler,,,,,,,,,,,,,,,,,,,Down,,,,,,,,,
"Deltochilum (Deltohyboma) calcaratum Bates, 1870",Deltochilum calcaratum,Deltochilini,https://doi.org/10.1007/s10841-022-00412-4,,Pernambuco/Brazil,,,,,,,,,,,,,,,,,,,,,,,,,,,,,,,Large,,,,,,,,,,,,,,Necrophagous,,,,,,,,,,,Forest specialist,,,,,,,,,,,,,,,,,,,,,,,,,,,Tunneler,,,,,,,,,,,,,,,,,,,,,,,,,,,,
"Deltochilum (Deltohyboma) calcaratum Bates, 1870",Deltochilum calcaratum,Deltochilini,https://doi.org/10.1371/journal.pone.0201368,,Bahia/Brazil,,,,,,,,,,,,,,,,,,,,,,,,,,,,,,,,,,,,,,,,,,,,,,,,,,,,,,,,Forest specialist,,,,,,,,,,,,,,,,,,,,,,,,,,,Tunneler,,,,,,,,,,,,,,,,,,,,,,,,,,,,
"Deltochilum (Deltohyboma) cristatum Paulian, 1938",Deltochilum cristatum,Deltochilini,https://doi.org/10.1590/S0085-56262013000100008,,Santa Catarina/Brazil,,,,,,,,,,,,,,,,,,,,0.058,,,,,,,,,,,Medium,,,,,,,,,,,,,,Generalist,,,,,,,,,,,,,,,,,,,,0.49,,,,,,,,,,,,,,,,,,Tunneler,,,,,,,,,,,,,,,,,,,,,,,,,,,,
"Deltochilum (Deltohyboma) cristatum Paulian, 1938",Deltochilum cristatum,Deltochilini,https://doi.org/10.1649/0010-065X-73.3.693,Campos Novos,Santa Catarina/Brazil,,,,,,,,,,,,,,,,,,,,,,,,,,,,,,,Medium,,,,,,,,,,,,,,Necrophagous,,,,,,,,,,,,,,,,,,,,,,,,,,,,,,,,,,,,,,Roller,,,,,,,,,,,,,,,,,,,,,,,,,,,,
"Deltochilum (Deltohyboma) dentipes Eschscholtz, 1822",Deltochilum dentipes,Deltochilini,https://doi.org/10.1007/s42690-021-00680-8,,Rio de Janeiro/Brazil,,,,,,,,,,,,,,,,,,,,,,,,,,,,,,,,,,,,,,,,,,,,,,,,,,,,,,,,,,,,,,,,,,,,,,,,,,,,,,,,,,,Roller,,,,,,,,,,,,,,,,,,,,,,,,,,,,
"Deltochilum (Deltohyboma) dentipes Eschscholtz, 1822",Deltochilum dentipes,Deltochilini,https://doi.org/10.1016/j.biocon.2023.109957,,Sao Paulo/Brazil,,,,,,,,,,,,,,,,,,,,,,,,,,,,,,,,,,,,,,,,,,,,,,,,,,,,,,,,Forest specialist,,,,,,,,,,,,,,,,,,,,,,,,,,rare,Roller,,narrow,,,,,,,,,,,,,,,,,,,,,,,,,,
"Deltochilum (Deltohyboma) dentipes Eschscholtz, 1822",Deltochilum dentipes,Deltochilini,https://doi.org/10.1371/journal.pone.0244783,,Santa Catarina/Brazil,,0.5,,,,,,,,,,,,,,,,,,0.654,,,,,,,,,,,,,,,,,,,,,,,,Nocturnal,Coprophagous,,,,,,,,0.2,,15.9,,,,,,,,,,,,,,,,,,,,,,,,,,,,Roller,,,,,,,,,,,,,,,,,,,,,,,,,,,,
"Deltochilum (Deltohyboma) dentipes Eschscholtz, 1822",Deltochilum dentipes,Deltochilini,this study,Bragan≈£a Paulista,Sao Paulo/Brazil,,,,,,,,,,,,,,,,,,,,,0.8565,,,,,,,,,,Very large,,,,,,,,,,,,DM208,Nocturnal,Coprophagous,,,,,,,,,,,,,,,,,,,,,6.1,,,,,,,,,,,,,,,1.81,,Roller,,,,,,,,,,,,,,,,,,,,,,,,,,,,
"Deltochilum (Deltohyboma) irroratum (Castelnau, 1840)",Deltochilum irroratum,Deltochilini,https://doi.org/10.1007/s10841-022-00412-4,,Pernambuco/Brazil,,,,,,,,,,,,,,,,,,,,,,,,,,,,,,,Large,,,,,,,,,,,,,,Necrophagous,,,,,,,,,,,Habitat gener,,,,,,,,,,,,,,,,,,,,,,,,,,,,,,,,,,,,,,,,,,,,,,,,,,,,,,,
"Deltochilum (Deltohyboma) komareki Balthasar, 1939",Deltochilum komareki,Deltochilini,https://doi.org/10.1016/j.apsoil.2020.103652,,Misiones Province/Argentina,,,,,,,,,,,,,,,,,,,1.32,,,0,0.79,8.82,,,,,,,,,,,,,,,,,,,,,,,,,,,,,,,,,,,,,,,,,,,,,,,,,,,,,,,,,,,Roller,,,,,,,,,,,,,,,,,,,,,,,,,,,,
"Deltochilum (Deltohyboma) morbillosum Burmeister, 1848",Deltochilum morbillosum,Deltochilini,https://doi.org/10.1016/j.biocon.2023.109957,,Sao Paulo/Brazil,,,,,,,,,,,,,,,,,,,,,,,,,,,,,,,,,,,,,,,,,,,,,,,,,,,,,,,,Forest gener,,,,,,,,,,,29.001,,,,,,,,,,,,,,,,,,,,,,,,-0.0057,,,,,,,,,,,,,,,,,,,,
"Deltochilum (Deltohyboma) morbillosum Burmeister, 1848",Deltochilum morbillosum,Deltochilini,https://doi.org/10.1093/ee/nvx091,,Santa Catarina/Brazil,,,,,,,,,,,,,,,,,,,,0.208,,,,,0.034,,,,,,,9.6,,,0.7,,,,,,,,,,,,,,,,,,,,,,,,,,,,,,,,29.885,,,,,,,,,,,,,,,,,,,,,,,,-1.00E-04,,,,,,,,,,,,,,,,,,,,
"Deltochilum (Deltohyboma) morbillosum Burmeister, 1848",Deltochilum morbillosum,Deltochilini,https://doi.org/10.1038/s41598-020-70284-8,,Misiones Province/Argentina,-0.0019,,,,,,,,,,,,,,,,,,,0.206,,,,,,,,,,,,,,,,,,,,,,,,Evening/Nocturnal/Crepuscular,,,,,,,,2.801,,,,Forest specialist,,,,,,,,,,,29.112,,,,,,,,,,,,,,,,,,,,,,,,9.00E-04,,,,,,,,,,,,,,,,,,,,
"Deltochilum (Deltohyboma) morbillosum Burmeister, 1848",Deltochilum morbillosum,Deltochilini,https://doi.org/10.1038/s41598-020-70284-8,,Misiones Province/Argentina,-0.0011,,,,,,,,,,,,,,,,,,,0.209,,,,,,,,,,,,,,,,,,,,,,,,Evening/Nocturnal/Crepuscular,,,,,,,,3.413,,,,Forest specialist,,,,,,,,,,,28.08,,,,,,,,,,,,,,,,,,,,,,,,0.0166,,,,,,,,,,,,,,,,,,,,
"Deltochilum (Deltohyboma) morbillosum Burmeister, 1848",Deltochilum morbillosum,Deltochilini,https://doi.org/10.1038/s41598-020-70284-8,,Misiones Province/Argentina,3.00E-04,,,,,,,,,,,,,,,,,,,0.222,,,,,,,,,,,,,,,,,,,,,,,,Evening/Nocturnal/Crepuscular,,,,,,,,2.169,,,,Forest specialist,,,,,,,,,,,28.006,,,,,,,,,,,,,,,,,,,,,,,,-0.0014,,,,,,,,,,,,,,,,,,,,
"Deltochilum (Deltohyboma) morbillosum Burmeister, 1848",Deltochilum morbillosum,Deltochilini,https://doi.org/10.1038/s41598-020-70284-8,,Misiones Province/Argentina,-0.0012,,,,,,,,,,,,,,,,,,,0.223,,,,,,,,,,,,,,,,,,,,,,,,Evening/Nocturnal/Crepuscular,,,,,,,,2.367,,,,Forest specialist,,,,,,,,,,,,,,,,,,,6.141,,,,,,,,Roller,,,0.325,,,,,,0.551,,,,,13.909,,,,,,,,,,,,,,
"Deltochilum (Deltohyboma) morbillosum Burmeister, 1848",Deltochilum morbillosum,Deltochilini,https://doi.org/10.1038/s41598-020-70284-8,,Misiones Province/Argentina,-0.0017,,,,,,,,,,,,,,,,,,,0.235,,,,,,,,,,,,,,,,,,,,,,,,Evening/Nocturnal/Crepuscular,,,,,,,,3.025,,,,Forest specialist,,,,,,,,,,,,,,,,,,,,,,,,,,,Roller,,,,,,,,,,,,,,,,,,,,,,,,,,,,
"Deltochilum (Deltohyboma) morbillosum Burmeister, 1848",Deltochilum morbillosum,Deltochilini,https://doi.org/10.1038/s41598-020-70284-8,,Misiones Province/Argentina,0.0021,,,,,,,,,,,,,,,,,,,0.271,,,,,,,,,,,,,,,,,,,,,,,,Evening/Nocturnal/Crepuscular,,,,,,,,2.433,,,,Forest specialist,,,,,,,,,,,,,,,,,,,,,,,,,,,,,,,,,,,,,,,,,,,,,,,,,,,,,,,
"Deltochilum (Deltohyboma) morbillosum Burmeister, 1848",Deltochilum morbillosum,Deltochilini,https://doi.org/10.1673/031.011.0113,,Sao Paulo/Brazil,,,,,,,,,,,,,,,,,,,,,,,,,,,,,,,,11.26,,,0.726,,,,,,14.56,0.66,,Nocturnal,,,,,,,,,,,,,,,,,,,,,,,,,,,,,,,,,,,,,,rare,Roller,,narrow,,,,,,,,,,,,,,,,,,,,,,,,,,
"Deltochilum (Deltohyboma) morbillosum Burmeister, 1848",Deltochilum morbillosum,Deltochilini,https://doi.org/10.1649/0010-065X-73.3.693,"All sampling sites except Itapemag, Urubici",Santa Catarina/Brazil,,,,,,,,,,,,,,,,,,,,,,,,,,,,,,,Medium,,,,,,,,,,,,,Diurnal/Nocturnal,Necrophagous,,,,,,,,,,,,,,,,,,,,,,,,,,,,,,,,,,,,,,Roller,,,,,,,,,,,,,,,,,,,,,,,,,,,,
"Deltochilum (Deltohyboma) morbillosum Burmeister, 1848",Deltochilum morbillosum,Deltochilini,https://doi.org/10.1002/ece3.9950,,Goiania/Brazil,,,,,,,,,,,,,,,,,,,,,,,,,,,,,,,,11.05,,,,,,,,,,,,Nocturnal,,,,,,,,,,0.09,,,,,,,,1.85,3.83,yes,0.1,,,,,,,,,,,,,,,,,,,,,,,,,,,,,,,,,,,,,,,,,,,,,,
"Deltochilum (Deltohyboma) morbillosum Burmeister, 1848",Deltochilum morbillosum,Deltochilini,https://doi.org/10.1002/ecs2.2491,,Parana/Brazil,,,,,,,,,,,,,,,,,,,,0.091,,,,,0.043,,,,,,,,,,,,,,,,,,,,Generalist,,,,,,,,,,,,,,,,,,,,,,,,,,,,,,,,,,,,,,Roller,,,,,,,,,,,,,,,,,,,,,,,,,,,,
"Deltochilum (Deltohyboma) morbillosum Burmeister, 1848",Deltochilum morbillosum,Deltochilini,https://doi.org/10.1371/journal.pone.0244783,,Santa Catarina/Brazil,,0.3,,,,,,,,,,,,,,,,,,0.078,,,,,,,,,,,,,,,,,,,,,,,,Nocturnal,Necrophagous,,,,,,,,0.2,,6.2,,,,,,,,,,,,,,,,,,,,,,,,,,,,Roller,,,,,,,,,,,,,,,,,,,,,270.665,14.01302494,14.06557101,30.793,0.001346572,0.001624897,,11.492
"Deltochilum (Deltohyboma) morbillosum Burmeister, 1848",Deltochilum morbillosum,Deltochilini,https://doi.org/10.1590/S0073-47212012000200012,,Rio Grande do Sul/Brazil,,,,,,,,,,,,,,,,,,,,,,,,,,,,,,,,,,,,,,,,,,,,,Necrophagous,,,,,,,,,,,,,,,,,,,,,,,,,,,,,,,,,,,,,,Roller,,,,,,,,,,,,,,,,,,,,,265.639,14.61677443,14.06557101,31.156,0.00137205,0.001624897,,11.074
"Deltochilum (Deltohyboma) morbillosum Burmeister, 1848",Deltochilum morbillosum,Deltochilini,https://doi.org/10.1371/journal.pone.0126112,,Santa Catarina/Brazil,,,Immature,,,,,,,,,,,,,,,,,,,,,,,,,,,,Small,,,,,,,,,,,,,Diurnal/Nocturnal,,SWNE,136.73,,,,,,,,,,,,,,,,,,,,,,,,,,,,,,,,,,,,Roller,Female,,,,,,,,,,,,,,,,,,,,255.183,13.63749178,14.06557101,29.496,0.001428269,0.001624897,,11.433
"Deltochilum (Deltohyboma) morbillosum Burmeister, 1848",Deltochilum morbillosum,Deltochilini,https://doi.org/10.1371/journal.pone.0126112,,Santa Catarina/Brazil,,,Immature,,,,,,,,,,,,,,,,,,,,,,,,,,,,Small,,,,,,,,,,,,,Diurnal/Nocturnal,,SWNE,97.22,,,,,,,,,,,,,,,,,,,,,,,,,,,,,,,,,,,,Roller,Male,,,,,,,,,,,,,,,,,,,,248.174,13.80481043,14.06557101,29.266,0.001468607,0.001624897,,10.968
"Deltochilum (Deltohyboma) morbillosum Burmeister, 1848",Deltochilum morbillosum,Deltochilini,https://doi.org/10.1371/journal.pone.0126112,,Santa Catarina/Brazil,,,Young-mature,,,,,,,,,,,,,,,,,,,,,,,,,,,,Small,,,,,,,,,,,,,Diurnal/Nocturnal,,SWNE,358.43,,,,,,,,,,,,,,,,,,,,,,,,,,,,,,,,,,,,Roller,Male,,,,,,,,,,,,,,,,,,,,240.657,13.95816354,14.06557101,28.979,0.001514479,0.001624897,,10.998
"Deltochilum (Deltohyboma) morbillosum Burmeister, 1848",Deltochilum morbillosum,Deltochilini,https://doi.org/10.1371/journal.pone.0126112,,Santa Catarina/Brazil,,,Young-mature,,,,,,,,,,,,,,,,,,,,,,,,,,,,Small,,,,,,,,,,,,,Diurnal/Nocturnal,,NESW,237.12,,,,,,,,,,,,,,,,,,,,,,,,,,,,,,,,,,,,Roller,Female,,,,,,,,,,,,,,,,,,,,218.521,14.01271684,14.06557101,27.668,0.001667895,0.001624897,,10.222
"Deltochilum (Deltohyboma) morbillosum Burmeister, 1848",Deltochilum morbillosum,Deltochilini,https://doi.org/10.1371/journal.pone.0126112,,Santa Catarina/Brazil,,,Young-mature,,,,,,,,,,,,,,,,,,,,,,,,,,,,Small,,,,,,,,,,,,,Diurnal/Nocturnal,,SWNE,101.84,,,,,,,,,,,,,,,,,,,,,,,,,,,,,,,,,,,,Roller,Female,,,,,,,,,,,,,,,,,,,,217.125,13.5776885,14.06557101,27.148,0.001678618,0.001624897,,10.205
"Deltochilum (Deltohyboma) morbillosum Burmeister, 1848",Deltochilum morbillosum,Deltochilini,https://doi.org/10.1371/journal.pone.0126112,,Santa Catarina/Brazil,,,Young-mature,,,,,,,,,,,,,,,,,,,,,,,,,,,,Small,,,,,,,,,,,,,Diurnal/Nocturnal,,NWSE,237.12,,,,,,,,,,,,,,,,,,,,,,,,,,,,,,,,,,,,Roller,Female,,,,,,,,,,,,,,,,,,,,212.181,13.86030276,14.06557101,27.115,0.001717732,0.001624897,,10.126
"Deltochilum (Deltohyboma) morbillosum Burmeister, 1848",Deltochilum morbillosum,Deltochilini,https://doi.org/10.1371/journal.pone.0126112,,Santa Catarina/Brazil,,,Immature,,,,,,,,,,,,,,,,,,,,,,,,,,,,Small,,,,,,,,,,,,,Diurnal/Nocturnal,,,0,,,,,,,,,,,,,,,,,,,,,,,,,,,,,,,,,,,,Roller,Female,,,,,,,,,,,,,,,,,,,,202.445,14.30166645,14.06557101,26.904,0.001800341,0.001624897,,9.758
"Deltochilum (Deltohyboma) morbillosum Burmeister, 1848",Deltochilum morbillosum,Deltochilini,https://doi.org/10.1371/journal.pone.0126112,,Santa Catarina/Brazil,,,Young-mature,,,,,,,,,,,,,,,,,,,,,,,,,,,,Small,,,,,,,,,,,,,Diurnal/Nocturnal,,,0,,,,,,,,,,,,,,,,,,,,,,,,,,,,,,,,,,,,Roller,Female,,,,,,,,,,,,,,,,,,,,161.67,14.87307043,14.06557101,24.518,0.002254407,0.001624897,,8.742
"Deltochilum (Deltohyboma) morbillosum Burmeister, 1848",Deltochilum morbillosum,Deltochilini,https://doi.org/10.1371/journal.pone.0126112,,Santa Catarina/Brazil,,,Immature,,,,,,,,,,,,,,,,,,,,,,,,,,,,Small,,,,,,,,,,,,,Diurnal/Nocturnal,,,0,,,,,,,,,,,,,,,,,,,,28.401,,,,,,,,,,,,,,,,,Female,,,,,,,-2.00E-04,,,,,,,,,,,,,,,,,,,,
"Deltochilum (Deltohyboma) morbillosum Burmeister, 1848",Deltochilum morbillosum,Deltochilini,https://doi.org/10.1590/S0001-37652013005000033,,Rio Grande do Sul/Brazil,,,,,,,,,,,,,,,,,,,,,,,,,,,,,,,,,,,,,,,,,,,,,,,,,,,,,,,,,,,,,,,,,,,29.668,,,,,,,,,,,,,,,,,,,,,,,,0.0015,,,,,,,,,,,,,,,,,,,,
"Deltochilum (Deltohyboma) morbillosum Burmeister, 1848",Deltochilum morbillosum,Deltochilini,https://doi.org/10.1111/ddi.12785,,Santa Catarina/Brazil,,,,,,,,,,,,,,,,,,,,0.074,,,,,,,,,,,,,,,,,,,,,,,,Diurnal/Nocturnal,Necrophagous,,,,,,,,,,,,,,,,,,,,,,31.343,,,,,,,,,,,,,,,,,,,,,,,,0.003,,,,,,,,,,,,,,,,,,,,
"Deltochilum (Deltohyboma) morbillosum Burmeister, 1848",Deltochilum morbillosum,Deltochilini,this study,Atibaia,Sao Paulo/Brazil,,,,,,,,,,,,,,,,,,,,,0.11159,,,,,,,,,,Medium,,,,,,,,,,,,DM215,Nocturnal,Necrophagous,,,,,,,,,,,,,,,,,,,,,,31.274,,,,,,,,,,,,,,,,,,,,,,,,-7.00E-05,,,,,,,,,,,,,,,,,,,,
"Deltochilum (Deltohyboma) morbillosum Burmeister, 1848",Deltochilum morbillosum,Deltochilini,this study,Atibaia,Sao Paulo/Brazil,,,,,,,,,,,,,,,,,,,,,0.11159,,,,,,,,,,Medium,,,,,,,,,,,,DM213,Nocturnal,Necrophagous,,,,,,,,,,,,,,,,,,,,,,31.386,,,,,,,,,,,,,,,,,,,,,,,,-0.0011,,,,,,,,,,,,,,,,,,,,
"Deltochilum (Deltohyboma) morbillosum Burmeister, 1848",Deltochilum morbillosum,Deltochilini,this study,Atibaia,Sao Paulo/Brazil,,,,,,,,,,,,,,,,,,,,,0.11159,,,,,,,,,,Medium,,,,,,,,,,,,DM212,Nocturnal,Necrophagous,,,,,,,,,,,,,,,,,,,,,,32.271,,,,,,,,,,,,,,,,,,,,,,,,-0.0125,,,,,,,,,,,,,,,,,,,,
"Deltochilum (Deltohyboma) morbillosum Burmeister, 1848",Deltochilum morbillosum,Deltochilini,this study,Atibaia,Sao Paulo/Brazil,,,,,,,,,,,,,,,,,,,,,0.11159,,,,,,,,,,Medium,,,,,,,,,,,,DM218,Nocturnal,Necrophagous,,,,,,,,,,,,,,,,,,,,,,31.357,,,,,,,,,,,,,,,,,,,,,,,,-1.00E-04,,,,,,,,,,,,,,,,,,,,
"Deltochilum (Deltohyboma) morbillosum Burmeister, 1848",Deltochilum morbillosum,Deltochilini,this study,Atibaia,Sao Paulo/Brazil,,,,,,,,,,,,,,,,,,,,,0.11159,,,,,,,,,,Medium,,,,,,,,,,,,DM217,Nocturnal,Necrophagous,,,,,,,,,,,,,,,,,,,,,,29.742,,,,,,,,,,,,,,,,,,,,,,,,-0.012,,,,,,,,,,,,,,,,,,,,
"Deltochilum (Deltohyboma) morbillosum Burmeister, 1848",Deltochilum morbillosum,Deltochilini,this study,Atibaia,Sao Paulo/Brazil,,,,,,,,,,,,,,,,,,,,,0.11159,,,,,,,,,,Medium,,,,,,,,,,,,DM216,Nocturnal,Necrophagous,,,,,,,,,,,,,,,,,,,,,,,,,,,,,,12.132,,,,,,,,Roller,,,0.288,,,,,,1.187,,,,,25.304,,,,,,,,,,,,,,
"Deltochilum (Deltohyboma) morbillosum Burmeister, 1848",Deltochilum morbillosum,Deltochilini,this study,Atibaia,Sao Paulo/Brazil,,,,,,,,,,,,,,,,,,,,,0.11159,,,,,,,,,,Medium,,,,,,,,,,,,DM210,Nocturnal,Necrophagous,,,,,,,,,,,,,,,,,,,,,,,,,,,,,,,,,,,,,,,,,,,,,,,,,,,,,,,,,,,,,,,,,,
"Deltochilum (Deltohyboma) morbillosum Burmeister, 1848",Deltochilum morbillosum,Deltochilini,this study,Atibaia,Sao Paulo/Brazil,,,,,,,,,,,,,,,,,,,,,0.11159,,,,,,,,,,Medium,,,,,,,,,,,,DM214,Nocturnal,Necrophagous,,,,,,,,,,,,,,,,,,,,,,,,,,,,,,,,,,,,,common,Roller,,large,,,,,,,,,,,,,,,,,,,,,,,,,,
"Deltochilum (Deltohyboma) morbillosum Burmeister, 1848",Deltochilum morbillosum,Deltochilini,this study,Atibaia,Sao Paulo/Brazil,,,,,,,,,,,,,,,,,,,,,0.11159,,,,,,,,,,Medium,,,,,,,,,,,,DM209,Nocturnal,Necrophagous,,,,,,,,,,,,,,,,,,,,,,,,,,,,,,,,,,,,,,,,,,,,,,,,,,,,,,,,,,,,,,,,,,
"Deltochilum (Deltohyboma) morbillosum Burmeister, 1848",Deltochilum morbillosum,Deltochilini,this study,Atibaia,Sao Paulo/Brazil,,,,,,,,,,,,,,,,,,,,,0.11159,,,,,,,,,,Medium,,,,,,,,,,,,DM211,Nocturnal,Necrophagous,,,,,,,,,,,,,,,,,,,,,,,,,,,0.1,0,,,,,,,,,,Roller,,,,,,,,,,,,,,,,,,,,,,,,,,,,
"Deltochilum (Deltohyboma) multicolor Balthasar, 1939",Deltochilum multicolor,Deltochilini,https://doi.org/10.1093/ee/nvx091,,Santa Catarina/Brazil,,,,,,,,,,,,,,,,,,,,0.469,,,,,0.067,,,,,,,13.7,,,1.1,,,,,,,,,,,,,,,,,,,,,,,,,,,,,,,12.25,,,,yes,yes,,,12.99,,,,,,6.39,6.29,,,,,,,,,,,,,,,,,,,,,,1821.8,,,,,11.08,,,
"Deltochilum (Deltohyboma) multicolor Balthasar, 1939",Deltochilum multicolor,Deltochilini,https://doi.org/10.1590/18069657rbcs20160248,,Santa Catarina/Brazil,,,,,,,,,,,,,,,,,,,,0.227,,,,,,,,,,,,16.3,,,,,,,,,,,,,Necrophagous,,,,,,,,,,,,,,,,,,,,,,,,,,,,,,,,,,,,,,Roller,,,,,,,,,,,,,,,,,,,,,,,,,,,,
"Deltochilum (Deltohyboma) multicolor Balthasar, 1939",Deltochilum multicolor,Deltochilini,https://doi.org/10.1649/0010-065X-73.3.693,"Brusque, Sao Pedro de Alcantara, Santo Amaro da Imperatriz, Sao Bonifacio, Anitapolis, Nova Veneza, Itapema, Porto Belo - Bombinhas, Governador Celso Ramos, Florianopolis - Desterro, Florianopolis - Lagoa do Peri",Santa Catarina/Brazil,,,,,,,,,,,,,,,,,,,,,,,,,,,,,,,Medium,,,,,,,,,,,,,Diurnal/Nocturnal,Necrophagous,,,,,,,,,,,,,,,,,,,,,,,,5.2,,,,,,,,,,,,,,Roller,,,,,,,,,,,,,,,,,,,,,,,,,,,2.6,
"Deltochilum (Deltohyboma) multicolor Balthasar, 1939",Deltochilum multicolor,Deltochilini,https://doi.org/10.1002/ece3.9950,,Goiania/Brazil,,,,,,,,,,,,,,,,,,,,,,,,,,,,,,,,15.55,,,,,,,,,,,,Nocturnal,,,,,,,,,,0.25,,,,,,,,1.99,4.97,yes,0.35,,,,,,,,,,,,,,,,,,Roller,,,,,,,,,,,,,,,,,,,,,,,,,,,,
"Deltochilum (Deltohyboma) multicolor Balthasar, 1939",Deltochilum multicolor,Deltochilini,https://doi.org/10.1371/journal.pone.0244783,,Santa Catarina/Brazil,,0.4,,,,,,,,,,,,,,,,,,0.147,,,,,,,,,,,,,,,,,,,,,,,,Nocturnal,Coprophagous,,,,,,,,0.2,,7,,,,,,,,,,,,,2.973,,,,,,,,,,,,,,,Roller,,,,,,,,,,,,,,,,,,,Up,,,,,,,,,
"Deltochilum (Deltohyboma) multicolor Balthasar, 1939",Deltochilum multicolor,Deltochilini,https://doi.org/10.1371/journal.pone.0126112,,Santa Catarina/Brazil,,,Immature,,,,,,,,,,,,,,,,,,,,,,,,,,,,Large,,,,,,,,,,,,,Diurnal/Nocturnal,,SWNE,131.81,,,,,,,,,,,,,,,,,,,,,1.906,,,,,,,,,,,,,,,Roller,Male,,,,,,,,,,,,,,,,,,Up,,,,,,,,,
"Deltochilum (Deltohyboma) multicolor Balthasar, 1939",Deltochilum multicolor,Deltochilini,https://doi.org/10.1371/journal.pone.0126112,,Santa Catarina/Brazil,,,Immature,,,,,,,,,,,,,,,,,,,,,,,,,,,,Large,,,,,,,,,,,,,Diurnal/Nocturnal,,WE,49.64,,,,,,,,,,,,,,,,,,,,,0,,,,,,,,,,,,,,,Roller,Male,,,,,,,,,,,,,,,,,,,,,,,,,,,
"Deltochilum (Deltohyboma) multicolor Balthasar, 1939",Deltochilum multicolor,Deltochilini,https://doi.org/10.1371/journal.pone.0126112,,Santa Catarina/Brazil,,,Immature,,,,,,,,,,,,,,,,,,,,,,,,,,,,Large,,,,,,,,,,,,,Diurnal/Nocturnal,,NESW,66.68,,,,,,,,,,,,,,,,,,,,,,,,,,,,,,,,,,,,Roller,Male,,,,,,,,,,,,,,,,,,,,,,,,,,,
"Deltochilum (Deltohyboma) multicolor Balthasar, 1939",Deltochilum multicolor,Deltochilini,https://doi.org/10.1371/journal.pone.0126112,,Santa Catarina/Brazil,,,Young-mature,,,,,,,,,,,,,,,,,,,,,,,,,,,,Large,,,,,,,,,,,,,Diurnal/Nocturnal,,EW,86.9,,,,,,,,,,,,,,,,,,,,,,,,,,,,,,,,,,,,Roller,Female,,,,,,,,,,,,,,,,,,,,,,,,,,,
"Deltochilum (Deltohyboma) multicolor Balthasar, 1939",Deltochilum multicolor,Deltochilini,https://doi.org/10.1371/journal.pone.0126112,,Santa Catarina/Brazil,,,Young-mature,,,,,,,,,,,,,,,,,,,,,,,,,,,,Large,,,,,,,,,,,,,Diurnal/Nocturnal,,SWNE,67.3,,,,,,,,,,,,,,,,,,,,,,,,,,,,,,,,,,,,Roller,Female,,,,,,,,,,,,,,,,,,,,,,,,,,,
"Deltochilum (Deltohyboma) multicolor Balthasar, 1939",Deltochilum multicolor,Deltochilini,https://doi.org/10.1371/journal.pone.0126112,,Santa Catarina/Brazil,,,Young-mature,,,,,,,,,,,,,,,,,,,,,,,,,,,,Large,,,,,,,,,,,,,Diurnal/Nocturnal,,NESW,206.68,,,,,,,,,,,,,,,,,,,13.08,,,,,,,,,,,,,,,5.98,,Roller,Male,,,,,,,,,,,,,,,,,,,,,,,,,,,
"Deltochilum (Deltohyboma) multicolor Balthasar, 1939",Deltochilum multicolor,Deltochilini,https://doi.org/10.1371/journal.pone.0126112,,Santa Catarina/Brazil,,,Young-mature,,,,,,,,,,,,,,,,,,,,,,,,,,,,Large,,,,,,,,,,,,,Diurnal/Nocturnal,,SWNE,213.39,,,,,,,,,,,,,,,,,,,,,,,,,,,,,,,,,,,,Roller,Female,,,,,,,,,,,,,,,,,,,,,,,,,,,
"Deltochilum (Deltohyboma) multicolor Balthasar, 1939",Deltochilum multicolor,Deltochilini,https://doi.org/10.1371/journal.pone.0126112,,Santa Catarina/Brazil,,,Young-mature,,,,,,,,,,,,,,,,,,,,,,,,,,,,Large,,,,,,,,,,,,,Diurnal/Nocturnal,,SWNE,164.55,,,,,,,,,,,,,,,,,,,,,,,,,,,,,,,,,,,,,Male,,,,,,,,,,,,,,,,,,,,,,,,,,,
"Deltochilum (Deltohyboma) multicolor Balthasar, 1939",Deltochilum multicolor,Deltochilini,https://doi.org/10.1371/journal.pone.0126112,,Santa Catarina/Brazil,,,Young-mature,,,,,,,,,,,,,,,,,,,,,,,,,,,,Large,,,,,,,,,,,,,Diurnal/Nocturnal,,SWNE,142.56,,,,,,,,,,,,,,,,,,,,,,,,,,,,,,,,,,,,Roller,Male,,,,,,,,,,,,,,,,,,,,,,,,,,,
"Deltochilum (Deltohyboma) multicolor Balthasar, 1939",Deltochilum multicolor,Deltochilini,https://doi.org/10.1371/journal.pone.0126112,,Santa Catarina/Brazil,,,Young-mature,,,,,,,,,,,,,,,,,,,,,,,,,,,,Large,,,,,,,,,,,,,Diurnal/Nocturnal,,NESW,149.73,,,,,,,,,,,,,,,,,,,,,,,,,,,,,,,,,,,rare,Roller,Male,narrow,,,,,,,,,,,,,,,,,,,,,,,,,,
"Deltochilum (Deltohyboma) multicolor Balthasar, 1939",Deltochilum multicolor,Deltochilini,https://doi.org/10.1371/journal.pone.0126112,,Santa Catarina/Brazil,,,Young-mature,,,,,,,,,,,,,,,,,,,,,,,,,,,,Large,,,,,,,,,,,,,Diurnal/Nocturnal,,NESW,213.87,,,,,,,,,,,,,,,,,,,,,,,,,,,,,,,,,,,,Roller,Male,,,,,,,,,,,,,,,,,,,,,,,,,,,
"Deltochilum (Deltohyboma) multicolor Balthasar, 1939",Deltochilum multicolor,Deltochilini,https://doi.org/10.1371/journal.pone.0126112,,Santa Catarina/Brazil,,,Immature,,,,,,,,,,,,,,,,,,,,,,,,,,,,Large,,,,,,,,,,,,,Diurnal/Nocturnal,,NESW,136.73,,,,,,,,,,,,,,,,,,,,,,,,,,,,,,,,,,,,,Female,,,,,,,,,,,,,,,,,,,,,,,,,,,
"Deltochilum (Deltohyboma) multicolor Balthasar, 1939",Deltochilum multicolor,Deltochilini,https://doi.org/10.1371/journal.pone.0126112,,Santa Catarina/Brazil,,,Young-mature,,,,,,,,,,,,,,,,,,,,,,,,,,,,Large,,,,,,,,,,,,,Diurnal/Nocturnal,,NWSE,92.41,,,,,,,,,,,,,,,,,,,,,,,,,,,,,,,,,,,,Roller,Female,,,,,,,,,,,,,,,,,,,,291.004,14.7321225,14.7321225,32.738,0.002943259,0.002943259,,11.644
"Deltochilum (Deltohyboma) multicolor Balthasar, 1939",Deltochilum multicolor,Deltochilini,https://doi.org/10.1371/journal.pone.0126112,,Santa Catarina/Brazil,,,Immature,,,,,,,,,,,,,,,,,,,,,,,,,,,,Large,,,,,,,,,,,,,Diurnal/Nocturnal,,NESW,213.39,,,,,,,,,,,,,,,,,,,,,,6.1,,,,,,,,,,,,,,Roller,Female,,,,,,,,,,,,,,,,,,,,,,,,,,2.8,
"Deltochilum (Deltohyboma) multicolor Balthasar, 1939",Deltochilum multicolor,Deltochilini,https://doi.org/10.1371/journal.pone.0126112,,Santa Catarina/Brazil,,,Young-mature,,,,,,,,,,,,,,,,,,,,,,,,,,,,Large,,,,,,,,,,,,,Diurnal/Nocturnal,,NESW,267.12,,,,,,,,,,,,,,,,,,,,,,,,,,,,,,,,,,,,Roller,Male,,,,,,,,,,,,,,,,,,,,,,,,,,,
"Deltochilum (Deltohyboma) multicolor Balthasar, 1939",Deltochilum multicolor,Deltochilini,https://doi.org/10.1371/journal.pone.0126112,,Santa Catarina/Brazil,,,Young-mature,,,,,,,,,,,,,,,,,,,,,,,,,,,,Large,,,,,,,,,,,,,Diurnal/Nocturnal,,NS,215.45,,,,,,,,,,,,,,,,,,,,,,,,,,,,,,,,,,,,,Female,,,,,,,,,,,,,,,,,,,,,,,,,,,
"Deltochilum (Deltohyboma) multicolor Balthasar, 1939",Deltochilum multicolor,Deltochilini,https://doi.org/10.1371/journal.pone.0126112,,Santa Catarina/Brazil,,,Young-mature,,,,,,,,,,,,,,,,,,,,,,,,,,,,Large,,,,,,,,,,,,,Diurnal/Nocturnal,,NESW,97.22,,,,,,,,,,,,,,,,,,,,,,,,,,,,,,,,,,,,Roller,Male,,,,,,,,,,,,,,,,,,,,119.938,13.67041358,14.04824086,20.246,0.00147176,0.001655055,,7.818
"Deltochilum (Deltohyboma) multicolor Balthasar, 1939",Deltochilum multicolor,Deltochilini,https://doi.org/10.1371/journal.pone.0126112,,Santa Catarina/Brazil,,,Young-mature,,,,,,,,,,,,,,,,,,,,,,,,,,,,Large,,,,,,,,,,,,,Diurnal/Nocturnal,,NWSE,551.76,,,,,,,,,,,,,,,,,,,,,,,,,,,,,,,,,,,,Roller,Female,,,,,,,,,,,,,,,,,,,,117.184,13.8043453,14.04824086,20.11,0.001506349,0.001655055,,7.506
"Deltochilum (Deltohyboma) multicolor Balthasar, 1939",Deltochilum multicolor,Deltochilini,https://doi.org/10.1371/journal.pone.0126112,,Santa Catarina/Brazil,,,Young-mature,,,,,,,,,,,,,,,,,,,,,,,,,,,,Large,,,,,,,,,,,,,Diurnal/Nocturnal,,SWNE,277.74,,,,,,,,,,,,,,,,,,,,,,,,,,,,,,,,,,,,Roller,Female,,,,,,,,,,,,,,,,,,,,113.923,13.85840222,14.04824086,19.867,0.001549468,0.001655055,,7.506
"Deltochilum (Deltohyboma) multicolor Balthasar, 1939",Deltochilum multicolor,Deltochilini,https://doi.org/10.1371/journal.pone.0126112,,Santa Catarina/Brazil,,,Young-mature,,,,,,,,,,,,,,,,,,,,,,,,,,,,Large,,,,,,,,,,,,,Diurnal/Nocturnal,,SN,69.9,,,,,,,,,,,,,,,,,,,,,,,,,,,,,,,,,,,,Roller,Male,,,,,,,,,,,,,,,,,,,,112.317,14.27532577,14.04824086,20.021,0.001571623,0.001655055,,7.454
"Deltochilum (Deltohyboma) multicolor Balthasar, 1939",Deltochilum multicolor,Deltochilini,https://doi.org/10.1371/journal.pone.0126112,,Santa Catarina/Brazil,,,Young-mature,,,,,,,,,,,,,,,,,,,,,,,,,,,,Large,,,,,,,,,,,,,Diurnal/Nocturnal,,SWNE,86.9,,,,,,,,,,,,,,,,,,,,,,,,,,,,,,,,,,,,Roller,Male,,,,,,,,,,,,,,,,,,,,110.087,13.79368158,14.04824086,19.484,0.001603459,0.001655055,,7.367
"Deltochilum (Deltohyboma) multicolor Balthasar, 1939",Deltochilum multicolor,Deltochilini,https://doi.org/10.1371/journal.pone.0126112,,Santa Catarina/Brazil,,,Immature,,,,,,,,,,,,,,,,,,,,,,,,,,,,Large,,,,,,,,,,,,,Diurnal/Nocturnal,,,0,,,,,,,,,,,,,,,,,,,,,,,,,,,,,,,,,,,,Roller,Female,,,,,,,,,,,,,,,,,,,,105.787,14.28666449,14.04824086,19.438,0.001668636,0.001655055,,7.385
"Deltochilum (Deltohyboma) multicolor Balthasar, 1939",Deltochilum multicolor,Deltochilini,https://doi.org/10.1111/ddi.12785,,Santa Catarina/Brazil,,,,,,,,,,,,,,,,,,,,0.17,,,,,,,,,,,,,,,,,,,,,,,,Diurnal/Nocturnal,Necrophagous,,,,,,,,,,,,,,,,,,,,,,,,,,,,,,,,,,,,,,Roller,,,,,,,,,,,,,,,,,,,,,103.361,13.91756256,14.04824086,18.964,0.001707801,0.001655055,,7.177
"Deltochilum (Deltohyboma) sculpturatum Felsche, 1907",Deltochilum sculpturatum,Deltochilini,https://doi.org/10.1590/S0073-47212012000200012,,Rio Grande do Sul/Brazil,,,,,,,,,,,,,,,,,,,,,,,,,,,,,,,,,,,,,,,,,,,,,Generalist,,,,,,,,,,,,,,,,,,,,,,,,,,,,,,,,,,,,,,Roller,,,,,,,,,,,,,,,,,,,,,100.973,13.86170307,14.04824086,18.706,0.00174819,0.001655055,,7.074
"Deltochilum (Deltohyboma) sculpturatum Felsche, 1907",Deltochilum sculpturatum,Deltochilini,https://doi.org/10.1590/S0001-37652013005000033,,Rio Grande do Sul/Brazil,,,,,,,,,,,,,,,,,,,,,,,,,,,,,,,,,,,,,,,,,,,,,,,,,,,,,,,,,,,,,,,,,,,,,,,,,,,,,,,,,,,Roller,,,,,,,,,,,,,,,,,,,,,97.608,14.36565564,14.04824086,18.723,0.001808458,0.001655055,,6.779
"Deltochilum (Euhyboma) brasiliense (Castelnau, 1840)",Deltochilum brasiliense,Deltochilini,https://doi.org/10.1007/s42690-021-00680-8,,Rio de Janeiro/Brazil,,,,,,,,,,,,,,,,,,,,,,,,,,,,,,,,,,,,,,,,,,,,,,,,,,,,,,,,,,,,,,,,,,,,,,,,,,,,,,,,,,,Roller,,,,,,,,,,,,,,,,,,,,,92.187,14.64865441,14.04824086,18.374,0.001914804,0.001655055,,6.674
"Deltochilum (Euhyboma) brasiliense (Castelnau, 1840)",Deltochilum brasiliense,Deltochilini,https://doi.org/10.1016/j.biocon.2023.109957,,Sao Paulo/Brazil,,,,,,,,,,,,,,,,,,,,,,,,,,,,,,,,,,,,,,,,,,,,,,,,,,,,,,,,Forest specialist,,,,,,,,,,,28.329,,,,,,,,,,,,,,,,,,,,,,,,0.0249,,,,,,,,,,,,,,,,,,,,
"Deltochilum (Euhyboma) brasiliense (Castelnau, 1840)",Deltochilum brasiliense,Deltochilini,https://doi.org/10.1590/S0085-56262013000100008,,Santa Catarina/Brazil,,,,,,,,,,,,,,,,,,,,0.362,,,,,,,,,,,Large,,,,,,,,,,,,,,Generalist,,,,,,,,,,,,,,,,,,,,0.58,,29.915,,,,,,,,,,,,,,,,,,,,,,,,0.0071,,,,,,,,,,,,,,,,,,,,
"Deltochilum (Euhyboma) brasiliense (Castelnau, 1840)",Deltochilum brasiliense,Deltochilini,https://doi.org/10.1038/s41598-020-70284-8,,Misiones Province/Argentina,-0.0011,,,,,,,,,,,,,,,,,,,0.879,,,,,,,,,,,,,,,,,,,,,,,,Evening/Nocturnal/Crepuscular,,,,,,,,1.948,,,,Forest specialist,,,,,,,,,,,30.573,,,,,,,,,,,,,,,,,,,,,,,,-9.00E-04,,,,,,,,,,,,,,,,,,,,
"Deltochilum (Euhyboma) brasiliense (Castelnau, 1840)",Deltochilum brasiliense,Deltochilini,https://doi.org/10.1038/s41598-020-70284-8,,Misiones Province/Argentina,-0.0042,,,,,,,,,,,,,,,,,,,0.954,,,,,,,,,,,,,,,,,,,,,,,,Evening/Nocturnal/Crepuscular,,,,,,,,3.071,,,,Forest specialist,,,,,,,,,,,,,,,,,,,9.158,,,,,,,,Roller,,,0.303,,,,,,1.064,,,,,19.916,,,,,,,,,,,,,,
"Deltochilum (Euhyboma) brasiliense (Castelnau, 1840)",Deltochilum brasiliense,Deltochilini,https://doi.org/10.1038/s41598-020-70284-8,,Misiones Province/Argentina,-6.00E-05,,,,,,,,,,,,,,,,,,,0.994,,,,,,,,,,,,,,,,,,,,,,,,Evening/Nocturnal/Crepuscular,,,,,,,,1.632,,,,Forest specialist,,,,,,,,,,,,,,,,,,,,,,,,,,,,,,,,,,,,,,,,,,,,,,,,,,,,,,,
"Deltochilum (Euhyboma) brasiliense (Castelnau, 1840)",Deltochilum brasiliense,Deltochilini,https://doi.org/10.1038/s41598-020-70284-8,,Misiones Province/Argentina,-0.0019,,,,,,,,,,,,,,,,,,,0.998,,,,,,,,,,,,,,,,,,,,,,,,Evening/Nocturnal/Crepuscular,,,,,,,,1.635,,,,Forest specialist,,,,,,,,,,,,,,,,,,,,,,,,,,rare,Roller,,large,,,,,,,,,,,,,,,,,,,,,,,,,,
"Deltochilum (Euhyboma) brasiliense (Castelnau, 1840)",Deltochilum brasiliense,Deltochilini,https://doi.org/10.1038/s41598-020-70284-8,,Misiones Province/Argentina,-0.0011,,,,,,,,,,,,,,,,,,,1.023,,,,,,,,,,,,,,,,,,,,,,,,Evening/Nocturnal/Crepuscular,,,,,,,,1.194,,,,Forest specialist,,,,,,,,,,,,,,,,,,,,,,,,,,,,,,,,,,,,,,,,,,,,,,,,,,,,,,,
"Deltochilum (Euhyboma) brasiliense (Castelnau, 1840)",Deltochilum brasiliense,Deltochilini,https://doi.org/10.1038/s41598-020-70284-8,,Misiones Province/Argentina,-0.0132,,,,,,,,,,,,,,,,,,,1.026,,,,,,,,,,,,,,,,,,,,,,,,Evening/Nocturnal/Crepuscular,,,,,,,,4.804,,,,Forest specialist,,,,,,,,,,,,,,,,1.12,0,,,,,,,,,,Roller,,,,,,,,,,,,,,,,,,,,,,,,,,,,
"Deltochilum (Euhyboma) brasiliense (Castelnau, 1840)",Deltochilum brasiliense,Deltochilini,https://doi.org/10.1038/s41598-020-70284-8,,Misiones Province/Argentina,0.0016,,,,,,,,,,,,,,,,,,,1.062,,,,,,,,,,,,,,,,,,,,,,,,Evening/Nocturnal/Crepuscular,,,,,,,,1.189,,,,Forest specialist,,,,,,,,,,6.85,,,,yes,yes,,,10.58,,,,,,5.78,4.24,,,,,,,,,,,,,,,,,,,,,,1132.05,,,,,7.32,,,
"Deltochilum (Euhyboma) brasiliense (Castelnau, 1840)",Deltochilum brasiliense,Deltochilini,https://doi.org/10.1038/s41598-020-70284-8,,Misiones Province/Argentina,0.0131,,,,,,,,,,,,,,,,,,,1.126,,,,,,,,,,,,,,,,,,,,,,,,Evening/Nocturnal/Crepuscular,,,,,,,,3.226,,,,Forest specialist,,,,,,,,,,,,,,,,,,,,,,,,,,,Roller,,,,,,,,,,,,,,,,,,,,,,,,,,,,
"Deltochilum (Euhyboma) brasiliense (Castelnau, 1840)",Deltochilum brasiliense,Deltochilini,https://doi.org/10.1038/s41598-022-05616-x,,Misiones Province/Argentina,,,,12.99,,,,,4.991,,,,,6.047,,,,,,0.33,,,,,,283.609,,,,,,,,,,,,,,,,,,,,,,,,,,,,,,,32.6394,,,,,,,,,,,,,,,,,,,,,,,,,,Roller,,,,,,,,,,,,,,,,,,,,,,,,,,,,
"Deltochilum (Euhyboma) brasiliense (Castelnau, 1840)",Deltochilum brasiliense,Deltochilini,https://doi.org/10.1673/031.011.0113,,Sao Paulo/Brazil,,,,,,,,,,,,,,,,,,,,,,,,,,,,,,,,21.91,,,1.87,,,,,,28.64,2.248,,Nocturnal,,,,,,,,,,,,,,,,,,,,,,,,,,,,,,,,,,,,,,,Roller,,,,,,,,,,,,,,,,,,,,,,,,,,,,
"Deltochilum (Euhyboma) brasiliense (Castelnau, 1840)",Deltochilum brasiliense,Deltochilini,https://doi.org/10.1649/0010-065X-73.3.693,"All sampling sites except Sao Bonifacio, Governador Celso Ramos, I√ßara",Santa Catarina/Brazil,,,,,,,,,,,,,,,,,,,,,,,,,,,,,,,Large,,,,,,,,,,,,,Diurnal/Nocturnal,Generalist/Coprophagous,,,,,,,,,,,,,,,,,,,,,,,,,,,,,,,,,,,,,,Roller,,,,,,,,,,,,,,,,,,,,,,,,,,,,
"Deltochilum (Euhyboma) brasiliense (Castelnau, 1840)",Deltochilum brasiliense,Deltochilini,https://doi.org/10.1371/journal.pone.0201368,,Bahia/Brazil,,,,,,,,,,,,,,,,,,,,,,,,,,,,,,,,,,,,,,,,,,,,,,,,,,,,,,,,Forest specialist,,,,,,,,,,,,,,,,,,,,,,,,,,,,,,,,,,,,,,,,,,,,,,,,,,,,,,,
"Deltochilum (Euhyboma) brasiliense (Castelnau, 1840)",Deltochilum brasiliense,Deltochilini,https://doi.org/10.1111/btp.12418,,Sao Paulo/Brazil,,,,,,,,,,,,,,,,,,,,,,,,,,,,,,,,23.74,,,2.5,,,,,,,,,,,,,,,,,,,,,,,,,,,,,,,,,,,,,,,,,,,,,,,,Roller,,,,,,,,,,,,,,,,,,,,,,,,,,,,
"Deltochilum (Euhyboma) brasiliense (Castelnau, 1840)",Deltochilum brasiliense,Deltochilini,https://doi.org/10.1002/ece3.9950,,Goiania/Brazil,,,,,,,,,,,,,,,,,,,,,,,,,,,,,,,,21.68,,,,,,,,,,,,Nocturnal,,,,,,,,,,1.13,,,,,,,,3.3,7.8,yes,0.37,,,,,,,,,,,,,,,,,,Roller,,,,,,,,,,,,,,,,,,,,,54.782,14.41572787,14.65099007,14.051,0.002036983,0.002354141,,5.274
"Deltochilum (Euhyboma) brasiliense (Castelnau, 1840)",Deltochilum brasiliense,Deltochilini,https://doi.org/10.1111/btp.12722,,Parana/Brazil,,,,,,,,,,,,,,,,,,,,0.488,,,,,,,,,,,,,,,,,,,,,,,,,,,,,,,,,,,,,,,,,,,,,,,,,,,,,,,,,,,,,,,Roller,,,,,,,,,,,,,,,,,,,,,52.818,14.34929191,14.65099007,13.765,0.002112727,0.002354141,,5.264
"Deltochilum (Euhyboma) brasiliense (Castelnau, 1840)",Deltochilum brasiliense,Deltochilini,https://doi.org/10.1371/journal.pone.0244783,,Santa Catarina/Brazil,,0.5,,,,,,,,,,,,,,,,,,0.045,,,,,,,,,,,,,,,,,,,,,,,,Nocturnal,Coprophagous,,,,,,,,0.3,,12.8,,,,,,,,,,,,,,,,,,,,,,,,,,,,Roller,,,,,,,,,,,,,,,,,,,,,51.347,14.29443714,14.65099007,13.546,0.002173253,0.002354141,,5.106
"Deltochilum (Euhyboma) brasiliense (Castelnau, 1840)",Deltochilum brasiliense,Deltochilini,https://doi.org/10.1590/S0073-47212012000200012,,Rio Grande do Sul/Brazil,,,,,,,,,,,,,,,,,,,,,,,,,,,,,,,,,,,,,,,,,,,,,Generalist,,,,,,,,,,,,,,,,,,,,,,,,,,,,,,,,,,,,,,Roller,,,,,,,,,,,,,,,,,,,,,50.509,15.10134677,14.65099007,13.809,0.002209309,0.002354141,,4.907
"Deltochilum (Euhyboma) brasiliense (Castelnau, 1840)",Deltochilum brasiliense,Deltochilini,https://doi.org/10.1371/journal.pone.0126112,,Santa Catarina/Brazil,,,Young-mature,,,,,,,,,,,,,,,,,,,,,,,,,,,,Large,,,,,,,,,,,,,Nocturnal,,SENW,127.84,,,,,,,,,,,,,,,,,,,,,,,,,,,,,,,,,,,,Roller,Male,,,,,,,,,,,,,,,,,,,,47.427,14.27981057,14.65099007,13.012,0.002352879,0.002354141,,4.87
"Deltochilum (Euhyboma) brasiliense (Castelnau, 1840)",Deltochilum brasiliense,Deltochilini,https://doi.org/10.1371/journal.pone.0126112,,Santa Catarina/Brazil,,,Young-mature,,,,,,,,,,,,,,,,,,,,,,,,,,,,Large,,,,,,,,,,,,,Nocturnal,,SENW,13.34,,,,,,,,,,,,,,,,,,,,,,,,,,,,,,,,,,,,Roller,Male,,,,,,,,,,,,,,,,,,,,47.164,14.87156,14.65099007,13.242,0.002365999,0.002354141,,4.777
"Deltochilum (Euhyboma) brasiliense (Castelnau, 1840)",Deltochilum brasiliense,Deltochilini,https://doi.org/10.1371/journal.pone.0126112,,Santa Catarina/Brazil,,,Immature,,,,,,,,,,,,,,,,,,,,,,,,,,,,Large,,,,,,,,,,,,,Nocturnal,,,0,,,,,,,,,,,,,,,,,,,,,,,,,,,,,,,,,,,,Roller,Male,,,,,,,,,,,,,,,,,,,,46.457,14.15534227,14.65099007,12.822,0.002402006,0.002354141,,4.83
"Deltochilum (Euhyboma) brasiliense (Castelnau, 1840)",Deltochilum brasiliense,Deltochilini,https://doi.org/10.1590/S0001-37652013005000033,,Rio Grande do Sul/Brazil,,,,,,,,,,,,,,,,,,,,,,,,,,,,,,,,,,,,,,,,,,,,,,,,,,,,,,,,,,,,,,,,,,,,,,,,,,,,,,,,,,,Roller,,,,,,,,,,,,,,,,,,,,,45,14.13440889,14.65099007,12.61,0.002479778,0.002354141,,4.812
"Deltochilum (Euhyboma) brasiliense (Castelnau, 1840)",Deltochilum brasiliense,Deltochilini,https://doi.org/10.1111/ddi.12785,,Santa Catarina/Brazil,,,,,,,,,,,,,,,,,,,,0.411,,,,,,,,,,,,,,,,,,,,,,,,Nocturnal,Generalist,,,,,,,,,,,,,,,,,,,,,,,,,,,,,,,,,,,,,,Roller,,,,,,,,,,,,,,,,,,,,,42.77,15.48372121,14.65099007,12.867,0.002609072,0.002354141,,4.567
"Deltochilum (Euhyboma) brasiliense (Castelnau, 1840)",Deltochilum brasiliense,Deltochilini,https://doi.org/10.1111/aec.12675,,Santa Catarina/Brazil,,,,,,,,,,,,,,,,,,,,,,,,,,,,,,,Large,,,,,,,,,,,,,Diurnal/Nocturnal,,,,,,,,,,,,,,,,,,,,,,,,,,,,,,,,,,,,,,,Roller,,,,,,,,,,,,,,,,,,,,,39.862,15.42425408,14.65099007,12.398,0.002799408,0.002354141,,4.23
"Deltochilum (Euhyboma) brasiliense (Castelnau, 1840)",Deltochilum brasiliense,Deltochilini,https://doi.org/10.1016/j.ecolind.2020.106534,,Bahia/Brazil,,,,,,,,,,,,,,,,,,,,,,,,,,,,,,,,22.44,,,,,,,,,,,,,Necrophagous,,,,,,,,,,,,,,,,,,,,,,29.309,,,,,,,,,,,,,,,,,,,,,,,,2.00E-04,,,,,,,,,,,,,,,,,,,,
"Deltochilum (Euhyboma) brasiliense (Castelnau, 1840)",Deltochilum brasiliense,Deltochilini,this study,Jarinu,Sao Paulo/Brazil,,,,,,,,,,,,,,,,,,,,,0.36447,,,,,,,,,,Very large,,,,,,,,,,,,DM153,Crepuscular,Generalist,,,,,,,,,,,,,,,,,,,,,,33.574,,,,,,,,,,,,,,,,,,,,,,,,-0.0029,,,,,,,,,,,,,,,,,,,,
"Deltochilum (Euhyboma) brasiliense (Castelnau, 1840)",Deltochilum brasiliense,Deltochilini,this study,Jarinu,Sao Paulo/Brazil,,,,,,,,,,,,,,,,,,,,,0.36447,,,,,,,,,,Very large,,,,,,,,,,,,DM156,Crepuscular,Generalist,,,,,,,,,,,,,,,,,,,,,,28.695,,,,,,,,,,,,,,,,,,,,,,,,-0.001,,,,,,,,,,,,,,,,,,,,
"Deltochilum (Euhyboma) brasiliense (Castelnau, 1840)",Deltochilum brasiliense,Deltochilini,this study,Jarinu,Sao Paulo/Brazil,,,,,,,,,,,,,,,,,,,,,0.36447,,,,,,,,,,Very large,,,,,,,,,,,,DM154,Crepuscular,Generalist,,,,,,,,,,,,,,,,,,,,,,32.447,,,,,,,,,,,,,,,,,,,,,,,,0.0054,,,,,,,,,,,,,,,,,,,,
"Deltochilum (Euhyboma) brasiliense (Castelnau, 1840)",Deltochilum brasiliense,Deltochilini,this study,Jarinu,Sao Paulo/Brazil,,,,,,,,,,,,,,,,,,,,,0.36447,,,,,,,,,,Very large,,,,,,,,,,,,DM150,Crepuscular,Generalist,,,,,,,,,,,,,,,,,,,,,,30.654,,,,,,,,,,,,,,,,,,,,,,,,-0.0026,,,,,,,,,,,,,,,,,,,,
"Deltochilum (Euhyboma) brasiliense (Castelnau, 1840)",Deltochilum brasiliense,Deltochilini,this study,Jarinu,Sao Paulo/Brazil,,,,,,,,,,,,,,,,,,,,,0.36447,,,,,,,,,,Very large,,,,,,,,,,,,DM155,Crepuscular,Generalist,,,,,,,,,,,,,,,,,,,,,,32.793,,,,,,,,,,,,,,,,,,,,,,,,0.0019,,,,,,,,,,,,,,,,,,,,
"Deltochilum (Euhyboma) brasiliense (Castelnau, 1840)",Deltochilum brasiliense,Deltochilini,this study,Jarinu,Sao Paulo/Brazil,,,,,,,,,,,,,,,,,,,,,0.36447,,,,,,,,,,Very large,,,,,,,,,,,,DM152,Crepuscular,Generalist,,,,,,,,,,,,,,,,,,,,,,,,,,,,,,,,,,,,,,,,,,,,,,,,,,,,,,,,,,,,,,,,,,
"Deltochilum (Euhyboma) brasiliense (Castelnau, 1840)",Deltochilum brasiliense,Deltochilini,this study,Jarinu,Sao Paulo/Brazil,,,,,,,,,,,,,,,,,,,,,0.36447,,,,,,,,,,Very large,,,,,,,,,,,,DM151,Crepuscular,Generalist,,,,,,,,,,,,,,,,,,,,,,,,,,,,,,,,,,,,,common,Roller,,large,,,,,,,,,,,,,,,,,,,,,,,,,,
"Deltochilum (Euhyboma) brasiliense (Castelnau, 1840)",Deltochilum brasiliense,Deltochilini,this study,Jarinu,Sao Paulo/Brazil,,,,,,,,,,,,,,,,,,,,,0.36447,,,,,,,,,,Very large,,,,,,,,,,,,DM157,Crepuscular,Generalist,,,,,,,,,,,,,,,,,,,,,4.5,,,,yes,yes,,,6.56,,,,,,3.36,1.19,,,,,,,,,,,,,,,,,,,,,,244.75,,,,,4.5,,,
"Deltochilum (Euhyboma) brasiliense (Castelnau, 1840)",Deltochilum brasiliense,Deltochilini,this study,Jarinu,Sao Paulo/Brazil,,,,,,,,,,,,,,,,,,,,,0.36447,,,,,,,,,,Very large,,,,,,,,,,,,DM158,Crepuscular,Generalist,,,,,,,,,,,,,,,,,,,,,,,,,,,,,,,,,,,,,,Roller,,,,,,,,,,,,,,,,,,,,,,,,,,,,
"Deltochilum (Euhyboma) brasiliense (Castelnau, 1840)",Deltochilum brasiliense,Deltochilini,this study,Jarinu,Sao Paulo/Brazil,,,,,,,,,,,,,,,,,,,,,0.36447,,,,,,,,,,Very large,,,,,,,,,,,,DM159,Crepuscular,Generalist,,,,,,,,,,,,,,,,,,,,,,,,2.7,,,,,,,,,,,,,,Roller,,,,,,,,,,,,,,,,,,,,,,,,,,,2.8,
"Deltochilum (Parahyboma) furcatum (Castelnau, 1840)",Deltochilum furcatum,Deltochilini,https://doi.org/10.1007/s42690-021-00680-8,,Rio de Janeiro/Brazil,,,,,,,,,,,,,,,,,,,,,,,,,,,,,,,,,,,,,,,,,,,,,,,,,,,,,,,,,,,,,,,,,,,,,,,,,,,,,,,,,,,Roller,,,,,,,,,,,,,,,,,,,,,,,,,,,,
"Deltochilum (Parahyboma) furcatum (Castelnau, 1840)",Deltochilum furcatum,Deltochilini,https://doi.org/10.1016/j.biocon.2023.109957,,Sao Paulo/Brazil,,,,,,,,,,,,,,,,,,,,,,,,,,,,,,,,,,,,,,,,,,,,,,,,,,,,,,,,Forest specialist,,,,,,,,,,,,1.572,,,,,,,,,,,,,,,Roller,,,,,,,,,,,,,,,,,,,Up,,,,,,,,,
"Deltochilum (Parahyboma) furcatum (Castelnau, 1840)",Deltochilum furcatum,Deltochilini,https://doi.org/10.1038/s41598-020-70284-8,,Misiones Province/Argentina,0.0045,,,,,,,,,,,,,,,,,,,0.6,,,,,,,,,,,,,,,,,,,,,,,,Evening/Nocturnal/Crepuscular,,,,,,,,3.07,,,,Forest specialist,,,,,,,,,,,,1.117,,,,,,,,,,,,,,,Roller,,,,,,,,,,,,,,,,,,,Up,,,,,,,,,
"Deltochilum (Parahyboma) furcatum (Castelnau, 1840)",Deltochilum furcatum,Deltochilini,https://doi.org/10.1038/s41598-020-70284-8,,Misiones Province/Argentina,-0.0011,,,,,,,,,,,,,,,,,,,0.689,,,,,,,,,,,,,,,,,,,,,,,,Evening/Nocturnal/Crepuscular,,,,,,,,4.46,,,,Forest specialist,,,,,,,,,,,,5.514,,,,,,,,,,,,,,,Roller,,,,,,,,,,,,,,,,,,,Up,,,,,,,,,
"Deltochilum (Parahyboma) furcatum (Castelnau, 1840)",Deltochilum furcatum,Deltochilini,https://doi.org/10.1038/s41598-020-70284-8,,Misiones Province/Argentina,-0.01,,,,,,,,,,,,,,,,,,,0.7,,,,,,,,,,,,,,,,,,,,,,,,Evening/Nocturnal/Crepuscular,,,,,,,,4.426,,,,Forest specialist,,,,,,,,,,,,5.514,,,,,,,,,,,,,,,Roller,,,,,,,,,,,,,,,,,,,Down,,,,,,,,,
"Deltochilum (Parahyboma) furcatum (Castelnau, 1840)",Deltochilum furcatum,Deltochilini,https://doi.org/10.1038/s41598-022-05616-x,,Misiones Province/Argentina,,,,7.03,,,,,3.37,,,,,4.329,,,,,,0.215,,,,,,168.544,,,,,,2,,,,,,,,,,,,,,,,,,,,,,,,,18.1773,,,,,,,,,,,3.512,,,,,,,,,,,,,,,Roller,,,,,,,,,,,,,,,,,,,Up,,,,,,,,,
"Deltochilum (Parahyboma) furcatum (Castelnau, 1840)",Deltochilum furcatum,Deltochilini,https://doi.org/10.1673/031.011.0113,,Sao Paulo/Brazil,,,,,,,,,,,,,,,,,,,,,,,,,,,,,,,,16.61,,,1.027,,,,,,21.58,1.072,,Nocturnal,,,,,,,,,,,,,,,,,,,,,,,,6.587,,,,,,,,,,,,,,,Roller,,,,,,,,,,,,,,,,,,,Down,,,,,,,,,
"Deltochilum (Parahyboma) furcatum (Castelnau, 1840)",Deltochilum furcatum,Deltochilini,https://doi.org/10.1649/0010-065X-73.3.693,"Itapemag, Brusque, Antonio Carlos, Sao Pedro de Alcantara, Santo Amaro da Imperatriz, Itapema",Santa Catarina/Brazil,,,,,,,,,,,,,,,,,,,,,,,,,,,,,,,Medium,,,,,,,,,,,,,Nocturnal,Generalist/Coprophagous,,,,,,,,,,,,,,,,,,,,,,,0,,,,,,,,,,,,,,,Roller,,,,,,,,,,,,,,,,,,,,,,,,,,,,
"Deltochilum (Parahyboma) furcatum (Castelnau, 1840)",Deltochilum furcatum,Deltochilini,https://doi.org/10.1111/j.1744-7917.2012.01509.x,,Parana/Brazil,,,,,,,,,,,,,,,,,,,,,,,,,,,,,,,,,,,,,,,,,,,,,Coprophagous/Necrophagous,,,,,,,,,,,,,,,,,,,,,,,0,,,,,,,,,,,,,,,Roller,,,,,,,,,,,,,,,,,,,,,,,,,,,,
"Deltochilum (Parahyboma) furcatum (Castelnau, 1840)",Deltochilum furcatum,Deltochilini,https://doi.org/10.1111/btp.12418,,Sao Paulo/Brazil,,,,,,,,,,,,,,,,,,,,,,,,,,,,,,,,18.12,,,1.17,,,,,,,,,,,,,,,,,,,,,,,,,,,,,,,,,0,,,,,,,,,,,,,,,Roller,,,,,,,,,,,,,,,,,,,,,,,,,,,,
"Deltochilum (Parahyboma) furcatum (Castelnau, 1840)",Deltochilum furcatum,Deltochilini,https://doi.org/10.1002/ece3.9950,,Goiania/Brazil,,,,,,,,,,,,,,,,,,,,,,,,,,,,,,,,18.67,,,,,,,,,,,,Nocturnal,,,,,,,,,,0.46,,,,,,,,2.32,5.77,yes,0.26,,,,,,,,,,,,,,,,,,Roller,,,,,,,,,,,,,,,,,,,,,,,,,,,,
"Deltochilum (Parahyboma) furcatum (Castelnau, 1840)",Deltochilum furcatum,Deltochilini,https://doi.org/10.1002/ecs2.2491,,Parana/Brazil,,,,,,,,,,,,,,,,,,,,0.341,,,,,0.1,,,,,,,,,,,,,,,,,,,,Coprophagous,,,,,,,,,,,,,,,,,,,,,,,,,,,,,,,,,,,,,,Roller,,,,,,,,,,,,,,,,,,,,,,,,,,,,
"Deltochilum (Parahyboma) furcatum (Castelnau, 1840)",Deltochilum furcatum,Deltochilini,https://doi.org/10.1111/ddi.12785,,Santa Catarina/Brazil,,,,,,,,,,,,,,,,,,,,0.282,,,,,,,,,,,,,,,,,,,,,,,,Nocturnal,Generalist,,,,,,,,,,,,,,,,,,,,,,,,,,,,,,,,,,,,,,Roller,,,,,,,,,,,,,,,,,,,,,,,,,,,,
"Deltochilum (Parahyboma) furcatum (Castelnau, 1840)",Deltochilum furcatum,Deltochilini,this study,Nazare Paulista,Sao Paulo/Brazil,,,,,,,,,,,,,,,,,,,,,0.17652,,,,,,,,,,Large,,,,,,,,,,,,DM189,Nocturnal,Coprophagous,,,,,,,,,,,,,,,,,,,,,,,,,,,,,,,,,,,,,,Roller,,,,,,,,,,,,,,,,,,,,,,,,,,,,
"Deltochilum (Parahyboma) furcatum (Castelnau, 1840)",Deltochilum furcatum,Deltochilini,this study,Nazare Paulista,Sao Paulo/Brazil,,,,,,,,,,,,,,,,,,,,,0.17652,,,,,,,,,,Large,,,,,,,,,,,,DM185,Nocturnal,Coprophagous,,,,,,,,,,,,,,,,,,,,,,,,,,,,,,,,,,,,,rare,Roller,,intermediate,,,,,,,,,,,,,,,,,,,,,,,,,,
"Deltochilum (Parahyboma) furcatum (Castelnau, 1840)",Deltochilum furcatum,Deltochilini,this study,Nazare Paulista,Sao Paulo/Brazil,,,,,,,,,,,,,,,,,,,,,0.17652,,,,,,,,,,Large,,,,,,,,,,,,DM184,Nocturnal,Coprophagous,,,,,,,,,,,,,,,,,,,,,6.2,,,,yes,yes,,,8.74,,,,,,4.72,2.56,,,,,,,,,,,,,,,,,,,,,,644.95,,,,,5.19,,,
"Deltochilum (Parahyboma) furcatum (Castelnau, 1840)",Deltochilum furcatum,Deltochilini,this study,Nazare Paulista,Sao Paulo/Brazil,,,,,,,,,,,,,,,,,,,,,0.17652,,,,,,,,,,Large,,,,,,,,,,,,DM181,Nocturnal,Coprophagous,,,,,,,,,,,,,,,,,,,,,,,,3.6,,,,,,,,,,,,,,Roller,,,,,,,,,,,,,,,,,,,,,,,,,,,2.7,
"Deltochilum (Parahyboma) furcatum (Castelnau, 1840)",Deltochilum furcatum,Deltochilini,this study,Nazare Paulista,Sao Paulo/Brazil,,,,,,,,,,,,,,,,,,,,,0.17652,,,,,,,,,,Large,,,,,,,,,,,,DM188,Nocturnal,Coprophagous,,,,,,,,,,,,,,,,,,,,,,,2.197,,,,,,,,,,,,,,,Roller,,,,,,,,,,,,,,,,,,,Up,,,,,,,,,
"Deltochilum (Parahyboma) furcatum (Castelnau, 1840)",Deltochilum furcatum,Deltochilini,this study,Nazare Paulista,Sao Paulo/Brazil,,,,,,,,,,,,,,,,,,,,,0.17652,,,,,,,,,,Large,,,,,,,,,,,,DM183,Nocturnal,Coprophagous,,,,,,,,,,,,,,,,,,,,,,,3.546,,,,,,,,,,,,,,,Roller,,,,,,,,,,,,,,,,,,,Up,,,,,,,,,
"Deltochilum (Parahyboma) furcatum (Castelnau, 1840)",Deltochilum furcatum,Deltochilini,this study,Nazare Paulista,Sao Paulo/Brazil,,,,,,,,,,,,,,,,,,,,,0.17652,,,,,,,,,,Large,,,,,,,,,,,,DM187,Nocturnal,Coprophagous,,,,,,,,,,,,,,,,,,,,,,,4.168,,,,,,,,,,,,,,,Roller,,,,,,,,,,,,,,,,,,,Down,,,,,,,,,
"Deltochilum (Parahyboma) furcatum (Castelnau, 1840)",Deltochilum furcatum,Deltochilini,this study,Nazare Paulista,Sao Paulo/Brazil,,,,,,,,,,,,,,,,,,,,,0.17652,,,,,,,,,,Large,,,,,,,,,,,,DM182,Nocturnal,Coprophagous,,,,,,,,,,,,,,,,,,,,,,,5.431,,,,,,,,,,,,,,,Roller,,,,,,,,,,,,,,,,,,,Down,,,,,,,,,
"Deltochilum (Parahyboma) furcatum (Castelnau, 1840)",Deltochilum furcatum,Deltochilini,this study,Nazare Paulista,Sao Paulo/Brazil,,,,,,,,,,,,,,,,,,,,,0.17652,,,,,,,,,,Large,,,,,,,,,,,,DM180,Nocturnal,Coprophagous,,,,,,,,,,,,,,,,,,,,,,,11.217,,,,,,,,,,,,,,,Roller,,,,,,,,,,,,,,,,,,,Up,,,,,,,,,
"Deltochilum (Parahyboma) furcatum (Castelnau, 1840)",Deltochilum furcatum,Deltochilini,this study,Nazare Paulista,Sao Paulo/Brazil,,,,,,,,,,,,,,,,,,,,,0.17652,,,,,,,,,,Large,,,,,,,,,,,,DM186,Nocturnal,Coprophagous,,,,,,,,,,,,,,,,,,,,,,,12.918,,,,,,,,,,,,,,,Roller,,,,,,,,,,,,,,,,,,,Down,,,,,,,,,
"Deltochilum (Parahyboma) granulosum Paulian, 1933",Deltochilum granulosum,Deltochilini,https://doi.org/10.1016/j.biocon.2013.11.023,,Bahia/Brazil,,,,,,,,,,,,,,,,,,,,0.46858,,,,,,,,,,,,,,,,,,,,,,,,,,,,,,,,,,,,Forest specialist,,,,,,,,,,,,4.85,,,,,,,,,,,,,,,Roller,,,,,,,,,,,,,,,,,,,Up,,,,,,,,,
"Deltochilum (Rubrohyboma) rubripenne (Gory, 1831)",Deltochilum rubripenne,Deltochilini,https://doi.org/10.1007/s42690-021-00680-8,,Rio de Janeiro/Brazil,,,,,,,,,,,,,,,,,,,,,,,,,,,,,,,,,,,,,,,,,,,,,,,,,,,,,,,,,,,,,,,,,,,,23.507,,,,,,,,,,,,,,,Roller,,,,,,,,,,,,,,,,,,,Up,,,,,,,,,
"Deltochilum (Rubrohyboma) rubripenne (Gory, 1831)",Deltochilum rubripenne,Deltochilini,https://doi.org/10.1016/j.biocon.2023.109957,,Sao Paulo/Brazil,,,,,,,,,,,,,,,,,,,,,,,,,,,,,,,,,,,,,,,,,,,,,,,,,,,,,,,,Forest gener,,,,,,,,,,,,4.599,,,,,,,,,,,,,,,Roller,,,,,,,,,,,,,,,,,,,Up,,,,,,,,,
"Deltochilum (Rubrohyboma) rubripenne (Gory, 1831)",Deltochilum rubripenne,Deltochilini,https://doi.org/10.1093/ee/nvx091,,Santa Catarina/Brazil,,,,,,,,,,,,,,,,,,,,0.296,,,,,0.042,,,,,,,11.9,,,0.9,,,,,,,,,,,,,,,,,,,,,,,,,,,,,,,,,21.39,,,,,,,,,,,,,,,Roller,,,,,,,,,,,,,,,,,,,Down,,,,,,,,,
"Deltochilum (Rubrohyboma) rubripenne (Gory, 1831)",Deltochilum rubripenne,Deltochilini,https://doi.org/10.1673/031.011.0113,,Sao Paulo/Brazil,,,,,,,,,,,,,,,,,,,,,,,,,,,,,,,,12.57,,,0.676,,,,,,16.26,0.671,,Diurnal,,,,,,,,,,,,,,,,,,,,,,,,,,,,0.36,0.19,,,,,,,,,,Roller,,,,,,,,,,,,,,,,,,,,,,,,,,,,
"Deltochilum (Rubrohyboma) rubripenne (Gory, 1831)",Deltochilum rubripenne,Deltochilini,https://doi.org/10.1649/0010-065X-73.3.693,"Itapemag, Sao Miguel do Oeste, Ipumirim, Campos Novos, Monte Castelo, Brusque, Antonio Carlos, Santo Amaro da Imperatriz, Governador Celso Ramos, Florianopolis - Desterro, Florianopolis - Lagoa do Peri",Santa Catarina/Brazil,,,,,,,,,,,,,,,,,,,,,,,,,,,,,,,Medium,,,,,,,,,,,,,Diurnal,Generalist/Necrophagous,,,,,,,,,,,,,,,,,,,,,,,,,,,,,,,,,,,,,,Roller,,,,,,,,,,,,,,,,,,,,,,,,,,,,
"Deltochilum (Rubrohyboma) rubripenne (Gory, 1831)",Deltochilum rubripenne,Deltochilini,https://doi.org/10.1111/j.1744-7917.2012.01509.x,,Parana/Brazil,,,,,,,,,,,,,,,,,,,,,,,,,,,,,,,,,,,,,,,,,,,,,Coprophagous/Necrophagous,,,,,,,,,,,,,,,,,,,,,,,,,,,,,,,,,,,,,,,,,,,,,,,,,,,,,,,,,,,,,,,,,,
"Deltochilum (Rubrohyboma) rubripenne (Gory, 1831)",Deltochilum rubripenne,Deltochilini,https://doi.org/10.1371/journal.pone.0244783,,Santa Catarina/Brazil,,0.4,,,,,,,,,,,,,,,,,,0.096,,,,,,,,,,,,,,,,,,,,,,,,Diurnal,Generalist,,,,,,,,0.3,,7.1,,,,,,,,,,,,,,,,,,,,,,,,,,,,Roller,,,,,,,,,,,,,,,,,,,,,,,,,,,,
"Deltochilum (Rubrohyboma) rubripenne (Gory, 1831)",Deltochilum rubripenne,Deltochilini,https://doi.org/10.1590/S0073-47212012000200012,,Rio Grande do Sul/Brazil,,,,,,,,,,,,,,,,,,,,,,,,,,,,,,,,,,,,,,,,,,,,,Generalist/Necrophagous,,,,,,,,,,,,,,,,,,,,,,,,,,,,,,,,,,,,,,Roller,,,,,,,,,,,,,,,,,,,,,60.774,14.10281002,14.50058182,14.638,0.00175552,0.001970567,,5.733
"Deltochilum (Rubrohyboma) rubripenne (Gory, 1831)",Deltochilum rubripenne,Deltochilini,https://doi.org/10.1371/journal.pone.0126112,,Santa Catarina/Brazil,,,Young-mature,,,,,,,,,,,,,,,,,,,,,,,,,,,,Large,,,,,,,,,,,,,Diurnal,,NWSE,24.83,,,,,,,,,,,,,,,,,,,,,,,,,,,,,,,,,,,,Roller,Female,,,,,,,,,,,,,,,,,,,,59.147,14.03310565,14.50058182,14.405,0.001803811,0.001970567,,5.565
"Deltochilum (Rubrohyboma) rubripenne (Gory, 1831)",Deltochilum rubripenne,Deltochilini,https://doi.org/10.1371/journal.pone.0126112,,Santa Catarina/Brazil,,,Young-mature,,,,,,,,,,,,,,,,,,,,,,,,,,,,Large,,,,,,,,,,,,,Diurnal,,SENW,12.54,,,,,,,,,,,,,,,,,,,,,,,,,,,,,,,,,,,,Roller,Female,,,,,,,,,,,,,,,,,,,,57.446,14.03438422,14.50058182,14.197,0.001857222,0.001970567,,5.435
"Deltochilum (Rubrohyboma) rubripenne (Gory, 1831)",Deltochilum rubripenne,Deltochilini,https://doi.org/10.1371/journal.pone.0126112,,Santa Catarina/Brazil,,,Young-mature,,,,,,,,,,,,,,,,,,,,,,,,,,,,Large,,,,,,,,,,,,,Diurnal,,NS,171.17,,,,,,,,,,,,,,,,,,,,,,,,,,,,,,,,,,,,Roller,Male,,,,,,,,,,,,,,,,,,,,55.49,14.52909057,14.50058182,14.197,0.001922689,0.001970567,,5.293
"Deltochilum (Rubrohyboma) rubripenne (Gory, 1831)",Deltochilum rubripenne,Deltochilini,https://doi.org/10.1371/journal.pone.0126112,,Santa Catarina/Brazil,,,Young-mature,,,,,,,,,,,,,,,,,,,,,,,,,,,,Large,,,,,,,,,,,,,Diurnal,,SWNE,404.86,,,,,,,,,,,,,,,,,,,,,,,,,,,,,,,,,,,,Roller,Male,,,,,,,,,,,,,,,,,,,,55.264,15.75354726,14.50058182,14.753,0.001930552,0.001970567,,5.085
"Deltochilum (Rubrohyboma) rubripenne (Gory, 1831)",Deltochilum rubripenne,Deltochilini,https://doi.org/10.1371/journal.pone.0126112,,Santa Catarina/Brazil,,,Old,,,,,,,,,,,,,,,,,,,,,,,,,,,,Large,,,,,,,,,,,,,Diurnal,,NS,171.17,,,,,,,,,,,,,,,,,,,,,,,,,,,,,,,,,,,,Roller,Female,,,,,,,,,,,,,,,,,,,,55.142,13.64287084,14.50058182,13.714,0.001934823,0.001970567,,5.493
"Deltochilum (Rubrohyboma) rubripenne (Gory, 1831)",Deltochilum rubripenne,Deltochilini,https://doi.org/10.1371/journal.pone.0126112,,Santa Catarina/Brazil,,,Old,,,,,,,,,,,,,,,,,,,,,,,,,,,,Large,,,,,,,,,,,,,Diurnal,,SENW,95.21,,,,,,,,,,,,,,,,,,,,,,,,,,,,,,,,,,,,Roller,Female,,,,,,,,,,,,,,,,,,,,53.539,14.4496273,14.50058182,13.907,0.001992753,0.001970567,,5.364
"Deltochilum (Rubrohyboma) rubripenne (Gory, 1831)",Deltochilum rubripenne,Deltochilini,https://doi.org/10.1371/journal.pone.0126112,,Santa Catarina/Brazil,,,Immature,,,,,,,,,,,,,,,,,,,,,,,,,,,,Large,,,,,,,,,,,,,Diurnal,,SENW,226.39,,,,,,,,,,,,,,,,,,,,,,,,,,,,,,,,,,,,Roller,Male,,,,,,,,,,,,,,,,,,,,51.186,14.60312585,14.50058182,13.67,0.002084359,0.001970567,,5.095
"Deltochilum (Rubrohyboma) rubripenne (Gory, 1831)",Deltochilum rubripenne,Deltochilini,https://doi.org/10.1371/journal.pone.0126112,,Santa Catarina/Brazil,,,Young-mature,,,,,,,,,,,,,,,,,,,,,,,,,,,,Large,,,,,,,,,,,,,Diurnal,,NS,71,,,,,,,,,,,,,,,,,,,,,,,,,,,,,,,,,,,,Roller,Female,,,,,,,,,,,,,,,,,,,,48.542,15.17630431,14.50058182,13.571,0.00219789,0.001970567,,4.933
"Deltochilum (Rubrohyboma) rubripenne (Gory, 1831)",Deltochilum rubripenne,Deltochilini,https://doi.org/10.1371/journal.pone.0126112,,Santa Catarina/Brazil,,,Young-mature,,,,,,,,,,,,,,,,,,,,,,,,,,,,Large,,,,,,,,,,,,,Diurnal,,SENW,26.99,,,,,,,,,,,,,,,,,,,,,,,,,,,,,,,,,,,,Roller,Female,,,,,,,,,,,,,,,,,,,,47.928,14.68095218,14.50058182,13.263,0.002226047,0.001970567,,4.99
"Deltochilum (Rubrohyboma) rubripenne (Gory, 1831)",Deltochilum rubripenne,Deltochilini,https://doi.org/10.1371/journal.pone.0126112,,Santa Catarina/Brazil,,,Young-mature,,,,,,,,,,,,,,,,,,,,,,,,,,,,Large,,,,,,,,,,,,,Diurnal,,WE,54.24,,,,,,,,,,,,,,,,,,,,,,,,,,,,,,,,,,,,,Female,,,,,,,,,,,,,,,,,,,,,,,,,,,
"Deltochilum (Rubrohyboma) rubripenne (Gory, 1831)",Deltochilum rubripenne,Deltochilini,https://doi.org/10.1371/journal.pone.0126112,,Santa Catarina/Brazil,,,Young-mature,,,,,,,,,,,,,,,,,,,,,,,,,,,,Large,,,,,,,,,,,,,Diurnal,,NWSE,88.36,,,,,,,,,,,,,,,,,,,,,,,,,,,,,,,,,,,rare,Roller,Male,large,,,,,,,,,,,,,,,,,,,,,,,,,,
"Deltochilum (Rubrohyboma) rubripenne (Gory, 1831)",Deltochilum rubripenne,Deltochilini,https://doi.org/10.1371/journal.pone.0126112,,Santa Catarina/Brazil,,,Old,,,,,,,,,,,,,,,,,,,,,,,,,,,,Large,,,,,,,,,,,,,Diurnal,,NESW,353.46,,,,,,,,,,,,,,,,,,,,,,,,,,,,,,,,,,,,,Male,,,,,,,,,,,,,,,,,,,,,,,,,,,
"Deltochilum (Rubrohyboma) rubripenne (Gory, 1831)",Deltochilum rubripenne,Deltochilini,https://doi.org/10.1371/journal.pone.0126112,,Santa Catarina/Brazil,,,Young-mature,,,,,,,,,,,,,,,,,,,,,,,,,,,,Large,,,,,,,,,,,,,Diurnal,,NESW,543.26,,,,,,,,,,,,,,,,,,,,,,3.3,,,,,,,,,,,,,,Roller,Female,,,,,,,,,,,,,,,,,,,,,,,,,,2.7,
"Deltochilum (Rubrohyboma) rubripenne (Gory, 1831)",Deltochilum rubripenne,Deltochilini,https://doi.org/10.1371/journal.pone.0126112,,Santa Catarina/Brazil,,,Young-mature,,,,,,,,,,,,,,,,,,,,,,,,,,,,Large,,,,,,,,,,,,,Diurnal,,SWNE,71.53,,,,,,,,,,,,,,,,,,,,,,,,,,,,,,,,,,,,Roller,Female,,,,,,,,,,,,,,,,,,,,,,,,,,,
"Deltochilum (Rubrohyboma) rubripenne (Gory, 1831)",Deltochilum rubripenne,Deltochilini,https://doi.org/10.1371/journal.pone.0126112,,Santa Catarina/Brazil,,,Young-mature,,,,,,,,,,,,,,,,,,,,,,,,,,,,Large,,,,,,,,,,,,,Diurnal,,NWSE,26.99,,,,,,,,,,,,,,,,,,,,,0.285,,,,,,,,,,,,,,,Roller,Female,,,,,,,,,,,,,,,,,,Up,,,,,,,,,
"Deltochilum (Rubrohyboma) rubripenne (Gory, 1831)",Deltochilum rubripenne,Deltochilini,https://doi.org/10.1371/journal.pone.0126112,,Santa Catarina/Brazil,,,Young-mature,,,,,,,,,,,,,,,,,,,,,,,,,,,,Large,,,,,,,,,,,,,Diurnal,,,0,,,,,,,,,,,,,,,,,,,,,1.791,,,,,,,,,,,,,,,Roller,Male,,,,,,,,,,,,,,,,,,Down,,,,,,,,,
"Deltochilum (Rubrohyboma) rubripenne (Gory, 1831)",Deltochilum rubripenne,Deltochilini,https://doi.org/10.1590/S0001-37652013005000033,,Rio Grande do Sul/Brazil,,,,,,,,,,,,,,,,,,,,,,,,,,,,,,,,,,,,,,,,,,,,,,,,,,,,,,,,,,,,,,,,,,,,10.698,,,,,,,,,,,,,,,Roller,,,,,,,,,,,,,,,,,,,Down,,,,,,,,,
"Deltochilum (Rubrohyboma) rubripenne (Gory, 1831)",Deltochilum rubripenne,Deltochilini,https://doi.org/10.1111/ddi.12785,,Santa Catarina/Brazil,,,,,,,,,,,,,,,,,,,,0.1,,,,,,,,,,,,,,,,,,,,,,,,Diurnal,Necrophagous,,,,,,,,,,,,,,,,,,,,,,,6.98,,,,,,,,,,,,,,,Roller,,,,,,,,,,,,,,,,,,,Up,,,,,,,,,
"Deltochilum (Rubrohyboma) rubripenne (Gory, 1831)",Deltochilum rubripenne,Deltochilini,this study,Atibaia,Sao Paulo/Brazil,,,,,,,,,,,,,,,,,,,,,0.10669,,,,,,,,,,Medium,,,,,,,,,,,,DM013,Diurnal,Generalist/Necrophagous,,,,,,,,,,,,,,,,,,,,,,,5.902,,,,,,,,,,,,,,,Roller,,,,,,,,,,,,,,,,,,,Down,,,,,,,,,
"Deltochilum (Rubrohyboma) rubripenne (Gory, 1831)",Deltochilum rubripenne,Deltochilini,this study,Atibaia,Sao Paulo/Brazil,,,,,,,,,,,,,,,,,,,,,0.10669,,,,,,,,,,Medium,,,,,,,,,,,,DM008,Diurnal,Generalist/Necrophagous,,,,,,,,,,,,,,,,,,,,,,,2.164,,,,,,,,,,,,,,,Roller,,,,,,,,,,,,,,,,,,,Up,,,,,,,,,
"Deltochilum (Rubrohyboma) rubripenne (Gory, 1831)",Deltochilum rubripenne,Deltochilini,this study,Atibaia,Sao Paulo/Brazil,,,,,,,,,,,,,,,,,,,,,0.10669,,,,,,,,,,Medium,,,,,,,,,,,,DM016,Diurnal,Generalist/Necrophagous,,,,,,,,,,,,,,,,,,,,,,,5.145,,,,,,,,,,,,,,,Roller,,,,,,,,,,,,,,,,,,,Up,,,,,,,,,
"Deltochilum (Rubrohyboma) rubripenne (Gory, 1831)",Deltochilum rubripenne,Deltochilini,this study,Atibaia,Sao Paulo/Brazil,,,,,,,,,,,,,,,,,,,,,0.10669,,,,,,,,,,Medium,,,,,,,,,,,,DM014,Diurnal,Generalist/Necrophagous,,,,,,,,,,,,,,,,,,,,,,,1.578,,,,,,,,,,,,,,,Roller,,,,,,,,,,,,,,,,,,,Down,,,,,,,,,
"Deltochilum (Rubrohyboma) rubripenne (Gory, 1831)",Deltochilum rubripenne,Deltochilini,this study,Atibaia,Sao Paulo/Brazil,,,,,,,,,,,,,,,,,,,,,0.10669,,,,,,,,,,Medium,,,,,,,,,,,,DM007,Diurnal,Generalist/Necrophagous,,,,,,,,,,,,,,,,,,,,,,,0.931,,,,,,,,,,,,,,,Roller,,,,,,,,,,,,,,,,,,,Down,,,,,,,,,
"Deltochilum (Rubrohyboma) rubripenne (Gory, 1831)",Deltochilum rubripenne,Deltochilini,this study,Atibaia,Sao Paulo/Brazil,,,,,,,,,,,,,,,,,,,,,0.10669,,,,,,,,,,Medium,,,,,,,,,,,,DM015,Diurnal,Generalist/Necrophagous,,,,,,,,,,,,,,,,,,,,,,,7.749,,,,,,,,,,,,,,,Roller,,,,,,,,,,,,,,,,,,,Up,,,,,,,,,
"Deltochilum (Rubrohyboma) rubripenne (Gory, 1831)",Deltochilum rubripenne,Deltochilini,this study,Atibaia,Sao Paulo/Brazil,,,,,,,,,,,,,,,,,,,,,0.10669,,,,,,,,,,Medium,,,,,,,,,,,,DM012,Diurnal,Generalist/Necrophagous,,,,,,,,,,,,,,,,,,,,,,,2.85,,,,,,,,,,,,,,,Roller,,,,,,,,,,,,,,,,,,,Down,,,,,,,,,
"Deltochilum (Rubrohyboma) rubripenne (Gory, 1831)",Deltochilum rubripenne,Deltochilini,this study,Atibaia,Sao Paulo/Brazil,,,,,,,,,,,,,,,,,,,,,0.10669,,,,,,,,,,Medium,,,,,,,,,,,,DM011,Diurnal,Generalist/Necrophagous,,,,,,,,,,,,,,,,,,,,,,,11.402,,,,,,,,,,,,,,,Roller,,,,,,,,,,,,,,,,,,,Down,,,,,,,,,
"Deltochilum (Rubrohyboma) rubripenne (Gory, 1831)",Deltochilum rubripenne,Deltochilini,this study,Atibaia,Sao Paulo/Brazil,,,,,,,,,,,,,,,,,,,,,0.10669,,,,,,,,,,Medium,,,,,,,,,,,,DM010,Diurnal,Generalist/Necrophagous,,,,,,,,,,,,,,,,,,,,,,,7.989,,,,,,,,,,,,,,,Roller,,,,,,,,,,,,,,,,,,,Down,,,,,,,,,
"Deltochilum (Rubrohyboma) rubripenne (Gory, 1831)",Deltochilum rubripenne,Deltochilini,this study,Atibaia,Sao Paulo/Brazil,,,,,,,,,,,,,,,,,,,,,0.10669,,,,,,,,,,Medium,,,,,,,,,,,,DM009,Diurnal,Generalist/Necrophagous,,,,,,,,,,,,,,,,,,,,,,,10.219,,,,,,,,,,,,,,,Roller,,,,,,,,,,,,,,,,,,,Up,,,,,,,,,
Deltochilum aff. calcaratum,,Deltochilini,https://doi.org/10.1016/j.biocon.2013.11.023,,Bahia/Brazil,,,,,,,,,,,,,,,,,,,,0.19914,,,,,,,,,,,,,,,,,,,,,,,,,Necrophagous,,,,,,,,,,,Forest specialist,,,,,,,,,,,,1.928,,,,,,,,,,,,,,,Roller,,,,,,,,,,,,,,,,,,,Up,,,,,,,,,
Deltochilum aff. calcaratum,,Deltochilini,https://doi.org/10.1016/j.ecolind.2020.106534,,Bahia/Brazil,,,,,,,,,,,,,,,,,,,,,,,,,,,,,,,,13.13,,,,,,,,,,,,,Necrophagous,,,,,,,,,,,,,,,,,,,,,,,0,,,,,,,,,,,,,,,Roller,,,,,,,,,,,,,,,,,,,,,,,,,,,,
Deltochilum aff. irroratum sp.2,Deltochilum aff. irroratum,Deltochilini,https://doi.org/10.1002/ecs2.2491,,Parana/Brazil,,,,,,,,,,,,,,,,,,,,0.178,,,,,0.067,,,,,,,,,,,,,,,,,,,,Generalist,,,,,,,,,,,,,,,,,,,,,,,,,,,,,,,,,,,,,,Roller,,,,,,,,,,,,,,,,,,,,,,,,,,,,
Deltochilum aff. komareki,,Deltochilini,https://doi.org/10.1038/s41598-020-70284-8,,Misiones Province/Argentina,-0.0043,,,,,,,,,,,,,,,,,,,0.16,,,,,,,,,,,,,,,,,,,,,,,,Evening/Nocturnal/Crepuscular,,,,,,,,1.837,,,,Agroforestry parkland,,,,,,,,,,,,,,,,,,,,,,,,,,,Roller,,,,,,,,,,,,,,,,,,,,,,,,,,,,
Deltochilum aff. komareki,,Deltochilini,https://doi.org/10.1038/s41598-020-70284-8,,Misiones Province/Argentina,-6.00E-04,,,,,,,,,,,,,,,,,,,0.202,,,,,,,,,,,,,,,,,,,,,,,,Evening/Nocturnal/Crepuscular,,,,,,,,2.192,,,,Agroforestry parkland,,,,,,,,,,,,,,,,,,,,,,,,,,,Roller,,,,,,,,,,,,,,,,,,,,,,,,,,,,
Deltochilum aff. komareki,,Deltochilini,https://doi.org/10.1038/s41598-020-70284-8,,Misiones Province/Argentina,-0.007,,,,,,,,,,,,,,,,,,,0.239,,,,,,,,,,,,,,,,,,,,,,,,Evening/Nocturnal/Crepuscular,,,,,,,,3.507,,,,Agroforestry parkland,,,,,,,,,,,,,,,,,,,,,,,,,,,Roller,,,,,,,,,,,,,,,,,,,,,,,,,,,,
Deltochilum aff. komareki,,Deltochilini,https://doi.org/10.1038/s41598-020-70284-8,,Misiones Province/Argentina,0.0014,,,,,,,,,,,,,,,,,,,0.272,,,,,,,,,,,,,,,,,,,,,,,,Evening/Nocturnal/Crepuscular,,,,,,,,1.429,,,,Agroforestry parkland,,,,,,,,,,5.56,,,,,,,,,,,,,,,2.14,,Roller,,,,,,,,,,,,,,,,,,,,,,,,,,,,
Deltochilum aff. komareki,,Deltochilini,https://doi.org/10.1038/s41598-020-70284-8,,Misiones Province/Argentina,4.00E-04,,,,,,,,,,,,,,,,,,,0.288,,,,,,,,,,,,,,,,,,,,,,,,Evening/Nocturnal/Crepuscular,,,,,,,,1.129,,,,Agroforestry parkland,,,,,,,,,,,,,,,,0.05,0.19,,,,,,,,,,Roller,,,,,,,,,,,,,,,,,,,,,,,,,,,,
Deltochilum aff. komareki,,Deltochilini,https://doi.org/10.1038/s41598-022-05616-x,,Misiones Province/Argentina,,,,3.421,,,,,1.181,,,,,2.782,,,,,,0.071,,,,,,79.673,,,,,,,,,,,,,,,,,,,,,,,,,,,,,,,9.2478,,,,,,,,,,,,,,,,,,,,,,,,,,,,,,,,,,,,,,,,,,,,,,,,,,,,,,
Deltochilum aff. morbillosum sp.1,Deltochilum aff. morbillosum,Deltochilini,https://doi.org/10.1007/s42690-021-00680-8,,Rio de Janeiro/Brazil,,,,,,,,,,,,,,,,,,,,,,,,,,,,,,,,,,,,,,,,,,,,,,,,,,,,,,,,,,,,,,,,,,,,,,,,,,,,,,,,,,,Tunneler,,,,,,,,,,,,,,,,,,,,,,,,,,,,
Deltochilum aff. morbillosum sp.2,Deltochilum aff. morbillosum,Deltochilini,https://doi.org/10.1111/j.1744-7917.2012.01509.x,,Parana/Brazil,,,,,,,,,,,,,,,,,,,,,,,,,,,,,,,,,,,,,,,,,,,,,Necrophagous,,,,,,,,,,,,,,,,,,,,,,,,,,,,,,,,,,,,,,Tunneler,,,,,,,,,,,,,,,,,,,,,,,,,,,,
Deltochilum aff. valgum,,Deltochilini,https://doi.org/10.1649/0010-065X-73.3.693,Florianopolis - Lagoa do Peri,Santa Catarina/Brazil,,,,,,,,,,,,,,,,,,,,,,,,,,,,,,,Medium,,,,,,,,,,,,,,,,,,,,,,,,,,,,,,,,,,,,,,,,,,,,,,,,,,,rare,Tunneler,,narrow,,,,,,,,,,,,,,,,,,,,,,,,,,
Deltochilum sp.1,,Deltochilini,https://doi.org/10.1016/j.ecolind.2020.106534,,Bahia/Brazil,,,,,,,,,,,,,,,,,,,,,,,,,,,,,,,,13.39,,,,,,,,,,,,,,,,,,,,,,,,,,,,,,,,,,,,,,,,,,,,,,,,,,rare,Tunneler,,large,,,,,,,,,,,,,,,,,,,,,,,,,,
Deltochilum sp.4,,Deltochilini,https://doi.org/10.1111/btp.12418,,Sao Paulo/Brazil,,,,,,,,,,,,,,,,,,,,,,,,,,,,,,,,11.9,,,0,,,,,,,,,,,,,,,,,,,,,,,,,,,,,,,,,,3.5,,,,,,,,,,,,,,Tunneler,,,,,,,,,,,,,,,,,,,,,,,,,,,2.8,
"Diabroctis mimas (Linnaeus, 1758)",,Phanaeini,https://doi.org/10.1016/j.biocon.2013.11.023,,Bahia/Brazil,,,,,,,,,,,,,,,,,,,,0.11215,,,,,,,,,,,,,,,,,,,,,,,,Diurnal,Coprophagous,,,,,,,,,,,Habitat gener,,,,,,,,,,,,,,,,,,,,,,,,,,,Tunneler,,,,,,,,,,,,,,,,,,,,,,,,,,,,
"Diabroctis mimas (Linnaeus, 1758)",,Phanaeini,https://doi.org/10.1007/s10841-022-00412-4,,Pernambuco/Brazil,,,,,,,,,,,,,,,,,,,,,,,,,,,,,,,Large,,,,,,,,,,,,,,Coprophagous,,,,,,,,,,,Open environ. specialist,,,,,,,,,,,,,,,,,,,,,,,,,,,Tunneler,,,,,,,,,,,,,,,,,,,,,,,,,,,,
"Dichotomius (Cephagonus) ascanius (Harold, 1869)",Dichotomius ascanius,Coprini,https://doi.org/10.1007/s42690-021-00680-8,,Rio de Janeiro/Brazil,,,,,,,,,,,,,,,,,,,,,,,,,,,,,,,,,,,,,,,,,,,,,,,,,,,,,,,,,,,,,,,,,,,,,,,,,,,,,,,,,,,Tunneler,,,,,,,,,,,,,,,,,,,,,,,,,,,,
"Dichotomius (Cephagonus) ascanius (Harold, 1869)",Dichotomius ascanius,Coprini,https://doi.org/10.1007/s10841-022-00412-4,,Pernambuco/Brazil,,,,,,,,,,,,,,,,,,,,,,,,,,,,,,,Large,,,,,,,,,,,,,,Coprophagous,,,,,,,,,,,Forest specialist,,,,,,,,,,,,,,,,,,,,,,,,,,,Tunneler,,,,,,,,,,,,,,,,,,,,,,,,,,,,
"Dichotomius (Cephagonus) ascanius (Harold, 1869)",Dichotomius aff. ascanius,Coprini,https://doi.org/10.1649/0010-065X-73.3.693,"Campos Novos, Sao Pedro de Alcantara",Santa Catarina/Brazil,,,,,,,,,,,,,,,,,,,,,,,,,,,,,,,Medium,,,,,,,,,,,,,,Generalist,,,,,,,,,,,,,,,,,,,,,,,,,,,,,,,,,,,,,rare,Tunneler,,intermediate,,,,,,,,,,,,,,,,,,,,,,,,,,
"Dichotomius (Cephagonus) ascanius (Harold, 1869)",Dichotomius aff. pygidialis,Coprini,https://doi.org/10.1649/0010-065X-73.3.693,"Sao Miguel do Oeste, Campos Novos, Monte Castelo, Brusque, Santo Amaro da Imperatriz, Anitapolis, Itapema, Florianopolis - Lagoa do Peri, Florianopolis - Desterro",Santa Catarina/Brazil,,,,,,,,,,,,,,,,,,,,,,,,,,,,,,,Medium,,,,,,,,,,,,,Nocturnal,Generalist,,,,,,,,,,,,,,,,,,,,,,,,,,,,,,,,,,,,,,Tunneler,,,,,,,,,,,,,,,,,,,,,138.658,14.37540795,14.37540795,22.323,0.0011669,0.0011669,,8.529
"Dichotomius (Cephagonus) ascanius (Harold, 1869)",Dichotomius ascanius,Coprini,https://doi.org/10.1371/journal.pone.0201368,,Bahia/Brazil,,,,,,,,,,,,,,,,,,,,,,,,,,,,,,,,,,,,,,,,,,,,,,,,,,,,,,,,Habitat gener,,,,,,,,,,,,,,,,,,,,,,,,,,,,,,,,,,,,,,,,,,,,,,,,,,,,,,,
"Dichotomius (Cephagonus) ascanius (Harold, 1869)",Dichotomius ascanius,Coprini,https://doi.org/10.1002/ece3.9950,,Goiania/Brazil,,,,,,,,,,,,,,,,,,,,,,,,,,,,,,,,11.38,,,,,,,,,,,,Nocturnal,,,,,,,,,,0.38,,,,,,,,2.28,4.74,no,0.47,,,,,,,,,,,,,,,,,,,,,,,,,,,,,,,,,,,,,,,,,,,,,,
"Dichotomius (Cephagonus) ascanius (Harold, 1869)",Dichotomius ascanius,Coprini,https://doi.org/10.1111/btp.12722,,Parana/Brazil,,,,,,,,,,,,,,,,,,,,0.054,,,,,,,,,,,,,,,,,,,,,,,,,,,,,,,,,,,,,,,,,,,,,,,,,,,,,,,,,,,,,,,,,,,,,,,,,,,,,,,,,,,,,,,,,,,
"Dichotomius (Cephagonus) ascanius (Harold, 1869)",Dichotomius ascanius,Coprini,https://doi.org/10.1371/journal.pone.0244783,,Santa Catarina/Brazil,,0.2,,,,,,,,,,,,,,,,,,0.067,,,,,,,,,,,,,,,,,,,,,,,,Nocturnal,Generalist,,,,,,,,0.2,,8.7,,,,,,,,,,,,,,,,,,,,,,,,,,,,Tunneler,,,,,,,,,,,,,,,,,,,,,,,,,,,,
"Dichotomius (Cephagonus) ascanius (Harold, 1869)",Dichotomius aff. pygidialis,Coprini,https://doi.org/10.1111/ddi.12785,,Santa Catarina/Brazil,,,,,,,,,,,,,,,,,,,,0.078,,,,,,,,,,,,,,,,,,,,,,,,Nocturnal,Generalist,,,,,,,,,,,,,,,,,,,,,,,,,,,,,,,,,,,,,,Tunneler,,,,,,,,,,,,,,,,,,,,,,,,,,,,
"Dichotomius (Cephagonus) ascanius (Harold, 1869)",Dichotomius ascanius,Coprini,this study,Jarinu,Sao Paulo/Brazil,,,,,,,,,,,,,,,,,,,,,0.05767,,,,,,,,,,Medium,,,,,,,,,,,,DM043,Nocturnal,Generalist,,,,,,,,,,,,,,,,,,,,,,,,,,,,,,,,,,,,,,Tunneler,,,,,,,,,,,,,,,,,,,,,,,,,,,,
"Dichotomius (Cephagonus) ascanius (Harold, 1869)",Dichotomius ascanius,Coprini,this study,Jarinu,Sao Paulo/Brazil,,,,,,,,,,,,,,,,,,,,,0.05767,,,,,,,,,,Medium,,,,,,,,,,,,DM048,Nocturnal,Generalist,,,,,,,,,,,,,,,,,,,,,,,,,,,,,,,,,,,,,,,,,,,,,,,,,,,,,,,,,,,,,,,,,,
"Dichotomius (Cephagonus) ascanius (Harold, 1869)",Dichotomius ascanius,Coprini,this study,Jarinu,Sao Paulo/Brazil,,,,,,,,,,,,,,,,,,,,,0.05767,,,,,,,,,,Medium,,,,,,,,,,,,DM045,Nocturnal,Generalist,,,,,,,,,,,,,,,,,,,,,,,,,,,,,,,,,,,,,,,,,,,,,,,,,,,,,,,,,,,,,,,,,,
"Dichotomius (Cephagonus) ascanius (Harold, 1869)",Dichotomius ascanius,Coprini,this study,Santa Isabel,Sao Paulo/Brazil,,,,,,,,,,,,,,,,,,,,,0.05767,,,,,,,,,,Medium,,,,,,,,,,,,DM049,Nocturnal,Generalist,,,,,,,,,,,,,,,,,,,,,,,,,,,,,,,,,,,,,,Tunneler,,,,,,,,,,,,,,,,,,,,,120.043,13.34589002,13.66803138,20.013,0.001007639,0.001121421,,8.219
"Dichotomius (Cephagonus) ascanius (Harold, 1869)",Dichotomius ascanius,Coprini,this study,Jarinu,Sao Paulo/Brazil,,,,,,,,,,,,,,,,,,,,,0.05767,,,,,,,,,,Medium,,,,,,,,,,,,DM042,Nocturnal,Generalist,,,,,,,,,,,,,,,,,,,,,,,,,,,,,,,,,,,,,,Tunneler,,,,,,,,,,,,,,,,,,,,,116.184,13.44681433,13.66803138,19.763,0.001041107,0.001121421,,7.825
"Dichotomius (Cephagonus) ascanius (Harold, 1869)",Dichotomius ascanius,Coprini,this study,Bragan≈£a Paulista,Sao Paulo/Brazil,,,,,,,,,,,,,,,,,,,,,0.05767,,,,,,,,,,Medium,,,,,,,,,,,,DM041,Nocturnal,Generalist,,,,,,,,,,,,,,,,,,,,,,,,,,,,,,,,,,,,,,Tunneler,,,,,,,,,,,,,,,,,,,,,103.801,14.00657893,13.66803138,19.065,0.001165307,0.001121421,,7.258
"Dichotomius (Cephagonus) ascanius (Harold, 1869)",Dichotomius ascanius,Coprini,this study,Nazare Paulista,Sao Paulo/Brazil,,,,,,,,,,,,,,,,,,,,,0.05767,,,,,,,,,,Medium,,,,,,,,,,,,DM047,Nocturnal,Generalist,,,,,,,,,,,,,,,,,,,,,,,,,,,,,,,,,,,,,,Tunneler,,,,,,,,,,,,,,,,,,,,,102.217,13.92677245,13.66803138,18.865,0.001183365,0.001121421,,7.457
"Dichotomius (Cephagonus) ascanius (Harold, 1869)",Dichotomius ascanius,Coprini,this study,Santa Isabel,Sao Paulo/Brazil,,,,,,,,,,,,,,,,,,,,,0.05767,,,,,,,,,,Medium,,,,,,,,,,,,DM050,Nocturnal,Generalist,,,,,,,,,,,,,,,,,,,,,,,,,,,,,,,,,,,,,,Tunneler,,,,,,,,,,,,,,,,,,,,,99.993,13.61410115,13.66803138,18.448,0.001209685,0.001121421,,7.271
"Dichotomius (Cephagonus) ascanius (Harold, 1869)",Dichotomius ascanius,Coprini,this study,Jarinu,Sao Paulo/Brazil,,,,,,,,,,,,,,,,,,,,,0.05767,,,,,,,,,,Medium,,,,,,,,,,,,DM046,Nocturnal,Generalist,,,,,,,,,,,,,,,,,,,,,,,,,,,,,,,,,,,,,rare,Tunneler,,narrow,,,,,,,,,,,,,,,,,,,,,,,,,,
"Dichotomius (Cephagonus) ascanius (Harold, 1869)",Dichotomius ascanius,Coprini,this study,Jarinu,Sao Paulo/Brazil,,,,,,,,,,,,,,,,,,,,,0.05767,,,,,,,,,,Medium,,,,,,,,,,,,DM044,Nocturnal,Generalist,,,,,,,,,,,,,,,,,,,,,,,,,,,,,,,,,,,,,rare,Tunneler,,large,,,,,,,,,,,,,,,,,,,,,,,,,,
"Dichotomius (Cephagonus) baiano Nunes & Vaz-de-Mello, 2020",Dichotomius aff. fissus,Coprini,https://doi.org/10.1371/journal.pone.0201368,,Bahia/Brazil,,,,,,,,,,,,,,,,,,,,,,,,,,,,,,,,,,,,,,,,,,,,,,,,,,,,,,,,Forest specialist,,,,,,,,,,,,,,,,,,,,,,,,,,,Tunneler,,,,,,,,,,,,,,,,,,,,,,,,,,,,
"Dichotomius (Cephagonus) fissus (Harold, 1867)",Dichotomius fissus,Coprini,https://doi.org/10.1007/s42690-021-00680-8,,Rio de Janeiro/Brazil,,,,,,,,,,,,,,,,,,,,,,,,,,,,,,,,,,,,,,,,,,,,,,,,,,,,,,,,,,,,,,,,,,,,,,,,,,,,,,,,,,,Tunneler,,,,,,,,,,,,,,,,,,,,,,,,,,,,
"Dichotomius (Cephagonus) fissus (Harold, 1867)",Dichotomius fissus,Coprini,https://doi.org/10.1016/j.biocon.2023.109957,,Sao Paulo/Brazil,,,,,,,,,,,,,,,,,,,,,,,,,,,,,,,,,,,,,,,,,,,,,,,,,,,,,,,,Habitat gener,,,,,,,,,,,,,,,,,,,,,,,,,,,Tunneler,,,,,,,,,,,,,,,,,,,,,,,,,,,,
"Dichotomius (Cephagonus) fissus (Harold, 1867)",Dichotomius fissus,Coprini,https://doi.org/10.1590/S0085-56262013000100008,,Santa Catarina/Brazil,,,,,,,,,,,,,,,,,,,,0.437,,,,,,,,,,,Large,,,,,,,,,,,,,,,,,,,,,,,,,,,,,,,,,,0.6,,,,,,,,,,,,,,,,,,Tunneler,,,,,,,,,,,,,,,,,,,,,,,,,,,,
"Dichotomius (Cephagonus) fissus (Harold, 1867)",Dichotomius fissus,Coprini,https://doi.org/10.1649/0010-065X-73.3.693,"Campos Novos, Antonio Carlos, Sao Pedro de Alcantara, Santo Amaro da Imperatriz, Sao Bonifacio, Porto Belo - Bombinhas",Santa Catarina/Brazil,,,,,,,,,,,,,,,,,,,,,,,,,,,,,,,Medium,,,,,,,,,,,,,,Generalist,,,,,,,,,,,,,,,,,,,,,,,,,,,,,,,,,,,,,,Tunneler,,,,,,,,,,,,,,,,,,,,,,,,,,,,
"Dichotomius (Cephagonus) fissus (Harold, 1867)",Dichotomius fissus,Coprini,https://doi.org/10.1111/btp.12418,,Sao Paulo/Brazil,,,,,,,,,,,,,,,,,,,,,,,,,,,,,,,,22.89,,,1.85,,,,,,,,,,,,,,,,,,,,,,,,,,,,,,,,,,,,,,,,,,,,,,,,Tunneler,,,,,,,,,,,,,,,,,,,,,,,,,,,,
"Dichotomius (Cephagonus) fissus (Harold, 1867)",Dichotomius fissus,Coprini,https://doi.org/10.1002/ecs2.2491,,Parana/Brazil,,,,,,,,,,,,,,,,,,,,0.277,,,,,0.056,,,,,,,,,,,,,,,,,,,,Coprophagous,,,,,,,,,,,,,,,,,,,,,,,,,,,,,,,,,,,,,,,,,,,,,,,,,,,,,,,,,,,,,,,,,,
"Dichotomius (Cephagonus) fissus (Harold, 1867)",Dichotomius fissus,Coprini,https://doi.org/10.1371/journal.pone.0244783,,Santa Catarina/Brazil,,0.2,,,,,,,,,,,,,,,,,,0.284,,,,,,,,,,,,,,,,,,,,,,,,Nocturnal,Coprophagous,,,,,,,,0.2,,12.4,,,,,,,,,,,,,,,,,,,,,,,,,,,rare,Tunneler,,narrow,,,,,,,,,,,,,,,,,,,,,,,,,,
"Dichotomius (Cephagonus) fissus (Harold, 1867)",Dichotomius fissus,Coprini,this study,,Sao Paulo/Brazil,,,,,,,,,,,,,,,,,,,,,0.15138,,,,,,,,,,Large,,,,,,,,,,,,,Nocturnal,Generalist,,,,,,,,,,,,,,,,,,,,,,,,,,,,,,,,,,,,,,Tunneler,,,,,,,,,,,,,,,,,,,,,,,,,,,,
"Dichotomius (Cephagonus) mundus (Harold, 1869)",Dichotomius aff. mundus,Coprini,https://doi.org/10.1111/j.1744-7917.2012.01509.x,,Parana/Brazil,,,,,,,,,,,,,,,,,,,,,,,,,,,,,,,,,,,,,,,,,,,,,Saprophagous,,,,,,,,,,,,,,,,,,,,,,,,,,,,,,,,,,,,,,Tunneler,,,,,,,,,,,,,,,,,,,,,75.976,13.03186738,13.87252117,15.733,0.000759055,0.000907974,,6.103
"Dichotomius (Cephagonus) quadraticeps (Felsche, 1901)",,Coprini,this study,,Sao Paulo/Brazil,,,,,,,,,,,,,,,,,,,,,0.1008,,,,,,,,,,Large,,,,,,,,,,,,,Nocturnal,Generalist,,,,,,,,,,,,,,,,,,,,,,,,,,,,,,,,,,,,,,,,,,,,,,,,,,,,,,,,,,,,,,,,,,
"Dichotomius (Cephagonus) socius (Luederwaldt, 1929)",,Coprini,this study,Joanopolis,Sao Paulo/Brazil,,,,,,,,,,,,,,,,,,,,,0.09753,,,,,,,,,,Large,,,,,,,,,,,,DM082,Nocturnal,Generalist,,,,,,,,,,,,,,,,,,,,,,,0,,,,,,,,,,,,,,,Tunneler,,,,,,,,,,,,,,,,,,,,,,,,,,,,
"Dichotomius (Cephagonus) spadiceus (Luederwaldt, 1928)",Dichotomius aff. acuticornis,Coprini,https://doi.org/10.1649/0010-065X-73.3.693,"Ipumirim, Antonio Carlos, Sao Bonifacio",Santa Catarina/Brazil,,,,,,,,,,,,,,,,,,,,,,,,,,,,,,,Medium,,,,,,,,,,,,,,Generalist/Coprophagous,,,,,,,,,,,,,,,,,,,,,,,,,,,,,,,,,,,,,,,,,,,,,,,,,,,,,,,,,,,,,,,,,,
"Dichotomius (Cephagonus) spadiceus (Luederwaldt, 1928)",Dichotomius aff. acuticornis,Coprini,https://doi.org/10.1371/journal.pone.0244783,,Santa Catarina/Brazil,,0.2,,,,,,,,,,,,,,,,,,0.103,,,,,,,,,,,,,,,,,,,,,,,,Nocturnal,Coprophagous,,,,,,,,0.2,,8.5,,,,,,,,,,,,,,,,,,,,,,,,,,,,,,,,,,,,,,,,,,,,,,,,,,,,,,,,
"Dichotomius (Cephagonus) spadiceus (Luederwaldt, 1928)",Dichotomius aff. acuticornis,Coprini,https://doi.org/10.1590/S0073-47212012000200012,,Rio Grande do Sul/Brazil,,,,,,,,,,,,,,,,,,,,,,,,,,,,,,,,,,,,,,,,,,,,,,,,,,,,,,,,,,,,,,,,,,,,,,,,,,,,,,,,,,,Tunneler,,,,,,,,,,,,,,,,,,,,,,,,,,,,
"Dichotomius (Cephagonus) spadiceus (Luederwaldt, 1928)",Dichotomius aff. acuticornis,Coprini,https://doi.org/10.1590/S0001-37652013005000033,,Rio Grande do Sul/Brazil,,,,,,,,,,,,,,,,,,,,,,,,,,,,,,,,,,,,,,,,,,,,,,,,,,,,,,,,,,,,,,,,,,,,,,,,,,,,,,,,,,,,,,,,,,,,,,,,,,,,,,,,,,,,,,,
"Dichotomius (Cephagonus) spadiceus (Luederwaldt, 1928)",Dichotomius aff. acuticornis,Coprini,https://doi.org/10.1111/aec.12675,,Santa Catarina/Brazil,,,,,,,,,,,,,,,,,,,,,,,,,,,,,,,Large,,,,,,,,,,,,,Diurnal/Nocturnal,,,,,,,,,,,,,,,,,,,,,,,,,,,,,,,,,,,,,,rare,Dweller,,narrow,,,,,,,,,,,,,,,,,,,,,,,,,,
"Dichotomius (Dichotomius) bos (Blanchard, 1845)",Dichotomius bos,Coprini,https://doi.org/10.1016/j.biocon.2013.11.023,,Bahia/Brazil,,,,,,,,,,,,,,,,,,,,0.441,,,,,,,,,,,,,,,,,,,,,,,,Nocturnal,Coprophagous,,,,,,,,,,,Open environ. specialist,,,,,,,,,,,30.894,,,,,,,,,,,,,,,,,,,,,,,,-0.0053,,,,,,,,,,,,,,,,,,,,
"Dichotomius (Dichotomius) bos (Blanchard, 1845)",Dichotomius bos,Coprini,https://doi.org/10.1371/journal.pone.0201368,,Bahia/Brazil,,,,,,,,,,,,,,,,,,,,,,,,,,,,,,,,,,,,,,,,,,,,,,,,,,,,,,,,Habitat gener,,,,,,,,,,,29.381,,,,,,,,,,,,,,,,,,,,,,,,-7.00E-04,,,,,,,,,,,,,,,,,,,,
"Dichotomius (Dichotomius) bos (Blanchard, 1845)",Dichotomius bos,Coprini,https://doi.org/10.1590/1676-0611-BN-2023-1567,,Brazil,,,,,,,,,,,,,,,,,,,,,,,,,,,,,,,,,25,28,,,,,,>100,,,,,,,,,,,,,,,,,,,,,,,,,,,29.837,,,,,,,,,,,,,,,,,,,,,,,,-0.0015,,,,,,,,,,,,,,,,,,,,
"Dichotomius (Dichotomius) bos (Blanchard, 1845)",Dichotomius bos,Coprini,this study,Atibaia,Sao Paulo/Brazil,,,,,,,,,,,,,,,,,,,,,0.38485,,,,,,,,,,Large,,,,,,,,,,,,DM058,Nocturnal,Coprophagous,,,,,,,,,,,,,,,,,,,,,,31.91,,,,,,,,,,,,,,,,,,,,,,,,-0.0046,,,,,,,,,,,,,,,,,,,,
"Dichotomius (Dichotomius) bos (Blanchard, 1845)",Dichotomius bos,Coprini,this study,Atibaia,Sao Paulo/Brazil,,,,,,,,,,,,,,,,,,,,,0.38485,,,,,,,,,,Large,,,,,,,,,,,,DM052,Nocturnal,Coprophagous,,,,,,,,,,,,,,,,,,,,,,29.916,,,,,,,,,,,,,,,,,,,,,,,,-0.0024,,,,,,,,,,,,,,,,,,,,
"Dichotomius (Dichotomius) bos (Blanchard, 1845)",Dichotomius bos,Coprini,this study,Atibaia,Sao Paulo/Brazil,,,,,,,,,,,,,,,,,,,,,0.38485,,,,,,,,,,Large,,,,,,,,,,,,DM051,Nocturnal,Coprophagous,,,,,,,,,,,,,,,,,,,,,,,,,,,,,,9.091,,,,,,,,Tunneler,,,0.308,,,,,,1.347,,,,,17.952,,,,,,,,,,,,,,
"Dichotomius (Dichotomius) bos (Blanchard, 1845)",Dichotomius bos,Coprini,this study,Atibaia,Sao Paulo/Brazil,,,,,,,,,,,,,,,,,,,,,0.38485,,,,,,,,,,Large,,,,,,,,,,,,DM059,Nocturnal,Coprophagous,,,,,,,,,,,,,,,,,,,,,,,,,,,,,,,,,,,,,,,,,,,,,,,,,,,,,,,,,,,,,,,,,,
"Dichotomius (Dichotomius) bos (Blanchard, 1845)",Dichotomius bos,Coprini,this study,Atibaia,Sao Paulo/Brazil,,,,,,,,,,,,,,,,,,,,,0.38485,,,,,,,,,,Large,,,,,,,,,,,,DM060,Nocturnal,Coprophagous,,,,,,,,,,,,,,,,,,,,,,,,,,,,,,,,,,,,,,,,,,,,,,,,,,,,,,,,,,,,,,,,,,
"Dichotomius (Dichotomius) bos (Blanchard, 1845)",Dichotomius bos,Coprini,this study,Atibaia,Sao Paulo/Brazil,,,,,,,,,,,,,,,,,,,,,0.38485,,,,,,,,,,Large,,,,,,,,,,,,DM053,Nocturnal,Coprophagous,,,,,,,,,,,,,,,,,,,,,,,,,,,,,,,,,,,,,,Tunneler,,,,,,,,,,,,,,,,,,,,,,,,,,,,
"Dichotomius (Dichotomius) bos (Blanchard, 1845)",Dichotomius bos,Coprini,this study,Atibaia,Sao Paulo/Brazil,,,,,,,,,,,,,,,,,,,,,0.38485,,,,,,,,,,Large,,,,,,,,,,,,DM056,Nocturnal,Coprophagous,,,,,,,,,,,,,,,,,,,,,,,,,,,,,,,,,,,,,,Tunneler,,,,,,,,,,,,,,,,,,,,,,,,,,,,
"Dichotomius (Dichotomius) bos (Blanchard, 1845)",Dichotomius bos,Coprini,this study,Atibaia,Sao Paulo/Brazil,,,,,,,,,,,,,,,,,,,,,0.38485,,,,,,,,,,Large,,,,,,,,,,,,DM057,Nocturnal,Coprophagous,,,,,,,,,,,,,,,,,,,,,,,,,,,,,,,,,,,,,,Tunneler,,,,,,,,,,,,,,,,,,,,,,,,,,,,
"Dichotomius (Dichotomius) bos (Blanchard, 1845)",Dichotomius bos,Coprini,this study,Atibaia,Sao Paulo/Brazil,,,,,,,,,,,,,,,,,,,,,0.38485,,,,,,,,,,Large,,,,,,,,,,,,DM055,Nocturnal,Coprophagous,,,,,,,,,,,,,,,,,,,,,,,,,,,,,,,,,,,,,,,,,,,,,,,,,,,,,,,,,,,,,,,,,,
"Dichotomius (Dichotomius) bos (Blanchard, 1845)",Dichotomius bos,Coprini,this study,Atibaia,Sao Paulo/Brazil,,,,,,,,,,,,,,,,,,,,,0.38485,,,,,,,,,,Large,,,,,,,,,,,,DM054,Nocturnal,Coprophagous,,,,,,,,,,,,,,,,,,,,,,,,,,,,,,,,,,,,,,Tunneler,,,,,,,,,,,,,,,,,,,,,262.785,13.20529126,14.38426392,29.454,0.000925852,0.001169828,,11.806
"Dichotomius (Dichotomius) depressicollis (Harold, 1867)",Dichotomius depressicollis,Coprini,https://doi.org/10.1016/j.biocon.2013.11.023,,Bahia/Brazil,,,,,,,,,,,,,,,,,,,,0.2902,,,,,,,,,,,,,,,,,,,,,,,,Nocturnal,Coprophagous,,,,,,,,,,,Forest specialist,,,,,,,,,,,,,,,,,,,,,,,,,,,Tunneler,,,,,,,,,,,,,,,,,,,,,229.648,14.05654678,14.25059615,28.408,0.001059448,0.00114279,,11.103
"Dichotomius (Dichotomius) depressicollis (Harold, 1867)",Dichotomius depressicollis,Coprini,https://doi.org/10.1002/eap.1562,,Bahia/Brazil,,,,,,,,,,,,,,,,,,,,,,,,,,,,,,,Large,,,,,,,,,,,,,Nocturnal,Coprophagous,,,,,,,,,,,,,,,,,,,,,,,,,,,,,,,,,,,,,,Tunneler,,,,,,,,,,,,,,,,,,,,,218.514,14.29106567,14.38426392,27.941,0.00111343,0.001169828,,9.946
"Dichotomius (Dichotomius) depressicollis (Harold, 1867)",Dichotomius depressicollis,Coprini,https://doi.org/10.1016/j.biocon.2023.109957,,Sao Paulo/Brazil,,,,,,,,,,,,,,,,,,,,,,,,,,,,,,,,,,,,,,,,,,,,,,,,,,,,,,,,Forest specialist,,,,,,,,,,,,,,,,,,,,,,,,,,,Tunneler,,,,,,,,,,,,,,,,,,,,,215.024,13.56730478,14.25059615,27.006,0.001131502,0.00114279,,10.824
"Dichotomius (Dichotomius) depressicollis (Harold, 1867)",Dichotomius depressicollis,Coprini,https://doi.org/10.1007/s10841-022-00412-4,,Pernambuco/Brazil,,,,,,,,,,,,,,,,,,,,,,,,,,,,,,,Large,,,,,,,,,,,,,,Coprophagous,,,,,,,,,,,Forest specialist,,,,,,,,,,,,,,,,,,,,,,,,,,,Tunneler,,,,,,,,,,,,,,,,,,,,,213.133,13.84015307,14.25059615,27.156,0.001141541,0.00114279,,10.615
"Dichotomius (Dichotomius) depressicollis (Harold, 1867)",Dichotomius depressicollis,Coprini,https://doi.org/10.1016/j.apsoil.2020.103652,,Misiones Province/Argentina,,,,,,,,,,,,,,,,,,,1.13,,,0,0.19,0.94,,,,,,,,,,,,,,,,,,,,,,,,,,,,,,,,,,,,,,,,,,,,,,,,,,,,,,,,,,,Tunneler,,,,,,,,,,,,,,,,,,,,,210.938,15.30227174,14.25059615,28.407,0.001153419,0.00114279,,9.946
"Dichotomius (Dichotomius) depressicollis (Harold, 1867)",Dichotomius depressicollis,Coprini,https://doi.org/10.1038/s41598-022-05616-x,,Misiones Province/Argentina,,,,8.923,,,,,6.024,,,,,5.012,,,,,,0.198,,,,,,213.318,,,,,,,,,,,,,,,,,,,,,,,,,,,,,,,30.2773,,,,,,,,,,,,,,,,,,,,,,,,,,Tunneler,,,,,,,,,,,,,,,,,,,,,193.404,14.18618229,14.38426392,26.19,0.001257988,0.001169828,,9.466
"Dichotomius (Dichotomius) depressicollis (Harold, 1867)",Dichotomius depressicollis,Coprini,https://doi.org/10.1673/031.011.0113,,Sao Paulo/Brazil,,,,,,,,,,,,,,,,,,,,,,,,,,,,,,,,21.25,,,0.506,,,,,,26.5,0.403,,Nocturnal,,,,,,,,,,,,,,,,,,,,,,,,,,,,,,,,,,,,,,,Tunneler,,,,,,,,,,,,,,,,,,,,,174.024,15.11078012,14.25059615,25.64,0.001398083,0.00114279,,9.223
"Dichotomius (Dichotomius) depressicollis (Harold, 1867)",Dichotomius depressicollis,Coprini,https://doi.org/10.1649/0010-065X-73.3.693,"Ipumirim, Campos Novos",Santa Catarina/Brazil,,,,,,,,,,,,,,,,,,,,,,,,,,,,,,,Large,,,,,,,,,,,,,,Necrophagous,,,,,,,,,,,,,,,,,,,,,,,,,,,,,,,,,,,,,,Tunneler,,,,,,,,,,,,,,,,,,,,,173.973,14.81721867,14.38426392,25.386,0.001398493,0.001169828,,8.842
"Dichotomius (Dichotomius) depressicollis (Harold, 1867)",Dichotomius depressicollis,Coprini,https://doi.org/10.1111/btp.12418,,Sao Paulo/Brazil,,,,,,,,,,,,,,,,,,,,,,,,,,,,,,,,21.24,,,2.46,,,,,,,,,,,,,,,,,,,,,,,,,,,,,,,,,,,,,,,,,,,,,,,,Tunneler,,,,,,,,,,,,,,,,,,,,,,,,,,,,
"Dichotomius (Dichotomius) depressicollis (Harold, 1867)",Dichotomius depressicollis,Coprini,https://doi.org/10.1111/btp.12722,,Parana/Brazil,,,,,,,,,,,,,,,,,,,,0.35,,,,,,,,,,,,,,,,,,,,,,,,,,,,,,,,,,,,,,,,,,,,,,,,,,,,,,,,,,,,,,,Tunneler,,,,,,,,,,,,,,,,,,,,,,,,,,,,
"Dichotomius (Dichotomius) depressicollis (Harold, 1867)",Dichotomius depressicollis,Coprini,https://doi.org/10.1016/j.ecolind.2020.106534,,Bahia/Brazil,,,,,,,,,,,,,,,,,,,,,,,,,,,,,,,,15.53,,,,,,,,,,,,,,,,,,,,,,,,,,,,,,,,,,,,,,,,,,,11.367,,,,,,,,Tunneler,,,0.33,,,,,,1.774,,,,,22.221,,,,,,,,,,,,,,
"Dichotomius (Dichotomius) depressicollis (Harold, 1867)",Dichotomius depressicollis,Coprini,this study,Jarinu,Sao Paulo/Brazil,,,,,,,,,,,,,,,,,,,,,0.2433,,,,,,,,,,Large,,,,,,,,,,,,DM020,Nocturnal,Coprophagous,,,,,,,,,,,,,,,,,,,,,,,,,,,,,,,,,,,,,,,,,,,,,,,,,,,,,,,,,,,,,,,,,,
"Dichotomius (Dichotomius) depressicollis (Harold, 1867)",Dichotomius depressicollis,Coprini,this study,Mairipora,Sao Paulo/Brazil,,,,,,,,,,,,,,,,,,,,,0.2433,,,,,,,,,,Large,,,,,,,,,,,,DM006,Nocturnal,Coprophagous,,,,,,,,,,,,,,,,,,,,,,,,,,,,,,,,,,,,,rare,Tunneler,,intermediate,,,,,,,,,,,,,,,,,,,,,,,,,,
"Dichotomius (Dichotomius) depressicollis (Harold, 1867)",Dichotomius depressicollis,Coprini,this study,Mairipora,Sao Paulo/Brazil,,,,,,,,,,,,,,,,,,,,,0.2433,,,,,,,,,,Large,,,,,,,,,,,,DM005,Nocturnal,Coprophagous,,,,,,,,,,,,,,,,,,,,,,,,,,,0.1,0,,,,,,,,,,Tunneler,,,,,,,,,,,,,,,,,,,,,,,,,,,,
"Dichotomius (Dichotomius) depressicollis (Harold, 1867)",Dichotomius depressicollis,Coprini,this study,Jarinu,Sao Paulo/Brazil,,,,,,,,,,,,,,,,,,,,,0.2433,,,,,,,,,,Large,,,,,,,,,,,,DM017,Nocturnal,Coprophagous,,,,,,,,,,,,,,,,,,,,,,,,,,,,,,,,,,,,,,Tunneler,,,,,,,,,,,,,,,,,,,,,,,,,,,,
"Dichotomius (Dichotomius) depressicollis (Harold, 1867)",Dichotomius depressicollis,Coprini,this study,Joanopolis,Sao Paulo/Brazil,,,,,,,,,,,,,,,,,,,,,0.2433,,,,,,,,,,Large,,,,,,,,,,,,DM001,Nocturnal,Coprophagous,,,,,,,,,,,,,,,,,,,,,3.99,,,,,,,,,,,,,,,6.08,,Tunneler,,,,,,,,,,,,,,,,,,,,,,,,,,,,
"Dichotomius (Dichotomius) depressicollis (Harold, 1867)",Dichotomius depressicollis,Coprini,this study,Joanopolis,Sao Paulo/Brazil,,,,,,,,,,,,,,,,,,,,,0.2433,,,,,,,,,,Large,,,,,,,,,,,,DM003,Nocturnal,Coprophagous,,,,,,,,,,,,,,,,,,,,,,,,,,,,,,,,,,,,,,Tunneler,,,,,,,,,,,,,,,,,,,,,184.84,13.72830489,13.30221889,25.187,0.002305994,0.002415093,,9.659
"Dichotomius (Dichotomius) depressicollis (Harold, 1867)",Dichotomius depressicollis,Coprini,this study,Mairipora,Sao Paulo/Brazil,,,,,,,,,,,,,,,,,,,,,0.2433,,,,,,,,,,Large,,,,,,,,,,,,DM002,Nocturnal,Coprophagous,,,,,,,,,,,,,,,,,,,,,,,,,,,,,,,,,,,,,,Tunneler,,,,,,,,,,,,,,,,,,,,,184.346,13.09788682,13.30221889,24.569,0.002312174,0.002415093,,9.817
"Dichotomius (Dichotomius) depressicollis (Harold, 1867)",Dichotomius depressicollis,Coprini,this study,Jarinu,Sao Paulo/Brazil,,,,,,,,,,,,,,,,,,,,,0.2433,,,,,,,,,,Large,,,,,,,,,,,,DM019,Nocturnal,Coprophagous,,,,,,,,,,,,,,,,,,,,,,,,,,,,,,,,,,,,,,Tunneler,,,,,,,,,,,,,,,,,,,,,175.106,13.26982294,13.30221889,24.102,0.002434183,0.002415093,,9.684
"Dichotomius (Dichotomius) depressicollis (Harold, 1867)",Dichotomius depressicollis,Coprini,this study,Joanopolis,Sao Paulo/Brazil,,,,,,,,,,,,,,,,,,,,,0.2433,,,,,,,,,,Large,,,,,,,,,,,,DM004,Nocturnal,Coprophagous,,,,,,,,,,,,,,,,,,,,,,,,,,,,,,,,,,,,,,Tunneler,,,,,,,,,,,,,,,,,,,,,173.585,13.1604552,13.30221889,23.898,0.002455512,0.002415093,,9.659
"Dichotomius (Dichotomius) depressicollis (Harold, 1867)",Dichotomius depressicollis,Coprini,this study,Jarinu,Sao Paulo/Brazil,,,,,,,,,,,,,,,,,,,,,0.2433,,,,,,,,,,Large,,,,,,,,,,,,DM018,Nocturnal,Coprophagous,,,,,,,,,,,,,,,,,,,,,,,,,,,,,,,,,,,,,,Tunneler,,,,,,,,,,,,,,,,,,,,,166.007,13.25462459,13.30221889,23.454,0.002567603,0.002415093,,9.292
"Dichotomius (Dichotomius) mormon (Ljungh, 1799)",Dichotomius mormon,Coprini,https://doi.org/10.1007/s42690-021-00680-8,,Rio de Janeiro/Brazil,,,,,,,,,,,,,,,,,,,,,,,,,,,,,,,,,,,,,,,,,,,,,,,,,,,,,,,,,,,,,,,,,,,,,,,,,,,,,,,,,,,Tunneler,,,,,,,,,,,,,,,,,,,,,,,,,,,,
"Dichotomius (Dichotomius) mormon (Ljungh, 1799)",Dichotomius mormon,Coprini,https://doi.org/10.1016/j.biocon.2013.11.023,,Bahia/Brazil,,,,,,,,,,,,,,,,,,,,0.6559,,,,,,,,,,,,,,,,,,,,,,,,Nocturnal,Coprophagous,,,,,,,,,,,Forest specialist,,,,,,,,,,,,,,,,,,,,,,,,,,,,,,,,,,,,,,,,,,,,,,,,,,,,,,,
"Dichotomius (Dichotomius) mormon (Ljungh, 1799)",Dichotomius mormon,Coprini,https://doi.org/10.1002/eap.1562,,Bahia/Brazil,,,,,,,,,,,,,,,,,,,,,,,,,,,,,,,Large,,,,,,,,,,,,,Nocturnal,Coprophagous,,,,,,,,,,,,,,,,,,,,,,,,,,,,,,,,,,,,,,Tunneler,,,,,,,,,,,,,,,,,,,,,116.568,12.7250034,12.96791108,19.257,0.004018427,0.005274782,,7.867
"Dichotomius (Dichotomius) mormon (Ljungh, 1799)",Dichotomius mormon,Coprini,https://doi.org/10.1016/j.biocon.2023.109957,,Sao Paulo/Brazil,,,,,,,,,,,,,,,,,,,,,,,,,,,,,,,,,,,,,,,,,,,,,,,,,,,,,,,,Forest specialist,,,,,,,,,,,,,,,,,,,,,,,,,,,Tunneler,,,,,,,,,,,,,,,,,,,,,112.311,12.31355205,12.96791108,18.594,0.00417074,0.005274782,,7.732
"Dichotomius (Dichotomius) mormon (Ljungh, 1799)",Dichotomius mormon,Coprini,https://doi.org/10.1007/s10841-022-00412-4,,Pernambuco/Brazil,,,,,,,,,,,,,,,,,,,,,,,,,,,,,,,Large,,,,,,,,,,,,,,Coprophagous,,,,,,,,,,,Forest specialist,,,,,,,,,,,,,,,,,,,,,,,,,,,Tunneler,,,,,,,,,,,,,,,,,,,,,110.392,12.96525313,12.96791108,18.916,0.004243242,0.005274782,,7.567
"Dichotomius (Dichotomius) mormon (Ljungh, 1799)",Dichotomius mormon,Coprini,https://doi.org/10.1038/s41598-020-70284-8,,Misiones Province/Argentina,-0.0054,,,,,,,,,,,,,,,,,,,0.709,,,,,,,,,,,,,,,,,,,,,,,,Evening/Nocturnal/Crepuscular,,,,,,,,7.57,,,,Agroforestry parkland,,,,,,,,,,,,,,,,,,,,,,,,,,,Tunneler,,,,,,,,,,,,,,,,,,,,,101.441,12.35637677,12.96791108,17.702,0.00461766,0.005274782,,7.42
"Dichotomius (Dichotomius) mormon (Ljungh, 1799)",Dichotomius mormon,Coprini,https://doi.org/10.1038/s41598-020-70284-8,,Misiones Province/Argentina,0.0056,,,,,,,,,,,,,,,,,,,0.905,,,,,,,,,,,,,,,,,,,,,,,,Evening/Nocturnal/Crepuscular,,,,,,,,3.216,,,,Agroforestry parkland,,,,,,,,,,,,,,,,,,,,,,,,,,,Tunneler,,,,,,,,,,,,,,,,,,,,,92.028,12.36414813,12.96791108,16.866,0.005089973,0.005274782,,7.068
"Dichotomius (Dichotomius) mormon (Ljungh, 1799)",Dichotomius mormon,Coprini,https://doi.org/10.1038/s41598-020-70284-8,,Misiones Province/Argentina,-4.00E-04,,,,,,,,,,,,,,,,,,,0.989,,,,,,,,,,,,,,,,,,,,,,,,Evening/Nocturnal/Crepuscular,,,,,,,,6.29,,,,Agroforestry parkland,,,,,,,,,,,,,,,,,,,,,,,,,,,Tunneler,,,,,,,,,,,,,,,,,,,,,89.038,13.7660336,12.96791108,17.505,0.0052609,0.005274782,,6.672
"Dichotomius (Dichotomius) mormon (Ljungh, 1799)",Dichotomius mormon,Coprini,https://doi.org/10.1038/s41598-020-70284-8,,Misiones Province/Argentina,0.01,,,,,,,,,,,,,,,,,,,1.012,,,,,,,,,,,,,,,,,,,,,,,,Evening/Nocturnal/Crepuscular,,,,,,,,3.339,,,,Agroforestry parkland,,,,,,,,,,,,,,,,,,,,,,,,,,,Tunneler,,,,,,,,,,,,,,,,,,,,,78.844,12.45745523,12.96791108,15.67,0.005941099,0.005274782,,6.592
"Dichotomius (Dichotomius) mormon (Ljungh, 1799)",Dichotomius mormon,Coprini,https://doi.org/10.1038/s41598-020-70284-8,,Misiones Province/Argentina,2.00E-04,,,,,,,,,,,,,,,,,,,1.106,,,,,,,,,,,,,,,,,,,,,,,,Evening/Nocturnal/Crepuscular,,,,,,,,5.367,,,,Agroforestry parkland,,,,,,,,,,,,,,,,,,,,,,,,,,,Tunneler,,,,,,,,,,,,,,,,,,,,,78.762,13.41065488,12.96791108,16.25,0.005947284,0.005274782,,6.146
"Dichotomius (Dichotomius) mormon (Ljungh, 1799)",Dichotomius mormon,Coprini,https://doi.org/10.1038/s41598-020-70284-8,,Misiones Province/Argentina,0.0031,,,,,,,,,,,,,,,,,,,1.112,,,,,,,,,,,,,,,,,,,,,,,,Evening/Nocturnal/Crepuscular,,,,,,,,3.617,,,,Agroforestry parkland,,,,,,,,,,,,,,,,,,,,,,,,,,,Tunneler,,,,,,,,,,,,,,,,,,,,,76.904,13.69411609,12.96791108,16.226,0.006090971,0.005274782,,6.317
"Dichotomius (Dichotomius) mormon (Ljungh, 1799)",Dichotomius mormon,Coprini,https://doi.org/10.1038/s41598-020-70284-8,,Misiones Province/Argentina,-0.0022,,,,,,,,,,,,,,,,,,,1.157,,,,,,,,,,,,,,,,,,,,,,,,Evening/Nocturnal/Crepuscular,,,,,,,,6.64,,,,Agroforestry parkland,,,,,,,,,,,,,,,,,,,,,,,,,,,Tunneler,,,,,,,,,,,,,,,,,,,,,63.579,13.6265175,12.96791108,14.717,0.007367527,0.005274782,,5.663
"Dichotomius (Dichotomius) mormon (Ljungh, 1799)",Dichotomius mormon,Coprini,https://doi.org/10.1038/s41598-020-70284-8,,Misiones Province/Argentina,0.0015,,,,,,,,,,,,,,,,,,,1.182,,,,,,,,,,,,,,,,,,,,,,,,Evening/Nocturnal/Crepuscular,,,,,,,,4.163,,,,Agroforestry parkland,,,,,,,,,,,,,,,,,,,,,,,,,,,Tunneler,,,,,,,,,,,,,,,,,,,,,,,,,,,,
"Dichotomius (Dichotomius) mormon (Ljungh, 1799)",Dichotomius mormon,Coprini,https://doi.org/10.1016/j.apsoil.2020.103652,,Misiones Province/Argentina,,,,,,,,,,,,,,,,,,,1.86,,,0,1.24,0,,,,,,,,,,,,,,,,,,,,,,,,,,,,,,,,,,,,,,,,,,,32.64,,,,,,,,,,,,,,,,,,,,,,,,-0.0063,,,,,,,,,,,,,,,,,,,,
"Dichotomius (Dichotomius) mormon (Ljungh, 1799)",Dichotomius mormon,Coprini,https://doi.org/10.1038/s41598-022-05616-x,,Misiones Province/Argentina,,,,10.726,,,,,7.665,,,,,5.877,,,,,,0.209,,,,,,283.401,,,,,,,,,,,,,,,,,,,,,,,,,,,,,,,43.9464,,,,,,,,,,30.242,,,,,,,,,,,,,,,,,,,,,,,,0.0025,,,,,,,,,,,,,,,,,,,,
"Dichotomius (Dichotomius) mormon (Ljungh, 1799)",Dichotomius mormon,Coprini,https://doi.org/10.1673/031.011.0113,,Sao Paulo/Brazil,,,,,,,,,,,,,,,,,,,,,,,,,,,,,,,,22.98,,,1.939,,,,,,28.89,2.13,,Nocturnal,,,,,,,,,,,,,,,,,,,,,,,33.005,,,,,,,,,,,,,,,,,,,,,,,,-0.001,,,,,,,,,,,,,,,,,,,,
"Dichotomius (Dichotomius) mormon (Ljungh, 1799)",Dichotomius mormon,Coprini,https://doi.org/10.1649/0010-065X-73.3.693,"Sao Domingos, Ipumirim, Monte Castelo, Brusque, Antonio Carlos, Sao Pedro de Alcantara, Santo Amaro da Imperatriz, Itapema, I√ßara",Santa Catarina/Brazil,,,,,,,,,,,,,,,,,,,,,,,,,,,,,,,Medium,,,,,,,,,,,,,Nocturnal,Coprophagous,,,,,,,,,,,,,,,,,,,,,,29.497,,,,,,,,,,,,,,,,,,,,,,,,0.0116,,,,,,,,,,,,,,,,,,,,
"Dichotomius (Dichotomius) mormon (Ljungh, 1799)",Dichotomius mormon,Coprini,https://doi.org/10.1111/j.1744-7917.2012.01509.x,,Parana/Brazil,,,,,,,,,,,,,,,,,,,,,,,,,,,,,,,,,,,,,,,,,,,,,Coprophagous/Necrophagous,,,,,,,,,,,,,,,,,,,,,,32.109,,,,,,,,,,,,,,,,,,,,,,,,-5.00E-04,,,,,,,,,,,,,,,,,,,,
"Dichotomius (Dichotomius) mormon (Ljungh, 1799)",Dichotomius mormon,Coprini,https://doi.org/10.1111/btp.12418,,Sao Paulo/Brazil,,,,,,,,,,,,,,,,,,,,,,,,,,,,,,,,23.75,,,1.88,,,,,,,,,,,,,,,,,,,,,,,,,,,,,,,,30.841,,,,,,,,,,,,,,,,,,,,,,,,4.00E-04,,,,,,,,,,,,,,,,,,,,
"Dichotomius (Dichotomius) mormon (Ljungh, 1799)",Dichotomius mormon,Coprini,https://doi.org/10.1002/ece3.9950,,Goiania/Brazil,,,,,,,,,,,,,,,,,,,,,,,,,,,,,,,,18.2,,,,,,,,,,,,Nocturnal,,,,,,,,,,1.62,,,,,,,,5.81,8.41,no,0.4,,33.207,,,,,,,,,,,,,,,,,,,,,,,,-0.0042,,,,,,,,,,,,,,,,,,,,
"Dichotomius (Dichotomius) mormon (Ljungh, 1799)",Dichotomius mormon,Coprini,https://doi.org/10.1002/ecs2.2491,,Parana/Brazil,,,,,,,,,,,,,,,,,,,,0.635,,,,,0.2,,,,,,,,,,,,,,,,,,,,Coprophagous,,,,,,,,,,,,,,,,,,,,,,30.76,,,,,,,,,,,,,,,,,,,,,,,,1.00E-04,,,,,,,,,,,,,,,,,,,,
"Dichotomius (Dichotomius) mormon (Ljungh, 1799)",Dichotomius mormon,Coprini,https://doi.org/10.1371/journal.pone.0244783,,Santa Catarina/Brazil,,0.2,,,,,,,,,,,,,,,,,,0.643,,,,,,,,,,,,,,,,,,,,,,,,Nocturnal,Coprophagous,,,,,,,,0.2,,17.2,,,,,,,,,,,,,,,,,,,,,,,,,,,,Tunneler,,,,,,,,,,,,,,,,,,,,,,,,,,,,
"Dichotomius (Dichotomius) mormon (Ljungh, 1799)",Dichotomius mormon,Coprini,https://doi.org/10.1111/ddi.12785,,Santa Catarina/Brazil,,,,,,,,,,,,,,,,,,,,0.384,,,,,,,,,,,,,,,,,,,,,,,,Nocturnal,Coprophagous,,,,,,,,,,,,,,,,,,,,,,,,,,,,,,13.001,,,,,,,,Tunneler,,,0.315,,,,,,2.22,,,,,25.479,,,,,,,,,,,,,,
"Dichotomius (Dichotomius) mormon (Ljungh, 1799)",Dichotomius mormon,Coprini,https://doi.org/10.1016/j.ecolind.2020.106534,,Bahia/Brazil,,,,,,,,,,,,,,,,,,,,,,,,,,,,,,,,16.82,,,,,,,,,,,,,,,,,,,,,,,,,,,,,,,,,,,,,,,,,,,,,,,,,,,,,,,,,,,,,,,,,,,,,,,,,,,,,,,
"Dichotomius (Dichotomius) mormon (Ljungh, 1799)",Dichotomius mormon,Coprini,this study,Atibaia,Sao Paulo/Brazil,,,,,,,,,,,,,,,,,,,,,0.46842,,,,,,,,,,Large,,,,,,,,,,,,DM036,Nocturnal,Coprophagous,,,,,,,,,,,,,,,,,,,,,,,,,,,,,,,,,,,,,rare,Tunneler,,large,,,,,,,,,,,,,,,,,,,,,,,,,,
"Dichotomius (Dichotomius) mormon (Ljungh, 1799)",Dichotomius mormon,Coprini,this study,Atibaia,Sao Paulo/Brazil,,,,,,,,,,,,,,,,,,,,,0.46842,,,,,,,,,,Large,,,,,,,,,,,,DM035,Nocturnal,Coprophagous,,,,,,,,,,,,,,,,,,,,,,,,,,,,,,,,,,,,,,,,,,,,,,,,,,,,,,,,,,,,,,,,,,
"Dichotomius (Dichotomius) mormon (Ljungh, 1799)",Dichotomius mormon,Coprini,this study,Atibaia,Sao Paulo/Brazil,,,,,,,,,,,,,,,,,,,,,0.46842,,,,,,,,,,Large,,,,,,,,,,,,DM031,Nocturnal,Coprophagous,,,,,,,,,,,,,,,,,,,,,,,,,,,1.94,1.16,,,,,,,,,,Tunneler,,,,,,,,,,,,,,,,,,,,,,,,,,,,
"Dichotomius (Dichotomius) mormon (Ljungh, 1799)",Dichotomius mormon,Coprini,this study,Atibaia,Sao Paulo/Brazil,,,,,,,,,,,,,,,,,,,,,0.46842,,,,,,,,,,Large,,,,,,,,,,,,DM032,Nocturnal,Coprophagous,,,,,,,,,,,,,,,,,,,,,5.09,,,,yes,no,,,13.44,,,,,,9.8,9.1,,,,,,,,,,,,,,,,,,,,,,2472.75,,,,,16.11,,,
"Dichotomius (Dichotomius) mormon (Ljungh, 1799)",Dichotomius mormon,Coprini,this study,Atibaia,Sao Paulo/Brazil,,,,,,,,,,,,,,,,,,,,,0.46842,,,,,,,,,,Large,,,,,,,,,,,,DM039,Nocturnal,Coprophagous,,,,,,,,,,,,,,,,,,,,,,,,,,,,,,,,,,,,,,Tunneler,,,,,,,,,,,,,,,,,,,,,,,,,,,,
"Dichotomius (Dichotomius) mormon (Ljungh, 1799)",Dichotomius mormon,Coprini,this study,Atibaia,Sao Paulo/Brazil,,,,,,,,,,,,,,,,,,,,,0.46842,,,,,,,,,,Large,,,,,,,,,,,,DM038,Nocturnal,Coprophagous,,,,,,,,,,,,,,,,,,,,,,,,6.2,,,,,,,,,,,,,,Tunneler,,,,,,,,,,,,,,,,,,,,,,,,,,,2.5,
"Dichotomius (Dichotomius) mormon (Ljungh, 1799)",Dichotomius mormon,Coprini,this study,Atibaia,Sao Paulo/Brazil,,,,,,,,,,,,,,,,,,,,,0.46842,,,,,,,,,,Large,,,,,,,,,,,,DM040,Nocturnal,Coprophagous,,,,,,,,,,,,,,,,,,,,,,,,,,,,,,,,,,,,,,Tunneler,,,,,,,,,,,,,,,,,,,,,,,,,,,,
"Dichotomius (Dichotomius) mormon (Ljungh, 1799)",Dichotomius mormon,Coprini,this study,Atibaia,Sao Paulo/Brazil,,,,,,,,,,,,,,,,,,,,,0.46842,,,,,,,,,,Large,,,,,,,,,,,,DM037,Nocturnal,Coprophagous,,,,,,,,,,,,,,,,,,,,,4.47,,,,,,,,,,,,,,,7.15,,Tunneler,,,,,,,,,,,,,,,,,,,,,,,,,,,,
"Dichotomius (Dichotomius) mormon (Ljungh, 1799)",Dichotomius mormon,Coprini,this study,Atibaia,Sao Paulo/Brazil,,,,,,,,,,,,,,,,,,,,,0.46842,,,,,,,,,,Large,,,,,,,,,,,,DM033,Nocturnal,Coprophagous,,,,,,,,,,,,,,,,,,,,,,,,,,,,,,,,,,,,,,Tunneler,,,,,,,,,,,,,,,,,,,,,,,,,,,,
"Dichotomius (Dichotomius) mormon (Ljungh, 1799)",Dichotomius mormon,Coprini,this study,Atibaia,Sao Paulo/Brazil,,,,,,,,,,,,,,,,,,,,,0.46842,,,,,,,,,,Large,,,,,,,,,,,,DM034,Nocturnal,Coprophagous,,,,,,,,,,,,,,,,,,,,,,,,,,,,,,,,,,,,,,Tunneler,,,,,,,,,,,,,,,,,,,,,,,,,,,,
"Dichotomius (Dichotomius) quadrinodosus (Felsche, 1901)",Dichotomius quadrinodosus,Coprini,https://doi.org/10.1016/j.biocon.2013.11.023,,Bahia/Brazil,,,,,,,,,,,,,,,,,,,,0.375853,,,,,,,,,,,,,,,,,,,,,,,,Nocturnal,Coprophagous,,,,,,,,,,,Forest specialist,,,,,,,,,,,,,,,,,,,,,,,,,,,Tunneler,,,,,,,,,,,,,,,,,,,,,,,,,,,,
"Dichotomius (Dichotomius) quadrinodosus (Felsche, 1901)",Dichotomius quadrinodosus,Coprini,https://doi.org/10.1016/j.biocon.2023.109957,,Sao Paulo/Brazil,,,,,,,,,,,,,,,,,,,,,,,,,,,,,,,,,,,,,,,,,,,,,,,,,,,,,,,,Forest specialist,,,,,,,,,,,,,,,,,,,,,,,,,,,Tunneler,,,,,,,,,,,,,,,,,,,,,,,,,,,,
"Dichotomius (Dichotomius) quadrinodosus (Felsche, 1901)",Dichotomius quadrinodosus,Coprini,https://doi.org/10.1649/0010-065X-73.3.693,"Brusque, Santo Amaro da Imperatriz, Itapema",Santa Catarina/Brazil,,,,,,,,,,,,,,,,,,,,,,,,,,,,,,,Medium,,,,,,,,,,,,,Nocturnal,Coprophagous,,,,,,,,,,,,,,,,,,,,,,,,3.2,,,,,,,,,,,,,,Tunneler,,,,,,,,,,,,,,,,,,,,,,,,,,,2.7,
"Dichotomius (Dichotomius) quadrinodosus (Felsche, 1901)",Dichotomius quadrinodosus,Coprini,https://doi.org/10.1111/btp.12418,,Sao Paulo/Brazil,,,,,,,,,,,,,,,,,,,,,,,,,,,,,,,,22.01,,,2.55,,,,,,,,,,,,,,,,,,,,,,,,,,,,,,,,,,,,,,,,,,,,,,,,Tunneler,,,,,,,,,,,,,,,,,,,,,,,,,,,,
"Dichotomius (Dichotomius) quadrinodosus (Felsche, 1901)",Dichotomius quadrinodosus,Coprini,https://doi.org/10.1002/ece3.9950,,Goiania/Brazil,,,,,,,,,,,,,,,,,,,,,,,,,,,,,,,,22.52,,,,,,,,,,,,Nocturnal,,,,,,,,,,1.28,,,,,,,,6.34,10.84,no,0,,,,,,,,,,,,,,,,,,Tunneler,,,,,,,,,,,,,,,,,,,,,,,,,,,,
"Dichotomius (Dichotomius) quadrinodosus (Felsche, 1901)",Dichotomius quadrinodosus,Coprini,https://doi.org/10.1002/ecs2.2491,,Parana/Brazil,,,,,,,,,,,,,,,,,,,,0.324,,,,,0.12,,,,,,,,,,,,,,,,,,,,,,,,,,,,,,,,,,,,,,,,,,,,,,,,,,,,,,,,,,Tunneler,,,,,,,,,,,,,,,,,,,,,,,,,,,,
"Dichotomius (Dichotomius) quadrinodosus (Felsche, 1901)",Dichotomius quadrinodosus,Coprini,https://doi.org/10.1111/ddi.12785,,Santa Catarina/Brazil,,,,,,,,,,,,,,,,,,,,0.51,,,,,,,,,,,,,,,,,,,,,,,,Nocturnal,Coprophagous,,,,,,,,,,,,,,,,,,,,,,,,,,,,,,,,,,,,,,,,,,,,,,,,,,,,,,,,,,,,,,,,,,
"Dichotomius (Dichotomius) quadrinodosus (Felsche, 1901)",Dichotomius quadrinodosus,Coprini,this study,Joanopolis,Sao Paulo/Brazil,,,,,,,,,,,,,,,,,,,,,0.24891,,,,,,,,,,Large,,,,,,,,,,,,DM069,Nocturnal,Coprophagous,,,,,,,,,,,,,,,,,,,,,,,,,,,,,,,,,,,,,,Tunneler,,,,,,,,,,,,,,,,,,,,,250.408,13.71533184,13.56800119,29.302,0.000994018,0.001243356,,11.298
"Dichotomius (Dichotomius) quadrinodosus (Felsche, 1901)",Dichotomius quadrinodosus,Coprini,this study,Joanopolis,Sao Paulo/Brazil,,,,,,,,,,,,,,,,,,,,,0.24891,,,,,,,,,,Large,,,,,,,,,,,,DM062,Nocturnal,Coprophagous,,,,,,,,,,,,,,,,,,,,,,,,,,,,,,,,,,,,,,Tunneler,,,,,,,,,,,,,,,,,,,,,245.037,13.1765394,13.56800119,28.411,0.001015806,0.001243356,,11.119
"Dichotomius (Dichotomius) quadrinodosus (Felsche, 1901)",Dichotomius quadrinodosus,Coprini,this study,Joanopolis,Sao Paulo/Brazil,,,,,,,,,,,,,,,,,,,,,0.24891,,,,,,,,,,Large,,,,,,,,,,,,DM065,Nocturnal,Coprophagous,,,,,,,,,,,,,,,,,,,,,,,,,,,,,,,,,,,,,,Tunneler,,,,,,,,,,,,,,,,,,,,,233.037,12.87713282,13.56800119,27.39,0.001068114,0.001243356,,10.985
"Dichotomius (Dichotomius) quadrinodosus (Felsche, 1901)",Dichotomius quadrinodosus,Coprini,this study,Joanopolis,Sao Paulo/Brazil,,,,,,,,,,,,,,,,,,,,,0.24891,,,,,,,,,,Large,,,,,,,,,,,,DM061,Nocturnal,Coprophagous,,,,,,,,,,,,,,,,,,,,,,,,,,,,,,,,,,,,,,Tunneler,,,,,,,,,,,,,,,,,,,,,215.7,13.59599312,13.56800119,27.077,0.001153964,0.001243356,,10.36
"Dichotomius (Dichotomius) quadrinodosus (Felsche, 1901)",Dichotomius quadrinodosus,Coprini,this study,Joanopolis,Sao Paulo/Brazil,,,,,,,,,,,,,,,,,,,,,0.24891,,,,,,,,,,Large,,,,,,,,,,,,DM070,Nocturnal,Coprophagous,,,,,,,,,,,,,,,,,,,,,,,,,,,,,,,,,,,,,,Tunneler,,,,,,,,,,,,,,,,,,,,,207.818,13.4310802,13.56800119,26.416,0.001197731,0.001243356,,9.988
"Dichotomius (Dichotomius) quadrinodosus (Felsche, 1901)",Dichotomius quadrinodosus,Coprini,this study,Joanopolis,Sao Paulo/Brazil,,,,,,,,,,,,,,,,,,,,,0.24891,,,,,,,,,,Large,,,,,,,,,,,,DM063,Nocturnal,Coprophagous,,,,,,,,,,,,,,,,,,,,,,,,,,,,,,,,,,,,,,Tunneler,,,,,,,,,,,,,,,,,,,,,193.488,13.66288894,13.56800119,25.708,0.001286436,0.001243356,,9.819
"Dichotomius (Dichotomius) quadrinodosus (Felsche, 1901)",Dichotomius quadrinodosus,Coprini,this study,Joanopolis,Sao Paulo/Brazil,,,,,,,,,,,,,,,,,,,,,0.24891,,,,,,,,,,Large,,,,,,,,,,,,DM064,Nocturnal,Coprophagous,,,,,,,,,,,,,,,,,,,,,,,,,,,,,,,,,,,,,,Tunneler,,,,,,,,,,,,,,,,,,,,,190.902,13.71041477,13.56800119,25.58,0.001303863,0.001243356,,9.775
"Dichotomius (Dichotomius) quadrinodosus (Felsche, 1901)",Dichotomius quadrinodosus,Coprini,this study,Joanopolis,Sao Paulo/Brazil,,,,,,,,,,,,,,,,,,,,,0.24891,,,,,,,,,,Large,,,,,,,,,,,,DM066,Nocturnal,Coprophagous,,,,,,,,,,,,,,,,,,,,,,,,,,,,,,,,,,,,,,Tunneler,,,,,,,,,,,,,,,,,,,,,184.099,13.71796977,13.56800119,25.127,0.001352044,0.001243356,,9.377
"Dichotomius (Dichotomius) quadrinodosus (Felsche, 1901)",Dichotomius quadrinodosus,Coprini,this study,Joanopolis,Sao Paulo/Brazil,,,,,,,,,,,,,,,,,,,,,0.24891,,,,,,,,,,Large,,,,,,,,,,,,DM067,Nocturnal,Coprophagous,,,,,,,,,,,,,,,,,,,,,,,,,,,,,,,,,,,,,,Tunneler,,,,,,,,,,,,,,,,,,,,,180.513,13.79739318,13.56800119,24.953,0.001378903,0.001243356,,9.386
"Dichotomius (Dichotomius) quadrinodosus (Felsche, 1901)",Dichotomius quadrinodosus,Coprini,this study,Joanopolis,Sao Paulo/Brazil,,,,,,,,,,,,,,,,,,,,,0.24891,,,,,,,,,,Large,,,,,,,,,,,,DM068,Nocturnal,Coprophagous,,,,,,,,,,,,,,,,,,,,,,,,,,,,,,,,,,,,,,Tunneler,,,,,,,,,,,,,,,,,,,,,147.925,13.99526787,13.56800119,22.75,0.001682677,0.001243356,,8.389
"Dichotomius (Luederwaldtinia) opalescens (Felsche, 1910)",Dichotomius opalescens,Coprini,https://doi.org/10.1371/journal.pone.0244783,,Santa Catarina/Brazil,,0.2,,,,,,,,,,,,,,,,,,0.069,,,,,,,,,,,,,,,,,,,,,,,,Nocturnal,Coprophagous,,,,,,,,0.2,,6.2,,,,,,,,,,,,,,,,,,,,,,,,,,,,Tunneler,,,,,,,,,,,,,,,,,,,,,54.892,13.48404933,13.40618668,13.603,0.004021169,0.004175472,,5.326
"Dichotomius (Luederwaldtinia) opalescens (Felsche, 1910)",Dichotomius opalescens,Coprini,https://doi.org/10.1111/aec.12675,,Santa Catarina/Brazil,,,,,,,,,,,,,,,,,,,,,,,,,,,,,,,Large,,,,,,,,,,,,,Diurnal,,,,,,,,,,,,,,,,,,,,,,,,,,,,,,,,,,,,,,,Tunneler,,,,,,,,,,,,,,,,,,,,,54.553,13.93535065,13.40618668,13.786,0.004046157,0.004175472,,5.147
"Dichotomius (Luederwaldtius) nemoricola (Pereira, 1942)",Dichotomius nemoricola,Coprini,this study,,Sao Paulo/Brazil,,,,,,,,,,,,,,,,,,,,,0.06633,,,,,,,,,,Large,,,,,,,,,,,,,Nocturnal,,,,,,,,,,,,,,,,,,,,,,,,,,,,,,,,,,,,,,,Tunneler,,,,,,,,,,,,,,,,,,,,,,,,,,,,
"Dichotomius (Selenocopris) assifer (Eschscholtz, 1822)",Dichotomius assifer,Coprini,https://doi.org/10.1016/j.biocon.2023.109957,,Sao Paulo/Brazil,,,,,,,,,,,,,,,,,,,,,,,,,,,,,,,,,,,,,,,,,,,,,,,,,,,,,,,,Habitat gener,,,,,,,,,,,,,,,,,,,,,,,,,,,Tunneler,,,,,,,,,,,,,,,,,,,,,70.498,13.30987296,13.87252117,15.316,0.000818037,0.000907974,,6.112
"Dichotomius (Selenocopris) assifer (Eschscholtz, 1822)",Dichotomius assifer,Coprini,https://doi.org/10.1673/031.011.0113,,Sao Paulo/Brazil,,,,,,,,,,,,,,,,,,,,,,,,,,,,,,,,17.57,,,1.123,,,,,,22.1,1.31,,Nocturnal,,,,,,,,,,,,,,,,,,,,,,,,,,,,,,,,,,,,,,,Tunneler,,,,,,,,,,,,,,,,,,,,,70.326,13.21380792,13.87252117,15.242,0.000820038,0.000907974,,6.056
"Dichotomius (Selenocopris) assifer (Eschscholtz, 1822)",Dichotomius assifer,Coprini,https://doi.org/10.1649/0010-065X-73.3.693,"Sao Domingos, Ipumirim, Campos Novos, Monte Castelo, Sao Pedro de Alcantara, Santo Amaro da Imperatriz, Anitapolis, Nova Veneza, Governador Celso Ramos, I√ßara",Santa Catarina/Brazil,,,,,,,,,,,,,,,,,,,,,,,,,,,,,,,Medium,,,,,,,,,,,,,Nocturnal,Coprophagous,,,,,,,,,,,,,,,,,,,,,,,,,,,,,,,,,,,,,,Tunneler,,,,,,,,,,,,,,,,,,,,,66.061,12.89978753,13.87252117,14.596,0.000872981,0.000907974,,5.859
"Dichotomius (Selenocopris) assifer (Eschscholtz, 1822)",Dichotomius assifer,Coprini,https://doi.org/10.1111/btp.12418,,Sao Paulo/Brazil,,,,,,,,,,,,,,,,,,,,,,,,,,,,,,,,17.93,,,4.41,,,,,,,,,,,,,,,,,,,,,,,,,,,,,,,,,,,,,,,,,,,,,,,,Tunneler,,,,,,,,,,,,,,,,,,,,,63.997,13.25386152,13.87252117,14.562,0.000901136,0.000907974,,5.654
"Dichotomius (Selenocopris) assifer (Eschscholtz, 1822)",Dichotomius assifer,Coprini,https://doi.org/10.1371/journal.pone.0244783,,Santa Catarina/Brazil,,0.2,,,,,,,,,,,,,,,,,,0.257,,,,,,,,,,,,,,,,,,,,,,,,Nocturnal,Coprophagous,,,,,,,,0.2,,12,,,,,,,,,,,,,,,,,,,,,,,,,,,,Tunneler,,,,,,,,,,,,,,,,,,,,,61.946,14.07902082,13.87252117,14.766,0.000930972,0.000907974,,5.651
"Dichotomius (Selenocopris) assifer (Eschscholtz, 1822)",Dichotomius assifer,Coprini,https://doi.org/10.1590/S0073-47212012000200012,,Rio Grande do Sul/Brazil,,,,,,,,,,,,,,,,,,,,,,,,,,,,,,,,,,,,,,,,,,,,,,,,,,,,,,,,,,,,,,,,,,,,,,,,,,,,,,,,,,,Tunneler,,,,,,,,,,,,,,,,,,,,,59.045,15.35663552,13.87252117,15.056,0.000976713,0.000907974,,5.237
"Dichotomius (Selenocopris) assifer (Eschscholtz, 1822)",Dichotomius assifer,Coprini,https://doi.org/10.1590/S0001-37652013005000033,,Rio Grande do Sul/Brazil,,,,,,,,,,,,,,,,,,,,,,,,,,,,,,,,,,,,,,,,,,,,,,,,,,,,,,,,,,,,,,,,,,,,,,,,,,,,,,,,,,,Tunneler,,,,,,,,,,,,,,,,,,,,,58.026,14.53151077,13.87252117,14.519,0.000993865,0.000907974,,5.262
"Dichotomius (Selenocopris) assifer (Eschscholtz, 1822)",Dichotomius assifer,Coprini,https://doi.org/10.1111/ddi.12785,,Santa Catarina/Brazil,,,,,,,,,,,,,,,,,,,,0.221,,,,,,,,,,,,,,,,,,,,,,,,Nocturnal,Coprophagous,,,,,,,,,,,,,,,,,,,,,,,,,,,,,,,,,,,,,,Tunneler,,,,,,,,,,,,,,,,,,,,,57.915,14.33958601,13.87252117,14.409,0.00099577,0.000907974,,5.496
"Dichotomius (Selenocopris) assifer (Eschscholtz, 1822)",Dichotomius assifer,Coprini,this study,Atibaia,Sao Paulo/Brazil,,,,,,,,,,,,,,,,,,,,,0.22073,,,,,,,,,,Large,,,,,,,,,,,,DM023,Nocturnal,Coprophagous,,,,,,,,,,,,,,,,,,,,,,,,,,,,,,,,,,,,,,Tunneler,,,,,,,,,,,,,,,,,,,,,57.033,14.70926123,13.87252117,14.482,0.001011169,0.000907974,,5.122
"Dichotomius (Selenocopris) assifer (Eschscholtz, 1822)",Dichotomius assifer,Coprini,this study,Atibaia,Sao Paulo/Brazil,,,,,,,,,,,,,,,,,,,,,0.22073,,,,,,,,,,Large,,,,,,,,,,,,DM025,Nocturnal,Coprophagous,,,,,,,,,,,,,,,,,,,,,,,,,,,,,,,,,,,,,,Tunneler,,,,,,,,,,,,,,,,,,,,,,,,,,,,
"Dichotomius (Selenocopris) assifer (Eschscholtz, 1822)",Dichotomius assifer,Coprini,this study,Atibaia,Sao Paulo/Brazil,,,,,,,,,,,,,,,,,,,,,0.22073,,,,,,,,,,Large,,,,,,,,,,,,DM024,Nocturnal,Coprophagous,,,,,,,,,,,,,,,,,,,,,,,,,,,,,,,,,,,,,,,,,,,,,,,,,,,,,,,,,,,,,,,,,,
"Dichotomius (Selenocopris) assifer (Eschscholtz, 1822)",Dichotomius assifer,Coprini,this study,Atibaia,Sao Paulo/Brazil,,,,,,,,,,,,,,,,,,,,,0.22073,,,,,,,,,,Large,,,,,,,,,,,,DM026,Nocturnal,Coprophagous,,,,,,,,,,,,,,,,,,,,,3.2,,,,yes,no,,,7.55,,,,,,4.19,2.92,,,,,,,,,,,,,,,,,,,,,,422.97,,,,,7.18,,,
"Dichotomius (Selenocopris) assifer (Eschscholtz, 1822)",Dichotomius assifer,Coprini,this study,Atibaia,Sao Paulo/Brazil,,,,,,,,,,,,,,,,,,,,,0.22073,,,,,,,,,,Large,,,,,,,,,,,,DM021,Nocturnal,Coprophagous,,,,,,,,,,,,,,,,,,,,,,,,,,,,,,,,,,,,,,Tunneler,,,,,,,,,,,,,,,,,,,,,,,,,,,,
"Dichotomius (Selenocopris) assifer (Eschscholtz, 1822)",Dichotomius assifer,Coprini,this study,Atibaia,Sao Paulo/Brazil,,,,,,,,,,,,,,,,,,,,,0.22073,,,,,,,,,,Large,,,,,,,,,,,,DM028,Nocturnal,Coprophagous,,,,,,,,,,,,,,,,,,,,,,,,3.2,,,,,,,,,,,,,,Tunneler,,,,,,,,,,,,,,,,,,,,,,,,,,,2.5,
"Dichotomius (Selenocopris) assifer (Eschscholtz, 1822)",Dichotomius assifer,Coprini,this study,Joanopolis,Sao Paulo/Brazil,,,,,,,,,,,,,,,,,,,,,0.22073,,,,,,,,,,Large,,,,,,,,,,,,DM030,Nocturnal,Coprophagous,,,,,,,,,,,,,,,,,,,,,,,,,,,,,,,,,,,,,,,,,,,,,,,,,,,,,,,,,,,,,,,,,,
"Dichotomius (Selenocopris) assifer (Eschscholtz, 1822)",Dichotomius assifer,Coprini,this study,Atibaia,Sao Paulo/Brazil,,,,,,,,,,,,,,,,,,,,,0.22073,,,,,,,,,,Large,,,,,,,,,,,,DM027,Nocturnal,Coprophagous,,,,,,,,,,,,,,,,,,,,,,,,,,,,,,,,,,,,,,Tunneler,,,,,,,,,,,,,,,,,,,,,58.001,12.7087895,13.40618668,13.575,0.003805624,0.004175472,,5.627
"Dichotomius (Selenocopris) assifer (Eschscholtz, 1822)",Dichotomius assifer,Coprini,this study,Atibaia,Sao Paulo/Brazil,,,,,,,,,,,,,,,,,,,,,0.22073,,,,,,,,,,Large,,,,,,,,,,,,DM022,Nocturnal,Coprophagous,,,,,,,,,,,,,,,,,,,,,,,,,,,,,,,,,,,,,,Tunneler,,,,,,,,,,,,,,,,,,,,,57.253,12.71598561,13.40618668,13.491,0.003855344,0.004175472,,5.693
"Dichotomius (Selenocopris) assifer (Eschscholtz, 1822)",Dichotomius assifer,Coprini,this study,Joanopolis,Sao Paulo/Brazil,,,,,,,,,,,,,,,,,,,,,0.22073,,,,,,,,,,Large,,,,,,,,,,,,DM029,Nocturnal,Coprophagous,,,,,,,,,,,,,,,,,,,,,,,,,,,,,,,,,,,,,,Tunneler,,,,,,,,,,,,,,,,,,,,,56.681,13.1007304,13.40618668,13.625,0.00389425,0.004175472,,5.419
"Dichotomius (Selenocopris) bechynei Mart√≠nez, 1973",Dichotomius bechynei ,Coprini,https://doi.org/10.1673/031.011.0113,,Sao Paulo/Brazil,,,,,,,,,,,,,,,,,,,,,,,,,,,,,,,,15.57,,,1.75,,,,,,18.99,2.039,,Nocturnal,,,,,,,,,,,,,,,,,,,,,,,,,,,,,,,,,,,,,,,Tunneler,,,,,,,,,,,,,,,,,,,,,148.678,15.50174245,13.83911325,24.004,0.00258848,0.002095136,,7.833
"Dichotomius (Selenocopris) bechynei Mart√≠nez, 1973",Dichotomius bechynei ,Coprini,https://doi.org/10.1111/btp.12418,,Sao Paulo/Brazil,,,,,,,,,,,,,,,,,,,,,,,,,,,,,,,,15.9,,,0,,,,,,,,,,,,,,,,,,,,,,,,,,,,,,,,,,,,,,,,,,,,,,,,,,,,,,,,,,,,,,,,,,,,,,,,,,,,
"Dichotomius (Selenocopris) bicuspis (Germar, 1824)",Dichotomius aff. rotundigena,Coprini,https://doi.org/10.1007/s42690-021-00680-8,,Rio de Janeiro/Brazil,,,,,,,,,,,,,,,,,,,,,,,,,,,,,,,,,,,,,,,,,,,,,,,,,,,,,,,,,,,,,,,,,,,,,,,,,,,,,,,,,,,Tunneler,,,,,,,,,,,,,,,,,,,,,,,,,,,,
"Dichotomius (Selenocopris) bicuspis (Germar, 1824)",Dichotomius bicuspis,Coprini,https://doi.org/10.1590/S0085-56262013000100008,,Santa Catarina/Brazil,,,,,,,,,,,,,,,,,,,,0.137,,,,,,,,,,,Large,,,,,,,,,,,,,,Generalist,,,,,,,,,,,,,,,,,,,,0.19,,31.163,,,,,,,,,,,,,,,,,,,,,,,,-0.0092,,,,,,,,,,,,,,,,,,,,
"Dichotomius (Selenocopris) bicuspis (Germar, 1824)",Dichotomius bicuspis,Coprini,https://doi.org/10.1649/0010-065X-73.3.693,"Sao Domingos, Campos Novos, Florianopolis - Desterro",Santa Catarina/Brazil,,,,,,,,,,,,,,,,,,,,,,,,,,,,,,,Medium,,,,,,,,,,,,,,Generalist,,,,,,,,,,,,,,,,,,,,,,31.56,,,,,,,,,,,,,,,,,,,,,,,,3.00E-04,,,,,,,,,,,,,,,,,,,,
"Dichotomius (Selenocopris) crinicollis (Germar, 1824)",Dichotomius crinicollis,Coprini,this study,,Sao Paulo/Brazil,,,,,,,,,,,,,,,,,,,,,0.24385,,,,,,,,,,Large,,,,,,,,,,,,,Nocturnal,Coprophagous,,,,,,,,,,,,,,,,,,,,,,,,,,,,,,,,,,,,,,Tunneler,,,,,,,,,,,,,,,,,,,,,250.117,13.62652039,14.25059615,29.19,0.000972745,0.00114279,,11.611
"Dichotomius (Selenocopris) fimbriatus (Harold, 1869)",Dichotomius fimbriatus,Coprini,https://doi.org/10.1590/1676-0611-BN-2023-1567,,Brazil,,,,,,,,,,,,,,,,,,,,,,,,,,,,,,,,,16,23,,,,,,unknown,,,,,,,,,,,,,,,,,,,,,,,,,,,,,,,,,,,,,,,,,,,Tunneler,,,,,,,,,,,,,,,,,,,,,,,,,,,,
"Dichotomius (Selenocopris) fimbriatus (Harold, 1869)",Dichotomius fimbriatus,Coprini,https://doi.org/10.1371/journal.pone.0244783,,Santa Catarina/Brazil,,0.2,,,,,,,,,,,,,,,,,,0.304,,,,,,,,,,,,,,,,,,,,,,,,Nocturnal,Coprophagous,,,,,,,,0.2,,14.7,,,,,,,,,,,,,,5.9,,,,,,,,,,,,,,Tunneler,,,,,,,,,,,,,,,,,,,,,,,,,,,2.4,
"Dichotomius (Selenocopris) fimbriatus (Harold, 1869)",Dichotomius fimbriatus,Coprini,this study,Piracaia,Sao Paulo/Brazil,,,,,,,,,,,,,,,,,,,,,0.42624,,,,,,,,,,Large,,,,,,,,,,,,DM078,Nocturnal,Coprophagous,,,,,,,,,,,,,,,,,,,,,,,,,,,,,,,,,,,,,,Tunneler,,,,,,,,,,,,,,,,,,,,,,,,,,,,
"Dichotomius (Selenocopris) fimbriatus (Harold, 1869)",Dichotomius fimbriatus,Coprini,this study,Piracaia,Sao Paulo/Brazil,,,,,,,,,,,,,,,,,,,,,0.42624,,,,,,,,,,Large,,,,,,,,,,,,DM077,Nocturnal,Coprophagous,,,,,,,,,,,,,,,,,,,,,,,,,,,,,,,,,,,,,,,,,,,,,,,,,,,,,,,,,,,,,,,,,,
"Dichotomius (Selenocopris) fimbriatus (Harold, 1869)",Dichotomius fimbriatus,Coprini,this study,Piracaia,Sao Paulo/Brazil,,,,,,,,,,,,,,,,,,,,,0.42624,,,,,,,,,,Large,,,,,,,,,,,,DM080,Nocturnal,Coprophagous,,,,,,,,,,,,,,,,,,,,,,,,,,,,,,,,,,,,,,Tunneler,,,,,,,,,,,,,,,,,,,,,,,,,,,,
"Dichotomius (Selenocopris) fimbriatus (Harold, 1869)",Dichotomius fimbriatus,Coprini,this study,Piracaia,Sao Paulo/Brazil,,,,,,,,,,,,,,,,,,,,,0.42624,,,,,,,,,,Large,,,,,,,,,,,,DM081,Nocturnal,Coprophagous,,,,,,,,,,,,,,,,,,,,,,,,,,,,,,,,,,,,,,Tunneler,,,,,,,,,,,,,,,,,,,,,,,,,,,,
"Dichotomius (Selenocopris) fimbriatus (Harold, 1869)",Dichotomius fimbriatus,Coprini,this study,Piracaia,Sao Paulo/Brazil,,,,,,,,,,,,,,,,,,,,,0.42624,,,,,,,,,,Large,,,,,,,,,,,,DM079,Nocturnal,Coprophagous,,,,,,,,,,,,,,,,,,,,,,,,,,,,,,,,,,,,,rare,Tunneler,,large,,,,,,,,,,,,,,,,,,,,,,,,,,
"Dichotomius (Selenocopris) geminatus (Arrow, 1913)",Dichotomius geminatus,Coprini,https://doi.org/10.1016/j.biocon.2013.11.023,,Bahia/Brazil,,,,,,,,,,,,,,,,,,,,0.111706,,,,,,,,,,,,,,,,,,,,,,,,Nocturnal,Generalist,,,,,,,,,,,Open environ. specialist,,,,,,,,,,,,,,,,0.25,0.19,,,,,,,,,,Tunneler,,,,,,,,,,,,,,,,,,,,,,,,,,,,
"Dichotomius (Selenocopris) geminatus (Arrow, 1913)",Dichotomius geminatus,Coprini,https://doi.org/10.1002/eap.1562,,Bahia/Brazil,,,,,,,,,,,,,,,,,,,,,,,,,,,,,,,Large,,,,,,,,,,,,,Nocturnal,Generalist,,,,,,,,,,,,,,,,,,,,,,,,,,,,,,,,,,,,,,Tunneler,,,,,,,,,,,,,,,,,,,,,,,,,,,,
"Dichotomius (Selenocopris) geminatus (Arrow, 1913)",Dichotomius geminatus,Coprini,https://doi.org/10.1590/1676-0611-BN-2023-1567,,Brazil,,,,,,,,,,,,,,,,,,,,,,,,,,,,,,,,,12.5,13.5,,,,,,unknown,,,,,,,,,,,,,,,,,,,,,,,,,,,,,5.3,,,,,,,,,,,,,,Tunneler,,,,,,,,,,,,,,,,,,,,,,,,,,,2.6,
"Dichotomius (Selenocopris) iannuzziae Valois, Vaz-de-Mello & Silva, 2017",Dichotomius aff. sericeus,Coprini,https://doi.org/10.1016/j.biocon.2013.11.023,,Bahia/Brazil,,,,,,,,,,,,,,,,,,,,0.11765,,,,,,,,,,,,,,,,,,,,,,,,Nocturnal,Generalist,,,,,,,,,,,Forest gener,,,,,,,,,,,,,,,,,,,,,,,,,,,Tunneler,,,,,,,,,,,,,,,,,,,,,,,,,,,,
"Dichotomius (Selenocopris) iannuzziae Valois, Vaz-de-Mello & Silva, 2017",Dichotomius irinus,Coprini,https://doi.org/10.1016/j.biocon.2013.11.023,,Bahia/Brazil,,,,,,,,,,,,,,,,,,,,0.053277,,,,,,,,,,,,,,,,,,,,,,,,Nocturnal,Generalist,,,,,,,,,,,Forest specialist,,,,,,,,,,,,,,,,,,,,,,,,,,,Tunneler,,,,,,,,,,,,,,,,,,,,,,,,,,,,
"Dichotomius (Selenocopris) iannuzziae Valois, Vaz-de-Mello & Silva, 2017",Dichotomius aff. sericeus,Coprini,https://doi.org/10.1002/eap.1562,,Bahia/Brazil,,,,,,,,,,,,,,,,,,,,,,,,,,,,,,,Large,,,,,,,,,,,,,Nocturnal,Generalist,,,,,,,,,,,,,,,,,,,,,,,,,,,,,,,,,,,,,,Tunneler,,,,,,,,,,,,,,,,,,,,,,,,,,,,
"Dichotomius (Selenocopris) iannuzziae Valois, Vaz-de-Mello & Silva, 2017",Dichotomius aff. sericeus,Coprini,https://doi.org/10.1371/journal.pone.0201368,,Bahia/Brazil,,,,,,,,,,,,,,,,,,,,,,,,,,,,,,,,,,,,,,,,,,,,,,,,,,,,,,,,Forest specialist,,,,,,,,,,3.48,,,,,,,,,,,,,,,2.55,,Tunneler,,,,,,,,,,,,,,,,,,,,,,,,,,,,
"Dichotomius (Selenocopris) iannuzziae Valois, Vaz-de-Mello & Silva, 2017",Dichotomius iannuzziae,Coprini,https://doi.org/10.1016/j.ecolind.2020.106534,,Bahia/Brazil,,,,,,,,,,,,,,,,,,,,,,,,,,,,,,,,12.57,,,,,,,,,,,,,Generalist,,,,,,,,,,,,,,,,,,,,,,,,,,,,,,,,,,,,,,Tunneler,,,,,,,,,,,,,,,,,,,,,,,,,,,,
"Dichotomius (Selenocopris) iannuzziae Valois, Vaz-de-Mello & Silva, 2017",Dichotomius irinus,Coprini,https://doi.org/10.1016/j.ecolind.2020.106534,,Bahia/Brazil,,,,,,,,,,,,,,,,,,,,,,,,,,,,,,,,13.16,,,,,,,,,,,,,Generalist,,,,,,,,,,,,,,,,,,,,,3.86,,,,,,,,,,,,,,,3.29,,Tunneler,,,,,,,,,,,,,,,,,,,,,,,,,,,,
"Dichotomius (Selenocopris) laevicollis (Felsche, 1901)",Dichotomius aff. laevicollis,Coprini,https://doi.org/10.1016/j.biocon.2013.11.023,,Bahia/Brazil,,,,,,,,,,,,,,,,,,,,0.11536,,,,,,,,,,,,,,,,,,,,,,,,Nocturnal,Coprophagous,,,,,,,,,,,,,,,,,,,,,,,,,,,,,,,,,,,,,,Tunneler,,,,,,,,,,,,,,,,,,,,,,,,,,,,
"Dichotomius (Selenocopris) laevicollis (Felsche, 1901)",Dichotomius aff. laevicollis,Coprini,https://doi.org/10.1002/eap.1562,,Bahia/Brazil,,,,,,,,,,,,,,,,,,,,,,,,,,,,,,,Large,,,,,,,,,,,,,Nocturnal,Coprophagous,,,,,,,,,,,,,,,,,,,,,,,,,,,,,,,,,,,,,rare,Tunneler,,narrow,,,,,,,,,,,,,,,,,,,,,,,,,,
"Dichotomius (Selenocopris) luctuosus (Harold, 1869)",Dichotomius luctuosus,Coprini,https://doi.org/10.1590/S0085-56262013000100008,,Santa Catarina/Brazil,,,,,,,,,,,,,,,,,,,,0.201,,,,,,,,,,,Large,,,,,,,,,,,,,,,,,,,,,,,,,,,,,,,,,,,,,,,,,,,,,,,,,,,,Tunneler,,,,,,,,,,,,,,,,,,,,,,,,,,,,
"Dichotomius (Selenocopris) luctuosus (Harold, 1869)",Dichotomius luctuosus,Coprini,https://doi.org/10.1649/0010-065X-73.3.693,Campos Novos,Santa Catarina/Brazil,,,,,,,,,,,,,,,,,,,,,,,,,,,,,,,Medium,,,,,,,,,,,,,,Generalist,,,,,,,,,,,,,,,,,,,,,,,,,,,,,,,,,,,,,,Tunneler,,,,,,,,,,,,,,,,,,,,,,,,,,,,
"Dichotomius (Selenocopris) muticus (Luederwaldt, 1922)",Dichotomius muticus,Coprini,https://doi.org/10.1007/s42690-021-00680-8,,Rio de Janeiro/Brazil,,,,,,,,,,,,,,,,,,,,,,,,,,,,,,,,,,,,,,,,,,,,,,,,,,,,,,,,,,,,,,,,,,,,,,,,,,,,,,,,,,,Tunneler,,,,,,,,,,,,,,,,,,,,,,,,,,,,
"Dichotomius (Selenocopris) nisus (Olivier, 1789)",Dichotomius nisus,Coprini,https://doi.org/10.1016/j.biocon.2013.11.023,,Bahia/Brazil,,,,,,,,,,,,,,,,,,,,0.26296,,,,,,,,,,,,,,,,,,,,,,,,Nocturnal,Coprophagous,,,,,,,,,,,Open environ. specialist,,,,,,,,,,,,,,,,,,,,,,,,,,,Tunneler,,,,,,,,,,,,,,,,,,,,,54.122,12.94595359,13.40618668,13.235,0.004078378,0.004175472,,5.393
"Dichotomius (Selenocopris) nisus (Olivier, 1789)",Dichotomius nisus,Coprini,https://doi.org/10.1002/eap.1562,,Bahia/Brazil,,,,,,,,,,,,,,,,,,,,,,,,,,,,,,,Large,,,,,,,,,,,,,Nocturnal,Coprophagous,,,,,,,,,,,,,,,,,,,,,,,,,,,,,,,,,,,,,,Tunneler,,,,,,,,,,,,,,,,,,,,,53.265,12.61717405,13.40618668,12.962,0.004143997,0.004175472,,5.312
"Dichotomius (Selenocopris) nisus (Olivier, 1789)",Dichotomius nisus,Coprini,https://doi.org/10.1590/18069657rbcs20160248,,Santa Catarina/Brazil,,,,,,,,,,,,,,,,,,,,0.56,,,,,,,,,,,,22.4,,,,,,,,,,,,,Coprophagous,,,,,,,,,,,,,,,,,,,,,,,,,,,,,,,,,,,,,,Tunneler,,,,,,,,,,,,,,,,,,,,,51.552,13.82856145,13.40618668,13.35,0.004281696,0.004175472,,5.028
"Dichotomius (Selenocopris) nisus (Olivier, 1789)",Dichotomius nisus,Coprini,https://doi.org/10.1007/s10841-022-00412-4,,Pernambuco/Brazil,,,,,,,,,,,,,,,,,,,,,,,,,,,,,,,Large,,,,,,,,,,,,,,Coprophagous,,,,,,,,,,,Open environ. specialist,,,,,,,,,,,,,,,,,,,,,,,,,,,Tunneler,,,,,,,,,,,,,,,,,,,,,50.989,14.0525569,13.40618668,13.384,0.004328973,0.004175472,,4.978
"Dichotomius (Selenocopris) nisus (Olivier, 1789)",Dichotomius nisus,Coprini,https://doi.org/10.1038/s41598-020-70284-8,,Misiones Province/Argentina,0.0077,,,,,,,,,,,,,,,,,,,0.485,,,,,,,,,,,,,,,,,,,,,,,,Evening/Nocturnal/Crepuscular,,,,,,,,6.495,,,,Open environ. specialist,,,,,,,,,,,,,,,,,,,,,,,,,,,Tunneler,,,,,,,,,,,,,,,,,,,,,41.654,14.67271532,13.40618668,12.361,0.005299131,0.004175472,,4.391
"Dichotomius (Selenocopris) nisus (Olivier, 1789)",Dichotomius nisus,Coprini,https://doi.org/10.1038/s41598-020-70284-8,,Misiones Province/Argentina,4.00E-04,,,,,,,,,,,,,,,,,,,0.498,,,,,,,,,,,,,,,,,,,,,,,,Evening/Nocturnal/Crepuscular,,,,,,,,6.075,,,,Open environ. specialist,,,,,,,,,,,,,,,,,,,,,,,,,,,,,,,,,,,,,,,,,,,,,,,,,,,,,,,
"Dichotomius (Selenocopris) nisus (Olivier, 1789)",Dichotomius nisus,Coprini,https://doi.org/10.1038/s41598-020-70284-8,,Misiones Province/Argentina,6.00E-04,,,,,,,,,,,,,,,,,,,0.499,,,,,,,,,,,,,,,,,,,,,,,,Evening/Nocturnal/Crepuscular,,,,,,,,7.306,,,,Open environ. specialist,,,,,,,,,,,,,,,,,,,,,,,,,,rare,Tunneler,,large,,,,,,,,,,,,,,,,,,,,,,,,,,
"Dichotomius (Selenocopris) nisus (Olivier, 1789)",Dichotomius nisus,Coprini,https://doi.org/10.1038/s41598-020-70284-8,,Misiones Province/Argentina,0.0023,,,,,,,,,,,,,,,,,,,0.524,,,,,,,,,,,,,,,,,,,,,,,,Evening/Nocturnal/Crepuscular,,,,,,,,7.204,,,,Open environ. specialist,,,,,,,,,,,,,,,,5.98,3.87,,,,,,,,,,Tunneler,,,,,,,,,,,,,,,,,,,,,,,,,,,,
"Dichotomius (Selenocopris) nisus (Olivier, 1789)",Dichotomius nisus,Coprini,https://doi.org/10.1038/s41598-020-70284-8,,Misiones Province/Argentina,-9.00E-04,,,,,,,,,,,,,,,,,,,0.528,,,,,,,,,,,,,,,,,,,,,,,,Evening/Nocturnal/Crepuscular,,,,,,,,4.273,,,,Open environ. specialist,,,,,,,,,,,,,4.8,,,,,,,,,,,,,,Tunneler,,,,,,,,,,,,,,,,,,,,,,,,,,,2.5,
"Dichotomius (Selenocopris) nisus (Olivier, 1789)",Dichotomius nisus,Coprini,https://doi.org/10.1038/s41598-020-70284-8,,Misiones Province/Argentina,-0.0032,,,,,,,,,,,,,,,,,,,0.532,,,,,,,,,,,,,,,,,,,,,,,,Evening/Nocturnal/Crepuscular,,,,,,,,5.507,,,,Open environ. specialist,,,,,,,,,,,,,,,,,,,,,,,,,,,Tunneler,,,,,,,,,,,,,,,,,,,,,,,,,,,,
"Dichotomius (Selenocopris) nisus (Olivier, 1789)",Dichotomius nisus,Coprini,https://doi.org/10.1016/j.apsoil.2020.103652,,Misiones Province/Argentina,,,,,,,,,,,,,,,,,,,0.87,,,0,0.73,0.73,,,,,,,,,,,,,,,,,,,,,,,,,,,,,,,,,,,,,,,,,,,,,,,,,,,,,,,,,,,Tunneler,,,,,,,,,,,,,,,,,,,,,,,,,,,,
"Dichotomius (Selenocopris) nisus (Olivier, 1789)",Dichotomius nisus,Coprini,https://doi.org/10.1038/s41598-022-05616-x,,Misiones Province/Argentina,,,,8.369,,,,,4.785,,,,,4.489,,,,,,0.163,,,,,,186.286,,,,,,,,,,,,,,,,,,,,,,,,,,,,,,,28.1035,,,,,,,,,,,,,,,,,,,,,,,,,,Tunneler,,,,,,,,,,,,,,,,,,,,,,,,,,,,
"Dichotomius (Selenocopris) nisus (Olivier, 1789)",Dichotomius nisus,Coprini,https://doi.org/10.1649/0010-065X-73.3.693,Sao Miguel do Oeste,Santa Catarina/Brazil,,,,,,,,,,,,,,,,,,,,,,,,,,,,,,,Medium,,,,,,,,,,,,,,,,,,,,,,,,,,,,,,,,,,,,,,,,,,,,,,,,,,,,,,,,,,,,,,,,,,,,,,,,,,,,,,,,
"Dichotomius (Selenocopris) nisus (Olivier, 1789)",Dichotomius nisus,Coprini,https://doi.org/10.1371/journal.pone.0201368,,Bahia/Brazil,,,,,,,,,,,,,,,,,,,,,,,,,,,,,,,,,,,,,,,,,,,,,,,,,,,,,,,,Habitat gener,,,,,,,,,,,,,,,,0.05,0,,,,,,,,,,Tunneler,,,,,,,,,,,,,,,,,,,,,,,,,,,,
"Dichotomius (Selenocopris) nisus (Olivier, 1789)",Dichotomius nisus,Coprini,https://doi.org/10.1590/S0073-47212012000200012,,Rio Grande do Sul/Brazil,,,,,,,,,,,,,,,,,,,,,,,,,,,,,,,,,,,,,,,,,,,,,,,,,,,,,,,,,,,,,,,,,,,,,,,,,,,,,,,,,,,Tunneler,,,,,,,,,,,,,,,,,,,,,,,,,,,,
"Dichotomius (Selenocopris) nisus (Olivier, 1789)",Dichotomius nisus,Coprini,https://doi.org/10.1590/S0001-37652013005000033,,Rio Grande do Sul/Brazil,,,,,,,,,,,,,,,,,,,,,,,,,,,,,,,,,,,,,,,,,,,,,,,,,,,,,,,,,,,,,,,,,,,,,,,,,,,,,,,,,,rare,Tunneler,,large,,,,,,,,,,,,,,,,,,,,,,,,,,
"Dichotomius (Selenocopris) nisus (Olivier, 1789)",Dichotomius nisus,Coprini,this study,Jarinu,Sao Paulo/Brazil,,,,,,,,,,,,,,,,,,,,,0.22968,,,,,,,,,,Large,,,,,,,,,,,,DM083,Nocturnal,Coprophagous,,,,,,,,,,,,,,,,,,,,,,,,,,,,,,,,,,,,,,Tunneler,,,,,,,,,,,,,,,,,,,,,,,,,,,,
"Dichotomius (Selenocopris) nisus (Olivier, 1789)",Dichotomius nisus,Coprini,this study,Jarinu,Sao Paulo/Brazil,,,,,,,,,,,,,,,,,,,,,0.22968,,,,,,,,,,Large,,,,,,,,,,,,DM085,Nocturnal,Coprophagous,,,,,,,,,,,,,,,,,,,,,,,,,,,,,,,,,,,,,,Tunneler,,,,,,,,,,,,,,,,,,,,,227.794,12.81526686,13.83911325,27.015,0.001689465,0.002095136,,10.963
"Dichotomius (Selenocopris) nisus (Olivier, 1789)",Dichotomius nisus,Coprini,this study,Atibaia,Sao Paulo/Brazil,,,,,,,,,,,,,,,,,,,,,0.22968,,,,,,,,,,Large,,,,,,,,,,,,DM088,Nocturnal,Coprophagous,,,,,,,,,,,,,,,,,,,,,,,,,,,,,,,,,,,,,,Tunneler,,,,,,,,,,,,,,,,,,,,,225.817,13.91811885,13.83911325,28.031,0.001704256,0.002095136,,10.512
"Dichotomius (Selenocopris) nisus (Olivier, 1789)",Dichotomius nisus,Coprini,this study,Jarinu,Sao Paulo/Brazil,,,,,,,,,,,,,,,,,,,,,0.22968,,,,,,,,,,Large,,,,,,,,,,,,DM084,Nocturnal,Coprophagous,,,,,,,,,,,,,,,,,,,,,,,,,,,,,,,,,,,,,,Tunneler,,,,,,,,,,,,,,,,,,,,,219.349,14.25705193,13.83911325,27.961,0.00175451,0.002095136,,10.112
"Dichotomius (Selenocopris) nisus (Olivier, 1789)",Dichotomius nisus,Coprini,this study,Atibaia,Sao Paulo/Brazil,,,,,,,,,,,,,,,,,,,,,0.22968,,,,,,,,,,Large,,,,,,,,,,,,DM087,Nocturnal,Coprophagous,,,,,,,,,,,,,,,,,,,,,,,,,,,,,,,,,,,,,,Tunneler,,,,,,,,,,,,,,,,,,,,,201.715,13.13829115,13.83911325,25.74,0.00190789,0.002095136,,10.128
"Dichotomius (Selenocopris) nisus (Olivier, 1789)",Dichotomius nisus,Coprini,this study,Jarinu,Sao Paulo/Brazil,,,,,,,,,,,,,,,,,,,,,0.22968,,,,,,,,,,Large,,,,,,,,,,,,DM086,Nocturnal,Coprophagous,,,,,,,,,,,,,,,,,,,,,,,,,,,,,,,,,,,,,,Tunneler,,,,,,,,,,,,,,,,,,,,,194.527,12.91447914,13.83911325,25.061,0.001978389,0.002095136,,9.848
"Dichotomius (Selenocopris) opacus (Blanchard, 1845)",Dichotomius aff. carbonarius sp.1,Coprini,https://doi.org/10.1016/j.biocon.2023.109957,,Sao Paulo/Brazil,,,,,,,,,,,,,,,,,,,,,,,,,,,,,,,,,,,,,,,,,,,,,,,,,,,,,,,,Habitat gener,,,,,,,,,,,,,,,,,,,,,,,,,,,Tunneler,,,,,,,,,,,,,,,,,,,,,262.472,12.67469172,13.09809986,28.839,0.000875065,0.001190222,,11.71
"Dichotomius (Selenocopris) opacus (Blanchard, 1845)",Dichotomius aff. carbonarius sp.2,Coprini,https://doi.org/10.1016/j.biocon.2023.109957,,Sao Paulo/Brazil,,,,,,,,,,,,,,,,,,,,,,,,,,,,,,,,,,,,,,,,,,,,,,,,,,,,,,,,Forest gener,,,,,,,,,,,,,,,,,,,,,,,,,,,Tunneler,,,,,,,,,,,,,,,,,,,,,223.591,12.41846781,13.09809986,26.347,0.001027233,0.001190222,,11.041
"Dichotomius (Selenocopris) opacus (Blanchard, 1845)",Dichotomius carbonarius,Coprini,https://doi.org/10.1038/s41598-020-70284-8,,Misiones Province/Argentina,-0.0052,,,,,,,,,,,,,,,,,,,0.438,,,,,,,,,,,,,,,,,,,,,,,,Evening/Nocturnal/Crepuscular,,,,,,,,5.081,,,,Agroforestry parkland,,,,,,,,,,,,,,,,,,,,,,,,,,,Tunneler,,,,,,,,,,,,,,,,,,,,,211.492,12.62847956,13.09809986,25.84,0.001085999,0.001190222,,10.648
"Dichotomius (Selenocopris) opacus (Blanchard, 1845)",Dichotomius carbonarius,Coprini,https://doi.org/10.1038/s41598-020-70284-8,,Misiones Province/Argentina,-0.0012,,,,,,,,,,,,,,,,,,,0.476,,,,,,,,,,,,,,,,,,,,,,,,Evening/Nocturnal/Crepuscular,,,,,,,,4.154,,,,Agroforestry parkland,,,,,,,,,,,,,,,,,,,,,,,,,,,Tunneler,,,,,,,,,,,,,,,,,,,,,202.021,13.41153001,13.09809986,26.026,0.001136912,0.001190222,,10.405
"Dichotomius (Selenocopris) opacus (Blanchard, 1845)",Dichotomius carbonarius,Coprini,https://doi.org/10.1038/s41598-020-70284-8,,Misiones Province/Argentina,4.00E-04,,,,,,,,,,,,,,,,,,,0.523,,,,,,,,,,,,,,,,,,,,,,,,Evening/Nocturnal/Crepuscular,,,,,,,,3.724,,,,Agroforestry parkland,,,,,,,,,,,,,,,,,,,,,,,,,,,Tunneler,,,,,,,,,,,,,,,,,,,,,153.582,13.7405415,13.09809986,22.969,0.001495488,0.001190222,,8.954
"Dichotomius (Selenocopris) opacus (Blanchard, 1845)",Dichotomius carbonarius,Coprini,https://doi.org/10.1038/s41598-020-70284-8,,Misiones Province/Argentina,0.0011,,,,,,,,,,,,,,,,,,,0.523,,,,,,,,,,,,,,,,,,,,,,,,Evening/Nocturnal/Crepuscular,,,,,,,,3.107,,,,Agroforestry parkland,,,,,,,,,,,,,,,,,,,,,,,,,,,Tunneler,,,,,,,,,,,,,,,,,,,,,151.042,13.71488855,13.09809986,22.757,0.001520637,0.001190222,,9.132
"Dichotomius (Selenocopris) opacus (Blanchard, 1845)",Dichotomius carbonarius,Coprini,https://doi.org/10.1038/s41598-020-70284-8,,Misiones Province/Argentina,-0.0028,,,,,,,,,,,,,,,,,,,0.548,,,,,,,,,,,,,,,,,,,,,,,,Evening/Nocturnal/Crepuscular,,,,,,,,4.132,,,,Agroforestry parkland,,,,,,,,,,,,,,,,,,,,,,,,,,,Tunneler,,,,,,,,,,,,,,,,,,,,,,,,,,,,
"Dichotomius (Selenocopris) opacus (Blanchard, 1845)",Dichotomius carbonarius,Coprini,https://doi.org/10.1038/s41598-020-70284-8,,Misiones Province/Argentina,0.0022,,,,,,,,,,,,,,,,,,,0.578,,,,,,,,,,,,,,,,,,,,,,,,Evening/Nocturnal/Crepuscular,,,,,,,,4.634,,,,Agroforestry parkland,,,,,,,,,,,,,,,,,,,,,,,,,,,Tunneler,,,,,,,,,,,,,,,,,,,,,,,,,,,,
"Dichotomius (Selenocopris) opacus (Blanchard, 1845)",Dichotomius carbonarius,Coprini,https://doi.org/10.1038/s41598-020-70284-8,,Misiones Province/Argentina,-0.0024,,,,,,,,,,,,,,,,,,,0.589,,,,,,,,,,,,,,,,,,,,,,,,Evening/Nocturnal/Crepuscular,,,,,,,,3.461,,,,Agroforestry parkland,,,,,,,,,,,30.907,,,,,,,,,,,,,,,,,,,,,,,,0.0022,,,,,,,,,,,,,,,,,,,,
"Dichotomius (Selenocopris) opacus (Blanchard, 1845)",Dichotomius carbonarius,Coprini,https://doi.org/10.1038/s41598-022-05616-x,,Misiones Province/Argentina,,,,6.334,,,,,3.367,,,,,3.559,,,,,,0.114,,,,,,139.165,,,,,,,,,,,,,,,,,,,,,,,,,,,,,,,20.164,,,,,,,,,,29.002,,,,,,,,,,,,,,,,,,,,,,,,0.0025,,,,,,,,,,,,,,,,,,,,
"Dichotomius (Selenocopris) opacus (Blanchard, 1845)",Dichotomius carbonarius,Coprini,https://doi.org/10.1673/031.011.0113,,Sao Paulo/Brazil,,,,,,,,,,,,,,,,,,,,,,,,,,,,,,,,17.81,,,0.948,,,,,,22.43,1.343,,Nocturnal,,,,,,,,,,,,,,,,,,,,,,,31.959,,,,,,,,,,,,,,,,,,,,,,,,-0.0016,,,,,,,,,,,,,,,,,,,,
"Dichotomius (Selenocopris) opacus (Blanchard, 1845)",Dichotomius carbonarius,Coprini,https://doi.org/10.1111/j.1744-7917.2012.01509.x,,Parana/Brazil,,,,,,,,,,,,,,,,,,,,,,,,,,,,,,,,,,,,,,,,,,,,,Coprophagous/Necrophagous,,,,,,,,,,,,,,,,,,,,,,31.939,,,,,,,,,,,,,,,,,,,,,,,,8.00E-04,,,,,,,,,,,,,,,,,,,,
"Dichotomius (Selenocopris) opacus (Blanchard, 1845)",Dichotomius aff. carbonarius,Coprini,this study,Nazare Paulista,Sao Paulo/Brazil,,,,,,,,,,,,,,,,,,,,,0.1618,,,,,,,,,,Large,,,,,,,,,,,,DM071,Nocturnal,Generalist,,,,,,,,,,,,,,,,,,,,,,27.268,,,,,,,,,,,,,,,,,,,,,,,,4.00E-04,,,,,,,,,,,,,,,,,,,,
"Dichotomius (Selenocopris) punctulatipennis (Luederwaldt, 1930)",Dichotomius aff. punctulatipennis,Coprini,this study,Atibaia,Sao Paulo/Brazil,,,,,,,,,,,,,,,,,,,,,0.12096,,,,,,,,,,Large,,,,,,,,,,,,DM074,Nocturnal,Generalist,,,,,,,,,,,,,,,,,,,,,,30.292,,,,,,,,,,,,,,,,,,,,,,,,-9.00E-04,,,,,,,,,,,,,,,,,,,,
"Dichotomius (Selenocopris) punctulatipennis (Luederwaldt, 1930)",Dichotomius aff. punctulatipennis,Coprini,this study,Atibaia,Sao Paulo/Brazil,,,,,,,,,,,,,,,,,,,,,0.12096,,,,,,,,,,Large,,,,,,,,,,,,DM076,Nocturnal,Generalist,,,,,,,,,,,,,,,,,,,,,,,,,,,,,,,,,,,,,,Tunneler,,,,,,,,,,,,,,,,,,,,,,,,,,,,
"Dichotomius (Selenocopris) punctulatipennis (Luederwaldt, 1930)",Dichotomius aff. punctulatipennis,Coprini,this study,Nazare Paulista,Sao Paulo/Brazil,,,,,,,,,,,,,,,,,,,,,0.12096,,,,,,,,,,Large,,,,,,,,,,,,DM072,Nocturnal,Generalist,,,,,,,,,,,,,,,,,,,,,,,,,,,,,,10.814,,,,,,,,Tunneler,,,0.319,,,,,,1.674,,,,,20.605,,,,,,,,,,,,,,
"Dichotomius (Selenocopris) punctulatipennis (Luederwaldt, 1930)",Dichotomius aff. punctulatipennis,Coprini,this study,Nazare Paulista,Sao Paulo/Brazil,,,,,,,,,,,,,,,,,,,,,0.12096,,,,,,,,,,Large,,,,,,,,,,,,DM073,Nocturnal,Generalist,,,,,,,,,,,,,,,,,,,,,,,,,,,,,,,,,,,,,rare,Tunneler,,narrow,,,,,,,,,,,,,,,,,,,,,,,,,,
"Dichotomius (Selenocopris) punctulatipennis (Luederwaldt, 1930)",Dichotomius aff. punctulatipennis,Coprini,this study,Atibaia,Sao Paulo/Brazil,,,,,,,,,,,,,,,,,,,,,0.12096,,,,,,,,,,Large,,,,,,,,,,,,DM075,Nocturnal,Generalist,,,,,,,,,,,,,,,,,,,,,,,,,,,,,,,,,,,,,,,,,,,,,,,,,,,,,,,,,,,,,,,,,,
"Dichotomius (Selenocopris) schiffleri Vaz-de-Mello, Louzada & Gavino, 2001",Dichotomius schiffleri,Coprini,https://doi.org/10.1016/j.biocon.2013.11.023,,Bahia/Brazil,,,,,,,,,,,,,,,,,,,,0.092733,,,,,,,,,,,,,,,,,,,,,,,,Nocturnal,Coprophagous,,,,,,,,,,,Forest specialist,,,,,,,,,,,,,,,,,,,,,,,,,,rare,Tunneler,,intermediate,,,,,,,,,,,,,,,,,,,,,,,,,,
"Dichotomius (Selenocopris) semisquamosus (Curtis, 1845)",Dichotomius semisquamosus,Coprini,https://doi.org/10.1016/j.biocon.2013.11.023,,Bahia/Brazil,,,,,,,,,,,,,,,,,,,,0.2787,,,,,,,,,,,,,,,,,,,,,,,,Nocturnal,Coprophagous,,,,,,,,,,,Habitat gener,,,,,,,,,,,,,,,,0.25,0,,,,,,,,,,Tunneler,,,,,,,,,,,,,,,,,,,,,,,,,,,,
"Dichotomius (Selenocopris) semisquamosus (Curtis, 1845)",Dichotomius semisquamosus,Coprini,https://doi.org/10.1002/eap.1562,,Bahia/Brazil,,,,,,,,,,,,,,,,,,,,,,,,,,,,,,,Large,,,,,,,,,,,,,Nocturnal,Coprophagous,,,,,,,,,,,,,,,,,,,,,6.69,,,,yes,no,,,17.17,,,,,,13.65,11.85,,,,,,,,,,,,,,,,,,,,,,5275.31,,,,,18.17,,,
"Dichotomius (Selenocopris) semisquamosus (Curtis, 1845)",Dichotomius semisquamosus,Coprini,https://doi.org/10.1371/journal.pone.0201368,,Bahia/Brazil,,,,,,,,,,,,,,,,,,,,,,,,,,,,,,,,,,,,,,,,,,,,,,,,,,,,,,,,Habitat gener,,,,,,,,,,,,,,,,,,,,,,,,,,,Tunneler,,,,,,,,,,,,,,,,,,,,,,,,,,,,
"Dichotomius (Selenocopris) semisquamosus (Curtis, 1845)",Dichotomius semisquamosus,Coprini,https://doi.org/10.1590/1676-0611-BN-2023-1567,,Brazil,,,,,,,,,,,,,,,,,,,,,,,,,,,,,,,,,20,25,,,,,,unknown,,,,,,,,,,,,,,,,,,,,,,,,,,,,,,,,,,,,,,,,,,,Tunneler,,,,,,,,,,,,,,,,,,,,,,,,,,,,
"Dichotomius (Selenocopris) sericeus (Harold, 1867)",Dichotomius sericeus,Coprini,https://doi.org/10.1093/ee/nvx091,,Santa Catarina/Brazil,,,,,,,,,,,,,,,,,,,,0.341,,,,,0.084,,,,,,,12.4,,,1.1,,,,,,,,,,,,,,,,,,,,,,,,,,,,,,,,,,,,,,,,,,,,,,,,Tunneler,,,,,,,,,,,,,,,,,,,,,,,,,,,,
"Dichotomius (Selenocopris) sericeus (Harold, 1867)",Dichotomius aff. sericeus,Coprini,https://doi.org/10.1590/S0085-56262013000100008,,Santa Catarina/Brazil,,,,,,,,,,,,,,,,,,,,0.171,,,,,,,,,,,Large,,,,,,,,,,,,,,Coprophagous,,,,,,,,,,,,,,,,,,,,,,,,,,,,,,,,,,,,,,Tunneler,,,,,,,,,,,,,,,,,,,,,,,,,,,,
"Dichotomius (Selenocopris) sericeus (Harold, 1867)",Dichotomius aff. sericeus,Coprini,https://doi.org/10.1590/18069657rbcs20160248,,Santa Catarina/Brazil,,,,,,,,,,,,,,,,,,,,0.134,,,,,,,,,,,,17.2,,,,,,,,,,,,,Generalist,,,,,,,,,,,,,,,,,,,,,,,,,,,,,,,,,,,,,,Tunneler,,,,,,,,,,,,,,,,,,,,,,,,,,,,
"Dichotomius (Selenocopris) sericeus (Harold, 1867)",Dichotomius sericeus,Coprini,https://doi.org/10.1038/s41598-020-70284-8,,Misiones Province/Argentina,0.0011,,,,,,,,,,,,,,,,,,,0.196,,,,,,,,,,,,,,,,,,,,,,,,Evening/Nocturnal/Crepuscular,,,,,,,,1.003,,,,Agroforestry parkland,,,,,,,,,,,,,,,,,,,,,,,,,,,,,,,,,,,,,,,,,,,,,,,,,,,,,,,
"Dichotomius (Selenocopris) sericeus (Harold, 1867)",Dichotomius sericeus,Coprini,https://doi.org/10.1038/s41598-020-70284-8,,Misiones Province/Argentina,9.00E-04,,,,,,,,,,,,,,,,,,,0.359,,,,,,,,,,,,,,,,,,,,,,,,Evening/Nocturnal/Crepuscular,,,,,,,,2.456,,,,Agroforestry parkland,,,,,,,,,,,,,,,,,,,,,,,,,,,Tunneler,,,,,,,,,,,,,,,,,,,,,,,,,,,,
"Dichotomius (Selenocopris) sericeus (Harold, 1867)",Dichotomius sericeus,Coprini,https://doi.org/10.1038/s41598-020-70284-8,,Misiones Province/Argentina,-0.0046,,,,,,,,,,,,,,,,,,,0.359,,,,,,,,,,,,,,,,,,,,,,,,Evening/Nocturnal/Crepuscular,,,,,,,,4.005,,,,Agroforestry parkland,,,,,,,,,,,,,,,,,,,,,,,,,,,Tunneler,,,,,,,,,,,,,,,,,,,,,,,,,,,,
"Dichotomius (Selenocopris) sericeus (Harold, 1867)",Dichotomius sericeus,Coprini,https://doi.org/10.1038/s41598-020-70284-8,,Misiones Province/Argentina,0.0105,,,,,,,,,,,,,,,,,,,0.372,,,,,,,,,,,,,,,,,,,,,,,,Evening/Nocturnal/Crepuscular,,,,,,,,3.569,,,,Agroforestry parkland,,,,,,,,,,,27.406,,,,,,,,,,,,,,,,,,,,,,,,-4.00E-05,,,,,,,,,,,,,,,,,,,,
"Dichotomius (Selenocopris) sericeus (Harold, 1867)",Dichotomius sericeus,Coprini,https://doi.org/10.1038/s41598-020-70284-8,,Misiones Province/Argentina,0.0032,,,,,,,,,,,,,,,,,,,0.396,,,,,,,,,,,,,,,,,,,,,,,,Evening/Nocturnal/Crepuscular,,,,,,,,2.865,,,,Agroforestry parkland,,,,,,,,,,,29.413,,,,,,,,,,,,,,,,,,,,,,,,-0.0023,,,,,,,,,,,,,,,,,,,,
"Dichotomius (Selenocopris) sericeus (Harold, 1867)",Dichotomius sericeus,Coprini,https://doi.org/10.1016/j.apsoil.2020.103652,,Misiones Province/Argentina,,,,,,,,,,,,,,,,,,,2.08,,,5.38,1.3,4.6,,,,,,,,,,,,,,,,,,,,,,,,,,,,,,,,,,,,,,,,,,,30.133,,,,,,,,,,,,,,,,,,,,,,,,0.006,,,,,,,,,,,,,,,,,,,,
"Dichotomius (Selenocopris) sericeus (Harold, 1867)",Dichotomius sericeus,Coprini,https://doi.org/10.1038/s41598-022-05616-x,,Misiones Province/Argentina,,,,5.111,,,,,3.149,,,,,3.613,,,,,,0.083,,,,,,108.886,,,,,,,,,,,,,,,,,,,,,,,,,,,,,,,16.7815,,,,,,,,,,30.017,,,,,,,,,,,,,,,,,,,,,,,,0.047,,,,,,,,,,,,,,,,,,,,
"Dichotomius (Selenocopris) sericeus (Harold, 1867)",Dichotomius aff. sericeus,Coprini,https://doi.org/10.1649/0010-065X-73.3.693,Sao Bonifacio,Santa Catarina/Brazil,,,,,,,,,,,,,,,,,,,,,,,,,,,,,,,Medium,,,,,,,,,,,,,,,,,,,,,,,,,,,,,,,,,,,,28.697,,,,,,,,,,,,,,,,,,,,,,,,-0.0011,,,,,,,,,,,,,,,,,,,,
"Dichotomius (Selenocopris) sericeus (Harold, 1867)",Dichotomius sericeus,Coprini,https://doi.org/10.1649/0010-065X-73.3.693,"All sampling sites except Sao Domingos, Urubici, I√ßara",Santa Catarina/Brazil,,,,,,,,,,,,,,,,,,,,,,,,,,,,,,,Medium,,,,,,,,,,,,,Nocturnal,Coprophagous,,,,,,,,,,,,,,,,,,,,,,,,,,,,,,,,,,,,,,Tunneler,,,,,,,,,,,,,,,,,,,,,,,,,,,,
"Dichotomius (Selenocopris) sericeus (Harold, 1867)",Dichotomius sericeus,Coprini,https://doi.org/10.1111/btp.12418,,Sao Paulo/Brazil,,,,,,,,,,,,,,,,,,,,,,,,,,,,,,,,16.2,,,1.66,,,,,,,,,,,,,,,,,,,,,,,,,,,,,,,,,,,,,,,,8.226,,,,,,,,Tunneler,,,0.313,,,,,,1.455,,,,,15.562,,,,,,,,,,,,,,
"Dichotomius (Selenocopris) sericeus (Harold, 1867)",Dichotomius sericeus,Coprini,https://doi.org/10.1002/ece3.9950,,Goiania/Brazil,,,,,,,,,,,,,,,,,,,,,,,,,,,,,,,,12.64,,,,,,,,,,,,Nocturnal,,,,,,,,,,0.43,,,,,,,,3.08,5.51,no,0.46,,,,,,,,,,,,,,,,,common,Tunneler,,large,,,,,,,,,,,,,,,,,,,,,,,,,,
"Dichotomius (Selenocopris) sericeus (Harold, 1867)",Dichotomius sericeus,Coprini,https://doi.org/10.1002/ecs2.2491,,Parana/Brazil,,,,,,,,,,,,,,,,,,,,0.152,,,,,0.067,,,,,,,,,,,,,,,,,,,,Generalist,,,,,,,,,,,,,,,,,,,,,,,,,,,10.74,18.41,,,,,,,,,,Tunneler,,,,,,,,,,,,,,,,,,,,,,,,,,,,
"Dichotomius (Selenocopris) sericeus (Harold, 1867)",Dichotomius sericeus,Coprini,https://doi.org/10.1371/journal.pone.0244783,,Santa Catarina/Brazil,,0.2,,,,,,,,,,,,,,,,,,0.15,,,,,,,,,,,,,,,,,,,,,,,,Nocturnal,Coprophagous,,,,,,,,0.2,,12,,,,,,,,,,,3.6,,,,yes,no,,,8.37,,,,,,4.55,3.66,,,,,,,,,,,,,,,,,,,,,,500.27,,,,,8.29,,,
"Dichotomius (Selenocopris) sericeus (Harold, 1867)",Dichotomius sericeus,Coprini,https://doi.org/10.1371/journal.pone.0126112,,Santa Catarina/Brazil,,,Young-mature,,,,,,,,,,,,,,,,,,,,,,,,,,,,Large,,,,,,,,,,,,,Nocturnal,,NESW,160.81,,,,,,,,,,,,,,,,,,,,,,,,,,,,,,,,,,,,Tunneler,Male,,,,,,,,,,,,,,,,,,,,,,,,,,,
"Dichotomius (Selenocopris) sericeus (Harold, 1867)",Dichotomius sericeus,Coprini,https://doi.org/10.1371/journal.pone.0126112,,Santa Catarina/Brazil,,,Young-mature,,,,,,,,,,,,,,,,,,,,,,,,,,,,Large,,,,,,,,,,,,,Nocturnal,,EW,54.47,,,,,,,,,,,,,,,,,,,,,,4,,,,,,,,,,,,,,Tunneler,Male,,,,,,,,,,,,,,,,,,,,,,,,,,2.5,
"Dichotomius (Selenocopris) sericeus (Harold, 1867)",Dichotomius sericeus,Coprini,https://doi.org/10.1371/journal.pone.0126112,,Santa Catarina/Brazil,,,Young-mature,,,,,,,,,,,,,,,,,,,,,,,,,,,,Large,,,,,,,,,,,,,Nocturnal,,SWNE,139.32,,,,,,,,,,,,,,,,,,,,,22.973,,,,,,,,,,,,,,,Tunneler,Male,,,,,,,,,,,,,,,,,,Down,,,,,,,,,
"Dichotomius (Selenocopris) sericeus (Harold, 1867)",Dichotomius sericeus,Coprini,https://doi.org/10.1371/journal.pone.0126112,,Santa Catarina/Brazil,,,Immature,,,,,,,,,,,,,,,,,,,,,,,,,,,,Large,,,,,,,,,,,,,Nocturnal,,NESW,128.38,,,,,,,,,,,,,,,,,,,,,7.781,,,,,,,,,,,,,,,Tunneler,Male,,,,,,,,,,,,,,,,,,Up,,,,,,,,,
"Dichotomius (Selenocopris) sericeus (Harold, 1867)",Dichotomius sericeus,Coprini,https://doi.org/10.1371/journal.pone.0126112,,Santa Catarina/Brazil,,,Young-mature,,,,,,,,,,,,,,,,,,,,,,,,,,,,Large,,,,,,,,,,,,,Nocturnal,,SENW,24.83,,,,,,,,,,,,,,,,,,,,,12.665,,,,,,,,,,,,,,,Tunneler,Male,,,,,,,,,,,,,,,,,,Up,,,,,,,,,
"Dichotomius (Selenocopris) sericeus (Harold, 1867)",Dichotomius sericeus,Coprini,https://doi.org/10.1371/journal.pone.0126112,,Santa Catarina/Brazil,,,Young-mature,,,,,,,,,,,,,,,,,,,,,,,,,,,,Large,,,,,,,,,,,,,Nocturnal,,SWNE,61.24,,,,,,,,,,,,,,,,,,,,,1.585,,,,,,,,,,,,,,,Tunneler,Female,,,,,,,,,,,,,,,,,,Down,,,,,,,,,
"Dichotomius (Selenocopris) sericeus (Harold, 1867)",Dichotomius sericeus,Coprini,https://doi.org/10.1371/journal.pone.0126112,,Santa Catarina/Brazil,,,Young-mature,,,,,,,,,,,,,,,,,,,,,,,,,,,,Large,,,,,,,,,,,,,Nocturnal,,SWNE,222.88,,,,,,,,,,,,,,,,,,,,,1.774,,,,,,,,,,,,,,,Tunneler,Male,,,,,,,,,,,,,,,,,,Down,,,,,,,,,
"Dichotomius (Selenocopris) sericeus (Harold, 1867)",Dichotomius sericeus,Coprini,https://doi.org/10.1371/journal.pone.0126112,,Santa Catarina/Brazil,,,Young-mature,,,,,,,,,,,,,,,,,,,,,,,,,,,,Large,,,,,,,,,,,,,Nocturnal,,NESW,81.58,,,,,,,,,,,,,,,,,,,,,1.225,,,,,,,,,,,,,,,Tunneler,Male,,,,,,,,,,,,,,,,,,Up,,,,,,,,,
"Dichotomius (Selenocopris) sericeus (Harold, 1867)",Dichotomius sericeus,Coprini,https://doi.org/10.1371/journal.pone.0126112,,Santa Catarina/Brazil,,,Young-mature,,,,,,,,,,,,,,,,,,,,,,,,,,,,Large,,,,,,,,,,,,,Nocturnal,,NS,95.21,,,,,,,,,,,,,,,,,,,,,7.686,,,,,,,,,,,,,,,Tunneler,Female,,,,,,,,,,,,,,,,,,Up,,,,,,,,,
"Dichotomius (Selenocopris) sericeus (Harold, 1867)",Dichotomius sericeus,Coprini,https://doi.org/10.1371/journal.pone.0126112,,Santa Catarina/Brazil,,,Young-mature,,,,,,,,,,,,,,,,,,,,,,,,,,,,Large,,,,,,,,,,,,,Nocturnal,,SN,62.33,,,,,,,,,,,,,,,,,,,,,11.654,,,,,,,,,,,,,,,Tunneler,Male,,,,,,,,,,,,,,,,,,Down,,,,,,,,,
"Dichotomius (Selenocopris) sericeus (Harold, 1867)",Dichotomius sericeus,Coprini,https://doi.org/10.1371/journal.pone.0126112,,Santa Catarina/Brazil,,,Young-mature,,,,,,,,,,,,,,,,,,,,,,,,,,,,Large,,,,,,,,,,,,,Nocturnal,,SWNE,206.68,,,,,,,,,,,,,,,,,,,,,3.283,,,,,,,,,,,,,,,Tunneler,Female,,,,,,,,,,,,,,,,,,Down,,,,,,,,,
"Dichotomius (Selenocopris) sericeus (Harold, 1867)",Dichotomius sericeus,Coprini,https://doi.org/10.1371/journal.pone.0126112,,Santa Catarina/Brazil,,,Young-mature,,,,,,,,,,,,,,,,,,,,,,,,,,,,Large,,,,,,,,,,,,,Nocturnal,,NS,81.39,,,,,,,,,,,,,,,,,,,,,2.833,,,,,,,,,,,,,,,Tunneler,Male,,,,,,,,,,,,,,,,,,Up,,,,,,,,,
"Dichotomius (Selenocopris) sericeus (Harold, 1867)",Dichotomius sericeus,Coprini,https://doi.org/10.1371/journal.pone.0126112,,Santa Catarina/Brazil,,,Immature,,,,,,,,,,,,,,,,,,,,,,,,,,,,Large,,,,,,,,,,,,,Nocturnal,,,0,,,,,,,,,,,,,,,,,,,,,9.395,,,,,,,,,,,,,,,Tunneler,Male,,,,,,,,,,,,,,,,,,Up,,,,,,,,,
"Dichotomius (Selenocopris) sericeus (Harold, 1867)",Dichotomius sericeus,Coprini,https://doi.org/10.1371/journal.pone.0126112,,Santa Catarina/Brazil,,,Young-mature,,,,,,,,,,,,,,,,,,,,,,,,,,,,Large,,,,,,,,,,,,,Nocturnal,,,0,,,,,,,,,,,,,,,,,,,,,3.7,,,,,,,,,,,,,,,Tunneler,Female,,,,,,,,,,,,,,,,,,Down,,,,,,,,,
"Dichotomius (Selenocopris) sericeus (Harold, 1867)",Dichotomius sericeus,Coprini,https://doi.org/10.1371/journal.pone.0126112,,Santa Catarina/Brazil,,,Young-mature,,,,,,,,,,,,,,,,,,,,,,,,,,,,Large,,,,,,,,,,,,,Nocturnal,,,0,,,,,,,,,,,,,,,,,,,,,0,,,,,,,,,,,,,,,Tunneler,Male,,,,,,,,,,,,,,,,,,,,,,,,,,,
"Dichotomius (Selenocopris) sericeus (Harold, 1867)",Dichotomius sericeus,Coprini,https://doi.org/10.1371/journal.pone.0126112,,Santa Catarina/Brazil,,,Immature,,,,,,,,,,,,,,,,,,,,,,,,,,,,Large,,,,,,,,,,,,,Nocturnal,,,0,,,,,,,,,,,,,,,,,,,,,0,,,,,,,,,,,,,,,Tunneler,Female,,,,,,,,,,,,,,,,,,,,,,,,,,,
"Dichotomius (Selenocopris) sericeus (Harold, 1867)",Dichotomius sericeus,Coprini,https://doi.org/10.1371/journal.pone.0126112,,Santa Catarina/Brazil,,,Immature,,,,,,,,,,,,,,,,,,,,,,,,,,,,Large,,,,,,,,,,,,,Nocturnal,,,0,,,,,,,,,,,,,,,,,,,,,0,,,,,,,,,,,,,,,Tunneler,Female,,,,,,,,,,,,,,,,,,,,,,,,,,,
"Dichotomius (Selenocopris) sericeus (Harold, 1867)",Dichotomius sericeus,Coprini,https://doi.org/10.1371/journal.pone.0126112,,Santa Catarina/Brazil,,,Young-mature,,,,,,,,,,,,,,,,,,,,,,,,,,,,Large,,,,,,,,,,,,,Nocturnal,,,0,,,,,,,,,,,,,,,,,,,,,0,,,,,,,,,,,,,,,Tunneler,Female,,,,,,,,,,,,,,,,,,,,,,,,,,,
"Dichotomius (Selenocopris) sericeus (Harold, 1867)",Dichotomius sericeus,Coprini,https://doi.org/10.1371/journal.pone.0126112,,Santa Catarina/Brazil,,,Young-mature,,,,,,,,,,,,,,,,,,,,,,,,,,,,Large,,,,,,,,,,,,,Nocturnal,,,0,,,,,,,,,,,,,,,,,,,,,0,,,,,,,,,,,,,,,Tunneler,Male,,,,,,,,,,,,,,,,,,,,,,,,,,,
"Dichotomius (Selenocopris) sericeus (Harold, 1867)",Dichotomius sericeus,Coprini,https://doi.org/10.1371/journal.pone.0126112,,Santa Catarina/Brazil,,,Young-mature,,,,,,,,,,,,,,,,,,,,,,,,,,,,Large,,,,,,,,,,,,,Nocturnal,,,0,,,,,,,,,,,,,,,,,,,,,0,,,,,,,,,,,,,,,Tunneler,Female,,,,,,,,,,,,,,,,,,,,,,,,,,,
"Dichotomius (Selenocopris) sericeus (Harold, 1867)",Dichotomius sericeus,Coprini,https://doi.org/10.1371/journal.pone.0126112,,Santa Catarina/Brazil,,,Young-mature,,,,,,,,,,,,,,,,,,,,,,,,,,,,Large,,,,,,,,,,,,,Nocturnal,,,0,,,,,,,,,,,,,,,,,,,,,0,,,,,,,,,,,,,,,Tunneler,Male,,,,,,,,,,,,,,,,,,,,,,,,,,,
"Dichotomius (Selenocopris) sericeus (Harold, 1867)",Dichotomius sericeus,Coprini,https://doi.org/10.1111/ddi.12785,,Santa Catarina/Brazil,,,,,,,,,,,,,,,,,,,,0.16,,,,,,,,,,,,,,,,,,,,,,,,Nocturnal,Generalist,,,,,,,,,,,,,,,,,,,,,,,0,,,,,,,,,,,,,,,Tunneler,,,,,,,,,,,,,,,,,,,,,,,,,,,,
Dichotomius (Selenocopris) sp.1,,Coprini,https://doi.org/10.1649/0010-065X-73.3.693,Florianopolis - Lagoa do Peri,Santa Catarina/Brazil,,,,,,,,,,,,,,,,,,,,,,,,,,,,,,,Medium,,,,,,,,,,,,,,,,,,,,,,,,,,,,,,,,,,,,,,,,,,,,,,,,,,,,Tunneler,,,,,,,,,,,,,,,,,,,,,191.368,12.89403806,13.83911325,24.837,0.002011047,0.002095136,,9.916
Dichotomius aff. affinis,,Coprini,https://doi.org/10.1007/s42690-021-00680-8,,Rio de Janeiro/Brazil,,,,,,,,,,,,,,,,,,,,,,,,,,,,,,,,,,,,,,,,,,,,,,,,,,,,,,,,,,,,,,,,,,,,,,,,,,,,,,,,,,,Tunneler,,,,,,,,,,,,,,,,,,,,,159.917,13.89583096,13.83911325,23.57,0.002406561,0.002095136,,8.965
Dichotomius aff. iannuzziae,,Coprini,https://doi.org/10.1007/s10841-022-00412-4,,Pernambuco/Brazil,,,,,,,,,,,,,,,,,,,,,,,,,,,,,,,Large,,,,,,,,,,,,,,Generalist,,,,,,,,,,,Habitat gener,,,,,,,,,,,,,,,,,,,,,,,,,,,Tunneler,,,,,,,,,,,,,,,,,,,,,158.033,15.16699527,13.83911325,24.479,0.002435251,0.002095136,,8.306
Dichotomius aff. punctulatipennis,,Coprini,https://doi.org/10.1649/0010-065X-73.3.693,Campos Novos,Santa Catarina/Brazil,,,,,,,,,,,,,,,,,,,,,,,,,,,,,,,Medium,,,,,,,,,,,,,,Generalist,,,,,,,,,,,,,,,,,,,,,,,,,,,,,,,,,,,,,,Tunneler,,,,,,,,,,,,,,,,,,,,,155.463,13.88931787,13.83911325,23.234,0.002475509,0.002095136,,8.715
Dichotomius sp.,,Coprini,https://doi.org/10.1111/j.1744-7917.2012.01509.x,,Parana/Brazil,,,,,,,,,,,,,,,,,,,,,,,,,,,,,,,,,,,,,,,,,,,,,Coprophagous,,,,,,,,,,,,,,,,,,,,,,,,,,,,,,,,,,,,,,Tunneler,,,,,,,,,,,,,,,,,,,,,,,,,,,,
Dichotomius sp.,,Coprini,https://doi.org/10.1111/ddi.12785,,Santa Catarina/Brazil,,,,,,,,,,,,,,,,,,,,0.069,,,,,,,,,,,,,,,,,,,,,,,,Nocturnal,Coprophagous,,,,,,,,,,,,,,,,,,,,,,,,,,,,,,,,,,,,,,Tunneler,,,,,,,,,,,,,,,,,,,,,89.411,14.38876004,14.38876004,17.934,0.001090805,0.001090805,,6.613
Dichotomius sp.1,,Coprini,https://doi.org/10.1007/s42690-021-00680-8,,Rio de Janeiro/Brazil,,,,,,,,,,,,,,,,,,,,,,,,,,,,,,,,,,,,,,,,,,,,,,,,,,,,,,,,,,,,,,,,,,,,,,,,,,,,,,,,,,,,,,,,,,,,,,,,,,,,,,,,,,,,,,,
Dichotomius sp.1,,Coprini,https://doi.org/10.1016/j.biocon.2023.109957,,Sao Paulo/Brazil,,,,,,,,,,,,,,,,,,,,,,,,,,,,,,,,,,,,,,,,,,,,,,,,,,,,,,,,Forest specialist,,,,,,,,,,,,,,,,,,,,,,,,,,,Tunneler,,,,,,,,,,,,,,,,,,,,,,,,,,,,
Dichotomius sp.1,,Coprini,https://doi.org/10.1007/s10841-022-00412-4,,Pernambuco/Brazil,,,,,,,,,,,,,,,,,,,,,,,,,,,,,,,Large,,,,,,,,,,,,,,Coprophagous,,,,,,,,,,,Forest specialist,,,,,,,,,,,,,,,,,,,,,,,,,,,Tunneler,,,,,,,,,,,,,,,,,,,,,,,,,,,,
Dichotomius sp.1,,Coprini,https://doi.org/10.1673/031.011.0113,,Sao Paulo/Brazil,,,,,,,,,,,,,,,,,,,,,,,,,,,,,,,,12.67,,,0.993,,,,,,16.1,1.11,,Nocturnal,,,,,,,,,,,,,,,,,,,,,,,,,,,,,,,,,,,,,,,,,,,,,,,,,,,,,,,,,,,,,,,,,,,
Dichotomius sp.1,,Coprini,this study,,Sao Paulo/Brazil,,,,,,,,,,,,,,,,,,,,,0.11324,,,,,,,,,,Large,,,,,,,,,,,,,Nocturnal,,,,,,,,,,,,,,,,,,,,,,,,,,,,,,,,,,,,,,,Tunneler,,,,,,,,,,,,,,,,,,,,,,,,,,,,
Dichotomius sp.2,,Coprini,https://doi.org/10.1007/s42690-021-00680-8,,Rio de Janeiro/Brazil,,,,,,,,,,,,,,,,,,,,,,,,,,,,,,,,,,,,,,,,,,,,,,,,,,,,,,,,,,,,,,,,,,,,,,,,,,,,,,,,,,,Tunneler,,,,,,,,,,,,,,,,,,,,,,,,,,,,
Dichotomius sp.2,,Coprini,https://doi.org/10.1016/j.biocon.2023.109957,,Sao Paulo/Brazil,,,,,,,,,,,,,,,,,,,,,,,,,,,,,,,,,,,,,,,,,,,,,,,,,,,,,,,,Forest specialist,,,,,,,,,,,,,,,,,,,,,,,,,,,,,,,,,,,,,,,,,,,,,,,,,,,,,,,
Dichotomius sp.2,,Coprini,https://doi.org/10.1007/s10841-022-00412-4,,Pernambuco/Brazil,,,,,,,,,,,,,,,,,,,,,,,,,,,,,,,Large,,,,,,,,,,,,,,Coprophagous,,,,,,,,,,,Forest specialist,,,,,,,,,,,,,,,,,,,,,,,,,,,Tunneler,,,,,,,,,,,,,,,,,,,,,,,,,,,,
Dichotomius sp.2,,Coprini,https://doi.org/10.1673/031.011.0113,,Sao Paulo/Brazil,,,,,,,,,,,,,,,,,,,,,,,,,,,,,,,,15.86,,,0.339,,,,,,19.62,0.507,,Nocturnal,,,,,,,,,,,,,,,,,,,,,,,,,,,,,,,,,,,,,,,,,,,,,,,,,,,,,,,,,,,,,,,,,,,
Dichotomius sp.2,,Coprini,https://doi.org/10.1649/0010-065X-73.3.693,"Sao Miguel do Oeste, Florianopolis - Desterro",Santa Catarina/Brazil,,,,,,,,,,,,,,,,,,,,,,,,,,,,,,,Medium,,,,,,,,,,,,,,,,,,,,,,,,,,,,,,,,,,,,,,,,,,,,,,,,,,,,Tunneler,,,,,,,,,,,,,,,,,,,,,,,,,,,,
Dichotomius sp.26,,Coprini,this study,,Sao Paulo/Brazil,,,,,,,,,,,,,,,,,,,,,,,,,,,,,,,Large,,,,,,,,,,,,,Nocturnal,,,,,,,,,,,,,,,,,,,,,,,,,,,,,,,,,,,,,,,,,,,,,,,,,,,,,,,,,,,,,,,,,,,
Dichotomius sp.3,,Coprini,https://doi.org/10.1016/j.biocon.2023.109957,,Sao Paulo/Brazil,,,,,,,,,,,,,,,,,,,,,,,,,,,,,,,,,,,,,,,,,,,,,,,,,,,,,,,,Habitat gener,,,,,,,,,,,,,,,,,,,,,,,,,,rare,Tunneler,,large,,,,,,,,,,,,,,,,,,,,,,,,,,
Dichotomius sp.4,,Coprini,https://doi.org/10.1016/j.biocon.2023.109957,,Sao Paulo/Brazil,,,,,,,,,,,,,,,,,,,,,,,,,,,,,,,,,,,,,,,,,,,,,,,,,,,,,,,,Habitat gener,,,,,,,,,,,,,,,,,,,,,,,,,,,Tunneler,,,,,,,,,,,,,,,,,,,,,,,,,,,,
Dichotomius sp.5,,Coprini,https://doi.org/10.1016/j.biocon.2023.109957,,Sao Paulo/Brazil,,,,,,,,,,,,,,,,,,,,,,,,,,,,,,,,,,,,,,,,,,,,,,,,,,,,,,,,Forest specialist,,,,,,,,,,,,,,,,,,,,,,,,,,,,,,,,,,,,,,,,,,,,,,,,,,,,,,,
"Digitonthophagus gazella (Fabricius, 1787)",,Onthophagini,https://doi.org/10.1007/s10841-022-00412-4,,Pernambuco/Brazil,,,,,,,,,,,,,,,,,,,,,,,,,,,,,,,Small,,,,,,,,,,,,,,Coprophagous,,,,,,,,,,,Open environ. specialist,,,,,,,,,,,,,,,,,,,,,,,,,,,Dweller,,,,,,,,,,,,,,,,,,,,,,,,,,,,
"Digitonthophagus gazella (Fabricius, 1787)",,Onthophagini,https://doi.org/10.1371/journal.pone.0201368,,Bahia/Brazil,,,,,,,,,,,,,,,,,,,,,,,,,,,,,,,,,,,,,,,,,,,,,,,,,,,,,,,,Open environ. specialist,,,,,,,,,,,,,,,,,,,,,,,,,,,Dweller,,,,,,,,,,,,,,,,,,,,,,,,,,,,
"Eurysternus aeneus G√©nier, 2009",,Oniticellini,https://doi.org/10.1649/0010-065X-73.3.693,Campos Novos,Santa Catarina/Brazil,,,,,,,,,,,,,,,,,,,,,,,,,,,,,,,Small,,,,,,,,,,,,,,Generalist,,,,,,,,,,,,,,,,,,,,,,,,,,,,,,,,,,,,,,Dweller,,,,,,,,,,,,,,,,,,,,,,,,,,,,
"Eurysternus aeneus G√©nier, 2009",,Oniticellini,https://doi.org/10.1590/S0001-37652013005000033,,Rio Grande do Sul/Brazil,,,,,,,,,,,,,,,,,,,,,,,,,,,,,,,,,,,,,,,,,,,,,,,,,,,,,,,,,,,,,,,,,,,,,,,,,,,,,,,,,,,Dweller,,,,,,,,,,,,,,,,,,,,,,,,,,,,
"Eurysternus calligrammus Dalman, 1824",,Oniticellini,https://doi.org/10.1016/j.biocon.2013.11.023,,Bahia/Brazil,,,,,,,,,,,,,,,,,,,,0.04395,,,,,,,,,,,,,,,,,,,,,,,,Diurnal,Generalist,,,,,,,,,,,Forest specialist,,,,,,,,,,,,,,,,0.05,0.39,,,,,,,,,,Dweller,,,,,,,,,,,,,,,,,,,,,,,,,,,,
"Eurysternus calligrammus Dalman, 1824",,Oniticellini,https://doi.org/10.1002/eap.1562,,Bahia/Brazil,,,,,,,,,,,,,,,,,,,,,,,,,,,,,,,Medium,,,,,,,,,,,,,Diurnal,Generalist,,,,,,,,,,,,,,,,,,,,,,,,,,,,,,,,,,,,,,Dweller,,,,,,,,,,,,,,,,,,,,,,,,,,,,
"Eurysternus calligrammus Dalman, 1824",,Oniticellini,https://doi.org/10.1590/S0085-56262013000100008,,Santa Catarina/Brazil,,,,,,,,,,,,,,,,,,,,0.04,,,,,,,,,,,Medium,,,,,,,,,,,,,,,,,,,,,,,,,,,,,,,,,,,,,,,,,,,,,,,,,,,,Dweller,,,,,,,,,,,,,,,,,,,,,,,,,,,,
"Eurysternus calligrammus Dalman, 1824",,Oniticellini,https://doi.org/10.1111/btp.12418,,Sao Paulo/Brazil,,,,,,,,,,,,,,,,,,,,,,,,,,,,,,,,9.73,,,2.7,,,,,,,,,,,,,,,,,,,,,,,,,,,,,,,,,,,,,,,,6.797,,,,,,,,Dweller,,,0.241,,,,,,1.092,,,,,16.708,,,,,,,,,,,,,,
"Eurysternus caribaeus (Herbst, 1789)",,Oniticellini,https://doi.org/10.1590/S0085-56262013000100008,,Santa Catarina/Brazil,,,,,,,,,,,,,,,,,,,,0.109,,,,,,,,,,,Large,,,,,,,,,,,,,,,,,,,,,,,,,,,,,,,,,,,,,,,,,,,,,,,,,,,rare,Dweller,,intermediate,,,,,,,,,,,,,,,,,,,,,,,,,,
"Eurysternus caribaeus (Herbst, 1789)",,Oniticellini,https://doi.org/10.1016/j.apsoil.2020.103652,,Misiones Province/Argentina,,,,,,,,,,,,,,,,,,,10.07,,,0.08,3.64,6.51,,,,,,,,,,,,,,,,,,,,,,,,,,,,,,,,,,,,,,,,,,,,,,,,,,,,,,,,,,,,,,,,,,,,,,,,,,,,,,,,,,,,,,,
"Eurysternus caribaeus (Herbst, 1789)",,Oniticellini,https://doi.org/10.1038/s41598-022-05616-x,,Misiones Province/Argentina,,,,4.593,,,,,1.992,,,,,2.944,,,,,,0.058,,,,,,98.232,,,,,,,,,,,,,,,,,,,,,,,,,,,,,,,11.1314,,,,,,,,,,,,,,,,,,,,,,,,,,Dweller,,,,,,,,,,,,,,,,,,,,,,,,,,,,
"Eurysternus caribaeus (Herbst, 1789)",,Oniticellini,https://doi.org/10.1649/0010-065X-73.3.693,"Itapemag, Sao Miguel do Oeste, Sao Domingos, Campos Novos",Santa Catarina/Brazil,,,,,,,,,,,,,,,,,,,,,,,,,,,,,,,Medium,,,,,,,,,,,,,,Coprophagous,,,,,,,,,,,,,,,,,,,,,,,,,,,,,,,,,,,,,,Dweller,,,,,,,,,,,,,,,,,,,,,,,,,,,,
"Eurysternus caribaeus (Herbst, 1789)",,Oniticellini,https://doi.org/10.1111/j.1744-7917.2012.01509.x,,Parana/Brazil,,,,,,,,,,,,,,,,,,,,,,,,,,,,,,,,,,,,,,,,,,,,,Coprophagous/Necrophagous,,,,,,,,,,,,,,,,,,,,,,,,,,,,,,,,,,,,,,Dweller,,,,,,,,,,,,,,,,,,,,,,,,,,,,
"Eurysternus caribaeus (Herbst, 1789)",,Oniticellini,https://doi.org/10.1590/S0073-47212012000200012,,Rio Grande do Sul/Brazil,,,,,,,,,,,,,,,,,,,,,,,,,,,,,,,,,,,,,,,,,,,,,Coprophagous,,,,,,,,,,,,,,,,,,,,,,,,,,,,,,,,,,,,,,,,,,,,,,,,,,,,,,,,,,,,,,,,,,
"Eurysternus caribaeus (Herbst, 1789)",,Oniticellini,https://doi.org/10.1590/S0001-37652013005000033,,Rio Grande do Sul/Brazil,,,,,,,,,,,,,,,,,,,,,,,,,,,,,,,,,,,,,,,,,,,,,,,,,,,,,,,,,,,,,,,,,,,,,,,,,,,,,,,,,,,Dweller,,,,,,,,,,,,,,,,,,,,,38.506,14.95372191,15.45788158,11.998,0.000963227,0.001118571,,4.347
"Eurysternus cyanescens Balthasar, 1939",,Oniticellini,https://doi.org/10.1007/s42690-021-00680-8,,Rio de Janeiro/Brazil,,,,,,,,,,,,,,,,,,,,,,,,,,,,,,,,,,,,,,,,,,,,,,,,,,,,,,,,,,,,,,,,,,,,,,,,,,,,,,,,,,,Dweller,,,,,,,,,,,,,,,,,,,,,37.196,15.91169975,15.45788158,12.164,0.00099715,0.001118571,,4.095
"Eurysternus cyanescens Balthasar, 1939",,Oniticellini,https://doi.org/10.1016/j.biocon.2023.109957,,Sao Paulo/Brazil,,,,,,,,,,,,,,,,,,,,,,,,,,,,,,,,,,,,,,,,,,,,,,,,,,,,,,,,Forest gener,,,,,,,,,,,,,,,,,,,,,,,,,,,Dweller,,,,,,,,,,,,,,,,,,,,,35.941,15.54908322,15.45788158,11.82,0.001031969,0.001118571,,4.065
"Eurysternus cyanescens Balthasar, 1939",,Oniticellini,https://doi.org/10.1673/031.011.0113,,Sao Paulo/Brazil,,,,,,,,,,,,,,,,,,,,,,,,,,,,,,,,11.92,,,0.59,,,,,,14.64,0.673,,Diurnal,,,,,,,,,,,,,,,,,,,,,,,,,,,,,,,,,,,,,,,Dweller,,,,,,,,,,,,,,,,,,,,,34.992,14.77788066,15.45788158,11.37,0.001059957,0.001118571,,4.075
"Eurysternus cyanescens Balthasar, 1939",,Oniticellini,https://doi.org/10.1649/0010-065X-73.3.693,"Ipumirim, Campos Novos, Monte Castelo, Antonio Carlos, Sao Pedro de Alcantara, Santo Amaro da Imperatriz, Porto Belo - Bombinhas, Governador Celso Ramos",Santa Catarina/Brazil,,,,,,,,,,,,,,,,,,,,,,,,,,,,,,,Medium,,,,,,,,,,,,,Diurnal,Coprophagous,,,,,,,,,,,,,,,,,,,,,,,,,,,,,,,,,,,,,,Dweller,,,,,,,,,,,,,,,,,,,,,33.618,14.99204295,15.45788158,11.225,0.001103278,0.001118571,,4.02
"Eurysternus cyanescens Balthasar, 1939",,Oniticellini,https://doi.org/10.1111/btp.12418,,Sao Paulo/Brazil,,,,,,,,,,,,,,,,,,,,,,,,,,,,,,,,13.66,,,1.1,,,,,,,,,,,,,,,,,,,,,,,,,,,,,,,,,,,,,,,,,,,,,,,,Dweller,,,,,,,,,,,,,,,,,,,,,33.58,15.56222752,15.45788158,11.43,0.001104527,0.001118571,,3.856
"Eurysternus cyanescens Balthasar, 1939",,Oniticellini,https://doi.org/10.1371/journal.pone.0244783,,Santa Catarina/Brazil,,0.3,,,,,,,,,,,,,,,,,,0.045,,,,,,,,,,,,,,,,,,,,,,,,Nocturnal,Generalist,,,,,,,,0.2,,4.5,,,,,,,,,,,,,,,,,,,,,,,,,,,,Dweller,,,,,,,,,,,,,,,,,,,,,30.842,15.68432773,15.45788158,10.997,0.001202581,0.001118571,,3.813
"Eurysternus cyanescens Balthasar, 1939",,Oniticellini,https://doi.org/10.1111/ddi.12785,,Santa Catarina/Brazil,,,,,,,,,,,,,,,,,,,,0.047,,,,,,,,,,,,,,,,,,,,,,,,Diurnal/Nocturnal,Generalist,,,,,,,,,,,,,,,,,,,,,,,,,,,,,,,,,,,,,,Dweller,,,,,,,,,,,,,,,,,,,,,30.42,15.18146285,15.45788158,10.745,0.001219264,0.001118571,,3.703
"Eurysternus cyanescens Balthasar, 1939",,Oniticellini,this study,Atibaia,Sao Paulo/Brazil,,,,,,,,,,,,,,,,,,,,,0.03709,,,,,,,,,,Medium,,,,,,,,,,,,DM221,Diurnal/Nocturnal,Coprophagous,,,,,,,,,,,,,,,,,,,,,,,,,,,,,,,,,,,,,,Dweller,,,,,,,,,,,,,,,,,,,,,30.311,15.56106773,15.45788158,10.859,0.001223648,0.001118571,,3.777
"Eurysternus cyanescens Balthasar, 1939",,Oniticellini,this study,Mairipora,Sao Paulo/Brazil,,,,,,,,,,,,,,,,,,,,,0.03709,,,,,,,,,,Medium,,,,,,,,,,,,DM228,Diurnal/Nocturnal,Coprophagous,,,,,,,,,,,,,,,,,,,,,,,,,,,,,,,,,,,,,,Dweller,,,,,,,,,,,,,,,,,,,,,28.974,16.40530144,15.45788158,10.901,0.001280113,0.001118571,,3.58
"Eurysternus cyanescens Balthasar, 1939",,Oniticellini,this study,Atibaia,Sao Paulo/Brazil,,,,,,,,,,,,,,,,,,,,,0.03709,,,,,,,,,,Medium,,,,,,,,,,,,DM223,Diurnal/Nocturnal,Coprophagous,,,,,,,,,,,,,,,,,,,,,,,,,,,,,,,,,,,,,,,,,,,,,,,,,,,,,,,,,,,,,,,,,,
"Eurysternus cyanescens Balthasar, 1939",,Oniticellini,this study,Atibaia,Sao Paulo/Brazil,,,,,,,,,,,,,,,,,,,,,0.03709,,,,,,,,,,Medium,,,,,,,,,,,,DM225,Diurnal/Nocturnal,Coprophagous,,,,,,,,,,,,,,,,,,,,,,,,,,,,,,,,,,,,,rare,Dweller,,large,,,,,,,,,,,,,,,,,,,,,,,,,,
"Eurysternus cyanescens Balthasar, 1939",,Oniticellini,this study,Atibaia,Sao Paulo/Brazil,,,,,,,,,,,,,,,,,,,,,0.03709,,,,,,,,,,Medium,,,,,,,,,,,,DM224,Diurnal/Nocturnal,Coprophagous,,,,,,,,,,,,,,,,,,,,,,,,,,,0.1,0.19,,,,,,,,,,Dweller,,,,,,,,,,,,,,,,,,,,,,,,,,,,
"Eurysternus cyanescens Balthasar, 1939",,Oniticellini,this study,Atibaia,Sao Paulo/Brazil,,,,,,,,,,,,,,,,,,,,,0.03709,,,,,,,,,,Medium,,,,,,,,,,,,DM219,Diurnal/Nocturnal,Coprophagous,,,,,,,,,,,,,,,,,,,,,,,,1.7,,,,,,,,,,,,,,Dweller,,,,,,,,,,,,,,,,,,,,,,,,,,,3,
"Eurysternus cyanescens Balthasar, 1939",,Oniticellini,this study,Mairipora,Sao Paulo/Brazil,,,,,,,,,,,,,,,,,,,,,0.03709,,,,,,,,,,Medium,,,,,,,,,,,,DM227,Diurnal/Nocturnal,Coprophagous,,,,,,,,,,,,,,,,,,,,,,,,,,,,,,,,,,,,,,Dweller,,,,,,,,,,,,,,,,,,,,,,,,,,,,
"Eurysternus cyanescens Balthasar, 1939",,Oniticellini,this study,Atibaia,Sao Paulo/Brazil,,,,,,,,,,,,,,,,,,,,,0.03709,,,,,,,,,,Medium,,,,,,,,,,,,DM222,Diurnal/Nocturnal,Coprophagous,,,,,,,,,,,,,,,,,,,,,,,,,,,0,0.19,,,,,,,,,,Dweller,,,,,,,,,,,,,,,,,,,,,,,,,,,,
"Eurysternus cyanescens Balthasar, 1939",,Oniticellini,this study,Atibaia,Sao Paulo/Brazil,,,,,,,,,,,,,,,,,,,,,0.03709,,,,,,,,,,Medium,,,,,,,,,,,,DM220,Diurnal/Nocturnal,Coprophagous,,,,,,,,,,,,,,,,,,,,,,,,,,,,,,,,,,,,,,Dweller,,,,,,,,,,,,,,,,,,,,,,,,,,,,
"Eurysternus cyanescens Balthasar, 1939",,Oniticellini,this study,Atibaia,Sao Paulo/Brazil,,,,,,,,,,,,,,,,,,,,,0.03709,,,,,,,,,,Medium,,,,,,,,,,,,DM226,Diurnal/Nocturnal,Coprophagous,,,,,,,,,,,,,,,,,,,,,,,,,,,,,,,,,,,,,,,,,,,,,,,,,,,,,,,,,,,,,,,,,,
"Eurysternus deplanatus (Germar, 1824)",,Oniticellini,https://doi.org/10.1111/btp.12418,,Sao Paulo/Brazil,,,,,,,,,,,,,,,,,,,,,,,,,,,,,,,,10.1,,,0,,,,,,,,,,,,,,,,,,,,,,,,,,,,,,,,,,,,,,,,,,,,,,,,Dweller,,,,,,,,,,,,,,,,,,,,,,,,,,,,
"Eurysternus deplanatus (Germar, 1824)",,Oniticellini,https://doi.org/10.1590/1676-0611-BN-2023-1567,,Brazil,,,,,,,,,,,,,,,,,,,,,,,,,,,,,,,,,8,11,,,,,,‚Äì,,,,,,,,,,,,,,,,,,,,,,,,,,,,,,,,,,,,,,,,,,,Dweller,,,,,,,,,,,,,,,,,,,,,52.386,16.0649811,15.96133426,14.505,0.001318864,0.001445607,,4.685
"Eurysternus francinae G√©nier, 2009",,Oniticellini,https://doi.org/10.1016/j.biocon.2023.109957,,Sao Paulo/Brazil,,,,,,,,,,,,,,,,,,,,,,,,,,,,,,,,,,,,,,,,,,,,,,,,,,,,,,,,Forest specialist,,,,,,,,,,,,,,,,,,,,,,,,,,,Dweller,,,,,,,,,,,,,,,,,,,,,50.47,16.52574599,15.96133426,14.44,0.001368932,0.001445607,,4.662
"Eurysternus francinae G√©nier, 2009",,Oniticellini,https://doi.org/10.1590/S0085-56262013000100008,,Santa Catarina/Brazil,,,,,,,,,,,,,,,,,,,,0.076,,,,,,,,,,,Medium,,,,,,,,,,,,,,Coprophagous,,,,,,,,,,,,,,,,,,,,0,,,,,,,,,,,,,,,,,,Dweller,,,,,,,,,,,,,,,,,,,,,48.999,15.87941052,15.96133426,13.947,0.001410029,0.001445607,,4.445
"Eurysternus francinae G√©nier, 2009",Eurysternus sp.,Oniticellini,https://doi.org/10.1673/031.011.0113,,Sao Paulo/Brazil,,,,,,,,,,,,,,,,,,,,,,,,,,,,,,,,14.81,,,0.823,,,,,,18.39,1.023,,Diurnal,,,,,,,,,,,,,,,,,,,,,,,,,,,,,,,,,,,,,,,Dweller,,,,,,,,,,,,,,,,,,,,,48.039,16.05305897,15.96133426,13.885,0.001438206,0.001445607,,4.483
"Eurysternus francinae G√©nier, 2009",,Oniticellini,https://doi.org/10.1649/0010-065X-73.3.693,Campos Novos,Santa Catarina/Brazil,,,,,,,,,,,,,,,,,,,,,,,,,,,,,,,Medium,,,,,,,,,,,,,Diurnal,Coprophagous,,,,,,,,,,,,,,,,,,,,,,,,,,,,,,,,,,,,,,Dweller,,,,,,,,,,,,,,,,,,,,,48.004,15.8043483,15.96133426,13.772,0.001439255,0.001445607,,4.516
"Eurysternus francinae G√©nier, 2009",,Oniticellini,this study,Jarinu,Sao Paulo/Brazil,,,,,,,,,,,,,,,,,,,,,0.06909,,,,,,,,,,Medium,,,,,,,,,,,,DM233,Diurnal/Nocturnal,Coprophagous,,,,,,,,,,,,,,,,,,,,,,,,,,,,,,,,,,,,,,Dweller,,,,,,,,,,,,,,,,,,,,,47.65,15.97035459,15.96133426,13.793,0.001449948,0.001445607,,4.631
"Eurysternus francinae G√©nier, 2009",,Oniticellini,this study,Jarinu,Sao Paulo/Brazil,,,,,,,,,,,,,,,,,,,,,0.06909,,,,,,,,,,Medium,,,,,,,,,,,,DM231,Diurnal/Nocturnal,Coprophagous,,,,,,,,,,,,,,,,,,,,,,,,,,,,,,,,,,,,,,Dweller,,,,,,,,,,,,,,,,,,,,,47.377,16.06703886,15.96133426,13.795,0.001458303,0.001445607,,4.433
"Eurysternus francinae G√©nier, 2009",,Oniticellini,this study,Jarinu,Sao Paulo/Brazil,,,,,,,,,,,,,,,,,,,,,0.06909,,,,,,,,,,Medium,,,,,,,,,,,,DM229,Diurnal/Nocturnal,Coprophagous,,,,,,,,,,,,,,,,,,,,,,,,,,,,,,,,,,,,,,Dweller,,,,,,,,,,,,,,,,,,,,,45.767,15.41358621,15.96133426,13.28,0.001509603,0.001445607,,4.488
"Eurysternus francinae G√©nier, 2009",,Oniticellini,this study,Jarinu,Sao Paulo/Brazil,,,,,,,,,,,,,,,,,,,,,0.06909,,,,,,,,,,Medium,,,,,,,,,,,,DM238,Diurnal/Nocturnal,Coprophagous,,,,,,,,,,,,,,,,,,,,,,,,,,,,,,,,,,,,,,Dweller,,,,,,,,,,,,,,,,,,,,,45.232,16.38062434,15.96133426,13.61,0.001527458,0.001445607,,4.411
"Eurysternus francinae G√©nier, 2009",,Oniticellini,this study,Jarinu,Sao Paulo/Brazil,,,,,,,,,,,,,,,,,,,,,0.06909,,,,,,,,,,Medium,,,,,,,,,,,,DM235,Diurnal/Nocturnal,Coprophagous,,,,,,,,,,,,,,,,,,,,,,,,,,,,,,,,,,,,,,Dweller,,,,,,,,,,,,,,,,,,,,,44.996,15.45419371,15.96133426,13.185,0.00153547,0.001445607,,4.442
"Eurysternus francinae G√©nier, 2009",,Oniticellini,this study,Jarinu,Sao Paulo/Brazil,,,,,,,,,,,,,,,,,,,,,0.06909,,,,,,,,,,Medium,,,,,,,,,,,,DM232,Diurnal/Nocturnal,Coprophagous,,,,,,,,,,,,,,,,,,,,,,,,,,,,,,,,,,,,,common,Dweller,,narrow,,,,,,,,,,,,,,,,,,,,,,,,,,
"Eurysternus francinae G√©nier, 2009",,Oniticellini,this study,Jarinu,Sao Paulo/Brazil,,,,,,,,,,,,,,,,,,,,,0.06909,,,,,,,,,,Medium,,,,,,,,,,,,DM234,Diurnal/Nocturnal,Coprophagous,,,,,,,,,,,,,,,,,,,,,,,,,,,,,,,,,,,,,,Dweller,,,,,,,,,,,,,,,,,,,,,,,,,,,,
"Eurysternus francinae G√©nier, 2009",,Oniticellini,this study,Jarinu,Sao Paulo/Brazil,,,,,,,,,,,,,,,,,,,,,0.06909,,,,,,,,,,Medium,,,,,,,,,,,,DM236,Diurnal/Nocturnal,Coprophagous,,,,,,,,,,,,,,,,,,,,,,,,,,,,,,,,,,,,,,Dweller,,,,,,,,,,,,,,,,,,,,,,,,,,,,
"Eurysternus francinae G√©nier, 2009",,Oniticellini,this study,Jarinu,Sao Paulo/Brazil,,,,,,,,,,,,,,,,,,,,,0.06909,,,,,,,,,,Medium,,,,,,,,,,,,DM230,Diurnal/Nocturnal,Coprophagous,,,,,,,,,,,,,,,,,,,,,,,,,,,,,,,,,,,,,,Dweller,,,,,,,,,,,,,,,,,,,,,,,,,,,,
"Eurysternus francinae G√©nier, 2009",,Oniticellini,this study,Jarinu,Sao Paulo/Brazil,,,,,,,,,,,,,,,,,,,,,0.06909,,,,,,,,,,Medium,,,,,,,,,,,,DM237,Diurnal/Nocturnal,Coprophagous,,,,,,,,,,,,,,,,,,,,,,,,,,,,,,,,,,,,,,,,,,,,,,,,,,,,,,,,,,,,,,,,,,
"Eurysternus hirtellus Dalman, 1824",,Oniticellini,https://doi.org/10.1007/s42690-021-00680-8,,Rio de Janeiro/Brazil,,,,,,,,,,,,,,,,,,,,,,,,,,,,,,,,,,,,,,,,,,,,,,,,,,,,,,,,,,,,,,,,,,,,,,,,,,,,,,,,,,,Dweller,,,,,,,,,,,,,,,,,,,,,17.559,16.15044137,15.69490224,8.42,0.000449912,0.000589149,,2.75
"Eurysternus hirtellus Dalman, 1824",,Oniticellini,https://doi.org/10.1016/j.biocon.2013.11.023,,Bahia/Brazil,,,,,,,,,,,,,,,,,,,,0.011273,,,,,,,,,,,,,,,,,,,,,,,,Diurnal,Coprophagous,,,,,,,,,,,Forest specialist,,,,,,,,,,,,,,,,,,,,,,,,,,,Dweller,,,,,,,,,,,,,,,,,,,,,17.513,15.14868635,15.69490224,8.144,0.000451093,0.000589149,,2.855
"Eurysternus hirtellus Dalman, 1824",,Oniticellini,https://doi.org/10.1002/eap.1562,,Bahia/Brazil,,,,,,,,,,,,,,,,,,,,,,,,,,,,,,,Medium,,,,,,,,,,,,,Diurnal,Coprophagous,,,,,,,,,,,,,,,,,,,,,,,,,,,,,,,,,,,,,,Dweller,,,,,,,,,,,,,,,,,,,,,16.54,15.54347981,15.69490224,8.017,0.00047763,0.000589149,,2.8
"Eurysternus hirtellus Dalman, 1824",,Oniticellini,https://doi.org/10.1016/j.biocon.2023.109957,,Sao Paulo/Brazil,,,,,,,,,,,,,,,,,,,,,,,,,,,,,,,,,,,,,,,,,,,,,,,,,,,,,,,,Forest gener,,,,,,,,,,,,,,,,,,,,,,,,,,,Dweller,,,,,,,,,,,,,,,,,,,,,14.249,15.85802681,15.69490224,7.516,0.000554425,0.000589149,,2.559
"Eurysternus hirtellus Dalman, 1824",,Oniticellini,https://doi.org/10.1007/s10841-022-00412-4,,Pernambuco/Brazil,,,,,,,,,,,,,,,,,,,,,,,,,,,,,,,Small,,,,,,,,,,,,,,Coprophagous,,,,,,,,,,,Forest specialist,,,,,,,,,,,,,,,,,,,,,,,,,,,Dweller,,,,,,,,,,,,,,,,,,,,,13.881,14.90937224,15.69490224,7.193,0.000569123,0.000589149,,2.543
"Eurysternus hirtellus Dalman, 1824",,Oniticellini,https://doi.org/10.1673/031.011.0113,,Sao Paulo/Brazil,,,,,,,,,,,,,,,,,,,,,,,,,,,,,,,,7.62,,,0.522,,,,,,9.38,0.586,,Diurnal,,,,,,,,,,,,,,,,,,,,,,,,,,,,,,,,,,,,,,,Dweller,,,,,,,,,,,,,,,,,,,,,13.03,15.93615503,15.69490224,7.205,0.000606293,0.000589149,,2.425
"Eurysternus hirtellus Dalman, 1824",,Oniticellini,this study,Jarinu,Sao Paulo/Brazil,,,,,,,,,,,,,,,,,,,,,0.0079,,,,,,,,,,Small,,,,,,,,,,,,DM257,Diurnal/Nocturnal,Coprophagous,,,,,,,,,,,,,,,,,,,,,,,,,,,,,,,,,,,,,,Dweller,,,,,,,,,,,,,,,,,,,,,12.548,16.30117979,15.69490224,7.151,0.000629582,0.000589149,,2.319
"Eurysternus hirtellus Dalman, 1824",,Oniticellini,this study,Jarinu,Sao Paulo/Brazil,,,,,,,,,,,,,,,,,,,,,0.0079,,,,,,,,,,Small,,,,,,,,,,,,DM250,Diurnal/Nocturnal,Coprophagous,,,,,,,,,,,,,,,,,,,,,,,,,,,,,,,,,,,,,,Dweller,,,,,,,,,,,,,,,,,,,,,11.629,15.53765276,15.69490224,6.721,0.000679336,0.000589149,,2.24
"Eurysternus hirtellus Dalman, 1824",,Oniticellini,this study,Jarinu,Sao Paulo/Brazil,,,,,,,,,,,,,,,,,,,,,0.0079,,,,,,,,,,Small,,,,,,,,,,,,DM251,Diurnal/Nocturnal,Coprophagous,,,,,,,,,,,,,,,,,,,,,,,,,,,,,,,,,,,,,,Dweller,,,,,,,,,,,,,,,,,,,,,10.749,15.68371532,15.69490224,6.492,0.000734952,0.000589149,,2.172
"Eurysternus hirtellus Dalman, 1824",,Oniticellini,this study,Atibaia,Sao Paulo/Brazil,,,,,,,,,,,,,,,,,,,,,0.0079,,,,,,,,,,Small,,,,,,,,,,,,DM256,Diurnal/Nocturnal,Coprophagous,,,,,,,,,,,,,,,,,,,,,,,,,,,,,,,,,,,,,,Dweller,,,,,,,,,,,,,,,,,,,,,10.688,15.88031287,15.69490224,6.514,0.000739147,0.000589149,,2.157
"Eurysternus hirtellus Dalman, 1824",,Oniticellini,this study,Nazare Paulista,Sao Paulo/Brazil,,,,,,,,,,,,,,,,,,,,,0.0079,,,,,,,,,,Small,,,,,,,,,,,,DM259,Diurnal/Nocturnal,Coprophagous,,,,,,,,,,,,,,,,,,,,,,,,,,,,,,,,,,,,,,Dweller,,,,,,,,,,,,,,,,,,,,,,,,,,,,
"Eurysternus hirtellus Dalman, 1824",,Oniticellini,this study,Atibaia,Sao Paulo/Brazil,,,,,,,,,,,,,,,,,,,,,0.0079,,,,,,,,,,Small,,,,,,,,,,,,DM252,Diurnal/Nocturnal,Coprophagous,,,,,,,,,,,,,,,,,,,,,,,,,,,,,,,,,,,,,,,,,,,,,,,,,,,,,,,,,,,,,,,,,,
"Eurysternus hirtellus Dalman, 1824",,Oniticellini,this study,Nazare Paulista,Sao Paulo/Brazil,,,,,,,,,,,,,,,,,,,,,0.0079,,,,,,,,,,Small,,,,,,,,,,,,DM253,Diurnal/Nocturnal,Coprophagous,,,,,,,,,,,,,,,,,,,,,,,,,,,,,,,,,,,,,,Dweller,,,,,,,,,,,,,,,,,,,,,,,,,,,,
"Eurysternus hirtellus Dalman, 1824",,Oniticellini,this study,Nazare Paulista,Sao Paulo/Brazil,,,,,,,,,,,,,,,,,,,,,0.0079,,,,,,,,,,Small,,,,,,,,,,,,DM255,Diurnal/Nocturnal,Coprophagous,,,,,,,,,,,,,,,,,,,,,,,,,,,,,,,,,,,,,,,,,,,,,,,,,,,,,,,,,,,,,,,,,,
"Eurysternus hirtellus Dalman, 1824",,Oniticellini,this study,Nazare Paulista,Sao Paulo/Brazil,,,,,,,,,,,,,,,,,,,,,0.0079,,,,,,,,,,Small,,,,,,,,,,,,DM254,Diurnal/Nocturnal,Coprophagous,,,,,,,,,,,,,,,,,,,,,,,,,,,,,,,,,,,,,,Dweller,,,,,,,,,,,,,,,,,,,,,25.825,16.93365901,16.93365901,10.456,0.000838335,0.000838335,,3.161
"Eurysternus hirtellus Dalman, 1824",,Oniticellini,this study,Nazare Paulista,Sao Paulo/Brazil,,,,,,,,,,,,,,,,,,,,,0.0079,,,,,,,,,,Small,,,,,,,,,,,,DM258,Diurnal/Nocturnal,Coprophagous,,,,,,,,,,,,,,,,,,,,,,,,,,,,,,,,,,,,,rare,Dweller,,narrow,,,,,,,,,,,,,,,,,,,,,,,,,,
"Eurysternus inflexus (Germar, 1824)",,Oniticellini,https://doi.org/10.1007/s42690-021-00680-8,,Rio de Janeiro/Brazil,,,,,,,,,,,,,,,,,,,,,,,,,,,,,,,,,,,,,,,,,,,,,,,,,,,,,,,,,,,,,,,,,,,,,,,,8.13,7.75,,,,,,,,,,Dweller,,,,,,,,,,,,,,,,,,,,,,,,,,,,
"Eurysternus inflexus (Germar, 1824)",,Oniticellini,https://doi.org/10.1016/j.biocon.2023.109957,,Sao Paulo/Brazil,,,,,,,,,,,,,,,,,,,,,,,,,,,,,,,,,,,,,,,,,,,,,,,,,,,,,,,,Forest specialist,,,,,,,,,,,,,,,,,,,,,,,,,,,Tunneler,,,,,,,,,,,,,,,,,,,,,,,,,,,,
"Eurysternus inflexus (Germar, 1824)",,Oniticellini,https://doi.org/10.1649/0010-065X-73.3.693,"Antonio Carlos, Sao Pedro de Alcantara, Santo Amaro da Imperatriz, Anitapolis, Nova Veneza",Santa Catarina/Brazil,,,,,,,,,,,,,,,,,,,,,,,,,,,,,,,Medium,,,,,,,,,,,,,,,,,,,,,,,,,,,,,,,,,,,,,,1.1,,,,,,,,,,,,,,Dweller,,,,,,,,,,,,,,,,,,,,,,,,,,,3.4,
"Eurysternus inflexus (Germar, 1824)",,Oniticellini,https://doi.org/10.1111/btp.12418,,Sao Paulo/Brazil,,,,,,,,,,,,,,,,,,,,,,,,,,,,,,,,10.47,,,1.47,,,,,,,,,,,,,,,,,,,,,,,,,,,,,,,,,,,,,,,,,,,,,,,,Dweller,,,,,,,,,,,,,,,,,,,,,,,,,,,,
"Eurysternus inflexus (Germar, 1824)",,Oniticellini,https://doi.org/10.1111/btp.12722,,Parana/Brazil,,,,,,,,,,,,,,,,,,,,0.06,,,,,,,,,,,,,,,,,,,,,,,,,,,,,,,,,,,,,,,,,,,,,,1.82,,,,,,,,,,,,,,,0.15,,Dweller,,,,,,,,,,,,,,,,,,,,,,,,,,,,
"Eurysternus inflexus (Germar, 1824)",,Oniticellini,https://doi.org/10.1371/journal.pone.0244783,,Santa Catarina/Brazil,,0.3,,,,,,,,,,,,,,,,,,0.021,,,,,,,,,,,,,,,,,,,,,,,,Diurnal,Coprophagous,,,,,,,,0.2,,3.5,,,,,,,,,,,,,,,,,,,,,,,,,,,rare,Dweller,,narrow,,,,,,,,,,,,,,,,,,,,,,,,,,
"Eurysternus inflexus (Germar, 1824)",,Oniticellini,this study,Joanopolis,Sao Paulo/Brazil,,,,,,,,,,,,,,,,,,,,,0.02165,,,,,,,,,,Medium,,,,,,,,,,,,DM249,Diurnal/Nocturnal,Coprophagous,,,,,,,,,,,,,,,,,,,,,,,,,,,,,,,,,,,,,,Dweller,,,,,,,,,,,,,,,,,,,,,,,,,,,,
"Eurysternus jessopi Mart√≠nez, 1988",,Oniticellini,https://doi.org/10.1590/1676-0611-BN-2023-1567,,Brazil,,,,,,,,,,,,,,,,,,,,,,,,,,,,,,,,,9,13,,,,,,‚Äì,,,,,,,,,,,,,,,,,,,,,,,,,,,,,,,,,,,,,,,,,,,Dweller,,,,,,,,,,,,,,,,,,,,,,,,,,,,
"Eurysternus nanus G√©nier, 2009",,Oniticellini,https://doi.org/10.1016/j.ecolind.2020.106534,,Bahia/Brazil,,,,,,,,,,,,,,,,,,,,,,,,,,,,,,,,4.52,,,,,,,,,,,,,Generalist,,,,,,,,,,,,,,,,,,,,,,,,,,,,,,,,,,,,,,Dweller,,,,,,,,,,,,,,,,,,,,,,,,,,,,
"Eurysternus navajasi Mart√≠nez, 1988",,Oniticellini,https://doi.org/10.1649/0010-065X-73.3.693,Campos Novos,Santa Catarina/Brazil,,,,,,,,,,,,,,,,,,,,,,,,,,,,,,,Small,,,,,,,,,,,,,,,,,,,,,,,,,,,,,,,,,,,,,,,,,,,,,,,,,,,,Dweller,,,,,,,,,,,,,,,,,,,,,,,,,,,,
"Eurysternus nigrovirens G√©nier, 2009",,Oniticellini,https://doi.org/10.1016/j.biocon.2013.11.023,,Bahia/Brazil,,,,,,,,,,,,,,,,,,,,0.00831,,,,,,,,,,,,,,,,,,,,,,,,,Generalist,,,,,,,,,,,Habitat gener,,,,,,,,,,,,,,,,,,,,,,,,,,,Dweller,,,,,,,,,,,,,,,,,,,,,,,,,,,,
"Eurysternus nigrovirens G√©nier, 2009",,Oniticellini,https://doi.org/10.1002/eap.1562,,Bahia/Brazil,,,,,,,,,,,,,,,,,,,,,,,,,,,,,,,Small,,,,,,,,,,,,,,Generalist,,,,,,,,,,,,,,,,,,,,,,,,,,,,,,,,,,,,,,,,,,,,,,,,,,,,,,,,,,,,,,,,,,
"Eurysternus nigrovirens G√©nier, 2009",,Oniticellini,https://doi.org/10.1590/1676-0611-BN-2023-1567,,Brazil,,,,,,,,,,,,,,,,,,,,,,,,,,,,,,,,,5,7.5,,,,,,‚Äì,,,,,,,,,,,,,,,,,,,,,,,,,,,,,,,,,,,,,,,,,,,Dweller,,,,,,,,,,,,,,,,,,,,,,,,,,,,
"Eurysternus nigrovirens G√©nier, 2009",,Oniticellini,this study,,Sao Paulo/Brazil,,,,,,,,,,,,,,,,,,,,,0.00684,,,,,,,,,,Small,,,,,,,,,,,,,Diurnal/Nocturnal,Coprophagous,,,,,,,,,,,,,,,,,,,,,,,,,,,,,,,,,,,,,,Dweller,,,,,,,,,,,,,,,,,,,,,,,,,,,,
"Eurysternus parallelus Castelnau, 1840",,Oniticellini,https://doi.org/10.1007/s42690-021-00680-8,,Rio de Janeiro/Brazil,,,,,,,,,,,,,,,,,,,,,,,,,,,,,,,,,,,,,,,,,,,,,,,,,,,,,,,,,,,,,,,,,,,,,,,,,,,,,,,,,,,Dweller,,,,,,,,,,,,,,,,,,,,,39.328,16.29112449,16.09912513,12.656,0.001125915,0.001180204,,4.031
"Eurysternus parallelus Castelnau, 1840",,Oniticellini,https://doi.org/10.1016/j.biocon.2023.109957,,Sao Paulo/Brazil,,,,,,,,,,,,,,,,,,,,,,,,,,,,,,,,,,,,,,,,,,,,,,,,,,,,,,,,Habitat gener,,,,,,,,,,,,,,,,,,,,,,,,,,,Dweller,,,,,,,,,,,,,,,,,,,,,39.141,16.14468317,16.09912513,12.569,0.001131295,0.001180204,,3.988
"Eurysternus parallelus Castelnau, 1840",,Oniticellini,https://doi.org/10.1093/ee/nvx091,,Santa Catarina/Brazil,,,,,,,,,,,,,,,,,,,,0.155,,,,,0.198,,,,,,,7.5,,,6.6,,,,,,,,,,,,,,,,,,,,,,,,,,,,,,,,,,,,,,,,,,,,,,,,Dweller,,,,,,,,,,,,,,,,,,,,,39.012,16.37899323,16.09912513,12.639,0.001135035,0.001180204,,4.073
"Eurysternus parallelus Castelnau, 1840",,Oniticellini,https://doi.org/10.1590/S0085-56262013000100008,,Santa Catarina/Brazil,,,,,,,,,,,,,,,,,,,,0.032,,,,,,,,,,,Medium,,,,,,,,,,,,,,Coprophagous,,,,,,,,,,,,,,,,,,,,0,,,,,,,,,,,,,,,,,,Dweller,,,,,,,,,,,,,,,,,,,,,38.693,15.35398847,16.09912513,12.187,0.001144393,0.001180204,,4.007
"Eurysternus parallelus Castelnau, 1840",,Oniticellini,https://doi.org/10.1590/18069657rbcs20160248,,Santa Catarina/Brazil,,,,,,,,,,,,,,,,,,,,0.032,,,,,,,,,,,,14.6,,,,,,,,,,,,,Coprophagous,,,,,,,,,,,,,,,,,,,,,,,,,,,,,,,,,,,,,,Dweller,,,,,,,,,,,,,,,,,,,,,37.926,16.19331129,16.09912513,12.391,0.001167537,0.001180204,,3.956
"Eurysternus parallelus Castelnau, 1840",,Oniticellini,https://doi.org/10.1016/j.apsoil.2020.103652,,Misiones Province/Argentina,,,,,,,,,,,,,,,,,,,15.66,,,0.05,0.87,9.89,,,,,,,,,,,,,,,,,,,,,,,,,,,,,,,,,,,,,,,,,,,,,,,,,,,,,,,,,,,Dweller,,,,,,,,,,,,,,,,,,,,,37.879,16.09585427,16.09912513,12.346,0.001168985,0.001180204,,3.971
"Eurysternus parallelus Castelnau, 1840",,Oniticellini,https://doi.org/10.1038/s41598-022-05616-x,,Misiones Province/Argentina,,,,2.905,,,,,1.139,,,,,2.108,,,,,,0.04,,,,,,53.827,,,,,,,,,,,,,,,,,,,,,,,,,,,,,,,6.7838,,,,,,,,,,,,,,,,,,,,,,,,,,Dweller,,,,,,,,,,,,,,,,,,,,,37.302,16.02601737,16.09912513,12.225,0.001187068,0.001180204,,3.947
"Eurysternus parallelus Castelnau, 1840",,Oniticellini,https://doi.org/10.1673/031.011.0113,,Sao Paulo/Brazil,,,,,,,,,,,,,,,,,,,,,,,,,,,,,,,,11.86,,,0.755,,,,,,14.52,0.946,,Diurnal,,,,,,,,,,,,,,,,,,,,,,,,,,,,,,,,,,,,,,,Dweller,,,,,,,,,,,,,,,,,,,,,36.309,15.97772993,16.09912513,12.043,0.001219532,0.001180204,,3.886
"Eurysternus parallelus Castelnau, 1840",,Oniticellini,https://doi.org/10.1649/0010-065X-73.3.693,"Itapemag, Sao Miguel do Oeste, Sao Domingos, Ipumirim, Campos Novos, Sao Pedro de Alcantara, Anitapolis, Itapema, Porto Belo - Bombinhas, Florianopolis - Desterro, Florianopolis - Lagoa do Peri",Santa Catarina/Brazil,,,,,,,,,,,,,,,,,,,,,,,,,,,,,,,Medium,,,,,,,,,,,,,Diurnal,Coprophagous,,,,,,,,,,,,,,,,,,,,,,,,,,,,,,,,,,,,,,Dweller,,,,,,,,,,,,,,,,,,,,,35.335,15.98748618,16.09912513,11.884,0.001253148,0.001180204,,3.761
"Eurysternus parallelus Castelnau, 1840",,Oniticellini,https://doi.org/10.1111/j.1744-7917.2012.01509.x,,Parana/Brazil,,,,,,,,,,,,,,,,,,,,,,,,,,,,,,,,,,,,,,,,,,,,,Generalist,,,,,,,,,,,,,,,,,,,,,,,,,,,,,,,,,,,,,,Dweller,,,,,,,,,,,,,,,,,,,,,34.89,16.54206294,16.09912513,12.012,0.001269132,0.001180204,,3.682
"Eurysternus parallelus Castelnau, 1840",,Oniticellini,https://doi.org/10.1590/1676-0611-BN-2023-1567,,Brazil,,,,,,,,,,,,,,,,,,,,,,,,,,,,,,,,,9.5,11.4,,,,,,‚Äì,,,,,,,,,,,,,,,,,,,,,,,,,,,,,,,,,,,,,,,,,,,Dweller,,,,,,,,,,,,,,,,,,,,,,,,,,,,
"Eurysternus parallelus Castelnau, 1840",,Oniticellini,https://doi.org/10.1002/ece3.9950,,Goiania/Brazil,,,,,,,,,,,,,,,,,,,,,,,,,,,,,,,,11.13,,,,,,,,,,,,Diurnal/Nocturnal,,,,,,,,,,0.08,,,,,,,,1.56,3.44,no,0.25,,,,,,,,,,,,,,,,,,Dweller,,,,,,,,,,,,,,,,,,,,,,,,,,,,
"Eurysternus parallelus Castelnau, 1840",,Oniticellini,https://doi.org/10.1371/journal.pone.0244783,,Santa Catarina/Brazil,,0.3,,,,,,,,,,,,,,,,,,0.056,,,,,,,,,,,,,,,,,,,,,,,,Diurnal,Coprophagous,,,,,,,,0.2,,3.7,,,,,,,,,,,,,,,,,,,,4.948,,,,,,,,Dweller,,,0.243,,,,,,0.787,,,,,12.437,,,,,,,,,,,,,,
"Eurysternus parallelus Castelnau, 1840",,Oniticellini,https://doi.org/10.1590/S0073-47212012000200012,,Rio Grande do Sul/Brazil,,,,,,,,,,,,,,,,,,,,,,,,,,,,,,,,,,,,,,,,,,,,,Coprophagous,,,,,,,,,,,,,,,,,,,,,,,,,,,,,,,,,,,,,,,,,,,,,,,,,,,,,,,,,,,,,,,,,,
"Eurysternus parallelus Castelnau, 1840",,Oniticellini,https://doi.org/10.1590/S0001-37652013005000033,,Rio Grande do Sul/Brazil,,,,,,,,,,,,,,,,,,,,,,,,,,,,,,,,,,,,,,,,,,,,,,,,,,,,,,,,,,,,,,,,,,,,,,,,,,,,,,,,,,rare,Dweller,,large,,,,,,,,,,,,,,,,,,,,,,,,,,
"Eurysternus parallelus Castelnau, 1840",,Oniticellini,https://doi.org/10.1111/ddi.12785,,Santa Catarina/Brazil,,,,,,,,,,,,,,,,,,,,0.044,,,,,,,,,,,,,,,,,,,,,,,,Diurnal/Nocturnal,Coprophagous,,,,,,,,,,,,,,,,,,,,,,,,,,,,,,,,,,,,,,,,,,,,,,,,,,,,,,,,,,,,,,,,,,
"Eurysternus parallelus Castelnau, 1840",,Oniticellini,this study,Atibaia,Sao Paulo/Brazil,,,,,,,,,,,,,,,,,,,,,0.04428,,,,,,,,,,Medium,,,,,,,,,,,,DM242,Diurnal/Nocturnal,Coprophagous,,,,,,,,,,,,,,,,,,,,,,,,,,,,,,,,,,,,,,Dweller,,,,,,,,,,,,,,,,,,,,,,,,,,,,
"Eurysternus parallelus Castelnau, 1840",,Oniticellini,this study,Atibaia,Sao Paulo/Brazil,,,,,,,,,,,,,,,,,,,,,0.04428,,,,,,,,,,Medium,,,,,,,,,,,,DM245,Diurnal/Nocturnal,Coprophagous,,,,,,,,,,,,,,,,,,,,,3.94,,,,yes,yes,,,5.21,,,,,,3.21,1.29,,,,,,,,,,,,,,,,,,,,,,186.63,,,,,3.22,,,
"Eurysternus parallelus Castelnau, 1840",,Oniticellini,this study,Atibaia,Sao Paulo/Brazil,,,,,,,,,,,,,,,,,,,,,0.04428,,,,,,,,,,Medium,,,,,,,,,,,,DM247,Diurnal/Nocturnal,Coprophagous,,,,,,,,,,,,,,,,,,,,,,,,1.4,,,,,,,,,,,,,,Dweller,,,,,,,,,,,,,,,,,,,,,,,,,,,3.4,
"Eurysternus parallelus Castelnau, 1840",,Oniticellini,this study,Mairipora,Sao Paulo/Brazil,,,,,,,,,,,,,,,,,,,,,0.04428,,,,,,,,,,Medium,,,,,,,,,,,,DM244,Diurnal/Nocturnal,Coprophagous,,,,,,,,,,,,,,,,,,,,,,,,,,,,,,,,,,,,,,Dweller,,,,,,,,,,,,,,,,,,,,,,,,,,,,
"Eurysternus parallelus Castelnau, 1840",,Oniticellini,this study,Atibaia,Sao Paulo/Brazil,,,,,,,,,,,,,,,,,,,,,0.04428,,,,,,,,,,Medium,,,,,,,,,,,,DM243,Diurnal/Nocturnal,Coprophagous,,,,,,,,,,,,,,,,,,,,,,,,,,,,,,,,,,,,,,Dweller,,,,,,,,,,,,,,,,,,,,,,,,,,,,
"Eurysternus parallelus Castelnau, 1840",,Oniticellini,this study,Atibaia,Sao Paulo/Brazil,,,,,,,,,,,,,,,,,,,,,0.04428,,,,,,,,,,Medium,,,,,,,,,,,,DM241,Diurnal/Nocturnal,Coprophagous,,,,,,,,,,,,,,,,,,,,,,,,,,,,,,,,,,,,,,Dweller,,,,,,,,,,,,,,,,,,,,,,,,,,,,
"Eurysternus parallelus Castelnau, 1840",,Oniticellini,this study,Atibaia,Sao Paulo/Brazil,,,,,,,,,,,,,,,,,,,,,0.04428,,,,,,,,,,Medium,,,,,,,,,,,,DM248,Diurnal/Nocturnal,Coprophagous,,,,,,,,,,,,,,,,,,,,,,,,,,,,,,,,,,,,,,,,,,,,,,,,,,,,,,,,,,,,,,,,,,
"Eurysternus parallelus Castelnau, 1840",,Oniticellini,this study,Atibaia,Sao Paulo/Brazil,,,,,,,,,,,,,,,,,,,,,0.04428,,,,,,,,,,Medium,,,,,,,,,,,,DM239,Diurnal/Nocturnal,Coprophagous,,,,,,,,,,,,,,,,,,,,,,,,,,,0,0.19,,,,,,,,,,Dweller,,,,,,,,,,,,,,,,,,,,,,,,,,,,
"Eurysternus parallelus Castelnau, 1840",,Oniticellini,this study,Atibaia,Sao Paulo/Brazil,,,,,,,,,,,,,,,,,,,,,0.04428,,,,,,,,,,Medium,,,,,,,,,,,,DM240,Diurnal/Nocturnal,Coprophagous,,,,,,,,,,,,,,,,,,,,,,,,,,,,,,,,,,,,,,Dweller,,,,,,,,,,,,,,,,,,,,,,,,,,,,
"Eurysternus parallelus Castelnau, 1840",,Oniticellini,this study,Atibaia,Sao Paulo/Brazil,,,,,,,,,,,,,,,,,,,,,0.04428,,,,,,,,,,Medium,,,,,,,,,,,,DM246,Diurnal/Nocturnal,Coprophagous,,,,,,,,,,,,,,,,,,,,,,,,,,,,,,,,,,,,,,Dweller,,,,,,,,,,,,,,,,,,,,,,,,,,,,
"Eurysternus sulcifer Balthasar, 1939",,Oniticellini,https://doi.org/10.1111/btp.12418,,Sao Paulo/Brazil,,,,,,,,,,,,,,,,,,,,,,,,,,,,,,,,18.4,,,0,,,,,,,,,,,,,,,,,,,,,,,,,,,,,,,,,,,,,,,,2.081,,,,,,,,Dweller,,,0.316,,,,,,0.452,,,,,4.196,,,,,,,,,,,,,,
"Eutrichillum hirsutum (Boucomont, 1928)",,Ateuchini,https://doi.org/10.1016/j.biocon.2013.11.023,,Bahia/Brazil,,,,,,,,,,,,,,,,,,,,0.003173,,,,,,,,,,,,,,,,,,,,,,,,Nocturnal,Necrophagous,,,,,,,,,,,Habitat gener,,,,,,,,,,,,,,,,,,,,,,,,,,,Tunneler,,,,,,,,,,,,,,,,,,,,,,,,,,,,
"Eutrichillum hirsutum (Boucomont, 1928)",,Ateuchini,https://doi.org/10.1016/j.apsoil.2020.103652,,Misiones Province/Argentina,,,,,,,,,,,,,,,,,,,0,,,0.04,0.02,0,,,,,,,,,,,,,,,,,,,,,,,,,,,,,,,,,,,,,,,,,,0.76,,,,,,,,,,,,,,,0.14,,Dweller,,,,,,,,,,,,,,,,,,,,,,,,,,,,
"Eutrichillum hirsutum (Boucomont, 1928)",,Ateuchini,https://doi.org/10.1038/s41598-022-05616-x,,Misiones Province/Argentina,,,,0.288,,,,,0.203,,,,,0.783,,,,,,0.001,,,,,,7.831,,,,,,,,,,,,,,,,,,,,,,,,,,,,,,,0.8873,,,,,,,,,,,,,,,,,,,,,,,,,,Tunneler,,,,,,,,,,,,,,,,,,,,,,,,,,,,
"Eutrichillum hirsutum (Boucomont, 1928)",Trichillum hirsutum,Ateuchini,https://doi.org/10.1111/j.1744-7917.2012.01509.x,,Parana/Brazil,,,,,,,,,,,,,,,,,,,,,,,,,,,,,,,,,,,,,,,,,,,,,Saprophagous,,,,,,,,,,,,,,,,,,,,,,,,,,,,,,,,,,,,,,Tunneler,,,,,,,,,,,,,,,,,,,,,,,,,,,,
"Eutrichillum hirsutum (Boucomont, 1928)",,Ateuchini,https://doi.org/10.1111/btp.12722,,Parana/Brazil,,,,,,,,,,,,,,,,,,,,0.004,,,,,,,,,,,,,,,,,,,,,,,,,,,,,,,,,,,,,,,,,,,,,,5.43,,,,,,,,,,,,,,,5.41,,Tunneler,,,,,,,,,,,,,,,,,,,,,,,,,,,,
"Eutrichillum hirsutum (Boucomont, 1928)",,Ateuchini,https://doi.org/10.1016/j.ecolind.2020.106534,,Bahia/Brazil,,,,,,,,,,,,,,,,,,,,,,,,,,,,,,,,3.14,,,,,,,,,,,,,Necrophagous,,,,,,,,,,,,,,,,,,,,,,,,,,,,,,,,,,,,,,Tunneler,,,,,,,,,,,,,,,,,,,,,,,,,,,,
"Holocephalus sculptus (Gillet, 1907)",,Coprini,https://doi.org/10.1016/j.biocon.2013.11.023,,Bahia/Brazil,,,,,,,,,,,,,,,,,,,,1.0104,,,,,,,,,,,,,,,,,,,,,,,,,,,,,,,,,,,,,,,,,,,,,,,,,,,,,,,,,,,,,,,Tunneler,,,,,,,,,,,,,,,,,,,,,,,,,,,,
"Holocephalus sculptus (Gillet, 1907)",,Coprini,https://doi.org/10.1002/eap.1562,,Bahia/Brazil,,,,,,,,,,,,,,,,,,,,,,,,,,,,,,,Large,,,,,,,,,,,,,,,,,,,,,,,,,,,,,,,,,,,,,,,,,0.66,1.55,,,,,,,,,,Tunneler,,,,,,,,,,,,,,,,,,,,,,,,,,,,
"Holocephalus sculptus (Gillet, 1907)",,Coprini,https://doi.org/10.1016/j.ecolind.2020.106534,,Bahia/Brazil,,,,,,,,,,,,,,,,,,,,,,,,,,,,,,,,18.16,,,,,,,,,,,,,,,,,,,,,,,,,,,,,,,,,,,,,3.7,,,,,,,,,,,,,,Tunneler,,,,,,,,,,,,,,,,,,,,,,,,,,,2.5,
Homocopris aff. grossiorum,Homocopris sp.,Homocoprini,https://doi.org/10.1007/s42690-021-00680-8,,Rio de Janeiro/Brazil,,,,,,,,,,,,,,,,,,,,,,,,,,,,,,,,,,,,,,,,,,,,,,,,,,,,,,,,,,,,,,,,,,,,,,,,,,,,,,,,,,,Tunneler,,,,,,,,,,,,,,,,,,,,,,,,,,,,
Homocopris sp.,,Homocoprini,https://doi.org/10.1111/btp.12418,,Sao Paulo/Brazil,,,,,,,,,,,,,,,,,,,,,,,,,,,,,,,,15.62,,,2.81,,,,,,,,,,,,,,,,,,,,,,,,,,,,,,,,,,,,,,,,,,,,,,,,Tunneler,,,,,,,,,,,,,,,,,,,,,,,,,,,,
"Homocopris williami Darling & G√©nier in G√©nier & Darling, 2024",Homocopris sp.,Homocoprini,https://doi.org/10.1590/S0085-56262013000100008,,Santa Catarina/Brazil,,,,,,,,,,,,,,,,,,,,0.118,,,,,,,,,,,Large,,,,,,,,,,,,,,Coprophagous,,,,,,,,,,,,,,,,,,,,0,,,,,,,,,,,,,,,,,rare,Tunneler,,intermediate,,,,,,,,,,,,,,,,,,,,,,,,,,
"Homocopris williami Darling & G√©nier in G√©nier & Darling, 2024",Homocopris sp.1,Homocoprini,https://doi.org/10.1649/0010-065X-73.3.693,"Campos Novos, Monte Castelo, Sao Bonifacio, Urubici",Santa Catarina/Brazil,,,,,,,,,,,,,,,,,,,,,,,,,,,,,,,Medium,,,,,,,,,,,,,,Coprophagous,,,,,,,,,,,,,,,,,,,,,,,,,,,,,,,,,,,,,,Roller,,,,,,,,,,,,,,,,,,,,,,,,,,,,
"Homocopris williami Darling & G√©nier in G√©nier & Darling, 2024",Homocopris sp.,Homocoprini,https://doi.org/10.1371/journal.pone.0244783,,Santa Catarina/Brazil,,0.2,,,,,,,,,,,,,,,,,,0.179,,,,,,,,,,,,,,,,,,,,,,,,Nocturnal,Coprophagous,,,,,,,,0.2,,8,,,,,,,,,,,,,,,,,,,,,,,,,,,rare,Roller,,narrow,,,,,,,,,,,,,,,,,,,,,,,,,,
"Homocopris williami Darling & G√©nier in G√©nier & Darling, 2024",Homocopris sp.,Homocoprini,https://doi.org/10.1590/S0001-37652013005000033,,Rio Grande do Sul/Brazil,,,,,,,,,,,,,,,,,,,,,,,,,,,,,,,,,,,,,,,,,,,,,,,,,,,,,,,,,,,,,,,,,,,,,,,,0,1.55,,,,,,,,,,unknown,,,,,,,,,,,,,,,,,,,,,,,,,,,,
"Homocopris williami Darling & G√©nier in G√©nier & Darling, 2024",Homocopris sp.,Homocoprini,https://doi.org/10.1111/aec.12675,,Santa Catarina/Brazil,,,,,,,,,,,,,,,,,,,,,,,,,,,,,,,Large,,,,,,,,,,,,,Nocturnal,,,,,,,,,,,,,,,,,,,,,,,,,,,,,,,,,,,,,,,Tunneler,,,,,,,,,,,,,,,,,,,,,,,,,,,,
"Malagoniella (Malagoniella) virens (Harold, 1869)",Malagoniella virens,Deltochilini,https://doi.org/10.1590/S0085-56262013000100008,,Santa Catarina/Brazil,,,,,,,,,,,,,,,,,,,,0.249,,,,,,,,,,,Large,,,,,,,,,,,,,,,,,,,,,,,,,,,,,,,,,,,,,,,,,,,,,,,,,,,,Tunneler,,,,,,,,,,,,,,,,,,,,,,,,,,,,
"Malagoniella (Malagoniella) virens (Harold, 1869)",Malagoniella virens,Deltochilini,https://doi.org/10.1649/0010-065X-73.3.693,Campos Novos,Santa Catarina/Brazil,,,,,,,,,,,,,,,,,,,,,,,,,,,,,,,Medium,,,,,,,,,,,,,,,,,,,,,,,,,,,,,,,,,,,,,,,,,,,,,,,,,,,,Tunneler,,,,,,,,,,,,,,,,,,,,,,,,,,,,
"Ontherus (Ontherus) azteca Harold, 1869",,Coprini,https://doi.org/10.1007/s42690-021-00680-8,,Rio de Janeiro/Brazil,,,,,,,,,,,,,,,,,,,,,,,,,,,,,,,,,,,,,,,,,,,,,,,,,,,,,,,,,,,,,,,,,,,,,,,,,,,,,,,,,,,Tunneler,,,,,,,,,,,,,,,,,,,,,,,,,,,,
"Ontherus (Ontherus) azteca Harold, 1869",,Coprini,https://doi.org/10.1016/j.biocon.2013.11.023,,Bahia/Brazil,,,,,,,,,,,,,,,,,,,,0.060646,,,,,,,,,,,,,,,,,,,,,,,,Nocturnal,Coprophagous,,,,,,,,,,,Forest specialist,,,,,,,,,,,,,,,,,,,,,,,,,,,Tunneler,,,,,,,,,,,,,,,,,,,,,,,,,,,,
"Ontherus (Ontherus) azteca Harold, 1869",,Coprini,https://doi.org/10.1002/eap.1562,,Bahia/Brazil,,,,,,,,,,,,,,,,,,,,,,,,,,,,,,,Medium,,,,,,,,,,,,,Nocturnal,Coprophagous,,,,,,,,,,,,,,,,,,,,,,,,,,,,,,,,,,,,,,Tunneler,,,,,,,,,,,,,,,,,,,,,122.624,12.12421193,12.92726575,19.279,0.000403102,0.000488847,,8.27
"Ontherus (Ontherus) azteca Harold, 1869",,Coprini,https://doi.org/10.1590/S0085-56262013000100008,,Santa Catarina/Brazil,,,,,,,,,,,,,,,,,,,,0.044,,,,,,,,,,,Medium,,,,,,,,,,,,,,,,,,,,,,,,,,,,,,,,,,,,,,,,,,,,,,,,,,,,Tunneler,,,,,,,,,,,,,,,,,,,,,110.391,12.90512393,12.92726575,18.872,0.000447772,0.000488847,,7.55
"Ontherus (Ontherus) azteca Harold, 1869",,Coprini,https://doi.org/10.1007/s10841-022-00412-4,,Pernambuco/Brazil,,,,,,,,,,,,,,,,,,,,,,,,,,,,,,,Large,,,,,,,,,,,,,,Coprophagous,,,,,,,,,,,Forest specialist,,,,,,,,,,,,,,,,,,,,,,,,,,,Tunneler,,,,,,,,,,,,,,,,,,,,,109.587,13.49067408,12.92726575,19.225,0.000451057,0.000488847,,7.316
"Ontherus (Ontherus) azteca Harold, 1869",,Coprini,https://doi.org/10.1673/031.011.0113,,Sao Paulo/Brazil,,,,,,,,,,,,,,,,,,,,,,,,,,,,,,,,13.67,,,1.165,,,,,,17.55,1.479,,Nocturnal,,,,,,,,,,,,,,,,,,,,,,,,,,,,,,,,,,,,,,,Tunneler,,,,,,,,,,,,,,,,,,,,,107.392,12.51858198,12.92726575,18.333,0.000460276,0.000488847,,7.526
"Ontherus (Ontherus) azteca Harold, 1869",,Coprini,https://doi.org/10.1649/0010-065X-73.3.693,"Sao Domingos, Ipumirim, Campos Novos, Nova Veneza, Itapema",Santa Catarina/Brazil,,,,,,,,,,,,,,,,,,,,,,,,,,,,,,,Small,,,,,,,,,,,,,Nocturnal,Coprophagous,,,,,,,,,,,,,,,,,,,,,,,,,,,,,,,,,,,,,,Tunneler,,,,,,,,,,,,,,,,,,,,,103.575,12.68286301,12.92726575,18.122,0.000477239,0.000488847,,7.514
"Ontherus (Ontherus) azteca Harold, 1869",,Coprini,https://doi.org/10.1111/btp.12722,,Parana/Brazil,,,,,,,,,,,,,,,,,,,,0.032,,,,,,,,,,,,,,,,,,,,,,,,,,,,,,,,,,,,,,,,,,,,,,,,,,,,,,,,,,,,,,,Tunneler,,,,,,,,,,,,,,,,,,,,,86.892,14.04805786,12.92726575,17.469,0.000568867,0.000488847,,6.532
"Ontherus (Ontherus) azteca Harold, 1869",,Coprini,https://doi.org/10.1590/S0073-47212012000200012,,Rio Grande do Sul/Brazil,,,,,,,,,,,,,,,,,,,,,,,,,,,,,,,,,,,,,,,,,,,,,,,,,,,,,,,,,,,,,,,,,,,,,,,,,,,,,,,,,,,Tunneler,,,,,,,,,,,,,,,,,,,,,80.555,12.72134745,12.92726575,16.006,0.000613618,0.000488847,,6.55
"Ontherus (Ontherus) azteca Harold, 1869",,Coprini,https://doi.org/10.1590/S0001-37652013005000033,,Rio Grande do Sul/Brazil,,,,,,,,,,,,,,,,,,,,,,,,,,,,,,,,,,,,,,,,,,,,,,,,,,,,,,,,,,,,,,,,,,,,,,,,,,,,,,,,,,,Tunneler,,,,,,,,,,,,,,,,,,,,,,,,,,,,
"Ontherus (Ontherus) azteca Harold, 1869",,Coprini,https://doi.org/10.1111/ddi.12785,,Santa Catarina/Brazil,,,,,,,,,,,,,,,,,,,,0.02,,,,,,,,,,,,,,,,,,,,,,,,Nocturnal,Coprophagous,,,,,,,,,,,,,,,,,,,,,,,,,,,,,,,,,,,,,,,,,,,,,,,,,,,,,,,,,,,,,,,,,,
"Ontherus (Ontherus) azteca Harold, 1869",,Coprini,this study,Atibaia,Sao Paulo/Brazil,,,,,,,,,,,,,,,,,,,,,0.04943,,,,,,,,,,Medium,,,,,,,,,,,,DM124,Nocturnal,Generalist,,,,,,,,,,,,,,,,,,,,,,,,,,,,,,,,,,,,,rare,Tunneler,,large,,,,,,,,,,,,,,,,,,,,,,,,,,
"Ontherus (Ontherus) azteca Harold, 1869",,Coprini,this study,Atibaia,Sao Paulo/Brazil,,,,,,,,,,,,,,,,,,,,,0.04943,,,,,,,,,,Medium,,,,,,,,,,,,DM125,Nocturnal,Generalist,,,,,,,,,,,,,,,,,,,,,,,,,,,,,,,,,,,,,,Tunneler,,,,,,,,,,,,,,,,,,,,,,,,,,,,
"Ontherus (Ontherus) azteca Harold, 1869",,Coprini,this study,Janiru,Sao Paulo/Brazil,,,,,,,,,,,,,,,,,,,,,0.04943,,,,,,,,,,Medium,,,,,,,,,,,,DM130,Nocturnal,Generalist,,,,,,,,,,,,,,,,,,,,,,,,,,,,,,,,,,,,,,Tunneler,,,,,,,,,,,,,,,,,,,,,,,,,,,,
"Ontherus (Ontherus) azteca Harold, 1869",,Coprini,this study,Atibaia,Sao Paulo/Brazil,,,,,,,,,,,,,,,,,,,,,0.04943,,,,,,,,,,Medium,,,,,,,,,,,,DM129,Nocturnal,Generalist,,,,,,,,,,,,,,,,,,,,,,,,,,,,,,,,,,,,,,Tunneler,,,,,,,,,,,,,,,,,,,,,,,,,,,,
"Ontherus (Ontherus) azteca Harold, 1869",,Coprini,this study,Mairipora,Sao Paulo/Brazil,,,,,,,,,,,,,,,,,,,,,0.04943,,,,,,,,,,Medium,,,,,,,,,,,,DM121,Nocturnal,Generalist,,,,,,,,,,,,,,,,,,,,,,,,,,,,,,,,,,,,,,Tunneler,,,,,,,,,,,,,,,,,,,,,,,,,,,,
"Ontherus (Ontherus) azteca Harold, 1869",,Coprini,this study,Mairipora,Sao Paulo/Brazil,,,,,,,,,,,,,,,,,,,,,0.04943,,,,,,,,,,Medium,,,,,,,,,,,,DM122,Nocturnal,Generalist,,,,,,,,,,,,,,,,,,,,,,,,,,,,,,,,,,,,,,Tunneler,,,,,,,,,,,,,,,,,,,,,,,,,,,,
"Ontherus (Ontherus) azteca Harold, 1869",,Coprini,this study,Atibaia,Sao Paulo/Brazil,,,,,,,,,,,,,,,,,,,,,0.04943,,,,,,,,,,Medium,,,,,,,,,,,,DM123,Nocturnal,Generalist,,,,,,,,,,,,,,,,,,,,,,,,,,,,,,,,,,,,,rare,Tunneler,,large,,,,,,,,,,,,,,,,,,,,,,,,,,
"Ontherus (Ontherus) irinus Balthasar, 1938",,Coprini,https://doi.org/10.1016/j.biocon.2013.11.023,,Bahia/Brazil,,,,,,,,,,,,,,,,,,,,0.0694,,,,,,,,,,,,,,,,,,,,,,,,,,,,,,,,,,,,Forest specialist,,,,,,,,,,,,,,,,,,,,,,,,,,,Tunneler,,,,,,,,,,,,,,,,,,,,,106.418,13.03319517,13.22462324,18.621,0.000690767,0.000795066,,7.245
"Ontherus (Ontherus) lobifrons G√©nier, 1996",Ontherus lobifrons,Coprini,https://doi.org/10.1649/0010-065X-73.3.693,"Campos Novos, Florianopolis - Desterro, Florianopolis - Lagoa do Peri",Santa Catarina/Brazil,,,,,,,,,,,,,,,,,,,,,,,,,,,,,,,Medium,,,,,,,,,,,,,,,,,,,,,,,,,,,,,,,,,,,,,,,,,,,,,,,,,,,rare,Tunneler,,narrow,,,,,,,,,,,,,,,,,,,,,,,,,,
"Ontherus (Ontherus) podiceps Harold, 1868",Ontherus podiceps,Coprini,this study,Joanopolis,Sao Paulo/Brazil,,,,,,,,,,,,,,,,,,,,,0.07351,,,,,,,,,,Medium,,,,,,,,,,,,DM128,Nocturnal,Coprophagous,,,,,,,,,,,,,,,,,,,,,,,,,,,,,,,,,,,,,,Roller,,,,,,,,,,,,,,,,,,,,,,,,,,,,
"Ontherus (Ontherus) podiceps Harold, 1868",Ontherus podiceps,Coprini,this study,Atibaia,Sao Paulo/Brazil,,,,,,,,,,,,,,,,,,,,,0.07351,,,,,,,,,,Medium,,,,,,,,,,,,DM127,Nocturnal,Coprophagous,,,,,,,,,,,,,,,,,,,,,,,,,,,,,,,,,,,,,,,,,,,,,,,,,,,,,,,,,,,,,,,,,,
"Ontherus (Ontherus) podiceps Harold, 1868",Ontherus podiceps,Coprini,this study,Atibaia,Sao Paulo/Brazil,,,,,,,,,,,,,,,,,,,,,0.07351,,,,,,,,,,Medium,,,,,,,,,,,,DM126,Nocturnal,Coprophagous,,,,,,,,,,,,,,,,,,,,,,,,,,,,,,,,,,,,,,Tunneler,,,,,,,,,,,,,,,,,,,,,,,,,,,,
"Ontherus (Ontherus) sulcator (Fabricius, 1775)",Ontherus sulcator,Coprini,https://doi.org/10.1016/j.biocon.2013.11.023,,Bahia/Brazil,,,,,,,,,,,,,,,,,,,,0.051913,,,,,,,,,,,,,,,,,,,,,,,,Diurnal,Coprophagous,,,,,,,,,,,Forest specialist,,,,,,,,,,,33.628,,,,,,,,,,,,,,,,,,,,,,,,-0.0032,,,,,,,,,,,,,,,,,,,,
"Ontherus (Ontherus) sulcator (Fabricius, 1775)",Ontherus sulcator,Coprini,https://doi.org/10.1016/j.biocon.2023.109957,,Sao Paulo/Brazil,,,,,,,,,,,,,,,,,,,,,,,,,,,,,,,,,,,,,,,,,,,,,,,,,,,,,,,,Habitat gener,,,,,,,,,,,32.793,,,,,,,,,,,,,,,,,,,,,,,,-3.00E-04,,,,,,,,,,,,,,,,,,,,
"Ontherus (Ontherus) sulcator (Fabricius, 1775)",Ontherus sulcator,Coprini,https://doi.org/10.1590/S0085-56262013000100008,,Santa Catarina/Brazil,,,,,,,,,,,,,,,,,,,,0.082,,,,,,,,,,,Medium,,,,,,,,,,,,,,Coprophagous,,,,,,,,,,,,,,,,,,,,0,,30.649,,,,,,,,,,,,,,,,,,,,,,,,0.0078,,,,,,,,,,,,,,,,,,,,
"Ontherus (Ontherus) sulcator (Fabricius, 1775)",Ontherus sulcator,Coprini,https://doi.org/10.1590/18069657rbcs20160248,,Santa Catarina/Brazil,,,,,,,,,,,,,,,,,,,,0.096,,,,,,,,,,,,15.5,,,,,,,,,,,,,Coprophagous,,,,,,,,,,,,,,,,,,,,,,32.346,,,,,,,,,,,,,,,,,,,,,,,,-3.00E-05,,,,,,,,,,,,,,,,,,,,
"Ontherus (Ontherus) sulcator (Fabricius, 1775)",Ontherus sulcator,Coprini,https://doi.org/10.1038/s41598-020-70284-8,,Misiones Province/Argentina,-0.0024,,,,,,,,,,,,,,,,,,,0.298,,,,,,,,,,,,,,,,,,,,,,,,Evening/Nocturnal/Crepuscular,,,,,,,,2.614,,,,Open environ. specialist,,,,,,,,,,,32.198,,,,,,,,,,,,,,,,,,,,,,,,0.0076,,,,,,,,,,,,,,,,,,,,
"Ontherus (Ontherus) sulcator (Fabricius, 1775)",Ontherus sulcator,Coprini,https://doi.org/10.1038/s41598-020-70284-8,,Misiones Province/Argentina,-4.00E-04,,,,,,,,,,,,,,,,,,,0.302,,,,,,,,,,,,,,,,,,,,,,,,Evening/Nocturnal/Crepuscular,,,,,,,,2.641,,,,Open environ. specialist,,,,,,,,,,,32.267,,,,,,,,,,,,,,,,,,,,,,,,3.00E-04,,,,,,,,,,,,,,,,,,,,
"Ontherus (Ontherus) sulcator (Fabricius, 1775)",Ontherus sulcator,Coprini,https://doi.org/10.1038/s41598-020-70284-8,,Misiones Province/Argentina,0.0086,,,,,,,,,,,,,,,,,,,0.316,,,,,,,,,,,,,,,,,,,,,,,,Evening/Nocturnal/Crepuscular,,,,,,,,1.978,,,,Open environ. specialist,,,,,,,,,,,,,,,,,,,,,,,,,,,Tunneler,,,,,,,,,,,,,,,,,,,,,,,,,,,,
"Ontherus (Ontherus) sulcator (Fabricius, 1775)",Ontherus sulcator,Coprini,https://doi.org/10.1038/s41598-020-70284-8,,Misiones Province/Argentina,-0.0027,,,,,,,,,,,,,,,,,,,0.323,,,,,,,,,,,,,,,,,,,,,,,,Evening/Nocturnal/Crepuscular,,,,,,,,2.074,,,,Open environ. specialist,,,,,,,,,,,,,,,,,,,7.778,,,,,,,,Tunneler,,,0.309,,,,,,1.354,,,,,15.58,,,,,,,,,,,,,,
"Ontherus (Ontherus) sulcator (Fabricius, 1775)",Ontherus sulcator,Coprini,https://doi.org/10.1038/s41598-020-70284-8,,Misiones Province/Argentina,0.007,,,,,,,,,,,,,,,,,,,0.325,,,,,,,,,,,,,,,,,,,,,,,,Evening/Nocturnal/Crepuscular,,,,,,,,1.862,,,,Open environ. specialist,,,,,,,,,,,,,,,,,,,,,,,,,,rare,Tunneler,,large,,,,,,,,,,,,,,,,,,,,,,,,,,
"Ontherus (Ontherus) sulcator (Fabricius, 1775)",Ontherus sulcator,Coprini,https://doi.org/10.1038/s41598-020-70284-8,,Misiones Province/Argentina,0.0017,,,,,,,,,,,,,,,,,,,0.343,,,,,,,,,,,,,,,,,,,,,,,,Evening/Nocturnal/Crepuscular,,,,,,,,2.324,,,,Open environ. specialist,,,,,,,,,,,,,,,,,,,,,,,,,,,Tunneler,,,,,,,,,,,,,,,,,,,,,,,,,,,,
"Ontherus (Ontherus) sulcator (Fabricius, 1775)",Ontherus sulcator,Coprini,https://doi.org/10.1016/j.apsoil.2020.103652,,Misiones Province/Argentina,,,,,,,,,,,,,,,,,,,0.07,,,14.06,2.75,2.16,,,,,,,,,,,,,,,,,,,,,,,,,,,,,,,,,,,,,,,,,,,,,,,,,,,,,,,,,,,Tunneler,,,,,,,,,,,,,,,,,,,,,,,,,,,,
"Ontherus (Ontherus) sulcator (Fabricius, 1775)",Ontherus sulcator,Coprini,https://doi.org/10.1038/s41598-022-05616-x,,Misiones Province/Argentina,,,,5.035,,,,,3.336,,,,,3.528,,,,,,0.086,,,,,,103.486,,,,,,,,,,,,,,,,,,,,,,,,,,,,,,,14.9395,,,,,,,,,,,,,,,,,,,,,,,,,,Tunneler,,,,,,,,,,,,,,,,,,,,,,,,,,,,
"Ontherus (Ontherus) sulcator (Fabricius, 1775)",Ontherus sulcator,Coprini,https://doi.org/10.1649/0010-065X-73.3.693,"Sao Miguel do Oeste, Sao Domingos, Campos Novos, Porto Belo - Bombinhas, I√ßara",Santa Catarina/Brazil,,,,,,,,,,,,,,,,,,,,,,,,,,,,,,,Medium,,,,,,,,,,,,,,Coprophagous,,,,,,,,,,,,,,,,,,,,,,,,,,,,,,,,,,,,,,,,,,,,,,,,,,,,,,,,,,,,,,,,,,
"Ontherus (Ontherus) sulcator (Fabricius, 1775)",Ontherus sulcator,Coprini,https://doi.org/10.1590/S0073-47212012000200012,,Rio Grande do Sul/Brazil,,,,,,,,,,,,,,,,,,,,,,,,,,,,,,,,,,,,,,,,,,,,,,,,,,,,,,,,,,,,,,,,,,,,,,,,,,,,,,,,,,,Tunneler,,,,,,,,,,,,,,,,,,,,,,,,,,,,
"Ontherus (Ontherus) sulcator (Fabricius, 1775)",Ontherus sulcator,Coprini,https://doi.org/10.1590/S0001-37652013005000033,,Rio Grande do Sul/Brazil,,,,,,,,,,,,,,,,,,,,,,,,,,,,,,,,,,,,,,,,,,,,,,,,,,,,,,,,,,,,,,,,,,,,,,,,,,,,,,,,,,,Tunneler,,,,,,,,,,,,,,,,,,,,,,,,,,,,
"Ontherus (Ontherus) ulcopygus G√©nier, 1996",Ontherus ulcopygus,Coprini,https://doi.org/10.1007/s42690-021-00680-8,,Rio de Janeiro/Brazil,,,,,,,,,,,,,,,,,,,,,,,,,,,,,,,,,,,,,,,,,,,,,,,,,,,,,,,,,,,,,,,,,,,,,,,,,,,,,,,,,,,Tunneler,,,,,,,,,,,,,,,,,,,,,,,,,,,,
Ontherus aff. erosus,,Coprini,https://doi.org/10.1007/s10841-022-00412-4,,Pernambuco/Brazil,,,,,,,,,,,,,,,,,,,,,,,,,,,,,,,Large,,,,,,,,,,,,,,Coprophagous,,,,,,,,,,,Forest specialist,,,,,,,,,,,,,,,,,,,,,,,,,,,Tunneler,,,,,,,,,,,,,,,,,,,,,89.196,13.22226293,13.22462324,17.171,0.00082414,0.000795066,,6.75
"Ontherus appendiculatus (Mannerheim, 1829)",,Coprini,https://doi.org/10.1371/journal.pone.0201368,,Bahia/Brazil,,,,,,,,,,,,,,,,,,,,,,,,,,,,,,,,,,,,,,,,,,,,,,,,,,,,,,,,Habitat gener,,,,,,,,,,,,,,,,,,,,,,,,,,,Tunneler,,,,,,,,,,,,,,,,,,,,,84.466,13.41841162,13.22462324,16.833,0.000870291,0.000795066,,6.653
Ontherus sp.1,,Coprini,https://doi.org/10.1649/0010-065X-73.3.693,Santo Amaro da Imperatriz,Santa Catarina/Brazil,,,,,,,,,,,,,,,,,,,,,,,,,,,,,,,Medium,,,,,,,,,,,,,,,,,,,,,,,,,,,,,,,,,,,,,,,,,,,,,,,,,,,,Tunneler,,,,,,,,,,,,,,,,,,,,,,,,,,,,
"Onthophagus (Onthophagus) haematopus Harold, 1875",Onthophagus aff. catharinensis,Onthophagini,https://doi.org/10.1007/s42690-021-00680-8,,Rio de Janeiro/Brazil,,,,,,,,,,,,,,,,,,,,,,,,,,,,,,,,,,,,,,,,,,,,,,,,,,,,,,,,,,,,,,,,,,1.24,,,,yes,no,,,3.09,,,,,,1.81,0.45,,,,,,,,,,,,,,,,,,,,,,26.79,,,,,2.51,,,
"Onthophagus (Onthophagus) haematopus Harold, 1875",Onthophagus aff. catharinensis,Onthophagini,https://doi.org/10.1016/j.biocon.2013.11.023,,Bahia/Brazil,,,,,,,,,,,,,,,,,,,,0.006,,,,,,,,,,,,,,,,,,,,,,,,,,,,,,,,,,,,,,,,,,,,,,,,,,,,,,,,,,,,,,,Tunneler,,,,,,,,,,,,,,,,,,,,,,,,,,,,
"Onthophagus (Onthophagus) haematopus Harold, 1875",Onthophagus catharinensis,Onthophagini,https://doi.org/10.1590/S0085-56262013000100008,,Santa Catarina/Brazil,,,,,,,,,,,,,,,,,,,,0.006,,,,,,,,,,,Small,,,,,,,,,,,,,,Coprophagous,,,,,,,,,,,,,,,,,,,,0,,,,,,,,,,,,,,,,,rare,,,intermediate,,,,,,,,,,,,,,,,,,,,,,,,,,
"Onthophagus (Onthophagus) haematopus Harold, 1875",Onthophagus catharinensis,Onthophagini,https://doi.org/10.1016/j.apsoil.2020.103652,,Misiones Province/Argentina,,,,,,,,,,,,,,,,,,,0.35,,,0,0,0.01,,,,,,,,,,,,,,,,,,,,,,,,,,,,,,,,,,,,,,,,,,,,,1.2,,,,,,,,,,,,,,Tunneler,,,,,,,,,,,,,,,,,,,,,,,,,,,2.8,
"Onthophagus (Onthophagus) haematopus Harold, 1875",Onthophagus catharinensis,Onthophagini,https://doi.org/10.1038/s41598-022-05616-x,,Misiones Province/Argentina,,,,0.688,,,,,0.446,,,,,1.407,,,,,,0.004,,,,,,14.658,,,,,,,,,,,,,,,,,,,,,,,,,,,,,,,2.2186,,,,,,,,,,,,,,,,,,,,,,,,,,Tunneler,,,,,,,,,,,,,,,,,,,,,,,,,,,,
"Onthophagus (Onthophagus) haematopus Harold, 1875",Onthophagus catharinensis,Onthophagini,https://doi.org/10.1649/0010-065X-73.3.693,"Sao Miguel do Oeste, Santo Amaro da Imperatriz, Florianopolis - Desterro",Santa Catarina/Brazil,,,,,,,,,,,,,,,,,,,,,,,,,,,,,,,Small,,,,,,,,,,,,,Diurnal,Coprophagous,,,,,,,,,,,,,,,,,,,,,,,,,,,,,,,,,,,,,,Tunneler,,,,,,,,,,,,,,,,,,,,,,,,,,,,
"Onthophagus (Onthophagus) haematopus Harold, 1875",Onthophagus catharinensis,Onthophagini,https://doi.org/10.1649/0010-065X-73.3.693,"Campos Novos, Monte Castelo, Brusque, Sao Pedro de Alcantara, Santo Amaro da Imperatriz, Anitapolis, Nova Veneza, I√ßara",Santa Catarina/Brazil,,,,,,,,,,,,,,,,,,,,,,,,,,,,,,,Small,,,,,,,,,,,,,,Coprophagous,,,,,,,,,,,,,,,,,,,,,,,,,,,,,,,,,,,,,,Tunneler,,,,,,,,,,,,,,,,,,,,,,,,,,,,
"Onthophagus (Onthophagus) haematopus Harold, 1875",Onthophagus catharinensis,Onthophagini,https://doi.org/10.1111/j.1744-7917.2012.01509.x,,Parana/Brazil,,,,,,,,,,,,,,,,,,,,,,,,,,,,,,,,,,,,,,,,,,,,,Coprophagous,,,,,,,,,,,,,,,,,,,,,,,,,,,,,,,,,,,,,,Tunneler,,,,,,,,,,,,,,,,,,,,,,,,,,,,
"Onthophagus (Onthophagus) haematopus Harold, 1875",Onthophagus catharinensis,Onthophagini,https://doi.org/10.1111/btp.12418,,Sao Paulo/Brazil,,,,,,,,,,,,,,,,,,,,,,,,,,,,,,,,5.8,,,0.65,,,,,,,,,,,,,,,,,,,,,,,,,,,,,,,,,,,,,,,,,,,,,,,,Tunneler,,,,,,,,,,,,,,,,,,,,,,,,,,,,
"Onthophagus (Onthophagus) haematopus Harold, 1875",Onthophagus aff. hematopus,Onthophagini,https://doi.org/10.1002/ece3.9950,,Goiania/Brazil,,,,,,,,,,,,,,,,,,,,,,,,,,,,,,,,4.75,,,,,,,,,,,,Diurnal/Nocturnal,,,,,,,,,,0.05,,,,,,,,1.01,1.78,no,0.24,,,,,,,,,,,,,,,,,,Tunneler,,,,,,,,,,,,,,,,,,,,,,,,,,,,
"Onthophagus (Onthophagus) haematopus Harold, 1875",Onthophagus catharinensis,Onthophagini,https://doi.org/10.1002/ecs2.2491,,Parana/Brazil,,,,,,,,,,,,,,,,,,,,0.006,,,,,0.0024,,,,,,,,,,,,,,,,,,,,Coprophagous,,,,,,,,,,,,,,,,,,,,,,,,,,,,,,,,,,,,,,Tunneler,,,,,,,,,,,,,,,,,,,,,,,,,,,,
"Onthophagus (Onthophagus) haematopus Harold, 1875",Onthophagus catharinensis,Onthophagini,https://doi.org/10.1371/journal.pone.0244783,,Santa Catarina/Brazil,,0.2,,,,,,,,,,,,,,,,,,0.045,,,,,,,,,,,,,,,,,,,,,,,,Nocturnal,Coprophagous,,,,,,,,0.2,,3.2,,,,,,,,,,,,,,,,,,,,3.045,,,,,,,,Tunneler,,,0.309,,,,,,0.531,,,,,5.866,,,,,,,,,,,,,,
"Onthophagus (Onthophagus) haematopus Harold, 1875",Onthophagus catharinensis,Onthophagini,https://doi.org/10.1590/S0001-37652013005000033,,Rio Grande do Sul/Brazil,,,,,,,,,,,,,,,,,,,,,,,,,,,,,,,,,,,,,,,,,,,,,,,,,,,,,,,,,,,,,,,,,,,,,,,,,,,,,,,,,,rare,,,large,,,,,,,,,,,,,,,,,,,,,,,,,,
"Onthophagus (Onthophagus) haematopus Harold, 1875",,Onthophagini,https://doi.org/10.1016/j.ecolind.2020.106534,,Bahia/Brazil,,,,,,,,,,,,,,,,,,,,,,,,,,,,,,,,3.87,,,,,,,,,,,,,Coprophagous,,,,,,,,,,,,,,,,,,,,,,,,,,,,,,,,,,,,,rare,,,large,,,,,,,,,,,,,,,,,,,,,,,,,,
"Onthophagus (Onthophagus) haematopus Harold, 1875",,Onthophagini,this study,Atibaia,Sao Paulo/Brazil,,,,,,,,,,,,,,,,,,,,,0.00665,,,,,,,,,,Small,,,,,,,,,,,,DM169,Nocturnal,Coprophagous,,,,,,,,,,,,,,,,,,,,,,,,,,,,,,,,,,,,,,,,,,,,,,,,,,,,,,,,,,,,,,,,,,
"Onthophagus (Onthophagus) haematopus Harold, 1875",,Onthophagini,this study,Mairipora,Sao Paulo/Brazil,,,,,,,,,,,,,,,,,,,,,0.00665,,,,,,,,,,Small,,,,,,,,,,,,DM165,Nocturnal,Coprophagous,,,,,,,,,,,,,,,,,,,,,,,,,,,2.4,4.65,,,,,,,,,,Tunneler,,,,,,,,,,,,,,,,,,,,,,,,,,,,
"Onthophagus (Onthophagus) haematopus Harold, 1875",,Onthophagini,this study,Atibaia,Sao Paulo/Brazil,,,,,,,,,,,,,,,,,,,,,0.00665,,,,,,,,,,Small,,,,,,,,,,,,DM160,Nocturnal,Coprophagous,,,,,,,,,,,,,,,,,,,,,,,,,,,,,,,,,,,,,,Tunneler,,,,,,,,,,,,,,,,,,,,,,,,,,,,
"Onthophagus (Onthophagus) haematopus Harold, 1875",,Onthophagini,this study,Mairipora,Sao Paulo/Brazil,,,,,,,,,,,,,,,,,,,,,0.00665,,,,,,,,,,Small,,,,,,,,,,,,DM164,Nocturnal,Coprophagous,,,,,,,,,,,,,,,,,,,,,,,,1.2,,,,,,,,,,,,,,Tunneler,,,,,,,,,,,,,,,,,,,,,,,,,,,2.9,
"Onthophagus (Onthophagus) haematopus Harold, 1875",,Onthophagini,this study,Mairipora,Sao Paulo/Brazil,,,,,,,,,,,,,,,,,,,,,0.00665,,,,,,,,,,Small,,,,,,,,,,,,DM163,Nocturnal,Coprophagous,,,,,,,,,,,,,,,,,,,,,,,,,,,,,,,,,,,,,,Tunneler,,,,,,,,,,,,,,,,,,,,,,,,,,,,
"Onthophagus (Onthophagus) haematopus Harold, 1875",,Onthophagini,this study,Mairipora,Sao Paulo/Brazil,,,,,,,,,,,,,,,,,,,,,0.00665,,,,,,,,,,Small,,,,,,,,,,,,DM167,Nocturnal,Coprophagous,,,,,,,,,,,,,,,,,,,,,,,,,,,,,,,,,,,,,,,,,,,,,,,,,,,,,,,,,,,14.839,13.84618613,14.13564194,7.167,0.000448143,0.000555823,,2.639
"Onthophagus (Onthophagus) haematopus Harold, 1875",,Onthophagini,this study,Nazare Paulista,Sao Paulo/Brazil,,,,,,,,,,,,,,,,,,,,,0.00665,,,,,,,,,,Small,,,,,,,,,,,,DM168,Nocturnal,Coprophagous,,,,,,,,,,,,,,,,,,,,,,,,,,,,,,,,,,,,,,,,,,,,,,,,,,,,,,,,,,,12.983,13.93379804,14.13564194,6.725,0.000512208,0.000555823,,2.453
"Onthophagus (Onthophagus) haematopus Harold, 1875",,Onthophagini,this study,Mairipora,Sao Paulo/Brazil,,,,,,,,,,,,,,,,,,,,,0.00665,,,,,,,,,,Small,,,,,,,,,,,,DM166,Nocturnal,Coprophagous,,,,,,,,,,,,,,,,,,,,,,,,,,,,,,,,,,,,,,,,,,,,,,,,,,,,,,,,,,,12.643,13.86937942,14.13564194,6.621,0.000525983,0.000555823,,2.4
"Onthophagus (Onthophagus) haematopus Harold, 1875",,Onthophagini,this study,Atibaia,Sao Paulo/Brazil,,,,,,,,,,,,,,,,,,,,,0.00665,,,,,,,,,,Small,,,,,,,,,,,,DM162,Nocturnal,Coprophagous,,,,,,,,,,,,,,,,,,,,,,,,,,,,,,,,,,,,,,,,,,,,,,,,,,,,,,,,,,,11.954,13.94245441,14.13564194,6.455,0.000556299,0.000555823,,2.325
"Onthophagus (Onthophagus) haematopus Harold, 1875",,Onthophagini,this study,Atibaia,Sao Paulo/Brazil,,,,,,,,,,,,,,,,,,,,,0.00665,,,,,,,,,,Small,,,,,,,,,,,,DM161,Nocturnal,Coprophagous,,,,,,,,,,,,,,,,,,,,,,,,,,,,,,,,,,,,,,,,,,,,,,,,,,,,,,,,,,,11.761,14.01362503,14.13564194,6.419,0.000565428,0.000555823,,2.311
"Onthophagus (Onthophagus) hircus Billberg, 1815",Onthophagus aff. hirculus,Onthophagini,https://doi.org/10.1590/S0085-56262013000100008,,Santa Catarina/Brazil,,,,,,,,,,,,,,,,,,,,0.006,,,,,,,,,,,Small,,,,,,,,,,,,,,,,,,,,,,,,,,,,,,,,,,,,,,,,,,,,,,,,,,,,,,,,,,,,,,,,,,,,,,,,,11.682,14.63186749,14.13564194,6.537,0.000569252,0.000555823,,2.232
"Onthophagus (Onthophagus) hircus Billberg, 1815",Onthophagus aff. hirculus,Onthophagini,https://doi.org/10.1649/0010-065X-73.3.693,"Sao Miguel do Oeste, Sao Domingos, Campos Novos",Santa Catarina/Brazil,,,,,,,,,,,,,,,,,,,,,,,,,,,,,,,Small,,,,,,,,,,,,,Diurnal,Coprophagous,,,,,,,,,,,,,,,,,,,,,,,,,,,,,,,,,,,,,,,,,,,,,,,,,,,,,,,,,,,11.61,14.37781223,14.13564194,6.46,0.000572782,0.000555823,,2.294
"Onthophagus (Onthophagus) hircus Billberg, 1815",Onthophagus aff. hirculus,Onthophagini,https://doi.org/10.1371/journal.pone.0244783,,Santa Catarina/Brazil,,0.2,,,,,,,,,,,,,,,,,,0.007,,,,,,,,,,,,,,,,,,,,,,,,Nocturnal,Coprophagous,,,,,,,,0.2,,2.2,,,,,,,,,,,,,,,,,,,,,,,,,,,,,,,,,,,,,,,,,,,,,,,,,11.506,14.51675439,14.13564194,6.462,0.000577959,0.000555823,,2.172
"Onthophagus (Onthophagus) hircus Billberg, 1815",Onthophagus aff. hirculus,Onthophagini,https://doi.org/10.1590/S0073-47212012000200012,,Rio Grande do Sul/Brazil,,,,,,,,,,,,,,,,,,,,,,,,,,,,,,,,,,,,,,,,,,,,,,,,,,,,,,,,,,,,,,,,,,,,,,,,,,,,,,,,,,,,,,,,,,,,,,,,,,,,,,,,10.836,14.02088188,14.13564194,6.163,0.000613695,0.000555823,,2.223
"Onthophagus (Onthophagus) hircus Billberg, 1815",Onthophagus aff. hirculus,Onthophagini,https://doi.org/10.1111/aec.12675,,Santa Catarina/Brazil,,,,,,,,,,,,,,,,,,,,,,,,,,,,,,,Small,,,,,,,,,,,,,Diurnal,,,,,,,,,,,,,,,,,,,,,,,,,,,,,,,,,,,,,,,,,,,,,,,,,,,,,,,,,,,,10.787,14.20366033,14.13564194,6.189,0.000616483,0.000555823,,2.173
"Onthophagus (Onthophagus) hircus Billberg, 1815",,Onthophagini,this study,Joanopolis,Sao Paulo/Brazil,,,,,,,,,,,,,,,,,,,,,0.01037,,,,,,,,,,Small,,,,,,,,,,,,DM141,Diurnal,Coprophagous,,,,,,,,,,,,,,,,,,,,,1.07,,,,,,,,,,,,,,,0.33,,Tunneler,,,,,,,,,,,,,,,,,,,,,,,,,,,,
"Onthophagus (Onthophagus) hircus Billberg, 1815",,Onthophagini,this study,Atibaia,Sao Paulo/Brazil,,,,,,,,,,,,,,,,,,,,,0.01037,,,,,,,,,,Small,,,,,,,,,,,,DM148,Diurnal,Coprophagous,,,,,,,,,,,,,,,,,,,,,,,,,,,,,,,,,,,,,,,,,,,,,,,,,,,,,,,,,,,14.684,14.34992209,13.91140839,7.258,0.000706211,0.000904709,,2.705
"Onthophagus (Onthophagus) hircus Billberg, 1815",,Onthophagini,this study,Joanopolis,Sao Paulo/Brazil,,,,,,,,,,,,,,,,,,,,,0.01037,,,,,,,,,,Small,,,,,,,,,,,,DM144,Diurnal,Coprophagous,,,,,,,,,,,,,,,,,,,,,,,,,,,,,,,,,,,,,,,,,,,,,,,,,,,,,,,,,,,12.571,13.67211041,13.91140839,6.555,0.000824914,0.000904709,,2.381
"Onthophagus (Onthophagus) hircus Billberg, 1815",,Onthophagini,this study,Joanopolis,Sao Paulo/Brazil,,,,,,,,,,,,,,,,,,,,,0.01037,,,,,,,,,,Small,,,,,,,,,,,,DM142,Diurnal,Coprophagous,,,,,,,,,,,,,,,,,,,,,,,,,,,,,,,,,,,,,,,,,,,,,,,,,,,,,,,,,,,12.461,13.44572153,13.91140839,6.472,0.000832196,0.000904709,,2.427
"Onthophagus (Onthophagus) hircus Billberg, 1815",,Onthophagini,this study,Atibaia,Sao Paulo/Brazil,,,,,,,,,,,,,,,,,,,,,0.01037,,,,,,,,,,Small,,,,,,,,,,,,DM149,Diurnal,Coprophagous,,,,,,,,,,,,,,,,,,,,,,,,,,,,,,,,,,,,,,,,,,,,,,,,,,,,,,,,,,,12.452,13.79855959,13.91140839,6.554,0.000832798,0.000904709,,2.407
"Onthophagus (Onthophagus) hircus Billberg, 1815",,Onthophagini,this study,Joanopolis,Sao Paulo/Brazil,,,,,,,,,,,,,,,,,,,,,0.01037,,,,,,,,,,Small,,,,,,,,,,,,DM145,Diurnal,Coprophagous,,,,,,,,,,,,,,,,,,,,,,,,,,,,,,,,,,,,,,,,,,,,,,,,,,,,,,,,,,,12.362,13.83970231,13.91140839,6.54,0.000838861,0.000904709,,2.405
"Onthophagus (Onthophagus) hircus Billberg, 1815",,Onthophagini,this study,Joanopolis,Sao Paulo/Brazil,,,,,,,,,,,,,,,,,,,,,0.01037,,,,,,,,,,Small,,,,,,,,,,,,DM143,Diurnal,Coprophagous,,,,,,,,,,,,,,,,,,,,,,,,,,,,,,,,,,,,,,,,,,,,,,,,,,,,,,,,,,,11.922,13.27431639,13.91140839,6.29,0.00086982,0.000904709,,2.447
"Onthophagus (Onthophagus) hircus Billberg, 1815",,Onthophagini,this study,Joanopolis,Sao Paulo/Brazil,,,,,,,,,,,,,,,,,,,,,0.01037,,,,,,,,,,Small,,,,,,,,,,,,DM146,Diurnal,Coprophagous,,,,,,,,,,,,,,,,,,,,,,,,,,,,,,,,,,,,,,,,,,,,,,,,,,,,,,,,,,,10.374,13.63671062,13.91140839,5.947,0.000999614,0.000904709,,2.209
"Onthophagus (Onthophagus) hircus Billberg, 1815",,Onthophagini,this study,Joanopolis,Sao Paulo/Brazil,,,,,,,,,,,,,,,,,,,,,0.01037,,,,,,,,,,Small,,,,,,,,,,,,DM147,Diurnal,Coprophagous,,,,,,,,,,,,,,,,,,,,,,,,,,,,,,,,,,,,,,,,,,,,,,,,,,,,,,,,,,,9.306,14.83585859,13.91140839,5.875,0.001114335,0.000904709,,2.072
"Onthophagus (Onthophagus) tristis Harold, 1873",Onthophagus tristis,Onthophagini,https://doi.org/10.1590/S0085-56262013000100008,,Santa Catarina/Brazil,,,,,,,,,,,,,,,,,,,,0.012,,,,,,,,,,,Medium,,,,,,,,,,,,,,Coprophagous,,,,,,,,,,,,,,,,,,,,0.01,,,,,,,,,,,,,,,,,,,,,,,,,,,,,,,,,,,,,,,20.553,13.84369309,14.21139932,8.434,0.000668029,0.000739361,,3.016
"Onthophagus (Onthophagus) tristis Harold, 1873",Onthophagus tristis,Onthophagini,https://doi.org/10.1016/j.apsoil.2020.103652,,Misiones Province/Argentina,,,,,,,,,,,,,,,,,,,0.43,,,0,0.06,0.06,,,,,,,,,,,,,,,,,,,,,,,,,,,,,,,,,,,,,,,,,,,,,,,,,,,,,,,,,,,,,,,,,,,,,,,,,,,,,,,,20.376,14.07676168,14.21139932,8.468,0.000673832,0.000739361,,3.099
"Onthophagus (Onthophagus) tristis Harold, 1873",Onthophagus tristis,Onthophagini,https://doi.org/10.1038/s41598-022-05616-x,,Misiones Province/Argentina,,,,1.33,,,,,0.805,,,,,1.889,,,,,,0.009,,,,,,26.754,,,,,,,,,,,,,,,,,,,,,,,,,,,,,,,3.9069,,,,,,,,,,,,,,,,,,,,,,,,,,,,,,,,,,,,,,,,,,,,,,,20.151,14.2238549,14.21139932,8.465,0.000681356,0.000739361,,3.074
"Onthophagus (Onthophagus) tristis Harold, 1873",Onthophagus tristis,Onthophagini,https://doi.org/10.1649/0010-065X-73.3.693,"Itapemag, Sao Domingos, Ipumirim, Campos Novos, Monte Castelo, Urubici",Santa Catarina/Brazil,,,,,,,,,,,,,,,,,,,,,,,,,,,,,,,Small,,,,,,,,,,,,,Diurnal,Coprophagous,,,,,,,,,,,,,,,,,,,,,,,,,,,,,,,,,,,,,,,,,,,,,,,,,,,,,,,,,,,19.876,14.53672791,14.21139932,8.499,0.000690783,0.000739361,,3.076
"Onthophagus (Onthophagus) tristis Harold, 1873",Onthophagus tristis,Onthophagini,https://doi.org/10.1371/journal.pone.0244783,,Santa Catarina/Brazil,,0.2,,,,,,,,,,,,,,,,,,0.012,,,,,,,,,,,,,,,,,,,,,,,,Nocturnal,Coprophagous,,,,,,,,0.2,,2.8,,,,,,,,,,,,,,,,,,,,,,,,,,,,,,,,,,,,,,,,,,,,,,,,,19.858,14.15881881,14.21139932,8.384,0.000691409,0.000739361,,2.926
"Onthophagus (Onthophagus) tristis Harold, 1873",Onthophagus aff. tristis,Onthophagini,https://doi.org/10.1590/S0073-47212012000200012,,Rio Grande do Sul/Brazil,,,,,,,,,,,,,,,,,,,,,,,,,,,,,,,,,,,,,,,,,,,,,Coprophagous,,,,,,,,,,,,,,,,,,,,,,,,,,,,,,,,,,,,,,,,,,,,,,,,,,,,,,,,,,,18.777,14.1984121,14.21139932,8.164,0.000731214,0.000739361,,2.917
"Onthophagus (Onthophagus) tristis Harold, 1873",Onthophagus aff. tristis,Onthophagini,https://doi.org/10.1590/S0001-37652013005000033,,Rio Grande do Sul/Brazil,,,,,,,,,,,,,,,,,,,,,,,,,,,,,,,,,,,,,,,,,,,,,,,,,,,,,,,,,,,,,,,,,,,,,,,,,,,,,,,,,,,,,,,,,,,,,,,,,,,,,,,,17.981,13.67345531,14.21139932,7.84,0.000763584,0.000739361,,2.899
"Onthophagus (Onthophagus) tristis Harold, 1873",,Onthophagini,https://doi.org/10.1111/aec.12675,,Santa Catarina/Brazil,,,,,,,,,,,,,,,,,,,,,,,,,,,,,,,Small,,,,,,,,,,,,,Diurnal,,,,,,,,,,,,,,,,,,,,,,,,,,,,,,,,,,,,,,,,,,,,,,,,,,,,,,,,,,,,17.458,14.56860488,14.21139932,7.974,0.000786459,0.000739361,,2.854
"Onthophagus (Onthophagus) tristis Harold, 1873",,Onthophagini,this study,Jarinu,Sao Paulo/Brazil,,,,,,,,,,,,,,,,,,,,,0.01373,,,,,,,,,,Small,,,,,,,,,,,,DM139,Nocturnal,Coprophagous,,,,,,,,,,,,,,,,,,,,,,,,,,,,,,,,,,,,,,,,,,,,,,,,,,,,,,,,,,,17.125,14.47068987,14.21139932,7.871,0.000801752,0.000739361,,2.732
"Onthophagus (Onthophagus) tristis Harold, 1873",,Onthophagini,this study,Atibaia,Sao Paulo/Brazil,,,,,,,,,,,,,,,,,,,,,0.01373,,,,,,,,,,Small,,,,,,,,,,,,DM133,Nocturnal,Coprophagous,,,,,,,,,,,,,,,,,,,,,,,,,,,,,,,,,,,,,,,,,,,,,,,,,,,,,,,,,,,15.168,14.36297468,14.21139932,7.38,0.000905195,0.000739361,,2.554
"Onthophagus (Onthophagus) tristis Harold, 1873",,Onthophagini,this study,Atibaia,Sao Paulo/Brazil,,,,,,,,,,,,,,,,,,,,,0.01373,,,,,,,,,,Small,,,,,,,,,,,,DM135,Nocturnal,Coprophagous,,,,,,,,,,,,,,,,,,,,,,,,,,,,,,,,,,,,,,Tunneler,,,,,,,,,,,,,,,,,,,,,,,,,,,,
"Onthophagus (Onthophagus) tristis Harold, 1873",,Onthophagini,this study,Atibaia,Sao Paulo/Brazil,,,,,,,,,,,,,,,,,,,,,0.01373,,,,,,,,,,Small,,,,,,,,,,,,DM134,Nocturnal,Coprophagous,,,,,,,,,,,,,,,,,,,,,,,,,,,,,,4.123,,,,,,,,Tunneler,,,0.301,,,,,,0.698,,,,,7.912,,,,,,,,,,,,,,
"Onthophagus (Onthophagus) tristis Harold, 1873",,Onthophagini,this study,Nazare Paulista,Sao Paulo/Brazil,,,,,,,,,,,,,,,,,,,,,0.01373,,,,,,,,,,Small,,,,,,,,,,,,DM132,Nocturnal,Coprophagous,,,,,,,,,,,,,,,,,,,,,,,,,,,,,,,,,,,,,common,,,large,,,,,,,,,,,,,,,,,,,,,,,,,,
"Onthophagus (Onthophagus) tristis Harold, 1873",,Onthophagini,this study,Nazare Paulista,Sao Paulo/Brazil,,,,,,,,,,,,,,,,,,,,,0.01373,,,,,,,,,,Small,,,,,,,,,,,,DM131,Nocturnal,Coprophagous,,,,,,,,,,,,,,,,,,,,,,,,1.5,,,,,,,,,,,,,,Tunneler,,,,,,,,,,,,,,,,,,,,,,,,,,,2.9,
"Onthophagus (Onthophagus) tristis Harold, 1873",,Onthophagini,this study,Nazare Paulista,Sao Paulo/Brazil,,,,,,,,,,,,,,,,,,,,,0.01373,,,,,,,,,,Small,,,,,,,,,,,,DM137,Nocturnal,Coprophagous,,,,,,,,,,,,,,,,,,,,,,,,,,,,,,,,,,,,,,Tunneler,,,,,,,,,,,,,,,,,,,,,,,,,,,,
"Onthophagus (Onthophagus) tristis Harold, 1873",,Onthophagini,this study,Atibaia,Sao Paulo/Brazil,,,,,,,,,,,,,,,,,,,,,0.01373,,,,,,,,,,Small,,,,,,,,,,,,DM138,Nocturnal,Coprophagous,,,,,,,,,,,,,,,,,,,,,,,,,,,,,,2.991,,,,,,,,Tunneler,,,0.307,,,,,,0.623,,,,,5.467,,,,,,,,,,,,,,
"Onthophagus (Onthophagus) tristis Harold, 1873",,Onthophagini,this study,Nazare Paulista,Sao Paulo/Brazil,,,,,,,,,,,,,,,,,,,,,0.01373,,,,,,,,,,Small,,,,,,,,,,,,DM136,Nocturnal,Coprophagous,,,,,,,,,,,,,,,,,,,,,,,,,,,,,,,,,,,,,,,,,,,,,,,,,,,,,,,,,,,,,,,,,,
"Onthophagus (Onthophagus) tristis Harold, 1873",,Onthophagini,this study,Jarinu,Sao Paulo/Brazil,,,,,,,,,,,,,,,,,,,,,0.01373,,,,,,,,,,Small,,,,,,,,,,,,DM140,Nocturnal,Coprophagous,,,,,,,,,,,,,,,,,,,,,,,,,,,,,,,,,,,,,,Tunneler,,,,,,,,,,,,,,,,,,,,,,,,,,,,
Onthophagus aff. buculus,Onthophagus aff. buculus,Onthophagini,https://doi.org/10.1016/j.apsoil.2020.103652,,Misiones Province/Argentina,,,,,,,,,,,,,,,,,,,0,,,0.07,0,0,,,,,,,,,,,,,,,,,,,,,,,,,,,,,,,,,,,,,,,,,,,,,,,,,,,,,,,,,,,,,,,,,,,,,,,,,,,,,,,,,,,,,,,
Onthophagus aff. clypeatus,,Onthophagini,https://doi.org/10.1007/s10841-022-00412-4,,Pernambuco/Brazil,,,,,,,,,,,,,,,,,,,,,,,,,,,,,,,Small,,,,,,,,,,,,,,Coprophagous,,,,,,,,,,,Forest specialist,,,,,,,,,,,,,,,,,,,,,,,,,,,,,,,,,,,,,,,,,,,,,,,,9.229,14.34977397,13.91140839,5.754,0.001123632,0.000904709,,2.095
Onthophagus sp.,,Onthophagini,https://doi.org/10.1673/031.011.0113,,Sao Paulo/Brazil,,,,,,,,,,,,,,,,,,,,,,,,,,,,,,,,7.06,,,0.406,,,,,,8.98,0.483,,,,,,,,,,,,,,,,,,,,,,,,,,,,,,,,,,,,,,,,,,,,,,,,,,,,,,,,,,,,,,,,,,,,,
Onthophagus sp.1,,Onthophagini,https://doi.org/10.1016/j.biocon.2023.109957,,Sao Paulo/Brazil,,,,,,,,,,,,,,,,,,,,,,,,,,,,,,,,,,,,,,,,,,,,,,,,,,,,,,,,Forest specialist,,,,,,,,,,,,,,,,,,,,,,,,,,,,,,,,,,,,,,,,,,,,,,,,,,,,,,,
Onthophagus sp.2,,Onthophagini,https://doi.org/10.1016/j.biocon.2023.109957,,Sao Paulo/Brazil,,,,,,,,,,,,,,,,,,,,,,,,,,,,,,,,,,,,,,,,,,,,,,,,,,,,,,,,Forest specialist,,,,,,,,,,,,,,,,,,,,,,,,,,,,,,,,,,,,,,,,,,,,,,,,,,,,,,,
Onthophagus sp.3,,Onthophagini,https://doi.org/10.1016/j.biocon.2023.109957,,Sao Paulo/Brazil,,,,,,,,,,,,,,,,,,,,,,,,,,,,,,,,,,,,,,,,,,,,,,,,,,,,,,,,Forest specialist,,,,,,,,,,,,,,,,,,,,,,,,,,,,,,,,,,,,,,,,,,,,,,,,,,,,,,,
Onthophagus sp.4,,Onthophagini,https://doi.org/10.1016/j.biocon.2023.109957,,Sao Paulo/Brazil,,,,,,,,,,,,,,,,,,,,,,,,,,,,,,,,,,,,,,,,,,,,,,,,,,,,,,,,Open environ. specialist,,,,,,,,,,,,,,,,,,,,,,,,,,,Tunneler,,,,,,,,,,,,,,,,,,,,,,,,,,,,
Ontophagus aff. buculus,,Onthophagini,https://doi.org/10.1038/s41598-022-05616-x,,Misiones Province/Argentina,,,,0.626,,,,,0.453,,,,,1.314,,,,,,0.003,,,,,,13.641,,,,,,,,,,,,,,,,,,,,,,,,,,,,,,,1.692,,,,,,,,,,,,,,,,,,,,,,,,,,Roller,,,,,,,,,,,,,,,,,,,,,,,,,,,,
"Oxysternon (Oxysternon) silenus Castelnau, 1840",Oxysternon silenus ,Phanaeini,https://doi.org/10.1590/S0085-56262011005000010,,Alagoas/Brazil,,,,,,,,,,,,,,,,,,,,,,,,,,,,,,,,,,,,,,,,,,,,,Coprophagous/Necrophagous,,,,,,,,,,,,,,,,,,,,,,,,,,,,,,,,,,,,,,Roller,,,,,,,,,,,,,,,,,,,,,,,,,,,,
"Oxysternon (Oxysternon) silenus Castelnau, 1840",Oxysternon silenus ,Phanaeini,https://doi.org/10.1007/s10841-022-00412-4,,Pernambuco/Brazil,,,,,,,,,,,,,,,,,,,,,,,,,,,,,,,Large,,,,,,,,,,,,,,Coprophagous,,,,,,,,,,,Habitat gener,,,,,,,,,,,,,,,,,,,,,,,,,,rare,Roller,,large,,,,,,,,,,,,,,,,,,,,,,,,,,
Paracanthon aff. hirsutus,,Deltochilini,https://doi.org/10.1007/s42690-021-00680-8,,Rio de Janeiro/Brazil,,,,,,,,,,,,,,,,,,,,,,,,,,,,,,,,,,,,,,,,,,,,,,,,,,,,,,,,,,,,,,,,,,,,,,,,,,,,,,,,,,,Roller,,,,,,,,,,,,,,,,,,,,,,,,,,,,
Paracanthon aff. pereirae,,Deltochilini,https://doi.org/10.1007/s42690-021-00680-8,,Rio de Janeiro/Brazil,,,,,,,,,,,,,,,,,,,,,,,,,,,,,,,,,,,,,,,,,,,,,,,,,,,,,,,,,,,,,,,,,,,,,,,,,,,,,,,,,,,,,,,,,,,,,,,,,,,,,,,,,,,,,,,
Paracanthon aff. rosinae,,Deltochilini,https://doi.org/10.1649/0010-065X-73.3.693,"Ipumirim , Monte Castelo, Anitapolis, Porto Belo - Bombinhas, Florianopolis - Desterro, Florianopolis - Lagoa do Peri",Santa Catarina/Brazil,,,,,,,,,,,,,,,,,,,,,,,,,,,,,,,Small,,,,,,,,,,,,,Nocturnal,Coprophagous,,,,,,,,,,,,,,,,,,,,,,,,,,,,,,,,,,,,,,,,,,,,,,,,,,,,,,,,,,,,,,,,,,
Paracanthon aff. rosinae,,Deltochilini,https://doi.org/10.1111/ddi.12785,,Santa Catarina/Brazil,,,,,,,,,,,,,,,,,,,,0.012,,,,,,,,,,,,,,,,,,,,,,,,Nocturnal,Generalist,,,,,,,,,,,,,,,,,,,,,,,,,,,,,,,,,,,,,,,,,,,,,,,,,,,,,,,,,,,,,,,,,,
"Paracanthon arnaudi Pacheco & Vaz-de-Mello, 2019",Paracanthon sp.1,Deltochilini,https://doi.org/10.1111/btp.12418,,Sao Paulo/Brazil,,,,,,,,,,,,,,,,,,,,,,,,,,,,,,,,7.08,,,2.89,,,,,,,,,,,,,,,,,,,,,,,,,,,,,,,,,,,,,,,,,,,,,,,,Roller,,,,,,,,,,,,,,,,,,,,,13.64,12.46256921,12.43704801,6.519,7.70E-05,8.43E-05,,2.657
"Paracanthon arnaudi Pacheco & Vaz-de-Mello, 2019",Paracanthon sp.3,Deltochilini,https://doi.org/10.1111/btp.12418,,Sao Paulo/Brazil,,,,,,,,,,,,,,,,,,,,,,,,,,,,,,,,5.74,,,0.42,,,,,,,,,,,,,,,,,,,,,,,,,,,,,,,,,,,,,,,,,,,,,,,,Roller,,,,,,,,,,,,,,,,,,,,,11.471,12.41152681,12.43704801,5.966,9.15E-05,8.43E-05,,2.403
"Paracanthon monteiroorum Pacheco & Vaz-de-Mello, 2019",,Deltochilini,https://doi.org/10.1016/j.biocon.2023.109957,,Sao Paulo/Brazil,,,,,,,,,,,,,,,,,,,,,,,,,,,,,,,,,,,,,,,,,,,,,,,,,,,,,,,,Forest specialist,,,,,,,,,,,,,,,,,,,,,,,,,,,,,,,,,,,,,,,,,,,,,,,,,,,,,,,
"Paracanthon rosinae Balthasar, 1942",,Deltochilini,https://doi.org/10.1016/j.biocon.2023.109957,,Sao Paulo/Brazil,,,,,,,,,,,,,,,,,,,,,,,,,,,,,,,,,,,,,,,,,,,,,,,,,,,,,,,,Forest specialist,,,,,,,,,,,,,,,,5.11,0.39,,,,,,,,,,Roller,,,,,,,,,,,,,,,,,,,,,,,,,,,,
"Paracanthon rosinae Balthasar, 1942",Paracanthon pereirai,Deltochilini,https://doi.org/10.1673/031.011.0113,,Sao Paulo/Brazil,,,,,,,,,,,,,,,,,,,,,,,,,,,,,,,,4.46,,,0.277,,,,,,5.82,0.363,,Diurnal,,,,,,,,,,,,,,,,,,,,,,1.36,,,,,,,,,,,,,,,0.18,,Roller,,,,,,,,,,,,,,,,,,,,,,,,,,,,
"Paracanthon rosinae Balthasar, 1942",Paracanthon sp.2,Deltochilini,https://doi.org/10.1111/btp.12418,,Sao Paulo/Brazil,,,,,,,,,,,,,,,,,,,,,,,,,,,,,,,,4.23,,,0.36,,,,,,,,,,,,,,,,,,,,,,,,,,,,,,,,,,,,,,,,,,,,,,,,Roller,,,,,,,,,,,,,,,,,,,,,,,,,,,,
"Paracanthon rosinae Balthasar, 1942",,Deltochilini,this study,Joanopolis,Sao Paulo/Brazil,,,,,,,,,,,,,,,,,,,,,0.00105,,,,,,,,,,Small,,,,,,,,,,,,DM345,Nocturnal,Coprophagous,,,,,,,,,,,,,,,,,,,,,,,,,,,0.15,0,,,,,,,,,,Roller,,,,,,,,,,,,,,,,,,,,,,,,,,,,
"Paracanthon rosinae Balthasar, 1942",,Deltochilini,this study,Mairipora,Sao Paulo/Brazil,,,,,,,,,,,,,,,,,,,,,0.00105,,,,,,,,,,Small,,,,,,,,,,,,DM344,Nocturnal,Coprophagous,,,,,,,,,,,,,,,,,,,,,,,,,,,,,,,,,,,,,,Roller,,,,,,,,,,,,,,,,,,,,,,,,,,,,
Paracanthon sp.,,Deltochilini,https://doi.org/10.1016/j.biocon.2013.11.023,,Bahia/Brazil,,,,,,,,,,,,,,,,,,,,0.0046,,,,,,,,,,,,,,,,,,,,,,,,Diurnal,Coprophagous,,,,,,,,,,,Forest specialist,,,,,,,,,,,,,,,,0.1,0,,,,,,,,,,Roller,,,,,,,,,,,,,,,,,,,,,,,,,,,,
Paracanthon sp.1,,Deltochilini,https://doi.org/10.1016/j.ecolind.2020.106534,,Bahia/Brazil,,,,,,,,,,,,,,,,,,,,,,,,,,,,,,,,4.38,,,,,,,,,,,,,,,,,,,,,,,,,,,,,,,,,,,,,,,,0,0.19,,,,,,,,,,Dweller,,,,,,,,,,,,,,,,,,,,,,,,,,,,
Paracanthon sp.2,,Deltochilini,this study,,Sao Paulo/Brazil,,,,,,,,,,,,,,,,,,,,,0.00398,,,,,,,,,,Small,,,,,,,,,,,,,Nocturnal,Coprophagous,,,,,,,,,,,,,,,,,,,,,,,,,,,0,4.26,,,,,,,,,,Dweller,,,,,,,,,,,,,,,,,,,,,,,,,,,,
Paracanthon sp.3,,Deltochilini,this study,,Sao Paulo/Brazil,,,,,,,,,,,,,,,,,,,,,0.00426,,,,,,,,,,Small,,,,,,,,,,,,,Nocturnal,Coprophagous,,,,,,,,,,,,,,,,,,,,,,,,,,,,,,,,,,,,,,Tunneler,,,,,,,,,,,,,,,,,,,,,,,,,,,,
"Pedaridium hirsutum (Harold, 1859) ",,Ateuchini,https://doi.org/10.1111/btp.12418,,Sao Paulo/Brazil,,,,,,,,,,,,,,,,,,,,,,,,,,,,,,,,9.1,,,0,,,,,,,,,,,,,,,,,,,,,,,,,,,,,,,,,,,,,,,,,,,,,,,,,,,,,,,,,,,,,,,,,,,,,,,,,,,,
"Pereiraidium almeidai (Pereira, 1946)",,Ateuchini,https://doi.org/10.1111/btp.12418,,Sao Paulo/Brazil,,,,,,,,,,,,,,,,,,,,,,,,,,,,,,,,6.26,,,0.74,,,,,,,,,,,,,,,,,,,,,,,,,,,,,,,,,,,,,,,,,,,,,,,,Tunneler,,,,,,,,,,,,,,,,,,,,,102.232,12.1819401,11.93537605,17.645,0.002036349,0.002144962,,7.068
"Phanaeus (Notiophanaeus) dejeani Harold, 1868",Phanaeus dejeani ,Phanaeini,https://doi.org/10.1007/s42690-021-00680-8,,Rio de Janeiro/Brazil,,,,,,,,,,,,,,,,,,,,,,,,,,,,,,,,,,,,,,,,,,,,,,,,,,,,,,,,,,,,,,,,,,,,,,,,,,,,,,,,,,,Tunneler,,,,,,,,,,,,,,,,,,,,,94.819,11.93484006,11.93537605,16.82,0.002195552,0.002144962,,6.719
"Phanaeus (Notiophanaeus) dejeani Harold, 1868",Phanaeus dejeani ,Phanaeini,https://doi.org/10.1016/j.biocon.2023.109957,,Sao Paulo/Brazil,,,,,,,,,,,,,,,,,,,,,,,,,,,,,,,,,,,,,,,,,,,,,,,,,,,,,,,,Forest specialist,,,,,,,,,,,,,,,,,,,,,,,,,,,Tunneler,,,,,,,,,,,,,,,,,,,,,94.499,11.68934799,11.93537605,16.618,0.002202986,0.002144962,,6.557
"Phanaeus (Notiophanaeus) dejeani Harold, 1868",,Phanaeini,this study,Joanopolis,Sao Paulo/Brazil,,,,,,,,,,,,,,,,,,,,,0.20818,,,,,,,,,,Large,,,,,,,,,,,,DM105,Diurnal,Coprophagous,,,,,,,,,,,,,,,,,,,,,,,,,,,,,,,,,,,,,,Tunneler,,,,,,,,,,,,,,,,,,,,,,,,,,,,
"Phanaeus (Notiophanaeus) dejeani Harold, 1868",,Phanaeini,this study,Joanopolis,Sao Paulo/Brazil,,,,,,,,,,,,,,,,,,,,,0.20818,,,,,,,,,,Large,,,,,,,,,,,,DM106,Diurnal,Coprophagous,,,,,,,,,,,,,,,,,,,,,,,,,,,,,,,,,,,,,,,,,,,,,,,,,,,,,,,,,,,,,,,,,,
"Phanaeus (Notiophanaeus) dejeani Harold, 1868",,Phanaeini,this study,Joanopolis,Sao Paulo/Brazil,,,,,,,,,,,,,,,,,,,,,0.20818,,,,,,,,,,Large,,,,,,,,,,,,DM107,Diurnal,Coprophagous,,,,,,,,,,,,,,,,,,,,,,,,,,,,,,,,,,,,,,Tunneler,,,,,,,,,,,,,,,,,,,,,,,,,,,,
"Phanaeus (Notiophanaeus) splendidulus (Fabricius, 1781)",Phanaeus splendidulus,Phanaeini,https://doi.org/10.1007/s42690-021-00680-8,,Rio de Janeiro/Brazil,,,,,,,,,,,,,,,,,,,,,,,,,,,,,,,,,,,,,,,,,,,,,,,,,,,,,,,,,,,,,,,,,,,,,,,,,,,,,,,,,,,Tunneler,,,,,,,,,,,,,,,,,,,,,118.343,11.34653284,11.64724849,18.322,0.002264519,0.002941547,,7.369
"Phanaeus (Notiophanaeus) splendidulus (Fabricius, 1781)",Phanaeus splendidulus,Phanaeini,https://doi.org/10.1016/j.biocon.2023.109957,,Sao Paulo/Brazil,,,,,,,,,,,,,,,,,,,,,,,,,,,,,,,,,,,,,,,,,,,,,,,,,,,,,,,,Forest specialist,,,,,,,,,,,,,,,,,,,,,,,,,,,Tunneler,,,,,,,,,,,,,,,,,,,,,114.931,11.32148145,11.64724849,18.036,0.002331747,0.002941547,,7.341
"Phanaeus (Notiophanaeus) splendidulus (Fabricius, 1781)",Phanaeus splendidulus,Phanaeini,https://doi.org/10.1093/ee/nvx091,,Santa Catarina/Brazil,,,,,,,,,,,,,,,,,,,,0.434,,,,,0.088,,,,,,,16.1,,,0.5,,,,,,,,,,,,,,,,,,,,,,,,,,,,,,,,,,,,,,,,,,,,,,,,Tunneler,,,,,,,,,,,,,,,,,,,,,110.382,11.96255045,11.64724849,18.169,0.002427841,0.002941547,,7.248
"Phanaeus (Notiophanaeus) splendidulus (Fabricius, 1781)",Phanaeus splendidulus,Phanaeini,https://doi.org/10.1673/031.011.0113,,Sao Paulo/Brazil,,,,,,,,,,,,,,,,,,,,,,,,,,,,,,,,17.95,,,0.289,,,,,,22.64,0.437,,Diurnal,,,,,,,,,,,,,,,,,,,,,,,,,,,,,,,,,,,,,,,Tunneler,,,,,,,,,,,,,,,,,,,,,95.851,11.37240358,11.64724849,16.508,0.002795902,0.002941547,,6.759
"Phanaeus (Notiophanaeus) splendidulus (Fabricius, 1781)",Phanaeus splendidulus,Phanaeini,https://doi.org/10.1649/0010-065X-73.3.693,"Antonio Carlos, Sao Pedro de Alcantara, Santo Amaro da Imperatriz, Anitapolis, Nova Veneza, Itapema, Porto Belo - Bombinhas, Governador Celso Ramos, Florianopolis - Desterro, Florianopolis - Lagoa do Peri, I√ßara",Santa Catarina/Brazil,,,,,,,,,,,,,,,,,,,,,,,,,,,,,,,Medium,,,,,,,,,,,,,,Coprophagous,,,,,,,,,,,,,,,,,,,,,,,,,,,,,,,,,,,,,,Tunneler,,,,,,,,,,,,,,,,,,,,,92.308,11.56693868,11.64724849,16.338,0.002903215,0.002941547,,6.586
"Phanaeus (Notiophanaeus) splendidulus (Fabricius, 1781)",Phanaeus splendidulus,Phanaeini,https://doi.org/10.1111/btp.12418,,Sao Paulo/Brazil,,,,,,,,,,,,,,,,,,,,,,,,,,,,,,,,17.71,,,1.64,,,,,,,,,,,,,,,,,,,,,,,,,,,,,,,,,,,,,,,,,,,,,,,,Tunneler,,,,,,,,,,,,,,,,,,,,,89.313,11.5442556,11.64724849,16.055,0.003000571,0.002941547,,6.412
"Phanaeus (Notiophanaeus) splendidulus (Fabricius, 1781)",Phanaeus splendidulus,Phanaeini,https://doi.org/10.1002/ece3.9950,,Goiania/Brazil,,,,,,,,,,,,,,,,,,,,,,,,,,,,,,,,15.17,,,,,,,,,,,,Diurnal,,,,,,,,,,0.66,,,,,,,,4.3,6.97,no,0.5,,,,,,,,,,,,,,,,,,Tunneler,,,,,,,,,,,,,,,,,,,,,81.9,12.3146589,11.64724849,15.879,0.003272161,0.002941547,,6.144
"Phanaeus (Notiophanaeus) splendidulus (Fabricius, 1781)",Phanaeus splendidulus,Phanaeini,https://doi.org/10.1002/ecs2.2491,,Parana/Brazil,,,,,,,,,,,,,,,,,,,,0.262,,,,,0.09,,,,,,,,,,,,,,,,,,,,Generalist,,,,,,,,,,,,,,,,,,,,,,,,,,,,,,,,,,,,,,Tunneler,,,,,,,,,,,,,,,,,,,,,80.39,11.23277149,11.64724849,15.025,0.003333624,0.002941547,,6.22
"Phanaeus (Notiophanaeus) splendidulus (Fabricius, 1781)",Phanaeus splendidulus,Phanaeini,https://doi.org/10.1371/journal.pone.0244783,,Santa Catarina/Brazil,,0.2,,,,,,,,,,,,,,,,,,0.275,,,,,,,,,,,,,,,,,,,,,,,,Diurnal,Coprophagous,,,,,,,,0.2,,5.8,,,,,,,,,,,,,,,,,,,,,,,,,,,,Tunneler,,,,,,,,,,,,,,,,,,,,,78.448,11.85039899,11.64724849,15.245,0.003416148,0.002941547,,6.187
"Phanaeus (Notiophanaeus) splendidulus (Fabricius, 1781)",Phanaeus splendidulus,Phanaeini,https://doi.org/10.1590/S0073-47212012000200012,,Rio Grande do Sul/Brazil,,,,,,,,,,,,,,,,,,,,,,,,,,,,,,,,,,,,,,,,,,,,,,,,,,,,,,,,,,,,,,,,,,,,,,,,,,,,,,,,,,,Tunneler,,,,,,,,,,,,,,,,,,,,,73.027,11.96049291,11.64724849,14.777,0.003669739,0.002941547,,5.967
"Phanaeus (Notiophanaeus) splendidulus (Fabricius, 1781)",Phanaeus splendidulus,Phanaeini,https://doi.org/10.1590/S0001-37652013005000033,,Rio Grande do Sul/Brazil,,,,,,,,,,,,,,,,,,,,,,,,,,,,,,,,,,,,,,,,,,,,,,,,,,,,,,,,,,,,,,,,,,,,,,,,,,,,,,,,,,,,,,,,,,,,,,,,,,,,,,,,,,,,,,,
"Phanaeus (Notiophanaeus) splendidulus (Fabricius, 1781)",Phanaeus splendidulus,Phanaeini,https://doi.org/10.1111/ddi.12785,,Santa Catarina/Brazil,,,,,,,,,,,,,,,,,,,,0.22,,,,,,,,,,,,,,,,,,,,,,,,Diurnal,Coprophagous,,,,,,,,,,,,,,,,,,,,,,,,,,,,,,,,,,,,,rare,Tunneler,,intermediate,,,,,,,,,,,,,,,,,,,,,,,,,,
"Phanaeus (Notiophanaeus) splendidulus (Fabricius, 1781)",Phanaeus splendidulus,Phanaeini,https://doi.org/10.1016/j.ecolind.2020.106534,,Bahia/Brazil,,,,,,,,,,,,,,,,,,,,,,,,,,,,,,,,14.04,,,,,,,,,,,,,,,,,,,,,,,,,,,,,,,,,,,,,,,,4.24,0.19,,,,,,,,,,Tunneler,,,,,,,,,,,,,,,,,,,,,,,,,,,,
"Phanaeus (Notiophanaeus) splendidulus (Fabricius, 1781)",,Phanaeini,this study,Nazare Paulista,Sao Paulo/Brazil,,,,,,,,,,,,,,,,,,,,,0.26799,,,,,,,,,,Large,,,,,,,,,,,,DM092,Diurnal,Coprophagous,,,,,,,,,,,,,,,,,,,,,4.28,,,,yes,yes,,,11.4,,,,,,6.87,6.74,,,,,,,,,,,,,,,,,,,,,,1182.44,,,,,5.97,,,
"Phanaeus (Notiophanaeus) splendidulus (Fabricius, 1781)",,Phanaeini,this study,Atibaia,Sao Paulo/Brazil,,,,,,,,,,,,,,,,,,,,,0.26799,,,,,,,,,,Large,,,,,,,,,,,,DM096,Diurnal,Coprophagous,,,,,,,,,,,,,,,,,,,,,,,,,,,,,,,,,,,,,,Tunneler,,,,,,,,,,,,,,,,,,,,,,,,,,,,
"Phanaeus (Notiophanaeus) splendidulus (Fabricius, 1781)",,Phanaeini,this study,Nazare Paulista,Sao Paulo/Brazil,,,,,,,,,,,,,,,,,,,,,0.26799,,,,,,,,,,Large,,,,,,,,,,,,DM094,Diurnal,Coprophagous,,,,,,,,,,,,,,,,,,,,,,,,4.7,,,,,,,,,,,,,,Tunneler,,,,,,,,,,,,,,,,,,,,,,,,,,,2.7,
"Phanaeus (Notiophanaeus) splendidulus (Fabricius, 1781)",,Phanaeini,this study,Atibaia,Sao Paulo/Brazil,,,,,,,,,,,,,,,,,,,,,0.26799,,,,,,,,,,Large,,,,,,,,,,,,DM097,Diurnal,Coprophagous,,,,,,,,,,,,,,,,,,,,,,,,,,,,,,,,,,,,,,Tunneler,,,,,,,,,,,,,,,,,,,,,,,,,,,,
"Phanaeus (Notiophanaeus) splendidulus (Fabricius, 1781)",,Phanaeini,this study,Atibaia,Sao Paulo/Brazil,,,,,,,,,,,,,,,,,,,,,0.26799,,,,,,,,,,Large,,,,,,,,,,,,DM095,Diurnal,Coprophagous,,,,,,,,,,,,,,,,,,,,,,,,,,,,,,,,,,,,,,Tunneler,,,,,,,,,,,,,,,,,,,,,,,,,,,,
"Phanaeus (Notiophanaeus) splendidulus (Fabricius, 1781)",,Phanaeini,this study,Nazare Paulista,Sao Paulo/Brazil,,,,,,,,,,,,,,,,,,,,,0.26799,,,,,,,,,,Large,,,,,,,,,,,,DM093,Diurnal,Coprophagous,,,,,,,,,,,,,,,,,,,,,,,,,,,,,,,,,,,,,,Tunneler,,,,,,,,,,,,,,,,,,,,,,,,,,,,
"Phanaeus (Notiophanaeus) splendidulus (Fabricius, 1781)",,Phanaeini,this study,Nazare Paulista,Sao Paulo/Brazil,,,,,,,,,,,,,,,,,,,,,0.26799,,,,,,,,,,Large,,,,,,,,,,,,DM089,Diurnal,Coprophagous,,,,,,,,,,,,,,,,,,,,,3.85,,,,,,,,,,,,,,,4.14,,Tunneler,,,,,,,,,,,,,,,,,,,,,,,,,,,,
"Phanaeus (Notiophanaeus) splendidulus (Fabricius, 1781)",,Phanaeini,this study,Atibaia,Sao Paulo/Brazil,,,,,,,,,,,,,,,,,,,,,0.26799,,,,,,,,,,Large,,,,,,,,,,,,DM098,Diurnal,Coprophagous,,,,,,,,,,,,,,,,,,,,,,,,,,,,,,,,,,,,,,,,,,,,,,,,,,,,,,,,,,,,,,,,,,
"Phanaeus (Notiophanaeus) splendidulus (Fabricius, 1781)",,Phanaeini,this study,Nazare Paulista,Sao Paulo/Brazil,,,,,,,,,,,,,,,,,,,,,0.26799,,,,,,,,,,Large,,,,,,,,,,,,DM091,Diurnal,Coprophagous,,,,,,,,,,,,,,,,,,,,,,,,,,,,,,,,,,,,,,,,,,,,,,,,,,,,,,,,,,,,,,,,,,
"Phanaeus (Notiophanaeus) splendidulus (Fabricius, 1781)",,Phanaeini,this study,Nazare Paulista,Sao Paulo/Brazil,,,,,,,,,,,,,,,,,,,,,0.26799,,,,,,,,,,Large,,,,,,,,,,,,DM090,Diurnal,Coprophagous,,,,,,,,,,,,,,,,,,,,,,,,,,,,,,,,,,,,,,,,,,,,,,,,,,,,,,,,,,,,,,,,,,
"Pseudocanthon xanthurus (Blanchard, 1847)",Pseudocanthon sp.,Deltochilini,https://doi.org/10.1016/j.biocon.2013.11.023,,Bahia/Brazil,,,,,,,,,,,,,,,,,,,,0.003653,,,,,,,,,,,,,,,,,,,,,,,,Nocturnal,Coprophagous,,,,,,,,,,,Open environ. specialist,,,,,,,,,,,,,,,,,,,,,,,,,,,,,,,,,,,,,,,,,,,,,,,,,,,,,,,
"Pseudocanthon xanthurus (Blanchard, 1847)",,Deltochilini,https://doi.org/10.1016/j.biocon.2023.109957,,Sao Paulo/Brazil,,,,,,,,,,,,,,,,,,,,,,,,,,,,,,,,,,,,,,,,,,,,,,,,,,,,,,,,Habitat gener,,,,,,,,,,,,,,,,,,,,,,,,,,,,,,,,,,,,,,,,,,,,,,,,,,,,,,,
"Pseudocanthon xanthurus (Blanchard, 1847)",Pseudocanthon aff. xanthurus,Deltochilini,https://doi.org/10.1007/s10841-022-00412-4,,Pernambuco/Brazil,,,,,,,,,,,,,,,,,,,,,,,,,,,,,,,Small,,,,,,,,,,,,,,Coprophagous,,,,,,,,,,,Open environ. specialist,,,,,,,,,,,,,,,,,,,,,,,,,,,Roller,,,,,,,,,,,,,,,,,,,,,48.56,13.99383493,14.67089684,13.034,0.000450371,0.000599307,,4.834
"Pseudocanthon xanthurus (Blanchard, 1847)",Pseudocanthon sp.1,Deltochilini,this study,,Sao Paulo/Brazil,,,,,,,,,,,,,,,,,,,,,2.00E-04,,,,,,,,,,Small,,,,,,,,,,,,,Nocturnal,Generalist,,,,,,,,,,,,,,,,,,,,,,,,,,,,,,,,,,,,,,Roller,,,,,,,,,,,,,,,,,,,,,42.972,14.39580155,14.67089684,12.436,0.000508936,0.000599307,,4.55
"Scybalocanthon nigriceps (Harold, 1868)",,Deltochilini,https://doi.org/10.1016/j.biocon.2023.109957,,Sao Paulo/Brazil,,,,,,,,,,,,,,,,,,,,,,,,,,,,,,,,,,,,,,,,,,,,,,,,,,,,,,,,Forest specialist,,,,,,,,,,,,,,,,,,,,,,,,,,,Roller,,,,,,,,,,,,,,,,,,,,,40.125,14.99860496,14.67089684,12.266,0.000545047,0.000599307,,4.247
"Scybalocanthon nigriceps (Harold, 1868)",,Deltochilini,https://doi.org/10.1038/s41598-022-05616-x,,Misiones Province/Argentina,,,,2.016,,,,,1.091,,,,,2.279,,,,,,0.01,,,,,,43.889,,,,,,,,,,,,,,,,,,,,,,,,,,,,,,,4.9378,,,,,,,,,,,,,,,,,,,,,,,,,,Roller,,,,,,,,,,,,,,,,,,,,,37.862,14.43234314,14.67089684,11.688,0.000577624,0.000599307,,4.191
"Scybalocanthon nigriceps (Harold, 1868)",,Deltochilini,https://doi.org/10.1673/031.011.0113,,Sao Paulo/Brazil,,,,,,,,,,,,,,,,,,,,,,,,,,,,,,,,9.32,,,0.719,,,,,,11.82,0.81,,Diurnal,,,,,,,,,,,,,,,,,,,,,,,,,,,,,,,,,,,,,,,Roller,,,,,,,,,,,,,,,,,,,,,36.339,14.86275352,14.67089684,11.62,0.000601833,0.000599307,,4.11
"Scybalocanthon nigriceps (Harold, 1868)",,Deltochilini,https://doi.org/10.1649/0010-065X-73.3.693,Sao Miguel do Oeste,Santa Catarina/Brazil,,,,,,,,,,,,,,,,,,,,,,,,,,,,,,,Small,,,,,,,,,,,,,Diurnal,,,,,,,,,,,,,,,,,,,,,,,,,,,,,,,,,,,,,,,Roller,,,,,,,,,,,,,,,,,,,,,35.881,14.79450406,14.67089684,11.52,0.000609515,0.000599307,,4.121
"Scybalocanthon nigriceps (Harold, 1868)",,Deltochilini,https://doi.org/10.1111/j.1744-7917.2012.01509.x,,Parana/Brazil,,,,,,,,,,,,,,,,,,,,,,,,,,,,,,,,,,,,,,,,,,,,,Necrophagous,,,,,,,,,,,,,,,,,,,,,,,,,,,,,,,,,,,,,,Roller,,,,,,,,,,,,,,,,,,,,,34.143,14.67485154,14.67089684,11.192,0.000640541,0.000599307,,4.083
"Scybalocanthon nigriceps (Harold, 1868)",,Deltochilini,this study,Atibaia,Sao Paulo/Brazil,,,,,,,,,,,,,,,,,,,,,0.02187,,,,,,,,,,Medium,,,,,,,,,,,,DM352,Diurnal,Coprophagous,,,,,,,,,,,,,,,,,,,,,,,,,,,,,,,,,,,,,,Roller,,,,,,,,,,,,,,,,,,,,,32.86,14.750586,14.67089684,11.008,0.000665551,0.000599307,,3.975
"Scybalocanthon nigriceps (Harold, 1868)",,Deltochilini,this study,Atibaia,Sao Paulo/Brazil,,,,,,,,,,,,,,,,,,,,,0.02187,,,,,,,,,,Medium,,,,,,,,,,,,DM350,Diurnal,Coprophagous,,,,,,,,,,,,,,,,,,,,,,,,,,,,,,,,,,,,,,Roller,,,,,,,,,,,,,,,,,,,,,32.672,15.10078795,14.67089684,11.106,0.000669381,0.000599307,,3.864
"Scybalocanthon nigriceps (Harold, 1868)",,Deltochilini,this study,Atibaia,Sao Paulo/Brazil,,,,,,,,,,,,,,,,,,,,,0.02187,,,,,,,,,,Medium,,,,,,,,,,,,DM354,Diurnal,Coprophagous,,,,,,,,,,,,,,,,,,,,,,,,,,,,,,,,,,,,,,Roller,,,,,,,,,,,,,,,,,,,,,30.196,14.70490078,14.67089684,10.536,0.000724268,0.000599307,,3.744
"Scybalocanthon nigriceps (Harold, 1868)",,Deltochilini,this study,Atibaia,Sao Paulo/Brazil,,,,,,,,,,,,,,,,,,,,,0.02187,,,,,,,,,,Medium,,,,,,,,,,,,DM355,Diurnal,Coprophagous,,,,,,,,,,,,,,,,,,,,,,,,,,,,,,5.046,,,,,,,,Roller,,,0.283,,,,,,0.836,,,,,9.842,,,,,,,,,,,,,,
"Scybalocanthon nigriceps (Harold, 1868)",,Deltochilini,this study,Atibaia,Sao Paulo/Brazil,,,,,,,,,,,,,,,,,,,,,0.02187,,,,,,,,,,Medium,,,,,,,,,,,,DM346,Diurnal,Coprophagous,,,,,,,,,,,,,,,,,,,,,,,,,,,,,,,,,,,,,,,,,,,,,,,,,,,,,,,,,,,,,,,,,,
"Scybalocanthon nigriceps (Harold, 1868)",,Deltochilini,this study,Atibaia,Sao Paulo/Brazil,,,,,,,,,,,,,,,,,,,,,0.02187,,,,,,,,,,Medium,,,,,,,,,,,,DM351,Diurnal,Coprophagous,,,,,,,,,,,,,,,,,,,,,,,,,,,,,,,,,,,,,rare,Roller,,narrow,,,,,,,,,,,,,,,,,,,,,,,,,,
"Scybalocanthon nigriceps (Harold, 1868)",,Deltochilini,this study,Atibaia,Sao Paulo/Brazil,,,,,,,,,,,,,,,,,,,,,0.02187,,,,,,,,,,Medium,,,,,,,,,,,,DM348,Diurnal,Coprophagous,,,,,,,,,,,,,,,,,,,,,,,,,,,,,,,,,,,,,,,,,,,,,,,,,,,,,,,,,,,,,,,,,,
"Scybalocanthon nigriceps (Harold, 1868)",,Deltochilini,this study,Atibaia,Sao Paulo/Brazil,,,,,,,,,,,,,,,,,,,,,0.02187,,,,,,,,,,Medium,,,,,,,,,,,,DM349,Diurnal,Coprophagous,,,,,,,,,,,,,,,,,,,,,,,,,,,,,,,,,,,,,,Roller,,,,,,,,,,,,,,,,,,,,,,,,,,,,
"Scybalocanthon nigriceps (Harold, 1868)",,Deltochilini,this study,Atibaia,Sao Paulo/Brazil,,,,,,,,,,,,,,,,,,,,,0.02187,,,,,,,,,,Medium,,,,,,,,,,,,DM347,Diurnal,Coprophagous,,,,,,,,,,,,,,,,,,,,,,,,,,,,,,,,,,,,,,,,,,,,,,,,,,,,,,,,,,,,,,,,,,
"Scybalocanthon nigriceps (Harold, 1868)",,Deltochilini,this study,Atibaia,Sao Paulo/Brazil,,,,,,,,,,,,,,,,,,,,,0.02187,,,,,,,,,,Medium,,,,,,,,,,,,DM353,Diurnal,Coprophagous,,,,,,,,,,,,,,,,,,,,,,,,,,,,,,,,,,,,,,,,,,,,,,,,,,,,,,,,,,,,,,,,,,
Scybalocanthon sp.,,Deltochilini,https://doi.org/10.1007/s42690-021-00680-8,,Rio de Janeiro/Brazil,,,,,,,,,,,,,,,,,,,,,,,,,,,,,,,,,,,,,,,,,,,,,,,,,,,,,,,,,,,,,,,,,,,,,,,,,,,,,,,,,,,,,,,,,,,,,,,,,,,,,,,,,,,,,,,
"Silvinha unica Vaz-de-Mello, 2008",Trichillum sp.2,Ateuchini,https://doi.org/10.1673/031.011.0113,,Sao Paulo/Brazil,,,,,,,,,,,,,,,,,,,,,,,,,,,,,,,,3.46,,,,,,,,,4.59,,,,,,,,,,,,,,,,,,,,,,,,,,,,,,,,,,,,,,,,,,Tunneler,,,,,,,,,,,,,,,,,,,,,,,,,,,,
"Streblopus opatroides Van Lansberge, 1874",,Deltochilini,https://doi.org/10.1016/j.biocon.2013.11.023,,Bahia/Brazil,,,,,,,,,,,,,,,,,,,,0.093923,,,,,,,,,,,,,,,,,,,,,,,,Nocturnal,Coprophagous,,,,,,,,,,,Forest specialist,,,,,,,,,,,,,,,,,,,,,,,,,,,Tunneler,,,,,,,,,,,,,,,,,,,,,111.21,13.34501012,13.83961122,19.262,0.003715313,0.004288808,,6.365
"Streblopus opatroides Van Lansberge, 1874",,Deltochilini,https://doi.org/10.1002/eap.1562,,Bahia/Brazil,,,,,,,,,,,,,,,,,,,,,,,,,,,,,,,Medium,,,,,,,,,,,,,Nocturnal,Coprophagous,,,,,,,,,,,,,,,,,,,,,,,,,,,,,,,,,,,,,,Tunneler,,,,,,,,,,,,,,,,,,,,,98.556,14.04266411,13.83961122,18.601,0.004192337,0.004288808,,5.751
"Sulcophanaeus menelas (Castelnau, 1840)",,Phanaeini,https://doi.org/10.1016/j.biocon.2023.109957,,Sao Paulo/Brazil,,,,,,,,,,,,,,,,,,,,,,,,,,,,,,,,,,,,,,,,,,,,,,,,,,,,,,,,Open environ. specialist,,,,,,,,,,,,,,,,,,,,,,,,,,,Tunneler,,,,,,,,,,,,,,,,,,,,,83.323,14.13115942,13.83961122,17.157,0.004958775,0.004288808,,5.549
"Sulcophanaeus menelas (Castelnau, 1840)",,Phanaeini,https://doi.org/10.1590/S0085-56262013000100008,,Santa Catarina/Brazil,,,,,,,,,,,,,,,,,,,,0.2,,,,,,,,,,,Large,,,,,,,,,,,,,,Coprophagous,,,,,,,,,,,,,,,,,,,,0,,,,,,,,,,,,,,,,,rare,Tunneler,,intermediate,,,,,,,,,,,,,,,,,,,,,,,,,,
"Sulcophanaeus menelas (Castelnau, 1840)",,Phanaeini,https://doi.org/10.1649/0010-065X-73.3.693,"Sao Domingos, Campos Novos",Santa Catarina/Brazil,,,,,,,,,,,,,,,,,,,,,,,,,,,,,,,Large,,,,,,,,,,,,,,Coprophagous,,,,,,,,,,,,,,,,,,,,,,,,,,,,,,,,,,,,,,Tunneler,,,,,,,,,,,,,,,,,,,,,,,,,,,,
"Sulcophanaeus menelas (Castelnau, 1840)",,Phanaeini,this study,Atibaia,Sao Paulo/Brazil,,,,,,,,,,,,,,,,,,,,,0.41318,,,,,,,,,,Large,,,,,,,,,,,,DM120,Diurnal,Coprophagous,,,,,,,,,,,,,,,,,,,,,,,,,,,,,,,,,,,,,,Roller,,,,,,,,,,,,,,,,,,,,,,,,,,,,
"Sulcophanaeus menelas (Castelnau, 1840)",,Phanaeini,this study,Joanopolis,Sao Paulo/Brazil,,,,,,,,,,,,,,,,,,,,,0.41318,,,,,,,,,,Large,,,,,,,,,,,,DM118,Diurnal,Coprophagous,,,,,,,,,,,,,,,,,,,,,,,,,,,,,,,,,,,,,,Roller,,,,,,,,,,,,,,,,,,,,,,,,,,,,
"Sulcophanaeus menelas (Castelnau, 1840)",,Phanaeini,this study,Joanopolis,Sao Paulo/Brazil,,,,,,,,,,,,,,,,,,,,,0.41318,,,,,,,,,,Large,,,,,,,,,,,,DM119,Diurnal,Coprophagous,,,,,,,,,,,,,,,,,,,,,,,,,,,,,,,,,,,,,,,,,,,,,,,,,,,,,,,,,,,,,,,,,,
"Sulcophanaeus rhadamanthus (Harold, 1875)",,Phanaeini,https://doi.org/10.1590/S0001-37652013005000033,,Rio Grande do Sul/Brazil,,,,,,,,,,,,,,,,,,,,,,,,,,,,,,,,,,,,,,,,,,,,,,,,,,,,,,,,,,,,,,,,,,,,,,,,,,,,,,,,,,,Roller,,,,,,,,,,,,,,,,,,,,,36.102,12.9329584,12.79199857,10.804,0.000323251,0.000345992,,4.221
"Sylvicanthon foveiventris (Schmidt, 1920)",,Deltochilini,https://doi.org/10.1007/s42690-021-00680-8,,Rio de Janeiro/Brazil,,,,,,,,,,,,,,,,,,,,,,,,,,,,,,,,,,,,,,,,,,,,,,,,,,,,,,,,,,,,,,,,,,,,,,,,,,,,,,,,,,,Roller,,,,,,,,,,,,,,,,,,,,,34.967,12.13837058,12.79199857,10.301,0.000333743,0.000345992,,4.284
"Sylvicanthon foveiventris (Schmidt, 1920)",,Deltochilini,https://doi.org/10.1016/j.biocon.2023.109957,,Sao Paulo/Brazil,,,,,,,,,,,,,,,,,,,,,,,,,,,,,,,,,,,,,,,,,,,,,,,,,,,,,,,,Forest specialist,,,,,,,,,,,,,,,,,,,,,,,,,,,Roller,,,,,,,,,,,,,,,,,,,,,34.745,13.22498477,12.79199857,10.718,0.000335876,0.000345992,,4.141
"Sylvicanthon foveiventris (Schmidt, 1920)",,Deltochilini,https://doi.org/10.1673/031.011.0113,,Sao Paulo/Brazil,,,,,,,,,,,,,,,,,,,,,,,,,,,,,,,,6.56,,,0.616,,,,,,9.07,0.639,,Nocturnal,,,,,,,,,,,,,,,,,,,,,,,,,,,,,,,,,,,,,,,Roller,,,,,,,,,,,,,,,,,,,,,34.244,12.96416599,12.79199857,10.535,0.00034079,0.000345992,,4.19
"Sylvicanthon foveiventris (Schmidt, 1920)",,Deltochilini,https://doi.org/10.1111/btp.12418,,Sao Paulo/Brazil,,,,,,,,,,,,,,,,,,,,,,,,,,,,,,,,6.73,,,0.75,,,,,,,,,,,,,,,,,,,,,,,,,,,,,,,,,,,,,,,,,,,,,,,,Roller,,,,,,,,,,,,,,,,,,,,,33.901,12.76431975,12.79199857,10.401,0.000344238,0.000345992,,4.081
"Sylvicanthon foveiventris (Schmidt, 1920)",,Deltochilini,this study,Jarinu,Sao Paulo/Brazil,,,,,,,,,,,,,,,,,,,,,0.01167,,,,,,,,,,Medium,,,,,,,,,,,,DM341,Diurnal,Generalist,,,,,,,,,,,,,,,,,,,,,,,,,,,,,,,,,,,,,,Roller,,,,,,,,,,,,,,,,,,,,,33.143,12.59592143,12.79199857,10.216,0.000352111,0.000345992,,4.19
"Sylvicanthon foveiventris (Schmidt, 1920)",,Deltochilini,this study,Nazare Paulista,Sao Paulo/Brazil,,,,,,,,,,,,,,,,,,,,,0.01167,,,,,,,,,,Medium,,,,,,,,,,,,DM340,Diurnal,Generalist,,,,,,,,,,,,,,,,,,,,,,,,,,,,,,,,,,,,,,Roller,,,,,,,,,,,,,,,,,,,,,32.211,12.90714663,12.79199857,10.195,0.000362299,0.000345992,,4.079
"Sylvicanthon foveiventris (Schmidt, 1920)",,Deltochilini,this study,Nazare Paulista,Sao Paulo/Brazil,,,,,,,,,,,,,,,,,,,,,0.01167,,,,,,,,,,Medium,,,,,,,,,,,,DM338,Diurnal,Generalist,,,,,,,,,,,,,,,,,,,,,,,,,,,,,,,,,,,,,,Roller,,,,,,,,,,,,,,,,,,,,,31.068,12.80812102,12.79199857,9.974,0.000375628,0.000345992,,3.994
"Sylvicanthon foveiventris (Schmidt, 1920)",,Deltochilini,this study,Nazare Paulista,Sao Paulo/Brazil,,,,,,,,,,,,,,,,,,,,,0.01167,,,,,,,,,,Medium,,,,,,,,,,,,DM337,Diurnal,Generalist,,,,,,,,,,,,,,,,,,,,,,,,,,,,,,,,,,,,,,,,,,,,,,,,,,,,,,,,,,,,,,,,,,
"Sylvicanthon foveiventris (Schmidt, 1920)",,Deltochilini,this study,Nazare Paulista,Sao Paulo/Brazil,,,,,,,,,,,,,,,,,,,,,0.01167,,,,,,,,,,Medium,,,,,,,,,,,,DM339,Diurnal,Generalist,,,,,,,,,,,,,,,,,,,,,,,,,,,0.15,0,,,,,,,,,,Roller,,,,,,,,,,,,,,,,,,,,,,,,,,,,
"Sylvicanthon foveiventris (Schmidt, 1920)",,Deltochilini,this study,Jarinu,Sao Paulo/Brazil,,,,,,,,,,,,,,,,,,,,,0.01167,,,,,,,,,,Medium,,,,,,,,,,,,DM343,Diurnal,Generalist,,,,,,,,,,,,,,,,,,,,,,,,,,,,,,,,,,,,,,Dweller,,,,,,,,,,,,,,,,,,,,,,,,,,,,
"Sylvicanthon foveiventris (Schmidt, 1920)",,Deltochilini,this study,Jarinu,Sao Paulo/Brazil,,,,,,,,,,,,,,,,,,,,,0.01167,,,,,,,,,,Medium,,,,,,,,,,,,DM342,Diurnal,Generalist,,,,,,,,,,,,,,,,,,,,,,,,,,,,,,,,,,,,,,Dweller,,,,,,,,,,,,,,,,,,,,,,,,,,,,
"Sylvicanthon foveiventris (Schmidt, 1920)",,Deltochilini,this study,Nazare Paulista,Sao Paulo/Brazil,,,,,,,,,,,,,,,,,,,,,0.01167,,,,,,,,,,Medium,,,,,,,,,,,,DM336,Diurnal,Generalist,,,,,,,,,,,,,,,,,,,,,,,,,,,,,,,,,,,,,,Dweller,,,,,,,,,,,,,,,,,,,,,,,,,,,,
"Trichillum externepunctatum Borre, 1880",,Ateuchini,https://doi.org/10.1016/j.biocon.2013.11.023,,Bahia/Brazil,,,,,,,,,,,,,,,,,,,,0.002823,,,,,,,,,,,,,,,,,,,,,,,,Nocturnal,Coprophagous,,,,,,,,,,,Habitat gener,,,,,,,,,,,,,,,,,,,,,,,,,,,Tunneler,,,,,,,,,,,,,,,,,,,,,,,,,,,,
"Trichillum externepunctatum Borre, 1880",,Ateuchini,https://doi.org/10.1002/eap.1562,,Bahia/Brazil,,,,,,,,,,,,,,,,,,,,,,,,,,,,,,,Small,,,,,,,,,,,,,Nocturnal,Coprophagous,,,,,,,,,,,,,,,,,,,,,,,,,,,,,,,,,,,,,rare,Tunneler,,narrow,,,,,,,,,,,,,,,,,,,,,,,,,,
"Trichillum externepunctatum Borre, 1880",,Ateuchini,https://doi.org/10.1590/18069657rbcs20160248,,Santa Catarina/Brazil,,,,,,,,,,,,,,,,,,,,0.0017,,,,,,,,,,,,3.6,,,,,,,,,,,,,Coprophagous,,,,,,,,,,,,,,,,,,,,,,,,,,,,,,,,,,,,,,,,,,,,,,,,,,,,,,,,,,,,,,,,,,
"Trichillum externepunctatum Borre, 1880",,Ateuchini,https://doi.org/10.1007/s10841-022-00412-4,,Pernambuco/Brazil,,,,,,,,,,,,,,,,,,,,,,,,,,,,,,,Small,,,,,,,,,,,,,,Coprophagous,,,,,,,,,,,Open environ. specialist,,,,,,,,,,,,,,,,,,,,,,,,,,,Dweller,,,,,,,,,,,,,,,,,,,,,,,,,,,,
"Trichillum externepunctatum Borre, 1880",,Ateuchini,https://doi.org/10.1649/0010-065X-73.3.693,Sao Domingos,Santa Catarina/Brazil,,,,,,,,,,,,,,,,,,,,,,,,,,,,,,,Small,,,,,,,,,,,,,,,,,,,,,,,,,,,,,,,,,,,,,,,,,,,,,,,,,,,,,,,,,,,,,,,,,,,,,,,,,,,,,,,,
"Trichillum externepunctatum Borre, 1880",,Ateuchini,https://doi.org/10.1371/journal.pone.0201368,,Bahia/Brazil,,,,,,,,,,,,,,,,,,,,,,,,,,,,,,,,,,,,,,,,,,,,,,,,,,,,,,,,Habitat gener,,,,,,,,,,,,,,,,,,,,,,,,,,,Dweller,,,,,,,,,,,,,,,,,,,,,,,,,,,,
"Trichillum externepunctatum Borre, 1880",,Ateuchini,https://doi.org/10.1590/1676-0611-BN-2023-1567,,Brazil,,,,,,,,,,,,,,,,,,,,,,,,,,,,,,,,,3,3.5,,,,,,‚Äì,,,,,,,,,,,,,,,,,,,,,,,,,,,,,,,,,,,,,,,,,,,,,,,,,,,,,,,,,,,,,,,,,,,,,,,
"Trichillum externepunctatum Borre, 1880",,Ateuchini,this study,,Sao Paulo/Brazil,,,,,,,,,,,,,,,,,,,,,1.00E-04,,,,,,,,,,Small,,,,,,,,,,,,,Nocturnal,Coprophagous,,,,,,,,,,,,,,,,,,,,,,,,,,,,,,,,,,,,,,Dweller,,,,,,,,,,,,,,,,,,,,,,,,,,,,
Trichillum sp.,,Ateuchini,https://doi.org/10.1007/s42690-021-00680-8,,Rio de Janeiro/Brazil,,,,,,,,,,,,,,,,,,,,,,,,,,,,,,,,,,,,,,,,,,,,,,,,,,,,,,,,,,,,,,,,,,,,,,,,,,,,,,,,,,,,,,,,,,,,,,,,,,,,,,,,,,,,,,,
Trichillum sp.,,Ateuchini,https://doi.org/10.1016/j.biocon.2023.109957,,Sao Paulo/Brazil,,,,,,,,,,,,,,,,,,,,,,,,,,,,,,,,,,,,,,,,,,,,,,,,,,,,,,,,Open environ. specialist,,,,,,,,,,,,,,,,,,,,,,,,,,,,,,,,,,,,,,,,,,,,,,,,,,,,,,,
Trichillum sp.1,,Ateuchini,https://doi.org/10.1673/031.011.0113,,Sao Paulo/Brazil,,,,,,,,,,,,,,,,,,,,,,,,,,,,,,,,3.55,,,0.201,,,,,,4.81,2.667,,,,,,,,,,,,,,,,,,,,,,,,,,,,,,,,,,,,,,,,,Dweller,,,,,,,,,,,,,,,,,,,,,,,,,,,,
Trichillum sp.1,,Ateuchini,this study,,Sao Paulo/Brazil,,,,,,,,,,,,,,,,,,,,,1.00E-04,,,,,,,,,,Small,,,,,,,,,,,,,Nocturnal,,,,,,,,,,,,,,,,,,,,,,,,,,,,,,,,,,,,,,,Tunneler,,,,,,,,,,,,,,,,,,,,,,,,,,,,
Uroxys aff. batesi,,Ateuchini,https://doi.org/10.1007/s10841-022-00412-4,,Pernambuco/Brazil,,,,,,,,,,,,,,,,,,,,,,,,,,,,,,,Large,,,,,,,,,,,,,,Coprophagous,,,,,,,,,,,Forest specialist,,,,,,,,,,,,,,,,,,,,,,,,,,,Tunneler,,,,,,,,,,,,,,,,,,,,,,,,,,,,
"Uroxys aterrima Harold, 1867",,Ateuchini,https://doi.org/10.1007/s42690-021-00680-8,,Rio de Janeiro/Brazil,,,,,,,,,,,,,,,,,,,,,,,,,,,,,,,,,,,,,,,,,,,,,,,,,,,,,,,,,,,,,,,,,,,,,,,,,,,,,,,,,,,Roller,,,,,,,,,,,,,,,,,,,,,,,,,,,,
"Uroxys aterrima Harold, 1867",,Ateuchini,https://doi.org/10.1673/031.011.0113,,Sao Paulo/Brazil,,,,,,,,,,,,,,,,,,,,,,,,,,,,,,,,8.59,,,0.907,,,,,,11.19,1.038,,Nocturnal,,,,,,,,,,,,,,,,,,,,,,,,,,,,,,,,,,,,,,,Tunneler,,,,,,,,,,,,,,,,,,,,,,,,,,,,
"Uroxys dilaticollis (Blanchard, 1845)",,Ateuchini,https://doi.org/10.1016/j.apsoil.2020.103652,,Misiones Province/Argentina,,,,,,,,,,,,,,,,,,,0.5,,,0.02,0,0.04,,,,,,,,,,,,,,,,,,,,,,,,,,,,,,,,,,,,,,,,,,,,,,,,,,,,,,,,,,,Tunneler,,,,,,,,,,,,,,,,,,,,,,,,,,,,
"Uroxys dilaticollis (Blanchard, 1845)",,Ateuchini,https://doi.org/10.1649/0010-065X-73.3.693,"Ipumirim, Sao Miguel do Oeste",Santa Catarina/Brazil,,,,,,,,,,,,,,,,,,,,,,,,,,,,,,,Small,,,,,,,,,,,,,,Coprophagous,,,,,,,,,,,,,,,,,,,,,,,,,,,,,,,,,,,,,,,,,,,,,,,,,,,,,,,,,,,,,,,,,,
"Uroxys dilaticollis (Blanchard, 1845)",,Ateuchini,https://doi.org/10.1371/journal.pone.0244783,,Santa Catarina/Brazil,,0.3,,,,,,,,,,,,,,,,,,0.024,,,,,,,,,,,,,,,,,,,,,,,,Nocturnal,Coprophagous,,,,,,,,0.3,,6.3,,,,,,,,,,,,,,,,,,,,,,,,,,,,Tunneler,,,,,,,,,,,,,,,,,,,,,,,,,,,,
"Uroxys dilaticollis (Blanchard, 1845)",Uroxys aff. dilaticollis,Ateuchini,https://doi.org/10.1590/S0073-47212012000200012,,Rio Grande do Sul/Brazil,,,,,,,,,,,,,,,,,,,,,,,,,,,,,,,,,,,,,,,,,,,,,,,,,,,,,,,,,,,,,,,,,,,,,,,,,,,,,,,,,,rare,Tunneler,,narrow,,,,,,,,,,,,,,,,,,,,,,,,,,
"Uroxys kratochvili Balthasar, 1940",,Ateuchini,https://doi.org/10.1673/031.011.0113,,Sao Paulo/Brazil,,,,,,,,,,,,,,,,,,,,,,,,,,,,,,,,3.93,,,0.223,,,,,,5.27,0.288,,Nocturnal,,,,,,,,,,,,,,,,,,,,,,,,,2.3,,,,,,,,,,,,,,Tunneler,,,,,,,,,,,,,,,,,,,,,,,,,,,2.7,
"Uroxys lata Arrow, 1933",,Ateuchini,https://doi.org/10.1673/031.011.0113,,Sao Paulo/Brazil,,,,,,,,,,,,,,,,,,,,,,,,,,,,,,,,4.51,,,0.258,,,,,,6.08,0.322,,Nocturnal,,,,,,,,,,,,,,,,,,,,,,,,,,,,,,,,,,,,,,,,,,,,,,,,,,,,,,,,,,,,,,,,,,,
Uroxys sp.,,Ateuchini,https://doi.org/10.1016/j.biocon.2013.11.023,,Bahia/Brazil,,,,,,,,,,,,,,,,,,,,0.00196,,,,,,,,,,,,,,,,,,,,,,,,Nocturnal,Coprophagous,,,,,,,,,,,Forest specialist,,,,,,,,,,,,,,,,,,,,,,,,,,,,,,,,,,,,,,,,,,,,,,,,,,,,,,,
Uroxys sp.,,Ateuchini,https://doi.org/10.1002/eap.1562,,Bahia/Brazil,,,,,,,,,,,,,,,,,,,,,,,,,,,,,,,Small,,,,,,,,,,,,,Nocturnal,Coprophagous,,,,,,,,,,,,,,,,,,,,,,,,,,,,,,,,,,,,,,,,,,,,,,,,,,,,,,,,,,,,,,,,,,
Uroxys sp.,,Ateuchini,https://doi.org/10.1093/ee/nvx091,,Santa Catarina/Brazil,,,,,,,,,,,,,,,,,,,,0.006,,,,,0.002,,,,,,,2,,,0.1,,,,,,,,,,,,,,,,,,,,,,,,,,,,,,,,,,,,,,,,,,,,,,,,,,,,,,,,,,,,,,,,,,,,,,,,,,,,
Uroxys sp.,,Ateuchini,https://doi.org/10.1590/S0085-56262013000100008,,Santa Catarina/Brazil,,,,,,,,,,,,,,,,,,,,0.007,,,,,,,,,,,Small,,,,,,,,,,,,,,Generalist,,,,,,,,,,,,,,,,,,,,,,,,,,,,,,,,,,,,,,Tunneler,,,,,,,,,,,,,,,,,,,,,,,,,,,,
Uroxys sp.,,Ateuchini,https://doi.org/10.1007/s10841-022-00412-4,,Pernambuco/Brazil,,,,,,,,,,,,,,,,,,,,,,,,,,,,,,,Small,,,,,,,,,,,,,,Coprophagous,,,,,,,,,,,Habitat gener,,,,,,,,,,,,,,,,,,,,,,,,,,,Tunneler,,,,,,,,,,,,,,,,,,,,,,,,,,,,
Uroxys sp.1,,Ateuchini,https://doi.org/10.1007/s42690-021-00680-8,,Rio de Janeiro/Brazil,,,,,,,,,,,,,,,,,,,,,,,,,,,,,,,,,,,,,,,,,,,,,,,,,,,,,,,,,,,,,,,,,,,,,,,,,,,,,,,,,,,,,,,,,,,,,,,,,,,,,,,,,,,,,,,
Uroxys sp.1,,Ateuchini,https://doi.org/10.1016/j.biocon.2023.109957,,Sao Paulo/Brazil,,,,,,,,,,,,,,,,,,,,,,,,,,,,,,,,,,,,,,,,,,,,,,,,,,,,,,,,Forest gener,,,,,,,,,,,,,,,,,,,,,,,,,,,Tunneler,,,,,,,,,,,,,,,,,,,,,,,,,,,,
Uroxys sp.1,,Ateuchini,https://doi.org/10.1673/031.011.0113,,Sao Paulo/Brazil,,,,,,,,,,,,,,,,,,,,,,,,,,,,,,,,2.74,,,0.175,,,,,,3.65,0.204,,Nocturnal,,,,,,,,,,,,,,,,,,,,,,,,,,,,,,,,,,,,,,,,,,,,,,,,,,,,,,,,,,,,,,,,,,,
Uroxys sp.1,,Ateuchini,https://doi.org/10.1649/0010-065X-73.3.693,"Ipumirim, Campos Novos",Santa Catarina/Brazil,,,,,,,,,,,,,,,,,,,,,,,,,,,,,,,,,,,,,,,,,,,,,Coprophagous,,,,,,,,,,,,,,,,,,,,,,,,,,,,,,,,,,,,,,,,,,,,,,,,,,,,,,,,,,,,,,,,,,
Uroxys sp.1,,Ateuchini,https://doi.org/10.1111/btp.12418,,Sao Paulo/Brazil,,,,,,,,,,,,,,,,,,,,,,,,,,,,,,,,5.55,,,0.57,,,,,,,,,,,,,,,,,,,,,,,,,,,,,,,,,,,,,,,,,,,,,,,common,Tunneler,,intermediate,,,,,,,,,,,,,,,,,,,,,,,,,,
Uroxys sp.1,,Ateuchini,https://doi.org/10.1371/journal.pone.0244783,,Santa Catarina/Brazil,,0.2,,,,,,,,,,,,,,,,,,0.003,,,,,,,,,,,,,,,,,,,,,,,,Nocturnal,Coprophagous,,,,,,,,0.2,,2,,,,,,,,,,,,,,,,,0.41,5.42,,,,,,,,,,unknown,,,,,,,,,,,,,,,,,,,,,,,,,,,,
Uroxys sp.1,,Ateuchini,https://doi.org/10.1111/ddi.12785,,Santa Catarina/Brazil,,,,,,,,,,,,,,,,,,,,0.005,,,,,,,,,,,,,,,,,,,,,,,,Nocturnal,Generalist,,,,,,,,,,,,,,,,,,,,,,,,,,,,,,,,,,,,,,,,,,,,,,,,,,,,,,,,,,,,,,,,,,
Uroxys sp.1,,Ateuchini,https://doi.org/10.1016/j.ecolind.2020.106534,,Bahia/Brazil,,,,,,,,,,,,,,,,,,,,,,,,,,,,,,,,3.04,,,,,,,,,,,,,,,,,,,,,,,,,,,,,,,,,,,,,1.8,,,,,,,,,,,,,,,,,,,,,,,,,,,,,,,,,,,,,,,,,2.7,
Uroxys sp.2,,Ateuchini,https://doi.org/10.1007/s42690-021-00680-8,,Rio de Janeiro/Brazil,,,,,,,,,,,,,,,,,,,,,,,,,,,,,,,,,,,,,,,,,,,,,,,,,,,,,,,,,,,,,,,,,,,,,,,,,,,,,,,,,,,,,,,,,,,,,,,,,,,,,,,,,,,,,,,
Uroxys sp.2,,Ateuchini,https://doi.org/10.1016/j.biocon.2023.109957,,Sao Paulo/Brazil,,,,,,,,,,,,,,,,,,,,,,,,,,,,,,,,,,,,,,,,,,,,,,,,,,,,,,,,Forest gener,,,,,,,,,,0.74,,,,,,,,,,,,,,,0.1,,Tunneler,,,,,,,,,,,,,,,,,,,,,,,,,,,,
Uroxys sp.2,,Ateuchini,https://doi.org/10.1673/031.011.0113,,Sao Paulo/Brazil,,,,,,,,,,,,,,,,,,,,,,,,,,,,,,,,4.09,,,0.229,,,,,,5.44,0.251,,Nocturnal,,,,,,,,,,,,,,,,,,,,,,,,,,,,,,,,,,,,,,,Tunneler,,,,,,,,,,,,,,,,,,,,,,,,,,,,
Uroxys sp.2,,Ateuchini,https://doi.org/10.1649/0010-065X-73.3.693,"Sao Domingos, Brusque, Santo Amaro da Imperatriz, Florianopolis - Desterro, Florianopolis - Lagoa do Peri",Santa Catarina/Brazil,,,,,,,,,,,,,,,,,,,,,,,,,,,,,,,Small,,,,,,,,,,,,,,Generalist,,,,,,,,,,,,,,,,,,,,,,,,,,,,,,,,,,,,,,,,,,,,,,,,,,,,,,,,,,,,,,,,,,
Uroxys sp.2,,Ateuchini,https://doi.org/10.1111/btp.12418,,Sao Paulo/Brazil,,,,,,,,,,,,,,,,,,,,,,,,,,,,,,,,4.04,,,0.61,,,,,,,,,,,,,,,,,,,,,,,,,,,,,,,,,,,,,,,,,,,,,,,,,,,,,,,,,,,,,,,,,,,,,,,,,,,,
Uroxys sp.2,,Ateuchini,https://doi.org/10.1371/journal.pone.0244783,,Santa Catarina/Brazil,,0.3,,,,,,,,,,,,,,,,,,0.002,,,,,,,,,,,,,,,,,,,,,,,,Nocturnal,Coprophagous,,,,,,,,0.3,,1.9,,,,,,,,,,,,,,,,,,,,,,,,,,,rare,,,large,,,,,,,,,,,,,,,,,,,,,,,,,,
Uroxys sp.2,,Ateuchini,https://doi.org/10.1111/ddi.12785,,Santa Catarina/Brazil,,,,,,,,,,,,,,,,,,,,0.002,,,,,,,,,,,,,,,,,,,,,,,,Nocturnal,Generalist,,,,,,,,,,,,,,,,,,,,,,,,,,,8.69,1.16,,,,,,,,,,unknown,,,,,,,,,,,,,,,,,,,,,,,,,,,,
Uroxys sp.3,,Ateuchini,https://doi.org/10.1007/s42690-021-00680-8,,Rio de Janeiro/Brazil,,,,,,,,,,,,,,,,,,,,,,,,,,,,,,,,,,,,,,,,,,,,,,,,,,,,,,,,,,,,,,,,,,,,,2.8,,,,,,,,,,,,,,,,,,,,,,,,,,,,,,,,,,,,,,,,,2.7,
Uroxys sp.3,,Ateuchini,https://doi.org/10.1016/j.biocon.2023.109957,,Sao Paulo/Brazil,,,,,,,,,,,,,,,,,,,,,,,,,,,,,,,,,,,,,,,,,,,,,,,,,,,,,,,,Forest gener,,,,,,,,,,,,,,,,,,,,,,,,,,,,,,,,,,,,,,,,,,,,,,,,,,,,,,,
Uroxys sp.3,,Ateuchini,https://doi.org/10.1649/0010-065X-73.3.693,Florianopolis - Desterro,Santa Catarina/Brazil,,,,,,,,,,,,,,,,,,,,,,,,,,,,,,,Small,,,,,,,,,,,,,,,,,,,,,,,,,,,,,,,,,,,,,,,,,,,,,,,,,,,,Tunneler,,,,,,,,,,,,,,,,,,,,,,,,,,,,
Uroxys sp.3,,Ateuchini,https://doi.org/10.1111/btp.12418,,Sao Paulo/Brazil,,,,,,,,,,,,,,,,,,,,,,,,,,,,,,,,3.87,,,1.18,,,,,,,,,,,,,,,,,,,,,,,,,,,,,,,,,,,,,,,,,,,,,,,,,,,,,,,,,,,,,,,,,,,,,,,,,,,,
Uroxys sp.3,,Ateuchini,this study,,Sao Paulo/Brazil,,,,,,,,,,,,,,,,,,,,,0.00087,,,,,,,,,,Small,,,,,,,,,,,,,Nocturnal,Coprophagous,,,,,,,,,,,,,,,,,,,,,,,,,,,,,,,,,,,,,,Dweller/Tunneler,,,,,,,,,,,,,,,,,,,,,,,,,,,,
Uroxys sp.4,,Ateuchini,https://doi.org/10.1007/s42690-021-00680-8,,Rio de Janeiro/Brazil,,,,,,,,,,,,,,,,,,,,,,,,,,,,,,,,,,,,,,,,,,,,,,,,,,,,,,,,,,,,,,,,,,,,,,,,,,,,,,,,,,rare,,,narrow,,,,,,,,,,,,,,,,,,,,,,,,,,
Uroxys sp.4,,Ateuchini,https://doi.org/10.1016/j.biocon.2023.109957,,Sao Paulo/Brazil,,,,,,,,,,,,,,,,,,,,,,,,,,,,,,,,,,,,,,,,,,,,,,,,,,,,,,,,Forest gener,,,,,,,,,,,,,,,,7.11,0.58,,,,,,,,,,unknown,,,,,,,,,,,,,,,,,,,,,,,,,,,,
Uroxys sp.4,,Ateuchini,https://doi.org/10.1649/0010-065X-73.3.693,Monte Castelo,Santa Catarina/Brazil,,,,,,,,,,,,,,,,,,,,,,,,,,,,,,,Small,,,,,,,,,,,,,,,,,,,,,,,,,,,,,,,,,,,,,,,,,,,,,,,,,,,,Tunneler,,,,,,,,,,,,,,,,,,,,,,,,,,,,
Uroxys sp.4,,Ateuchini,https://doi.org/10.1111/btp.12418,,Sao Paulo/Brazil,,,,,,,,,,,,,,,,,,,,,,,,,,,,,,,,4.3,,,0.26,,,,,,,,,,,,,,,,,,,,,,,,,,,,,,,,,,,,,,,,,,,,,,,,,,,,,,,,,,,,,,,,,,,,,,,,,,,,
Uroxys sp.4,,Ateuchini,this study,,Sao Paulo/Brazil,,,,,,,,,,,,,,,,,,,,,1.00E-04,,,,,,,,,,Small,,,,,,,,,,,,,Nocturnal,Coprophagous,,,,,,,,,,,,,,,,,,,,,,,,,,,,,,,,,,,,,,Dweller/Tunneler,,,,,,,,,,,,,,,,,,,,,,,,,,,,
Uroxys sp.5,,Ateuchini,https://doi.org/10.1649/0010-065X-73.3.693,Monte Castelo,Santa Catarina/Brazil,,,,,,,,,,,,,,,,,,,,,,,,,,,,,,,Small,,,,,,,,,,,,,,,,,,,,,,,,,,,,,,,,,,,,,,,,,,,,,,,,,,,rare,,,narrow,,,,,,,,,,,,,,,,,,,,,,,,,,
Uroxys sp.5,,Ateuchini,https://doi.org/10.1111/btp.12418,,Sao Paulo/Brazil,,,,,,,,,,,,,,,,,,,,,,,,,,,,,,,,5.7,,,0.77,,,,,,,,,,,,,,,,,,,,,,,,,,,,,,,,,,,,,1.48,0,,,,,,,,,,unknown,,,,,,,,,,,,,,,,,,,,,,,,,,,,
Uroxys sp.5,,Ateuchini,this study,,Sao Paulo/Brazil,,,,,,,,,,,,,,,,,,,,,0.007,,,,,,,,,,Small,,,,,,,,,,,,,Nocturnal,Coprophagous,,,,,,,,,,,,,,,,,,,,,,,,,,,,,,,,,,,,,,Dweller/Tunneler,,,,,,,,,,,,,,,,,,,,,,,,,,,,
Uroxys sp.6,,Ateuchini,https://doi.org/10.1649/0010-065X-73.3.693,"Antonio Carlos, Sao Pedro de Alcantara, Urubici",Santa Catarina/Brazil,,,,,,,,,,,,,,,,,,,,,,,,,,,,,,,Small,,,,,,,,,,,,,,,,,,,,,,,,,,,,,,,,,,,,,,,,,,,,,,,,,,,rare,,,narrow,,,,,,,,,,,,,,,,,,,,,,,,,,
Uroxys sp.6,,Ateuchini,https://doi.org/10.1111/btp.12418,,Sao Paulo/Brazil,,,,,,,,,,,,,,,,,,,,,,,,,,,,,,,,5.89,,,1.33,,,,,,,,,,,,,,,,,,,,,,,,,,,,,,,,,,,,,0.2,3.1,,,,,,,,,,unknown,,,,,,,,,,,,,,,,,,,,,,,,,,,,
Uroxys sp.6,,Ateuchini,this study,Joanopolis,Sao Paulo/Brazil,,,,,,,,,,,,,,,,,,,,,0.00318,,,,,,,,,,Small,,,,,,,,,,,,DM200,Nocturnal,Coprophagous,,,,,,,,,,,,,,,,,,,,,,,,,,,,,,,,,,,,,,Dweller/Tunneler,,,,,,,,,,,,,,,,,,,,,12.591,10.79783973,11.27858809,5.83,0.000252561,0.000259515,,2.625
Uroxys sp.6,,Ateuchini,this study,Joanopolis,Sao Paulo/Brazil,,,,,,,,,,,,,,,,,,,,,0.00318,,,,,,,,,,Small,,,,,,,,,,,,DM199,Nocturnal,Coprophagous,,,,,,,,,,,,,,,,,,,,,,,,,,,,,,,,,,,,,,Dweller/Tunneler,,,,,,,,,,,,,,,,,,,,,12.457,11.57518375,11.27858809,6.004,0.000255278,0.000259515,,2.516
Uroxys sp.6,,Ateuchini,this study,Joanopolis,Sao Paulo/Brazil,,,,,,,,,,,,,,,,,,,,,0.00318,,,,,,,,,,Small,,,,,,,,,,,,DM198,Nocturnal,Coprophagous,,,,,,,,,,,,,,,,,,,,,,,,,,,,,,,,,,,,,,Dweller/Tunneler,,,,,,,,,,,,,,,,,,,,,11.747,11.46274078,11.27858809,5.802,0.000270707,0.000259515,,2.537
Uroxys sp.7,,Ateuchini,https://doi.org/10.1649/0010-065X-73.3.693,Antonio Carlos,Santa Catarina/Brazil,,,,,,,,,,,,,,,,,,,,,,,,,,,,,,,Small,,,,,,,,,,,,,,,,,,,,,,,,,,,,,,,,,,,,,,,,,,,,,,,,,,,rare,,,narrow,,,,,,,,,,,,,,,,,,,,,,,,,,
Uroxys sp.7,,Ateuchini,this study,Atibaia,Sao Paulo/Brazil,,,,,,,,,,,,,,,,,,,,,0.00635,,,,,,,,,,Small,,,,,,,,,,,,DM201,Nocturnal,Coprophagous,,,,,,,,,,,,,,,,,,,,,,,,,,,0.2,27.32,,,,,,,,,,unknown,,,,,,,,,,,,,,,,,,,,,,,,,,,,
"Uroxys terminalis Waterhouse, 1891",Uroxys aff. terminalis,Ateuchini,https://doi.org/10.1590/S0085-56262013000100008,,Santa Catarina/Brazil,,,,,,,,,,,,,,,,,,,,0.008,,,,,,,,,,,Small,,,,,,,,,,,,,,Generalist,,,,,,,,,,,,,,,,,,,,,,,,,,,,,,,,,,,,,,Dweller/Tunneler,,,,,,,,,,,,,,,,,,,,,18.861,12.8697524,12.8697524,7.79,0.000336674,0.000336674,,3.079
"Uroxys terminalis Waterhouse, 1891",,Ateuchini,https://doi.org/10.1649/0010-065X-73.3.693,Campos Novos,Santa Catarina/Brazil,,,,,,,,,,,,,,,,,,,,,,,,,,,,,,,Small,,,,,,,,,,,,,Nocturnal,Coprophagous,,,,,,,,,,,,,,,,,,,,,,,,,,,,,,,,,,,,,rare,,,narrow,,,,,,,,,,,,,,,,,,,,,,,,,,
"Uroxys terminalis Waterhouse, 1891",Uroxys aff. terminalis,Ateuchini,https://doi.org/10.1590/S0001-37652013005000033,,Rio Grande do Sul/Brazil,,,,,,,,,,,,,,,,,,,,,,,,,,,,,,,,,,,,,,,,,,,,,,,,,,,,,,,,,,,,,,,,,,,,,,,,,,,,,,,,,,common,Tunneler,,narrow,,,,,,,,,,,,,,,,,,,,,,,,,,
"Uroxys terminalis Waterhouse, 1891",,Ateuchini,https://doi.org/10.1111/aec.12675,,Santa Catarina/Brazil,,,,,,,,,,,,,,,,,,,,,,,,,,,,,,,Small,,,,,,,,,,,,,Nocturnal,,,,,,,,,,,,,,,,,,,,,,,,,,,,,,,,,,,,,,,Tunneler,,,,,,,,,,,,,,,,,,,,,,,,,,,,